2.573786893446723401e+00
2.626313156578289121e+00
2.713856928464231988e+00
2.941470735367683442e+00
3.466733366683341533e+00
3.904452226113056756e+00
4.027013506753376326e+00
4.027013506753376326e+00
3.991995997998999623e+00
3.939469734867433459e+00
3.869434717358679165e+00
3.816908454227113445e+00
3.746873436718359596e+00
3.694347173586792987e+00
3.624312156078039138e+00
3.571785892946473862e+00
3.501750875437719124e+00
3.449224612306152959e+00
3.396698349174587683e+00
3.344172086043021519e+00
3.291645822911455355e+00
3.239119559779890078e+00
3.186593296648323914e+00
3.151575787893947211e+00
3.099049524762381047e+00
3.046523261630815771e+00
3.011505752876438180e+00
2.976488244122061033e+00
2.923961980990494869e+00
2.888944472236118166e+00
2.853926963481740575e+00
2.818909454727364317e+00
2.783891945972986726e+00
2.748874437218609135e+00
2.713856928464231988e+00
2.678839419709855285e+00
2.661330665332666712e+00
2.626313156578289121e+00
2.608804402201100547e+00
2.573786893446723401e+00
2.556278139069535271e+00
2.521260630315157680e+00
2.503751875937968663e+00
2.486243121560780533e+00
2.451225612806403387e+00
2.433716858429214369e+00
2.416208104052026240e+00
2.398699349674837222e+00
2.363681840920460520e+00
2.346173086543271946e+00
2.328664332166082929e+00
2.328664332166082929e+00
2.328664332166082929e+00
2.328664332166082929e+00
2.328664332166082929e+00
2.328664332166082929e+00
2.328664332166082929e+00
2.328664332166082929e+00
2.328664332166082929e+00
2.328664332166082929e+00
2.328664332166082929e+00
2.328664332166082929e+00
2.311155577788894355e+00
2.311155577788894355e+00
2.311155577788894355e+00
2.311155577788894355e+00
2.311155577788894355e+00
2.311155577788894355e+00
2.311155577788894355e+00
2.311155577788894355e+00
2.311155577788894355e+00
2.311155577788894355e+00
2.311155577788894355e+00
2.311155577788894355e+00
2.293646823411706226e+00
2.293646823411706226e+00
2.293646823411706226e+00
2.293646823411706226e+00
2.293646823411706226e+00
2.293646823411706226e+00
2.293646823411706226e+00
2.293646823411706226e+00
2.293646823411706226e+00
2.293646823411706226e+00
2.293646823411706226e+00
2.293646823411706226e+00
2.293646823411706226e+00
2.276138069034517208e+00
2.276138069034517208e+00
2.276138069034517208e+00
2.276138069034517208e+00
2.276138069034517208e+00
2.276138069034517208e+00
2.276138069034517208e+00
2.276138069034517208e+00
2.276138069034517208e+00
2.276138069034517208e+00
2.276138069034517208e+00
2.276138069034517208e+00
2.276138069034517208e+00
2.276138069034517208e+00
2.276138069034517208e+00
2.276138069034517208e+00
2.276138069034517208e+00
2.276138069034517208e+00
2.276138069034517208e+00
2.276138069034517208e+00
2.276138069034517208e+00
2.276138069034517208e+00
2.276138069034517208e+00
2.276138069034517208e+00
2.276138069034517208e+00
2.276138069034517208e+00
2.276138069034517208e+00
2.276138069034517208e+00
2.276138069034517208e+00
2.276138069034517208e+00
2.276138069034517208e+00
2.276138069034517208e+00
2.276138069034517208e+00
2.276138069034517208e+00
2.276138069034517208e+00
2.293646823411706226e+00
2.293646823411706226e+00
2.293646823411706226e+00
2.293646823411706226e+00
2.293646823411706226e+00
2.293646823411706226e+00
2.311155577788894355e+00
2.311155577788894355e+00
2.311155577788894355e+00
2.311155577788894355e+00
2.328664332166082929e+00
2.328664332166082929e+00
2.328664332166082929e+00
2.328664332166082929e+00
2.328664332166082929e+00
2.346173086543271946e+00
2.346173086543271946e+00
2.346173086543271946e+00
2.346173086543271946e+00
2.346173086543271946e+00
2.346173086543271946e+00
2.363681840920460520e+00
2.363681840920460520e+00
2.363681840920460520e+00
2.363681840920460520e+00
2.381190595297649093e+00
2.381190595297649093e+00
2.381190595297649093e+00
2.381190595297649093e+00
2.381190595297649093e+00
2.398699349674837222e+00
2.398699349674837222e+00
2.398699349674837222e+00
2.398699349674837222e+00
2.416208104052026240e+00
2.416208104052026240e+00
2.416208104052026240e+00
2.416208104052026240e+00
2.416208104052026240e+00
2.416208104052026240e+00
2.416208104052026240e+00
2.416208104052026240e+00
2.433716858429214369e+00
2.433716858429214369e+00
2.433716858429214369e+00
2.433716858429214369e+00
2.433716858429214369e+00
2.433716858429214369e+00
2.433716858429214369e+00
2.433716858429214369e+00
2.433716858429214369e+00
2.433716858429214369e+00
2.433716858429214369e+00
2.433716858429214369e+00
2.433716858429214369e+00
2.433716858429214369e+00
2.451225612806403387e+00
2.433716858429214369e+00
2.433716858429214369e+00
2.433716858429214369e+00
2.433716858429214369e+00
2.433716858429214369e+00
2.433716858429214369e+00
2.433716858429214369e+00
2.433716858429214369e+00
2.433716858429214369e+00
2.433716858429214369e+00
2.433716858429214369e+00
2.433716858429214369e+00
2.433716858429214369e+00
2.433716858429214369e+00
2.433716858429214369e+00
2.416208104052026240e+00
2.416208104052026240e+00
2.416208104052026240e+00
2.416208104052026240e+00
2.416208104052026240e+00
2.416208104052026240e+00
2.416208104052026240e+00
2.416208104052026240e+00
2.416208104052026240e+00
2.416208104052026240e+00
2.416208104052026240e+00
2.416208104052026240e+00
2.416208104052026240e+00
2.416208104052026240e+00
2.416208104052026240e+00
2.416208104052026240e+00
2.416208104052026240e+00
2.416208104052026240e+00
2.416208104052026240e+00
2.416208104052026240e+00
2.416208104052026240e+00
2.416208104052026240e+00
2.416208104052026240e+00
2.416208104052026240e+00
2.398699349674837222e+00
2.398699349674837222e+00
2.398699349674837222e+00
2.398699349674837222e+00
2.398699349674837222e+00
2.398699349674837222e+00
2.398699349674837222e+00
2.398699349674837222e+00
2.398699349674837222e+00
2.416208104052026240e+00
2.416208104052026240e+00
2.416208104052026240e+00
2.416208104052026240e+00
2.433716858429214369e+00
2.433716858429214369e+00
2.433716858429214369e+00
2.451225612806403387e+00
2.451225612806403387e+00
2.451225612806403387e+00
2.468734367183591960e+00
2.468734367183591960e+00
2.468734367183591960e+00
2.468734367183591960e+00
2.486243121560780533e+00
2.486243121560780533e+00
2.486243121560780533e+00
2.486243121560780533e+00
2.503751875937968663e+00
2.503751875937968663e+00
2.503751875937968663e+00
2.503751875937968663e+00
2.521260630315157680e+00
2.521260630315157680e+00
2.521260630315157680e+00
2.538769384692346254e+00
2.538769384692346254e+00
2.538769384692346254e+00
2.556278139069535271e+00
2.556278139069535271e+00
2.556278139069535271e+00
2.573786893446723401e+00
2.573786893446723401e+00
2.573786893446723401e+00
2.591295647823911974e+00
2.608804402201100547e+00
2.608804402201100547e+00
2.626313156578289121e+00
2.643821910955478138e+00
2.661330665332666712e+00
2.661330665332666712e+00
2.678839419709855285e+00
2.696348174087043414e+00
2.713856928464231988e+00
2.731365682841421005e+00
2.748874437218609135e+00
2.766383191595797708e+00
2.766383191595797708e+00
2.783891945972986726e+00
2.801400700350175299e+00
2.818909454727364317e+00
2.818909454727364317e+00
2.818909454727364317e+00
2.836418209104552002e+00
2.836418209104552002e+00
2.836418209104552002e+00
2.836418209104552002e+00
2.836418209104552002e+00
2.818909454727364317e+00
2.818909454727364317e+00
2.818909454727364317e+00
2.818909454727364317e+00
2.818909454727364317e+00
2.836418209104552002e+00
2.836418209104552002e+00
2.853926963481740575e+00
2.871435717858929593e+00
2.888944472236118166e+00
2.906453226613307184e+00
2.923961980990494869e+00
2.941470735367683442e+00
2.976488244122061033e+00
3.011505752876438180e+00
3.064032016008003900e+00
3.099049524762381047e+00
3.134067033516758638e+00
3.169084542271136229e+00
3.204102051025512488e+00
3.221610805402701505e+00
3.256628314157078652e+00
3.274137068534267225e+00
3.344172086043021519e+00
3.379189594797398666e+00
3.414207103551776257e+00
3.449224612306152959e+00
3.501750875437719124e+00
3.554277138569284400e+00
3.589294647323661991e+00
3.624312156078039138e+00
3.641820910455227711e+00
3.641820910455227711e+00
3.641820910455227711e+00
3.624312156078039138e+00
3.641820910455227711e+00
3.624312156078039138e+00
3.606803401700850120e+00
3.589294647323661991e+00
3.571785892946473862e+00
3.571785892946473862e+00
3.571785892946473862e+00
3.571785892946473862e+00
3.571785892946473862e+00
3.554277138569284400e+00
3.536768384192096271e+00
3.519259629814907253e+00
3.501750875437719124e+00
3.466733366683341533e+00
3.414207103551776257e+00
3.344172086043021519e+00
3.256628314157078652e+00
3.151575787893947211e+00
3.064032016008003900e+00
2.958979489744872460e+00
2.871435717858929593e+00
2.801400700350175299e+00
2.766383191595797708e+00
2.731365682841421005e+00
2.696348174087043414e+00
2.678839419709855285e+00
2.678839419709855285e+00
2.661330665332666712e+00
2.661330665332666712e+00
2.661330665332666712e+00
2.661330665332666712e+00
2.661330665332666712e+00
2.661330665332666712e+00
2.661330665332666712e+00
2.678839419709855285e+00
2.696348174087043414e+00
2.696348174087043414e+00
2.713856928464231988e+00
2.731365682841421005e+00
2.766383191595797708e+00
2.783891945972986726e+00
2.801400700350175299e+00
2.836418209104552002e+00
2.871435717858929593e+00
2.906453226613307184e+00
2.941470735367683442e+00
2.976488244122061033e+00
3.011505752876438180e+00
3.064032016008003900e+00
3.099049524762381047e+00
3.151575787893947211e+00
3.204102051025512488e+00
3.256628314157078652e+00
3.291645822911455355e+00
3.344172086043021519e+00
3.396698349174587683e+00
3.449224612306152959e+00
3.484242121060530550e+00
3.519259629814907253e+00
3.554277138569284400e+00
3.589294647323661991e+00
3.606803401700850120e+00
3.641820910455227711e+00
3.659329664832416729e+00
3.676838419209605302e+00
3.694347173586792987e+00
3.694347173586792987e+00
3.694347173586792987e+00
3.694347173586792987e+00
3.694347173586792987e+00
3.694347173586792987e+00
3.676838419209605302e+00
3.659329664832416729e+00
3.641820910455227711e+00
3.606803401700850120e+00
3.571785892946473862e+00
3.536768384192096271e+00
3.484242121060530550e+00
3.431715857928964830e+00
3.379189594797398666e+00
3.344172086043021519e+00
3.291645822911455355e+00
3.221610805402701505e+00
3.169084542271136229e+00
3.099049524762381047e+00
3.046523261630815771e+00
2.993996998499250051e+00
2.958979489744872460e+00
2.906453226613307184e+00
2.871435717858929593e+00
2.836418209104552002e+00
2.801400700350175299e+00
2.783891945972986726e+00
2.748874437218609135e+00
2.731365682841421005e+00
2.713856928464231988e+00
2.696348174087043414e+00
2.678839419709855285e+00
2.661330665332666712e+00
2.661330665332666712e+00
2.643821910955478138e+00
2.626313156578289121e+00
2.626313156578289121e+00
2.608804402201100547e+00
2.608804402201100547e+00
2.591295647823911974e+00
2.591295647823911974e+00
2.573786893446723401e+00
2.573786893446723401e+00
2.573786893446723401e+00
2.556278139069535271e+00
2.556278139069535271e+00
2.556278139069535271e+00
2.538769384692346254e+00
2.538769384692346254e+00
2.538769384692346254e+00
2.521260630315157680e+00
2.521260630315157680e+00
2.521260630315157680e+00
2.521260630315157680e+00
2.521260630315157680e+00
2.503751875937968663e+00
2.503751875937968663e+00
2.503751875937968663e+00
2.503751875937968663e+00
2.486243121560780533e+00
2.486243121560780533e+00
2.486243121560780533e+00
2.486243121560780533e+00
2.468734367183591960e+00
2.468734367183591960e+00
2.468734367183591960e+00
2.468734367183591960e+00
2.451225612806403387e+00
2.451225612806403387e+00
2.451225612806403387e+00
2.451225612806403387e+00
2.433716858429214369e+00
2.433716858429214369e+00
2.433716858429214369e+00
2.433716858429214369e+00
2.416208104052026240e+00
2.416208104052026240e+00
2.416208104052026240e+00
2.416208104052026240e+00
2.416208104052026240e+00
2.416208104052026240e+00
2.398699349674837222e+00
2.398699349674837222e+00
2.398699349674837222e+00
2.398699349674837222e+00
2.398699349674837222e+00
2.398699349674837222e+00
2.398699349674837222e+00
2.398699349674837222e+00
2.398699349674837222e+00
2.381190595297649093e+00
2.381190595297649093e+00
2.381190595297649093e+00
2.381190595297649093e+00
2.381190595297649093e+00
2.381190595297649093e+00
2.381190595297649093e+00
2.381190595297649093e+00
2.381190595297649093e+00
2.381190595297649093e+00
2.381190595297649093e+00
2.381190595297649093e+00
2.381190595297649093e+00
2.381190595297649093e+00
2.381190595297649093e+00
2.381190595297649093e+00
2.381190595297649093e+00
2.381190595297649093e+00
2.381190595297649093e+00
2.381190595297649093e+00
2.381190595297649093e+00
2.381190595297649093e+00
2.381190595297649093e+00
2.381190595297649093e+00
2.381190595297649093e+00
2.381190595297649093e+00
2.381190595297649093e+00
2.381190595297649093e+00
2.381190595297649093e+00
2.381190595297649093e+00
2.381190595297649093e+00
2.381190595297649093e+00
2.381190595297649093e+00
2.381190595297649093e+00
2.381190595297649093e+00
2.381190595297649093e+00
2.363681840920460520e+00
2.363681840920460520e+00
2.363681840920460520e+00
2.363681840920460520e+00
2.363681840920460520e+00
2.363681840920460520e+00
2.363681840920460520e+00
2.363681840920460520e+00
2.363681840920460520e+00
2.363681840920460520e+00
2.363681840920460520e+00
2.363681840920460520e+00
2.363681840920460520e+00
2.363681840920460520e+00
2.363681840920460520e+00
2.363681840920460520e+00
2.363681840920460520e+00
2.363681840920460520e+00
2.363681840920460520e+00
2.363681840920460520e+00
2.346173086543271946e+00
2.346173086543271946e+00
2.346173086543271946e+00
2.346173086543271946e+00
2.346173086543271946e+00
2.346173086543271946e+00
2.346173086543271946e+00
2.346173086543271946e+00
2.346173086543271946e+00
2.328664332166082929e+00
2.328664332166082929e+00
2.328664332166082929e+00
2.328664332166082929e+00
2.328664332166082929e+00
2.328664332166082929e+00
2.328664332166082929e+00
2.311155577788894355e+00
2.311155577788894355e+00
2.311155577788894355e+00
2.311155577788894355e+00
2.311155577788894355e+00
2.311155577788894355e+00
2.293646823411706226e+00
2.293646823411706226e+00
2.293646823411706226e+00
2.293646823411706226e+00
2.293646823411706226e+00
2.293646823411706226e+00
2.276138069034517208e+00
2.276138069034517208e+00
2.276138069034517208e+00
2.276138069034517208e+00
2.276138069034517208e+00
2.276138069034517208e+00
2.276138069034517208e+00
2.276138069034517208e+00
2.276138069034517208e+00
2.258629314657328635e+00
2.258629314657328635e+00
2.258629314657328635e+00
2.258629314657328635e+00
2.258629314657328635e+00
2.258629314657328635e+00
2.258629314657328635e+00
2.258629314657328635e+00
2.258629314657328635e+00
2.258629314657328635e+00
2.258629314657328635e+00
2.258629314657328635e+00
2.258629314657328635e+00
2.258629314657328635e+00
2.258629314657328635e+00
2.258629314657328635e+00
2.258629314657328635e+00
2.258629314657328635e+00
2.258629314657328635e+00
2.276138069034517208e+00
2.276138069034517208e+00
2.276138069034517208e+00
2.276138069034517208e+00
2.276138069034517208e+00
2.276138069034517208e+00
2.276138069034517208e+00
2.276138069034517208e+00
2.276138069034517208e+00
2.276138069034517208e+00
2.276138069034517208e+00
2.276138069034517208e+00
2.276138069034517208e+00
2.276138069034517208e+00
2.276138069034517208e+00
2.276138069034517208e+00
2.293646823411706226e+00
2.293646823411706226e+00
2.293646823411706226e+00
2.293646823411706226e+00
2.293646823411706226e+00
2.293646823411706226e+00
2.293646823411706226e+00
2.293646823411706226e+00
2.311155577788894355e+00
2.311155577788894355e+00
2.311155577788894355e+00
2.311155577788894355e+00
2.311155577788894355e+00
2.311155577788894355e+00
2.311155577788894355e+00
2.311155577788894355e+00
2.311155577788894355e+00
2.311155577788894355e+00
2.311155577788894355e+00
2.328664332166082929e+00
2.328664332166082929e+00
2.328664332166082929e+00
2.328664332166082929e+00
2.328664332166082929e+00
2.328664332166082929e+00
2.328664332166082929e+00
2.328664332166082929e+00
2.328664332166082929e+00
2.328664332166082929e+00
2.328664332166082929e+00
2.328664332166082929e+00
2.328664332166082929e+00
2.328664332166082929e+00
2.328664332166082929e+00
2.328664332166082929e+00
2.328664332166082929e+00
2.328664332166082929e+00
2.328664332166082929e+00
2.346173086543271946e+00
2.346173086543271946e+00
2.346173086543271946e+00
2.346173086543271946e+00
2.346173086543271946e+00
2.346173086543271946e+00
2.346173086543271946e+00
2.346173086543271946e+00
2.346173086543271946e+00
2.346173086543271946e+00
2.346173086543271946e+00
2.346173086543271946e+00
2.346173086543271946e+00
2.346173086543271946e+00
2.346173086543271946e+00
2.346173086543271946e+00
2.346173086543271946e+00
2.346173086543271946e+00
2.346173086543271946e+00
2.346173086543271946e+00
2.346173086543271946e+00
2.346173086543271946e+00
2.346173086543271946e+00
2.346173086543271946e+00
2.346173086543271946e+00
2.346173086543271946e+00
2.346173086543271946e+00
2.346173086543271946e+00
2.346173086543271946e+00
2.346173086543271946e+00
2.346173086543271946e+00
2.346173086543271946e+00
2.346173086543271946e+00
2.346173086543271946e+00
2.346173086543271946e+00
2.346173086543271946e+00
2.346173086543271946e+00
2.346173086543271946e+00
2.346173086543271946e+00
2.346173086543271946e+00
2.346173086543271946e+00
2.346173086543271946e+00
2.346173086543271946e+00
2.346173086543271946e+00
2.346173086543271946e+00
2.346173086543271946e+00
2.346173086543271946e+00
2.346173086543271946e+00
2.346173086543271946e+00
2.346173086543271946e+00
2.346173086543271946e+00
2.346173086543271946e+00
2.346173086543271946e+00
2.346173086543271946e+00
2.346173086543271946e+00
2.363681840920460520e+00
2.363681840920460520e+00
2.363681840920460520e+00
2.363681840920460520e+00
2.363681840920460520e+00
2.363681840920460520e+00
2.363681840920460520e+00
2.363681840920460520e+00
2.363681840920460520e+00
2.363681840920460520e+00
2.363681840920460520e+00
2.363681840920460520e+00
2.363681840920460520e+00
2.381190595297649093e+00
2.381190595297649093e+00
2.381190595297649093e+00
2.381190595297649093e+00
2.381190595297649093e+00
2.381190595297649093e+00
2.381190595297649093e+00
2.381190595297649093e+00
2.398699349674837222e+00
2.398699349674837222e+00
2.398699349674837222e+00
2.398699349674837222e+00
2.398699349674837222e+00
2.398699349674837222e+00
2.398699349674837222e+00
2.416208104052026240e+00
2.416208104052026240e+00
2.416208104052026240e+00
2.416208104052026240e+00
2.416208104052026240e+00
2.416208104052026240e+00
2.416208104052026240e+00
2.433716858429214369e+00
2.433716858429214369e+00
2.433716858429214369e+00
2.433716858429214369e+00
2.433716858429214369e+00
2.451225612806403387e+00
2.451225612806403387e+00
2.451225612806403387e+00
2.451225612806403387e+00
2.468734367183591960e+00
2.468734367183591960e+00
2.468734367183591960e+00
2.468734367183591960e+00
2.486243121560780533e+00
2.486243121560780533e+00
2.486243121560780533e+00
2.486243121560780533e+00
2.503751875937968663e+00
2.503751875937968663e+00
2.503751875937968663e+00
2.503751875937968663e+00
2.521260630315157680e+00
2.521260630315157680e+00
2.521260630315157680e+00
2.521260630315157680e+00
2.538769384692346254e+00
2.538769384692346254e+00
2.538769384692346254e+00
2.538769384692346254e+00
2.556278139069535271e+00
2.556278139069535271e+00
2.556278139069535271e+00
2.556278139069535271e+00
2.573786893446723401e+00
2.573786893446723401e+00
2.573786893446723401e+00
2.591295647823911974e+00
2.591295647823911974e+00
2.591295647823911974e+00
2.591295647823911974e+00
2.608804402201100547e+00
2.608804402201100547e+00
2.608804402201100547e+00
2.608804402201100547e+00
2.608804402201100547e+00
2.608804402201100547e+00
2.608804402201100547e+00
2.626313156578289121e+00
2.626313156578289121e+00
2.626313156578289121e+00
2.643821910955478138e+00
2.643821910955478138e+00
2.661330665332666712e+00
2.678839419709855285e+00
2.696348174087043414e+00
2.713856928464231988e+00
2.713856928464231988e+00
2.731365682841421005e+00
2.748874437218609135e+00
2.748874437218609135e+00
2.748874437218609135e+00
2.748874437218609135e+00
2.748874437218609135e+00
2.748874437218609135e+00
2.748874437218609135e+00
2.731365682841421005e+00
2.731365682841421005e+00
2.713856928464231988e+00
2.696348174087043414e+00
2.696348174087043414e+00
2.696348174087043414e+00
2.678839419709855285e+00
2.678839419709855285e+00
2.678839419709855285e+00
2.678839419709855285e+00
2.661330665332666712e+00
2.661330665332666712e+00
2.661330665332666712e+00
2.661330665332666712e+00
2.678839419709855285e+00
2.678839419709855285e+00
2.678839419709855285e+00
2.678839419709855285e+00
2.696348174087043414e+00
2.696348174087043414e+00
2.696348174087043414e+00
2.713856928464231988e+00
2.713856928464231988e+00
2.731365682841421005e+00
2.731365682841421005e+00
2.731365682841421005e+00
2.748874437218609135e+00
2.748874437218609135e+00
2.748874437218609135e+00
2.748874437218609135e+00
2.748874437218609135e+00
2.731365682841421005e+00
2.731365682841421005e+00
2.713856928464231988e+00
2.713856928464231988e+00
2.696348174087043414e+00
2.678839419709855285e+00
2.678839419709855285e+00
2.661330665332666712e+00
2.661330665332666712e+00
2.643821910955478138e+00
2.643821910955478138e+00
2.643821910955478138e+00
2.643821910955478138e+00
2.643821910955478138e+00
2.661330665332666712e+00
2.661330665332666712e+00
2.661330665332666712e+00
2.643821910955478138e+00
2.643821910955478138e+00
2.643821910955478138e+00
2.643821910955478138e+00
2.643821910955478138e+00
2.643821910955478138e+00
2.626313156578289121e+00
2.626313156578289121e+00
2.626313156578289121e+00
2.626313156578289121e+00
2.626313156578289121e+00
2.626313156578289121e+00
2.626313156578289121e+00
2.626313156578289121e+00
2.626313156578289121e+00
2.626313156578289121e+00
2.626313156578289121e+00
2.626313156578289121e+00
2.626313156578289121e+00
2.643821910955478138e+00
2.643821910955478138e+00
2.643821910955478138e+00
2.643821910955478138e+00
2.643821910955478138e+00
2.643821910955478138e+00
2.626313156578289121e+00
2.626313156578289121e+00
2.626313156578289121e+00
2.608804402201100547e+00
2.591295647823911974e+00
2.591295647823911974e+00
2.573786893446723401e+00
2.556278139069535271e+00
2.556278139069535271e+00
2.556278139069535271e+00
2.538769384692346254e+00
2.538769384692346254e+00
2.538769384692346254e+00
2.538769384692346254e+00
2.538769384692346254e+00
2.538769384692346254e+00
2.538769384692346254e+00
2.538769384692346254e+00
2.538769384692346254e+00
2.538769384692346254e+00
2.538769384692346254e+00
2.538769384692346254e+00
2.538769384692346254e+00
2.538769384692346254e+00
2.521260630315157680e+00
2.521260630315157680e+00
2.521260630315157680e+00
2.521260630315157680e+00
2.521260630315157680e+00
2.521260630315157680e+00
2.521260630315157680e+00
2.503751875937968663e+00
2.503751875937968663e+00
2.503751875937968663e+00
2.503751875937968663e+00
2.503751875937968663e+00
2.503751875937968663e+00
2.503751875937968663e+00
2.486243121560780533e+00
2.486243121560780533e+00
2.486243121560780533e+00
2.486243121560780533e+00
2.486243121560780533e+00
2.486243121560780533e+00
2.468734367183591960e+00
2.468734367183591960e+00
2.468734367183591960e+00
2.468734367183591960e+00
2.468734367183591960e+00
2.468734367183591960e+00
2.451225612806403387e+00
2.451225612806403387e+00
2.451225612806403387e+00
2.451225612806403387e+00
2.451225612806403387e+00
2.451225612806403387e+00
2.451225612806403387e+00
2.451225612806403387e+00
2.451225612806403387e+00
2.451225612806403387e+00
2.451225612806403387e+00
2.451225612806403387e+00
2.451225612806403387e+00
2.451225612806403387e+00
2.451225612806403387e+00
2.468734367183591960e+00
2.468734367183591960e+00
2.468734367183591960e+00
2.468734367183591960e+00
2.451225612806403387e+00
2.451225612806403387e+00
2.451225612806403387e+00
2.451225612806403387e+00
2.451225612806403387e+00
2.451225612806403387e+00
2.451225612806403387e+00
2.451225612806403387e+00
2.451225612806403387e+00
2.451225612806403387e+00
2.451225612806403387e+00
2.451225612806403387e+00
2.451225612806403387e+00
2.451225612806403387e+00
2.451225612806403387e+00
2.451225612806403387e+00
2.451225612806403387e+00
2.451225612806403387e+00
2.451225612806403387e+00
2.451225612806403387e+00
2.451225612806403387e+00
2.451225612806403387e+00
2.451225612806403387e+00
2.451225612806403387e+00
2.451225612806403387e+00
2.451225612806403387e+00
2.451225612806403387e+00
2.451225612806403387e+00
2.451225612806403387e+00
2.451225612806403387e+00
2.451225612806403387e+00
2.451225612806403387e+00
2.451225612806403387e+00
2.451225612806403387e+00
2.451225612806403387e+00
2.451225612806403387e+00
2.451225612806403387e+00
2.451225612806403387e+00
2.451225612806403387e+00
2.451225612806403387e+00
2.451225612806403387e+00
2.451225612806403387e+00
2.451225612806403387e+00
2.451225612806403387e+00
2.451225612806403387e+00
2.451225612806403387e+00
2.451225612806403387e+00
2.451225612806403387e+00
2.451225612806403387e+00
2.451225612806403387e+00
2.451225612806403387e+00
2.451225612806403387e+00
2.451225612806403387e+00
2.451225612806403387e+00
2.451225612806403387e+00
2.451225612806403387e+00
2.451225612806403387e+00
2.451225612806403387e+00
2.451225612806403387e+00
2.451225612806403387e+00
2.451225612806403387e+00
2.451225612806403387e+00
2.451225612806403387e+00
2.451225612806403387e+00
2.451225612806403387e+00
2.451225612806403387e+00
2.451225612806403387e+00
2.451225612806403387e+00
2.451225612806403387e+00
2.451225612806403387e+00
2.451225612806403387e+00
2.451225612806403387e+00
2.451225612806403387e+00
2.451225612806403387e+00
2.451225612806403387e+00
2.451225612806403387e+00
2.451225612806403387e+00
2.451225612806403387e+00
2.451225612806403387e+00
2.451225612806403387e+00
2.451225612806403387e+00
2.451225612806403387e+00
2.451225612806403387e+00
2.451225612806403387e+00
2.451225612806403387e+00
2.451225612806403387e+00
2.451225612806403387e+00
2.433716858429214369e+00
2.433716858429214369e+00
2.433716858429214369e+00
2.433716858429214369e+00
2.433716858429214369e+00
2.433716858429214369e+00
2.433716858429214369e+00
2.433716858429214369e+00
2.433716858429214369e+00
2.433716858429214369e+00
2.416208104052026240e+00
2.416208104052026240e+00
2.416208104052026240e+00
2.416208104052026240e+00
2.416208104052026240e+00
2.416208104052026240e+00
2.398699349674837222e+00
2.398699349674837222e+00
2.398699349674837222e+00
2.398699349674837222e+00
2.398699349674837222e+00
2.398699349674837222e+00
2.381190595297649093e+00
2.381190595297649093e+00
2.381190595297649093e+00
2.381190595297649093e+00
2.381190595297649093e+00
2.381190595297649093e+00
2.363681840920460520e+00
2.363681840920460520e+00
2.363681840920460520e+00
2.363681840920460520e+00
2.363681840920460520e+00
2.363681840920460520e+00
2.363681840920460520e+00
2.363681840920460520e+00
2.363681840920460520e+00
2.363681840920460520e+00
2.363681840920460520e+00
2.363681840920460520e+00
2.363681840920460520e+00
2.363681840920460520e+00
2.346173086543271946e+00
2.346173086543271946e+00
2.346173086543271946e+00
2.346173086543271946e+00
2.346173086543271946e+00
2.346173086543271946e+00
2.346173086543271946e+00
2.346173086543271946e+00
2.346173086543271946e+00
2.346173086543271946e+00
2.346173086543271946e+00
2.346173086543271946e+00
2.346173086543271946e+00
2.346173086543271946e+00
2.346173086543271946e+00
2.346173086543271946e+00
2.346173086543271946e+00
2.346173086543271946e+00
2.346173086543271946e+00
2.346173086543271946e+00
2.346173086543271946e+00
2.346173086543271946e+00
2.346173086543271946e+00
2.346173086543271946e+00
2.346173086543271946e+00
2.363681840920460520e+00
2.363681840920460520e+00
2.363681840920460520e+00
2.363681840920460520e+00
2.363681840920460520e+00
2.363681840920460520e+00
2.363681840920460520e+00
2.363681840920460520e+00
2.381190595297649093e+00
2.381190595297649093e+00
2.381190595297649093e+00
2.381190595297649093e+00
2.381190595297649093e+00
2.398699349674837222e+00
2.398699349674837222e+00
2.398699349674837222e+00
2.398699349674837222e+00
2.398699349674837222e+00
2.398699349674837222e+00
2.398699349674837222e+00
2.416208104052026240e+00
2.416208104052026240e+00
2.416208104052026240e+00
2.416208104052026240e+00
2.416208104052026240e+00
2.416208104052026240e+00
2.416208104052026240e+00
2.416208104052026240e+00
2.416208104052026240e+00
2.433716858429214369e+00
2.433716858429214369e+00
2.433716858429214369e+00
2.433716858429214369e+00
2.433716858429214369e+00
2.433716858429214369e+00
2.433716858429214369e+00
2.433716858429214369e+00
2.433716858429214369e+00
2.433716858429214369e+00
2.433716858429214369e+00
2.451225612806403387e+00
2.451225612806403387e+00
2.451225612806403387e+00
2.451225612806403387e+00
2.451225612806403387e+00
2.451225612806403387e+00
2.451225612806403387e+00
2.451225612806403387e+00
2.451225612806403387e+00
2.451225612806403387e+00
2.451225612806403387e+00
2.451225612806403387e+00
2.451225612806403387e+00
2.451225612806403387e+00
2.468734367183591960e+00
2.468734367183591960e+00
2.468734367183591960e+00
2.468734367183591960e+00
2.468734367183591960e+00
2.468734367183591960e+00
2.468734367183591960e+00
2.468734367183591960e+00
2.468734367183591960e+00
2.468734367183591960e+00
2.468734367183591960e+00
2.468734367183591960e+00
2.468734367183591960e+00
2.468734367183591960e+00
2.468734367183591960e+00
2.468734367183591960e+00
2.468734367183591960e+00
2.468734367183591960e+00
2.468734367183591960e+00
2.468734367183591960e+00
2.468734367183591960e+00
2.468734367183591960e+00
2.468734367183591960e+00
2.468734367183591960e+00
2.468734367183591960e+00
2.468734367183591960e+00
2.468734367183591960e+00
2.468734367183591960e+00
2.468734367183591960e+00
2.468734367183591960e+00
2.468734367183591960e+00
2.468734367183591960e+00
2.468734367183591960e+00
2.451225612806403387e+00
2.468734367183591960e+00
2.468734367183591960e+00
2.468734367183591960e+00
2.468734367183591960e+00
2.468734367183591960e+00
2.468734367183591960e+00
2.468734367183591960e+00
2.468734367183591960e+00
2.468734367183591960e+00
2.468734367183591960e+00
2.468734367183591960e+00
2.468734367183591960e+00
2.468734367183591960e+00
2.468734367183591960e+00
2.468734367183591960e+00
2.468734367183591960e+00
2.468734367183591960e+00
2.468734367183591960e+00
2.451225612806403387e+00
2.451225612806403387e+00
2.451225612806403387e+00
2.451225612806403387e+00
2.451225612806403387e+00
2.468734367183591960e+00
2.468734367183591960e+00
2.468734367183591960e+00
2.468734367183591960e+00
2.468734367183591960e+00
2.468734367183591960e+00
2.468734367183591960e+00
2.468734367183591960e+00
2.468734367183591960e+00
2.468734367183591960e+00
2.486243121560780533e+00
2.486243121560780533e+00
2.486243121560780533e+00
2.486243121560780533e+00
2.486243121560780533e+00
2.486243121560780533e+00
2.486243121560780533e+00
2.503751875937968663e+00
2.503751875937968663e+00
2.503751875937968663e+00
2.503751875937968663e+00
2.521260630315157680e+00
2.521260630315157680e+00
2.521260630315157680e+00
2.521260630315157680e+00
2.521260630315157680e+00
2.538769384692346254e+00
2.538769384692346254e+00
2.538769384692346254e+00
2.538769384692346254e+00
2.556278139069535271e+00
2.556278139069535271e+00
2.556278139069535271e+00
2.556278139069535271e+00
2.573786893446723401e+00
2.573786893446723401e+00
2.573786893446723401e+00
2.573786893446723401e+00
2.573786893446723401e+00
2.591295647823911974e+00
2.591295647823911974e+00
2.591295647823911974e+00
2.591295647823911974e+00
2.591295647823911974e+00
2.591295647823911974e+00
2.591295647823911974e+00
2.591295647823911974e+00
2.591295647823911974e+00
2.591295647823911974e+00
2.591295647823911974e+00
2.591295647823911974e+00
2.573786893446723401e+00
2.573786893446723401e+00
2.573786893446723401e+00
2.573786893446723401e+00
2.573786893446723401e+00
2.556278139069535271e+00
2.556278139069535271e+00
2.556278139069535271e+00
2.556278139069535271e+00
2.556278139069535271e+00
2.556278139069535271e+00
2.556278139069535271e+00
2.556278139069535271e+00
2.556278139069535271e+00
2.556278139069535271e+00
2.556278139069535271e+00
2.556278139069535271e+00
2.556278139069535271e+00
2.573786893446723401e+00
2.573786893446723401e+00
2.573786893446723401e+00
2.573786893446723401e+00
2.573786893446723401e+00
2.573786893446723401e+00
2.556278139069535271e+00
2.556278139069535271e+00
2.556278139069535271e+00
2.556278139069535271e+00
2.556278139069535271e+00
2.556278139069535271e+00
2.556278139069535271e+00
2.556278139069535271e+00
2.556278139069535271e+00
2.556278139069535271e+00
2.556278139069535271e+00
2.556278139069535271e+00
2.556278139069535271e+00
2.556278139069535271e+00
2.573786893446723401e+00
2.573786893446723401e+00
2.573786893446723401e+00
2.573786893446723401e+00
2.573786893446723401e+00
2.573786893446723401e+00
2.591295647823911974e+00
2.591295647823911974e+00
2.591295647823911974e+00
2.591295647823911974e+00
2.591295647823911974e+00
2.591295647823911974e+00
2.591295647823911974e+00
2.608804402201100547e+00
2.608804402201100547e+00
2.608804402201100547e+00
2.591295647823911974e+00
2.591295647823911974e+00
2.591295647823911974e+00
2.591295647823911974e+00
2.591295647823911974e+00
2.591295647823911974e+00
2.591295647823911974e+00
2.591295647823911974e+00
2.608804402201100547e+00
2.608804402201100547e+00
2.626313156578289121e+00
2.626313156578289121e+00
2.643821910955478138e+00
2.661330665332666712e+00
2.661330665332666712e+00
2.678839419709855285e+00
2.678839419709855285e+00
2.678839419709855285e+00
2.678839419709855285e+00
2.678839419709855285e+00
2.678839419709855285e+00
2.678839419709855285e+00
2.678839419709855285e+00
2.678839419709855285e+00
2.678839419709855285e+00
2.678839419709855285e+00
2.678839419709855285e+00
2.678839419709855285e+00
2.696348174087043414e+00
2.696348174087043414e+00
2.696348174087043414e+00
2.713856928464231988e+00
2.731365682841421005e+00
2.748874437218609135e+00
2.766383191595797708e+00
2.783891945972986726e+00
2.818909454727364317e+00
2.853926963481740575e+00
2.871435717858929593e+00
2.906453226613307184e+00
2.941470735367683442e+00
2.993996998499250051e+00
3.029014507253626753e+00
3.081540770385193362e+00
3.134067033516758638e+00
3.186593296648323914e+00
3.239119559779890078e+00
3.291645822911455355e+00
3.344172086043021519e+00
3.379189594797398666e+00
3.431715857928964830e+00
3.466733366683341533e+00
3.501750875437719124e+00
3.536768384192096271e+00
3.571785892946473862e+00
3.589294647323661991e+00
3.606803401700850120e+00
3.624312156078039138e+00
3.624312156078039138e+00
3.641820910455227711e+00
3.659329664832416729e+00
3.659329664832416729e+00
3.659329664832416729e+00
3.676838419209605302e+00
3.676838419209605302e+00
3.676838419209605302e+00
3.676838419209605302e+00
3.676838419209605302e+00
3.676838419209605302e+00
3.676838419209605302e+00
3.659329664832416729e+00
3.641820910455227711e+00
3.641820910455227711e+00
3.641820910455227711e+00
3.641820910455227711e+00
3.641820910455227711e+00
3.659329664832416729e+00
3.659329664832416729e+00
3.659329664832416729e+00
3.659329664832416729e+00
3.659329664832416729e+00
3.659329664832416729e+00
3.641820910455227711e+00
3.606803401700850120e+00
3.554277138569284400e+00
3.449224612306152959e+00
3.344172086043021519e+00
3.256628314157078652e+00
3.186593296648323914e+00
3.151575787893947211e+00
3.169084542271136229e+00
3.186593296648323914e+00
3.151575787893947211e+00
3.116558279139569620e+00
3.099049524762381047e+00
3.064032016008003900e+00
3.064032016008003900e+00
3.046523261630815771e+00
3.029014507253626753e+00
3.011505752876438180e+00
3.011505752876438180e+00
2.993996998499250051e+00
2.976488244122061033e+00
2.958979489744872460e+00
2.958979489744872460e+00
2.941470735367683442e+00
2.923961980990494869e+00
2.906453226613307184e+00
2.888944472236118166e+00
2.871435717858929593e+00
2.853926963481740575e+00
2.836418209104552002e+00
2.818909454727364317e+00
2.801400700350175299e+00
2.783891945972986726e+00
2.766383191595797708e+00
2.766383191595797708e+00
2.748874437218609135e+00
2.731365682841421005e+00
2.731365682841421005e+00
2.713856928464231988e+00
2.713856928464231988e+00
2.696348174087043414e+00
2.696348174087043414e+00
2.678839419709855285e+00
2.678839419709855285e+00
2.661330665332666712e+00
2.661330665332666712e+00
2.643821910955478138e+00
2.643821910955478138e+00
2.626313156578289121e+00
2.626313156578289121e+00
2.626313156578289121e+00
2.626313156578289121e+00
2.608804402201100547e+00
2.608804402201100547e+00
2.608804402201100547e+00
2.608804402201100547e+00
2.591295647823911974e+00
2.591295647823911974e+00
2.591295647823911974e+00
2.591295647823911974e+00
2.573786893446723401e+00
2.573786893446723401e+00
2.573786893446723401e+00
2.556278139069535271e+00
2.556278139069535271e+00
2.556278139069535271e+00
2.556278139069535271e+00
2.538769384692346254e+00
2.538769384692346254e+00
2.538769384692346254e+00
2.538769384692346254e+00
2.521260630315157680e+00
2.521260630315157680e+00
2.521260630315157680e+00
2.521260630315157680e+00
2.503751875937968663e+00
2.503751875937968663e+00
2.503751875937968663e+00
2.503751875937968663e+00
2.486243121560780533e+00
2.486243121560780533e+00
2.486243121560780533e+00
2.486243121560780533e+00
2.468734367183591960e+00
2.468734367183591960e+00
2.468734367183591960e+00
2.468734367183591960e+00
2.468734367183591960e+00
2.451225612806403387e+00
2.451225612806403387e+00
2.451225612806403387e+00
2.451225612806403387e+00
2.451225612806403387e+00
2.451225612806403387e+00
2.451225612806403387e+00
2.433716858429214369e+00
2.433716858429214369e+00
2.433716858429214369e+00
2.433716858429214369e+00
2.433716858429214369e+00
2.433716858429214369e+00
2.433716858429214369e+00
2.433716858429214369e+00
2.433716858429214369e+00
2.416208104052026240e+00
2.416208104052026240e+00
2.416208104052026240e+00
2.416208104052026240e+00
2.416208104052026240e+00
2.416208104052026240e+00
2.416208104052026240e+00
2.416208104052026240e+00
2.416208104052026240e+00
2.416208104052026240e+00
2.416208104052026240e+00
2.398699349674837222e+00
2.398699349674837222e+00
2.398699349674837222e+00
2.398699349674837222e+00
2.398699349674837222e+00
2.398699349674837222e+00
2.398699349674837222e+00
2.398699349674837222e+00
2.398699349674837222e+00
2.398699349674837222e+00
2.381190595297649093e+00
2.381190595297649093e+00
2.381190595297649093e+00
2.381190595297649093e+00
2.381190595297649093e+00
2.381190595297649093e+00
2.381190595297649093e+00
2.381190595297649093e+00
2.381190595297649093e+00
2.381190595297649093e+00
2.381190595297649093e+00
2.381190595297649093e+00
2.381190595297649093e+00
2.381190595297649093e+00
2.381190595297649093e+00
2.381190595297649093e+00
2.381190595297649093e+00
2.381190595297649093e+00
2.381190595297649093e+00
2.381190595297649093e+00
2.381190595297649093e+00
2.381190595297649093e+00
2.381190595297649093e+00
2.381190595297649093e+00
2.381190595297649093e+00
2.381190595297649093e+00
2.381190595297649093e+00
2.363681840920460520e+00
2.363681840920460520e+00
2.363681840920460520e+00
2.363681840920460520e+00
2.363681840920460520e+00
2.363681840920460520e+00
2.363681840920460520e+00
2.363681840920460520e+00
2.363681840920460520e+00
2.363681840920460520e+00
2.363681840920460520e+00
2.363681840920460520e+00
2.363681840920460520e+00
2.363681840920460520e+00
2.363681840920460520e+00
2.363681840920460520e+00
2.363681840920460520e+00
2.346173086543271946e+00
2.346173086543271946e+00
2.346173086543271946e+00
2.346173086543271946e+00
2.346173086543271946e+00
2.346173086543271946e+00
2.346173086543271946e+00
2.346173086543271946e+00
2.346173086543271946e+00
2.346173086543271946e+00
2.346173086543271946e+00
2.328664332166082929e+00
2.328664332166082929e+00
2.328664332166082929e+00
2.328664332166082929e+00
2.328664332166082929e+00
2.328664332166082929e+00
2.328664332166082929e+00
2.328664332166082929e+00
2.328664332166082929e+00
2.328664332166082929e+00
2.328664332166082929e+00
2.328664332166082929e+00
2.328664332166082929e+00
2.311155577788894355e+00
2.311155577788894355e+00
2.311155577788894355e+00
2.311155577788894355e+00
2.311155577788894355e+00
2.311155577788894355e+00
2.311155577788894355e+00
2.311155577788894355e+00
2.311155577788894355e+00
2.311155577788894355e+00
2.311155577788894355e+00
2.311155577788894355e+00
2.311155577788894355e+00
2.293646823411706226e+00
2.293646823411706226e+00
2.293646823411706226e+00
2.293646823411706226e+00
2.293646823411706226e+00
2.293646823411706226e+00
2.293646823411706226e+00
2.293646823411706226e+00
2.293646823411706226e+00
2.293646823411706226e+00
2.293646823411706226e+00
2.293646823411706226e+00
2.293646823411706226e+00
2.293646823411706226e+00
2.293646823411706226e+00
2.293646823411706226e+00
2.293646823411706226e+00
2.293646823411706226e+00
2.276138069034517208e+00
2.276138069034517208e+00
2.276138069034517208e+00
2.276138069034517208e+00
2.276138069034517208e+00
2.276138069034517208e+00
2.276138069034517208e+00
2.276138069034517208e+00
2.276138069034517208e+00
2.276138069034517208e+00
2.276138069034517208e+00
2.276138069034517208e+00
2.276138069034517208e+00
2.276138069034517208e+00
2.276138069034517208e+00
2.276138069034517208e+00
2.276138069034517208e+00
2.276138069034517208e+00
2.276138069034517208e+00
2.276138069034517208e+00
2.276138069034517208e+00
2.276138069034517208e+00
2.276138069034517208e+00
2.276138069034517208e+00
2.276138069034517208e+00
2.276138069034517208e+00
2.276138069034517208e+00
2.276138069034517208e+00
2.276138069034517208e+00
2.276138069034517208e+00
2.293646823411706226e+00
2.293646823411706226e+00
2.293646823411706226e+00
2.293646823411706226e+00
2.293646823411706226e+00
2.293646823411706226e+00
2.293646823411706226e+00
2.293646823411706226e+00
2.293646823411706226e+00
2.293646823411706226e+00
2.293646823411706226e+00
2.293646823411706226e+00
2.293646823411706226e+00
2.293646823411706226e+00
2.293646823411706226e+00
2.293646823411706226e+00
2.311155577788894355e+00
2.311155577788894355e+00
2.311155577788894355e+00
2.311155577788894355e+00
2.311155577788894355e+00
2.311155577788894355e+00
2.311155577788894355e+00
2.311155577788894355e+00
2.311155577788894355e+00
2.311155577788894355e+00
2.311155577788894355e+00
2.311155577788894355e+00
2.311155577788894355e+00
2.311155577788894355e+00
2.311155577788894355e+00
2.311155577788894355e+00
2.311155577788894355e+00
2.311155577788894355e+00
2.311155577788894355e+00
2.328664332166082929e+00
2.328664332166082929e+00
2.328664332166082929e+00
2.328664332166082929e+00
2.328664332166082929e+00
2.328664332166082929e+00
2.328664332166082929e+00
2.328664332166082929e+00
2.328664332166082929e+00
2.328664332166082929e+00
2.328664332166082929e+00
2.328664332166082929e+00
2.328664332166082929e+00
2.328664332166082929e+00
2.328664332166082929e+00
2.328664332166082929e+00
2.328664332166082929e+00
2.328664332166082929e+00
2.328664332166082929e+00
2.328664332166082929e+00
2.328664332166082929e+00
2.328664332166082929e+00
2.311155577788894355e+00
2.311155577788894355e+00
2.311155577788894355e+00
2.311155577788894355e+00
2.311155577788894355e+00
2.311155577788894355e+00
2.311155577788894355e+00
2.311155577788894355e+00
2.311155577788894355e+00
2.311155577788894355e+00
2.311155577788894355e+00
2.311155577788894355e+00
2.311155577788894355e+00
2.311155577788894355e+00
2.311155577788894355e+00
2.311155577788894355e+00
2.311155577788894355e+00
2.311155577788894355e+00
2.311155577788894355e+00
2.311155577788894355e+00
2.311155577788894355e+00
2.293646823411706226e+00
2.293646823411706226e+00
2.293646823411706226e+00
2.293646823411706226e+00
2.293646823411706226e+00
2.293646823411706226e+00
2.293646823411706226e+00
2.293646823411706226e+00
2.293646823411706226e+00
2.293646823411706226e+00
2.293646823411706226e+00
2.293646823411706226e+00
2.293646823411706226e+00
2.293646823411706226e+00
2.293646823411706226e+00
2.293646823411706226e+00
2.293646823411706226e+00
2.293646823411706226e+00
2.293646823411706226e+00
2.293646823411706226e+00
2.293646823411706226e+00
2.293646823411706226e+00
2.293646823411706226e+00
2.293646823411706226e+00
2.293646823411706226e+00
2.293646823411706226e+00
2.293646823411706226e+00
2.293646823411706226e+00
2.311155577788894355e+00
2.311155577788894355e+00
2.311155577788894355e+00
2.311155577788894355e+00
2.311155577788894355e+00
2.311155577788894355e+00
2.311155577788894355e+00
2.311155577788894355e+00
2.311155577788894355e+00
2.328664332166082929e+00
2.328664332166082929e+00
2.328664332166082929e+00
2.328664332166082929e+00
2.328664332166082929e+00
2.328664332166082929e+00
2.346173086543271946e+00
2.346173086543271946e+00
2.346173086543271946e+00
2.346173086543271946e+00
2.346173086543271946e+00
2.346173086543271946e+00
2.363681840920460520e+00
2.363681840920460520e+00
2.363681840920460520e+00
2.363681840920460520e+00
2.363681840920460520e+00
2.363681840920460520e+00
2.363681840920460520e+00
2.363681840920460520e+00
2.381190595297649093e+00
2.381190595297649093e+00
2.381190595297649093e+00
2.381190595297649093e+00
2.381190595297649093e+00
2.381190595297649093e+00
2.381190595297649093e+00
2.398699349674837222e+00
2.398699349674837222e+00
2.398699349674837222e+00
2.398699349674837222e+00
2.398699349674837222e+00
2.398699349674837222e+00
2.398699349674837222e+00
2.416208104052026240e+00
2.416208104052026240e+00
2.416208104052026240e+00
2.416208104052026240e+00
2.416208104052026240e+00
2.416208104052026240e+00
2.416208104052026240e+00
2.416208104052026240e+00
2.433716858429214369e+00
2.433716858429214369e+00
2.433716858429214369e+00
2.433716858429214369e+00
2.433716858429214369e+00
2.433716858429214369e+00
2.433716858429214369e+00
2.433716858429214369e+00
2.433716858429214369e+00
2.433716858429214369e+00
2.433716858429214369e+00
2.433716858429214369e+00
2.433716858429214369e+00
2.433716858429214369e+00
2.433716858429214369e+00
2.433716858429214369e+00
2.433716858429214369e+00
2.433716858429214369e+00
2.433716858429214369e+00
2.416208104052026240e+00
2.416208104052026240e+00
2.416208104052026240e+00
2.416208104052026240e+00
2.416208104052026240e+00
2.416208104052026240e+00
2.416208104052026240e+00
2.416208104052026240e+00
2.416208104052026240e+00
2.416208104052026240e+00
2.416208104052026240e+00
2.416208104052026240e+00
2.416208104052026240e+00
2.416208104052026240e+00
2.416208104052026240e+00
2.416208104052026240e+00
2.416208104052026240e+00
2.416208104052026240e+00
2.416208104052026240e+00
2.416208104052026240e+00
2.416208104052026240e+00
2.416208104052026240e+00
2.416208104052026240e+00
2.416208104052026240e+00
2.416208104052026240e+00
2.416208104052026240e+00
2.416208104052026240e+00
2.416208104052026240e+00
2.416208104052026240e+00
2.416208104052026240e+00
2.416208104052026240e+00
2.416208104052026240e+00
2.416208104052026240e+00
2.416208104052026240e+00
2.416208104052026240e+00
2.416208104052026240e+00
2.398699349674837222e+00
2.398699349674837222e+00
2.398699349674837222e+00
2.398699349674837222e+00
2.398699349674837222e+00
2.398699349674837222e+00
2.398699349674837222e+00
2.398699349674837222e+00
2.398699349674837222e+00
2.398699349674837222e+00
2.398699349674837222e+00
2.398699349674837222e+00
2.398699349674837222e+00
2.398699349674837222e+00
2.398699349674837222e+00
2.416208104052026240e+00
2.416208104052026240e+00
2.416208104052026240e+00
2.416208104052026240e+00
2.416208104052026240e+00
2.416208104052026240e+00
2.416208104052026240e+00
2.416208104052026240e+00
2.416208104052026240e+00
2.416208104052026240e+00
2.416208104052026240e+00
2.433716858429214369e+00
2.433716858429214369e+00
2.433716858429214369e+00
2.433716858429214369e+00
2.433716858429214369e+00
2.433716858429214369e+00
2.433716858429214369e+00
2.433716858429214369e+00
2.433716858429214369e+00
2.433716858429214369e+00
2.433716858429214369e+00
2.433716858429214369e+00
2.433716858429214369e+00
2.433716858429214369e+00
2.433716858429214369e+00
2.433716858429214369e+00
2.433716858429214369e+00
2.433716858429214369e+00
2.451225612806403387e+00
2.451225612806403387e+00
2.451225612806403387e+00
2.451225612806403387e+00
2.451225612806403387e+00
2.451225612806403387e+00
2.451225612806403387e+00
2.451225612806403387e+00
2.451225612806403387e+00
2.451225612806403387e+00
2.451225612806403387e+00
2.451225612806403387e+00
2.468734367183591960e+00
2.468734367183591960e+00
2.468734367183591960e+00
2.468734367183591960e+00
2.468734367183591960e+00
2.468734367183591960e+00
2.468734367183591960e+00
2.468734367183591960e+00
2.468734367183591960e+00
2.468734367183591960e+00
2.468734367183591960e+00
2.468734367183591960e+00
2.468734367183591960e+00
2.468734367183591960e+00
2.468734367183591960e+00
2.468734367183591960e+00
2.468734367183591960e+00
2.451225612806403387e+00
2.451225612806403387e+00
2.451225612806403387e+00
2.451225612806403387e+00
2.451225612806403387e+00
2.451225612806403387e+00
2.433716858429214369e+00
2.433716858429214369e+00
2.433716858429214369e+00
2.433716858429214369e+00
2.416208104052026240e+00
2.416208104052026240e+00
2.416208104052026240e+00
2.416208104052026240e+00
2.416208104052026240e+00
2.416208104052026240e+00
2.398699349674837222e+00
2.398699349674837222e+00
2.398699349674837222e+00
2.398699349674837222e+00
2.398699349674837222e+00
2.398699349674837222e+00
2.398699349674837222e+00
2.398699349674837222e+00
2.398699349674837222e+00
2.381190595297649093e+00
2.381190595297649093e+00
2.381190595297649093e+00
2.381190595297649093e+00
2.381190595297649093e+00
2.381190595297649093e+00
2.381190595297649093e+00
2.363681840920460520e+00
2.363681840920460520e+00
2.363681840920460520e+00
2.363681840920460520e+00
2.363681840920460520e+00
2.363681840920460520e+00
2.346173086543271946e+00
2.346173086543271946e+00
2.346173086543271946e+00
2.346173086543271946e+00
2.346173086543271946e+00
2.346173086543271946e+00
2.328664332166082929e+00
2.328664332166082929e+00
2.328664332166082929e+00
2.328664332166082929e+00
2.328664332166082929e+00
2.328664332166082929e+00
2.328664332166082929e+00
2.328664332166082929e+00
2.328664332166082929e+00
2.328664332166082929e+00
2.328664332166082929e+00
2.328664332166082929e+00
2.328664332166082929e+00
2.328664332166082929e+00
2.328664332166082929e+00
2.311155577788894355e+00
2.311155577788894355e+00
2.328664332166082929e+00
2.328664332166082929e+00
2.328664332166082929e+00
2.328664332166082929e+00
2.328664332166082929e+00
2.328664332166082929e+00
2.328664332166082929e+00
2.328664332166082929e+00
2.328664332166082929e+00
2.328664332166082929e+00
2.328664332166082929e+00
2.328664332166082929e+00
2.328664332166082929e+00
2.328664332166082929e+00
2.328664332166082929e+00
2.328664332166082929e+00
2.328664332166082929e+00
2.328664332166082929e+00
2.328664332166082929e+00
2.328664332166082929e+00
2.346173086543271946e+00
2.346173086543271946e+00
2.346173086543271946e+00
2.346173086543271946e+00
2.346173086543271946e+00
2.346173086543271946e+00
2.346173086543271946e+00
2.346173086543271946e+00
2.346173086543271946e+00
2.346173086543271946e+00
2.346173086543271946e+00
2.346173086543271946e+00
2.346173086543271946e+00
2.346173086543271946e+00
2.346173086543271946e+00
2.346173086543271946e+00
2.346173086543271946e+00
2.346173086543271946e+00
2.346173086543271946e+00
2.346173086543271946e+00
2.346173086543271946e+00
2.346173086543271946e+00
2.346173086543271946e+00
2.346173086543271946e+00
2.346173086543271946e+00
2.346173086543271946e+00
2.346173086543271946e+00
2.346173086543271946e+00
2.346173086543271946e+00
2.346173086543271946e+00
2.346173086543271946e+00
2.346173086543271946e+00
2.346173086543271946e+00
2.328664332166082929e+00
2.328664332166082929e+00
2.328664332166082929e+00
2.328664332166082929e+00
2.328664332166082929e+00
2.328664332166082929e+00
2.328664332166082929e+00
2.328664332166082929e+00
2.328664332166082929e+00
2.328664332166082929e+00
2.328664332166082929e+00
2.328664332166082929e+00
2.328664332166082929e+00
2.328664332166082929e+00
2.328664332166082929e+00
2.328664332166082929e+00
2.328664332166082929e+00
2.311155577788894355e+00
2.311155577788894355e+00
2.311155577788894355e+00
2.311155577788894355e+00
2.311155577788894355e+00
2.311155577788894355e+00
2.311155577788894355e+00
2.311155577788894355e+00
2.311155577788894355e+00
2.311155577788894355e+00
2.311155577788894355e+00
2.311155577788894355e+00
2.311155577788894355e+00
2.311155577788894355e+00
2.311155577788894355e+00
2.311155577788894355e+00
2.311155577788894355e+00
2.311155577788894355e+00
2.293646823411706226e+00
2.293646823411706226e+00
2.293646823411706226e+00
2.293646823411706226e+00
2.293646823411706226e+00
2.293646823411706226e+00
2.293646823411706226e+00
2.293646823411706226e+00
2.293646823411706226e+00
2.293646823411706226e+00
2.293646823411706226e+00
2.293646823411706226e+00
2.293646823411706226e+00
2.293646823411706226e+00
2.293646823411706226e+00
2.293646823411706226e+00
2.293646823411706226e+00
2.293646823411706226e+00
2.293646823411706226e+00
2.293646823411706226e+00
2.293646823411706226e+00
2.293646823411706226e+00
2.293646823411706226e+00
2.293646823411706226e+00
2.293646823411706226e+00
2.293646823411706226e+00
2.293646823411706226e+00
2.293646823411706226e+00
2.293646823411706226e+00
2.293646823411706226e+00
2.293646823411706226e+00
2.293646823411706226e+00
2.293646823411706226e+00
2.293646823411706226e+00
2.293646823411706226e+00
2.293646823411706226e+00
2.293646823411706226e+00
2.293646823411706226e+00
2.293646823411706226e+00
2.293646823411706226e+00
2.293646823411706226e+00
2.293646823411706226e+00
2.293646823411706226e+00
2.293646823411706226e+00
2.293646823411706226e+00
2.293646823411706226e+00
2.293646823411706226e+00
2.293646823411706226e+00
2.293646823411706226e+00
2.293646823411706226e+00
2.293646823411706226e+00
2.293646823411706226e+00
2.293646823411706226e+00
2.293646823411706226e+00
2.293646823411706226e+00
2.293646823411706226e+00
2.293646823411706226e+00
2.293646823411706226e+00
2.293646823411706226e+00
2.293646823411706226e+00
2.293646823411706226e+00
2.293646823411706226e+00
2.293646823411706226e+00
2.293646823411706226e+00
2.293646823411706226e+00
2.293646823411706226e+00
2.293646823411706226e+00
2.293646823411706226e+00
2.293646823411706226e+00
2.293646823411706226e+00
2.293646823411706226e+00
2.293646823411706226e+00
2.293646823411706226e+00
2.293646823411706226e+00
2.293646823411706226e+00
2.293646823411706226e+00
2.293646823411706226e+00
2.293646823411706226e+00
2.293646823411706226e+00
2.293646823411706226e+00
2.293646823411706226e+00
2.293646823411706226e+00
2.293646823411706226e+00
2.293646823411706226e+00
2.293646823411706226e+00
2.293646823411706226e+00
2.311155577788894355e+00
2.311155577788894355e+00
2.311155577788894355e+00
2.311155577788894355e+00
2.311155577788894355e+00
2.311155577788894355e+00
2.311155577788894355e+00
2.311155577788894355e+00
2.293646823411706226e+00
2.293646823411706226e+00
2.293646823411706226e+00
2.293646823411706226e+00
2.293646823411706226e+00
2.293646823411706226e+00
2.293646823411706226e+00
2.293646823411706226e+00
2.293646823411706226e+00
2.293646823411706226e+00
2.293646823411706226e+00
2.293646823411706226e+00
2.293646823411706226e+00
2.293646823411706226e+00
2.293646823411706226e+00
2.293646823411706226e+00
2.293646823411706226e+00
2.293646823411706226e+00
2.293646823411706226e+00
2.276138069034517208e+00
2.276138069034517208e+00
2.276138069034517208e+00
2.276138069034517208e+00
2.276138069034517208e+00
2.276138069034517208e+00
2.276138069034517208e+00
2.276138069034517208e+00
2.276138069034517208e+00
2.276138069034517208e+00
2.276138069034517208e+00
2.276138069034517208e+00
2.276138069034517208e+00
2.276138069034517208e+00
2.276138069034517208e+00
2.258629314657328635e+00
2.258629314657328635e+00
2.258629314657328635e+00
2.258629314657328635e+00
2.258629314657328635e+00
2.258629314657328635e+00
2.258629314657328635e+00
2.258629314657328635e+00
2.258629314657328635e+00
2.258629314657328635e+00
2.258629314657328635e+00
2.258629314657328635e+00
2.258629314657328635e+00
2.258629314657328635e+00
2.258629314657328635e+00
2.258629314657328635e+00
2.258629314657328635e+00
2.258629314657328635e+00
2.258629314657328635e+00
2.258629314657328635e+00
2.258629314657328635e+00
2.258629314657328635e+00
2.258629314657328635e+00
2.258629314657328635e+00
2.258629314657328635e+00
2.258629314657328635e+00
2.258629314657328635e+00
2.258629314657328635e+00
2.258629314657328635e+00
2.258629314657328635e+00
2.258629314657328635e+00
2.258629314657328635e+00
2.258629314657328635e+00
2.258629314657328635e+00
2.276138069034517208e+00
2.276138069034517208e+00
2.276138069034517208e+00
2.276138069034517208e+00
2.276138069034517208e+00
2.276138069034517208e+00
2.276138069034517208e+00
2.293646823411706226e+00
2.293646823411706226e+00
2.293646823411706226e+00
2.293646823411706226e+00
2.293646823411706226e+00
2.293646823411706226e+00
2.311155577788894355e+00
2.311155577788894355e+00
2.311155577788894355e+00
2.311155577788894355e+00
2.311155577788894355e+00
2.311155577788894355e+00
2.311155577788894355e+00
2.328664332166082929e+00
2.328664332166082929e+00
2.328664332166082929e+00
2.328664332166082929e+00
2.328664332166082929e+00
2.328664332166082929e+00
2.328664332166082929e+00
2.328664332166082929e+00
2.346173086543271946e+00
2.346173086543271946e+00
2.346173086543271946e+00
2.346173086543271946e+00
2.346173086543271946e+00
2.346173086543271946e+00
2.346173086543271946e+00
2.346173086543271946e+00
2.346173086543271946e+00
2.346173086543271946e+00
2.363681840920460520e+00
2.363681840920460520e+00
2.363681840920460520e+00
2.363681840920460520e+00
2.363681840920460520e+00
2.363681840920460520e+00
2.363681840920460520e+00
2.363681840920460520e+00
2.363681840920460520e+00
2.381190595297649093e+00
2.381190595297649093e+00
2.381190595297649093e+00
2.381190595297649093e+00
2.381190595297649093e+00
2.381190595297649093e+00
2.381190595297649093e+00
2.381190595297649093e+00
2.381190595297649093e+00
2.381190595297649093e+00
2.398699349674837222e+00
2.398699349674837222e+00
2.398699349674837222e+00
2.398699349674837222e+00
2.398699349674837222e+00
2.398699349674837222e+00
2.398699349674837222e+00
2.398699349674837222e+00
2.398699349674837222e+00
2.398699349674837222e+00
2.398699349674837222e+00
2.398699349674837222e+00
2.398699349674837222e+00
2.398699349674837222e+00
2.398699349674837222e+00
2.398699349674837222e+00
2.398699349674837222e+00
2.398699349674837222e+00
2.398699349674837222e+00
2.398699349674837222e+00
2.398699349674837222e+00
2.398699349674837222e+00
2.398699349674837222e+00
2.398699349674837222e+00
2.398699349674837222e+00
2.398699349674837222e+00
2.398699349674837222e+00
2.398699349674837222e+00
2.398699349674837222e+00
2.398699349674837222e+00
2.398699349674837222e+00
2.398699349674837222e+00
2.398699349674837222e+00
2.398699349674837222e+00
2.398699349674837222e+00
2.398699349674837222e+00
2.398699349674837222e+00
2.398699349674837222e+00
2.398699349674837222e+00
2.416208104052026240e+00
2.398699349674837222e+00
2.398699349674837222e+00
2.398699349674837222e+00
2.416208104052026240e+00
2.416208104052026240e+00
2.416208104052026240e+00
2.416208104052026240e+00
2.416208104052026240e+00
2.416208104052026240e+00
2.433716858429214369e+00
2.433716858429214369e+00
2.433716858429214369e+00
2.433716858429214369e+00
2.433716858429214369e+00
2.433716858429214369e+00
2.451225612806403387e+00
2.451225612806403387e+00
2.451225612806403387e+00
2.451225612806403387e+00
2.451225612806403387e+00
2.451225612806403387e+00
2.451225612806403387e+00
2.451225612806403387e+00
2.451225612806403387e+00
2.451225612806403387e+00
2.451225612806403387e+00
2.451225612806403387e+00
2.451225612806403387e+00
2.468734367183591960e+00
2.468734367183591960e+00
2.468734367183591960e+00
2.468734367183591960e+00
2.468734367183591960e+00
2.468734367183591960e+00
2.468734367183591960e+00
2.468734367183591960e+00
2.486243121560780533e+00
2.486243121560780533e+00
2.486243121560780533e+00
2.486243121560780533e+00
2.486243121560780533e+00
2.503751875937968663e+00
2.503751875937968663e+00
2.503751875937968663e+00
2.521260630315157680e+00
2.521260630315157680e+00
2.521260630315157680e+00
2.538769384692346254e+00
2.538769384692346254e+00
2.538769384692346254e+00
2.538769384692346254e+00
2.556278139069535271e+00
2.556278139069535271e+00
2.556278139069535271e+00
2.573786893446723401e+00
2.573786893446723401e+00
2.573786893446723401e+00
2.573786893446723401e+00
2.573786893446723401e+00
2.573786893446723401e+00
2.573786893446723401e+00
2.573786893446723401e+00
2.573786893446723401e+00
2.573786893446723401e+00
2.573786893446723401e+00
2.573786893446723401e+00
2.573786893446723401e+00
2.573786893446723401e+00
2.591295647823911974e+00
2.591295647823911974e+00
2.591295647823911974e+00
2.591295647823911974e+00
2.591295647823911974e+00
2.591295647823911974e+00
2.591295647823911974e+00
2.608804402201100547e+00
2.608804402201100547e+00
2.608804402201100547e+00
2.608804402201100547e+00
2.608804402201100547e+00
2.608804402201100547e+00
2.608804402201100547e+00
2.608804402201100547e+00
2.608804402201100547e+00
2.608804402201100547e+00
2.626313156578289121e+00
2.626313156578289121e+00
2.626313156578289121e+00
2.626313156578289121e+00
2.626313156578289121e+00
2.643821910955478138e+00
2.643821910955478138e+00
2.643821910955478138e+00
2.643821910955478138e+00
2.643821910955478138e+00
2.643821910955478138e+00
2.643821910955478138e+00
2.643821910955478138e+00
2.643821910955478138e+00
2.643821910955478138e+00
2.643821910955478138e+00
2.626313156578289121e+00
2.626313156578289121e+00
2.608804402201100547e+00
2.608804402201100547e+00
2.591295647823911974e+00
2.591295647823911974e+00
2.573786893446723401e+00
2.573786893446723401e+00
2.556278139069535271e+00
2.556278139069535271e+00
2.556278139069535271e+00
2.538769384692346254e+00
2.538769384692346254e+00
2.538769384692346254e+00
2.538769384692346254e+00
2.538769384692346254e+00
2.538769384692346254e+00
2.538769384692346254e+00
2.521260630315157680e+00
2.521260630315157680e+00
2.521260630315157680e+00
2.503751875937968663e+00
2.503751875937968663e+00
2.503751875937968663e+00
2.503751875937968663e+00
2.486243121560780533e+00
2.486243121560780533e+00
2.486243121560780533e+00
2.486243121560780533e+00
2.468734367183591960e+00
2.468734367183591960e+00
2.468734367183591960e+00
2.468734367183591960e+00
2.468734367183591960e+00
2.451225612806403387e+00
2.451225612806403387e+00
2.451225612806403387e+00
2.451225612806403387e+00
2.451225612806403387e+00
2.433716858429214369e+00
2.433716858429214369e+00
2.433716858429214369e+00
2.433716858429214369e+00
2.433716858429214369e+00
2.433716858429214369e+00
2.433716858429214369e+00
2.433716858429214369e+00
2.416208104052026240e+00
2.416208104052026240e+00
2.416208104052026240e+00
2.416208104052026240e+00
2.416208104052026240e+00
2.416208104052026240e+00
2.416208104052026240e+00
2.398699349674837222e+00
2.398699349674837222e+00
2.398699349674837222e+00
2.398699349674837222e+00
2.398699349674837222e+00
2.398699349674837222e+00
2.398699349674837222e+00
2.398699349674837222e+00
2.398699349674837222e+00
2.398699349674837222e+00
2.398699349674837222e+00
2.398699349674837222e+00
2.398699349674837222e+00
2.398699349674837222e+00
2.398699349674837222e+00
2.398699349674837222e+00
2.398699349674837222e+00
2.416208104052026240e+00
2.416208104052026240e+00
2.416208104052026240e+00
2.416208104052026240e+00
2.416208104052026240e+00
2.416208104052026240e+00
2.416208104052026240e+00
2.416208104052026240e+00
2.416208104052026240e+00
2.416208104052026240e+00
2.416208104052026240e+00
2.416208104052026240e+00
2.416208104052026240e+00
2.416208104052026240e+00
2.416208104052026240e+00
2.416208104052026240e+00
2.416208104052026240e+00
2.416208104052026240e+00
2.416208104052026240e+00
2.416208104052026240e+00
2.398699349674837222e+00
2.398699349674837222e+00
2.398699349674837222e+00
2.398699349674837222e+00
2.398699349674837222e+00
2.398699349674837222e+00
2.398699349674837222e+00
2.398699349674837222e+00
2.398699349674837222e+00
2.398699349674837222e+00
2.398699349674837222e+00
2.398699349674837222e+00
2.398699349674837222e+00
2.398699349674837222e+00
2.398699349674837222e+00
2.398699349674837222e+00
2.398699349674837222e+00
2.398699349674837222e+00
2.398699349674837222e+00
2.398699349674837222e+00
2.398699349674837222e+00
2.398699349674837222e+00
2.398699349674837222e+00
2.398699349674837222e+00
2.398699349674837222e+00
2.398699349674837222e+00
2.398699349674837222e+00
2.398699349674837222e+00
2.398699349674837222e+00
2.381190595297649093e+00
2.381190595297649093e+00
2.381190595297649093e+00
2.381190595297649093e+00
2.381190595297649093e+00
2.381190595297649093e+00
2.381190595297649093e+00
2.381190595297649093e+00
2.381190595297649093e+00
2.381190595297649093e+00
2.381190595297649093e+00
2.381190595297649093e+00
2.381190595297649093e+00
2.381190595297649093e+00
2.381190595297649093e+00
2.363681840920460520e+00
2.363681840920460520e+00
2.363681840920460520e+00
2.363681840920460520e+00
2.363681840920460520e+00
2.363681840920460520e+00
2.363681840920460520e+00
2.363681840920460520e+00
2.363681840920460520e+00
2.346173086543271946e+00
2.346173086543271946e+00
2.346173086543271946e+00
2.346173086543271946e+00
2.346173086543271946e+00
2.346173086543271946e+00
2.346173086543271946e+00
2.346173086543271946e+00
2.346173086543271946e+00
2.346173086543271946e+00
2.346173086543271946e+00
2.346173086543271946e+00
2.346173086543271946e+00
2.346173086543271946e+00
2.346173086543271946e+00
2.328664332166082929e+00
2.328664332166082929e+00
2.328664332166082929e+00
2.328664332166082929e+00
2.328664332166082929e+00
2.328664332166082929e+00
2.328664332166082929e+00
2.328664332166082929e+00
2.328664332166082929e+00
2.328664332166082929e+00
2.328664332166082929e+00
2.328664332166082929e+00
2.328664332166082929e+00
2.328664332166082929e+00
2.328664332166082929e+00
2.328664332166082929e+00
2.328664332166082929e+00
2.328664332166082929e+00
2.328664332166082929e+00
2.328664332166082929e+00
2.328664332166082929e+00
2.328664332166082929e+00
2.328664332166082929e+00
2.328664332166082929e+00
2.328664332166082929e+00
2.328664332166082929e+00
2.328664332166082929e+00
2.328664332166082929e+00
2.328664332166082929e+00
2.328664332166082929e+00
2.328664332166082929e+00
2.328664332166082929e+00
2.328664332166082929e+00
2.328664332166082929e+00
2.311155577788894355e+00
2.311155577788894355e+00
2.311155577788894355e+00
2.311155577788894355e+00
2.311155577788894355e+00
2.311155577788894355e+00
2.311155577788894355e+00
2.311155577788894355e+00
2.311155577788894355e+00
2.311155577788894355e+00
2.311155577788894355e+00
2.311155577788894355e+00
2.311155577788894355e+00
2.311155577788894355e+00
2.311155577788894355e+00
2.311155577788894355e+00
2.311155577788894355e+00
2.311155577788894355e+00
2.311155577788894355e+00
2.311155577788894355e+00
2.311155577788894355e+00
2.311155577788894355e+00
2.311155577788894355e+00
2.311155577788894355e+00
2.311155577788894355e+00
2.311155577788894355e+00
2.311155577788894355e+00
2.311155577788894355e+00
2.311155577788894355e+00
2.311155577788894355e+00
2.311155577788894355e+00
2.311155577788894355e+00
2.311155577788894355e+00
2.311155577788894355e+00
2.311155577788894355e+00
2.311155577788894355e+00
2.311155577788894355e+00
2.311155577788894355e+00
2.311155577788894355e+00
2.311155577788894355e+00
2.311155577788894355e+00
2.311155577788894355e+00
2.311155577788894355e+00
2.293646823411706226e+00
2.293646823411706226e+00
2.293646823411706226e+00
2.293646823411706226e+00
2.293646823411706226e+00
2.293646823411706226e+00
2.293646823411706226e+00
2.293646823411706226e+00
2.293646823411706226e+00
2.293646823411706226e+00
2.293646823411706226e+00
2.293646823411706226e+00
2.293646823411706226e+00
2.293646823411706226e+00
2.293646823411706226e+00
2.293646823411706226e+00
2.293646823411706226e+00
2.293646823411706226e+00
2.293646823411706226e+00
2.293646823411706226e+00
2.293646823411706226e+00
2.293646823411706226e+00
2.293646823411706226e+00
2.293646823411706226e+00
2.293646823411706226e+00
2.276138069034517208e+00
2.276138069034517208e+00
2.276138069034517208e+00
2.276138069034517208e+00
2.276138069034517208e+00
2.276138069034517208e+00
2.276138069034517208e+00
2.276138069034517208e+00
2.276138069034517208e+00
2.276138069034517208e+00
2.276138069034517208e+00
2.276138069034517208e+00
2.276138069034517208e+00
2.276138069034517208e+00
2.276138069034517208e+00
2.276138069034517208e+00
2.276138069034517208e+00
2.276138069034517208e+00
2.276138069034517208e+00
2.276138069034517208e+00
2.276138069034517208e+00
2.276138069034517208e+00
2.276138069034517208e+00
2.276138069034517208e+00
2.276138069034517208e+00
2.276138069034517208e+00
2.276138069034517208e+00
2.276138069034517208e+00
2.276138069034517208e+00
2.276138069034517208e+00
2.276138069034517208e+00
2.276138069034517208e+00
2.293646823411706226e+00
2.293646823411706226e+00
2.293646823411706226e+00
2.293646823411706226e+00
2.293646823411706226e+00
2.293646823411706226e+00
2.293646823411706226e+00
2.293646823411706226e+00
2.293646823411706226e+00
2.311155577788894355e+00
2.311155577788894355e+00
2.311155577788894355e+00
2.311155577788894355e+00
2.311155577788894355e+00
2.311155577788894355e+00
2.311155577788894355e+00
2.311155577788894355e+00
2.311155577788894355e+00
2.311155577788894355e+00
2.311155577788894355e+00
2.328664332166082929e+00
2.328664332166082929e+00
2.328664332166082929e+00
2.328664332166082929e+00
2.328664332166082929e+00
2.328664332166082929e+00
2.328664332166082929e+00
2.328664332166082929e+00
2.328664332166082929e+00
2.328664332166082929e+00
2.328664332166082929e+00
2.328664332166082929e+00
2.328664332166082929e+00
2.328664332166082929e+00
2.346173086543271946e+00
2.346173086543271946e+00
2.346173086543271946e+00
2.346173086543271946e+00
2.346173086543271946e+00
2.346173086543271946e+00
2.346173086543271946e+00
2.346173086543271946e+00
2.363681840920460520e+00
2.363681840920460520e+00
2.363681840920460520e+00
2.363681840920460520e+00
2.363681840920460520e+00
2.363681840920460520e+00
2.363681840920460520e+00
2.363681840920460520e+00
2.381190595297649093e+00
2.381190595297649093e+00
2.381190595297649093e+00
2.381190595297649093e+00
2.381190595297649093e+00
2.381190595297649093e+00
2.381190595297649093e+00
2.381190595297649093e+00
2.398699349674837222e+00
2.398699349674837222e+00
2.398699349674837222e+00
2.398699349674837222e+00
2.398699349674837222e+00
2.398699349674837222e+00
2.398699349674837222e+00
2.398699349674837222e+00
2.398699349674837222e+00
2.398699349674837222e+00
2.398699349674837222e+00
2.398699349674837222e+00
2.398699349674837222e+00
2.398699349674837222e+00
2.398699349674837222e+00
2.398699349674837222e+00
2.398699349674837222e+00
2.398699349674837222e+00
2.398699349674837222e+00
2.416208104052026240e+00
2.416208104052026240e+00
2.416208104052026240e+00
2.416208104052026240e+00
2.416208104052026240e+00
2.416208104052026240e+00
2.433716858429214369e+00
2.433716858429214369e+00
2.433716858429214369e+00
2.433716858429214369e+00
2.451225612806403387e+00
2.451225612806403387e+00
2.451225612806403387e+00
2.451225612806403387e+00
2.451225612806403387e+00
2.451225612806403387e+00
2.451225612806403387e+00
2.451225612806403387e+00
2.451225612806403387e+00
2.451225612806403387e+00
2.451225612806403387e+00
2.451225612806403387e+00
2.451225612806403387e+00
2.451225612806403387e+00
2.468734367183591960e+00
2.468734367183591960e+00
2.468734367183591960e+00
2.468734367183591960e+00
2.468734367183591960e+00
2.468734367183591960e+00
2.468734367183591960e+00
2.468734367183591960e+00
2.468734367183591960e+00
2.468734367183591960e+00
2.468734367183591960e+00
2.468734367183591960e+00
2.468734367183591960e+00
2.468734367183591960e+00
2.468734367183591960e+00
2.468734367183591960e+00
2.486243121560780533e+00
2.486243121560780533e+00
2.486243121560780533e+00
2.486243121560780533e+00
2.486243121560780533e+00
2.486243121560780533e+00
2.486243121560780533e+00
2.486243121560780533e+00
2.486243121560780533e+00
2.486243121560780533e+00
2.503751875937968663e+00
2.503751875937968663e+00
2.503751875937968663e+00
2.503751875937968663e+00
2.503751875937968663e+00
2.503751875937968663e+00
2.503751875937968663e+00
2.503751875937968663e+00
2.521260630315157680e+00
2.521260630315157680e+00
2.521260630315157680e+00
2.521260630315157680e+00
2.521260630315157680e+00
2.521260630315157680e+00
2.521260630315157680e+00
2.521260630315157680e+00
2.521260630315157680e+00
2.521260630315157680e+00
2.521260630315157680e+00
2.521260630315157680e+00
2.521260630315157680e+00
2.521260630315157680e+00
2.521260630315157680e+00
2.521260630315157680e+00
2.538769384692346254e+00
2.538769384692346254e+00
2.538769384692346254e+00
2.538769384692346254e+00
2.538769384692346254e+00
2.538769384692346254e+00
2.538769384692346254e+00
2.538769384692346254e+00
2.538769384692346254e+00
2.538769384692346254e+00
2.538769384692346254e+00
2.538769384692346254e+00
2.538769384692346254e+00
2.556278139069535271e+00
2.556278139069535271e+00
2.556278139069535271e+00
2.556278139069535271e+00
2.556278139069535271e+00
2.556278139069535271e+00
2.556278139069535271e+00
2.556278139069535271e+00
2.556278139069535271e+00
2.556278139069535271e+00
2.538769384692346254e+00
2.538769384692346254e+00
2.538769384692346254e+00
2.538769384692346254e+00
2.538769384692346254e+00
2.538769384692346254e+00
2.538769384692346254e+00
2.521260630315157680e+00
2.521260630315157680e+00
2.521260630315157680e+00
2.521260630315157680e+00
2.521260630315157680e+00
2.503751875937968663e+00
2.503751875937968663e+00
2.503751875937968663e+00
2.503751875937968663e+00
2.503751875937968663e+00
2.503751875937968663e+00
2.503751875937968663e+00
2.503751875937968663e+00
2.503751875937968663e+00
2.503751875937968663e+00
2.503751875937968663e+00
2.503751875937968663e+00
2.503751875937968663e+00
2.503751875937968663e+00
2.503751875937968663e+00
2.503751875937968663e+00
2.503751875937968663e+00
2.503751875937968663e+00
2.503751875937968663e+00
2.503751875937968663e+00
2.503751875937968663e+00
2.503751875937968663e+00
2.503751875937968663e+00
2.486243121560780533e+00
2.486243121560780533e+00
2.486243121560780533e+00
2.486243121560780533e+00
2.486243121560780533e+00
2.486243121560780533e+00
2.486243121560780533e+00
2.486243121560780533e+00
2.486243121560780533e+00
2.486243121560780533e+00
2.486243121560780533e+00
2.486243121560780533e+00
2.486243121560780533e+00
2.486243121560780533e+00
2.486243121560780533e+00
2.486243121560780533e+00
2.486243121560780533e+00
2.486243121560780533e+00
2.486243121560780533e+00
2.486243121560780533e+00
2.503751875937968663e+00
2.503751875937968663e+00
2.503751875937968663e+00
2.503751875937968663e+00
2.503751875937968663e+00
2.503751875937968663e+00
2.521260630315157680e+00
2.521260630315157680e+00
2.521260630315157680e+00
2.521260630315157680e+00
2.521260630315157680e+00
2.521260630315157680e+00
2.521260630315157680e+00
2.538769384692346254e+00
2.538769384692346254e+00
2.538769384692346254e+00
2.538769384692346254e+00
2.538769384692346254e+00
2.538769384692346254e+00
2.538769384692346254e+00
2.538769384692346254e+00
2.556278139069535271e+00
2.556278139069535271e+00
2.556278139069535271e+00
2.556278139069535271e+00
2.556278139069535271e+00
2.556278139069535271e+00
2.556278139069535271e+00
2.556278139069535271e+00
2.556278139069535271e+00
2.556278139069535271e+00
2.556278139069535271e+00
2.556278139069535271e+00
2.556278139069535271e+00
2.556278139069535271e+00
2.556278139069535271e+00
2.556278139069535271e+00
2.556278139069535271e+00
2.573786893446723401e+00
2.573786893446723401e+00
2.573786893446723401e+00
2.573786893446723401e+00
2.573786893446723401e+00
2.573786893446723401e+00
2.573786893446723401e+00
2.573786893446723401e+00
2.573786893446723401e+00
2.573786893446723401e+00
2.591295647823911974e+00
2.591295647823911974e+00
2.591295647823911974e+00
2.591295647823911974e+00
2.591295647823911974e+00
2.591295647823911974e+00
2.591295647823911974e+00
2.573786893446723401e+00
2.573786893446723401e+00
2.573786893446723401e+00
2.573786893446723401e+00
2.573786893446723401e+00
2.573786893446723401e+00
2.573786893446723401e+00
2.556278139069535271e+00
2.556278139069535271e+00
2.538769384692346254e+00
2.538769384692346254e+00
2.538769384692346254e+00
2.521260630315157680e+00
2.521260630315157680e+00
2.521260630315157680e+00
2.521260630315157680e+00
2.521260630315157680e+00
2.521260630315157680e+00
2.521260630315157680e+00
2.521260630315157680e+00
2.521260630315157680e+00
2.521260630315157680e+00
2.503751875937968663e+00
2.503751875937968663e+00
2.503751875937968663e+00
2.503751875937968663e+00
2.503751875937968663e+00
2.503751875937968663e+00
2.503751875937968663e+00
2.486243121560780533e+00
2.486243121560780533e+00
2.486243121560780533e+00
2.486243121560780533e+00
2.486243121560780533e+00
2.486243121560780533e+00
2.468734367183591960e+00
2.468734367183591960e+00
2.468734367183591960e+00
2.468734367183591960e+00
2.468734367183591960e+00
2.468734367183591960e+00
2.468734367183591960e+00
2.451225612806403387e+00
2.451225612806403387e+00
2.451225612806403387e+00
2.451225612806403387e+00
2.451225612806403387e+00
2.451225612806403387e+00
2.451225612806403387e+00
2.451225612806403387e+00
2.451225612806403387e+00
2.451225612806403387e+00
2.451225612806403387e+00
2.451225612806403387e+00
2.451225612806403387e+00
2.451225612806403387e+00
2.451225612806403387e+00
2.451225612806403387e+00
2.451225612806403387e+00
2.451225612806403387e+00
2.451225612806403387e+00
2.451225612806403387e+00
2.451225612806403387e+00
2.451225612806403387e+00
2.451225612806403387e+00
2.451225612806403387e+00
2.451225612806403387e+00
2.451225612806403387e+00
2.451225612806403387e+00
2.451225612806403387e+00
2.451225612806403387e+00
2.451225612806403387e+00
2.468734367183591960e+00
2.468734367183591960e+00
2.468734367183591960e+00
2.468734367183591960e+00
2.468734367183591960e+00
2.468734367183591960e+00
2.468734367183591960e+00
2.468734367183591960e+00
2.468734367183591960e+00
2.486243121560780533e+00
2.468734367183591960e+00
2.468734367183591960e+00
2.468734367183591960e+00
2.486243121560780533e+00
2.486243121560780533e+00
2.486243121560780533e+00
2.486243121560780533e+00
2.486243121560780533e+00
2.486243121560780533e+00
2.486243121560780533e+00
2.486243121560780533e+00
2.486243121560780533e+00
2.486243121560780533e+00
2.486243121560780533e+00
2.486243121560780533e+00
2.486243121560780533e+00
2.486243121560780533e+00
2.503751875937968663e+00
2.503751875937968663e+00
2.503751875937968663e+00
2.503751875937968663e+00
2.486243121560780533e+00
2.486243121560780533e+00
2.486243121560780533e+00
2.486243121560780533e+00
2.503751875937968663e+00
2.486243121560780533e+00
2.486243121560780533e+00
2.486243121560780533e+00
2.486243121560780533e+00
2.486243121560780533e+00
2.486243121560780533e+00
2.486243121560780533e+00
2.486243121560780533e+00
2.486243121560780533e+00
2.486243121560780533e+00
2.486243121560780533e+00
2.486243121560780533e+00
2.486243121560780533e+00
2.486243121560780533e+00
2.486243121560780533e+00
2.486243121560780533e+00
2.486243121560780533e+00
2.486243121560780533e+00
2.486243121560780533e+00
2.486243121560780533e+00
2.486243121560780533e+00
2.468734367183591960e+00
2.468734367183591960e+00
2.468734367183591960e+00
2.468734367183591960e+00
2.468734367183591960e+00
2.468734367183591960e+00
2.468734367183591960e+00
2.451225612806403387e+00
2.451225612806403387e+00
2.451225612806403387e+00
2.451225612806403387e+00
2.451225612806403387e+00
2.451225612806403387e+00
2.433716858429214369e+00
2.433716858429214369e+00
2.433716858429214369e+00
2.433716858429214369e+00
2.433716858429214369e+00
2.433716858429214369e+00
2.416208104052026240e+00
2.416208104052026240e+00
2.416208104052026240e+00
2.416208104052026240e+00
2.416208104052026240e+00
2.416208104052026240e+00
2.416208104052026240e+00
2.416208104052026240e+00
2.398699349674837222e+00
2.398699349674837222e+00
2.398699349674837222e+00
2.398699349674837222e+00
2.398699349674837222e+00
2.398699349674837222e+00
2.398699349674837222e+00
2.398699349674837222e+00
2.398699349674837222e+00
2.398699349674837222e+00
2.398699349674837222e+00
2.398699349674837222e+00
2.398699349674837222e+00
2.398699349674837222e+00
2.398699349674837222e+00
2.381190595297649093e+00
2.381190595297649093e+00
2.381190595297649093e+00
2.381190595297649093e+00
2.381190595297649093e+00
2.381190595297649093e+00
2.381190595297649093e+00
2.381190595297649093e+00
2.381190595297649093e+00
2.381190595297649093e+00
2.381190595297649093e+00
2.381190595297649093e+00
2.381190595297649093e+00
2.381190595297649093e+00
2.381190595297649093e+00
2.381190595297649093e+00
2.381190595297649093e+00
2.381190595297649093e+00
2.381190595297649093e+00
2.398699349674837222e+00
2.398699349674837222e+00
2.398699349674837222e+00
2.398699349674837222e+00
2.398699349674837222e+00
2.398699349674837222e+00
2.398699349674837222e+00
2.398699349674837222e+00
2.398699349674837222e+00
2.398699349674837222e+00
2.398699349674837222e+00
2.398699349674837222e+00
2.398699349674837222e+00
2.398699349674837222e+00
2.398699349674837222e+00
2.416208104052026240e+00
2.416208104052026240e+00
2.416208104052026240e+00
2.416208104052026240e+00
2.416208104052026240e+00
2.416208104052026240e+00
2.416208104052026240e+00
2.416208104052026240e+00
2.416208104052026240e+00
2.416208104052026240e+00
2.416208104052026240e+00
2.416208104052026240e+00
2.416208104052026240e+00
2.416208104052026240e+00
2.416208104052026240e+00
2.416208104052026240e+00
2.416208104052026240e+00
2.416208104052026240e+00
2.416208104052026240e+00
2.416208104052026240e+00
2.416208104052026240e+00
2.416208104052026240e+00
2.416208104052026240e+00
2.433716858429214369e+00
2.433716858429214369e+00
2.433716858429214369e+00
2.433716858429214369e+00
2.433716858429214369e+00
2.433716858429214369e+00
2.433716858429214369e+00
2.433716858429214369e+00
2.433716858429214369e+00
2.433716858429214369e+00
2.433716858429214369e+00
2.433716858429214369e+00
2.433716858429214369e+00
2.433716858429214369e+00
2.433716858429214369e+00
2.433716858429214369e+00
2.433716858429214369e+00
2.433716858429214369e+00
2.433716858429214369e+00
2.433716858429214369e+00
2.433716858429214369e+00
2.433716858429214369e+00
2.433716858429214369e+00
2.433716858429214369e+00
2.433716858429214369e+00
2.433716858429214369e+00
2.433716858429214369e+00
2.433716858429214369e+00
2.433716858429214369e+00
2.433716858429214369e+00
2.433716858429214369e+00
2.433716858429214369e+00
2.451225612806403387e+00
2.451225612806403387e+00
2.451225612806403387e+00
2.451225612806403387e+00
2.451225612806403387e+00
2.451225612806403387e+00
2.451225612806403387e+00
2.451225612806403387e+00
2.451225612806403387e+00
2.451225612806403387e+00
2.451225612806403387e+00
2.451225612806403387e+00
2.451225612806403387e+00
2.451225612806403387e+00
2.468734367183591960e+00
2.468734367183591960e+00
2.468734367183591960e+00
2.468734367183591960e+00
2.468734367183591960e+00
2.468734367183591960e+00
2.468734367183591960e+00
2.468734367183591960e+00
2.468734367183591960e+00
2.468734367183591960e+00
2.468734367183591960e+00
2.468734367183591960e+00
2.486243121560780533e+00
2.486243121560780533e+00
2.486243121560780533e+00
2.486243121560780533e+00
2.486243121560780533e+00
2.503751875937968663e+00
2.503751875937968663e+00
2.503751875937968663e+00
2.503751875937968663e+00
2.521260630315157680e+00
2.521260630315157680e+00
2.521260630315157680e+00
2.538769384692346254e+00
2.538769384692346254e+00
2.538769384692346254e+00
2.556278139069535271e+00
2.556278139069535271e+00
2.556278139069535271e+00
2.573786893446723401e+00
2.573786893446723401e+00
2.591295647823911974e+00
2.608804402201100547e+00
2.608804402201100547e+00
2.626313156578289121e+00
2.626313156578289121e+00
2.643821910955478138e+00
2.661330665332666712e+00
2.678839419709855285e+00
2.696348174087043414e+00
2.713856928464231988e+00
2.731365682841421005e+00
2.748874437218609135e+00
2.766383191595797708e+00
2.801400700350175299e+00
2.836418209104552002e+00
2.853926963481740575e+00
2.888944472236118166e+00
2.941470735367683442e+00
2.976488244122061033e+00
3.011505752876438180e+00
3.046523261630815771e+00
3.081540770385193362e+00
3.116558279139569620e+00
3.151575787893947211e+00
3.186593296648323914e+00
3.221610805402701505e+00
3.239119559779890078e+00
3.274137068534267225e+00
3.274137068534267225e+00
3.274137068534267225e+00
3.256628314157078652e+00
3.221610805402701505e+00
3.151575787893947211e+00
3.046523261630815771e+00
2.958979489744872460e+00
2.923961980990494869e+00
2.976488244122061033e+00
2.976488244122061033e+00
2.941470735367683442e+00
2.941470735367683442e+00
2.958979489744872460e+00
2.993996998499250051e+00
3.029014507253626753e+00
3.064032016008003900e+00
3.099049524762381047e+00
3.151575787893947211e+00
3.186593296648323914e+00
3.221610805402701505e+00
3.256628314157078652e+00
3.274137068534267225e+00
3.309154577288644816e+00
3.344172086043021519e+00
3.361680840420210092e+00
3.396698349174587683e+00
3.414207103551776257e+00
3.449224612306152959e+00
3.466733366683341533e+00
3.484242121060530550e+00
3.501750875437719124e+00
3.519259629814907253e+00
3.536768384192096271e+00
3.554277138569284400e+00
3.571785892946473862e+00
3.589294647323661991e+00
3.606803401700850120e+00
3.606803401700850120e+00
3.624312156078039138e+00
3.624312156078039138e+00
3.641820910455227711e+00
3.641820910455227711e+00
3.659329664832416729e+00
3.659329664832416729e+00
3.659329664832416729e+00
3.659329664832416729e+00
3.676838419209605302e+00
3.676838419209605302e+00
3.676838419209605302e+00
3.676838419209605302e+00
3.676838419209605302e+00
3.676838419209605302e+00
3.676838419209605302e+00
3.676838419209605302e+00
3.694347173586792987e+00
3.694347173586792987e+00
3.694347173586792987e+00
3.694347173586792987e+00
3.694347173586792987e+00
3.694347173586792987e+00
3.694347173586792987e+00
3.694347173586792987e+00
3.711855927963982005e+00
3.711855927963982005e+00
3.711855927963982005e+00
3.711855927963982005e+00
3.711855927963982005e+00
3.711855927963982005e+00
3.711855927963982005e+00
3.711855927963982005e+00
3.729364682341170578e+00
3.729364682341170578e+00
3.729364682341170578e+00
3.729364682341170578e+00
3.746873436718359596e+00
3.746873436718359596e+00
3.746873436718359596e+00
3.764382191095547725e+00
3.764382191095547725e+00
3.764382191095547725e+00
3.764382191095547725e+00
3.781890945472735854e+00
3.781890945472735854e+00
3.781890945472735854e+00
3.781890945472735854e+00
3.799399699849925316e+00
3.799399699849925316e+00
3.799399699849925316e+00
3.799399699849925316e+00
3.799399699849925316e+00
3.816908454227113445e+00
3.816908454227113445e+00
3.816908454227113445e+00
3.816908454227113445e+00
3.834417208604302463e+00
3.834417208604302463e+00
3.834417208604302463e+00
3.851925962981490592e+00
3.851925962981490592e+00
3.851925962981490592e+00
3.851925962981490592e+00
3.869434717358679165e+00
3.869434717358679165e+00
3.869434717358679165e+00
3.886943471735868183e+00
3.886943471735868183e+00
3.886943471735868183e+00
3.886943471735868183e+00
3.886943471735868183e+00
3.904452226113056756e+00
3.904452226113056756e+00
3.904452226113056756e+00
3.904452226113056756e+00
3.921960980490245774e+00
3.921960980490245774e+00
3.921960980490245774e+00
3.939469734867433459e+00
3.939469734867433459e+00
3.939469734867433459e+00
3.956978489244622033e+00
3.956978489244622033e+00
3.956978489244622033e+00
3.956978489244622033e+00
3.974487243621811050e+00
3.974487243621811050e+00
3.974487243621811050e+00
3.974487243621811050e+00
3.991995997998999623e+00
3.991995997998999623e+00
3.991995997998999623e+00
3.991995997998999623e+00
3.991995997998999623e+00
3.991995997998999623e+00
3.991995997998999623e+00
3.991995997998999623e+00
3.991995997998999623e+00
3.991995997998999623e+00
3.974487243621811050e+00
3.974487243621811050e+00
3.974487243621811050e+00
3.974487243621811050e+00
3.974487243621811050e+00
3.974487243621811050e+00
3.956978489244622033e+00
3.956978489244622033e+00
3.956978489244622033e+00
3.956978489244622033e+00
3.956978489244622033e+00
3.956978489244622033e+00
3.939469734867433459e+00
3.939469734867433459e+00
3.939469734867433459e+00
3.939469734867433459e+00
3.939469734867433459e+00
3.921960980490245774e+00
3.921960980490245774e+00
3.921960980490245774e+00
3.921960980490245774e+00
3.904452226113056756e+00
3.904452226113056756e+00
3.904452226113056756e+00
3.886943471735868183e+00
3.886943471735868183e+00
3.886943471735868183e+00
3.886943471735868183e+00
3.869434717358679165e+00
3.869434717358679165e+00
3.851925962981490592e+00
3.851925962981490592e+00
3.851925962981490592e+00
3.834417208604302463e+00
3.834417208604302463e+00
3.816908454227113445e+00
3.816908454227113445e+00
3.816908454227113445e+00
3.799399699849925316e+00
3.799399699849925316e+00
3.799399699849925316e+00
3.799399699849925316e+00
3.799399699849925316e+00
3.781890945472735854e+00
3.781890945472735854e+00
3.781890945472735854e+00
3.781890945472735854e+00
3.781890945472735854e+00
3.781890945472735854e+00
3.781890945472735854e+00
3.781890945472735854e+00
3.781890945472735854e+00
3.781890945472735854e+00
3.781890945472735854e+00
3.781890945472735854e+00
3.781890945472735854e+00
3.764382191095547725e+00
3.764382191095547725e+00
3.764382191095547725e+00
3.764382191095547725e+00
3.764382191095547725e+00
3.764382191095547725e+00
3.764382191095547725e+00
3.764382191095547725e+00
3.764382191095547725e+00
3.764382191095547725e+00
3.764382191095547725e+00
3.764382191095547725e+00
3.764382191095547725e+00
3.764382191095547725e+00
3.764382191095547725e+00
3.764382191095547725e+00
3.764382191095547725e+00
3.781890945472735854e+00
3.781890945472735854e+00
3.781890945472735854e+00
3.781890945472735854e+00
3.781890945472735854e+00
3.781890945472735854e+00
3.781890945472735854e+00
3.799399699849925316e+00
3.799399699849925316e+00
3.799399699849925316e+00
3.799399699849925316e+00
3.816908454227113445e+00
3.816908454227113445e+00
3.816908454227113445e+00
3.816908454227113445e+00
3.834417208604302463e+00
3.834417208604302463e+00
3.834417208604302463e+00
3.834417208604302463e+00
3.851925962981490592e+00
3.851925962981490592e+00
3.851925962981490592e+00
3.851925962981490592e+00
3.869434717358679165e+00
3.869434717358679165e+00
3.869434717358679165e+00
3.869434717358679165e+00
3.886943471735868183e+00
3.886943471735868183e+00
3.886943471735868183e+00
3.886943471735868183e+00
3.904452226113056756e+00
3.904452226113056756e+00
3.904452226113056756e+00
3.921960980490245774e+00
3.921960980490245774e+00
3.921960980490245774e+00
3.939469734867433459e+00
3.939469734867433459e+00
3.939469734867433459e+00
3.956978489244622033e+00
3.956978489244622033e+00
3.974487243621811050e+00
3.974487243621811050e+00
3.974487243621811050e+00
3.991995997998999623e+00
3.991995997998999623e+00
4.009504752376188641e+00
4.009504752376188641e+00
4.027013506753376326e+00
4.027013506753376326e+00
4.044522261130564900e+00
4.044522261130564900e+00
4.062031015507754361e+00
4.062031015507754361e+00
4.062031015507754361e+00
4.079539769884942935e+00
4.079539769884942935e+00
4.097048524262131508e+00
4.114557278639319193e+00
4.114557278639319193e+00
4.132066033016507767e+00
4.149574787393697228e+00
4.167083541770885802e+00
4.184592296148074375e+00
4.202101050525262949e+00
4.219609804902451522e+00
4.237118559279640095e+00
4.272136068034017242e+00
4.307153576788394389e+00
4.342171085542771536e+00
4.377188594297148683e+00
4.412206103051525830e+00
4.447223611805902976e+00
4.499749874937469585e+00
4.552276138069034417e+00
4.587293646823412452e+00
4.639819909954977284e+00
4.674837418709355319e+00
4.709854927463731578e+00
4.762381190595298186e+00
4.814907453726863906e+00
4.867433716858428738e+00
4.902451225612806773e+00
4.954977488744372494e+00
4.989994997498748752e+00
5.007503751875937326e+00
5.025012506253126787e+00
5.007503751875937326e+00
4.954977488744372494e+00
4.849924962481241053e+00
4.727363681840921039e+00
4.604802401200601025e+00
4.482241120560280123e+00
4.342171085542771536e+00
4.237118559279640095e+00
4.254627313656828669e+00
4.464732366183091550e+00
4.657328664332165857e+00
4.762381190595298186e+00
4.832416208104052480e+00
4.884942471235617312e+00
4.919959979989995347e+00
4.954977488744372494e+00
4.972486243121561067e+00
4.989994997498748752e+00
5.025012506253126787e+00
5.042521260630315361e+00
5.060030015007503934e+00
5.077538769384692507e+00
5.077538769384692507e+00
5.095047523761881081e+00
5.112556278139070542e+00
5.112556278139070542e+00
5.130065032516258228e+00
5.130065032516258228e+00
5.147573786893446801e+00
5.147573786893446801e+00
5.165082541270635375e+00
5.165082541270635375e+00
5.165082541270635375e+00
5.165082541270635375e+00
5.182591295647823948e+00
5.182591295647823948e+00
5.200100050025012521e+00
5.200100050025012521e+00
5.217608804402201095e+00
5.217608804402201095e+00
5.235117558779390556e+00
5.235117558779390556e+00
5.217608804402201095e+00
5.217608804402201095e+00
5.217608804402201095e+00
5.217608804402201095e+00
5.217608804402201095e+00
5.235117558779390556e+00
5.252626313156578242e+00
5.252626313156578242e+00
5.270135067533766815e+00
5.287643821910956277e+00
5.287643821910956277e+00
5.305152576288143962e+00
5.322661330665333423e+00
5.322661330665333423e+00
5.340170085042521109e+00
5.340170085042521109e+00
5.357678839419710570e+00
5.375187593796898256e+00
5.375187593796898256e+00
5.392696348174086829e+00
5.392696348174086829e+00
5.410205102551276291e+00
5.410205102551276291e+00
5.427713856928463976e+00
5.445222611305653437e+00
5.445222611305653437e+00
5.462731365682842011e+00
5.480240120060030584e+00
5.480240120060030584e+00
5.497748874437218269e+00
5.515257628814406843e+00
5.515257628814406843e+00
5.532766383191595416e+00
5.550275137568783990e+00
5.550275137568783990e+00
5.567783891945973451e+00
5.567783891945973451e+00
5.585292646323162025e+00
5.585292646323162025e+00
5.602801400700350598e+00
5.602801400700350598e+00
5.620310155077539171e+00
5.620310155077539171e+00
5.637818909454728633e+00
5.637818909454728633e+00
5.637818909454728633e+00
5.655327663831916318e+00
5.655327663831916318e+00
5.655327663831916318e+00
5.672836418209104004e+00
5.672836418209104004e+00
5.672836418209104004e+00
5.690345172586293465e+00
5.690345172586293465e+00
5.690345172586293465e+00
5.690345172586293465e+00
5.707853926963481150e+00
5.707853926963481150e+00
5.707853926963481150e+00
5.707853926963481150e+00
5.725362681340669724e+00
5.725362681340669724e+00
5.725362681340669724e+00
5.742871435717859185e+00
5.742871435717859185e+00
5.742871435717859185e+00
5.742871435717859185e+00
5.760380190095048647e+00
5.760380190095048647e+00
5.760380190095048647e+00
5.760380190095048647e+00
5.760380190095048647e+00
5.760380190095048647e+00
5.760380190095048647e+00
5.777888944472236332e+00
5.777888944472236332e+00
5.777888944472236332e+00
5.777888944472236332e+00
5.777888944472236332e+00
5.777888944472236332e+00
5.777888944472236332e+00
5.777888944472236332e+00
5.777888944472236332e+00
5.777888944472236332e+00
5.795397698849424906e+00
5.795397698849424906e+00
5.795397698849424906e+00
5.795397698849424906e+00
5.777888944472236332e+00
5.777888944472236332e+00
5.777888944472236332e+00
5.777888944472236332e+00
5.777888944472236332e+00
5.777888944472236332e+00
5.777888944472236332e+00
5.777888944472236332e+00
5.760380190095048647e+00
5.760380190095048647e+00
5.760380190095048647e+00
5.742871435717859185e+00
5.742871435717859185e+00
5.725362681340669724e+00
5.725362681340669724e+00
5.725362681340669724e+00
5.707853926963481150e+00
5.707853926963481150e+00
5.690345172586293465e+00
5.690345172586293465e+00
5.690345172586293465e+00
5.672836418209104004e+00
5.672836418209104004e+00
5.672836418209104004e+00
5.672836418209104004e+00
5.655327663831916318e+00
5.655327663831916318e+00
5.655327663831916318e+00
5.655327663831916318e+00
5.637818909454728633e+00
5.637818909454728633e+00
5.637818909454728633e+00
5.620310155077539171e+00
5.620310155077539171e+00
5.602801400700350598e+00
5.602801400700350598e+00
5.602801400700350598e+00
5.585292646323162025e+00
5.585292646323162025e+00
5.567783891945973451e+00
5.567783891945973451e+00
5.567783891945973451e+00
5.550275137568783990e+00
5.550275137568783990e+00
5.550275137568783990e+00
5.550275137568783990e+00
5.532766383191595416e+00
5.532766383191595416e+00
5.532766383191595416e+00
5.532766383191595416e+00
5.532766383191595416e+00
5.532766383191595416e+00
5.532766383191595416e+00
5.532766383191595416e+00
5.532766383191595416e+00
5.532766383191595416e+00
5.532766383191595416e+00
5.532766383191595416e+00
5.532766383191595416e+00
5.515257628814406843e+00
5.515257628814406843e+00
5.515257628814406843e+00
5.532766383191595416e+00
5.532766383191595416e+00
5.532766383191595416e+00
5.532766383191595416e+00
5.532766383191595416e+00
5.550275137568783990e+00
5.550275137568783990e+00
5.550275137568783990e+00
5.567783891945973451e+00
5.550275137568783990e+00
5.550275137568783990e+00
5.550275137568783990e+00
5.550275137568783990e+00
5.550275137568783990e+00
5.550275137568783990e+00
5.550275137568783990e+00
5.550275137568783990e+00
5.550275137568783990e+00
5.550275137568783990e+00
5.550275137568783990e+00
5.550275137568783990e+00
5.550275137568783990e+00
5.567783891945973451e+00
5.567783891945973451e+00
5.567783891945973451e+00
5.567783891945973451e+00
5.567783891945973451e+00
5.567783891945973451e+00
5.567783891945973451e+00
5.567783891945973451e+00
5.567783891945973451e+00
5.567783891945973451e+00
5.567783891945973451e+00
5.567783891945973451e+00
5.567783891945973451e+00
5.567783891945973451e+00
5.567783891945973451e+00
5.567783891945973451e+00
5.567783891945973451e+00
5.567783891945973451e+00
5.567783891945973451e+00
5.567783891945973451e+00
5.550275137568783990e+00
5.550275137568783990e+00
5.550275137568783990e+00
5.550275137568783990e+00
5.550275137568783990e+00
5.532766383191595416e+00
5.532766383191595416e+00
5.532766383191595416e+00
5.532766383191595416e+00
5.515257628814406843e+00
5.515257628814406843e+00
5.515257628814406843e+00
5.497748874437218269e+00
5.497748874437218269e+00
5.480240120060030584e+00
5.480240120060030584e+00
5.462731365682842011e+00
5.462731365682842011e+00
5.445222611305653437e+00
5.445222611305653437e+00
5.427713856928463976e+00
5.410205102551276291e+00
5.410205102551276291e+00
5.392696348174086829e+00
5.392696348174086829e+00
5.375187593796898256e+00
5.375187593796898256e+00
5.375187593796898256e+00
5.357678839419710570e+00
5.357678839419710570e+00
5.357678839419710570e+00
5.340170085042521109e+00
5.340170085042521109e+00
5.340170085042521109e+00
5.322661330665333423e+00
5.322661330665333423e+00
5.322661330665333423e+00
5.305152576288143962e+00
5.305152576288143962e+00
5.305152576288143962e+00
5.305152576288143962e+00
5.305152576288143962e+00
5.305152576288143962e+00
5.287643821910956277e+00
5.287643821910956277e+00
5.287643821910956277e+00
5.287643821910956277e+00
5.287643821910956277e+00
5.287643821910956277e+00
5.287643821910956277e+00
5.287643821910956277e+00
5.287643821910956277e+00
5.287643821910956277e+00
5.305152576288143962e+00
5.305152576288143962e+00
5.305152576288143962e+00
5.305152576288143962e+00
5.322661330665333423e+00
5.322661330665333423e+00
5.322661330665333423e+00
5.340170085042521109e+00
5.340170085042521109e+00
5.340170085042521109e+00
5.357678839419710570e+00
5.357678839419710570e+00
5.375187593796898256e+00
5.375187593796898256e+00
5.392696348174086829e+00
5.410205102551276291e+00
5.427713856928463976e+00
5.445222611305653437e+00
5.462731365682842011e+00
5.480240120060030584e+00
5.497748874437218269e+00
5.515257628814406843e+00
5.532766383191595416e+00
5.550275137568783990e+00
5.567783891945973451e+00
5.602801400700350598e+00
5.620310155077539171e+00
5.637818909454728633e+00
5.655327663831916318e+00
5.672836418209104004e+00
5.707853926963481150e+00
5.725362681340669724e+00
5.742871435717859185e+00
5.760380190095048647e+00
5.795397698849424906e+00
5.812906453226614367e+00
5.847923961980989738e+00
5.865432716358179199e+00
5.882941470735366885e+00
5.917958979489744920e+00
5.952976488244122066e+00
5.987993996998500101e+00
6.023011505752876360e+00
6.040520260130064933e+00
6.075537768884442080e+00
6.110555277638820115e+00
6.163081540770386724e+00
6.215607803901951556e+00
6.303151575787894423e+00
6.408204102051024975e+00
6.513256628314157304e+00
6.583291645822910709e+00
6.670835417708855353e+00
6.723361680840420185e+00
6.775887943971985905e+00
6.810905452726363052e+00
6.863431715857929660e+00
6.880940470235117346e+00
6.915957978989495381e+00
6.950975487743872527e+00
6.968484242121061101e+00
6.985992996498248786e+00
7.003501750875438248e+00
7.021010505252625933e+00
7.038519259629814506e+00
7.038519259629814506e+00
7.056028014007003080e+00
7.073536768384192541e+00
7.073536768384192541e+00
7.073536768384192541e+00
7.091045522761381115e+00
7.091045522761381115e+00
7.091045522761381115e+00
7.108554277138568800e+00
7.108554277138568800e+00
7.108554277138568800e+00
7.126063031515758261e+00
7.126063031515758261e+00
7.126063031515758261e+00
7.126063031515758261e+00
7.143571785892947723e+00
7.143571785892947723e+00
7.143571785892947723e+00
7.126063031515758261e+00
7.126063031515758261e+00
7.126063031515758261e+00
7.126063031515758261e+00
7.108554277138568800e+00
7.108554277138568800e+00
7.091045522761381115e+00
7.091045522761381115e+00
7.073536768384192541e+00
7.073536768384192541e+00
7.056028014007003080e+00
7.038519259629814506e+00
7.038519259629814506e+00
7.021010505252625933e+00
7.021010505252625933e+00
7.003501750875438248e+00
7.003501750875438248e+00
6.985992996498248786e+00
6.985992996498248786e+00
6.968484242121061101e+00
6.950975487743872527e+00
6.950975487743872527e+00
6.933466733366683066e+00
6.915957978989495381e+00
6.880940470235117346e+00
6.863431715857929660e+00
6.845922961480741087e+00
6.828414207103552513e+00
6.793396698349175367e+00
6.775887943971985905e+00
6.740870435217609646e+00
6.705852926463230723e+00
6.688344172086043038e+00
6.653326663331665891e+00
6.618309154577289632e+00
6.565782891445723024e+00
6.513256628314157304e+00
6.460730365182591584e+00
6.390695347673837290e+00
6.320660330165082996e+00
6.215607803901951556e+00
6.128064032016007801e+00
6.040520260130064933e+00
5.987993996998500101e+00
5.970485242621311528e+00
5.952976488244122066e+00
5.935467733866934381e+00
5.935467733866934381e+00
5.935467733866934381e+00
5.917958979489744920e+00
5.900450225112556346e+00
5.882941470735366885e+00
5.847923961980989738e+00
5.830415207603802052e+00
5.830415207603802052e+00
5.830415207603802052e+00
5.812906453226614367e+00
5.812906453226614367e+00
5.795397698849424906e+00
5.777888944472236332e+00
5.777888944472236332e+00
5.760380190095048647e+00
5.760380190095048647e+00
5.742871435717859185e+00
5.742871435717859185e+00
5.742871435717859185e+00
5.725362681340669724e+00
5.725362681340669724e+00
5.725362681340669724e+00
5.725362681340669724e+00
5.725362681340669724e+00
5.725362681340669724e+00
5.725362681340669724e+00
5.725362681340669724e+00
5.725362681340669724e+00
5.725362681340669724e+00
5.725362681340669724e+00
5.725362681340669724e+00
5.725362681340669724e+00
5.707853926963481150e+00
5.707853926963481150e+00
5.707853926963481150e+00
5.725362681340669724e+00
5.725362681340669724e+00
5.725362681340669724e+00
5.725362681340669724e+00
5.742871435717859185e+00
5.742871435717859185e+00
5.742871435717859185e+00
5.742871435717859185e+00
5.760380190095048647e+00
5.760380190095048647e+00
5.760380190095048647e+00
5.760380190095048647e+00
5.777888944472236332e+00
5.777888944472236332e+00
5.777888944472236332e+00
5.777888944472236332e+00
5.777888944472236332e+00
5.795397698849424906e+00
5.795397698849424906e+00
5.795397698849424906e+00
5.795397698849424906e+00
5.812906453226614367e+00
5.812906453226614367e+00
5.812906453226614367e+00
5.812906453226614367e+00
5.812906453226614367e+00
5.830415207603802052e+00
5.830415207603802052e+00
5.830415207603802052e+00
5.830415207603802052e+00
5.830415207603802052e+00
5.830415207603802052e+00
5.830415207603802052e+00
5.830415207603802052e+00
5.830415207603802052e+00
5.830415207603802052e+00
5.830415207603802052e+00
5.830415207603802052e+00
5.830415207603802052e+00
5.812906453226614367e+00
5.812906453226614367e+00
5.812906453226614367e+00
5.812906453226614367e+00
5.830415207603802052e+00
5.830415207603802052e+00
5.830415207603802052e+00
5.830415207603802052e+00
5.830415207603802052e+00
5.830415207603802052e+00
5.847923961980989738e+00
5.847923961980989738e+00
5.847923961980989738e+00
5.865432716358179199e+00
5.865432716358179199e+00
5.882941470735366885e+00
5.900450225112556346e+00
5.900450225112556346e+00
5.900450225112556346e+00
5.900450225112556346e+00
5.900450225112556346e+00
5.900450225112556346e+00
5.900450225112556346e+00
5.917958979489744920e+00
5.917958979489744920e+00
5.917958979489744920e+00
5.935467733866934381e+00
5.952976488244122066e+00
5.987993996998500101e+00
6.023011505752876360e+00
6.093046523261631542e+00
6.180590295147573521e+00
6.268134067033517276e+00
6.355677838919459255e+00
6.408204102051024975e+00
6.443221610805403010e+00
6.478239119559780157e+00
6.513256628314157304e+00
6.530765382691344989e+00
6.565782891445723024e+00
6.583291645822910709e+00
6.583291645822910709e+00
6.600800400200100171e+00
6.618309154577289632e+00
6.618309154577289632e+00
6.635817908954477318e+00
6.653326663331665891e+00
6.670835417708855353e+00
6.670835417708855353e+00
6.688344172086043038e+00
6.723361680840420185e+00
6.740870435217609646e+00
6.758379189594797332e+00
6.793396698349175367e+00
6.810905452726363052e+00
6.828414207103552513e+00
6.863431715857929660e+00
6.880940470235117346e+00
6.915957978989495381e+00
6.933466733366683066e+00
6.950975487743872527e+00
6.968484242121061101e+00
6.985992996498248786e+00
7.021010505252625933e+00
7.038519259629814506e+00
7.056028014007003080e+00
7.073536768384192541e+00
7.091045522761381115e+00
7.108554277138568800e+00
7.126063031515758261e+00
7.143571785892947723e+00
7.161080540270135408e+00
7.196098049024512555e+00
7.213606803401700240e+00
7.231115557778888814e+00
7.248624312156078275e+00
7.266133066533266849e+00
7.283641820910455422e+00
7.301150575287643996e+00
7.318659329664833457e+00
7.336168084042021142e+00
7.353676838419210604e+00
7.371185592796398289e+00
7.388694347173585975e+00
7.406203101550775436e+00
7.423711855927964010e+00
7.441220610305153471e+00
7.458729364682341156e+00
7.476238119059530618e+00
7.493746873436719191e+00
7.511255627813906877e+00
7.528764382191095450e+00
7.563781890945471709e+00
7.581290645322661170e+00
7.598799399699850632e+00
7.616308154077039205e+00
7.616308154077039205e+00
7.633816908454226891e+00
7.633816908454226891e+00
7.633816908454226891e+00
7.651325662831416352e+00
7.651325662831416352e+00
7.651325662831416352e+00
7.668834417208604926e+00
7.668834417208604926e+00
7.668834417208604926e+00
7.686343171585793499e+00
7.686343171585793499e+00
7.703851925962981184e+00
7.721360680340170646e+00
7.721360680340170646e+00
7.703851925962981184e+00
7.773886943471736366e+00
7.861430715357679233e+00
7.861430715357679233e+00
7.861430715357679233e+00
7.843921960980491548e+00
7.808904452226113513e+00
7.791395697848924051e+00
7.756378189094546904e+00
7.738869434717358331e+00
7.721360680340170646e+00
7.703851925962981184e+00
7.703851925962981184e+00
7.686343171585793499e+00
7.686343171585793499e+00
7.668834417208604926e+00
7.668834417208604926e+00
7.668834417208604926e+00
7.668834417208604926e+00
7.668834417208604926e+00
7.651325662831416352e+00
7.651325662831416352e+00
7.633816908454226891e+00
7.633816908454226891e+00
7.616308154077039205e+00
7.598799399699850632e+00
7.581290645322661170e+00
7.563781890945471709e+00
7.546273136568284023e+00
7.546273136568284023e+00
7.528764382191095450e+00
7.511255627813906877e+00
7.493746873436719191e+00
7.493746873436719191e+00
7.476238119059530618e+00
7.458729364682341156e+00
7.423711855927964010e+00
7.423711855927964010e+00
7.406203101550775436e+00
7.406203101550775436e+00
7.388694347173585975e+00
7.371185592796398289e+00
7.353676838419210604e+00
7.353676838419210604e+00
7.336168084042021142e+00
7.336168084042021142e+00
7.318659329664833457e+00
7.301150575287643996e+00
7.283641820910455422e+00
7.266133066533266849e+00
7.248624312156078275e+00
7.231115557778888814e+00
7.213606803401700240e+00
7.196098049024512555e+00
7.178589294647323982e+00
7.161080540270135408e+00
7.143571785892947723e+00
7.126063031515758261e+00
7.126063031515758261e+00
7.108554277138568800e+00
7.108554277138568800e+00
7.091045522761381115e+00
7.091045522761381115e+00
7.073536768384192541e+00
7.073536768384192541e+00
7.073536768384192541e+00
7.056028014007003080e+00
7.056028014007003080e+00
7.056028014007003080e+00
7.038519259629814506e+00
7.038519259629814506e+00
7.038519259629814506e+00
7.021010505252625933e+00
7.021010505252625933e+00
7.003501750875438248e+00
7.003501750875438248e+00
6.985992996498248786e+00
6.985992996498248786e+00
6.968484242121061101e+00
6.968484242121061101e+00
6.950975487743872527e+00
6.950975487743872527e+00
6.950975487743872527e+00
6.950975487743872527e+00
6.933466733366683066e+00
6.933466733366683066e+00
6.933466733366683066e+00
6.915957978989495381e+00
6.915957978989495381e+00
6.915957978989495381e+00
6.915957978989495381e+00
6.898449224612305919e+00
6.898449224612305919e+00
6.898449224612305919e+00
6.898449224612305919e+00
6.898449224612305919e+00
6.898449224612305919e+00
6.898449224612305919e+00
6.898449224612305919e+00
6.898449224612305919e+00
6.898449224612305919e+00
6.898449224612305919e+00
6.898449224612305919e+00
6.898449224612305919e+00
6.898449224612305919e+00
6.898449224612305919e+00
6.898449224612305919e+00
6.898449224612305919e+00
6.898449224612305919e+00
6.880940470235117346e+00
6.880940470235117346e+00
6.880940470235117346e+00
6.880940470235117346e+00
6.863431715857929660e+00
6.863431715857929660e+00
6.880940470235117346e+00
6.880940470235117346e+00
6.880940470235117346e+00
6.880940470235117346e+00
6.898449224612305919e+00
6.898449224612305919e+00
6.898449224612305919e+00
6.915957978989495381e+00
6.915957978989495381e+00
6.915957978989495381e+00
6.933466733366683066e+00
6.933466733366683066e+00
6.933466733366683066e+00
6.933466733366683066e+00
6.933466733366683066e+00
6.933466733366683066e+00
6.933466733366683066e+00
6.933466733366683066e+00
6.950975487743872527e+00
6.950975487743872527e+00
6.968484242121061101e+00
6.968484242121061101e+00
6.968484242121061101e+00
6.985992996498248786e+00
6.985992996498248786e+00
7.003501750875438248e+00
7.003501750875438248e+00
7.021010505252625933e+00
7.021010505252625933e+00
7.038519259629814506e+00
7.038519259629814506e+00
7.056028014007003080e+00
7.056028014007003080e+00
7.073536768384192541e+00
7.073536768384192541e+00
7.073536768384192541e+00
7.091045522761381115e+00
7.091045522761381115e+00
7.108554277138568800e+00
7.108554277138568800e+00
7.126063031515758261e+00
7.143571785892947723e+00
7.143571785892947723e+00
7.161080540270135408e+00
7.196098049024512555e+00
7.213606803401700240e+00
7.231115557778888814e+00
7.248624312156078275e+00
7.266133066533266849e+00
7.283641820910455422e+00
7.318659329664833457e+00
7.336168084042021142e+00
7.353676838419210604e+00
7.388694347173585975e+00
7.423711855927964010e+00
7.476238119059530618e+00
7.528764382191095450e+00
7.581290645322661170e+00
7.668834417208604926e+00
7.738869434717358331e+00
7.826413206603302086e+00
7.896448224112056380e+00
7.966483241620809785e+00
8.036518259129564967e+00
8.071535767883942114e+00
8.124062031015508722e+00
8.159079539769885869e+00
8.176588294147073555e+00
8.194097048524263016e+00
8.211605802901450701e+00
8.229114557278638387e+00
8.264132066033015533e+00
8.281640820410204995e+00
8.316658329164582142e+00
8.351675837918961065e+00
8.386693346673336436e+00
8.421710855427713582e+00
8.456728364182090729e+00
8.491745872936467876e+00
8.526763381690846799e+00
8.544272136068034484e+00
8.579289644822411631e+00
8.614307153576788778e+00
8.631815907953976463e+00
8.666833416708353610e+00
8.684342171085543072e+00
8.719359679839918442e+00
8.736868434217107904e+00
8.754377188594297365e+00
8.789394697348674512e+00
8.806903451725863974e+00
8.824412206103051659e+00
8.824412206103051659e+00
8.841920960480241121e+00
8.859429714857428806e+00
8.876938469234618267e+00
8.894447223611805953e+00
8.894447223611805953e+00
8.911955977988993638e+00
8.929464732366183100e+00
8.929464732366183100e+00
8.946973486743372561e+00
8.964482241120560246e+00
8.981990995497749708e+00
8.999499749874939170e+00
8.999499749874939170e+00
9.017008504252126855e+00
9.034517258629314540e+00
9.034517258629314540e+00
9.052026013006504002e+00
9.069534767383691687e+00
9.069534767383691687e+00
9.069534767383691687e+00
9.069534767383691687e+00
9.087043521760879372e+00
9.087043521760879372e+00
9.087043521760879372e+00
9.087043521760879372e+00
9.069534767383691687e+00
9.069534767383691687e+00
9.069534767383691687e+00
9.069534767383691687e+00
9.069534767383691687e+00
9.069534767383691687e+00
9.052026013006504002e+00
9.052026013006504002e+00
9.052026013006504002e+00
9.034517258629314540e+00
9.034517258629314540e+00
9.034517258629314540e+00
9.017008504252126855e+00
9.017008504252126855e+00
8.999499749874939170e+00
8.981990995497749708e+00
8.981990995497749708e+00
8.964482241120560246e+00
8.946973486743372561e+00
8.946973486743372561e+00
8.929464732366183100e+00
8.911955977988993638e+00
8.894447223611805953e+00
8.876938469234618267e+00
8.859429714857428806e+00
8.859429714857428806e+00
8.841920960480241121e+00
8.824412206103051659e+00
8.806903451725863974e+00
8.806903451725863974e+00
8.789394697348674512e+00
8.789394697348674512e+00
8.771885942971486827e+00
8.771885942971486827e+00
8.754377188594297365e+00
8.754377188594297365e+00
8.736868434217107904e+00
8.736868434217107904e+00
8.719359679839918442e+00
8.701850925462732533e+00
8.701850925462732533e+00
8.684342171085543072e+00
8.666833416708353610e+00
8.666833416708353610e+00
8.649324662331165925e+00
8.649324662331165925e+00
8.631815907953976463e+00
8.631815907953976463e+00
8.614307153576788778e+00
8.614307153576788778e+00
8.596798399199601093e+00
8.596798399199601093e+00
8.596798399199601093e+00
8.596798399199601093e+00
8.579289644822411631e+00
8.579289644822411631e+00
8.579289644822411631e+00
8.561780890445222170e+00
8.561780890445222170e+00
8.561780890445222170e+00
8.544272136068034484e+00
8.544272136068034484e+00
8.544272136068034484e+00
8.526763381690846799e+00
8.526763381690846799e+00
8.526763381690846799e+00
8.526763381690846799e+00
8.526763381690846799e+00
8.526763381690846799e+00
8.526763381690846799e+00
8.526763381690846799e+00
8.526763381690846799e+00
8.526763381690846799e+00
8.526763381690846799e+00
8.526763381690846799e+00
8.526763381690846799e+00
8.526763381690846799e+00
8.526763381690846799e+00
8.526763381690846799e+00
8.544272136068034484e+00
8.544272136068034484e+00
8.544272136068034484e+00
8.544272136068034484e+00
8.561780890445222170e+00
8.561780890445222170e+00
8.561780890445222170e+00
8.579289644822411631e+00
8.596798399199601093e+00
8.596798399199601093e+00
8.614307153576788778e+00
8.614307153576788778e+00
8.631815907953976463e+00
8.631815907953976463e+00
8.649324662331165925e+00
8.649324662331165925e+00
8.666833416708353610e+00
8.666833416708353610e+00
8.684342171085543072e+00
8.684342171085543072e+00
8.701850925462732533e+00
8.701850925462732533e+00
8.701850925462732533e+00
8.719359679839918442e+00
8.719359679839918442e+00
8.736868434217107904e+00
8.736868434217107904e+00
8.754377188594297365e+00
8.771885942971486827e+00
8.771885942971486827e+00
8.789394697348674512e+00
8.806903451725863974e+00
8.806903451725863974e+00
8.824412206103051659e+00
8.824412206103051659e+00
8.841920960480241121e+00
8.841920960480241121e+00
8.841920960480241121e+00
8.859429714857428806e+00
8.859429714857428806e+00
8.859429714857428806e+00
8.876938469234618267e+00
8.876938469234618267e+00
8.876938469234618267e+00
8.876938469234618267e+00
8.894447223611805953e+00
8.894447223611805953e+00
8.911955977988993638e+00
8.929464732366183100e+00
8.929464732366183100e+00
8.946973486743372561e+00
8.964482241120560246e+00
8.964482241120560246e+00
8.981990995497749708e+00
8.981990995497749708e+00
8.999499749874939170e+00
8.999499749874939170e+00
9.017008504252126855e+00
9.034517258629314540e+00
9.034517258629314540e+00
9.052026013006504002e+00
9.052026013006504002e+00
9.069534767383691687e+00
9.069534767383691687e+00
9.087043521760879372e+00
9.104552276138068834e+00
9.104552276138068834e+00
9.122061030515258295e+00
9.139569784892445981e+00
9.157078539269635442e+00
9.174587293646824904e+00
9.209604802401202051e+00
9.227113556778389736e+00
9.262131065532766883e+00
9.279639819909954568e+00
9.314657328664331715e+00
9.349674837418710638e+00
9.297148574287144029e+00
9.384692346173087785e+00
9.367183591795898323e+00
9.349674837418710638e+00
9.349674837418710638e+00
9.349674837418710638e+00
9.349674837418710638e+00
9.367183591795898323e+00
9.402201100550275470e+00
9.454727363681842078e+00
9.524762381190596372e+00
9.594797398699348889e+00
9.664832416208104959e+00
9.717358679339669791e+00
9.769884942471234623e+00
9.804902451225613547e+00
9.839919959979990693e+00
9.857428714357180155e+00
9.874937468734367840e+00
9.874937468734367840e+00
9.892446223111555526e+00
9.909954977488744987e+00
9.944972486243122134e+00
9.962481240620309819e+00
9.944972486243122134e+00
9.962481240620309819e+00
9.979989994997497504e+00
1.001500750375187465e+01
1.003251625812906589e+01
1.006753376688344304e+01
1.008504252126063072e+01
1.010255127563782018e+01
1.012006003001500787e+01
1.013756878439219733e+01
1.015507753876938501e+01
1.017258629314657270e+01
1.017258629314657270e+01
1.019009504752376216e+01
1.020760380190094985e+01
1.022511255627814108e+01
1.022511255627814108e+01
1.024262131065532877e+01
1.024262131065532877e+01
1.026013006503251646e+01
1.027763881940970414e+01
1.029514757378689360e+01
1.029514757378689360e+01
1.031265632816408306e+01
1.033016508254127075e+01
1.033016508254127075e+01
1.034767383691846021e+01
1.034767383691846021e+01
1.034767383691846021e+01
1.036518259129564790e+01
1.036518259129564790e+01
1.036518259129564790e+01
1.036518259129564790e+01
1.034767383691846021e+01
1.034767383691846021e+01
1.034767383691846021e+01
1.034767383691846021e+01
1.034767383691846021e+01
1.034767383691846021e+01
1.034767383691846021e+01
1.034767383691846021e+01
1.033016508254127075e+01
1.033016508254127075e+01
1.033016508254127075e+01
1.031265632816408306e+01
1.029514757378689360e+01
1.029514757378689360e+01
1.027763881940970414e+01
1.026013006503251646e+01
1.024262131065532877e+01
1.024262131065532877e+01
1.024262131065532877e+01
1.022511255627814108e+01
1.020760380190094985e+01
1.019009504752376216e+01
1.019009504752376216e+01
1.017258629314657270e+01
1.015507753876938501e+01
1.013756878439219733e+01
1.012006003001500787e+01
1.010255127563782018e+01
1.008504252126063072e+01
1.005002501250625357e+01
1.003251625812906589e+01
1.001500750375187465e+01
9.997498749374686966e+00
9.979989994997497504e+00
9.979989994997497504e+00
9.979989994997497504e+00
9.962481240620309819e+00
9.962481240620309819e+00
9.944972486243122134e+00
9.927463731865932672e+00
9.927463731865932672e+00
9.909954977488744987e+00
9.892446223111555526e+00
9.874937468734367840e+00
9.874937468734367840e+00
9.857428714357180155e+00
9.857428714357180155e+00
9.857428714357180155e+00
9.857428714357180155e+00
9.839919959979990693e+00
9.839919959979990693e+00
9.839919959979990693e+00
9.839919959979990693e+00
9.839919959979990693e+00
9.839919959979990693e+00
9.822411205602801232e+00
9.822411205602801232e+00
9.822411205602801232e+00
9.822411205602801232e+00
9.839919959979990693e+00
9.839919959979990693e+00
9.839919959979990693e+00
9.839919959979990693e+00
9.839919959979990693e+00
9.839919959979990693e+00
9.857428714357180155e+00
9.874937468734367840e+00
9.892446223111555526e+00
9.909954977488744987e+00
9.927463731865932672e+00
9.944972486243122134e+00
9.962481240620309819e+00
9.997498749374686966e+00
1.001500750375187465e+01
1.003251625812906589e+01
1.005002501250625357e+01
1.006753376688344304e+01
1.008504252126063072e+01
1.010255127563782018e+01
1.013756878439219733e+01
1.015507753876938501e+01
1.019009504752376216e+01
1.020760380190094985e+01
1.024262131065532877e+01
1.027763881940970414e+01
1.031265632816408306e+01
1.033016508254127075e+01
1.036518259129564790e+01
1.038269134567283558e+01
1.041770885442721450e+01
1.045272636318159165e+01
1.047023511755878111e+01
1.050525262631315648e+01
1.052276138069034417e+01
1.055777888944472309e+01
1.057528764382191255e+01
1.061030515257628792e+01
1.062781390695347561e+01
1.064532266133066685e+01
1.066283141570785453e+01
1.068034017008504222e+01
1.069784892446223168e+01
1.071535767883942114e+01
1.073286643321660883e+01
1.076788394197098597e+01
1.078539269634817366e+01
1.080290145072536490e+01
1.082041020510255258e+01
1.085542771385692795e+01
1.087293646823411564e+01
1.089044522261130687e+01
1.090795397698849456e+01
1.094297148574287171e+01
1.096048024012006117e+01
1.101300650325162600e+01
1.106553276638319083e+01
1.111805902951475922e+01
1.118809404702350996e+01
1.127563781890945727e+01
1.132816408204102032e+01
1.138069034517258693e+01
1.143321660830415176e+01
1.145072536268133945e+01
1.146823411705853069e+01
1.148574287143571837e+01
1.150325162581290606e+01
1.152076038019009729e+01
1.153826913456728143e+01
1.150325162581290606e+01
1.150325162581290606e+01
1.152076038019009729e+01
1.153826913456728143e+01
1.155577788894447266e+01
1.157328664332166035e+01
1.159079539769884981e+01
1.160830415207603750e+01
1.160830415207603750e+01
1.160830415207603750e+01
1.160830415207603750e+01
1.160830415207603750e+01
1.159079539769884981e+01
1.159079539769884981e+01
1.159079539769884981e+01
1.159079539769884981e+01
1.160830415207603750e+01
1.160830415207603750e+01
1.160830415207603750e+01
1.160830415207603750e+01
1.160830415207603750e+01
1.160830415207603750e+01
1.159079539769884981e+01
1.159079539769884981e+01
1.157328664332166035e+01
1.157328664332166035e+01
1.155577788894447266e+01
1.153826913456728143e+01
1.153826913456728143e+01
1.155577788894447266e+01
1.155577788894447266e+01
1.155577788894447266e+01
1.155577788894447266e+01
1.155577788894447266e+01
1.155577788894447266e+01
1.155577788894447266e+01
1.155577788894447266e+01
1.155577788894447266e+01
1.155577788894447266e+01
1.155577788894447266e+01
1.155577788894447266e+01
1.155577788894447266e+01
1.155577788894447266e+01
1.155577788894447266e+01
1.155577788894447266e+01
1.155577788894447266e+01
1.155577788894447266e+01
1.155577788894447266e+01
1.155577788894447266e+01
1.157328664332166035e+01
1.157328664332166035e+01
1.157328664332166035e+01
1.159079539769884981e+01
1.159079539769884981e+01
1.159079539769884981e+01
1.160830415207603750e+01
1.160830415207603750e+01
1.162581290645322873e+01
1.162581290645322873e+01
1.162581290645322873e+01
1.162581290645322873e+01
1.162581290645322873e+01
1.162581290645322873e+01
1.164332166083041464e+01
1.164332166083041464e+01
1.164332166083041464e+01
1.164332166083041464e+01
1.166083041520760410e+01
1.166083041520760410e+01
1.167833916958479179e+01
1.167833916958479179e+01
1.169584792396197948e+01
1.169584792396197948e+01
1.171335667833917071e+01
1.171335667833917071e+01
1.171335667833917071e+01
1.173086543271635840e+01
1.173086543271635840e+01
1.174837418709354786e+01
1.174837418709354786e+01
1.176588294147073377e+01
1.176588294147073377e+01
1.178339169584792501e+01
1.180090045022511269e+01
1.180090045022511269e+01
1.181840920460230215e+01
1.181840920460230215e+01
1.183591795897948984e+01
1.185342671335667752e+01
1.185342671335667752e+01
1.187093546773386876e+01
1.188844422211105467e+01
1.188844422211105467e+01
1.190595297648824413e+01
1.192346173086543182e+01
1.192346173086543182e+01
1.194097048524262306e+01
1.195847923961981074e+01
1.197598799399700020e+01
1.199349674837418611e+01
1.199349674837418611e+01
1.201100550275137380e+01
1.202851425712856503e+01
1.204602301150575272e+01
1.206353176588294218e+01
1.208104052026012987e+01
1.208104052026012987e+01
1.209854927463732110e+01
1.211605802901450701e+01
1.213356678339169648e+01
1.213356678339169648e+01
1.215107553776888416e+01
1.215107553776888416e+01
1.216858429214607540e+01
1.216858429214607540e+01
1.218609304652326308e+01
1.218609304652326308e+01
1.220360180090045077e+01
1.220360180090045077e+01
1.220360180090045077e+01
1.222111055527764023e+01
1.222111055527764023e+01
1.222111055527764023e+01
1.222111055527764023e+01
1.222111055527764023e+01
1.223861930965482614e+01
1.223861930965482614e+01
1.223861930965482614e+01
1.223861930965482614e+01
1.223861930965482614e+01
1.225612806403201560e+01
1.225612806403201560e+01
1.225612806403201560e+01
1.225612806403201560e+01
1.225612806403201560e+01
1.225612806403201560e+01
1.225612806403201560e+01
1.223861930965482614e+01
1.223861930965482614e+01
1.223861930965482614e+01
1.223861930965482614e+01
1.223861930965482614e+01
1.223861930965482614e+01
1.223861930965482614e+01
1.223861930965482614e+01
1.222111055527764023e+01
1.222111055527764023e+01
1.222111055527764023e+01
1.220360180090045077e+01
1.220360180090045077e+01
1.218609304652326308e+01
1.218609304652326308e+01
1.218609304652326308e+01
1.216858429214607540e+01
1.216858429214607540e+01
1.216858429214607540e+01
1.215107553776888416e+01
1.215107553776888416e+01
1.215107553776888416e+01
1.215107553776888416e+01
1.213356678339169648e+01
1.213356678339169648e+01
1.213356678339169648e+01
1.211605802901450701e+01
1.211605802901450701e+01
1.211605802901450701e+01
1.211605802901450701e+01
1.211605802901450701e+01
1.211605802901450701e+01
1.209854927463732110e+01
1.209854927463732110e+01
1.209854927463732110e+01
1.209854927463732110e+01
1.209854927463732110e+01
1.209854927463732110e+01
1.208104052026012987e+01
1.208104052026012987e+01
1.208104052026012987e+01
1.208104052026012987e+01
1.208104052026012987e+01
1.208104052026012987e+01
1.208104052026012987e+01
1.208104052026012987e+01
1.208104052026012987e+01
1.208104052026012987e+01
1.208104052026012987e+01
1.208104052026012987e+01
1.209854927463732110e+01
1.209854927463732110e+01
1.211605802901450701e+01
1.213356678339169648e+01
1.213356678339169648e+01
1.215107553776888416e+01
1.215107553776888416e+01
1.216858429214607540e+01
1.216858429214607540e+01
1.218609304652326308e+01
1.220360180090045077e+01
1.222111055527764023e+01
1.222111055527764023e+01
1.223861930965482614e+01
1.227363681840920506e+01
1.229114557278639452e+01
1.230865432716358221e+01
1.232616308154077345e+01
1.234367183591795758e+01
1.237868934467233650e+01
1.241370685342671365e+01
1.246623311655827848e+01
1.253626813406703455e+01
1.260630315157578885e+01
1.269384692346173082e+01
1.274637318659329566e+01
1.281640820410204995e+01
1.285142571285642887e+01
1.288644322161080602e+01
1.290395197598799371e+01
1.293896948474237085e+01
1.293896948474237085e+01
1.295647823911956031e+01
1.299149574787393924e+01
1.302651325662831461e+01
1.306153076538268998e+01
1.309654827413706890e+01
1.313156578289144605e+01
1.314907453726863373e+01
1.316658329164582142e+01
1.318409204602301266e+01
1.318409204602301266e+01
1.321910955477738803e+01
1.323661830915457926e+01
1.325412706353176695e+01
1.327163581790895464e+01
1.328914457228614232e+01
1.328914457228614232e+01
1.330665332666333178e+01
1.330665332666333178e+01
1.332416208104052124e+01
1.334167083541771071e+01
1.335917958979489839e+01
1.335917958979489839e+01
1.337668834417208608e+01
1.339419709854927376e+01
1.339419709854927376e+01
1.339419709854927376e+01
1.339419709854927376e+01
1.339419709854927376e+01
1.339419709854927376e+01
1.341170585292646145e+01
1.341170585292646145e+01
1.342921460730365268e+01
1.342921460730365268e+01
1.342921460730365268e+01
1.342921460730365268e+01
1.342921460730365268e+01
1.342921460730365268e+01
1.342921460730365268e+01
1.342921460730365268e+01
1.342921460730365268e+01
1.341170585292646145e+01
1.341170585292646145e+01
1.341170585292646145e+01
1.339419709854927376e+01
1.339419709854927376e+01
1.337668834417208608e+01
1.337668834417208608e+01
1.335917958979489839e+01
1.334167083541771071e+01
1.332416208104052124e+01
1.330665332666333178e+01
1.330665332666333178e+01
1.328914457228614232e+01
1.328914457228614232e+01
1.327163581790895464e+01
1.325412706353176695e+01
1.321910955477738803e+01
1.320160080040020034e+01
1.318409204602301266e+01
1.314907453726863373e+01
1.313156578289144605e+01
1.309654827413706890e+01
1.307903951975988122e+01
1.307903951975988122e+01
1.307903951975988122e+01
1.306153076538268998e+01
1.304402201100550229e+01
1.300900450225112692e+01
1.299149574787393924e+01
1.297398699349674800e+01
1.295647823911956031e+01
1.293896948474237085e+01
1.290395197598799371e+01
1.286893446723361656e+01
1.283391695847924119e+01
1.281640820410204995e+01
1.283391695847924119e+01
1.278139069534767458e+01
1.279889944972486404e+01
1.279889944972486404e+01
1.279889944972486404e+01
1.279889944972486404e+01
1.278139069534767458e+01
1.274637318659329566e+01
1.271135567783891851e+01
1.265882941470735368e+01
1.262381190595297653e+01
1.257128564282140992e+01
1.253626813406703455e+01
1.253626813406703455e+01
1.264132066033016599e+01
1.271135567783891851e+01
1.274637318659329566e+01
1.274637318659329566e+01
1.274637318659329566e+01
1.272886443221610797e+01
1.269384692346173082e+01
1.265882941470735368e+01
1.258879439719859761e+01
1.253626813406703455e+01
1.260630315157578885e+01
1.265882941470735368e+01
1.271135567783891851e+01
1.274637318659329566e+01
1.278139069534767458e+01
1.279889944972486404e+01
1.281640820410204995e+01
1.283391695847924119e+01
1.283391695847924119e+01
1.285142571285642887e+01
1.285142571285642887e+01
1.281640820410204995e+01
1.281640820410204995e+01
1.285142571285642887e+01
1.288644322161080602e+01
1.290395197598799371e+01
1.293896948474237085e+01
1.295647823911956031e+01
1.297398699349674800e+01
1.299149574787393924e+01
1.300900450225112692e+01
1.304402201100550229e+01
1.306153076538268998e+01
1.307903951975988122e+01
1.307903951975988122e+01
1.309654827413706890e+01
1.313156578289144605e+01
1.314907453726863373e+01
1.318409204602301266e+01
1.320160080040020034e+01
1.323661830915457926e+01
1.327163581790895464e+01
1.328914457228614232e+01
1.332416208104052124e+01
1.334167083541771071e+01
1.334167083541771071e+01
1.335917958979489839e+01
1.337668834417208608e+01
1.341170585292646145e+01
1.342921460730365268e+01
1.346423211605802983e+01
1.348174087043521929e+01
1.351675837918959466e+01
1.353426713356678235e+01
1.355177588794397181e+01
1.358679339669835073e+01
1.360430215107553842e+01
1.362181090545272610e+01
1.363931965982991379e+01
1.363931965982991379e+01
1.365682841420710503e+01
1.367433716858429271e+01
1.369184592296148217e+01
1.370935467733866986e+01
1.370935467733866986e+01
1.372686343171585932e+01
1.374437218609304701e+01
1.374437218609304701e+01
1.376188094047023469e+01
1.377938969484742415e+01
1.379689844922461184e+01
1.381440720360180308e+01
1.381440720360180308e+01
1.381440720360180308e+01
1.383191595797899076e+01
1.383191595797899076e+01
1.383191595797899076e+01
1.383191595797899076e+01
1.384942471235617845e+01
1.384942471235617845e+01
1.384942471235617845e+01
1.386693346673336613e+01
1.388444222111055382e+01
1.388444222111055382e+01
1.388444222111055382e+01
1.388444222111055382e+01
1.388444222111055382e+01
1.388444222111055382e+01
1.388444222111055382e+01
1.388444222111055382e+01
1.388444222111055382e+01
1.388444222111055382e+01
1.388444222111055382e+01
1.386693346673336613e+01
1.386693346673336613e+01
1.386693346673336613e+01
1.386693346673336613e+01
1.384942471235617845e+01
1.384942471235617845e+01
1.384942471235617845e+01
1.384942471235617845e+01
1.383191595797899076e+01
1.383191595797899076e+01
1.381440720360180308e+01
1.379689844922461184e+01
1.377938969484742415e+01
1.376188094047023469e+01
1.376188094047023469e+01
1.374437218609304701e+01
1.372686343171585932e+01
1.372686343171585932e+01
1.370935467733866986e+01
1.369184592296148217e+01
1.369184592296148217e+01
1.367433716858429271e+01
1.365682841420710503e+01
1.363931965982991379e+01
1.363931965982991379e+01
1.362181090545272610e+01
1.362181090545272610e+01
1.360430215107553842e+01
1.360430215107553842e+01
1.358679339669835073e+01
1.358679339669835073e+01
1.356928464232115950e+01
1.356928464232115950e+01
1.355177588794397181e+01
1.353426713356678235e+01
1.353426713356678235e+01
1.353426713356678235e+01
1.353426713356678235e+01
1.353426713356678235e+01
1.353426713356678235e+01
1.353426713356678235e+01
1.353426713356678235e+01
1.353426713356678235e+01
1.353426713356678235e+01
1.353426713356678235e+01
1.353426713356678235e+01
1.353426713356678235e+01
1.353426713356678235e+01
1.355177588794397181e+01
1.355177588794397181e+01
1.355177588794397181e+01
1.355177588794397181e+01
1.356928464232115950e+01
1.356928464232115950e+01
1.358679339669835073e+01
1.358679339669835073e+01
1.360430215107553842e+01
1.362181090545272610e+01
1.362181090545272610e+01
1.363931965982991379e+01
1.363931965982991379e+01
1.363931965982991379e+01
1.365682841420710503e+01
1.365682841420710503e+01
1.367433716858429271e+01
1.369184592296148217e+01
1.370935467733866986e+01
1.370935467733866986e+01
1.374437218609304701e+01
1.376188094047023469e+01
1.376188094047023469e+01
1.376188094047023469e+01
1.377938969484742415e+01
1.377938969484742415e+01
1.379689844922461184e+01
1.381440720360180308e+01
1.384942471235617845e+01
1.386693346673336613e+01
1.388444222111055382e+01
1.390195097548774505e+01
1.395447723861930989e+01
1.395447723861930989e+01
1.397198599299649757e+01
1.397198599299649757e+01
1.398949474737368703e+01
1.400700350175087650e+01
1.402451225612806418e+01
1.405952976488244310e+01
1.409454727363681847e+01
1.418209104552276223e+01
1.430465232616308313e+01
1.428714357178589545e+01
1.426963481740870421e+01
1.425212606303151652e+01
1.425212606303151652e+01
1.423461730865432706e+01
1.423461730865432706e+01
1.425212606303151652e+01
1.430465232616308313e+01
1.437468734367183565e+01
1.444472236118058994e+01
1.449724862431215655e+01
1.454977488744371961e+01
1.456728364182091084e+01
1.458479239619809853e+01
1.460230115057528799e+01
1.460230115057528799e+01
1.460230115057528799e+01
1.461980990495247568e+01
1.463731865932966691e+01
1.465482741370685460e+01
1.467233616808404228e+01
1.468984492246122997e+01
1.470735367683842121e+01
1.472486243121560889e+01
1.472486243121560889e+01
1.474237118559279658e+01
1.474237118559279658e+01
1.474237118559279658e+01
1.475987993996998604e+01
1.474237118559279658e+01
1.474237118559279658e+01
1.474237118559279658e+01
1.474237118559279658e+01
1.475987993996998604e+01
1.475987993996998604e+01
1.474237118559279658e+01
1.474237118559279658e+01
1.474237118559279658e+01
1.474237118559279658e+01
1.474237118559279658e+01
1.474237118559279658e+01
1.472486243121560889e+01
1.472486243121560889e+01
1.472486243121560889e+01
1.472486243121560889e+01
1.472486243121560889e+01
1.472486243121560889e+01
1.472486243121560889e+01
1.472486243121560889e+01
1.472486243121560889e+01
1.472486243121560889e+01
1.470735367683842121e+01
1.468984492246122997e+01
1.468984492246122997e+01
1.468984492246122997e+01
1.467233616808404228e+01
1.467233616808404228e+01
1.467233616808404228e+01
1.465482741370685460e+01
1.465482741370685460e+01
1.465482741370685460e+01
1.463731865932966691e+01
1.461980990495247568e+01
1.461980990495247568e+01
1.461980990495247568e+01
1.461980990495247568e+01
1.460230115057528799e+01
1.460230115057528799e+01
1.458479239619809853e+01
1.458479239619809853e+01
1.456728364182091084e+01
1.456728364182091084e+01
1.454977488744371961e+01
1.454977488744371961e+01
1.453226613306653370e+01
1.454977488744371961e+01
1.454977488744371961e+01
1.456728364182091084e+01
1.456728364182091084e+01
1.456728364182091084e+01
1.456728364182091084e+01
1.456728364182091084e+01
1.456728364182091084e+01
1.456728364182091084e+01
1.456728364182091084e+01
1.458479239619809853e+01
1.460230115057528799e+01
1.461980990495247568e+01
1.463731865932966691e+01
1.465482741370685460e+01
1.467233616808404228e+01
1.468984492246122997e+01
1.468984492246122997e+01
1.470735367683842121e+01
1.470735367683842121e+01
1.472486243121560889e+01
1.472486243121560889e+01
1.474237118559279658e+01
1.475987993996998604e+01
1.477738869434717195e+01
1.479489744872436319e+01
1.479489744872436319e+01
1.481240620310155087e+01
1.482991495747874033e+01
1.484742371185592802e+01
1.486493246623311926e+01
1.488244122061030694e+01
1.489994997498749285e+01
1.491745872936468231e+01
1.493496748374187000e+01
1.493496748374187000e+01
1.495247623811906124e+01
1.496998499249624892e+01
1.496998499249624892e+01
1.498749374687343838e+01
1.500500250125062429e+01
1.502251125562781375e+01
1.505752876438219090e+01
1.507503751875938036e+01
1.509254627313656805e+01
1.511005502751375928e+01
1.512756378189094342e+01
1.514507253626813466e+01
1.514507253626813466e+01
1.516258129064532234e+01
1.518009004502251180e+01
1.519759879939970126e+01
1.521510755377689073e+01
1.523261630815407841e+01
1.525012506253126432e+01
1.526763381690845378e+01
1.528514257128564324e+01
1.528514257128564324e+01
1.530265132566283270e+01
1.530265132566283270e+01
1.532016008004002039e+01
1.533766883441720985e+01
1.535517758879439576e+01
1.537268634317158700e+01
1.537268634317158700e+01
1.537268634317158700e+01
1.539019509754877468e+01
1.539019509754877468e+01
1.540770385192596237e+01
1.540770385192596237e+01
1.540770385192596237e+01
1.542521260630315183e+01
1.544272136068034129e+01
1.544272136068034129e+01
1.544272136068034129e+01
1.544272136068034129e+01
1.544272136068034129e+01
1.546023011505753075e+01
1.546023011505753075e+01
1.546023011505753075e+01
1.546023011505753075e+01
1.544272136068034129e+01
1.544272136068034129e+01
1.544272136068034129e+01
1.544272136068034129e+01
1.542521260630315183e+01
1.542521260630315183e+01
1.540770385192596237e+01
1.540770385192596237e+01
1.540770385192596237e+01
1.539019509754877468e+01
1.537268634317158700e+01
1.537268634317158700e+01
1.537268634317158700e+01
1.535517758879439576e+01
1.535517758879439576e+01
1.533766883441720985e+01
1.533766883441720985e+01
1.532016008004002039e+01
1.532016008004002039e+01
1.532016008004002039e+01
1.530265132566283270e+01
1.530265132566283270e+01
1.530265132566283270e+01
1.530265132566283270e+01
1.530265132566283270e+01
1.528514257128564324e+01
1.528514257128564324e+01
1.526763381690845378e+01
1.526763381690845378e+01
1.525012506253126432e+01
1.525012506253126432e+01
1.525012506253126432e+01
1.525012506253126432e+01
1.525012506253126432e+01
1.525012506253126432e+01
1.525012506253126432e+01
1.523261630815407841e+01
1.523261630815407841e+01
1.523261630815407841e+01
1.521510755377689073e+01
1.521510755377689073e+01
1.521510755377689073e+01
1.523261630815407841e+01
1.523261630815407841e+01
1.523261630815407841e+01
1.523261630815407841e+01
1.523261630815407841e+01
1.523261630815407841e+01
1.523261630815407841e+01
1.523261630815407841e+01
1.525012506253126432e+01
1.525012506253126432e+01
1.526763381690845378e+01
1.528514257128564324e+01
1.530265132566283270e+01
1.530265132566283270e+01
1.532016008004002039e+01
1.532016008004002039e+01
1.533766883441720985e+01
1.535517758879439576e+01
1.537268634317158700e+01
1.539019509754877468e+01
1.540770385192596237e+01
1.540770385192596237e+01
1.542521260630315183e+01
1.542521260630315183e+01
1.544272136068034129e+01
1.546023011505753075e+01
1.547773886943471666e+01
1.549524762381190612e+01
1.551275637818909381e+01
1.553026513256628505e+01
1.554777388694347273e+01
1.556528264132066042e+01
1.558279139569784810e+01
1.560030015007503579e+01
1.561780890445222703e+01
1.563531765882941471e+01
1.565282641320660417e+01
1.567033516758379186e+01
1.568784392196098310e+01
1.572286143071535847e+01
1.575787893946973384e+01
1.579289644822411276e+01
1.579289644822411276e+01
1.581040520260130222e+01
1.582791395697848813e+01
1.584542271135567937e+01
1.586293146573286705e+01
1.588044022011005652e+01
1.591545772886443189e+01
1.596798399199599849e+01
1.600300150075037564e+01
1.600300150075037564e+01
1.602051025512756510e+01
1.602051025512756510e+01
1.603801900950475456e+01
1.607303651825912993e+01
1.610805402701350530e+01
1.614307153576788423e+01
1.616058029014507369e+01
1.616058029014507369e+01
1.616058029014507369e+01
1.614307153576788423e+01
1.614307153576788423e+01
1.610805402701350530e+01
1.621310655327663852e+01
1.626563281640820335e+01
1.630065032516257872e+01
1.630065032516257872e+01
1.630065032516257872e+01
1.630065032516257872e+01
1.628314157078539282e+01
1.624812406203101744e+01
1.619559779889944906e+01
1.616058029014507369e+01
1.623061530765382798e+01
1.626563281640820335e+01
1.630065032516257872e+01
1.631815907953977174e+01
1.631815907953977174e+01
1.631815907953977174e+01
1.631815907953977174e+01
1.631815907953977174e+01
1.630065032516257872e+01
1.630065032516257872e+01
1.631815907953977174e+01
1.631815907953977174e+01
1.630065032516257872e+01
1.630065032516257872e+01
1.630065032516257872e+01
1.630065032516257872e+01
1.628314157078539282e+01
1.628314157078539282e+01
1.626563281640820335e+01
1.626563281640820335e+01
1.626563281640820335e+01
1.626563281640820335e+01
1.626563281640820335e+01
1.624812406203101744e+01
1.624812406203101744e+01
1.624812406203101744e+01
1.623061530765382798e+01
1.621310655327663852e+01
1.621310655327663852e+01
1.619559779889944906e+01
1.619559779889944906e+01
1.619559779889944906e+01
1.619559779889944906e+01
1.619559779889944906e+01
1.619559779889944906e+01
1.619559779889944906e+01
1.619559779889944906e+01
1.617808904452225960e+01
1.617808904452225960e+01
1.617808904452225960e+01
1.617808904452225960e+01
1.616058029014507369e+01
1.617808904452225960e+01
1.617808904452225960e+01
1.619559779889944906e+01
1.619559779889944906e+01
1.619559779889944906e+01
1.619559779889944906e+01
1.619559779889944906e+01
1.621310655327663852e+01
1.621310655327663852e+01
1.619559779889944906e+01
1.621310655327663852e+01
1.623061530765382798e+01
1.624812406203101744e+01
1.624812406203101744e+01
1.626563281640820335e+01
1.626563281640820335e+01
1.628314157078539282e+01
1.630065032516257872e+01
1.630065032516257872e+01
1.630065032516257872e+01
1.631815907953977174e+01
1.633566783391695765e+01
1.635317658829414711e+01
1.637068534267133657e+01
1.638819409704852603e+01
1.640570285142571194e+01
1.642321160580290140e+01
1.642321160580290140e+01
1.644072036018009086e+01
1.645822911455727677e+01
1.647573786893446979e+01
1.649324662331165570e+01
1.651075537768884516e+01
1.652826413206603107e+01
1.654577288644322408e+01
1.656328164082040999e+01
1.656328164082040999e+01
1.658079039519759945e+01
1.658079039519759945e+01
1.659829914957478891e+01
1.661580790395197482e+01
1.663331665832916428e+01
1.665082541270635375e+01
1.666833416708354321e+01
1.668584292146072912e+01
1.670335167583792213e+01
1.670335167583792213e+01
1.670335167583792213e+01
1.672086043021510804e+01
1.672086043021510804e+01
1.673836918459229750e+01
1.673836918459229750e+01
1.675587793896948341e+01
1.677338669334667287e+01
1.677338669334667287e+01
1.679089544772386233e+01
1.679089544772386233e+01
1.679089544772386233e+01
1.680840420210105179e+01
1.680840420210105179e+01
1.680840420210105179e+01
1.680840420210105179e+01
1.680840420210105179e+01
1.682591295647824126e+01
1.682591295647824126e+01
1.682591295647824126e+01
1.682591295647824126e+01
1.684342171085542716e+01
1.682591295647824126e+01
1.682591295647824126e+01
1.682591295647824126e+01
1.682591295647824126e+01
1.684342171085542716e+01
1.684342171085542716e+01
1.684342171085542716e+01
1.684342171085542716e+01
1.684342171085542716e+01
1.682591295647824126e+01
1.682591295647824126e+01
1.682591295647824126e+01
1.682591295647824126e+01
1.684342171085542716e+01
1.684342171085542716e+01
1.684342171085542716e+01
1.684342171085542716e+01
1.684342171085542716e+01
1.684342171085542716e+01
1.684342171085542716e+01
1.684342171085542716e+01
1.684342171085542716e+01
1.682591295647824126e+01
1.682591295647824126e+01
1.682591295647824126e+01
1.682591295647824126e+01
1.684342171085542716e+01
1.684342171085542716e+01
1.684342171085542716e+01
1.684342171085542716e+01
1.684342171085542716e+01
1.682591295647824126e+01
1.682591295647824126e+01
1.682591295647824126e+01
1.682591295647824126e+01
1.684342171085542716e+01
1.684342171085542716e+01
1.684342171085542716e+01
1.684342171085542716e+01
1.684342171085542716e+01
1.684342171085542716e+01
1.684342171085542716e+01
1.684342171085542716e+01
1.684342171085542716e+01
1.686093046523261663e+01
1.686093046523261663e+01
1.686093046523261663e+01
1.687843921960980609e+01
1.687843921960980609e+01
1.687843921960980609e+01
1.689594797398699555e+01
1.689594797398699555e+01
1.689594797398699555e+01
1.691345672836418146e+01
1.693096548274137092e+01
1.694847423711856038e+01
1.698349174587293575e+01
1.698349174587293575e+01
1.698349174587293575e+01
1.698349174587293575e+01
1.698349174587293575e+01
1.700100050025012521e+01
1.700100050025012521e+01
1.701850925462731468e+01
1.701850925462731468e+01
1.705352676338169360e+01
1.707103551775887951e+01
1.708854427213606897e+01
1.708854427213606897e+01
1.708854427213606897e+01
1.710605302651325488e+01
1.712356178089044434e+01
1.714107053526763380e+01
1.714107053526763380e+01
1.715857928964482326e+01
1.719359679839920219e+01
1.719359679839920219e+01
1.719359679839920219e+01
1.721110555277638809e+01
1.722861430715357756e+01
1.724612306153076702e+01
1.726363181590795293e+01
1.729864932466233185e+01
1.733366683341670722e+01
1.733366683341670722e+01
1.733366683341670722e+01
1.731615807903952131e+01
1.731615807903952131e+01
1.731615807903952131e+01
1.735117558779389668e+01
1.740370185092546507e+01
1.747373686843421581e+01
1.754377188594297365e+01
1.750875437718859473e+01
1.745622811405702990e+01
1.740370185092546507e+01
1.738619309654827561e+01
1.738619309654827561e+01
1.740370185092546507e+01
1.745622811405702990e+01
1.749124562281140527e+01
1.756128064032015956e+01
1.757878939469734902e+01
1.752626313156578419e+01
1.747373686843421581e+01
1.743871935967983688e+01
1.742121060530265098e+01
1.740370185092546507e+01
1.742121060530265098e+01
1.749124562281140527e+01
1.757878939469734902e+01
1.756128064032015956e+01
1.750875437718859473e+01
1.747373686843421581e+01
1.743871935967983688e+01
1.742121060530265098e+01
1.743871935967983688e+01
1.747373686843421581e+01
1.752626313156578419e+01
1.757878939469734902e+01
1.759629814907453493e+01
1.754377188594297365e+01
1.743871935967983688e+01
1.742121060530265098e+01
1.745622811405702990e+01
1.750875437718859473e+01
1.754377188594297365e+01
1.757878939469734902e+01
1.761380690345172795e+01
1.761380690345172795e+01
1.763131565782891386e+01
1.761380690345172795e+01
1.756128064032015956e+01
1.750875437718859473e+01
1.756128064032015956e+01
1.761380690345172795e+01
1.763131565782891386e+01
1.764882441220610332e+01
1.764882441220610332e+01
1.764882441220610332e+01
1.763131565782891386e+01
1.761380690345172795e+01
1.766633316658329278e+01
1.766633316658329278e+01
1.768384192096048224e+01
1.770135067533766815e+01
1.770135067533766815e+01
1.770135067533766815e+01
1.770135067533766815e+01
1.770135067533766815e+01
1.771885942971485761e+01
1.768384192096048224e+01
1.770135067533766815e+01
1.773636818409204707e+01
1.775387693846923653e+01
1.777138569284642600e+01
1.777138569284642600e+01
1.778889444722361191e+01
1.778889444722361191e+01
1.775387693846923653e+01
1.775387693846923653e+01
1.778889444722361191e+01
1.782391195597798728e+01
1.784142071035518029e+01
1.785892946473236620e+01
1.785892946473236620e+01
1.785892946473236620e+01
1.785892946473236620e+01
1.787643821910955566e+01
1.791145572786393103e+01
1.791145572786393103e+01
1.792896448224112049e+01
1.794647323661830995e+01
1.794647323661830995e+01
1.794647323661830995e+01
1.794647323661830995e+01
1.794647323661830995e+01
1.796398199099549942e+01
1.798149074537268532e+01
1.798149074537268532e+01
1.799899949974987834e+01
1.801650825412706070e+01
1.801650825412706070e+01
1.803401700850425371e+01
1.803401700850425371e+01
1.803401700850425371e+01
1.805152576288143962e+01
1.803401700850425371e+01
1.805152576288143962e+01
1.806903451725862908e+01
1.808654327163581854e+01
1.808654327163581854e+01
1.810405202601300800e+01
1.810405202601300800e+01
1.810405202601300800e+01
1.812156078039019746e+01
1.812156078039019746e+01
1.812156078039019746e+01
1.812156078039019746e+01
1.812156078039019746e+01
1.812156078039019746e+01
1.812156078039019746e+01
1.812156078039019746e+01
1.813906953476738337e+01
1.813906953476738337e+01
1.813906953476738337e+01
1.813906953476738337e+01
1.813906953476738337e+01
1.812156078039019746e+01
1.812156078039019746e+01
1.812156078039019746e+01
1.812156078039019746e+01
1.812156078039019746e+01
1.812156078039019746e+01
1.812156078039019746e+01
1.812156078039019746e+01
1.812156078039019746e+01
1.812156078039019746e+01
1.810405202601300800e+01
1.810405202601300800e+01
1.810405202601300800e+01
1.810405202601300800e+01
1.812156078039019746e+01
1.812156078039019746e+01
1.812156078039019746e+01
1.812156078039019746e+01
1.812156078039019746e+01
1.813906953476738337e+01
1.813906953476738337e+01
1.813906953476738337e+01
1.815657828914457284e+01
1.815657828914457284e+01
1.815657828914457284e+01
1.815657828914457284e+01
1.817408704352175874e+01
1.817408704352175874e+01
1.819159579789895176e+01
1.819159579789895176e+01
1.820910455227613767e+01
1.820910455227613767e+01
1.820910455227613767e+01
1.820910455227613767e+01
1.822661330665332713e+01
1.822661330665332713e+01
1.822661330665332713e+01
1.824412206103051659e+01
1.824412206103051659e+01
1.826163081540770605e+01
1.827913956978489196e+01
1.829664832416208142e+01
1.829664832416208142e+01
1.831415707853927088e+01
1.831415707853927088e+01
1.831415707853927088e+01
1.833166583291645679e+01
1.833166583291645679e+01
1.834917458729364981e+01
1.836668334167083572e+01
1.836668334167083572e+01
1.838419209604802518e+01
1.840170085042521109e+01
1.840170085042521109e+01
1.841920960480240410e+01
1.841920960480240410e+01
1.843671835917959001e+01
1.845422711355677947e+01
1.845422711355677947e+01
1.847173586793396893e+01
1.848924462231115484e+01
1.848924462231115484e+01
1.850675337668834430e+01
1.850675337668834430e+01
1.852426213106553377e+01
1.854177088544272323e+01
1.854177088544272323e+01
1.855927963981990914e+01
1.857678839419710215e+01
1.857678839419710215e+01
1.857678839419710215e+01
1.857678839419710215e+01
1.859429714857428806e+01
1.859429714857428806e+01
1.859429714857428806e+01
1.859429714857428806e+01
1.861180590295147397e+01
1.862931465732866343e+01
1.862931465732866343e+01
1.864682341170585289e+01
1.864682341170585289e+01
1.864682341170585289e+01
1.864682341170585289e+01
1.864682341170585289e+01
1.864682341170585289e+01
1.866433216608304235e+01
1.866433216608304235e+01
1.866433216608304235e+01
1.868184092046023181e+01
1.868184092046023181e+01
1.868184092046023181e+01
1.868184092046023181e+01
1.868184092046023181e+01
1.868184092046023181e+01
1.868184092046023181e+01
1.868184092046023181e+01
1.868184092046023181e+01
1.868184092046023181e+01
1.869934967483742128e+01
1.869934967483742128e+01
1.869934967483742128e+01
1.869934967483742128e+01
1.871685842921460718e+01
1.869934967483742128e+01
1.869934967483742128e+01
1.869934967483742128e+01
1.869934967483742128e+01
1.869934967483742128e+01
1.869934967483742128e+01
1.869934967483742128e+01
1.869934967483742128e+01
1.869934967483742128e+01
1.869934967483742128e+01
1.869934967483742128e+01
1.869934967483742128e+01
1.869934967483742128e+01
1.871685842921460718e+01
1.871685842921460718e+01
1.871685842921460718e+01
1.871685842921460718e+01
1.871685842921460718e+01
1.871685842921460718e+01
1.871685842921460718e+01
1.873436718359179665e+01
1.875187593796898611e+01
1.887443721860930523e+01
1.883941970985492631e+01
1.882191095547774040e+01
1.880440220110055094e+01
1.878689344672336148e+01
1.878689344672336148e+01
1.880440220110055094e+01
1.885692846423211577e+01
1.894447223611805953e+01
1.897948974487243490e+01
1.892696348174087362e+01
1.889194597298649470e+01
1.887443721860930523e+01
1.889194597298649470e+01
1.890945472736368416e+01
1.896198099049524544e+01
1.903201600800400328e+01
1.908454227113556811e+01
1.910205102551275758e+01
1.908454227113556811e+01
1.903201600800400328e+01
1.899699849924962436e+01
1.901450725362681382e+01
1.906703351675837865e+01
1.915457728864432241e+01
1.918959479739869778e+01
1.920710355177588724e+01
1.920710355177588724e+01
1.917208604302151187e+01
1.913706853426713295e+01
1.911955977988994348e+01
1.918959479739869778e+01
1.927713856928464509e+01
1.931215607803901690e+01
1.932966483241620992e+01
1.932966483241620992e+01
1.931215607803901690e+01
1.925962981490745562e+01
1.922461230615307670e+01
1.927713856928464509e+01
1.934717358679339583e+01
1.938219109554777475e+01
1.941720860430215012e+01
1.941720860430215012e+01
1.941720860430215012e+01
1.939969984992496421e+01
1.934717358679339583e+01
1.932966483241620992e+01
1.939969984992496421e+01
1.943471735867933958e+01
1.945222611305652904e+01
1.945222611305652904e+01
1.945222611305652904e+01
1.943471735867933958e+01
1.939969984992496421e+01
1.934717358679339583e+01
1.941720860430215012e+01
1.943471735867933958e+01
1.945222611305652904e+01
1.945222611305652904e+01
1.945222611305652904e+01
1.943471735867933958e+01
1.941720860430215012e+01
1.932966483241620992e+01
1.939969984992496421e+01
1.941720860430215012e+01
1.943471735867933958e+01
1.945222611305652904e+01
1.945222611305652904e+01
1.945222611305652904e+01
1.945222611305652904e+01
1.945222611305652904e+01
1.943471735867933958e+01
1.943471735867933958e+01
1.943471735867933958e+01
1.943471735867933958e+01
1.945222611305652904e+01
1.943471735867933958e+01
1.943471735867933958e+01
1.943471735867933958e+01
1.943471735867933958e+01
1.943471735867933958e+01
1.941720860430215012e+01
1.941720860430215012e+01
1.941720860430215012e+01
1.939969984992496421e+01
1.939969984992496421e+01
1.938219109554777475e+01
1.939969984992496421e+01
1.938219109554777475e+01
1.939969984992496421e+01
1.939969984992496421e+01
1.939969984992496421e+01
1.939969984992496421e+01
1.939969984992496421e+01
1.939969984992496421e+01
1.941720860430215012e+01
1.941720860430215012e+01
1.941720860430215012e+01
1.943471735867933958e+01
1.945222611305652904e+01
1.945222611305652904e+01
1.945222611305652904e+01
1.946973486743371495e+01
1.948724362181090797e+01
1.948724362181090797e+01
1.948724362181090797e+01
1.948724362181090797e+01
1.950475237618809388e+01
1.952226113056528334e+01
1.952226113056528334e+01
1.953976988494246925e+01
1.955727863931966226e+01
1.955727863931966226e+01
1.955727863931966226e+01
1.957478739369684817e+01
1.959229614807403763e+01
1.959229614807403763e+01
1.960980490245122709e+01
1.962731365682841300e+01
1.962731365682841300e+01
1.964482241120560246e+01
1.966233116558279193e+01
1.967983991995998139e+01
1.969734867433716730e+01
1.971485742871436031e+01
1.973236618309154622e+01
1.973236618309154622e+01
1.974987493746873568e+01
1.976738369184592159e+01
1.978489244622311105e+01
1.980240120060030051e+01
1.981990995497748997e+01
1.983741870935467944e+01
1.985492746373186534e+01
1.987243621810905481e+01
1.987243621810905481e+01
1.988994497248624427e+01
1.988994497248624427e+01
1.990745372686343373e+01
1.990745372686343373e+01
1.992496248124061964e+01
1.994247123561780910e+01
1.994247123561780910e+01
1.994247123561780910e+01
1.994247123561780910e+01
1.995997998999499501e+01
1.995997998999499501e+01
1.995997998999499501e+01
1.997748874437218802e+01
1.997748874437218802e+01
1.997748874437218802e+01
1.997748874437218802e+01
1.999499749874937393e+01
1.999499749874937393e+01
1.999499749874937393e+01
2.001250625312656339e+01
2.001250625312656339e+01
2.001250625312656339e+01
2.001250625312656339e+01
2.001250625312656339e+01
2.001250625312656339e+01
2.001250625312656339e+01
2.001250625312656339e+01
2.001250625312656339e+01
2.001250625312656339e+01
2.001250625312656339e+01
2.001250625312656339e+01
2.001250625312656339e+01
2.001250625312656339e+01
2.001250625312656339e+01
2.001250625312656339e+01
2.001250625312656339e+01
2.001250625312656339e+01
2.001250625312656339e+01
2.001250625312656339e+01
1.999499749874937393e+01
1.999499749874937393e+01
1.999499749874937393e+01
1.999499749874937393e+01
1.997748874437218802e+01
1.997748874437218802e+01
1.997748874437218802e+01
1.999499749874937393e+01
1.997748874437218802e+01
1.999499749874937393e+01
1.999499749874937393e+01
1.997748874437218802e+01
1.997748874437218802e+01
1.997748874437218802e+01
1.999499749874937393e+01
1.999499749874937393e+01
1.999499749874937393e+01
1.999499749874937393e+01
1.999499749874937393e+01
1.999499749874937393e+01
1.999499749874937393e+01
2.001250625312656339e+01
2.001250625312656339e+01
2.003001500750374930e+01
2.003001500750374930e+01
2.004752376188094232e+01
2.004752376188094232e+01
2.004752376188094232e+01
2.004752376188094232e+01
2.006503251625813178e+01
2.008254127063531769e+01
2.008254127063531769e+01
2.010005002501250715e+01
2.011755877938969661e+01
2.011755877938969661e+01
2.011755877938969661e+01
2.011755877938969661e+01
2.013506753376688607e+01
2.015257628814407198e+01
2.017008504252126144e+01
2.018759379689844735e+01
2.018759379689844735e+01
2.018759379689844735e+01
2.018759379689844735e+01
2.020510255127564037e+01
2.022261130565282627e+01
2.024012006003001574e+01
2.025762881440720165e+01
2.027513756878439466e+01
2.027513756878439466e+01
2.029264632316158412e+01
2.029264632316158412e+01
2.031015507753877003e+01
2.032766383191595949e+01
2.034517258629314540e+01
2.036268134067033841e+01
2.039769884942471023e+01
2.041520760380189969e+01
2.041520760380189969e+01
2.041520760380189969e+01
2.043271635817908916e+01
2.043271635817908916e+01
2.045022511255628217e+01
2.045022511255628217e+01
2.050275137568784345e+01
2.050275137568784345e+01
2.050275137568784345e+01
2.050275137568784345e+01
2.050275137568784345e+01
2.052026013006503291e+01
2.057278639319659774e+01
2.066033016508254150e+01
2.059029514757378720e+01
2.055527763881940828e+01
2.053776888444222237e+01
2.053776888444222237e+01
2.055527763881940828e+01
2.059029514757378720e+01
2.064282141070535204e+01
2.071285642821410633e+01
2.064282141070535204e+01
2.060780390195098022e+01
2.059029514757378720e+01
2.059029514757378720e+01
2.060780390195098022e+01
2.064282141070535204e+01
2.071285642821410633e+01
2.074787393696848525e+01
2.067783891945973096e+01
2.062531265632816613e+01
2.062531265632816613e+01
2.062531265632816613e+01
2.067783891945973096e+01
2.074787393696848525e+01
2.078289144572286418e+01
2.074787393696848525e+01
2.067783891945973096e+01
2.062531265632816613e+01
2.062531265632816613e+01
2.067783891945973096e+01
2.073036518259129579e+01
2.076538269134567116e+01
2.078289144572286418e+01
2.076538269134567116e+01
2.073036518259129579e+01
2.066033016508254150e+01
2.062531265632816613e+01
2.069534767383692042e+01
2.074787393696848525e+01
2.076538269134567116e+01
2.076538269134567116e+01
2.076538269134567116e+01
2.073036518259129579e+01
2.071285642821410633e+01
2.067783891945973096e+01
2.076538269134567116e+01
2.078289144572286418e+01
2.078289144572286418e+01
2.078289144572286418e+01
2.078289144572286418e+01
2.076538269134567116e+01
2.078289144572286418e+01
2.080040020010005009e+01
2.081790895447723955e+01
2.083541770885442901e+01
2.083541770885442901e+01
2.083541770885442901e+01
2.083541770885442901e+01
2.081790895447723955e+01
2.080040020010005009e+01
2.083541770885442901e+01
2.085292646323161492e+01
2.087043521760880438e+01
2.088794397198599029e+01
2.088794397198599029e+01
2.087043521760880438e+01
2.088794397198599029e+01
2.087043521760880438e+01
2.088794397198599029e+01
2.092296148074036921e+01
2.094047023511756223e+01
2.095797898949474813e+01
2.095797898949474813e+01
2.097548774387193049e+01
2.097548774387193049e+01
2.097548774387193049e+01
2.099299649824912706e+01
2.101050525262631297e+01
2.102801400700350243e+01
2.102801400700350243e+01
2.104552276138068834e+01
2.102801400700350243e+01
2.102801400700350243e+01
2.104552276138068834e+01
2.106303151575788135e+01
2.108054027013506726e+01
2.108054027013506726e+01
2.109804902451225317e+01
2.109804902451225317e+01
2.108054027013506726e+01
2.109804902451225317e+01
2.111555777888944618e+01
2.113306653326663564e+01
2.113306653326663564e+01
2.113306653326663564e+01
2.113306653326663564e+01
2.113306653326663564e+01
2.115057528764382511e+01
2.115057528764382511e+01
2.116808404202101102e+01
2.116808404202101102e+01
2.118559279639820048e+01
2.118559279639820048e+01
2.118559279639820048e+01
2.120310155077538639e+01
2.120310155077538639e+01
2.120310155077538639e+01
2.122061030515257585e+01
2.122061030515257585e+01
2.122061030515257585e+01
2.123811905952976531e+01
2.123811905952976531e+01
2.125562781390695122e+01
2.125562781390695122e+01
2.125562781390695122e+01
2.125562781390695122e+01
2.125562781390695122e+01
2.125562781390695122e+01
2.125562781390695122e+01
2.127313656828414423e+01
2.127313656828414423e+01
2.129064532266133369e+01
2.129064532266133369e+01
2.129064532266133369e+01
2.129064532266133369e+01
2.129064532266133369e+01
2.129064532266133369e+01
2.130815407703852316e+01
2.130815407703852316e+01
2.130815407703852316e+01
2.132566283141570906e+01
2.132566283141570906e+01
2.132566283141570906e+01
2.132566283141570906e+01
2.132566283141570906e+01
2.132566283141570906e+01
2.134317158579289497e+01
2.134317158579289497e+01
2.134317158579289497e+01
2.134317158579289497e+01
2.136068034017008443e+01
2.136068034017008443e+01
2.136068034017008443e+01
2.136068034017008443e+01
2.137818909454727390e+01
2.137818909454727390e+01
2.137818909454727390e+01
2.137818909454727390e+01
2.139569784892446336e+01
2.139569784892446336e+01
2.141320660330164927e+01
2.141320660330164927e+01
2.143071535767884228e+01
2.143071535767884228e+01
2.144822411205603174e+01
2.144822411205603174e+01
2.146573286643321765e+01
2.146573286643321765e+01
2.148324162081040711e+01
2.150075037518759302e+01
2.150075037518759302e+01
2.151825912956478248e+01
2.153576788394197195e+01
2.153576788394197195e+01
2.155327663831915785e+01
2.157078539269634732e+01
2.157078539269634732e+01
2.158829414707353322e+01
2.160580290145072979e+01
2.160580290145072979e+01
2.162331165582791570e+01
2.162331165582791570e+01
2.164082041020510516e+01
2.164082041020510516e+01
2.165832916458229107e+01
2.167583791895947698e+01
2.167583791895947698e+01
2.169334667333666999e+01
2.169334667333666999e+01
2.169334667333666999e+01
2.171085542771385590e+01
2.172836418209104536e+01
2.172836418209104536e+01
2.172836418209104536e+01
2.174587293646823127e+01
2.174587293646823127e+01
2.176338169084542784e+01
2.178089044522261375e+01
2.178089044522261375e+01
2.179839919959979966e+01
2.179839919959979966e+01
2.179839919959979966e+01
2.181590795397698912e+01
2.181590795397698912e+01
2.183341670835417503e+01
2.183341670835417503e+01
2.185092546273136804e+01
2.185092546273136804e+01
2.185092546273136804e+01
2.186843421710855395e+01
2.186843421710855395e+01
2.188594297148574341e+01
2.188594297148574341e+01
2.188594297148574341e+01
2.190345172586292932e+01
2.190345172586292932e+01
2.192096048024012234e+01
2.192096048024012234e+01
2.193846923461731180e+01
2.193846923461731180e+01
2.193846923461731180e+01
2.193846923461731180e+01
2.193846923461731180e+01
2.195597798899449771e+01
2.197348674337168717e+01
2.202601300650325200e+01
2.200850425212606609e+01
2.200850425212606609e+01
2.199099549774887308e+01
2.199099549774887308e+01
2.200850425212606609e+01
2.200850425212606609e+01
2.200850425212606609e+01
2.202601300650325200e+01
2.202601300650325200e+01
2.202601300650325200e+01
2.204352176088043791e+01
2.206103051525762737e+01
2.207853926963482039e+01
2.206103051525762737e+01
2.207853926963482039e+01
2.206103051525762737e+01
2.206103051525762737e+01
2.206103051525762737e+01
2.209604802401200985e+01
2.214857428714357468e+01
2.221860930465232542e+01
2.216608304152076059e+01
2.213106553276638166e+01
2.209604802401200985e+01
2.209604802401200985e+01
2.213106553276638166e+01
2.220110055027513596e+01
2.225362681340670079e+01
2.225362681340670079e+01
2.218359179589795005e+01
2.214857428714357468e+01
2.214857428714357468e+01
2.218359179589795005e+01
2.223611805902951843e+01
2.230615307653827273e+01
2.228864432216107971e+01
2.223611805902951843e+01
2.220110055027513596e+01
2.220110055027513596e+01
2.223611805902951843e+01
2.230615307653827273e+01
2.237618809404701992e+01
2.235867933966983401e+01
2.230615307653827273e+01
2.227113556778389380e+01
2.227113556778389380e+01
2.232366183091545864e+01
2.237618809404701992e+01
2.242871435717859185e+01
2.244622311155577776e+01
2.244622311155577776e+01
2.237618809404701992e+01
2.235867933966983401e+01
2.241120560280140239e+01
2.246373186593297078e+01
2.249874937468734259e+01
2.251625812906453206e+01
2.249874937468734259e+01
2.248124062031015669e+01
2.244622311155577776e+01
2.246373186593297078e+01
2.253376688344171797e+01
2.255127563781891453e+01
2.255127563781891453e+01
2.255127563781891453e+01
2.255127563781891453e+01
2.255127563781891453e+01
2.258629314657328990e+01
2.260380190095047581e+01
2.262131065532766527e+01
2.262131065532766527e+01
2.262131065532766527e+01
2.263881940970485473e+01
2.260380190095047581e+01
2.262131065532766527e+01
2.265632816408204064e+01
2.267383691845923011e+01
2.267383691845923011e+01
2.267383691845923011e+01
2.267383691845923011e+01
2.269134567283641601e+01
2.269134567283641601e+01
2.270885442721360548e+01
2.270885442721360548e+01
2.270885442721360548e+01
2.270885442721360548e+01
2.270885442721360548e+01
2.270885442721360548e+01
2.272636318159079849e+01
2.274387193596798085e+01
2.274387193596798085e+01
2.274387193596798085e+01
2.272636318159079849e+01
2.274387193596798085e+01
2.274387193596798085e+01
2.276138069034517386e+01
2.274387193596798085e+01
2.274387193596798085e+01
2.272636318159079849e+01
2.272636318159079849e+01
2.274387193596798085e+01
2.274387193596798085e+01
2.274387193596798085e+01
2.274387193596798085e+01
2.274387193596798085e+01
2.274387193596798085e+01
2.274387193596798085e+01
2.274387193596798085e+01
2.274387193596798085e+01
2.274387193596798085e+01
2.274387193596798085e+01
2.274387193596798085e+01
2.272636318159079849e+01
2.274387193596798085e+01
2.274387193596798085e+01
2.276138069034517386e+01
2.276138069034517386e+01
2.276138069034517386e+01
2.274387193596798085e+01
2.274387193596798085e+01
2.274387193596798085e+01
2.276138069034517386e+01
2.276138069034517386e+01
2.276138069034517386e+01
2.276138069034517386e+01
2.276138069034517386e+01
2.276138069034517386e+01
2.277888944472236332e+01
2.279639819909955278e+01
2.279639819909955278e+01
2.279639819909955278e+01
2.279639819909955278e+01
2.281390695347673869e+01
2.281390695347673869e+01
2.283141570785392460e+01
2.283141570785392460e+01
2.283141570785392460e+01
2.284892446223111406e+01
2.283141570785392460e+01
2.284892446223111406e+01
2.284892446223111406e+01
2.286643321660830352e+01
2.286643321660830352e+01
2.286643321660830352e+01
2.286643321660830352e+01
2.286643321660830352e+01
2.288394197098549654e+01
2.290145072536267890e+01
2.290145072536267890e+01
2.291895947973987191e+01
2.291895947973987191e+01
2.291895947973987191e+01
2.291895947973987191e+01
2.295397698849424728e+01
2.297148574287143674e+01
2.298899449724862265e+01
2.298899449724862265e+01
2.298899449724862265e+01
2.298899449724862265e+01
2.302401200600300157e+01
2.304152076038019459e+01
2.305902951475737694e+01
2.307653826913456285e+01
2.309404702351175942e+01
2.309404702351175942e+01
2.309404702351175942e+01
2.311155577788894533e+01
2.314657328664332070e+01
2.316408204102051371e+01
2.316408204102051371e+01
2.318159079539769962e+01
2.318159079539769962e+01
2.319909954977488553e+01
2.321660830415207499e+01
2.321660830415207499e+01
2.323411705852926090e+01
2.323411705852926090e+01
2.323411705852926090e+01
2.325162581290645747e+01
2.325162581290645747e+01
2.326913456728364338e+01
2.326913456728364338e+01
2.328664332166082929e+01
2.328664332166082929e+01
2.330415207603801875e+01
2.328664332166082929e+01
2.328664332166082929e+01
2.330415207603801875e+01
2.330415207603801875e+01
2.330415207603801875e+01
2.332166083041520821e+01
2.332166083041520821e+01
2.333916958479239767e+01
2.333916958479239767e+01
2.332166083041520821e+01
2.332166083041520821e+01
2.332166083041520821e+01
2.332166083041520821e+01
2.333916958479239767e+01
2.337418709354677659e+01
2.335667833916958358e+01
2.333916958479239767e+01
2.333916958479239767e+01
2.333916958479239767e+01
2.333916958479239767e+01
2.335667833916958358e+01
2.333916958479239767e+01
2.333916958479239767e+01
2.333916958479239767e+01
2.333916958479239767e+01
2.333916958479239767e+01
2.335667833916958358e+01
2.342671335667834143e+01
2.335667833916958358e+01
2.335667833916958358e+01
2.333916958479239767e+01
2.333916958479239767e+01
2.335667833916958358e+01
2.339169584792395895e+01
2.344422211105552734e+01
2.340920460230115197e+01
2.339169584792395895e+01
2.337418709354677659e+01
2.337418709354677659e+01
2.339169584792395895e+01
2.342671335667834143e+01
2.344422211105552734e+01
2.340920460230115197e+01
2.339169584792395895e+01
2.339169584792395895e+01
2.340920460230115197e+01
2.342671335667834143e+01
2.346173086543271680e+01
2.344422211105552734e+01
2.342671335667834143e+01
2.340920460230115197e+01
2.342671335667834143e+01
2.344422211105552734e+01
2.347923961980990626e+01
2.354927463731865700e+01
2.349674837418709572e+01
2.347923961980990626e+01
2.346173086543271680e+01
2.346173086543271680e+01
2.349674837418709572e+01
2.356678339169585001e+01
2.358429214607303948e+01
2.353176588294146754e+01
2.351425712856428163e+01
2.349674837418709572e+01
2.351425712856428163e+01
2.354927463731865700e+01
2.361930965482741485e+01
2.360180090045022538e+01
2.356678339169585001e+01
2.356678339169585001e+01
2.356678339169585001e+01
2.356678339169585001e+01
2.360180090045022538e+01
2.365432716358179022e+01
2.363681840920460431e+01
2.361930965482741485e+01
2.361930965482741485e+01
2.361930965482741485e+01
2.365432716358179022e+01
2.370685342671335505e+01
2.370685342671335505e+01
2.367183591795897968e+01
2.365432716358179022e+01
2.365432716358179022e+01
2.367183591795897968e+01
2.368934467233616559e+01
2.374187093546773752e+01
2.377688844422210934e+01
2.370685342671335505e+01
2.367183591795897968e+01
2.365432716358179022e+01
2.367183591795897968e+01
2.372436218109054806e+01
2.379439719859930236e+01
2.377688844422210934e+01
2.372436218109054806e+01
2.368934467233616559e+01
2.368934467233616559e+01
2.372436218109054806e+01
2.379439719859930236e+01
2.381190595297648827e+01
2.377688844422210934e+01
2.372436218109054806e+01
2.370685342671335505e+01
2.372436218109054806e+01
2.377688844422210934e+01
2.382941470735367773e+01
2.382941470735367773e+01
2.377688844422210934e+01
2.372436218109054806e+01
2.370685342671335505e+01
2.375937968984492343e+01
2.382941470735367773e+01
2.386443221610805310e+01
2.386443221610805310e+01
2.381190595297648827e+01
2.377688844422210934e+01
2.375937968984492343e+01
2.382941470735367773e+01
2.388194097048524611e+01
2.389944972486243202e+01
2.388194097048524611e+01
2.382941470735367773e+01
2.379439719859930236e+01
2.381190595297648827e+01
2.386443221610805310e+01
2.391695847923962148e+01
2.393446723361680739e+01
2.389944972486243202e+01
2.382941470735367773e+01
2.381190595297648827e+01
2.388194097048524611e+01
2.393446723361680739e+01
2.396948474237118631e+01
2.396948474237118631e+01
2.395197598799400041e+01
2.388194097048524611e+01
2.391695847923962148e+01
2.398699349674837222e+01
2.402201100550274759e+01
2.403951975987994416e+01
2.405702851425713007e+01
2.403951975987994416e+01
2.396948474237118631e+01
2.402201100550274759e+01
2.407453726863431953e+01
2.410955477738869490e+01
2.412706353176588436e+01
2.410955477738869490e+01
2.409204602301150544e+01
2.405702851425713007e+01
2.410955477738869490e+01
2.414457228614307027e+01
2.417958979489744920e+01
2.417958979489744920e+01
2.416208104052025973e+01
2.410955477738869490e+01
2.410955477738869490e+01
2.417958979489744920e+01
2.421460730365182812e+01
2.423211605802901403e+01
2.423211605802901403e+01
2.419709854927464221e+01
2.414457228614307027e+01
2.417958979489744920e+01
2.423211605802901403e+01
2.426713356678339295e+01
2.426713356678339295e+01
2.426713356678339295e+01
2.423211605802901403e+01
2.417958979489744920e+01
2.423211605802901403e+01
2.426713356678339295e+01
2.428464232116058241e+01
2.426713356678339295e+01
2.426713356678339295e+01
2.423211605802901403e+01
2.423211605802901403e+01
2.426713356678339295e+01
2.428464232116058241e+01
2.430215107553776832e+01
2.430215107553776832e+01
2.428464232116058241e+01
2.421460730365182812e+01
2.428464232116058241e+01
2.430215107553776832e+01
2.431965982991495778e+01
2.431965982991495778e+01
2.431965982991495778e+01
2.430215107553776832e+01
2.430215107553776832e+01
2.431965982991495778e+01
2.433716858429215080e+01
2.433716858429215080e+01
2.433716858429215080e+01
2.433716858429215080e+01
2.431965982991495778e+01
2.433716858429215080e+01
2.435467733866933315e+01
2.435467733866933315e+01
2.437218609304652617e+01
2.435467733866933315e+01
2.433716858429215080e+01
2.430215107553776832e+01
2.435467733866933315e+01
2.437218609304652617e+01
2.437218609304652617e+01
2.438969484742371208e+01
2.438969484742371208e+01
2.435467733866933315e+01
2.435467733866933315e+01
2.438969484742371208e+01
2.440720360180090154e+01
2.442471235617809100e+01
2.442471235617809100e+01
2.442471235617809100e+01
2.440720360180090154e+01
2.442471235617809100e+01
2.445972986493246637e+01
2.445972986493246637e+01
2.447723861930965228e+01
2.449474737368684885e+01
2.449474737368684885e+01
2.449474737368684885e+01
2.451225612806403120e+01
2.451225612806403120e+01
2.452976488244122422e+01
2.452976488244122422e+01
2.452976488244122422e+01
2.454727363681841013e+01
2.454727363681841013e+01
2.454727363681841013e+01
2.456478239119559603e+01
2.456478239119559603e+01
2.458229114557278905e+01
2.459979989994997496e+01
2.458229114557278905e+01
2.459979989994997496e+01
2.461730865432716442e+01
2.461730865432716442e+01
2.463481740870435033e+01
2.465232616308154689e+01
2.466983491745872925e+01
2.466983491745872925e+01
2.466983491745872925e+01
2.468734367183591516e+01
2.468734367183591516e+01
2.470485242621310817e+01
2.470485242621310817e+01
2.472236118059029408e+01
2.472236118059029408e+01
2.472236118059029408e+01
2.473986993496748710e+01
2.473986993496748710e+01
2.475737868934467301e+01
2.477488744372186247e+01
2.477488744372186247e+01
2.477488744372186247e+01
2.477488744372186247e+01
2.479239619809904838e+01
2.479239619809904838e+01
2.480990495247623784e+01
2.482741370685342730e+01
2.482741370685342730e+01
2.480990495247623784e+01
2.480990495247623784e+01
2.482741370685342730e+01
2.484492246123061321e+01
2.487993996998499213e+01
2.486243121560780622e+01
2.484492246123061321e+01
2.484492246123061321e+01
2.484492246123061321e+01
2.486243121560780622e+01
2.487993996998499213e+01
2.489744872436218515e+01
2.487993996998499213e+01
2.487993996998499213e+01
2.487993996998499213e+01
2.487993996998499213e+01
2.489744872436218515e+01
2.489744872436218515e+01
2.493246623311655696e+01
2.491495747873937106e+01
2.491495747873937106e+01
2.491495747873937106e+01
2.493246623311655696e+01
2.493246623311655696e+01
2.496748374187093589e+01
2.496748374187093589e+01
2.494997498749374643e+01
2.494997498749374643e+01
2.496748374187093589e+01
2.496748374187093589e+01
2.500250125062531126e+01
2.500250125062531126e+01
2.500250125062531126e+01
2.500250125062531126e+01
2.500250125062531126e+01
2.502001000500250427e+01
2.502001000500250427e+01
2.505502751375687964e+01
2.505502751375687964e+01
2.505502751375687964e+01
2.505502751375687964e+01
2.505502751375687964e+01
2.505502751375687964e+01
2.512506253126563394e+01
2.512506253126563394e+01
2.510755377688844447e+01
2.510755377688844447e+01
2.510755377688844447e+01
2.510755377688844447e+01
2.516008004002000931e+01
2.516008004002000931e+01
2.516008004002000931e+01
2.516008004002000931e+01
2.517758879439719522e+01
2.517758879439719522e+01
2.521260630315157769e+01
2.521260630315157769e+01
2.521260630315157769e+01
2.523011505752876715e+01
2.524762381190595306e+01
2.526513256628313897e+01
2.531765882941470736e+01
2.530015007503751789e+01
2.528264132066033198e+01
2.526513256628313897e+01
2.528264132066033198e+01
2.530015007503751789e+01
2.537018509254627574e+01
2.537018509254627574e+01
2.533516758379189326e+01
2.530015007503751789e+01
2.530015007503751789e+01
2.533516758379189326e+01
2.540520260130065111e+01
2.544022011005503003e+01
2.538769384692346165e+01
2.533516758379189326e+01
2.533516758379189326e+01
2.537018509254627574e+01
2.542271135567783702e+01
2.547523761880940540e+01
2.545772886443221594e+01
2.540520260130065111e+01
2.537018509254627574e+01
2.538769384692346165e+01
2.544022011005503003e+01
2.551025512756378433e+01
2.549274637318659131e+01
2.544022011005503003e+01
2.540520260130065111e+01
2.540520260130065111e+01
2.545772886443221594e+01
2.551025512756378433e+01
2.552776388194097379e+01
2.547523761880940540e+01
2.542271135567783702e+01
2.540520260130065111e+01
2.544022011005503003e+01
2.551025512756378433e+01
2.556278139069534916e+01
2.552776388194097379e+01
2.547523761880940540e+01
2.544022011005503003e+01
2.545772886443221594e+01
2.552776388194097379e+01
2.558029014507253507e+01
2.558029014507253507e+01
2.552776388194097379e+01
2.547523761880940540e+01
2.552776388194097379e+01
2.558029014507253507e+01
2.561530765382691399e+01
2.561530765382691399e+01
2.559779889944972808e+01
2.554527263631815970e+01
2.559779889944972808e+01
2.563281640820409990e+01
2.565032516258128936e+01
2.565032516258128936e+01
2.565032516258128936e+01
2.563281640820409990e+01
2.565032516258128936e+01
2.566783391695848238e+01
2.568534267133567184e+01
2.570285142571285775e+01
2.570285142571285775e+01
2.568534267133567184e+01
2.568534267133567184e+01
2.570285142571285775e+01
2.573786893446723312e+01
2.575537768884442258e+01
2.575537768884442258e+01
2.573786893446723312e+01
2.568534267133567184e+01
2.573786893446723312e+01
2.577288644322161204e+01
2.580790395197598741e+01
2.580790395197598741e+01
2.579039519759879795e+01
2.573786893446723312e+01
2.579039519759879795e+01
2.582541270635318043e+01
2.584292146073036633e+01
2.586043021510755580e+01
2.586043021510755580e+01
2.579039519759879795e+01
2.586043021510755580e+01
2.589544772386193117e+01
2.591295647823912063e+01
2.593046523261631009e+01
2.593046523261631009e+01
2.594797398699349600e+01
2.594797398699349600e+01
2.596548274137068191e+01
2.598299149574787847e+01
2.600050025012506438e+01
2.601800900450225384e+01
2.603551775887943975e+01
2.603551775887943975e+01
2.603551775887943975e+01
2.605302651325662922e+01
2.607053526763381868e+01
2.607053526763381868e+01
2.607053526763381868e+01
2.608804402201100459e+01
2.608804402201100459e+01
2.610555277638819405e+01
2.610555277638819405e+01
2.610555277638819405e+01
2.610555277638819405e+01
2.612306153076537996e+01
2.612306153076537996e+01
2.612306153076537996e+01
2.614057028514257652e+01
2.614057028514257652e+01
2.615807903951976243e+01
2.615807903951976243e+01
2.615807903951976243e+01
2.617558779389695189e+01
2.617558779389695189e+01
2.619309654827413780e+01
2.619309654827413780e+01
2.621060530265132726e+01
2.621060530265132726e+01
2.621060530265132726e+01
2.622811405702851673e+01
2.622811405702851673e+01
2.622811405702851673e+01
2.624562281140570263e+01
2.624562281140570263e+01
2.626313156578289210e+01
2.626313156578289210e+01
2.626313156578289210e+01
2.628064032016007801e+01
2.628064032016007801e+01
2.628064032016007801e+01
2.629814907453726747e+01
2.629814907453726747e+01
2.629814907453726747e+01
2.631565782891446048e+01
2.631565782891446048e+01
2.633316658329164284e+01
2.633316658329164284e+01
2.633316658329164284e+01
2.633316658329164284e+01
2.635067533766883585e+01
2.635067533766883585e+01
2.635067533766883585e+01
2.635067533766883585e+01
2.635067533766883585e+01
2.636818409204602531e+01
2.636818409204602531e+01
2.636818409204602531e+01
2.638569284642321477e+01
2.638569284642321477e+01
2.638569284642321477e+01
2.640320160080040068e+01
2.640320160080040068e+01
2.642071035517758659e+01
2.642071035517758659e+01
2.643821910955477605e+01
2.643821910955477605e+01
2.643821910955477605e+01
2.645572786393196552e+01
2.645572786393196552e+01
2.647323661830915853e+01
2.647323661830915853e+01
2.649074537268634444e+01
2.649074537268634444e+01
2.650825412706353390e+01
2.650825412706353390e+01
2.650825412706353390e+01
2.652576288144072336e+01
2.652576288144072336e+01
2.652576288144072336e+01
2.652576288144072336e+01
2.652576288144072336e+01
2.654327163581790927e+01
2.654327163581790927e+01
2.654327163581790927e+01
2.654327163581790927e+01
2.654327163581790927e+01
2.654327163581790927e+01
2.656078039019509873e+01
2.656078039019509873e+01
2.656078039019509873e+01
2.656078039019509873e+01
2.656078039019509873e+01
2.656078039019509873e+01
2.654327163581790927e+01
2.656078039019509873e+01
2.656078039019509873e+01
2.656078039019509873e+01
2.656078039019509873e+01
2.656078039019509873e+01
2.656078039019509873e+01
2.656078039019509873e+01
2.656078039019509873e+01
2.656078039019509873e+01
2.656078039019509873e+01
2.656078039019509873e+01
2.656078039019509873e+01
2.656078039019509873e+01
2.656078039019509873e+01
2.656078039019509873e+01
2.657828914457228464e+01
2.656078039019509873e+01
2.657828914457228464e+01
2.657828914457228464e+01
2.657828914457228464e+01
2.657828914457228464e+01
2.659579789894947410e+01
2.661330665332666356e+01
2.659579789894947410e+01
2.659579789894947410e+01
2.657828914457228464e+01
2.657828914457228464e+01
2.659579789894947410e+01
2.659579789894947410e+01
2.659579789894947410e+01
2.659579789894947410e+01
2.657828914457228464e+01
2.657828914457228464e+01
2.659579789894947410e+01
2.659579789894947410e+01
2.661330665332666356e+01
2.659579789894947410e+01
2.659579789894947410e+01
2.659579789894947410e+01
2.661330665332666356e+01
2.661330665332666356e+01
2.663081540770385658e+01
2.663081540770385658e+01
2.663081540770385658e+01
2.663081540770385658e+01
2.663081540770385658e+01
2.663081540770385658e+01
2.666583291645822484e+01
2.666583291645822484e+01
2.666583291645822484e+01
2.666583291645822484e+01
2.668334167083542141e+01
2.668334167083542141e+01
2.671835917958979678e+01
2.670085042521260732e+01
2.671835917958979678e+01
2.671835917958979678e+01
2.675337668834417215e+01
2.682341170585292289e+01
2.678839419709854752e+01
2.675337668834417215e+01
2.675337668834417215e+01
2.677088544272136161e+01
2.680590295147574054e+01
2.684092046023011946e+01
2.680590295147574054e+01
2.678839419709854752e+01
2.678839419709854752e+01
2.678839419709854752e+01
2.680590295147574054e+01
2.682341170585292289e+01
2.680590295147574054e+01
2.680590295147574054e+01
2.680590295147574054e+01
2.682341170585292289e+01
2.684092046023011946e+01
2.684092046023011946e+01
2.684092046023011946e+01
2.684092046023011946e+01
2.684092046023011946e+01
2.687593796898449483e+01
2.691095547773886665e+01
2.696348174087043859e+01
2.691095547773886665e+01
2.689344672336168074e+01
2.689344672336168074e+01
2.691095547773886665e+01
2.698099049524762094e+01
2.703351675837918933e+01
2.698099049524762094e+01
2.694597298649324557e+01
2.694597298649324557e+01
2.699849924962481396e+01
2.706853426713356470e+01
2.708604302151075771e+01
2.706853426713356470e+01
2.701600800400200342e+01
2.699849924962481396e+01
2.706853426713356470e+01
2.712106053026512953e+01
2.713856928464231899e+01
2.712106053026512953e+01
2.706853426713356470e+01
2.706853426713356470e+01
2.712106053026512953e+01
2.715607803901951200e+01
2.715607803901951200e+01
2.712106053026512953e+01
2.705102551275637879e+01
2.708604302151075771e+01
2.713856928464231899e+01
2.717358679339670147e+01
2.717358679339670147e+01
2.713856928464231899e+01
2.706853426713356470e+01
2.712106053026512953e+01
2.717358679339670147e+01
2.720860430215107684e+01
2.720860430215107684e+01
2.719109554777388738e+01
2.713856928464231899e+01
2.719109554777388738e+01
2.724362181090545221e+01
2.726113056528264167e+01
2.726113056528264167e+01
2.726113056528264167e+01
2.722611305652826630e+01
2.726113056528264167e+01
2.729614807403701704e+01
2.731365682841421005e+01
2.731365682841421005e+01
2.731365682841421005e+01
2.729614807403701704e+01
2.731365682841421005e+01
2.734867433716858542e+01
2.734867433716858542e+01
2.734867433716858542e+01
2.734867433716858542e+01
2.733116558279139952e+01
2.736618309154577133e+01
2.738369184592296435e+01
2.738369184592296435e+01
2.738369184592296435e+01
2.736618309154577133e+01
2.734867433716858542e+01
2.738369184592296435e+01
2.740120060030015026e+01
2.740120060030015026e+01
2.738369184592296435e+01
2.733116558279139952e+01
2.736618309154577133e+01
2.740120060030015026e+01
2.741870935467733972e+01
2.743621810905452563e+01
2.741870935467733972e+01
2.734867433716858542e+01
2.741870935467733972e+01
2.745372686343171864e+01
2.747123561780890810e+01
2.747123561780890810e+01
2.747123561780890810e+01
2.747123561780890810e+01
2.747123561780890810e+01
2.748874437218609401e+01
2.750625312656328347e+01
2.752376188094046938e+01
2.752376188094046938e+01
2.754127063531766240e+01
2.752376188094046938e+01
2.752376188094046938e+01
2.754127063531766240e+01
2.754127063531766240e+01
2.754127063531766240e+01
2.755877938969484831e+01
2.754127063531766240e+01
2.755877938969484831e+01
2.755877938969484831e+01
2.755877938969484831e+01
2.755877938969484831e+01
2.755877938969484831e+01
2.755877938969484831e+01
2.755877938969484831e+01
2.755877938969484831e+01
2.755877938969484831e+01
2.757628814407203421e+01
2.757628814407203421e+01
2.757628814407203421e+01
2.757628814407203421e+01
2.757628814407203421e+01
2.757628814407203421e+01
2.759379689844922368e+01
2.759379689844922368e+01
2.759379689844922368e+01
2.759379689844922368e+01
2.761130565282640958e+01
2.761130565282640958e+01
2.762881440720360615e+01
2.762881440720360615e+01
2.764632316158079206e+01
2.764632316158079206e+01
2.764632316158079206e+01
2.766383191595798152e+01
2.766383191595798152e+01
2.768134067033516743e+01
2.768134067033516743e+01
2.769884942471235689e+01
2.769884942471235689e+01
2.769884942471235689e+01
2.771635817908954635e+01
2.771635817908954635e+01
2.773386693346673226e+01
2.773386693346673226e+01
2.773386693346673226e+01
2.773386693346673226e+01
2.775137568784392172e+01
2.775137568784392172e+01
2.776888444222110763e+01
2.776888444222110763e+01
2.776888444222110763e+01
2.778639319659830420e+01
2.778639319659830420e+01
2.778639319659830420e+01
2.780390195097549011e+01
2.780390195097549011e+01
2.780390195097549011e+01
2.782141070535267602e+01
2.782141070535267602e+01
2.783891945972986548e+01
2.783891945972986548e+01
2.783891945972986548e+01
2.783891945972986548e+01
2.785642821410705494e+01
2.787393696848424440e+01
2.787393696848424440e+01
2.789144572286143031e+01
2.789144572286143031e+01
2.790895447723861977e+01
2.790895447723861977e+01
2.792646323161580568e+01
2.794397198599299514e+01
2.794397198599299514e+01
2.794397198599299514e+01
2.796148074037018816e+01
2.796148074037018816e+01
2.796148074037018816e+01
2.797898949474737407e+01
2.797898949474737407e+01
2.797898949474737407e+01
2.797898949474737407e+01
2.799649824912456353e+01
2.799649824912456353e+01
2.799649824912456353e+01
2.799649824912456353e+01
2.799649824912456353e+01
2.799649824912456353e+01
2.801400700350175299e+01
2.801400700350175299e+01
2.801400700350175299e+01
2.803151575787894245e+01
2.803151575787894245e+01
2.804902451225612836e+01
2.804902451225612836e+01
2.806653326663331427e+01
2.806653326663331427e+01
2.808404202101050373e+01
2.808404202101050373e+01
2.810155077538769319e+01
2.810155077538769319e+01
2.811905952976488621e+01
2.813656828414207212e+01
2.815407703851925802e+01
2.815407703851925802e+01
2.815407703851925802e+01
2.817158579289645104e+01
2.818909454727363695e+01
2.822411205602801232e+01
2.822411205602801232e+01
2.822411205602801232e+01
2.824162081040520889e+01
2.824162081040520889e+01
2.825912956478239479e+01
2.827663831915957715e+01
2.829414707353677016e+01
2.829414707353677016e+01
2.829414707353677016e+01
2.829414707353677016e+01
2.831165582791395607e+01
2.831165582791395607e+01
2.832916458229114909e+01
2.832916458229114909e+01
2.832916458229114909e+01
2.834667333666833500e+01
2.834667333666833500e+01
2.834667333666833500e+01
2.834667333666833500e+01
2.834667333666833500e+01
2.836418209104552446e+01
2.838169084542271037e+01
2.843421710855427520e+01
2.841670835417709284e+01
2.841670835417709284e+01
2.841670835417709284e+01
2.843421710855427520e+01
2.853926963481740842e+01
2.848674337168584714e+01
2.846923461730865412e+01
2.846923461730865412e+01
2.848674337168584714e+01
2.852176088044021895e+01
2.857428714357179089e+01
2.852176088044021895e+01
2.852176088044021895e+01
2.853926963481740842e+01
2.857428714357179089e+01
2.864432216108054163e+01
2.864432216108054163e+01
2.859179589794897325e+01
2.855677838919459788e+01
2.859179589794897325e+01
2.864432216108054163e+01
2.869684842421210647e+01
2.867933966983491700e+01
2.862681340670335217e+01
2.860930465232616626e+01
2.864432216108054163e+01
2.867933966983491700e+01
2.871435717858929593e+01
2.869684842421210647e+01
2.862681340670335217e+01
2.862681340670335217e+01
2.867933966983491700e+01
2.873186593296648184e+01
2.873186593296648184e+01
2.866183091545773109e+01
2.866183091545773109e+01
2.871435717858929593e+01
2.876688344172085721e+01
2.878439219609805022e+01
2.876688344172085721e+01
2.871435717858929593e+01
2.873186593296648184e+01
2.880190095047523968e+01
2.883691845922961505e+01
2.883691845922961505e+01
2.881940970485242914e+01
2.876688344172085721e+01
2.881940970485242914e+01
2.887193596798399398e+01
2.888944472236117988e+01
2.888944472236117988e+01
2.887193596798399398e+01
2.890695347673836935e+01
2.890695347673836935e+01
2.890695347673836935e+01
2.890695347673836935e+01
2.888944472236117988e+01
2.888944472236117988e+01
2.890695347673836935e+01
2.892446223111555526e+01
2.892446223111555526e+01
2.890695347673836935e+01
2.887193596798399398e+01
2.885442721360680096e+01
2.890695347673836935e+01
2.892446223111555526e+01
2.894197098549274827e+01
2.894197098549274827e+01
2.890695347673836935e+01
2.890695347673836935e+01
2.894197098549274827e+01
2.895947973986993773e+01
2.897698849424712364e+01
2.897698849424712364e+01
2.897698849424712364e+01
2.897698849424712364e+01
2.899449724862431310e+01
2.901200600300149901e+01
2.902951475737869202e+01
2.901200600300149901e+01
2.901200600300149901e+01
2.904702351175587793e+01
2.906453226613306740e+01
2.904702351175587793e+01
2.904702351175587793e+01
2.904702351175587793e+01
2.906453226613306740e+01
2.908204102051025330e+01
2.908204102051025330e+01
2.908204102051025330e+01
2.908204102051025330e+01
2.908204102051025330e+01
2.909954977488743921e+01
2.909954977488743921e+01
2.909954977488743921e+01
2.909954977488743921e+01
2.909954977488743921e+01
2.909954977488743921e+01
2.911705852926463578e+01
2.911705852926463578e+01
2.911705852926463578e+01
2.911705852926463578e+01
2.911705852926463578e+01
2.911705852926463578e+01
2.913456728364182169e+01
2.913456728364182169e+01
2.915207603801901115e+01
2.915207603801901115e+01
2.916958479239619706e+01
2.916958479239619706e+01
2.918709354677339007e+01
2.918709354677339007e+01
2.920460230115057598e+01
2.920460230115057598e+01
2.922211105552776189e+01
2.923961980990495135e+01
2.923961980990495135e+01
2.925712856428214437e+01
2.925712856428214437e+01
2.927463731865933383e+01
2.927463731865933383e+01
2.927463731865933383e+01
2.927463731865933383e+01
2.927463731865933383e+01
2.929214607303651974e+01
2.929214607303651974e+01
2.929214607303651974e+01
2.929214607303651974e+01
2.930965482741370920e+01
2.929214607303651974e+01
2.930965482741370920e+01
2.930965482741370920e+01
2.930965482741370920e+01
2.932716358179089511e+01
2.932716358179089511e+01
2.932716358179089511e+01
2.934467233616808457e+01
2.934467233616808457e+01
2.936218109054527403e+01
2.936218109054527403e+01
2.937968984492245994e+01
2.937968984492245994e+01
2.939719859929964940e+01
2.941470735367684242e+01
2.941470735367684242e+01
2.941470735367684242e+01
2.943221610805402833e+01
2.944972486243121779e+01
2.944972486243121779e+01
2.946723361680840370e+01
2.946723361680840370e+01
2.948474237118559316e+01
2.950225112556278262e+01
2.950225112556278262e+01
2.951975987993997208e+01
2.951975987993997208e+01
2.953726863431715799e+01
2.953726863431715799e+01
2.955477738869434390e+01
2.955477738869434390e+01
2.955477738869434390e+01
2.955477738869434390e+01
2.955477738869434390e+01
2.955477738869434390e+01
2.955477738869434390e+01
2.955477738869434390e+01
2.955477738869434390e+01
2.955477738869434390e+01
2.955477738869434390e+01
2.955477738869434390e+01
2.957228614307154047e+01
2.957228614307154047e+01
2.958979489744872637e+01
2.958979489744872637e+01
2.958979489744872637e+01
2.960730365182591584e+01
2.962481240620310174e+01
2.964232116058029121e+01
2.964232116058029121e+01
2.964232116058029121e+01
2.965982991495748067e+01
2.965982991495748067e+01
2.967733866933466658e+01
2.967733866933466658e+01
2.969484742371185604e+01
2.969484742371185604e+01
2.971235617808904195e+01
2.971235617808904195e+01
2.972986493246623851e+01
2.972986493246623851e+01
2.974737368684342442e+01
2.974737368684342442e+01
2.976488244122061388e+01
2.976488244122061388e+01
2.976488244122061388e+01
2.976488244122061388e+01
2.976488244122061388e+01
2.978239119559779979e+01
2.978239119559779979e+01
2.978239119559779979e+01
2.978239119559779979e+01
2.978239119559779979e+01
2.978239119559779979e+01
2.979989994997498570e+01
2.979989994997498570e+01
2.979989994997498570e+01
2.979989994997498570e+01
2.981740870435217872e+01
2.983491745872936463e+01
2.983491745872936463e+01
2.985242621310655409e+01
2.985242621310655409e+01
2.985242621310655409e+01
2.986993496748374000e+01
2.993996998499249784e+01
2.992246123061530838e+01
2.990495247623812247e+01
2.990495247623812247e+01
2.990495247623812247e+01
2.993996998499249784e+01
3.001000500250124858e+01
2.995747873936968375e+01
2.993996998499249784e+01
2.993996998499249784e+01
2.995747873936968375e+01
3.004502251125562751e+01
2.997498749374687677e+01
2.995747873936968375e+01
2.995747873936968375e+01
2.997498749374687677e+01
3.002751375687843804e+01
2.999249624812406267e+01
2.995747873936968375e+01
2.995747873936968375e+01
2.997498749374687677e+01
3.002751375687843804e+01
3.002751375687843804e+01
2.999249624812406267e+01
2.997498749374687677e+01
2.997498749374687677e+01
3.002751375687843804e+01
3.008004002001000643e+01
3.002751375687843804e+01
3.001000500250124858e+01
3.001000500250124858e+01
3.002751375687843804e+01
3.008004002001000643e+01
3.004502251125562751e+01
3.002751375687843804e+01
3.002751375687843804e+01
3.006253126563282052e+01
3.013256628314157126e+01
3.009754877438719589e+01
3.006253126563282052e+01
3.006253126563282052e+01
3.009754877438719589e+01
3.016758379189594663e+01
3.018509254627313609e+01
3.013256628314157126e+01
3.009754877438719589e+01
3.011505752876438180e+01
3.018509254627313609e+01
3.020260130065032556e+01
3.016758379189594663e+01
3.011505752876438180e+01
3.009754877438719589e+01
3.013256628314157126e+01
3.020260130065032556e+01
3.015007503751876072e+01
3.011505752876438180e+01
3.011505752876438180e+01
3.016758379189594663e+01
3.022011005502751857e+01
3.020260130065032556e+01
3.015007503751876072e+01
3.013256628314157126e+01
3.018509254627313609e+01
3.025512756378188683e+01
3.027263631815908340e+01
3.025512756378188683e+01
3.020260130065032556e+01
3.023761880940470448e+01
3.030765382691345877e+01
3.032516258129064468e+01
3.032516258129064468e+01
3.027263631815908340e+01
3.025512756378188683e+01
3.032516258129064468e+01
3.036018009004502360e+01
3.037768884442220951e+01
3.030765382691345877e+01
3.032516258129064468e+01
3.037768884442220951e+01
3.039519759879940253e+01
3.041270635317658844e+01
3.037768884442220951e+01
3.034267133566783414e+01
3.041270635317658844e+01
3.043021510755378145e+01
3.044772386193096736e+01
3.043021510755378145e+01
3.041270635317658844e+01
3.044772386193096736e+01
3.046523261630815682e+01
3.048274137068534273e+01
3.046523261630815682e+01
3.046523261630815682e+01
3.048274137068534273e+01
3.050025012506252864e+01
3.051775887943972165e+01
3.051775887943972165e+01
3.051775887943972165e+01
3.051775887943972165e+01
3.055277638819410058e+01
3.057028514257128649e+01
3.058779389694847595e+01
3.060530265132566541e+01
3.058779389694847595e+01
3.060530265132566541e+01
3.062281140570285132e+01
3.064032016008004078e+01
3.065782891445722669e+01
3.067533766883441970e+01
3.065782891445722669e+01
3.067533766883441970e+01
3.069284642321160561e+01
3.069284642321160561e+01
3.069284642321160561e+01
3.069284642321160561e+01
3.069284642321160561e+01
3.071035517758879152e+01
3.071035517758879152e+01
3.072786393196598453e+01
3.071035517758879152e+01
3.072786393196598453e+01
3.072786393196598453e+01
3.074537268634317400e+01
3.076288144072036346e+01
3.074537268634317400e+01
3.076288144072036346e+01
3.078039019509754937e+01
3.079789894947473883e+01
3.081540770385192474e+01
3.081540770385192474e+01
3.081540770385192474e+01
3.081540770385192474e+01
3.083291645822911420e+01
3.085042521260630366e+01
3.086793396698348957e+01
3.086793396698348957e+01
3.086793396698348957e+01
3.088544272136068258e+01
3.090295147573787204e+01
3.090295147573787204e+01
3.090295147573787204e+01
3.092046023011506151e+01
3.092046023011506151e+01
3.093796898449224742e+01
3.095547773886943332e+01
3.093796898449224742e+01
3.095547773886943332e+01
3.097298649324662279e+01
3.097298649324662279e+01
3.099049524762381225e+01
3.099049524762381225e+01
3.099049524762381225e+01
3.099049524762381225e+01
3.100800400200100171e+01
3.100800400200100171e+01
3.100800400200100171e+01
3.100800400200100171e+01
3.102551275637818762e+01
3.104302151075538063e+01
3.104302151075538063e+01
3.104302151075538063e+01
3.106053026513257009e+01
3.106053026513257009e+01
3.107803901950975600e+01
3.109554777388694546e+01
3.109554777388694546e+01
3.109554777388694546e+01
3.111305652826413137e+01
3.113056528264132083e+01
3.113056528264132083e+01
3.113056528264132083e+01
3.114807403701851030e+01
3.114807403701851030e+01
3.114807403701851030e+01
3.114807403701851030e+01
3.116558279139569620e+01
3.116558279139569620e+01
3.116558279139569620e+01
3.116558279139569620e+01
3.116558279139569620e+01
3.116558279139569620e+01
3.116558279139569620e+01
3.116558279139569620e+01
3.116558279139569620e+01
3.116558279139569620e+01
3.116558279139569620e+01
3.118309154577288567e+01
3.118309154577288567e+01
3.118309154577288567e+01
3.118309154577288567e+01
3.118309154577288567e+01
3.118309154577288567e+01
3.118309154577288567e+01
3.118309154577288567e+01
3.120060030015007158e+01
3.120060030015007158e+01
3.120060030015007158e+01
3.120060030015007158e+01
3.120060030015007158e+01
3.120060030015007158e+01
3.120060030015007158e+01
3.121810905452726814e+01
3.121810905452726814e+01
3.121810905452726814e+01
3.121810905452726814e+01
3.121810905452726814e+01
3.123561780890445405e+01
3.123561780890445405e+01
3.123561780890445405e+01
3.123561780890445405e+01
3.123561780890445405e+01
3.125312656328164351e+01
3.123561780890445405e+01
3.123561780890445405e+01
3.123561780890445405e+01
3.123561780890445405e+01
3.127063531765882942e+01
3.123561780890445405e+01
3.121810905452726814e+01
3.121810905452726814e+01
3.123561780890445405e+01
3.127063531765882942e+01
3.123561780890445405e+01
3.123561780890445405e+01
3.123561780890445405e+01
3.125312656328164351e+01
3.128814407203601888e+01
3.127063531765882942e+01
3.127063531765882942e+01
3.127063531765882942e+01
3.128814407203601888e+01
3.130565282641320835e+01
3.130565282641320835e+01
3.130565282641320835e+01
3.130565282641320835e+01
3.132316158079039425e+01
3.135817908954476962e+01
3.134067033516758372e+01
3.132316158079039425e+01
3.132316158079039425e+01
3.134067033516758372e+01
3.139319659829915210e+01
3.135817908954476962e+01
3.135817908954476962e+01
3.135817908954476962e+01
3.135817908954476962e+01
3.142821410705352747e+01
3.139319659829915210e+01
3.139319659829915210e+01
3.139319659829915210e+01
3.141070535267633801e+01
3.148074037018509230e+01
3.142821410705352747e+01
3.142821410705352747e+01
3.142821410705352747e+01
3.144572286143071693e+01
3.151575787893946767e+01
3.148074037018509230e+01
3.146323161580790639e+01
3.146323161580790639e+01
3.149824912456228176e+01
3.156828414207103606e+01
3.153326663331666069e+01
3.151575787893946767e+01
3.151575787893946767e+01
3.155077538769385015e+01
3.162081040520260444e+01
3.158579289644822552e+01
3.156828414207103606e+01
3.156828414207103606e+01
3.160330165082541498e+01
3.167333666833416572e+01
3.163831915957979035e+01
3.160330165082541498e+01
3.160330165082541498e+01
3.163831915957979035e+01
3.170835417708854820e+01
3.167333666833416572e+01
3.163831915957979035e+01
3.163831915957979035e+01
3.167333666833416572e+01
3.172586293146573411e+01
3.170835417708854820e+01
3.165582791395697626e+01
3.165582791395697626e+01
3.170835417708854820e+01
3.177838919459729894e+01
3.174337168584292357e+01
3.170835417708854820e+01
3.170835417708854820e+01
3.176088044022011303e+01
3.183091545772886377e+01
3.179589794897448840e+01
3.176088044022011303e+01
3.174337168584292357e+01
3.179589794897448840e+01
3.186593296648323914e+01
3.183091545772886377e+01
3.177838919459729894e+01
3.177838919459729894e+01
3.181340670335167431e+01
3.186593296648323914e+01
3.186593296648323914e+01
3.179589794897448840e+01
3.179589794897448840e+01
3.184842421210605679e+01
3.190095047523761806e+01
3.188344172086043216e+01
3.183091545772886377e+01
3.183091545772886377e+01
3.190095047523761806e+01
3.193596798399199699e+01
3.193596798399199699e+01
3.186593296648323914e+01
3.186593296648323914e+01
3.191845922961481108e+01
3.197098549274637236e+01
3.195347673836918645e+01
3.190095047523761806e+01
3.190095047523761806e+01
3.195347673836918645e+01
3.198849424712355827e+01
3.198849424712355827e+01
3.193596798399199699e+01
3.195347673836918645e+01
3.200600300150075128e+01
3.204102051025513020e+01
3.204102051025513020e+01
3.198849424712355827e+01
3.198849424712355827e+01
3.205852926463231256e+01
3.207603801900950913e+01
3.207603801900950913e+01
3.202351175587794074e+01
3.202351175587794074e+01
3.209354677338669859e+01
3.211105552776388095e+01
3.209354677338669859e+01
3.205852926463231256e+01
3.204102051025513020e+01
3.211105552776388095e+01
3.211105552776388095e+01
3.211105552776388095e+01
3.207603801900950913e+01
3.207603801900950913e+01
3.212856428214107041e+01
3.214607303651825987e+01
3.214607303651825987e+01
3.211105552776388095e+01
3.211105552776388095e+01
3.214607303651825987e+01
3.216358179089544933e+01
3.216358179089544933e+01
3.214607303651825987e+01
3.214607303651825987e+01
3.218109054527263879e+01
3.219859929964982825e+01
3.218109054527263879e+01
3.216358179089544933e+01
3.216358179089544933e+01
3.219859929964982825e+01
3.221610805402701061e+01
3.223361680840420007e+01
3.221610805402701061e+01
3.221610805402701061e+01
3.225112556278139664e+01
3.226863431715857899e+01
3.226863431715857899e+01
3.225112556278139664e+01
3.226863431715857899e+01
3.228614307153576846e+01
3.230365182591295792e+01
3.230365182591295792e+01
3.228614307153576846e+01
3.230365182591295792e+01
3.232116058029014738e+01
3.232116058029014738e+01
3.232116058029014738e+01
3.232116058029014738e+01
3.232116058029014738e+01
3.233866933466733684e+01
3.235617808904451920e+01
3.235617808904451920e+01
3.237368684342170866e+01
3.237368684342170866e+01
3.239119559779889812e+01
3.239119559779889812e+01
3.240870435217609469e+01
3.240870435217609469e+01
3.240870435217609469e+01
3.242621310655327704e+01
3.242621310655327704e+01
3.244372186093045940e+01
3.244372186093045940e+01
3.242621310655327704e+01
3.244372186093045940e+01
3.246123061530765597e+01
3.246123061530765597e+01
3.246123061530765597e+01
3.244372186093045940e+01
3.246123061530765597e+01
3.246123061530765597e+01
3.246123061530765597e+01
3.247873936968484543e+01
3.246123061530765597e+01
3.247873936968484543e+01
3.247873936968484543e+01
3.247873936968484543e+01
3.249624812406203489e+01
3.247873936968484543e+01
3.247873936968484543e+01
3.249624812406203489e+01
3.249624812406203489e+01
3.249624812406203489e+01
3.249624812406203489e+01
3.249624812406203489e+01
3.251375687843921725e+01
3.251375687843921725e+01
3.251375687843921725e+01
3.253126563281640671e+01
3.253126563281640671e+01
3.253126563281640671e+01
3.253126563281640671e+01
3.254877438719359617e+01
3.254877438719359617e+01
3.254877438719359617e+01
3.254877438719359617e+01
3.254877438719359617e+01
3.256628314157078563e+01
3.254877438719359617e+01
3.254877438719359617e+01
3.254877438719359617e+01
3.254877438719359617e+01
3.256628314157078563e+01
3.254877438719359617e+01
3.254877438719359617e+01
3.254877438719359617e+01
3.254877438719359617e+01
3.254877438719359617e+01
3.254877438719359617e+01
3.254877438719359617e+01
3.253126563281640671e+01
3.253126563281640671e+01
3.254877438719359617e+01
3.253126563281640671e+01
3.253126563281640671e+01
3.253126563281640671e+01
3.253126563281640671e+01
3.254877438719359617e+01
3.254877438719359617e+01
3.253126563281640671e+01
3.253126563281640671e+01
3.253126563281640671e+01
3.254877438719359617e+01
3.253126563281640671e+01
3.253126563281640671e+01
3.251375687843921725e+01
3.251375687843921725e+01
3.253126563281640671e+01
3.251375687843921725e+01
3.251375687843921725e+01
3.251375687843921725e+01
3.251375687843921725e+01
3.251375687843921725e+01
3.251375687843921725e+01
3.251375687843921725e+01
3.251375687843921725e+01
3.251375687843921725e+01
3.251375687843921725e+01
3.251375687843921725e+01
3.251375687843921725e+01
3.249624812406203489e+01
3.251375687843921725e+01
3.251375687843921725e+01
3.249624812406203489e+01
3.249624812406203489e+01
3.249624812406203489e+01
3.249624812406203489e+01
3.249624812406203489e+01
3.249624812406203489e+01
3.249624812406203489e+01
3.249624812406203489e+01
3.249624812406203489e+01
3.249624812406203489e+01
3.251375687843921725e+01
3.251375687843921725e+01
3.251375687843921725e+01
3.251375687843921725e+01
3.251375687843921725e+01
3.251375687843921725e+01
3.251375687843921725e+01
3.251375687843921725e+01
3.251375687843921725e+01
3.251375687843921725e+01
3.249624812406203489e+01
3.249624812406203489e+01
3.249624812406203489e+01
3.249624812406203489e+01
3.251375687843921725e+01
3.251375687843921725e+01
3.249624812406203489e+01
3.249624812406203489e+01
3.249624812406203489e+01
3.249624812406203489e+01
3.251375687843921725e+01
3.251375687843921725e+01
3.251375687843921725e+01
3.251375687843921725e+01
3.251375687843921725e+01
3.249624812406203489e+01
3.249624812406203489e+01
3.249624812406203489e+01
3.249624812406203489e+01
3.249624812406203489e+01
3.249624812406203489e+01
3.249624812406203489e+01
3.249624812406203489e+01
3.249624812406203489e+01
3.251375687843921725e+01
3.251375687843921725e+01
3.249624812406203489e+01
3.249624812406203489e+01
3.249624812406203489e+01
3.249624812406203489e+01
3.249624812406203489e+01
3.249624812406203489e+01
3.247873936968484543e+01
3.247873936968484543e+01
3.247873936968484543e+01
3.246123061530765597e+01
3.246123061530765597e+01
3.246123061530765597e+01
3.246123061530765597e+01
3.246123061530765597e+01
3.244372186093045940e+01
3.242621310655327704e+01
3.242621310655327704e+01
3.242621310655327704e+01
3.244372186093045940e+01
3.242621310655327704e+01
3.240870435217609469e+01
3.240870435217609469e+01
3.240870435217609469e+01
3.240870435217609469e+01
3.240870435217609469e+01
3.240870435217609469e+01
3.240870435217609469e+01
3.240870435217609469e+01
3.240870435217609469e+01
3.239119559779889812e+01
3.237368684342170866e+01
3.237368684342170866e+01
3.239119559779889812e+01
3.237368684342170866e+01
3.237368684342170866e+01
3.235617808904451920e+01
3.235617808904451920e+01
3.235617808904451920e+01
3.235617808904451920e+01
3.235617808904451920e+01
3.233866933466733684e+01
3.233866933466733684e+01
3.233866933466733684e+01
3.233866933466733684e+01
3.232116058029014738e+01
3.232116058029014738e+01
3.232116058029014738e+01
3.230365182591295792e+01
3.230365182591295792e+01
3.228614307153576846e+01
3.228614307153576846e+01
3.228614307153576846e+01
3.228614307153576846e+01
3.226863431715857899e+01
3.225112556278139664e+01
3.225112556278139664e+01
3.225112556278139664e+01
3.225112556278139664e+01
3.223361680840420007e+01
3.223361680840420007e+01
3.221610805402701061e+01
3.221610805402701061e+01
3.219859929964982825e+01
3.218109054527263879e+01
3.218109054527263879e+01
3.216358179089544933e+01
3.216358179089544933e+01
3.216358179089544933e+01
3.212856428214107041e+01
3.207603801900950913e+01
3.211105552776388095e+01
3.212856428214107041e+01
3.211105552776388095e+01
3.207603801900950913e+01
3.200600300150075128e+01
3.205852926463231256e+01
3.207603801900950913e+01
3.207603801900950913e+01
3.202351175587794074e+01
3.195347673836918645e+01
3.200600300150075128e+01
3.204102051025513020e+01
3.202351175587794074e+01
3.198849424712355827e+01
3.193596798399199699e+01
3.200600300150075128e+01
3.202351175587794074e+01
3.200600300150075128e+01
3.195347673836918645e+01
3.191845922961481108e+01
3.198849424712355827e+01
3.200600300150075128e+01
3.198849424712355827e+01
3.193596798399199699e+01
3.188344172086043216e+01
3.193596798399199699e+01
3.197098549274637236e+01
3.195347673836918645e+01
3.190095047523761806e+01
3.184842421210605679e+01
3.191845922961481108e+01
3.193596798399199699e+01
3.191845922961481108e+01
3.184842421210605679e+01
3.183091545772886377e+01
3.188344172086043216e+01
3.191845922961481108e+01
3.190095047523761806e+01
3.183091545772886377e+01
3.181340670335167431e+01
3.184842421210605679e+01
3.188344172086043216e+01
3.186593296648323914e+01
3.179589794897448840e+01
3.177838919459729894e+01
3.181340670335167431e+01
3.184842421210605679e+01
3.183091545772886377e+01
3.176088044022011303e+01
3.172586293146573411e+01
3.176088044022011303e+01
3.181340670335167431e+01
3.181340670335167431e+01
3.172586293146573411e+01
3.170835417708854820e+01
3.172586293146573411e+01
3.177838919459729894e+01
3.177838919459729894e+01
3.170835417708854820e+01
3.169084542271135874e+01
3.169084542271135874e+01
3.174337168584292357e+01
3.172586293146573411e+01
3.167333666833416572e+01
3.165582791395697626e+01
3.165582791395697626e+01
3.169084542271135874e+01
3.167333666833416572e+01
3.162081040520260444e+01
3.162081040520260444e+01
3.162081040520260444e+01
3.165582791395697626e+01
3.165582791395697626e+01
3.162081040520260444e+01
3.160330165082541498e+01
3.160330165082541498e+01
3.163831915957979035e+01
3.165582791395697626e+01
3.160330165082541498e+01
3.160330165082541498e+01
3.160330165082541498e+01
3.160330165082541498e+01
3.160330165082541498e+01
3.160330165082541498e+01
3.158579289644822552e+01
3.158579289644822552e+01
3.160330165082541498e+01
3.158579289644822552e+01
3.158579289644822552e+01
3.156828414207103606e+01
3.156828414207103606e+01
3.160330165082541498e+01
3.160330165082541498e+01
3.156828414207103606e+01
3.153326663331666069e+01
3.153326663331666069e+01
3.155077538769385015e+01
3.155077538769385015e+01
3.153326663331666069e+01
3.151575787893946767e+01
3.151575787893946767e+01
3.149824912456228176e+01
3.149824912456228176e+01
3.149824912456228176e+01
3.148074037018509230e+01
3.148074037018509230e+01
3.148074037018509230e+01
3.148074037018509230e+01
3.146323161580790639e+01
3.144572286143071693e+01
3.144572286143071693e+01
3.144572286143071693e+01
3.144572286143071693e+01
3.144572286143071693e+01
3.142821410705352747e+01
3.142821410705352747e+01
3.142821410705352747e+01
3.142821410705352747e+01
3.141070535267633801e+01
3.141070535267633801e+01
3.139319659829915210e+01
3.139319659829915210e+01
3.137568784392196619e+01
3.137568784392196619e+01
3.137568784392196619e+01
3.135817908954476962e+01
3.135817908954476962e+01
3.135817908954476962e+01
3.134067033516758372e+01
3.134067033516758372e+01
3.132316158079039425e+01
3.132316158079039425e+01
3.132316158079039425e+01
3.132316158079039425e+01
3.132316158079039425e+01
3.130565282641320835e+01
3.130565282641320835e+01
3.132316158079039425e+01
3.132316158079039425e+01
3.132316158079039425e+01
3.130565282641320835e+01
3.130565282641320835e+01
3.130565282641320835e+01
3.130565282641320835e+01
3.130565282641320835e+01
3.130565282641320835e+01
3.130565282641320835e+01
3.130565282641320835e+01
3.130565282641320835e+01
3.128814407203601888e+01
3.128814407203601888e+01
3.128814407203601888e+01
3.128814407203601888e+01
3.128814407203601888e+01
3.127063531765882942e+01
3.127063531765882942e+01
3.125312656328164351e+01
3.125312656328164351e+01
3.127063531765882942e+01
3.125312656328164351e+01
3.123561780890445405e+01
3.123561780890445405e+01
3.123561780890445405e+01
3.123561780890445405e+01
3.121810905452726814e+01
3.121810905452726814e+01
3.120060030015007158e+01
3.120060030015007158e+01
3.120060030015007158e+01
3.120060030015007158e+01
3.118309154577288567e+01
3.118309154577288567e+01
3.118309154577288567e+01
3.118309154577288567e+01
3.118309154577288567e+01
3.116558279139569620e+01
3.116558279139569620e+01
3.116558279139569620e+01
3.116558279139569620e+01
3.116558279139569620e+01
3.114807403701851030e+01
3.114807403701851030e+01
3.114807403701851030e+01
3.114807403701851030e+01
3.114807403701851030e+01
3.113056528264132083e+01
3.113056528264132083e+01
3.113056528264132083e+01
3.113056528264132083e+01
3.111305652826413137e+01
3.111305652826413137e+01
3.111305652826413137e+01
3.111305652826413137e+01
3.111305652826413137e+01
3.111305652826413137e+01
3.107803901950975600e+01
3.109554777388694546e+01
3.109554777388694546e+01
3.109554777388694546e+01
3.109554777388694546e+01
3.107803901950975600e+01
3.107803901950975600e+01
3.107803901950975600e+01
3.107803901950975600e+01
3.107803901950975600e+01
3.107803901950975600e+01
3.107803901950975600e+01
3.107803901950975600e+01
3.107803901950975600e+01
3.107803901950975600e+01
3.106053026513257009e+01
3.106053026513257009e+01
3.106053026513257009e+01
3.107803901950975600e+01
3.107803901950975600e+01
3.106053026513257009e+01
3.106053026513257009e+01
3.106053026513257009e+01
3.106053026513257009e+01
3.104302151075538063e+01
3.104302151075538063e+01
3.102551275637818762e+01
3.102551275637818762e+01
3.102551275637818762e+01
3.100800400200100171e+01
3.100800400200100171e+01
3.099049524762381225e+01
3.099049524762381225e+01
3.099049524762381225e+01
3.099049524762381225e+01
3.097298649324662279e+01
3.097298649324662279e+01
3.097298649324662279e+01
3.097298649324662279e+01
3.095547773886943332e+01
3.095547773886943332e+01
3.095547773886943332e+01
3.095547773886943332e+01
3.095547773886943332e+01
3.093796898449224742e+01
3.092046023011506151e+01
3.093796898449224742e+01
3.093796898449224742e+01
3.093796898449224742e+01
3.092046023011506151e+01
3.092046023011506151e+01
3.092046023011506151e+01
3.092046023011506151e+01
3.092046023011506151e+01
3.090295147573787204e+01
3.088544272136068258e+01
3.088544272136068258e+01
3.088544272136068258e+01
3.088544272136068258e+01
3.086793396698348957e+01
3.085042521260630366e+01
3.085042521260630366e+01
3.085042521260630366e+01
3.085042521260630366e+01
3.083291645822911420e+01
3.083291645822911420e+01
3.083291645822911420e+01
3.083291645822911420e+01
3.083291645822911420e+01
3.083291645822911420e+01
3.081540770385192474e+01
3.079789894947473883e+01
3.081540770385192474e+01
3.081540770385192474e+01
3.079789894947473883e+01
3.078039019509754937e+01
3.078039019509754937e+01
3.078039019509754937e+01
3.079789894947473883e+01
3.078039019509754937e+01
3.076288144072036346e+01
3.076288144072036346e+01
3.076288144072036346e+01
3.076288144072036346e+01
3.076288144072036346e+01
3.074537268634317400e+01
3.072786393196598453e+01
3.074537268634317400e+01
3.072786393196598453e+01
3.072786393196598453e+01
3.071035517758879152e+01
3.067533766883441970e+01
3.069284642321160561e+01
3.069284642321160561e+01
3.067533766883441970e+01
3.065782891445722669e+01
3.064032016008004078e+01
3.065782891445722669e+01
3.064032016008004078e+01
3.064032016008004078e+01
3.064032016008004078e+01
3.062281140570285132e+01
3.062281140570285132e+01
3.062281140570285132e+01
3.060530265132566541e+01
3.060530265132566541e+01
3.058779389694847595e+01
3.058779389694847595e+01
3.060530265132566541e+01
3.060530265132566541e+01
3.058779389694847595e+01
3.058779389694847595e+01
3.057028514257128649e+01
3.058779389694847595e+01
3.057028514257128649e+01
3.057028514257128649e+01
3.055277638819410058e+01
3.053526763381690756e+01
3.055277638819410058e+01
3.053526763381690756e+01
3.053526763381690756e+01
3.051775887943972165e+01
3.050025012506252864e+01
3.046523261630815682e+01
3.048274137068534273e+01
3.048274137068534273e+01
3.048274137068534273e+01
3.048274137068534273e+01
3.044772386193096736e+01
3.044772386193096736e+01
3.046523261630815682e+01
3.046523261630815682e+01
3.046523261630815682e+01
3.043021510755378145e+01
3.044772386193096736e+01
3.043021510755378145e+01
3.044772386193096736e+01
3.044772386193096736e+01
3.043021510755378145e+01
3.041270635317658844e+01
3.041270635317658844e+01
3.043021510755378145e+01
3.043021510755378145e+01
3.041270635317658844e+01
3.037768884442220951e+01
3.041270635317658844e+01
3.043021510755378145e+01
3.043021510755378145e+01
3.043021510755378145e+01
3.039519759879940253e+01
3.041270635317658844e+01
3.043021510755378145e+01
3.043021510755378145e+01
3.041270635317658844e+01
3.037768884442220951e+01
3.032516258129064468e+01
3.039519759879940253e+01
3.041270635317658844e+01
3.039519759879940253e+01
3.036018009004502360e+01
3.029014507253626931e+01
3.036018009004502360e+01
3.037768884442220951e+01
3.037768884442220951e+01
3.034267133566783414e+01
3.027263631815908340e+01
3.034267133566783414e+01
3.037768884442220951e+01
3.037768884442220951e+01
3.034267133566783414e+01
3.027263631815908340e+01
3.029014507253626931e+01
3.034267133566783414e+01
3.036018009004502360e+01
3.034267133566783414e+01
3.027263631815908340e+01
3.025512756378188683e+01
3.029014507253626931e+01
3.032516258129064468e+01
3.032516258129064468e+01
3.022011005502751857e+01
3.022011005502751857e+01
3.025512756378188683e+01
3.029014507253626931e+01
3.030765382691345877e+01
3.022011005502751857e+01
3.018509254627313609e+01
3.020260130065032556e+01
3.025512756378188683e+01
3.027263631815908340e+01
3.022011005502751857e+01
3.016758379189594663e+01
3.015007503751876072e+01
3.018509254627313609e+01
3.023761880940470448e+01
3.020260130065032556e+01
3.015007503751876072e+01
3.011505752876438180e+01
3.013256628314157126e+01
3.018509254627313609e+01
3.018509254627313609e+01
3.013256628314157126e+01
3.009754877438719589e+01
3.013256628314157126e+01
3.018509254627313609e+01
3.016758379189594663e+01
3.011505752876438180e+01
3.008004002001000643e+01
3.009754877438719589e+01
3.016758379189594663e+01
3.018509254627313609e+01
3.013256628314157126e+01
3.008004002001000643e+01
3.006253126563282052e+01
3.009754877438719589e+01
3.016758379189594663e+01
3.011505752876438180e+01
3.006253126563282052e+01
3.002751375687843804e+01
3.002751375687843804e+01
3.006253126563282052e+01
3.008004002001000643e+01
3.001000500250124858e+01
2.997498749374687677e+01
2.997498749374687677e+01
2.999249624812406267e+01
2.997498749374687677e+01
2.993996998499249784e+01
2.992246123061530838e+01
2.992246123061530838e+01
2.993996998499249784e+01
2.992246123061530838e+01
2.990495247623812247e+01
2.988744372186093656e+01
2.986993496748374000e+01
2.986993496748374000e+01
2.985242621310655409e+01
2.986993496748374000e+01
2.985242621310655409e+01
2.983491745872936463e+01
2.983491745872936463e+01
2.983491745872936463e+01
2.983491745872936463e+01
2.983491745872936463e+01
2.981740870435217872e+01
2.981740870435217872e+01
2.981740870435217872e+01
2.981740870435217872e+01
2.979989994997498570e+01
2.979989994997498570e+01
2.979989994997498570e+01
2.979989994997498570e+01
2.978239119559779979e+01
2.978239119559779979e+01
2.978239119559779979e+01
2.978239119559779979e+01
2.978239119559779979e+01
2.976488244122061388e+01
2.976488244122061388e+01
2.976488244122061388e+01
2.974737368684342442e+01
2.974737368684342442e+01
2.974737368684342442e+01
2.974737368684342442e+01
2.972986493246623851e+01
2.972986493246623851e+01
2.972986493246623851e+01
2.972986493246623851e+01
2.974737368684342442e+01
2.974737368684342442e+01
2.974737368684342442e+01
2.972986493246623851e+01
2.974737368684342442e+01
2.974737368684342442e+01
2.974737368684342442e+01
2.974737368684342442e+01
2.974737368684342442e+01
2.974737368684342442e+01
2.974737368684342442e+01
2.974737368684342442e+01
2.974737368684342442e+01
2.974737368684342442e+01
2.972986493246623851e+01
2.972986493246623851e+01
2.972986493246623851e+01
2.971235617808904195e+01
2.971235617808904195e+01
2.971235617808904195e+01
2.971235617808904195e+01
2.971235617808904195e+01
2.967733866933466658e+01
2.967733866933466658e+01
2.967733866933466658e+01
2.965982991495748067e+01
2.965982991495748067e+01
2.965982991495748067e+01
2.965982991495748067e+01
2.964232116058029121e+01
2.964232116058029121e+01
2.964232116058029121e+01
2.965982991495748067e+01
2.964232116058029121e+01
2.964232116058029121e+01
2.964232116058029121e+01
2.964232116058029121e+01
2.964232116058029121e+01
2.962481240620310174e+01
2.962481240620310174e+01
2.962481240620310174e+01
2.962481240620310174e+01
2.962481240620310174e+01
2.962481240620310174e+01
2.962481240620310174e+01
2.962481240620310174e+01
2.962481240620310174e+01
2.962481240620310174e+01
2.960730365182591584e+01
2.960730365182591584e+01
2.960730365182591584e+01
2.960730365182591584e+01
2.960730365182591584e+01
2.960730365182591584e+01
2.958979489744872637e+01
2.958979489744872637e+01
2.958979489744872637e+01
2.957228614307154047e+01
2.957228614307154047e+01
2.955477738869434390e+01
2.955477738869434390e+01
2.955477738869434390e+01
2.953726863431715799e+01
2.953726863431715799e+01
2.953726863431715799e+01
2.953726863431715799e+01
2.953726863431715799e+01
2.953726863431715799e+01
2.953726863431715799e+01
2.951975987993997208e+01
2.951975987993997208e+01
2.951975987993997208e+01
2.951975987993997208e+01
2.951975987993997208e+01
2.951975987993997208e+01
2.951975987993997208e+01
2.951975987993997208e+01
2.951975987993997208e+01
2.950225112556278262e+01
2.950225112556278262e+01
2.950225112556278262e+01
2.950225112556278262e+01
2.948474237118559316e+01
2.948474237118559316e+01
2.946723361680840370e+01
2.946723361680840370e+01
2.944972486243121779e+01
2.944972486243121779e+01
2.943221610805402833e+01
2.943221610805402833e+01
2.941470735367684242e+01
2.939719859929964940e+01
2.939719859929964940e+01
2.939719859929964940e+01
2.937968984492245994e+01
2.936218109054527403e+01
2.936218109054527403e+01
2.934467233616808457e+01
2.936218109054527403e+01
2.934467233616808457e+01
2.934467233616808457e+01
2.934467233616808457e+01
2.932716358179089511e+01
2.932716358179089511e+01
2.932716358179089511e+01
2.932716358179089511e+01
2.932716358179089511e+01
2.932716358179089511e+01
2.932716358179089511e+01
2.932716358179089511e+01
2.932716358179089511e+01
2.932716358179089511e+01
2.930965482741370920e+01
2.930965482741370920e+01
2.930965482741370920e+01
2.930965482741370920e+01
2.929214607303651974e+01
2.929214607303651974e+01
2.927463731865933383e+01
2.927463731865933383e+01
2.927463731865933383e+01
2.927463731865933383e+01
2.925712856428214437e+01
2.923961980990495135e+01
2.923961980990495135e+01
2.923961980990495135e+01
2.922211105552776189e+01
2.920460230115057598e+01
2.920460230115057598e+01
2.920460230115057598e+01
2.920460230115057598e+01
2.918709354677339007e+01
2.918709354677339007e+01
2.916958479239619706e+01
2.916958479239619706e+01
2.916958479239619706e+01
2.916958479239619706e+01
2.915207603801901115e+01
2.915207603801901115e+01
2.915207603801901115e+01
2.915207603801901115e+01
2.915207603801901115e+01
2.915207603801901115e+01
2.915207603801901115e+01
2.915207603801901115e+01
2.915207603801901115e+01
2.913456728364182169e+01
2.913456728364182169e+01
2.913456728364182169e+01
2.913456728364182169e+01
2.913456728364182169e+01
2.913456728364182169e+01
2.911705852926463578e+01
2.911705852926463578e+01
2.911705852926463578e+01
2.909954977488743921e+01
2.908204102051025330e+01
2.908204102051025330e+01
2.908204102051025330e+01
2.906453226613306740e+01
2.906453226613306740e+01
2.904702351175587793e+01
2.902951475737869202e+01
2.902951475737869202e+01
2.902951475737869202e+01
2.902951475737869202e+01
2.902951475737869202e+01
2.901200600300149901e+01
2.899449724862431310e+01
2.901200600300149901e+01
2.902951475737869202e+01
2.902951475737869202e+01
2.901200600300149901e+01
2.899449724862431310e+01
2.901200600300149901e+01
2.902951475737869202e+01
2.902951475737869202e+01
2.901200600300149901e+01
2.902951475737869202e+01
2.902951475737869202e+01
2.902951475737869202e+01
2.902951475737869202e+01
2.902951475737869202e+01
2.901200600300149901e+01
2.901200600300149901e+01
2.902951475737869202e+01
2.901200600300149901e+01
2.901200600300149901e+01
2.899449724862431310e+01
2.897698849424712364e+01
2.899449724862431310e+01
2.897698849424712364e+01
2.897698849424712364e+01
2.897698849424712364e+01
2.895947973986993773e+01
2.894197098549274827e+01
2.892446223111555526e+01
2.894197098549274827e+01
2.894197098549274827e+01
2.894197098549274827e+01
2.892446223111555526e+01
2.890695347673836935e+01
2.892446223111555526e+01
2.894197098549274827e+01
2.894197098549274827e+01
2.892446223111555526e+01
2.890695347673836935e+01
2.890695347673836935e+01
2.892446223111555526e+01
2.892446223111555526e+01
2.892446223111555526e+01
2.888944472236117988e+01
2.881940970485242914e+01
2.888944472236117988e+01
2.890695347673836935e+01
2.890695347673836935e+01
2.888944472236117988e+01
2.880190095047523968e+01
2.885442721360680096e+01
2.888944472236117988e+01
2.888944472236117988e+01
2.887193596798399398e+01
2.881940970485242914e+01
2.876688344172085721e+01
2.883691845922961505e+01
2.885442721360680096e+01
2.883691845922961505e+01
2.880190095047523968e+01
2.873186593296648184e+01
2.871435717858929593e+01
2.878439219609805022e+01
2.880190095047523968e+01
2.876688344172085721e+01
2.869684842421210647e+01
2.866183091545773109e+01
2.869684842421210647e+01
2.874937468734367130e+01
2.873186593296648184e+01
2.866183091545773109e+01
2.862681340670335217e+01
2.866183091545773109e+01
2.871435717858929593e+01
2.873186593296648184e+01
2.869684842421210647e+01
2.864432216108054163e+01
2.862681340670335217e+01
2.867933966983491700e+01
2.873186593296648184e+01
2.873186593296648184e+01
2.867933966983491700e+01
2.862681340670335217e+01
2.862681340670335217e+01
2.867933966983491700e+01
2.871435717858929593e+01
2.869684842421210647e+01
2.862681340670335217e+01
2.859179589794897325e+01
2.862681340670335217e+01
2.866183091545773109e+01
2.869684842421210647e+01
2.862681340670335217e+01
2.855677838919459788e+01
2.855677838919459788e+01
2.859179589794897325e+01
2.864432216108054163e+01
2.862681340670335217e+01
2.855677838919459788e+01
2.850425212606303305e+01
2.852176088044021895e+01
2.857428714357179089e+01
2.859179589794897325e+01
2.853926963481740842e+01
2.850425212606303305e+01
2.848674337168584714e+01
2.848674337168584714e+01
2.853926963481740842e+01
2.855677838919459788e+01
2.848674337168584714e+01
2.846923461730865412e+01
2.846923461730865412e+01
2.848674337168584714e+01
2.852176088044021895e+01
2.848674337168584714e+01
2.846923461730865412e+01
2.845172586293146821e+01
2.846923461730865412e+01
2.850425212606303305e+01
2.852176088044021895e+01
2.845172586293146821e+01
2.843421710855427520e+01
2.841670835417709284e+01
2.843421710855427520e+01
2.850425212606303305e+01
2.845172586293146821e+01
2.841670835417709284e+01
2.838169084542271037e+01
2.838169084542271037e+01
2.838169084542271037e+01
2.836418209104552446e+01
2.836418209104552446e+01
2.834667333666833500e+01
2.834667333666833500e+01
2.834667333666833500e+01
2.834667333666833500e+01
2.832916458229114909e+01
2.831165582791395607e+01
2.831165582791395607e+01
2.831165582791395607e+01
2.831165582791395607e+01
2.829414707353677016e+01
2.829414707353677016e+01
2.827663831915957715e+01
2.827663831915957715e+01
2.827663831915957715e+01
2.829414707353677016e+01
2.829414707353677016e+01
2.829414707353677016e+01
2.827663831915957715e+01
2.825912956478239479e+01
2.825912956478239479e+01
2.825912956478239479e+01
2.827663831915957715e+01
2.825912956478239479e+01
2.825912956478239479e+01
2.824162081040520889e+01
2.824162081040520889e+01
2.822411205602801232e+01
2.824162081040520889e+01
2.822411205602801232e+01
2.822411205602801232e+01
2.820660330165082641e+01
2.820660330165082641e+01
2.818909454727363695e+01
2.818909454727363695e+01
2.818909454727363695e+01
2.817158579289645104e+01
2.817158579289645104e+01
2.815407703851925802e+01
2.815407703851925802e+01
2.813656828414207212e+01
2.813656828414207212e+01
2.813656828414207212e+01
2.813656828414207212e+01
2.813656828414207212e+01
2.813656828414207212e+01
2.811905952976488621e+01
2.813656828414207212e+01
2.813656828414207212e+01
2.813656828414207212e+01
2.813656828414207212e+01
2.811905952976488621e+01
2.811905952976488621e+01
2.813656828414207212e+01
2.813656828414207212e+01
2.813656828414207212e+01
2.811905952976488621e+01
2.811905952976488621e+01
2.811905952976488621e+01
2.811905952976488621e+01
2.811905952976488621e+01
2.810155077538769319e+01
2.810155077538769319e+01
2.810155077538769319e+01
2.810155077538769319e+01
2.808404202101050373e+01
2.808404202101050373e+01
2.806653326663331427e+01
2.806653326663331427e+01
2.806653326663331427e+01
2.804902451225612836e+01
2.804902451225612836e+01
2.804902451225612836e+01
2.803151575787894245e+01
2.803151575787894245e+01
2.803151575787894245e+01
2.803151575787894245e+01
2.803151575787894245e+01
2.801400700350175299e+01
2.801400700350175299e+01
2.801400700350175299e+01
2.801400700350175299e+01
2.801400700350175299e+01
2.799649824912456353e+01
2.801400700350175299e+01
2.801400700350175299e+01
2.799649824912456353e+01
2.801400700350175299e+01
2.799649824912456353e+01
2.799649824912456353e+01
2.801400700350175299e+01
2.799649824912456353e+01
2.799649824912456353e+01
2.799649824912456353e+01
2.799649824912456353e+01
2.799649824912456353e+01
2.799649824912456353e+01
2.799649824912456353e+01
2.799649824912456353e+01
2.797898949474737407e+01
2.797898949474737407e+01
2.797898949474737407e+01
2.797898949474737407e+01
2.796148074037018816e+01
2.796148074037018816e+01
2.794397198599299514e+01
2.792646323161580568e+01
2.792646323161580568e+01
2.792646323161580568e+01
2.792646323161580568e+01
2.790895447723861977e+01
2.790895447723861977e+01
2.790895447723861977e+01
2.789144572286143031e+01
2.789144572286143031e+01
2.789144572286143031e+01
2.789144572286143031e+01
2.789144572286143031e+01
2.789144572286143031e+01
2.787393696848424440e+01
2.787393696848424440e+01
2.787393696848424440e+01
2.787393696848424440e+01
2.787393696848424440e+01
2.785642821410705494e+01
2.785642821410705494e+01
2.785642821410705494e+01
2.785642821410705494e+01
2.785642821410705494e+01
2.785642821410705494e+01
2.783891945972986548e+01
2.783891945972986548e+01
2.783891945972986548e+01
2.782141070535267602e+01
2.782141070535267602e+01
2.782141070535267602e+01
2.780390195097549011e+01
2.780390195097549011e+01
2.778639319659830420e+01
2.776888444222110763e+01
2.776888444222110763e+01
2.776888444222110763e+01
2.775137568784392172e+01
2.773386693346673226e+01
2.773386693346673226e+01
2.771635817908954635e+01
2.771635817908954635e+01
2.769884942471235689e+01
2.769884942471235689e+01
2.769884942471235689e+01
2.768134067033516743e+01
2.768134067033516743e+01
2.768134067033516743e+01
2.766383191595798152e+01
2.766383191595798152e+01
2.766383191595798152e+01
2.766383191595798152e+01
2.766383191595798152e+01
2.766383191595798152e+01
2.764632316158079206e+01
2.764632316158079206e+01
2.764632316158079206e+01
2.764632316158079206e+01
2.764632316158079206e+01
2.762881440720360615e+01
2.762881440720360615e+01
2.761130565282640958e+01
2.761130565282640958e+01
2.759379689844922368e+01
2.759379689844922368e+01
2.759379689844922368e+01
2.757628814407203421e+01
2.757628814407203421e+01
2.755877938969484831e+01
2.754127063531766240e+01
2.754127063531766240e+01
2.754127063531766240e+01
2.752376188094046938e+01
2.752376188094046938e+01
2.750625312656328347e+01
2.750625312656328347e+01
2.748874437218609401e+01
2.748874437218609401e+01
2.747123561780890810e+01
2.747123561780890810e+01
2.747123561780890810e+01
2.745372686343171864e+01
2.745372686343171864e+01
2.743621810905452563e+01
2.743621810905452563e+01
2.743621810905452563e+01
2.741870935467733972e+01
2.741870935467733972e+01
2.740120060030015026e+01
2.740120060030015026e+01
2.741870935467733972e+01
2.740120060030015026e+01
2.740120060030015026e+01
2.740120060030015026e+01
2.740120060030015026e+01
2.740120060030015026e+01
2.740120060030015026e+01
2.740120060030015026e+01
2.740120060030015026e+01
2.738369184592296435e+01
2.738369184592296435e+01
2.738369184592296435e+01
2.738369184592296435e+01
2.738369184592296435e+01
2.736618309154577133e+01
2.736618309154577133e+01
2.736618309154577133e+01
2.736618309154577133e+01
2.734867433716858542e+01
2.733116558279139952e+01
2.729614807403701704e+01
2.724362181090545221e+01
2.729614807403701704e+01
2.731365682841421005e+01
2.731365682841421005e+01
2.729614807403701704e+01
2.726113056528264167e+01
2.719109554777388738e+01
2.726113056528264167e+01
2.729614807403701704e+01
2.729614807403701704e+01
2.727863931965982758e+01
2.724362181090545221e+01
2.724362181090545221e+01
2.727863931965982758e+01
2.729614807403701704e+01
2.729614807403701704e+01
2.729614807403701704e+01
2.729614807403701704e+01
2.727863931965982758e+01
2.729614807403701704e+01
2.729614807403701704e+01
2.727863931965982758e+01
2.726113056528264167e+01
2.727863931965982758e+01
2.727863931965982758e+01
2.727863931965982758e+01
2.727863931965982758e+01
2.726113056528264167e+01
2.722611305652826630e+01
2.722611305652826630e+01
2.724362181090545221e+01
2.724362181090545221e+01
2.724362181090545221e+01
2.720860430215107684e+01
2.717358679339670147e+01
2.710355177588794362e+01
2.717358679339670147e+01
2.719109554777388738e+01
2.719109554777388738e+01
2.713856928464231899e+01
2.708604302151075771e+01
2.708604302151075771e+01
2.713856928464231899e+01
2.717358679339670147e+01
2.715607803901951200e+01
2.710355177588794362e+01
2.705102551275637879e+01
2.706853426713356470e+01
2.712106053026512953e+01
2.715607803901951200e+01
2.713856928464231899e+01
2.708604302151075771e+01
2.703351675837918933e+01
2.705102551275637879e+01
2.710355177588794362e+01
2.713856928464231899e+01
2.713856928464231899e+01
2.706853426713356470e+01
2.701600800400200342e+01
2.701600800400200342e+01
2.706853426713356470e+01
2.712106053026512953e+01
2.706853426713356470e+01
2.699849924962481396e+01
2.698099049524762094e+01
2.699849924962481396e+01
2.705102551275637879e+01
2.706853426713356470e+01
2.703351675837918933e+01
2.696348174087043859e+01
2.692846423211605966e+01
2.691095547773886665e+01
2.685842921460730537e+01
2.691095547773886665e+01
2.694597298649324557e+01
2.689344672336168074e+01
2.680590295147574054e+01
2.675337668834417215e+01
2.678839419709854752e+01
2.684092046023011946e+01
2.682341170585292289e+01
2.673586793396698269e+01
2.666583291645822484e+01
2.671835917958979678e+01
2.675337668834417215e+01
2.675337668834417215e+01
2.670085042521260732e+01
2.664832416208104249e+01
2.663081540770385658e+01
2.659579789894947410e+01
2.666583291645822484e+01
2.668334167083542141e+01
2.663081540770385658e+01
2.656078039019509873e+01
2.656078039019509873e+01
2.661330665332666356e+01
2.666583291645822484e+01
2.664832416208104249e+01
2.657828914457228464e+01
2.654327163581790927e+01
2.656078039019509873e+01
2.661330665332666356e+01
2.664832416208104249e+01
2.663081540770385658e+01
2.657828914457228464e+01
2.656078039019509873e+01
2.657828914457228464e+01
2.663081540770385658e+01
2.666583291645822484e+01
2.663081540770385658e+01
2.659579789894947410e+01
2.657828914457228464e+01
2.659579789894947410e+01
2.664832416208104249e+01
2.666583291645822484e+01
2.664832416208104249e+01
2.659579789894947410e+01
2.659579789894947410e+01
2.663081540770385658e+01
2.666583291645822484e+01
2.670085042521260732e+01
2.666583291645822484e+01
2.663081540770385658e+01
2.663081540770385658e+01
2.666583291645822484e+01
2.673586793396698269e+01
2.677088544272136161e+01
2.673586793396698269e+01
2.670085042521260732e+01
2.670085042521260732e+01
2.673586793396698269e+01
2.678839419709854752e+01
2.682341170585292289e+01
2.680590295147574054e+01
2.675337668834417215e+01
2.673586793396698269e+01
2.677088544272136161e+01
2.682341170585292289e+01
2.685842921460730537e+01
2.682341170585292289e+01
2.678839419709854752e+01
2.677088544272136161e+01
2.678839419709854752e+01
2.684092046023011946e+01
2.687593796898449483e+01
2.684092046023011946e+01
2.678839419709854752e+01
2.677088544272136161e+01
2.678839419709854752e+01
2.684092046023011946e+01
2.687593796898449483e+01
2.684092046023011946e+01
2.680590295147574054e+01
2.678839419709854752e+01
2.680590295147574054e+01
2.684092046023011946e+01
2.687593796898449483e+01
2.685842921460730537e+01
2.680590295147574054e+01
2.678839419709854752e+01
2.680590295147574054e+01
2.684092046023011946e+01
2.689344672336168074e+01
2.685842921460730537e+01
2.680590295147574054e+01
2.678839419709854752e+01
2.680590295147574054e+01
2.685842921460730537e+01
2.689344672336168074e+01
2.687593796898449483e+01
2.682341170585292289e+01
2.677088544272136161e+01
2.677088544272136161e+01
2.682341170585292289e+01
2.685842921460730537e+01
2.682341170585292289e+01
2.675337668834417215e+01
2.670085042521260732e+01
2.671835917958979678e+01
2.677088544272136161e+01
2.677088544272136161e+01
2.670085042521260732e+01
2.659579789894947410e+01
2.657828914457228464e+01
2.656078039019509873e+01
2.657828914457228464e+01
2.661330665332666356e+01
2.657828914457228464e+01
2.649074537268634444e+01
2.642071035517758659e+01
2.642071035517758659e+01
2.645572786393196552e+01
2.645572786393196552e+01
2.638569284642321477e+01
2.635067533766883585e+01
2.633316658329164284e+01
2.631565782891446048e+01
2.631565782891446048e+01
2.631565782891446048e+01
2.629814907453726747e+01
2.629814907453726747e+01
2.628064032016007801e+01
2.628064032016007801e+01
2.628064032016007801e+01
2.628064032016007801e+01
2.628064032016007801e+01
2.628064032016007801e+01
2.626313156578289210e+01
2.626313156578289210e+01
2.626313156578289210e+01
2.626313156578289210e+01
2.624562281140570263e+01
2.624562281140570263e+01
2.624562281140570263e+01
2.624562281140570263e+01
2.622811405702851673e+01
2.622811405702851673e+01
2.621060530265132726e+01
2.621060530265132726e+01
2.621060530265132726e+01
2.621060530265132726e+01
2.619309654827413780e+01
2.619309654827413780e+01
2.619309654827413780e+01
2.617558779389695189e+01
2.617558779389695189e+01
2.617558779389695189e+01
2.617558779389695189e+01
2.617558779389695189e+01
2.617558779389695189e+01
2.617558779389695189e+01
2.615807903951976243e+01
2.615807903951976243e+01
2.615807903951976243e+01
2.615807903951976243e+01
2.615807903951976243e+01
2.615807903951976243e+01
2.615807903951976243e+01
2.614057028514257652e+01
2.614057028514257652e+01
2.614057028514257652e+01
2.614057028514257652e+01
2.614057028514257652e+01
2.614057028514257652e+01
2.614057028514257652e+01
2.614057028514257652e+01
2.614057028514257652e+01
2.614057028514257652e+01
2.614057028514257652e+01
2.614057028514257652e+01
2.614057028514257652e+01
2.614057028514257652e+01
2.614057028514257652e+01
2.614057028514257652e+01
2.614057028514257652e+01
2.614057028514257652e+01
2.612306153076537996e+01
2.612306153076537996e+01
2.610555277638819405e+01
2.612306153076537996e+01
2.610555277638819405e+01
2.610555277638819405e+01
2.610555277638819405e+01
2.610555277638819405e+01
2.608804402201100459e+01
2.607053526763381868e+01
2.607053526763381868e+01
2.607053526763381868e+01
2.608804402201100459e+01
2.607053526763381868e+01
2.607053526763381868e+01
2.607053526763381868e+01
2.607053526763381868e+01
2.607053526763381868e+01
2.607053526763381868e+01
2.607053526763381868e+01
2.607053526763381868e+01
2.607053526763381868e+01
2.607053526763381868e+01
2.607053526763381868e+01
2.605302651325662922e+01
2.605302651325662922e+01
2.605302651325662922e+01
2.605302651325662922e+01
2.605302651325662922e+01
2.605302651325662922e+01
2.603551775887943975e+01
2.603551775887943975e+01
2.603551775887943975e+01
2.601800900450225384e+01
2.601800900450225384e+01
2.600050025012506438e+01
2.600050025012506438e+01
2.600050025012506438e+01
2.600050025012506438e+01
2.598299149574787847e+01
2.598299149574787847e+01
2.596548274137068191e+01
2.596548274137068191e+01
2.596548274137068191e+01
2.594797398699349600e+01
2.594797398699349600e+01
2.594797398699349600e+01
2.593046523261631009e+01
2.593046523261631009e+01
2.591295647823912063e+01
2.591295647823912063e+01
2.589544772386193117e+01
2.589544772386193117e+01
2.589544772386193117e+01
2.587793896948474170e+01
2.587793896948474170e+01
2.587793896948474170e+01
2.586043021510755580e+01
2.586043021510755580e+01
2.586043021510755580e+01
2.586043021510755580e+01
2.586043021510755580e+01
2.584292146073036633e+01
2.584292146073036633e+01
2.582541270635318043e+01
2.582541270635318043e+01
2.582541270635318043e+01
2.582541270635318043e+01
2.582541270635318043e+01
2.580790395197598741e+01
2.579039519759879795e+01
2.580790395197598741e+01
2.579039519759879795e+01
2.579039519759879795e+01
2.579039519759879795e+01
2.577288644322161204e+01
2.573786893446723312e+01
2.568534267133567184e+01
2.572036018009004366e+01
2.573786893446723312e+01
2.573786893446723312e+01
2.572036018009004366e+01
2.568534267133567184e+01
2.563281640820409990e+01
2.563281640820409990e+01
2.568534267133567184e+01
2.570285142571285775e+01
2.570285142571285775e+01
2.566783391695848238e+01
2.559779889944972808e+01
2.556278139069534916e+01
2.561530765382691399e+01
2.565032516258128936e+01
2.566783391695848238e+01
2.563281640820409990e+01
2.554527263631815970e+01
2.552776388194097379e+01
2.556278139069534916e+01
2.561530765382691399e+01
2.563281640820409990e+01
2.561530765382691399e+01
2.554527263631815970e+01
2.549274637318659131e+01
2.551025512756378433e+01
2.556278139069534916e+01
2.558029014507253507e+01
2.558029014507253507e+01
2.552776388194097379e+01
2.547523761880940540e+01
2.547523761880940540e+01
2.552776388194097379e+01
2.554527263631815970e+01
2.554527263631815970e+01
2.549274637318659131e+01
2.542271135567783702e+01
2.542271135567783702e+01
2.547523761880940540e+01
2.551025512756378433e+01
2.552776388194097379e+01
2.547523761880940540e+01
2.540520260130065111e+01
2.538769384692346165e+01
2.542271135567783702e+01
2.547523761880940540e+01
2.549274637318659131e+01
2.544022011005503003e+01
2.537018509254627574e+01
2.535267633816908983e+01
2.537018509254627574e+01
2.544022011005503003e+01
2.547523761880940540e+01
2.544022011005503003e+01
2.537018509254627574e+01
2.533516758379189326e+01
2.535267633816908983e+01
2.540520260130065111e+01
2.545772886443221594e+01
2.542271135567783702e+01
2.535267633816908983e+01
2.531765882941470736e+01
2.531765882941470736e+01
2.537018509254627574e+01
2.544022011005503003e+01
2.542271135567783702e+01
2.537018509254627574e+01
2.531765882941470736e+01
2.531765882941470736e+01
2.537018509254627574e+01
2.542271135567783702e+01
2.542271135567783702e+01
2.537018509254627574e+01
2.531765882941470736e+01
2.530015007503751789e+01
2.531765882941470736e+01
2.537018509254627574e+01
2.540520260130065111e+01
2.533516758379189326e+01
2.530015007503751789e+01
2.528264132066033198e+01
2.528264132066033198e+01
2.530015007503751789e+01
2.533516758379189326e+01
2.530015007503751789e+01
2.526513256628313897e+01
2.526513256628313897e+01
2.526513256628313897e+01
2.526513256628313897e+01
2.523011505752876715e+01
2.524762381190595306e+01
2.524762381190595306e+01
2.523011505752876715e+01
2.523011505752876715e+01
2.523011505752876715e+01
2.521260630315157769e+01
2.519509754877439178e+01
2.521260630315157769e+01
2.519509754877439178e+01
2.519509754877439178e+01
2.519509754877439178e+01
2.519509754877439178e+01
2.516008004002000931e+01
2.517758879439719522e+01
2.517758879439719522e+01
2.516008004002000931e+01
2.516008004002000931e+01
2.517758879439719522e+01
2.514257128564281984e+01
2.514257128564281984e+01
2.512506253126563394e+01
2.512506253126563394e+01
2.512506253126563394e+01
2.514257128564281984e+01
2.516008004002000931e+01
2.510755377688844447e+01
2.509004502251125501e+01
2.507253626813406910e+01
2.507253626813406910e+01
2.507253626813406910e+01
2.507253626813406910e+01
2.505502751375687964e+01
2.503751875937969018e+01
2.503751875937969018e+01
2.502001000500250427e+01
2.502001000500250427e+01
2.503751875937969018e+01
2.502001000500250427e+01
2.500250125062531126e+01
2.498499249624812535e+01
2.498499249624812535e+01
2.498499249624812535e+01
2.498499249624812535e+01
2.498499249624812535e+01
2.494997498749374643e+01
2.493246623311655696e+01
2.493246623311655696e+01
2.493246623311655696e+01
2.493246623311655696e+01
2.494997498749374643e+01
2.493246623311655696e+01
2.491495747873937106e+01
2.491495747873937106e+01
2.491495747873937106e+01
2.491495747873937106e+01
2.493246623311655696e+01
2.493246623311655696e+01
2.491495747873937106e+01
2.489744872436218515e+01
2.487993996998499213e+01
2.487993996998499213e+01
2.489744872436218515e+01
2.489744872436218515e+01
2.489744872436218515e+01
2.487993996998499213e+01
2.486243121560780622e+01
2.486243121560780622e+01
2.486243121560780622e+01
2.487993996998499213e+01
2.486243121560780622e+01
2.486243121560780622e+01
2.484492246123061321e+01
2.484492246123061321e+01
2.484492246123061321e+01
2.484492246123061321e+01
2.486243121560780622e+01
2.484492246123061321e+01
2.484492246123061321e+01
2.482741370685342730e+01
2.484492246123061321e+01
2.484492246123061321e+01
2.484492246123061321e+01
2.484492246123061321e+01
2.484492246123061321e+01
2.482741370685342730e+01
2.482741370685342730e+01
2.482741370685342730e+01
2.480990495247623784e+01
2.482741370685342730e+01
2.482741370685342730e+01
2.480990495247623784e+01
2.479239619809904838e+01
2.479239619809904838e+01
2.479239619809904838e+01
2.479239619809904838e+01
2.479239619809904838e+01
2.477488744372186247e+01
2.477488744372186247e+01
2.475737868934467301e+01
2.475737868934467301e+01
2.475737868934467301e+01
2.475737868934467301e+01
2.475737868934467301e+01
2.475737868934467301e+01
2.473986993496748710e+01
2.472236118059029408e+01
2.472236118059029408e+01
2.472236118059029408e+01
2.473986993496748710e+01
2.473986993496748710e+01
2.472236118059029408e+01
2.470485242621310817e+01
2.470485242621310817e+01
2.470485242621310817e+01
2.470485242621310817e+01
2.470485242621310817e+01
2.470485242621310817e+01
2.468734367183591516e+01
2.468734367183591516e+01
2.466983491745872925e+01
2.466983491745872925e+01
2.466983491745872925e+01
2.468734367183591516e+01
2.466983491745872925e+01
2.466983491745872925e+01
2.466983491745872925e+01
2.465232616308154689e+01
2.465232616308154689e+01
2.466983491745872925e+01
2.465232616308154689e+01
2.465232616308154689e+01
2.463481740870435033e+01
2.463481740870435033e+01
2.461730865432716442e+01
2.461730865432716442e+01
2.463481740870435033e+01
2.461730865432716442e+01
2.459979989994997496e+01
2.459979989994997496e+01
2.458229114557278905e+01
2.458229114557278905e+01
2.458229114557278905e+01
2.458229114557278905e+01
2.456478239119559603e+01
2.456478239119559603e+01
2.454727363681841013e+01
2.454727363681841013e+01
2.452976488244122422e+01
2.454727363681841013e+01
2.452976488244122422e+01
2.452976488244122422e+01
2.452976488244122422e+01
2.451225612806403120e+01
2.451225612806403120e+01
2.451225612806403120e+01
2.451225612806403120e+01
2.451225612806403120e+01
2.449474737368684885e+01
2.449474737368684885e+01
2.449474737368684885e+01
2.449474737368684885e+01
2.449474737368684885e+01
2.447723861930965228e+01
2.447723861930965228e+01
2.445972986493246637e+01
2.445972986493246637e+01
2.444222111055528046e+01
2.444222111055528046e+01
2.444222111055528046e+01
2.442471235617809100e+01
2.442471235617809100e+01
2.440720360180090154e+01
2.438969484742371208e+01
2.437218609304652617e+01
2.437218609304652617e+01
2.437218609304652617e+01
2.437218609304652617e+01
2.437218609304652617e+01
2.435467733866933315e+01
2.435467733866933315e+01
2.433716858429215080e+01
2.433716858429215080e+01
2.433716858429215080e+01
2.433716858429215080e+01
2.431965982991495778e+01
2.431965982991495778e+01
2.431965982991495778e+01
2.431965982991495778e+01
2.431965982991495778e+01
2.430215107553776832e+01
2.430215107553776832e+01
2.428464232116058241e+01
2.428464232116058241e+01
2.428464232116058241e+01
2.428464232116058241e+01
2.428464232116058241e+01
2.428464232116058241e+01
2.426713356678339295e+01
2.426713356678339295e+01
2.426713356678339295e+01
2.426713356678339295e+01
2.428464232116058241e+01
2.428464232116058241e+01
2.426713356678339295e+01
2.426713356678339295e+01
2.426713356678339295e+01
2.426713356678339295e+01
2.426713356678339295e+01
2.426713356678339295e+01
2.426713356678339295e+01
2.426713356678339295e+01
2.424962481240620349e+01
2.424962481240620349e+01
2.424962481240620349e+01
2.424962481240620349e+01
2.424962481240620349e+01
2.424962481240620349e+01
2.423211605802901403e+01
2.423211605802901403e+01
2.424962481240620349e+01
2.424962481240620349e+01
2.424962481240620349e+01
2.423211605802901403e+01
2.423211605802901403e+01
2.421460730365182812e+01
2.421460730365182812e+01
2.421460730365182812e+01
2.421460730365182812e+01
2.421460730365182812e+01
2.421460730365182812e+01
2.421460730365182812e+01
2.419709854927464221e+01
2.419709854927464221e+01
2.419709854927464221e+01
2.417958979489744920e+01
2.417958979489744920e+01
2.417958979489744920e+01
2.417958979489744920e+01
2.417958979489744920e+01
2.417958979489744920e+01
2.416208104052025973e+01
2.414457228614307027e+01
2.414457228614307027e+01
2.414457228614307027e+01
2.412706353176588436e+01
2.412706353176588436e+01
2.410955477738869490e+01
2.409204602301150544e+01
2.407453726863431953e+01
2.407453726863431953e+01
2.405702851425713007e+01
2.405702851425713007e+01
2.405702851425713007e+01
2.405702851425713007e+01
2.403951975987994416e+01
2.403951975987994416e+01
2.405702851425713007e+01
2.400450225112556168e+01
2.402201100550274759e+01
2.403951975987994416e+01
2.403951975987994416e+01
2.403951975987994416e+01
2.402201100550274759e+01
2.403951975987994416e+01
2.402201100550274759e+01
2.402201100550274759e+01
2.402201100550274759e+01
2.402201100550274759e+01
2.400450225112556168e+01
2.400450225112556168e+01
2.398699349674837222e+01
2.398699349674837222e+01
2.398699349674837222e+01
2.398699349674837222e+01
2.396948474237118631e+01
2.393446723361680739e+01
2.384692346173086364e+01
2.391695847923962148e+01
2.395197598799400041e+01
2.396948474237118631e+01
2.396948474237118631e+01
2.393446723361680739e+01
2.384692346173086364e+01
2.384692346173086364e+01
2.389944972486243202e+01
2.393446723361680739e+01
2.396948474237118631e+01
2.396948474237118631e+01
2.391695847923962148e+01
2.384692346173086364e+01
2.386443221610805310e+01
2.391695847923962148e+01
2.395197598799400041e+01
2.396948474237118631e+01
2.395197598799400041e+01
2.389944972486243202e+01
2.384692346173086364e+01
2.386443221610805310e+01
2.393446723361680739e+01
2.395197598799400041e+01
2.393446723361680739e+01
2.388194097048524611e+01
2.382941470735367773e+01
2.382941470735367773e+01
2.386443221610805310e+01
2.389944972486243202e+01
2.393446723361680739e+01
2.389944972486243202e+01
2.381190595297648827e+01
2.379439719859930236e+01
2.381190595297648827e+01
2.382941470735367773e+01
2.388194097048524611e+01
2.391695847923962148e+01
2.386443221610805310e+01
2.381190595297648827e+01
2.377688844422210934e+01
2.375937968984492343e+01
2.375937968984492343e+01
2.377688844422210934e+01
2.379439719859930236e+01
2.375937968984492343e+01
2.374187093546773752e+01
2.372436218109054806e+01
2.372436218109054806e+01
2.372436218109054806e+01
2.372436218109054806e+01
2.372436218109054806e+01
2.368934467233616559e+01
2.368934467233616559e+01
2.368934467233616559e+01
2.368934467233616559e+01
2.370685342671335505e+01
2.367183591795897968e+01
2.365432716358179022e+01
2.363681840920460431e+01
2.363681840920460431e+01
2.363681840920460431e+01
2.363681840920460431e+01
2.361930965482741485e+01
2.360180090045022538e+01
2.360180090045022538e+01
2.358429214607303948e+01
2.358429214607303948e+01
2.356678339169585001e+01
2.354927463731865700e+01
2.353176588294146754e+01
2.353176588294146754e+01
2.353176588294146754e+01
2.351425712856428163e+01
2.351425712856428163e+01
2.349674837418709572e+01
2.347923961980990626e+01
2.347923961980990626e+01
2.347923961980990626e+01
2.347923961980990626e+01
2.347923961980990626e+01
2.347923961980990626e+01
2.346173086543271680e+01
2.346173086543271680e+01
2.346173086543271680e+01
2.346173086543271680e+01
2.344422211105552734e+01
2.344422211105552734e+01
2.344422211105552734e+01
2.344422211105552734e+01
2.344422211105552734e+01
2.344422211105552734e+01
2.344422211105552734e+01
2.344422211105552734e+01
2.344422211105552734e+01
2.342671335667834143e+01
2.342671335667834143e+01
2.342671335667834143e+01
2.342671335667834143e+01
2.342671335667834143e+01
2.342671335667834143e+01
2.342671335667834143e+01
2.340920460230115197e+01
2.340920460230115197e+01
2.340920460230115197e+01
2.339169584792395895e+01
2.339169584792395895e+01
2.339169584792395895e+01
2.337418709354677659e+01
2.337418709354677659e+01
2.337418709354677659e+01
2.337418709354677659e+01
2.335667833916958358e+01
2.335667833916958358e+01
2.335667833916958358e+01
2.333916958479239767e+01
2.332166083041520821e+01
2.332166083041520821e+01
2.332166083041520821e+01
2.332166083041520821e+01
2.332166083041520821e+01
2.330415207603801875e+01
2.330415207603801875e+01
2.328664332166082929e+01
2.328664332166082929e+01
2.328664332166082929e+01
2.328664332166082929e+01
2.328664332166082929e+01
2.326913456728364338e+01
2.328664332166082929e+01
2.328664332166082929e+01
2.326913456728364338e+01
2.326913456728364338e+01
2.326913456728364338e+01
2.325162581290645747e+01
2.325162581290645747e+01
2.323411705852926090e+01
2.323411705852926090e+01
2.323411705852926090e+01
2.323411705852926090e+01
2.321660830415207499e+01
2.321660830415207499e+01
2.319909954977488553e+01
2.318159079539769962e+01
2.318159079539769962e+01
2.318159079539769962e+01
2.318159079539769962e+01
2.316408204102051371e+01
2.314657328664332070e+01
2.314657328664332070e+01
2.314657328664332070e+01
2.314657328664332070e+01
2.314657328664332070e+01
2.312906453226613479e+01
2.312906453226613479e+01
2.311155577788894533e+01
2.311155577788894533e+01
2.311155577788894533e+01
2.311155577788894533e+01
2.309404702351175942e+01
2.309404702351175942e+01
2.307653826913456285e+01
2.305902951475737694e+01
2.305902951475737694e+01
2.305902951475737694e+01
2.305902951475737694e+01
2.305902951475737694e+01
2.305902951475737694e+01
2.304152076038019459e+01
2.304152076038019459e+01
2.305902951475737694e+01
2.305902951475737694e+01
2.305902951475737694e+01
2.305902951475737694e+01
2.305902951475737694e+01
2.305902951475737694e+01
2.305902951475737694e+01
2.307653826913456285e+01
2.307653826913456285e+01
2.307653826913456285e+01
2.307653826913456285e+01
2.307653826913456285e+01
2.305902951475737694e+01
2.305902951475737694e+01
2.305902951475737694e+01
2.305902951475737694e+01
2.305902951475737694e+01
2.305902951475737694e+01
2.304152076038019459e+01
2.304152076038019459e+01
2.304152076038019459e+01
2.304152076038019459e+01
2.304152076038019459e+01
2.304152076038019459e+01
2.304152076038019459e+01
2.302401200600300157e+01
2.302401200600300157e+01
2.302401200600300157e+01
2.302401200600300157e+01
2.302401200600300157e+01
2.302401200600300157e+01
2.300650325162581211e+01
2.300650325162581211e+01
2.298899449724862265e+01
2.298899449724862265e+01
2.298899449724862265e+01
2.298899449724862265e+01
2.298899449724862265e+01
2.297148574287143674e+01
2.295397698849424728e+01
2.295397698849424728e+01
2.297148574287143674e+01
2.297148574287143674e+01
2.295397698849424728e+01
2.295397698849424728e+01
2.293646823411706137e+01
2.293646823411706137e+01
2.293646823411706137e+01
2.293646823411706137e+01
2.293646823411706137e+01
2.291895947973987191e+01
2.291895947973987191e+01
2.290145072536267890e+01
2.290145072536267890e+01
2.290145072536267890e+01
2.290145072536267890e+01
2.290145072536267890e+01
2.288394197098549654e+01
2.288394197098549654e+01
2.286643321660830352e+01
2.286643321660830352e+01
2.286643321660830352e+01
2.286643321660830352e+01
2.286643321660830352e+01
2.284892446223111406e+01
2.283141570785392460e+01
2.281390695347673869e+01
2.283141570785392460e+01
2.283141570785392460e+01
2.283141570785392460e+01
2.283141570785392460e+01
2.281390695347673869e+01
2.281390695347673869e+01
2.281390695347673869e+01
2.281390695347673869e+01
2.281390695347673869e+01
2.281390695347673869e+01
2.281390695347673869e+01
2.279639819909955278e+01
2.279639819909955278e+01
2.279639819909955278e+01
2.279639819909955278e+01
2.279639819909955278e+01
2.279639819909955278e+01
2.279639819909955278e+01
2.277888944472236332e+01
2.277888944472236332e+01
2.277888944472236332e+01
2.279639819909955278e+01
2.279639819909955278e+01
2.279639819909955278e+01
2.277888944472236332e+01
2.277888944472236332e+01
2.276138069034517386e+01
2.277888944472236332e+01
2.277888944472236332e+01
2.279639819909955278e+01
2.277888944472236332e+01
2.277888944472236332e+01
2.276138069034517386e+01
2.276138069034517386e+01
2.277888944472236332e+01
2.277888944472236332e+01
2.277888944472236332e+01
2.276138069034517386e+01
2.276138069034517386e+01
2.274387193596798085e+01
2.274387193596798085e+01
2.276138069034517386e+01
2.274387193596798085e+01
2.274387193596798085e+01
2.272636318159079849e+01
2.270885442721360548e+01
2.269134567283641601e+01
2.269134567283641601e+01
2.269134567283641601e+01
2.269134567283641601e+01
2.267383691845923011e+01
2.265632816408204064e+01
2.263881940970485473e+01
2.263881940970485473e+01
2.262131065532766527e+01
2.262131065532766527e+01
2.260380190095047581e+01
2.260380190095047581e+01
2.258629314657328990e+01
2.256878439219610044e+01
2.256878439219610044e+01
2.256878439219610044e+01
2.255127563781891453e+01
2.253376688344171797e+01
2.253376688344171797e+01
2.253376688344171797e+01
2.251625812906453206e+01
2.251625812906453206e+01
2.249874937468734259e+01
2.249874937468734259e+01
2.246373186593297078e+01
2.246373186593297078e+01
2.248124062031015669e+01
2.248124062031015669e+01
2.248124062031015669e+01
2.246373186593297078e+01
2.244622311155577776e+01
2.242871435717859185e+01
2.239369684842421648e+01
2.241120560280140239e+01
2.242871435717859185e+01
2.244622311155577776e+01
2.242871435717859185e+01
2.241120560280140239e+01
2.237618809404701992e+01
2.234117058529264810e+01
2.239369684842421648e+01
2.241120560280140239e+01
2.239369684842421648e+01
2.237618809404701992e+01
2.234117058529264810e+01
2.230615307653827273e+01
2.227113556778389380e+01
2.235867933966983401e+01
2.237618809404701992e+01
2.235867933966983401e+01
2.230615307653827273e+01
2.223611805902951843e+01
2.221860930465232542e+01
2.225362681340670079e+01
2.230615307653827273e+01
2.234117058529264810e+01
2.235867933966983401e+01
2.232366183091545864e+01
2.227113556778389380e+01
2.221860930465232542e+01
2.220110055027513596e+01
2.220110055027513596e+01
2.234117058529264810e+01
2.230615307653827273e+01
2.228864432216107971e+01
2.225362681340670079e+01
2.223611805902951843e+01
2.221860930465232542e+01
2.220110055027513596e+01
2.220110055027513596e+01
2.220110055027513596e+01
2.221860930465232542e+01
2.221860930465232542e+01
2.220110055027513596e+01
2.220110055027513596e+01
2.221860930465232542e+01
2.221860930465232542e+01
2.221860930465232542e+01
2.218359179589795005e+01
2.218359179589795005e+01
2.218359179589795005e+01
2.218359179589795005e+01
2.218359179589795005e+01
2.221860930465232542e+01
2.227113556778389380e+01
2.225362681340670079e+01
2.218359179589795005e+01
2.214857428714357468e+01
2.213106553276638166e+01
2.213106553276638166e+01
2.213106553276638166e+01
2.216608304152076059e+01
2.220110055027513596e+01
2.214857428714357468e+01
2.211355677838919576e+01
2.207853926963482039e+01
2.207853926963482039e+01
2.207853926963482039e+01
2.209604802401200985e+01
2.206103051525762737e+01
2.204352176088043791e+01
2.202601300650325200e+01
2.200850425212606609e+01
2.200850425212606609e+01
2.200850425212606609e+01
2.202601300650325200e+01
2.209604802401200985e+01
2.200850425212606609e+01
2.197348674337168717e+01
2.195597798899449771e+01
2.195597798899449771e+01
2.195597798899449771e+01
2.199099549774887308e+01
2.206103051525762737e+01
2.199099549774887308e+01
2.195597798899449771e+01
2.192096048024012234e+01
2.192096048024012234e+01
2.192096048024012234e+01
2.193846923461731180e+01
2.195597798899449771e+01
2.192096048024012234e+01
2.190345172586292932e+01
2.188594297148574341e+01
2.188594297148574341e+01
2.190345172586292932e+01
2.190345172586292932e+01
2.188594297148574341e+01
2.188594297148574341e+01
2.188594297148574341e+01
2.186843421710855395e+01
2.186843421710855395e+01
2.186843421710855395e+01
2.188594297148574341e+01
2.186843421710855395e+01
2.186843421710855395e+01
2.186843421710855395e+01
2.186843421710855395e+01
2.186843421710855395e+01
2.186843421710855395e+01
2.186843421710855395e+01
2.186843421710855395e+01
2.185092546273136804e+01
2.185092546273136804e+01
2.185092546273136804e+01
2.185092546273136804e+01
2.185092546273136804e+01
2.185092546273136804e+01
2.185092546273136804e+01
2.183341670835417503e+01
2.183341670835417503e+01
2.183341670835417503e+01
2.183341670835417503e+01
2.183341670835417503e+01
2.183341670835417503e+01
2.183341670835417503e+01
2.181590795397698912e+01
2.183341670835417503e+01
2.183341670835417503e+01
2.183341670835417503e+01
2.181590795397698912e+01
2.181590795397698912e+01
2.181590795397698912e+01
2.181590795397698912e+01
2.181590795397698912e+01
2.181590795397698912e+01
2.181590795397698912e+01
2.181590795397698912e+01
2.179839919959979966e+01
2.179839919959979966e+01
2.179839919959979966e+01
2.179839919959979966e+01
2.178089044522261375e+01
2.178089044522261375e+01
2.178089044522261375e+01
2.176338169084542784e+01
2.176338169084542784e+01
2.176338169084542784e+01
2.176338169084542784e+01
2.174587293646823127e+01
2.174587293646823127e+01
2.172836418209104536e+01
2.171085542771385590e+01
2.171085542771385590e+01
2.171085542771385590e+01
2.171085542771385590e+01
2.169334667333666999e+01
2.169334667333666999e+01
2.167583791895947698e+01
2.167583791895947698e+01
2.165832916458229107e+01
2.165832916458229107e+01
2.165832916458229107e+01
2.165832916458229107e+01
2.164082041020510516e+01
2.164082041020510516e+01
2.162331165582791570e+01
2.162331165582791570e+01
2.162331165582791570e+01
2.160580290145072979e+01
2.160580290145072979e+01
2.160580290145072979e+01
2.158829414707353322e+01
2.158829414707353322e+01
2.158829414707353322e+01
2.157078539269634732e+01
2.157078539269634732e+01
2.157078539269634732e+01
2.157078539269634732e+01
2.157078539269634732e+01
2.157078539269634732e+01
2.157078539269634732e+01
2.157078539269634732e+01
2.157078539269634732e+01
2.157078539269634732e+01
2.157078539269634732e+01
2.157078539269634732e+01
2.155327663831915785e+01
2.155327663831915785e+01
2.155327663831915785e+01
2.155327663831915785e+01
2.157078539269634732e+01
2.155327663831915785e+01
2.155327663831915785e+01
2.155327663831915785e+01
2.155327663831915785e+01
2.153576788394197195e+01
2.153576788394197195e+01
2.153576788394197195e+01
2.153576788394197195e+01
2.151825912956478248e+01
2.151825912956478248e+01
2.151825912956478248e+01
2.151825912956478248e+01
2.151825912956478248e+01
2.150075037518759302e+01
2.150075037518759302e+01
2.150075037518759302e+01
2.148324162081040711e+01
2.148324162081040711e+01
2.148324162081040711e+01
2.148324162081040711e+01
2.148324162081040711e+01
2.148324162081040711e+01
2.146573286643321765e+01
2.146573286643321765e+01
2.144822411205603174e+01
2.144822411205603174e+01
2.144822411205603174e+01
2.144822411205603174e+01
2.144822411205603174e+01
2.143071535767884228e+01
2.143071535767884228e+01
2.143071535767884228e+01
2.143071535767884228e+01
2.141320660330164927e+01
2.141320660330164927e+01
2.139569784892446336e+01
2.139569784892446336e+01
2.137818909454727390e+01
2.137818909454727390e+01
2.137818909454727390e+01
2.136068034017008443e+01
2.136068034017008443e+01
2.134317158579289497e+01
2.134317158579289497e+01
2.132566283141570906e+01
2.130815407703852316e+01
2.130815407703852316e+01
2.130815407703852316e+01
2.129064532266133369e+01
2.129064532266133369e+01
2.127313656828414423e+01
2.127313656828414423e+01
2.125562781390695122e+01
2.125562781390695122e+01
2.125562781390695122e+01
2.123811905952976531e+01
2.123811905952976531e+01
2.122061030515257585e+01
2.122061030515257585e+01
2.120310155077538639e+01
2.120310155077538639e+01
2.120310155077538639e+01
2.118559279639820048e+01
2.118559279639820048e+01
2.116808404202101102e+01
2.116808404202101102e+01
2.115057528764382511e+01
2.115057528764382511e+01
2.115057528764382511e+01
2.115057528764382511e+01
2.113306653326663564e+01
2.113306653326663564e+01
2.113306653326663564e+01
2.113306653326663564e+01
2.113306653326663564e+01
2.111555777888944618e+01
2.113306653326663564e+01
2.113306653326663564e+01
2.113306653326663564e+01
2.115057528764382511e+01
2.115057528764382511e+01
2.115057528764382511e+01
2.115057528764382511e+01
2.115057528764382511e+01
2.113306653326663564e+01
2.115057528764382511e+01
2.115057528764382511e+01
2.115057528764382511e+01
2.115057528764382511e+01
2.115057528764382511e+01
2.115057528764382511e+01
2.115057528764382511e+01
2.113306653326663564e+01
2.115057528764382511e+01
2.115057528764382511e+01
2.113306653326663564e+01
2.113306653326663564e+01
2.113306653326663564e+01
2.113306653326663564e+01
2.113306653326663564e+01
2.113306653326663564e+01
2.113306653326663564e+01
2.113306653326663564e+01
2.111555777888944618e+01
2.111555777888944618e+01
2.109804902451225317e+01
2.111555777888944618e+01
2.111555777888944618e+01
2.111555777888944618e+01
2.111555777888944618e+01
2.109804902451225317e+01
2.109804902451225317e+01
2.108054027013506726e+01
2.106303151575788135e+01
2.108054027013506726e+01
2.106303151575788135e+01
2.106303151575788135e+01
2.106303151575788135e+01
2.106303151575788135e+01
2.104552276138068834e+01
2.102801400700350243e+01
2.101050525262631297e+01
2.101050525262631297e+01
2.101050525262631297e+01
2.101050525262631297e+01
2.101050525262631297e+01
2.099299649824912706e+01
2.097548774387193049e+01
2.095797898949474813e+01
2.099299649824912706e+01
2.095797898949474813e+01
2.095797898949474813e+01
2.095797898949474813e+01
2.095797898949474813e+01
2.094047023511756223e+01
2.090545272636318330e+01
2.085292646323161492e+01
2.081790895447723955e+01
2.087043521760880438e+01
2.088794397198599029e+01
2.088794397198599029e+01
2.088794397198599029e+01
2.085292646323161492e+01
2.080040020010005009e+01
2.073036518259129579e+01
2.073036518259129579e+01
2.080040020010005009e+01
2.081790895447723955e+01
2.081790895447723955e+01
2.080040020010005009e+01
2.076538269134567116e+01
2.069534767383692042e+01
2.062531265632816613e+01
2.069534767383692042e+01
2.073036518259129579e+01
2.074787393696848525e+01
2.074787393696848525e+01
2.073036518259129579e+01
2.069534767383692042e+01
2.057278639319659774e+01
2.062531265632816613e+01
2.066033016508254150e+01
2.067783891945973096e+01
2.069534767383692042e+01
2.069534767383692042e+01
2.066033016508254150e+01
2.059029514757378720e+01
2.053776888444222237e+01
2.059029514757378720e+01
2.064282141070535204e+01
2.067783891945973096e+01
2.069534767383692042e+01
2.067783891945973096e+01
2.062531265632816613e+01
2.057278639319659774e+01
2.053776888444222237e+01
2.057278639319659774e+01
2.064282141070535204e+01
2.069534767383692042e+01
2.071285642821410633e+01
2.067783891945973096e+01
2.060780390195098022e+01
2.057278639319659774e+01
2.055527763881940828e+01
2.057278639319659774e+01
2.062531265632816613e+01
2.069534767383692042e+01
2.067783891945973096e+01
2.060780390195098022e+01
2.057278639319659774e+01
2.055527763881940828e+01
2.057278639319659774e+01
2.059029514757378720e+01
2.064282141070535204e+01
2.067783891945973096e+01
2.067783891945973096e+01
2.060780390195098022e+01
2.055527763881940828e+01
2.053776888444222237e+01
2.053776888444222237e+01
2.055527763881940828e+01
2.059029514757378720e+01
2.067783891945973096e+01
2.059029514757378720e+01
2.055527763881940828e+01
2.052026013006503291e+01
2.052026013006503291e+01
2.052026013006503291e+01
2.052026013006503291e+01
2.053776888444222237e+01
2.050275137568784345e+01
2.052026013006503291e+01
2.050275137568784345e+01
2.048524262131065754e+01
2.048524262131065754e+01
2.048524262131065754e+01
2.050275137568784345e+01
2.050275137568784345e+01
2.045022511255628217e+01
2.045022511255628217e+01
2.043271635817908916e+01
2.041520760380189969e+01
2.041520760380189969e+01
2.041520760380189969e+01
2.043271635817908916e+01
2.041520760380189969e+01
2.039769884942471023e+01
2.038019009504752432e+01
2.036268134067033841e+01
2.034517258629314540e+01
2.034517258629314540e+01
2.034517258629314540e+01
2.034517258629314540e+01
2.032766383191595949e+01
2.031015507753877003e+01
2.031015507753877003e+01
2.029264632316158412e+01
2.027513756878439466e+01
2.027513756878439466e+01
2.027513756878439466e+01
2.027513756878439466e+01
2.025762881440720165e+01
2.025762881440720165e+01
2.024012006003001574e+01
2.022261130565282627e+01
2.022261130565282627e+01
2.020510255127564037e+01
2.020510255127564037e+01
2.018759379689844735e+01
2.017008504252126144e+01
2.017008504252126144e+01
2.017008504252126144e+01
2.015257628814407198e+01
2.015257628814407198e+01
2.015257628814407198e+01
2.015257628814407198e+01
2.015257628814407198e+01
2.013506753376688607e+01
2.013506753376688607e+01
2.013506753376688607e+01
2.011755877938969661e+01
2.011755877938969661e+01
2.013506753376688607e+01
2.013506753376688607e+01
2.013506753376688607e+01
2.013506753376688607e+01
2.011755877938969661e+01
2.011755877938969661e+01
2.011755877938969661e+01
2.011755877938969661e+01
2.013506753376688607e+01
2.013506753376688607e+01
2.013506753376688607e+01
2.013506753376688607e+01
2.011755877938969661e+01
2.011755877938969661e+01
2.013506753376688607e+01
2.013506753376688607e+01
2.013506753376688607e+01
2.013506753376688607e+01
2.013506753376688607e+01
2.013506753376688607e+01
2.013506753376688607e+01
2.013506753376688607e+01
2.013506753376688607e+01
2.013506753376688607e+01
2.013506753376688607e+01
2.013506753376688607e+01
2.013506753376688607e+01
2.013506753376688607e+01
2.013506753376688607e+01
2.013506753376688607e+01
2.013506753376688607e+01
2.013506753376688607e+01
2.013506753376688607e+01
2.013506753376688607e+01
2.011755877938969661e+01
2.011755877938969661e+01
2.011755877938969661e+01
2.011755877938969661e+01
2.011755877938969661e+01
2.011755877938969661e+01
2.010005002501250715e+01
2.010005002501250715e+01
2.010005002501250715e+01
2.008254127063531769e+01
2.008254127063531769e+01
2.006503251625813178e+01
2.006503251625813178e+01
2.004752376188094232e+01
2.004752376188094232e+01
2.004752376188094232e+01
2.004752376188094232e+01
2.003001500750374930e+01
2.003001500750374930e+01
2.001250625312656339e+01
1.999499749874937393e+01
1.999499749874937393e+01
1.997748874437218802e+01
1.995997998999499501e+01
1.994247123561780910e+01
1.994247123561780910e+01
1.994247123561780910e+01
1.992496248124061964e+01
1.992496248124061964e+01
1.990745372686343373e+01
1.988994497248624427e+01
1.988994497248624427e+01
1.987243621810905481e+01
1.985492746373186534e+01
1.985492746373186534e+01
1.983741870935467944e+01
1.983741870935467944e+01
1.981990995497748997e+01
1.981990995497748997e+01
1.981990995497748997e+01
1.980240120060030051e+01
1.978489244622311105e+01
1.978489244622311105e+01
1.976738369184592159e+01
1.976738369184592159e+01
1.974987493746873568e+01
1.974987493746873568e+01
1.973236618309154622e+01
1.973236618309154622e+01
1.973236618309154622e+01
1.973236618309154622e+01
1.971485742871436031e+01
1.971485742871436031e+01
1.969734867433716730e+01
1.969734867433716730e+01
1.967983991995998139e+01
1.969734867433716730e+01
1.969734867433716730e+01
1.969734867433716730e+01
1.967983991995998139e+01
1.967983991995998139e+01
1.967983991995998139e+01
1.966233116558279193e+01
1.967983991995998139e+01
1.967983991995998139e+01
1.967983991995998139e+01
1.967983991995998139e+01
1.967983991995998139e+01
1.967983991995998139e+01
1.967983991995998139e+01
1.967983991995998139e+01
1.967983991995998139e+01
1.967983991995998139e+01
1.967983991995998139e+01
1.967983991995998139e+01
1.966233116558279193e+01
1.966233116558279193e+01
1.966233116558279193e+01
1.966233116558279193e+01
1.967983991995998139e+01
1.967983991995998139e+01
1.967983991995998139e+01
1.967983991995998139e+01
1.967983991995998139e+01
1.967983991995998139e+01
1.967983991995998139e+01
1.967983991995998139e+01
1.967983991995998139e+01
1.967983991995998139e+01
1.967983991995998139e+01
1.969734867433716730e+01
1.969734867433716730e+01
1.969734867433716730e+01
1.969734867433716730e+01
1.967983991995998139e+01
1.967983991995998139e+01
1.967983991995998139e+01
1.967983991995998139e+01
1.967983991995998139e+01
1.967983991995998139e+01
1.967983991995998139e+01
1.967983991995998139e+01
1.967983991995998139e+01
1.967983991995998139e+01
1.967983991995998139e+01
1.966233116558279193e+01
1.966233116558279193e+01
1.964482241120560246e+01
1.964482241120560246e+01
1.962731365682841300e+01
1.962731365682841300e+01
1.960980490245122709e+01
1.960980490245122709e+01
1.960980490245122709e+01
1.959229614807403763e+01
1.959229614807403763e+01
1.957478739369684817e+01
1.957478739369684817e+01
1.955727863931966226e+01
1.953976988494246925e+01
1.952226113056528334e+01
1.952226113056528334e+01
1.950475237618809388e+01
1.950475237618809388e+01
1.950475237618809388e+01
1.950475237618809388e+01
1.948724362181090797e+01
1.946973486743371495e+01
1.946973486743371495e+01
1.945222611305652904e+01
1.945222611305652904e+01
1.945222611305652904e+01
1.945222611305652904e+01
1.943471735867933958e+01
1.943471735867933958e+01
1.941720860430215012e+01
1.939969984992496421e+01
1.941720860430215012e+01
1.939969984992496421e+01
1.939969984992496421e+01
1.938219109554777475e+01
1.938219109554777475e+01
1.938219109554777475e+01
1.936468234117058529e+01
1.934717358679339583e+01
1.934717358679339583e+01
1.936468234117058529e+01
1.936468234117058529e+01
1.934717358679339583e+01
1.934717358679339583e+01
1.934717358679339583e+01
1.932966483241620992e+01
1.932966483241620992e+01
1.932966483241620992e+01
1.931215607803901690e+01
1.931215607803901690e+01
1.932966483241620992e+01
1.932966483241620992e+01
1.934717358679339583e+01
1.932966483241620992e+01
1.932966483241620992e+01
1.932966483241620992e+01
1.932966483241620992e+01
1.932966483241620992e+01
1.934717358679339583e+01
1.934717358679339583e+01
1.934717358679339583e+01
1.934717358679339583e+01
1.932966483241620992e+01
1.932966483241620992e+01
1.934717358679339583e+01
1.934717358679339583e+01
1.934717358679339583e+01
1.936468234117058529e+01
1.934717358679339583e+01
1.934717358679339583e+01
1.931215607803901690e+01
1.924212106053026616e+01
1.922461230615307670e+01
1.927713856928464509e+01
1.932966483241620992e+01
1.934717358679339583e+01
1.936468234117058529e+01
1.934717358679339583e+01
1.932966483241620992e+01
1.927713856928464509e+01
1.920710355177588724e+01
1.922461230615307670e+01
1.929464732366183100e+01
1.934717358679339583e+01
1.934717358679339583e+01
1.934717358679339583e+01
1.931215607803901690e+01
1.925962981490745562e+01
1.920710355177588724e+01
1.918959479739869778e+01
1.925962981490745562e+01
1.931215607803901690e+01
1.931215607803901690e+01
1.931215607803901690e+01
1.927713856928464509e+01
1.920710355177588724e+01
1.915457728864432241e+01
1.911955977988994348e+01
1.913706853426713295e+01
1.918959479739869778e+01
1.922461230615307670e+01
1.924212106053026616e+01
1.920710355177588724e+01
1.913706853426713295e+01
1.906703351675837865e+01
1.903201600800400328e+01
1.901450725362681382e+01
1.901450725362681382e+01
1.903201600800400328e+01
1.908454227113556811e+01
1.908454227113556811e+01
1.899699849924962436e+01
1.896198099049524544e+01
1.892696348174087362e+01
1.890945472736368416e+01
1.890945472736368416e+01
1.890945472736368416e+01
1.894447223611805953e+01
1.897948974487243490e+01
1.887443721860930523e+01
1.883941970985492631e+01
1.880440220110055094e+01
1.880440220110055094e+01
1.880440220110055094e+01
1.880440220110055094e+01
1.882191095547774040e+01
1.880440220110055094e+01
1.873436718359179665e+01
1.873436718359179665e+01
1.871685842921460718e+01
1.871685842921460718e+01
1.871685842921460718e+01
1.871685842921460718e+01
1.871685842921460718e+01
1.871685842921460718e+01
1.868184092046023181e+01
1.868184092046023181e+01
1.866433216608304235e+01
1.864682341170585289e+01
1.864682341170585289e+01
1.864682341170585289e+01
1.864682341170585289e+01
1.866433216608304235e+01
1.862931465732866343e+01
1.864682341170585289e+01
1.864682341170585289e+01
1.862931465732866343e+01
1.862931465732866343e+01
1.862931465732866343e+01
1.862931465732866343e+01
1.864682341170585289e+01
1.862931465732866343e+01
1.862931465732866343e+01
1.862931465732866343e+01
1.862931465732866343e+01
1.862931465732866343e+01
1.862931465732866343e+01
1.862931465732866343e+01
1.862931465732866343e+01
1.864682341170585289e+01
1.864682341170585289e+01
1.866433216608304235e+01
1.866433216608304235e+01
1.864682341170585289e+01
1.864682341170585289e+01
1.864682341170585289e+01
1.864682341170585289e+01
1.866433216608304235e+01
1.866433216608304235e+01
1.868184092046023181e+01
1.868184092046023181e+01
1.868184092046023181e+01
1.866433216608304235e+01
1.866433216608304235e+01
1.866433216608304235e+01
1.866433216608304235e+01
1.866433216608304235e+01
1.866433216608304235e+01
1.866433216608304235e+01
1.868184092046023181e+01
1.868184092046023181e+01
1.868184092046023181e+01
1.868184092046023181e+01
1.868184092046023181e+01
1.866433216608304235e+01
1.866433216608304235e+01
1.866433216608304235e+01
1.866433216608304235e+01
1.866433216608304235e+01
1.866433216608304235e+01
1.866433216608304235e+01
1.866433216608304235e+01
1.866433216608304235e+01
1.866433216608304235e+01
1.866433216608304235e+01
1.866433216608304235e+01
1.866433216608304235e+01
1.864682341170585289e+01
1.864682341170585289e+01
1.864682341170585289e+01
1.864682341170585289e+01
1.864682341170585289e+01
1.862931465732866343e+01
1.862931465732866343e+01
1.861180590295147397e+01
1.859429714857428806e+01
1.859429714857428806e+01
1.857678839419710215e+01
1.857678839419710215e+01
1.855927963981990914e+01
1.855927963981990914e+01
1.854177088544272323e+01
1.852426213106553377e+01
1.852426213106553377e+01
1.850675337668834430e+01
1.848924462231115484e+01
1.848924462231115484e+01
1.847173586793396893e+01
1.845422711355677947e+01
1.845422711355677947e+01
1.843671835917959001e+01
1.841920960480240410e+01
1.841920960480240410e+01
1.840170085042521109e+01
1.840170085042521109e+01
1.838419209604802518e+01
1.838419209604802518e+01
1.836668334167083572e+01
1.836668334167083572e+01
1.836668334167083572e+01
1.834917458729364981e+01
1.834917458729364981e+01
1.833166583291645679e+01
1.833166583291645679e+01
1.831415707853927088e+01
1.831415707853927088e+01
1.831415707853927088e+01
1.831415707853927088e+01
1.829664832416208142e+01
1.829664832416208142e+01
1.829664832416208142e+01
1.829664832416208142e+01
1.827913956978489196e+01
1.827913956978489196e+01
1.827913956978489196e+01
1.827913956978489196e+01
1.827913956978489196e+01
1.827913956978489196e+01
1.827913956978489196e+01
1.827913956978489196e+01
1.827913956978489196e+01
1.827913956978489196e+01
1.827913956978489196e+01
1.827913956978489196e+01
1.827913956978489196e+01
1.827913956978489196e+01
1.827913956978489196e+01
1.827913956978489196e+01
1.827913956978489196e+01
1.827913956978489196e+01
1.827913956978489196e+01
1.829664832416208142e+01
1.829664832416208142e+01
1.829664832416208142e+01
1.827913956978489196e+01
1.827913956978489196e+01
1.827913956978489196e+01
1.827913956978489196e+01
1.827913956978489196e+01
1.829664832416208142e+01
1.829664832416208142e+01
1.829664832416208142e+01
1.829664832416208142e+01
1.829664832416208142e+01
1.829664832416208142e+01
1.829664832416208142e+01
1.827913956978489196e+01
1.827913956978489196e+01
1.827913956978489196e+01
1.827913956978489196e+01
1.826163081540770605e+01
1.826163081540770605e+01
1.827913956978489196e+01
1.826163081540770605e+01
1.826163081540770605e+01
1.826163081540770605e+01
1.826163081540770605e+01
1.826163081540770605e+01
1.824412206103051659e+01
1.824412206103051659e+01
1.824412206103051659e+01
1.822661330665332713e+01
1.822661330665332713e+01
1.822661330665332713e+01
1.822661330665332713e+01
1.822661330665332713e+01
1.820910455227613767e+01
1.820910455227613767e+01
1.820910455227613767e+01
1.820910455227613767e+01
1.819159579789895176e+01
1.819159579789895176e+01
1.819159579789895176e+01
1.819159579789895176e+01
1.817408704352175874e+01
1.815657828914457284e+01
1.815657828914457284e+01
1.813906953476738337e+01
1.813906953476738337e+01
1.813906953476738337e+01
1.812156078039019746e+01
1.812156078039019746e+01
1.810405202601300800e+01
1.808654327163581854e+01
1.806903451725862908e+01
1.805152576288143962e+01
1.803401700850425371e+01
1.803401700850425371e+01
1.801650825412706070e+01
1.799899949974987834e+01
1.799899949974987834e+01
1.798149074537268532e+01
1.796398199099549942e+01
1.794647323661830995e+01
1.794647323661830995e+01
1.792896448224112049e+01
1.791145572786393103e+01
1.791145572786393103e+01
1.789394697348674512e+01
1.789394697348674512e+01
1.787643821910955566e+01
1.787643821910955566e+01
1.785892946473236620e+01
1.785892946473236620e+01
1.785892946473236620e+01
1.784142071035518029e+01
1.784142071035518029e+01
1.784142071035518029e+01
1.784142071035518029e+01
1.782391195597798728e+01
1.780640320160080137e+01
1.780640320160080137e+01
1.780640320160080137e+01
1.780640320160080137e+01
1.780640320160080137e+01
1.780640320160080137e+01
1.780640320160080137e+01
1.778889444722361191e+01
1.778889444722361191e+01
1.777138569284642600e+01
1.775387693846923653e+01
1.775387693846923653e+01
1.777138569284642600e+01
1.777138569284642600e+01
1.777138569284642600e+01
1.778889444722361191e+01
1.778889444722361191e+01
1.778889444722361191e+01
1.778889444722361191e+01
1.777138569284642600e+01
1.778889444722361191e+01
1.777138569284642600e+01
1.777138569284642600e+01
1.778889444722361191e+01
1.780640320160080137e+01
1.780640320160080137e+01
1.780640320160080137e+01
1.780640320160080137e+01
1.780640320160080137e+01
1.780640320160080137e+01
1.777138569284642600e+01
1.778889444722361191e+01
1.780640320160080137e+01
1.780640320160080137e+01
1.782391195597798728e+01
1.780640320160080137e+01
1.780640320160080137e+01
1.780640320160080137e+01
1.780640320160080137e+01
1.782391195597798728e+01
1.780640320160080137e+01
1.780640320160080137e+01
1.780640320160080137e+01
1.780640320160080137e+01
1.778889444722361191e+01
1.777138569284642600e+01
1.775387693846923653e+01
1.773636818409204707e+01
1.775387693846923653e+01
1.777138569284642600e+01
1.777138569284642600e+01
1.777138569284642600e+01
1.775387693846923653e+01
1.773636818409204707e+01
1.770135067533766815e+01
1.763131565782891386e+01
1.761380690345172795e+01
1.766633316658329278e+01
1.770135067533766815e+01
1.773636818409204707e+01
1.773636818409204707e+01
1.773636818409204707e+01
1.771885942971485761e+01
1.761380690345172795e+01
1.756128064032015956e+01
1.757878939469734902e+01
1.761380690345172795e+01
1.764882441220610332e+01
1.768384192096048224e+01
1.770135067533766815e+01
1.768384192096048224e+01
1.766633316658329278e+01
1.763131565782891386e+01
1.754377188594297365e+01
1.747373686843421581e+01
1.749124562281140527e+01
1.756128064032015956e+01
1.761380690345172795e+01
1.763131565782891386e+01
1.761380690345172795e+01
1.757878939469734902e+01
1.752626313156578419e+01
1.745622811405702990e+01
1.740370185092546507e+01
1.736868434217108614e+01
1.738619309654827561e+01
1.743871935967983688e+01
1.749124562281140527e+01
1.750875437718859473e+01
1.742121060530265098e+01
1.733366683341670722e+01
1.729864932466233185e+01
1.729864932466233185e+01
1.729864932466233185e+01
1.731615807903952131e+01
1.735117558779389668e+01
1.738619309654827561e+01
1.740370185092546507e+01
1.731615807903952131e+01
1.726363181590795293e+01
1.722861430715357756e+01
1.721110555277638809e+01
1.719359679839920219e+01
1.721110555277638809e+01
1.724612306153076702e+01
1.731615807903952131e+01
1.733366683341670722e+01
1.728114057028514239e+01
1.722861430715357756e+01
1.719359679839920219e+01
1.715857928964482326e+01
1.715857928964482326e+01
1.715857928964482326e+01
1.715857928964482326e+01
1.717608804402201272e+01
1.721110555277638809e+01
1.721110555277638809e+01
1.719359679839920219e+01
1.717608804402201272e+01
1.715857928964482326e+01
1.715857928964482326e+01
1.715857928964482326e+01
1.717608804402201272e+01
1.717608804402201272e+01
1.719359679839920219e+01
1.721110555277638809e+01
1.719359679839920219e+01
1.719359679839920219e+01
1.719359679839920219e+01
1.719359679839920219e+01
1.719359679839920219e+01
1.717608804402201272e+01
1.717608804402201272e+01
1.719359679839920219e+01
1.721110555277638809e+01
1.726363181590795293e+01
1.721110555277638809e+01
1.717608804402201272e+01
1.715857928964482326e+01
1.715857928964482326e+01
1.715857928964482326e+01
1.714107053526763380e+01
1.712356178089044434e+01
1.715857928964482326e+01
1.721110555277638809e+01
1.726363181590795293e+01
1.719359679839920219e+01
1.708854427213606897e+01
1.708854427213606897e+01
1.708854427213606897e+01
1.708854427213606897e+01
1.708854427213606897e+01
1.705352676338169360e+01
1.708854427213606897e+01
1.714107053526763380e+01
1.714107053526763380e+01
1.707103551775887951e+01
1.701850925462731468e+01
1.700100050025012521e+01
1.701850925462731468e+01
1.701850925462731468e+01
1.700100050025012521e+01
1.696598299149574984e+01
1.700100050025012521e+01
1.703601800900450414e+01
1.701850925462731468e+01
1.696598299149574984e+01
1.694847423711856038e+01
1.693096548274137092e+01
1.693096548274137092e+01
1.694847423711856038e+01
1.696598299149574984e+01
1.700100050025012521e+01
1.703601800900450414e+01
1.705352676338169360e+01
1.700100050025012521e+01
1.694847423711856038e+01
1.693096548274137092e+01
1.693096548274137092e+01
1.693096548274137092e+01
1.694847423711856038e+01
1.696598299149574984e+01
1.700100050025012521e+01
1.705352676338169360e+01
1.701850925462731468e+01
1.696598299149574984e+01
1.693096548274137092e+01
1.691345672836418146e+01
1.691345672836418146e+01
1.691345672836418146e+01
1.693096548274137092e+01
1.694847423711856038e+01
1.698349174587293575e+01
1.698349174587293575e+01
1.694847423711856038e+01
1.691345672836418146e+01
1.687843921960980609e+01
1.687843921960980609e+01
1.686093046523261663e+01
1.686093046523261663e+01
1.687843921960980609e+01
1.689594797398699555e+01
1.691345672836418146e+01
1.687843921960980609e+01
1.686093046523261663e+01
1.684342171085542716e+01
1.682591295647824126e+01
1.682591295647824126e+01
1.682591295647824126e+01
1.682591295647824126e+01
1.682591295647824126e+01
1.684342171085542716e+01
1.684342171085542716e+01
1.682591295647824126e+01
1.680840420210105179e+01
1.680840420210105179e+01
1.679089544772386233e+01
1.679089544772386233e+01
1.679089544772386233e+01
1.679089544772386233e+01
1.680840420210105179e+01
1.682591295647824126e+01
1.684342171085542716e+01
1.682591295647824126e+01
1.682591295647824126e+01
1.680840420210105179e+01
1.680840420210105179e+01
1.680840420210105179e+01
1.680840420210105179e+01
1.680840420210105179e+01
1.684342171085542716e+01
1.686093046523261663e+01
1.682591295647824126e+01
1.682591295647824126e+01
1.682591295647824126e+01
1.684342171085542716e+01
1.682591295647824126e+01
1.680840420210105179e+01
1.682591295647824126e+01
1.682591295647824126e+01
1.682591295647824126e+01
1.684342171085542716e+01
1.680840420210105179e+01
1.682591295647824126e+01
1.684342171085542716e+01
1.682591295647824126e+01
1.680840420210105179e+01
1.679089544772386233e+01
1.679089544772386233e+01
1.679089544772386233e+01
1.684342171085542716e+01
1.682591295647824126e+01
1.677338669334667287e+01
1.679089544772386233e+01
1.679089544772386233e+01
1.679089544772386233e+01
1.675587793896948341e+01
1.672086043021510804e+01
1.670335167583792213e+01
1.668584292146072912e+01
1.677338669334667287e+01
1.675587793896948341e+01
1.672086043021510804e+01
1.672086043021510804e+01
1.670335167583792213e+01
1.670335167583792213e+01
1.670335167583792213e+01
1.670335167583792213e+01
1.670335167583792213e+01
1.670335167583792213e+01
1.670335167583792213e+01
1.670335167583792213e+01
1.670335167583792213e+01
1.668584292146072912e+01
1.668584292146072912e+01
1.668584292146072912e+01
1.666833416708354321e+01
1.666833416708354321e+01
1.666833416708354321e+01
1.665082541270635375e+01
1.665082541270635375e+01
1.665082541270635375e+01
1.663331665832916428e+01
1.663331665832916428e+01
1.663331665832916428e+01
1.661580790395197482e+01
1.661580790395197482e+01
1.659829914957478891e+01
1.659829914957478891e+01
1.659829914957478891e+01
1.659829914957478891e+01
1.658079039519759945e+01
1.658079039519759945e+01
1.656328164082040999e+01
1.656328164082040999e+01
1.656328164082040999e+01
1.654577288644322408e+01
1.654577288644322408e+01
1.652826413206603107e+01
1.652826413206603107e+01
1.651075537768884516e+01
1.651075537768884516e+01
1.649324662331165570e+01
1.649324662331165570e+01
1.647573786893446979e+01
1.647573786893446979e+01
1.645822911455727677e+01
1.645822911455727677e+01
1.644072036018009086e+01
1.642321160580290140e+01
1.642321160580290140e+01
1.640570285142571194e+01
1.638819409704852603e+01
1.638819409704852603e+01
1.637068534267133657e+01
1.637068534267133657e+01
1.635317658829414711e+01
1.635317658829414711e+01
1.633566783391695765e+01
1.631815907953977174e+01
1.630065032516257872e+01
1.628314157078539282e+01
1.624812406203101744e+01
1.621310655327663852e+01
1.623061530765382798e+01
1.624812406203101744e+01
1.624812406203101744e+01
1.624812406203101744e+01
1.624812406203101744e+01
1.623061530765382798e+01
1.621310655327663852e+01
1.617808904452225960e+01
1.614307153576788423e+01
1.607303651825912993e+01
1.614307153576788423e+01
1.617808904452225960e+01
1.619559779889944906e+01
1.619559779889944906e+01
1.619559779889944906e+01
1.617808904452225960e+01
1.614307153576788423e+01
1.610805402701350530e+01
1.605552776388194047e+01
1.600300150075037564e+01
1.609054527263631940e+01
1.614307153576788423e+01
1.616058029014507369e+01
1.616058029014507369e+01
1.616058029014507369e+01
1.614307153576788423e+01
1.610805402701350530e+01
1.605552776388194047e+01
1.600300150075037564e+01
1.603801900950475456e+01
1.610805402701350530e+01
1.616058029014507369e+01
1.617808904452225960e+01
1.619559779889944906e+01
1.619559779889944906e+01
1.617808904452225960e+01
1.612556278139069832e+01
1.605552776388194047e+01
1.609054527263631940e+01
1.612556278139069832e+01
1.617808904452225960e+01
1.621310655327663852e+01
1.624812406203101744e+01
1.624812406203101744e+01
1.626563281640820335e+01
1.624812406203101744e+01
1.623061530765382798e+01
1.617808904452225960e+01
1.610805402701350530e+01
1.617808904452225960e+01
1.621310655327663852e+01
1.624812406203101744e+01
1.626563281640820335e+01
1.628314157078539282e+01
1.626563281640820335e+01
1.626563281640820335e+01
1.623061530765382798e+01
1.619559779889944906e+01
1.612556278139069832e+01
1.616058029014507369e+01
1.623061530765382798e+01
1.624812406203101744e+01
1.626563281640820335e+01
1.626563281640820335e+01
1.624812406203101744e+01
1.621310655327663852e+01
1.616058029014507369e+01
1.610805402701350530e+01
1.605552776388194047e+01
1.605552776388194047e+01
1.609054527263631940e+01
1.614307153576788423e+01
1.617808904452225960e+01
1.619559779889944906e+01
1.617808904452225960e+01
1.610805402701350530e+01
1.602051025512756510e+01
1.598549274637318618e+01
1.596798399199599849e+01
1.596798399199599849e+01
1.600300150075037564e+01
1.605552776388194047e+01
1.609054527263631940e+01
1.609054527263631940e+01
1.607303651825912993e+01
1.598549274637318618e+01
1.591545772886443189e+01
1.586293146573286705e+01
1.582791395697848813e+01
1.582791395697848813e+01
1.584542271135567937e+01
1.588044022011005652e+01
1.595047523761880903e+01
1.598549274637318618e+01
1.593296648324161957e+01
1.586293146573286705e+01
1.579289644822411276e+01
1.575787893946973384e+01
1.572286143071535847e+01
1.570535267633816900e+01
1.570535267633816900e+01
1.572286143071535847e+01
1.574037018509254615e+01
1.584542271135567937e+01
1.575787893946973384e+01
1.570535267633816900e+01
1.567033516758379186e+01
1.565282641320660417e+01
1.563531765882941471e+01
1.561780890445222703e+01
1.561780890445222703e+01
1.563531765882941471e+01
1.563531765882941471e+01
1.560030015007503579e+01
1.558279139569784810e+01
1.558279139569784810e+01
1.554777388694347273e+01
1.553026513256628505e+01
1.553026513256628505e+01
1.553026513256628505e+01
1.553026513256628505e+01
1.554777388694347273e+01
1.556528264132066042e+01
1.560030015007503579e+01
1.553026513256628505e+01
1.549524762381190612e+01
1.546023011505753075e+01
1.544272136068034129e+01
1.544272136068034129e+01
1.544272136068034129e+01
1.544272136068034129e+01
1.544272136068034129e+01
1.542521260630315183e+01
1.540770385192596237e+01
1.544272136068034129e+01
1.544272136068034129e+01
1.542521260630315183e+01
1.542521260630315183e+01
1.540770385192596237e+01
1.540770385192596237e+01
1.540770385192596237e+01
1.540770385192596237e+01
1.540770385192596237e+01
1.539019509754877468e+01
1.540770385192596237e+01
1.542521260630315183e+01
1.542521260630315183e+01
1.540770385192596237e+01
1.540770385192596237e+01
1.540770385192596237e+01
1.540770385192596237e+01
1.542521260630315183e+01
1.540770385192596237e+01
1.540770385192596237e+01
1.542521260630315183e+01
1.544272136068034129e+01
1.544272136068034129e+01
1.544272136068034129e+01
1.544272136068034129e+01
1.546023011505753075e+01
1.546023011505753075e+01
1.547773886943471666e+01
1.547773886943471666e+01
1.547773886943471666e+01
1.551275637818909381e+01
1.551275637818909381e+01
1.551275637818909381e+01
1.551275637818909381e+01
1.551275637818909381e+01
1.551275637818909381e+01
1.551275637818909381e+01
1.553026513256628505e+01
1.554777388694347273e+01
1.554777388694347273e+01
1.556528264132066042e+01
1.558279139569784810e+01
1.556528264132066042e+01
1.556528264132066042e+01
1.554777388694347273e+01
1.554777388694347273e+01
1.554777388694347273e+01
1.554777388694347273e+01
1.554777388694347273e+01
1.556528264132066042e+01
1.554777388694347273e+01
1.556528264132066042e+01
1.554777388694347273e+01
1.554777388694347273e+01
1.553026513256628505e+01
1.553026513256628505e+01
1.553026513256628505e+01
1.551275637818909381e+01
1.551275637818909381e+01
1.551275637818909381e+01
1.551275637818909381e+01
1.549524762381190612e+01
1.549524762381190612e+01
1.547773886943471666e+01
1.547773886943471666e+01
1.546023011505753075e+01
1.544272136068034129e+01
1.544272136068034129e+01
1.542521260630315183e+01
1.542521260630315183e+01
1.540770385192596237e+01
1.540770385192596237e+01
1.539019509754877468e+01
1.537268634317158700e+01
1.535517758879439576e+01
1.535517758879439576e+01
1.533766883441720985e+01
1.532016008004002039e+01
1.530265132566283270e+01
1.528514257128564324e+01
1.528514257128564324e+01
1.526763381690845378e+01
1.526763381690845378e+01
1.525012506253126432e+01
1.525012506253126432e+01
1.523261630815407841e+01
1.521510755377689073e+01
1.519759879939970126e+01
1.519759879939970126e+01
1.518009004502251180e+01
1.518009004502251180e+01
1.516258129064532234e+01
1.516258129064532234e+01
1.516258129064532234e+01
1.514507253626813466e+01
1.512756378189094342e+01
1.512756378189094342e+01
1.511005502751375928e+01
1.511005502751375928e+01
1.509254627313656805e+01
1.509254627313656805e+01
1.507503751875938036e+01
1.507503751875938036e+01
1.505752876438219090e+01
1.505752876438219090e+01
1.504002001000500321e+01
1.504002001000500321e+01
1.502251125562781375e+01
1.500500250125062429e+01
1.500500250125062429e+01
1.498749374687343838e+01
1.498749374687343838e+01
1.498749374687343838e+01
1.496998499249624892e+01
1.496998499249624892e+01
1.496998499249624892e+01
1.496998499249624892e+01
1.496998499249624892e+01
1.495247623811906124e+01
1.495247623811906124e+01
1.495247623811906124e+01
1.495247623811906124e+01
1.495247623811906124e+01
1.495247623811906124e+01
1.495247623811906124e+01
1.495247623811906124e+01
1.495247623811906124e+01
1.495247623811906124e+01
1.496998499249624892e+01
1.496998499249624892e+01
1.496998499249624892e+01
1.498749374687343838e+01
1.498749374687343838e+01
1.498749374687343838e+01
1.498749374687343838e+01
1.498749374687343838e+01
1.498749374687343838e+01
1.498749374687343838e+01
1.500500250125062429e+01
1.500500250125062429e+01
1.500500250125062429e+01
1.502251125562781375e+01
1.502251125562781375e+01
1.504002001000500321e+01
1.504002001000500321e+01
1.504002001000500321e+01
1.504002001000500321e+01
1.505752876438219090e+01
1.505752876438219090e+01
1.505752876438219090e+01
1.507503751875938036e+01
1.507503751875938036e+01
1.509254627313656805e+01
1.509254627313656805e+01
1.509254627313656805e+01
1.509254627313656805e+01
1.509254627313656805e+01
1.511005502751375928e+01
1.511005502751375928e+01
1.511005502751375928e+01
1.512756378189094342e+01
1.512756378189094342e+01
1.512756378189094342e+01
1.512756378189094342e+01
1.514507253626813466e+01
1.514507253626813466e+01
1.514507253626813466e+01
1.514507253626813466e+01
1.514507253626813466e+01
1.514507253626813466e+01
1.514507253626813466e+01
1.514507253626813466e+01
1.514507253626813466e+01
1.514507253626813466e+01
1.514507253626813466e+01
1.512756378189094342e+01
1.512756378189094342e+01
1.512756378189094342e+01
1.511005502751375928e+01
1.511005502751375928e+01
1.511005502751375928e+01
1.511005502751375928e+01
1.509254627313656805e+01
1.509254627313656805e+01
1.509254627313656805e+01
1.507503751875938036e+01
1.507503751875938036e+01
1.505752876438219090e+01
1.505752876438219090e+01
1.504002001000500321e+01
1.504002001000500321e+01
1.502251125562781375e+01
1.502251125562781375e+01
1.500500250125062429e+01
1.498749374687343838e+01
1.498749374687343838e+01
1.496998499249624892e+01
1.495247623811906124e+01
1.493496748374187000e+01
1.493496748374187000e+01
1.491745872936468231e+01
1.489994997498749285e+01
1.489994997498749285e+01
1.488244122061030694e+01
1.486493246623311926e+01
1.484742371185592802e+01
1.482991495747874033e+01
1.479489744872436319e+01
1.477738869434717195e+01
1.475987993996998604e+01
1.474237118559279658e+01
1.474237118559279658e+01
1.472486243121560889e+01
1.470735367683842121e+01
1.467233616808404228e+01
1.458479239619809853e+01
1.453226613306653370e+01
1.442721360680340048e+01
1.444472236118058994e+01
1.444472236118058994e+01
1.433966983491745850e+01
1.444472236118058994e+01
1.446223111555777763e+01
1.447973986993496887e+01
1.444472236118058994e+01
1.430465232616308313e+01
1.423461730865432706e+01
1.418209104552276223e+01
1.418209104552276223e+01
1.414707353676838508e+01
1.411205602801400616e+01
1.414707353676838508e+01
1.419959979989994991e+01
1.423461730865432706e+01
1.426963481740870421e+01
1.426963481740870421e+01
1.425212606303151652e+01
1.423461730865432706e+01
1.421710855427713760e+01
1.418209104552276223e+01
1.409454727363681847e+01
1.412956478239119740e+01
1.414707353676838508e+01
1.418209104552276223e+01
1.419959979989994991e+01
1.421710855427713760e+01
1.421710855427713760e+01
1.419959979989994991e+01
1.418209104552276223e+01
1.414707353676838508e+01
1.404202101050525187e+01
1.407703851925962901e+01
1.414707353676838508e+01
1.418209104552276223e+01
1.421710855427713760e+01
1.425212606303151652e+01
1.425212606303151652e+01
1.425212606303151652e+01
1.423461730865432706e+01
1.419959979989994991e+01
1.414707353676838508e+01
1.409454727363681847e+01
1.409454727363681847e+01
1.418209104552276223e+01
1.426963481740870421e+01
1.432216108054027082e+01
1.437468734367183565e+01
1.439219609804902511e+01
1.439219609804902511e+01
1.437468734367183565e+01
1.432216108054027082e+01
1.426963481740870421e+01
1.423461730865432706e+01
1.423461730865432706e+01
1.426963481740870421e+01
1.433966983491745850e+01
1.440970485242621457e+01
1.446223111555777763e+01
1.449724862431215655e+01
1.451475737868934601e+01
1.449724862431215655e+01
1.446223111555777763e+01
1.439219609804902511e+01
1.435717858929464796e+01
1.433966983491745850e+01
1.437468734367183565e+01
1.444472236118058994e+01
1.451475737868934601e+01
1.458479239619809853e+01
1.460230115057528799e+01
1.460230115057528799e+01
1.458479239619809853e+01
1.456728364182091084e+01
1.453226613306653370e+01
1.449724862431215655e+01
1.446223111555777763e+01
1.444472236118058994e+01
1.460230115057528799e+01
1.465482741370685460e+01
1.467233616808404228e+01
1.467233616808404228e+01
1.467233616808404228e+01
1.465482741370685460e+01
1.461980990495247568e+01
1.458479239619809853e+01
1.453226613306653370e+01
1.451475737868934601e+01
1.460230115057528799e+01
1.467233616808404228e+01
1.470735367683842121e+01
1.472486243121560889e+01
1.472486243121560889e+01
1.470735367683842121e+01
1.470735367683842121e+01
1.470735367683842121e+01
1.467233616808404228e+01
1.465482741370685460e+01
1.461980990495247568e+01
1.456728364182091084e+01
1.454977488744371961e+01
1.460230115057528799e+01
1.456728364182091084e+01
1.451475737868934601e+01
1.446223111555777763e+01
1.453226613306653370e+01
1.449724862431215655e+01
1.447973986993496887e+01
1.440970485242621457e+01
1.432216108054027082e+01
1.423461730865432706e+01
1.433966983491745850e+01
1.421710855427713760e+01
1.416458229114557454e+01
1.409454727363681847e+01
1.405952976488244310e+01
1.404202101050525187e+01
1.400700350175087650e+01
1.398949474737368703e+01
1.398949474737368703e+01
1.397198599299649757e+01
1.395447723861930989e+01
1.391945972986493274e+01
1.390195097548774505e+01
1.388444222111055382e+01
1.386693346673336613e+01
1.384942471235617845e+01
1.383191595797899076e+01
1.381440720360180308e+01
1.379689844922461184e+01
1.377938969484742415e+01
1.376188094047023469e+01
1.376188094047023469e+01
1.374437218609304701e+01
1.372686343171585932e+01
1.370935467733866986e+01
1.370935467733866986e+01
1.369184592296148217e+01
1.367433716858429271e+01
1.365682841420710503e+01
1.365682841420710503e+01
1.363931965982991379e+01
1.362181090545272610e+01
1.360430215107553842e+01
1.360430215107553842e+01
1.358679339669835073e+01
1.358679339669835073e+01
1.356928464232115950e+01
1.356928464232115950e+01
1.355177588794397181e+01
1.355177588794397181e+01
1.353426713356678235e+01
1.351675837918959466e+01
1.351675837918959466e+01
1.349924962481240698e+01
1.349924962481240698e+01
1.349924962481240698e+01
1.349924962481240698e+01
1.349924962481240698e+01
1.349924962481240698e+01
1.349924962481240698e+01
1.349924962481240698e+01
1.349924962481240698e+01
1.349924962481240698e+01
1.349924962481240698e+01
1.349924962481240698e+01
1.349924962481240698e+01
1.349924962481240698e+01
1.349924962481240698e+01
1.351675837918959466e+01
1.351675837918959466e+01
1.353426713356678235e+01
1.353426713356678235e+01
1.355177588794397181e+01
1.355177588794397181e+01
1.355177588794397181e+01
1.356928464232115950e+01
1.356928464232115950e+01
1.358679339669835073e+01
1.358679339669835073e+01
1.360430215107553842e+01
1.362181090545272610e+01
1.363931965982991379e+01
1.365682841420710503e+01
1.367433716858429271e+01
1.369184592296148217e+01
1.369184592296148217e+01
1.370935467733866986e+01
1.370935467733866986e+01
1.372686343171585932e+01
1.372686343171585932e+01
1.374437218609304701e+01
1.374437218609304701e+01
1.376188094047023469e+01
1.376188094047023469e+01
1.377938969484742415e+01
1.377938969484742415e+01
1.379689844922461184e+01
1.379689844922461184e+01
1.381440720360180308e+01
1.381440720360180308e+01
1.383191595797899076e+01
1.383191595797899076e+01
1.383191595797899076e+01
1.384942471235617845e+01
1.384942471235617845e+01
1.384942471235617845e+01
1.386693346673336613e+01
1.386693346673336613e+01
1.386693346673336613e+01
1.386693346673336613e+01
1.386693346673336613e+01
1.388444222111055382e+01
1.388444222111055382e+01
1.386693346673336613e+01
1.386693346673336613e+01
1.386693346673336613e+01
1.386693346673336613e+01
1.386693346673336613e+01
1.386693346673336613e+01
1.386693346673336613e+01
1.386693346673336613e+01
1.384942471235617845e+01
1.384942471235617845e+01
1.384942471235617845e+01
1.383191595797899076e+01
1.383191595797899076e+01
1.381440720360180308e+01
1.381440720360180308e+01
1.381440720360180308e+01
1.379689844922461184e+01
1.379689844922461184e+01
1.377938969484742415e+01
1.376188094047023469e+01
1.376188094047023469e+01
1.374437218609304701e+01
1.372686343171585932e+01
1.370935467733866986e+01
1.369184592296148217e+01
1.367433716858429271e+01
1.365682841420710503e+01
1.363931965982991379e+01
1.362181090545272610e+01
1.360430215107553842e+01
1.358679339669835073e+01
1.356928464232115950e+01
1.353426713356678235e+01
1.351675837918959466e+01
1.349924962481240698e+01
1.348174087043521929e+01
1.346423211605802983e+01
1.342921460730365268e+01
1.341170585292646145e+01
1.339419709854927376e+01
1.337668834417208608e+01
1.335917958979489839e+01
1.332416208104052124e+01
1.330665332666333178e+01
1.328914457228614232e+01
1.328914457228614232e+01
1.327163581790895464e+01
1.327163581790895464e+01
1.325412706353176695e+01
1.323661830915457926e+01
1.323661830915457926e+01
1.321910955477738803e+01
1.320160080040020034e+01
1.318409204602301266e+01
1.316658329164582142e+01
1.314907453726863373e+01
1.314907453726863373e+01
1.313156578289144605e+01
1.313156578289144605e+01
1.311405702851425836e+01
1.311405702851425836e+01
1.311405702851425836e+01
1.309654827413706890e+01
1.307903951975988122e+01
1.307903951975988122e+01
1.306153076538268998e+01
1.306153076538268998e+01
1.306153076538268998e+01
1.306153076538268998e+01
1.304402201100550229e+01
1.304402201100550229e+01
1.302651325662831461e+01
1.302651325662831461e+01
1.300900450225112692e+01
1.299149574787393924e+01
1.297398699349674800e+01
1.295647823911956031e+01
1.295647823911956031e+01
1.295647823911956031e+01
1.297398699349674800e+01
1.299149574787393924e+01
1.299149574787393924e+01
1.297398699349674800e+01
1.297398699349674800e+01
1.297398699349674800e+01
1.297398699349674800e+01
1.297398699349674800e+01
1.297398699349674800e+01
1.297398699349674800e+01
1.299149574787393924e+01
1.299149574787393924e+01
1.299149574787393924e+01
1.299149574787393924e+01
1.299149574787393924e+01
1.300900450225112692e+01
1.300900450225112692e+01
1.302651325662831461e+01
1.304402201100550229e+01
1.306153076538268998e+01
1.307903951975988122e+01
1.309654827413706890e+01
1.309654827413706890e+01
1.311405702851425836e+01
1.311405702851425836e+01
1.311405702851425836e+01
1.313156578289144605e+01
1.314907453726863373e+01
1.316658329164582142e+01
1.318409204602301266e+01
1.320160080040020034e+01
1.321910955477738803e+01
1.323661830915457926e+01
1.325412706353176695e+01
1.325412706353176695e+01
1.327163581790895464e+01
1.328914457228614232e+01
1.328914457228614232e+01
1.330665332666333178e+01
1.330665332666333178e+01
1.332416208104052124e+01
1.334167083541771071e+01
1.335917958979489839e+01
1.335917958979489839e+01
1.337668834417208608e+01
1.337668834417208608e+01
1.339419709854927376e+01
1.339419709854927376e+01
1.341170585292646145e+01
1.341170585292646145e+01
1.341170585292646145e+01
1.342921460730365268e+01
1.342921460730365268e+01
1.342921460730365268e+01
1.342921460730365268e+01
1.342921460730365268e+01
1.342921460730365268e+01
1.342921460730365268e+01
1.342921460730365268e+01
1.342921460730365268e+01
1.342921460730365268e+01
1.342921460730365268e+01
1.342921460730365268e+01
1.341170585292646145e+01
1.341170585292646145e+01
1.341170585292646145e+01
1.341170585292646145e+01
1.341170585292646145e+01
1.339419709854927376e+01
1.339419709854927376e+01
1.337668834417208608e+01
1.337668834417208608e+01
1.335917958979489839e+01
1.334167083541771071e+01
1.334167083541771071e+01
1.332416208104052124e+01
1.330665332666333178e+01
1.330665332666333178e+01
1.328914457228614232e+01
1.327163581790895464e+01
1.325412706353176695e+01
1.323661830915457926e+01
1.320160080040020034e+01
1.316658329164582142e+01
1.313156578289144605e+01
1.311405702851425836e+01
1.309654827413706890e+01
1.311405702851425836e+01
1.311405702851425836e+01
1.307903951975988122e+01
1.306153076538268998e+01
1.302651325662831461e+01
1.300900450225112692e+01
1.295647823911956031e+01
1.292146073036518317e+01
1.285142571285642887e+01
1.272886443221610797e+01
1.260630315157578885e+01
1.258879439719859761e+01
1.258879439719859761e+01
1.260630315157578885e+01
1.260630315157578885e+01
1.260630315157578885e+01
1.258879439719859761e+01
1.257128564282140992e+01
1.251875937968984509e+01
1.234367183591795758e+01
1.232616308154077345e+01
1.230865432716358221e+01
1.229114557278639452e+01
1.227363681840920506e+01
1.225612806403201560e+01
1.223861930965482614e+01
1.222111055527764023e+01
1.220360180090045077e+01
1.216858429214607540e+01
1.215107553776888416e+01
1.213356678339169648e+01
1.211605802901450701e+01
1.209854927463732110e+01
1.209854927463732110e+01
1.208104052026012987e+01
1.206353176588294218e+01
1.206353176588294218e+01
1.206353176588294218e+01
1.204602301150575272e+01
1.204602301150575272e+01
1.202851425712856503e+01
1.201100550275137380e+01
1.201100550275137380e+01
1.201100550275137380e+01
1.201100550275137380e+01
1.199349674837418611e+01
1.199349674837418611e+01
1.199349674837418611e+01
1.199349674837418611e+01
1.199349674837418611e+01
1.199349674837418611e+01
1.199349674837418611e+01
1.199349674837418611e+01
1.199349674837418611e+01
1.199349674837418611e+01
1.201100550275137380e+01
1.201100550275137380e+01
1.201100550275137380e+01
1.202851425712856503e+01
1.202851425712856503e+01
1.202851425712856503e+01
1.202851425712856503e+01
1.202851425712856503e+01
1.204602301150575272e+01
1.204602301150575272e+01
1.204602301150575272e+01
1.206353176588294218e+01
1.206353176588294218e+01
1.208104052026012987e+01
1.208104052026012987e+01
1.209854927463732110e+01
1.209854927463732110e+01
1.211605802901450701e+01
1.211605802901450701e+01
1.213356678339169648e+01
1.213356678339169648e+01
1.215107553776888416e+01
1.216858429214607540e+01
1.218609304652326308e+01
1.218609304652326308e+01
1.220360180090045077e+01
1.222111055527764023e+01
1.223861930965482614e+01
1.223861930965482614e+01
1.225612806403201560e+01
1.225612806403201560e+01
1.227363681840920506e+01
1.229114557278639452e+01
1.230865432716358221e+01
1.232616308154077345e+01
1.234367183591795758e+01
1.236118059029514704e+01
1.236118059029514704e+01
1.239619809904952419e+01
1.239619809904952419e+01
1.241370685342671365e+01
1.241370685342671365e+01
1.243121560780390311e+01
1.243121560780390311e+01
1.244872436218109257e+01
1.244872436218109257e+01
1.246623311655827848e+01
1.248374187093546794e+01
1.250125062531265563e+01
1.250125062531265563e+01
1.250125062531265563e+01
1.251875937968984509e+01
1.255377688844422224e+01
1.257128564282140992e+01
1.257128564282140992e+01
1.255377688844422224e+01
1.255377688844422224e+01
1.253626813406703455e+01
1.253626813406703455e+01
1.253626813406703455e+01
1.253626813406703455e+01
1.253626813406703455e+01
1.253626813406703455e+01
1.253626813406703455e+01
1.253626813406703455e+01
1.255377688844422224e+01
1.253626813406703455e+01
1.253626813406703455e+01
1.251875937968984509e+01
1.250125062531265563e+01
1.248374187093546794e+01
1.248374187093546794e+01
1.246623311655827848e+01
1.246623311655827848e+01
1.246623311655827848e+01
1.244872436218109257e+01
1.243121560780390311e+01
1.241370685342671365e+01
1.239619809904952419e+01
1.237868934467233650e+01
1.236118059029514704e+01
1.236118059029514704e+01
1.234367183591795758e+01
1.232616308154077345e+01
1.230865432716358221e+01
1.229114557278639452e+01
1.227363681840920506e+01
1.225612806403201560e+01
1.225612806403201560e+01
1.223861930965482614e+01
1.220360180090045077e+01
1.218609304652326308e+01
1.216858429214607540e+01
1.215107553776888416e+01
1.215107553776888416e+01
1.213356678339169648e+01
1.211605802901450701e+01
1.209854927463732110e+01
1.206353176588294218e+01
1.204602301150575272e+01
1.202851425712856503e+01
1.199349674837418611e+01
1.195847923961981074e+01
1.192346173086543182e+01
1.190595297648824413e+01
1.190595297648824413e+01
1.188844422211105467e+01
1.187093546773386876e+01
1.183591795897948984e+01
1.181840920460230215e+01
1.180090045022511269e+01
1.176588294147073377e+01
1.173086543271635840e+01
1.169584792396197948e+01
1.167833916958479179e+01
1.166083041520760410e+01
1.164332166083041464e+01
1.162581290645322873e+01
1.160830415207603750e+01
1.160830415207603750e+01
1.159079539769884981e+01
1.157328664332166035e+01
1.157328664332166035e+01
1.155577788894447266e+01
1.153826913456728143e+01
1.152076038019009729e+01
1.152076038019009729e+01
1.150325162581290606e+01
1.150325162581290606e+01
1.148574287143571837e+01
1.148574287143571837e+01
1.148574287143571837e+01
1.148574287143571837e+01
1.146823411705853069e+01
1.146823411705853069e+01
1.146823411705853069e+01
1.146823411705853069e+01
1.148574287143571837e+01
1.148574287143571837e+01
1.148574287143571837e+01
1.148574287143571837e+01
1.150325162581290606e+01
1.150325162581290606e+01
1.150325162581290606e+01
1.152076038019009729e+01
1.152076038019009729e+01
1.152076038019009729e+01
1.152076038019009729e+01
1.153826913456728143e+01
1.153826913456728143e+01
1.155577788894447266e+01
1.155577788894447266e+01
1.157328664332166035e+01
1.159079539769884981e+01
1.159079539769884981e+01
1.160830415207603750e+01
1.162581290645322873e+01
1.164332166083041464e+01
1.164332166083041464e+01
1.166083041520760410e+01
1.166083041520760410e+01
1.166083041520760410e+01
1.167833916958479179e+01
1.167833916958479179e+01
1.169584792396197948e+01
1.169584792396197948e+01
1.171335667833917071e+01
1.173086543271635840e+01
1.174837418709354786e+01
1.174837418709354786e+01
1.176588294147073377e+01
1.176588294147073377e+01
1.176588294147073377e+01
1.178339169584792501e+01
1.178339169584792501e+01
1.178339169584792501e+01
1.180090045022511269e+01
1.181840920460230215e+01
1.181840920460230215e+01
1.183591795897948984e+01
1.185342671335667752e+01
1.185342671335667752e+01
1.185342671335667752e+01
1.187093546773386876e+01
1.187093546773386876e+01
1.187093546773386876e+01
1.187093546773386876e+01
1.187093546773386876e+01
1.188844422211105467e+01
1.188844422211105467e+01
1.190595297648824413e+01
1.192346173086543182e+01
1.194097048524262306e+01
1.194097048524262306e+01
1.194097048524262306e+01
1.194097048524262306e+01
1.194097048524262306e+01
1.194097048524262306e+01
1.194097048524262306e+01
1.192346173086543182e+01
1.192346173086543182e+01
1.192346173086543182e+01
1.190595297648824413e+01
1.188844422211105467e+01
1.188844422211105467e+01
1.188844422211105467e+01
1.190595297648824413e+01
1.190595297648824413e+01
1.188844422211105467e+01
1.188844422211105467e+01
1.188844422211105467e+01
1.188844422211105467e+01
1.187093546773386876e+01
1.187093546773386876e+01
1.187093546773386876e+01
1.187093546773386876e+01
1.185342671335667752e+01
1.185342671335667752e+01
1.185342671335667752e+01
1.183591795897948984e+01
1.183591795897948984e+01
1.181840920460230215e+01
1.181840920460230215e+01
1.180090045022511269e+01
1.180090045022511269e+01
1.178339169584792501e+01
1.178339169584792501e+01
1.178339169584792501e+01
1.178339169584792501e+01
1.178339169584792501e+01
1.178339169584792501e+01
1.176588294147073377e+01
1.176588294147073377e+01
1.174837418709354786e+01
1.174837418709354786e+01
1.173086543271635840e+01
1.171335667833917071e+01
1.171335667833917071e+01
1.169584792396197948e+01
1.169584792396197948e+01
1.167833916958479179e+01
1.167833916958479179e+01
1.167833916958479179e+01
1.166083041520760410e+01
1.166083041520760410e+01
1.166083041520760410e+01
1.164332166083041464e+01
1.164332166083041464e+01
1.162581290645322873e+01
1.160830415207603750e+01
1.159079539769884981e+01
1.157328664332166035e+01
1.155577788894447266e+01
1.153826913456728143e+01
1.153826913456728143e+01
1.153826913456728143e+01
1.152076038019009729e+01
1.150325162581290606e+01
1.148574287143571837e+01
1.146823411705853069e+01
1.145072536268133945e+01
1.141570785392696230e+01
1.139819909954977639e+01
1.134567283641820801e+01
1.129314657328664495e+01
1.124062031015507834e+01
1.117058529264632405e+01
1.110055027513756798e+01
1.103051525762881369e+01
1.099549774887443654e+01
1.094297148574287171e+01
1.092546273136568402e+01
1.090795397698849456e+01
1.089044522261130687e+01
1.087293646823411564e+01
1.090795397698849456e+01
1.094297148574287171e+01
1.092546273136568402e+01
1.087293646823411564e+01
1.083791895947973849e+01
1.080290145072536490e+01
1.076788394197098597e+01
1.073286643321660883e+01
1.071535767883942114e+01
1.068034017008504222e+01
1.066283141570785453e+01
1.064532266133066685e+01
1.062781390695347561e+01
1.061030515257628792e+01
1.059279639819910024e+01
1.057528764382191255e+01
1.057528764382191255e+01
1.055777888944472309e+01
1.055777888944472309e+01
1.054027013506753363e+01
1.054027013506753363e+01
1.052276138069034417e+01
1.052276138069034417e+01
1.050525262631315648e+01
1.050525262631315648e+01
1.050525262631315648e+01
1.048774387193596525e+01
1.048774387193596525e+01
1.047023511755878111e+01
1.047023511755878111e+01
1.045272636318159165e+01
1.045272636318159165e+01
1.045272636318159165e+01
1.043521760880440219e+01
1.043521760880440219e+01
1.043521760880440219e+01
1.043521760880440219e+01
1.043521760880440219e+01
1.043521760880440219e+01
1.043521760880440219e+01
1.043521760880440219e+01
1.045272636318159165e+01
1.043521760880440219e+01
1.043521760880440219e+01
1.043521760880440219e+01
1.043521760880440219e+01
1.043521760880440219e+01
1.043521760880440219e+01
1.043521760880440219e+01
1.045272636318159165e+01
1.045272636318159165e+01
1.045272636318159165e+01
1.045272636318159165e+01
1.047023511755878111e+01
1.047023511755878111e+01
1.048774387193596525e+01
1.050525262631315648e+01
1.050525262631315648e+01
1.052276138069034417e+01
1.054027013506753363e+01
1.055777888944472309e+01
1.057528764382191255e+01
1.057528764382191255e+01
1.059279639819910024e+01
1.059279639819910024e+01
1.061030515257628792e+01
1.061030515257628792e+01
1.062781390695347561e+01
1.064532266133066685e+01
1.064532266133066685e+01
1.066283141570785453e+01
1.068034017008504222e+01
1.069784892446223168e+01
1.069784892446223168e+01
1.071535767883942114e+01
1.073286643321660883e+01
1.073286643321660883e+01
1.075037518759379651e+01
1.075037518759379651e+01
1.076788394197098597e+01
1.078539269634817366e+01
1.078539269634817366e+01
1.080290145072536490e+01
1.082041020510255258e+01
1.082041020510255258e+01
1.083791895947973849e+01
1.083791895947973849e+01
1.083791895947973849e+01
1.083791895947973849e+01
1.083791895947973849e+01
1.083791895947973849e+01
1.083791895947973849e+01
1.085542771385692795e+01
1.085542771385692795e+01
1.085542771385692795e+01
1.085542771385692795e+01
1.087293646823411564e+01
1.089044522261130687e+01
1.090795397698849456e+01
1.092546273136568402e+01
1.096048024012006117e+01
1.099549774887443654e+01
1.101300650325162600e+01
1.104802401200600492e+01
1.108304152076038029e+01
1.101300650325162600e+01
1.096048024012006117e+01
1.092546273136568402e+01
1.090795397698849456e+01
1.089044522261130687e+01
1.087293646823411564e+01
1.085542771385692795e+01
1.085542771385692795e+01
1.085542771385692795e+01
1.085542771385692795e+01
1.085542771385692795e+01
1.087293646823411564e+01
1.087293646823411564e+01
1.087293646823411564e+01
1.089044522261130687e+01
1.085542771385692795e+01
1.082041020510255258e+01
1.085542771385692795e+01
1.083791895947973849e+01
1.082041020510255258e+01
1.080290145072536490e+01
1.078539269634817366e+01
1.078539269634817366e+01
1.076788394197098597e+01
1.075037518759379651e+01
1.075037518759379651e+01
1.073286643321660883e+01
1.071535767883942114e+01
1.071535767883942114e+01
1.069784892446223168e+01
1.068034017008504222e+01
1.068034017008504222e+01
1.066283141570785453e+01
1.064532266133066685e+01
1.062781390695347561e+01
1.062781390695347561e+01
1.061030515257628792e+01
1.059279639819910024e+01
1.059279639819910024e+01
1.057528764382191255e+01
1.055777888944472309e+01
1.054027013506753363e+01
1.054027013506753363e+01
1.052276138069034417e+01
1.050525262631315648e+01
1.048774387193596525e+01
1.048774387193596525e+01
1.047023511755878111e+01
1.045272636318159165e+01
1.045272636318159165e+01
1.043521760880440219e+01
1.041770885442721450e+01
1.040020010005002504e+01
1.040020010005002504e+01
1.038269134567283558e+01
1.036518259129564790e+01
1.034767383691846021e+01
1.033016508254127075e+01
1.031265632816408306e+01
1.031265632816408306e+01
1.029514757378689360e+01
1.029514757378689360e+01
1.027763881940970414e+01
1.026013006503251646e+01
1.026013006503251646e+01
1.024262131065532877e+01
1.022511255627814108e+01
1.020760380190094985e+01
1.019009504752376216e+01
1.017258629314657270e+01
1.015507753876938501e+01
1.013756878439219733e+01
1.012006003001500787e+01
1.010255127563782018e+01
1.006753376688344304e+01
1.005002501250625357e+01
1.005002501250625357e+01
1.003251625812906589e+01
1.003251625812906589e+01
1.003251625812906589e+01
1.001500750375187465e+01
1.001500750375187465e+01
9.997498749374686966e+00
9.979989994997497504e+00
9.962481240620309819e+00
9.944972486243122134e+00
9.927463731865932672e+00
9.909954977488744987e+00
9.909954977488744987e+00
9.892446223111555526e+00
9.874937468734367840e+00
9.857428714357180155e+00
9.857428714357180155e+00
9.839919959979990693e+00
9.822411205602801232e+00
9.822411205602801232e+00
9.804902451225613547e+00
9.804902451225613547e+00
9.787393696848424085e+00
9.787393696848424085e+00
9.769884942471234623e+00
9.769884942471234623e+00
9.752376188094046938e+00
9.752376188094046938e+00
9.734867433716857477e+00
9.717358679339669791e+00
9.717358679339669791e+00
9.717358679339669791e+00
9.734867433716857477e+00
9.734867433716857477e+00
9.734867433716857477e+00
9.752376188094046938e+00
9.752376188094046938e+00
9.752376188094046938e+00
9.752376188094046938e+00
9.752376188094046938e+00
9.752376188094046938e+00
9.769884942471234623e+00
9.787393696848424085e+00
9.804902451225613547e+00
9.822411205602801232e+00
9.804902451225613547e+00
9.804902451225613547e+00
9.822411205602801232e+00
9.839919959979990693e+00
9.857428714357180155e+00
9.874937468734367840e+00
9.892446223111555526e+00
9.909954977488744987e+00
9.927463731865932672e+00
9.944972486243122134e+00
9.962481240620309819e+00
9.979989994997497504e+00
9.997498749374686966e+00
1.001500750375187465e+01
1.003251625812906589e+01
1.005002501250625357e+01
1.006753376688344304e+01
1.008504252126063072e+01
1.010255127563782018e+01
1.010255127563782018e+01
1.013756878439219733e+01
1.015507753876938501e+01
1.017258629314657270e+01
1.020760380190094985e+01
1.022511255627814108e+01
1.024262131065532877e+01
1.026013006503251646e+01
1.029514757378689360e+01
1.031265632816408306e+01
1.033016508254127075e+01
1.034767383691846021e+01
1.036518259129564790e+01
1.038269134567283558e+01
1.040020010005002504e+01
1.041770885442721450e+01
1.043521760880440219e+01
1.045272636318159165e+01
1.045272636318159165e+01
1.047023511755878111e+01
1.047023511755878111e+01
1.048774387193596525e+01
1.050525262631315648e+01
1.050525262631315648e+01
1.052276138069034417e+01
1.052276138069034417e+01
1.054027013506753363e+01
1.054027013506753363e+01
1.055777888944472309e+01
1.055777888944472309e+01
1.055777888944472309e+01
1.055777888944472309e+01
1.055777888944472309e+01
1.055777888944472309e+01
1.055777888944472309e+01
1.055777888944472309e+01
1.055777888944472309e+01
1.055777888944472309e+01
1.055777888944472309e+01
1.054027013506753363e+01
1.054027013506753363e+01
1.054027013506753363e+01
1.052276138069034417e+01
1.052276138069034417e+01
1.050525262631315648e+01
1.048774387193596525e+01
1.048774387193596525e+01
1.047023511755878111e+01
1.045272636318159165e+01
1.045272636318159165e+01
1.043521760880440219e+01
1.041770885442721450e+01
1.040020010005002504e+01
1.038269134567283558e+01
1.036518259129564790e+01
1.034767383691846021e+01
1.033016508254127075e+01
1.031265632816408306e+01
1.029514757378689360e+01
1.027763881940970414e+01
1.026013006503251646e+01
1.024262131065532877e+01
1.022511255627814108e+01
1.020760380190094985e+01
1.019009504752376216e+01
1.017258629314657270e+01
1.015507753876938501e+01
1.013756878439219733e+01
1.012006003001500787e+01
1.010255127563782018e+01
1.008504252126063072e+01
1.006753376688344304e+01
1.005002501250625357e+01
1.003251625812906589e+01
1.001500750375187465e+01
9.997498749374686966e+00
9.979989994997497504e+00
9.979989994997497504e+00
9.962481240620309819e+00
9.962481240620309819e+00
9.944972486243122134e+00
9.944972486243122134e+00
9.927463731865932672e+00
9.927463731865932672e+00
9.909954977488744987e+00
9.909954977488744987e+00
9.892446223111555526e+00
9.892446223111555526e+00
9.874937468734367840e+00
9.874937468734367840e+00
9.874937468734367840e+00
9.857428714357180155e+00
9.857428714357180155e+00
9.839919959979990693e+00
9.839919959979990693e+00
9.839919959979990693e+00
9.839919959979990693e+00
9.839919959979990693e+00
9.839919959979990693e+00
9.839919959979990693e+00
9.822411205602801232e+00
9.804902451225613547e+00
9.804902451225613547e+00
9.769884942471234623e+00
9.752376188094046938e+00
9.682341170585292645e+00
9.524762381190596372e+00
9.594797398699348889e+00
9.647323661830915498e+00
9.699849924962482106e+00
9.734867433716857477e+00
9.769884942471234623e+00
9.787393696848424085e+00
9.822411205602801232e+00
9.822411205602801232e+00
9.822411205602801232e+00
9.787393696848424085e+00
9.752376188094046938e+00
9.699849924962482106e+00
9.647323661830915498e+00
9.594797398699348889e+00
9.559779889944971742e+00
9.524762381190596372e+00
9.507253626813406910e+00
9.489744872436217449e+00
9.489744872436217449e+00
9.489744872436217449e+00
9.507253626813406910e+00
9.542271135567784057e+00
9.559779889944971742e+00
9.594797398699348889e+00
9.612306153076538351e+00
9.542271135567784057e+00
9.542271135567784057e+00
9.507253626813406910e+00
9.489744872436217449e+00
9.472236118059029764e+00
9.454727363681842078e+00
9.454727363681842078e+00
9.454727363681842078e+00
9.472236118059029764e+00
9.489744872436217449e+00
9.524762381190596372e+00
9.559779889944971742e+00
9.594797398699348889e+00
9.629814907453727812e+00
9.664832416208104959e+00
9.717358679339669791e+00
9.734867433716857477e+00
9.717358679339669791e+00
9.647323661830915498e+00
9.559779889944971742e+00
9.472236118059029764e+00
9.419709854927463155e+00
9.419709854927463155e+00
9.437218609304652617e+00
9.472236118059029764e+00
9.507253626813406910e+00
9.559779889944971742e+00
9.612306153076538351e+00
9.647323661830915498e+00
9.664832416208104959e+00
9.699849924962482106e+00
9.717358679339669791e+00
9.717358679339669791e+00
9.717358679339669791e+00
9.734867433716857477e+00
9.717358679339669791e+00
9.717358679339669791e+00
9.717358679339669791e+00
9.734867433716857477e+00
9.734867433716857477e+00
9.682341170585292645e+00
9.699849924962482106e+00
9.717358679339669791e+00
9.752376188094046938e+00
9.769884942471234623e+00
9.804902451225613547e+00
9.822411205602801232e+00
9.857428714357180155e+00
9.874937468734367840e+00
9.892446223111555526e+00
9.909954977488744987e+00
9.927463731865932672e+00
9.944972486243122134e+00
9.962481240620309819e+00
9.979989994997497504e+00
9.997498749374686966e+00
1.001500750375187465e+01
1.003251625812906589e+01
1.005002501250625357e+01
1.006753376688344304e+01
1.008504252126063072e+01
1.010255127563782018e+01
1.012006003001500787e+01
1.013756878439219733e+01
1.015507753876938501e+01
1.017258629314657270e+01
1.019009504752376216e+01
1.020760380190094985e+01
1.022511255627814108e+01
1.024262131065532877e+01
1.026013006503251646e+01
1.027763881940970414e+01
1.029514757378689360e+01
1.031265632816408306e+01
1.033016508254127075e+01
1.034767383691846021e+01
1.036518259129564790e+01
1.036518259129564790e+01
1.038269134567283558e+01
1.040020010005002504e+01
1.040020010005002504e+01
1.041770885442721450e+01
1.043521760880440219e+01
1.043521760880440219e+01
1.045272636318159165e+01
1.045272636318159165e+01
1.047023511755878111e+01
1.047023511755878111e+01
1.047023511755878111e+01
1.047023511755878111e+01
1.048774387193596525e+01
1.048774387193596525e+01
1.048774387193596525e+01
1.048774387193596525e+01
1.048774387193596525e+01
1.047023511755878111e+01
1.047023511755878111e+01
1.047023511755878111e+01
1.047023511755878111e+01
1.045272636318159165e+01
1.045272636318159165e+01
1.045272636318159165e+01
1.043521760880440219e+01
1.043521760880440219e+01
1.041770885442721450e+01
1.041770885442721450e+01
1.040020010005002504e+01
1.040020010005002504e+01
1.038269134567283558e+01
1.036518259129564790e+01
1.034767383691846021e+01
1.033016508254127075e+01
1.031265632816408306e+01
1.029514757378689360e+01
1.027763881940970414e+01
1.026013006503251646e+01
1.024262131065532877e+01
1.022511255627814108e+01
1.019009504752376216e+01
1.017258629314657270e+01
1.015507753876938501e+01
1.013756878439219733e+01
1.012006003001500787e+01
1.010255127563782018e+01
1.010255127563782018e+01
1.008504252126063072e+01
1.006753376688344304e+01
1.005002501250625357e+01
1.003251625812906589e+01
1.001500750375187465e+01
9.979989994997497504e+00
9.962481240620309819e+00
9.944972486243122134e+00
9.927463731865932672e+00
9.909954977488744987e+00
9.892446223111555526e+00
9.874937468734367840e+00
9.857428714357180155e+00
9.839919959979990693e+00
9.822411205602801232e+00
9.804902451225613547e+00
9.787393696848424085e+00
9.787393696848424085e+00
9.769884942471234623e+00
9.769884942471234623e+00
9.752376188094046938e+00
9.752376188094046938e+00
9.734867433716857477e+00
9.717358679339669791e+00
9.717358679339669791e+00
9.717358679339669791e+00
9.717358679339669791e+00
9.699849924962482106e+00
9.682341170585292645e+00
9.682341170585292645e+00
9.682341170585292645e+00
9.682341170585292645e+00
9.682341170585292645e+00
9.682341170585292645e+00
9.682341170585292645e+00
9.682341170585292645e+00
9.682341170585292645e+00
9.664832416208104959e+00
9.647323661830915498e+00
9.629814907453727812e+00
9.542271135567784057e+00
9.402201100550275470e+00
9.454727363681842078e+00
9.489744872436217449e+00
9.524762381190596372e+00
9.559779889944971742e+00
9.612306153076538351e+00
9.647323661830915498e+00
9.682341170585292645e+00
9.717358679339669791e+00
9.734867433716857477e+00
9.752376188094046938e+00
9.769884942471234623e+00
9.787393696848424085e+00
9.787393696848424085e+00
9.787393696848424085e+00
9.787393696848424085e+00
9.769884942471234623e+00
9.769884942471234623e+00
9.769884942471234623e+00
9.857428714357180155e+00
9.822411205602801232e+00
9.839919959979990693e+00
9.857428714357180155e+00
9.874937468734367840e+00
9.909954977488744987e+00
9.927463731865932672e+00
9.944972486243122134e+00
9.962481240620309819e+00
9.979989994997497504e+00
9.997498749374686966e+00
1.001500750375187465e+01
1.001500750375187465e+01
1.003251625812906589e+01
1.005002501250625357e+01
1.006753376688344304e+01
1.006753376688344304e+01
1.008504252126063072e+01
1.010255127563782018e+01
1.010255127563782018e+01
1.012006003001500787e+01
1.013756878439219733e+01
1.013756878439219733e+01
1.015507753876938501e+01
1.017258629314657270e+01
1.017258629314657270e+01
1.019009504752376216e+01
1.019009504752376216e+01
1.020760380190094985e+01
1.020760380190094985e+01
1.022511255627814108e+01
1.024262131065532877e+01
1.026013006503251646e+01
1.027763881940970414e+01
1.027763881940970414e+01
1.029514757378689360e+01
1.031265632816408306e+01
1.033016508254127075e+01
1.034767383691846021e+01
1.034767383691846021e+01
1.036518259129564790e+01
1.038269134567283558e+01
1.038269134567283558e+01
1.040020010005002504e+01
1.040020010005002504e+01
1.041770885442721450e+01
1.041770885442721450e+01
1.043521760880440219e+01
1.045272636318159165e+01
1.047023511755878111e+01
1.047023511755878111e+01
1.048774387193596525e+01
1.050525262631315648e+01
1.052276138069034417e+01
1.052276138069034417e+01
1.054027013506753363e+01
1.055777888944472309e+01
1.057528764382191255e+01
1.059279639819910024e+01
1.059279639819910024e+01
1.061030515257628792e+01
1.061030515257628792e+01
1.062781390695347561e+01
1.064532266133066685e+01
1.066283141570785453e+01
1.068034017008504222e+01
1.068034017008504222e+01
1.068034017008504222e+01
1.068034017008504222e+01
1.069784892446223168e+01
1.069784892446223168e+01
1.069784892446223168e+01
1.071535767883942114e+01
1.071535767883942114e+01
1.073286643321660883e+01
1.073286643321660883e+01
1.075037518759379651e+01
1.075037518759379651e+01
1.076788394197098597e+01
1.076788394197098597e+01
1.078539269634817366e+01
1.078539269634817366e+01
1.078539269634817366e+01
1.078539269634817366e+01
1.078539269634817366e+01
1.078539269634817366e+01
1.078539269634817366e+01
1.078539269634817366e+01
1.078539269634817366e+01
1.080290145072536490e+01
1.080290145072536490e+01
1.080290145072536490e+01
1.080290145072536490e+01
1.080290145072536490e+01
1.080290145072536490e+01
1.080290145072536490e+01
1.078539269634817366e+01
1.078539269634817366e+01
1.078539269634817366e+01
1.078539269634817366e+01
1.078539269634817366e+01
1.078539269634817366e+01
1.078539269634817366e+01
1.078539269634817366e+01
1.076788394197098597e+01
1.075037518759379651e+01
1.073286643321660883e+01
1.073286643321660883e+01
1.071535767883942114e+01
1.071535767883942114e+01
1.069784892446223168e+01
1.068034017008504222e+01
1.066283141570785453e+01
1.066283141570785453e+01
1.064532266133066685e+01
1.064532266133066685e+01
1.062781390695347561e+01
1.061030515257628792e+01
1.061030515257628792e+01
1.059279639819910024e+01
1.057528764382191255e+01
1.055777888944472309e+01
1.054027013506753363e+01
1.052276138069034417e+01
1.050525262631315648e+01
1.048774387193596525e+01
1.048774387193596525e+01
1.047023511755878111e+01
1.045272636318159165e+01
1.043521760880440219e+01
1.041770885442721450e+01
1.040020010005002504e+01
1.038269134567283558e+01
1.038269134567283558e+01
1.036518259129564790e+01
1.034767383691846021e+01
1.033016508254127075e+01
1.031265632816408306e+01
1.029514757378689360e+01
1.027763881940970414e+01
1.027763881940970414e+01
1.026013006503251646e+01
1.024262131065532877e+01
1.024262131065532877e+01
1.022511255627814108e+01
1.020760380190094985e+01
1.020760380190094985e+01
1.019009504752376216e+01
1.019009504752376216e+01
1.017258629314657270e+01
1.015507753876938501e+01
1.015507753876938501e+01
1.013756878439219733e+01
1.013756878439219733e+01
1.013756878439219733e+01
1.013756878439219733e+01
1.013756878439219733e+01
1.013756878439219733e+01
1.013756878439219733e+01
1.013756878439219733e+01
1.013756878439219733e+01
1.013756878439219733e+01
1.015507753876938501e+01
1.015507753876938501e+01
1.015507753876938501e+01
1.017258629314657270e+01
1.017258629314657270e+01
1.019009504752376216e+01
1.019009504752376216e+01
1.020760380190094985e+01
1.020760380190094985e+01
1.022511255627814108e+01
1.024262131065532877e+01
1.024262131065532877e+01
1.026013006503251646e+01
1.027763881940970414e+01
1.029514757378689360e+01
1.029514757378689360e+01
1.031265632816408306e+01
1.033016508254127075e+01
1.034767383691846021e+01
1.036518259129564790e+01
1.038269134567283558e+01
1.040020010005002504e+01
1.041770885442721450e+01
1.043521760880440219e+01
1.045272636318159165e+01
1.047023511755878111e+01
1.048774387193596525e+01
1.050525262631315648e+01
1.052276138069034417e+01
1.054027013506753363e+01
1.055777888944472309e+01
1.057528764382191255e+01
1.059279639819910024e+01
1.062781390695347561e+01
1.066283141570785453e+01
1.068034017008504222e+01
1.071535767883942114e+01
1.073286643321660883e+01
1.075037518759379651e+01
1.076788394197098597e+01
1.078539269634817366e+01
1.080290145072536490e+01
1.082041020510255258e+01
1.085542771385692795e+01
1.087293646823411564e+01
1.089044522261130687e+01
1.096048024012006117e+01
1.106553276638319083e+01
1.110055027513756798e+01
1.110055027513756798e+01
1.110055027513756798e+01
1.108304152076038029e+01
1.108304152076038029e+01
1.106553276638319083e+01
1.110055027513756798e+01
1.117058529264632405e+01
1.125812906453226603e+01
1.132816408204102032e+01
1.138069034517258693e+01
1.143321660830415176e+01
1.145072536268133945e+01
1.146823411705853069e+01
1.148574287143571837e+01
1.150325162581290606e+01
1.150325162581290606e+01
1.152076038019009729e+01
1.152076038019009729e+01
1.153826913456728143e+01
1.155577788894447266e+01
1.157328664332166035e+01
1.157328664332166035e+01
1.157328664332166035e+01
1.159079539769884981e+01
1.159079539769884981e+01
1.159079539769884981e+01
1.159079539769884981e+01
1.160830415207603750e+01
1.160830415207603750e+01
1.160830415207603750e+01
1.160830415207603750e+01
1.160830415207603750e+01
1.160830415207603750e+01
1.160830415207603750e+01
1.160830415207603750e+01
1.162581290645322873e+01
1.162581290645322873e+01
1.164332166083041464e+01
1.164332166083041464e+01
1.164332166083041464e+01
1.166083041520760410e+01
1.166083041520760410e+01
1.166083041520760410e+01
1.166083041520760410e+01
1.166083041520760410e+01
1.166083041520760410e+01
1.166083041520760410e+01
1.164332166083041464e+01
1.164332166083041464e+01
1.164332166083041464e+01
1.166083041520760410e+01
1.166083041520760410e+01
1.166083041520760410e+01
1.166083041520760410e+01
1.167833916958479179e+01
1.167833916958479179e+01
1.167833916958479179e+01
1.167833916958479179e+01
1.167833916958479179e+01
1.167833916958479179e+01
1.167833916958479179e+01
1.167833916958479179e+01
1.167833916958479179e+01
1.167833916958479179e+01
1.166083041520760410e+01
1.166083041520760410e+01
1.164332166083041464e+01
1.164332166083041464e+01
1.162581290645322873e+01
1.162581290645322873e+01
1.162581290645322873e+01
1.160830415207603750e+01
1.159079539769884981e+01
1.159079539769884981e+01
1.157328664332166035e+01
1.157328664332166035e+01
1.157328664332166035e+01
1.157328664332166035e+01
1.157328664332166035e+01
1.155577788894447266e+01
1.155577788894447266e+01
1.153826913456728143e+01
1.152076038019009729e+01
1.152076038019009729e+01
1.150325162581290606e+01
1.148574287143571837e+01
1.146823411705853069e+01
1.146823411705853069e+01
1.145072536268133945e+01
1.143321660830415176e+01
1.143321660830415176e+01
1.141570785392696230e+01
1.141570785392696230e+01
1.139819909954977639e+01
1.138069034517258693e+01
1.138069034517258693e+01
1.138069034517258693e+01
1.138069034517258693e+01
1.136318159079539925e+01
1.136318159079539925e+01
1.136318159079539925e+01
1.134567283641820801e+01
1.134567283641820801e+01
1.132816408204102032e+01
1.129314657328664495e+01
1.127563781890945727e+01
1.127563781890945727e+01
1.127563781890945727e+01
1.127563781890945727e+01
1.127563781890945727e+01
1.129314657328664495e+01
1.129314657328664495e+01
1.129314657328664495e+01
1.129314657328664495e+01
1.129314657328664495e+01
1.129314657328664495e+01
1.131065532766383264e+01
1.132816408204102032e+01
1.132816408204102032e+01
1.131065532766383264e+01
1.131065532766383264e+01
1.131065532766383264e+01
1.132816408204102032e+01
1.132816408204102032e+01
1.134567283641820801e+01
1.136318159079539925e+01
1.136318159079539925e+01
1.138069034517258693e+01
1.138069034517258693e+01
1.139819909954977639e+01
1.141570785392696230e+01
1.143321660830415176e+01
1.143321660830415176e+01
1.145072536268133945e+01
1.145072536268133945e+01
1.146823411705853069e+01
1.148574287143571837e+01
1.150325162581290606e+01
1.152076038019009729e+01
1.153826913456728143e+01
1.155577788894447266e+01
1.155577788894447266e+01
1.157328664332166035e+01
1.157328664332166035e+01
1.159079539769884981e+01
1.157328664332166035e+01
1.159079539769884981e+01
1.157328664332166035e+01
1.159079539769884981e+01
1.160830415207603750e+01
1.164332166083041464e+01
1.166083041520760410e+01
1.169584792396197948e+01
1.171335667833917071e+01
1.173086543271635840e+01
1.176588294147073377e+01
1.178339169584792501e+01
1.180090045022511269e+01
1.181840920460230215e+01
1.183591795897948984e+01
1.183591795897948984e+01
1.185342671335667752e+01
1.187093546773386876e+01
1.188844422211105467e+01
1.190595297648824413e+01
1.192346173086543182e+01
1.194097048524262306e+01
1.195847923961981074e+01
1.197598799399700020e+01
1.197598799399700020e+01
1.199349674837418611e+01
1.201100550275137380e+01
1.202851425712856503e+01
1.202851425712856503e+01
1.204602301150575272e+01
1.206353176588294218e+01
1.206353176588294218e+01
1.206353176588294218e+01
1.206353176588294218e+01
1.208104052026012987e+01
1.208104052026012987e+01
1.208104052026012987e+01
1.208104052026012987e+01
1.208104052026012987e+01
1.209854927463732110e+01
1.209854927463732110e+01
1.209854927463732110e+01
1.209854927463732110e+01
1.209854927463732110e+01
1.208104052026012987e+01
1.208104052026012987e+01
1.208104052026012987e+01
1.206353176588294218e+01
1.206353176588294218e+01
1.206353176588294218e+01
1.204602301150575272e+01
1.204602301150575272e+01
1.202851425712856503e+01
1.202851425712856503e+01
1.202851425712856503e+01
1.201100550275137380e+01
1.201100550275137380e+01
1.199349674837418611e+01
1.199349674837418611e+01
1.199349674837418611e+01
1.197598799399700020e+01
1.197598799399700020e+01
1.195847923961981074e+01
1.195847923961981074e+01
1.194097048524262306e+01
1.194097048524262306e+01
1.192346173086543182e+01
1.190595297648824413e+01
1.190595297648824413e+01
1.190595297648824413e+01
1.188844422211105467e+01
1.188844422211105467e+01
1.188844422211105467e+01
1.188844422211105467e+01
1.187093546773386876e+01
1.187093546773386876e+01
1.187093546773386876e+01
1.185342671335667752e+01
1.185342671335667752e+01
1.183591795897948984e+01
1.183591795897948984e+01
1.181840920460230215e+01
1.181840920460230215e+01
1.181840920460230215e+01
1.181840920460230215e+01
1.181840920460230215e+01
1.180090045022511269e+01
1.180090045022511269e+01
1.180090045022511269e+01
1.178339169584792501e+01
1.178339169584792501e+01
1.176588294147073377e+01
1.176588294147073377e+01
1.174837418709354786e+01
1.174837418709354786e+01
1.173086543271635840e+01
1.171335667833917071e+01
1.171335667833917071e+01
1.169584792396197948e+01
1.169584792396197948e+01
1.169584792396197948e+01
1.167833916958479179e+01
1.167833916958479179e+01
1.166083041520760410e+01
1.166083041520760410e+01
1.166083041520760410e+01
1.164332166083041464e+01
1.164332166083041464e+01
1.166083041520760410e+01
1.166083041520760410e+01
1.166083041520760410e+01
1.166083041520760410e+01
1.166083041520760410e+01
1.167833916958479179e+01
1.167833916958479179e+01
1.167833916958479179e+01
1.167833916958479179e+01
1.167833916958479179e+01
1.167833916958479179e+01
1.169584792396197948e+01
1.169584792396197948e+01
1.169584792396197948e+01
1.169584792396197948e+01
1.171335667833917071e+01
1.171335667833917071e+01
1.173086543271635840e+01
1.174837418709354786e+01
1.174837418709354786e+01
1.176588294147073377e+01
1.178339169584792501e+01
1.178339169584792501e+01
1.180090045022511269e+01
1.181840920460230215e+01
1.181840920460230215e+01
1.183591795897948984e+01
1.183591795897948984e+01
1.185342671335667752e+01
1.187093546773386876e+01
1.187093546773386876e+01
1.188844422211105467e+01
1.190595297648824413e+01
1.190595297648824413e+01
1.192346173086543182e+01
1.194097048524262306e+01
1.195847923961981074e+01
1.197598799399700020e+01
1.199349674837418611e+01
1.199349674837418611e+01
1.201100550275137380e+01
1.202851425712856503e+01
1.204602301150575272e+01
1.206353176588294218e+01
1.206353176588294218e+01
1.208104052026012987e+01
1.209854927463732110e+01
1.211605802901450701e+01
1.211605802901450701e+01
1.213356678339169648e+01
1.215107553776888416e+01
1.216858429214607540e+01
1.218609304652326308e+01
1.220360180090045077e+01
1.222111055527764023e+01
1.223861930965482614e+01
1.225612806403201560e+01
1.227363681840920506e+01
1.227363681840920506e+01
1.229114557278639452e+01
1.230865432716358221e+01
1.232616308154077345e+01
1.234367183591795758e+01
1.234367183591795758e+01
1.236118059029514704e+01
1.237868934467233650e+01
1.237868934467233650e+01
1.239619809904952419e+01
1.241370685342671365e+01
1.243121560780390311e+01
1.243121560780390311e+01
1.244872436218109257e+01
1.244872436218109257e+01
1.246623311655827848e+01
1.246623311655827848e+01
1.246623311655827848e+01
1.248374187093546794e+01
1.248374187093546794e+01
1.248374187093546794e+01
1.248374187093546794e+01
1.250125062531265563e+01
1.250125062531265563e+01
1.250125062531265563e+01
1.250125062531265563e+01
1.248374187093546794e+01
1.248374187093546794e+01
1.248374187093546794e+01
1.248374187093546794e+01
1.248374187093546794e+01
1.248374187093546794e+01
1.248374187093546794e+01
1.246623311655827848e+01
1.246623311655827848e+01
1.244872436218109257e+01
1.244872436218109257e+01
1.243121560780390311e+01
1.243121560780390311e+01
1.241370685342671365e+01
1.239619809904952419e+01
1.239619809904952419e+01
1.239619809904952419e+01
1.237868934467233650e+01
1.237868934467233650e+01
1.236118059029514704e+01
1.236118059029514704e+01
1.232616308154077345e+01
1.230865432716358221e+01
1.229114557278639452e+01
1.227363681840920506e+01
1.227363681840920506e+01
1.225612806403201560e+01
1.225612806403201560e+01
1.223861930965482614e+01
1.223861930965482614e+01
1.222111055527764023e+01
1.222111055527764023e+01
1.220360180090045077e+01
1.218609304652326308e+01
1.216858429214607540e+01
1.215107553776888416e+01
1.215107553776888416e+01
1.213356678339169648e+01
1.213356678339169648e+01
1.211605802901450701e+01
1.211605802901450701e+01
1.209854927463732110e+01
1.209854927463732110e+01
1.209854927463732110e+01
1.208104052026012987e+01
1.208104052026012987e+01
1.208104052026012987e+01
1.206353176588294218e+01
1.206353176588294218e+01
1.204602301150575272e+01
1.204602301150575272e+01
1.204602301150575272e+01
1.204602301150575272e+01
1.204602301150575272e+01
1.202851425712856503e+01
1.204602301150575272e+01
1.204602301150575272e+01
1.204602301150575272e+01
1.204602301150575272e+01
1.204602301150575272e+01
1.206353176588294218e+01
1.206353176588294218e+01
1.206353176588294218e+01
1.206353176588294218e+01
1.206353176588294218e+01
1.208104052026012987e+01
1.208104052026012987e+01
1.209854927463732110e+01
1.209854927463732110e+01
1.211605802901450701e+01
1.213356678339169648e+01
1.213356678339169648e+01
1.216858429214607540e+01
1.220360180090045077e+01
1.222111055527764023e+01
1.222111055527764023e+01
1.223861930965482614e+01
1.225612806403201560e+01
1.225612806403201560e+01
1.227363681840920506e+01
1.227363681840920506e+01
1.229114557278639452e+01
1.230865432716358221e+01
1.232616308154077345e+01
1.236118059029514704e+01
1.243121560780390311e+01
1.246623311655827848e+01
1.248374187093546794e+01
1.248374187093546794e+01
1.250125062531265563e+01
1.250125062531265563e+01
1.251875937968984509e+01
1.253626813406703455e+01
1.255377688844422224e+01
1.258879439719859761e+01
1.264132066033016599e+01
1.272886443221610797e+01
1.283391695847924119e+01
1.290395197598799371e+01
1.290395197598799371e+01
1.286893446723361656e+01
1.281640820410204995e+01
1.276388194097048689e+01
1.278139069534767458e+01
1.285142571285642887e+01
1.292146073036518317e+01
1.299149574787393924e+01
1.302651325662831461e+01
1.307903951975988122e+01
1.309654827413706890e+01
1.311405702851425836e+01
1.313156578289144605e+01
1.314907453726863373e+01
1.314907453726863373e+01
1.316658329164582142e+01
1.318409204602301266e+01
1.318409204602301266e+01
1.318409204602301266e+01
1.320160080040020034e+01
1.321910955477738803e+01
1.323661830915457926e+01
1.325412706353176695e+01
1.327163581790895464e+01
1.327163581790895464e+01
1.327163581790895464e+01
1.328914457228614232e+01
1.328914457228614232e+01
1.328914457228614232e+01
1.328914457228614232e+01
1.328914457228614232e+01
1.328914457228614232e+01
1.330665332666333178e+01
1.330665332666333178e+01
1.332416208104052124e+01
1.332416208104052124e+01
1.334167083541771071e+01
1.334167083541771071e+01
1.334167083541771071e+01
1.334167083541771071e+01
1.334167083541771071e+01
1.334167083541771071e+01
1.334167083541771071e+01
1.334167083541771071e+01
1.334167083541771071e+01
1.334167083541771071e+01
1.334167083541771071e+01
1.334167083541771071e+01
1.334167083541771071e+01
1.332416208104052124e+01
1.332416208104052124e+01
1.332416208104052124e+01
1.330665332666333178e+01
1.330665332666333178e+01
1.330665332666333178e+01
1.330665332666333178e+01
1.328914457228614232e+01
1.328914457228614232e+01
1.327163581790895464e+01
1.325412706353176695e+01
1.325412706353176695e+01
1.323661830915457926e+01
1.321910955477738803e+01
1.321910955477738803e+01
1.320160080040020034e+01
1.320160080040020034e+01
1.320160080040020034e+01
1.318409204602301266e+01
1.316658329164582142e+01
1.316658329164582142e+01
1.314907453726863373e+01
1.314907453726863373e+01
1.314907453726863373e+01
1.313156578289144605e+01
1.313156578289144605e+01
1.311405702851425836e+01
1.311405702851425836e+01
1.309654827413706890e+01
1.309654827413706890e+01
1.307903951975988122e+01
1.307903951975988122e+01
1.307903951975988122e+01
1.307903951975988122e+01
1.307903951975988122e+01
1.307903951975988122e+01
1.307903951975988122e+01
1.307903951975988122e+01
1.307903951975988122e+01
1.307903951975988122e+01
1.307903951975988122e+01
1.307903951975988122e+01
1.307903951975988122e+01
1.307903951975988122e+01
1.307903951975988122e+01
1.309654827413706890e+01
1.309654827413706890e+01
1.311405702851425836e+01
1.311405702851425836e+01
1.311405702851425836e+01
1.313156578289144605e+01
1.313156578289144605e+01
1.314907453726863373e+01
1.316658329164582142e+01
1.316658329164582142e+01
1.318409204602301266e+01
1.318409204602301266e+01
1.320160080040020034e+01
1.320160080040020034e+01
1.321910955477738803e+01
1.321910955477738803e+01
1.323661830915457926e+01
1.325412706353176695e+01
1.327163581790895464e+01
1.328914457228614232e+01
1.328914457228614232e+01
1.330665332666333178e+01
1.332416208104052124e+01
1.334167083541771071e+01
1.335917958979489839e+01
1.337668834417208608e+01
1.339419709854927376e+01
1.341170585292646145e+01
1.342921460730365268e+01
1.344672336168084037e+01
1.346423211605802983e+01
1.348174087043521929e+01
1.351675837918959466e+01
1.353426713356678235e+01
1.355177588794397181e+01
1.356928464232115950e+01
1.358679339669835073e+01
1.362181090545272610e+01
1.363931965982991379e+01
1.365682841420710503e+01
1.367433716858429271e+01
1.369184592296148217e+01
1.370935467733866986e+01
1.372686343171585932e+01
1.376188094047023469e+01
1.377938969484742415e+01
1.379689844922461184e+01
1.381440720360180308e+01
1.383191595797899076e+01
1.384942471235617845e+01
1.386693346673336613e+01
1.386693346673336613e+01
1.388444222111055382e+01
1.390195097548774505e+01
1.391945972986493274e+01
1.391945972986493274e+01
1.393696848424212220e+01
1.395447723861930989e+01
1.397198599299649757e+01
1.397198599299649757e+01
1.397198599299649757e+01
1.397198599299649757e+01
1.398949474737368703e+01
1.398949474737368703e+01
1.400700350175087650e+01
1.400700350175087650e+01
1.400700350175087650e+01
1.404202101050525187e+01
1.404202101050525187e+01
1.404202101050525187e+01
1.402451225612806418e+01
1.402451225612806418e+01
1.402451225612806418e+01
1.402451225612806418e+01
1.402451225612806418e+01
1.404202101050525187e+01
1.405952976488244310e+01
1.404202101050525187e+01
1.405952976488244310e+01
1.405952976488244310e+01
1.404202101050525187e+01
1.402451225612806418e+01
1.400700350175087650e+01
1.400700350175087650e+01
1.398949474737368703e+01
1.398949474737368703e+01
1.395447723861930989e+01
1.395447723861930989e+01
1.398949474737368703e+01
1.400700350175087650e+01
1.404202101050525187e+01
1.409454727363681847e+01
1.398949474737368703e+01
1.395447723861930989e+01
1.391945972986493274e+01
1.390195097548774505e+01
1.388444222111055382e+01
1.388444222111055382e+01
1.390195097548774505e+01
1.390195097548774505e+01
1.390195097548774505e+01
1.386693346673336613e+01
1.388444222111055382e+01
1.390195097548774505e+01
1.388444222111055382e+01
1.384942471235617845e+01
1.384942471235617845e+01
1.383191595797899076e+01
1.381440720360180308e+01
1.381440720360180308e+01
1.381440720360180308e+01
1.381440720360180308e+01
1.383191595797899076e+01
1.384942471235617845e+01
1.386693346673336613e+01
1.386693346673336613e+01
1.384942471235617845e+01
1.383191595797899076e+01
1.383191595797899076e+01
1.381440720360180308e+01
1.381440720360180308e+01
1.381440720360180308e+01
1.383191595797899076e+01
1.384942471235617845e+01
1.388444222111055382e+01
1.391945972986493274e+01
1.400700350175087650e+01
1.393696848424212220e+01
1.390195097548774505e+01
1.388444222111055382e+01
1.386693346673336613e+01
1.386693346673336613e+01
1.388444222111055382e+01
1.390195097548774505e+01
1.393696848424212220e+01
1.398949474737368703e+01
1.407703851925962901e+01
1.414707353676838508e+01
1.412956478239119740e+01
1.409454727363681847e+01
1.405952976488244310e+01
1.404202101050525187e+01
1.404202101050525187e+01
1.404202101050525187e+01
1.407703851925962901e+01
1.412956478239119740e+01
1.421710855427713760e+01
1.428714357178589545e+01
1.433966983491745850e+01
1.437468734367183565e+01
1.439219609804902511e+01
1.439219609804902511e+01
1.435717858929464796e+01
1.423461730865432706e+01
1.430465232616308313e+01
1.437468734367183565e+01
1.442721360680340048e+01
1.447973986993496887e+01
1.451475737868934601e+01
1.454977488744371961e+01
1.458479239619809853e+01
1.460230115057528799e+01
1.461980990495247568e+01
1.463731865932966691e+01
1.463731865932966691e+01
1.465482741370685460e+01
1.467233616808404228e+01
1.470735367683842121e+01
1.474237118559279658e+01
1.477738869434717195e+01
1.479489744872436319e+01
1.481240620310155087e+01
1.481240620310155087e+01
1.481240620310155087e+01
1.482991495747874033e+01
1.484742371185592802e+01
1.488244122061030694e+01
1.489994997498749285e+01
1.491745872936468231e+01
1.493496748374187000e+01
1.495247623811906124e+01
1.496998499249624892e+01
1.496998499249624892e+01
1.496998499249624892e+01
1.496998499249624892e+01
1.496998499249624892e+01
1.496998499249624892e+01
1.496998499249624892e+01
1.496998499249624892e+01
1.498749374687343838e+01
1.500500250125062429e+01
1.502251125562781375e+01
1.502251125562781375e+01
1.502251125562781375e+01
1.502251125562781375e+01
1.500500250125062429e+01
1.500500250125062429e+01
1.500500250125062429e+01
1.500500250125062429e+01
1.500500250125062429e+01
1.500500250125062429e+01
1.500500250125062429e+01
1.498749374687343838e+01
1.498749374687343838e+01
1.496998499249624892e+01
1.496998499249624892e+01
1.496998499249624892e+01
1.495247623811906124e+01
1.495247623811906124e+01
1.495247623811906124e+01
1.495247623811906124e+01
1.495247623811906124e+01
1.493496748374187000e+01
1.493496748374187000e+01
1.491745872936468231e+01
1.489994997498749285e+01
1.489994997498749285e+01
1.489994997498749285e+01
1.488244122061030694e+01
1.488244122061030694e+01
1.488244122061030694e+01
1.486493246623311926e+01
1.486493246623311926e+01
1.486493246623311926e+01
1.484742371185592802e+01
1.484742371185592802e+01
1.482991495747874033e+01
1.482991495747874033e+01
1.482991495747874033e+01
1.481240620310155087e+01
1.481240620310155087e+01
1.481240620310155087e+01
1.479489744872436319e+01
1.479489744872436319e+01
1.479489744872436319e+01
1.477738869434717195e+01
1.477738869434717195e+01
1.477738869434717195e+01
1.477738869434717195e+01
1.477738869434717195e+01
1.477738869434717195e+01
1.477738869434717195e+01
1.477738869434717195e+01
1.475987993996998604e+01
1.475987993996998604e+01
1.475987993996998604e+01
1.475987993996998604e+01
1.477738869434717195e+01
1.477738869434717195e+01
1.479489744872436319e+01
1.479489744872436319e+01
1.479489744872436319e+01
1.479489744872436319e+01
1.479489744872436319e+01
1.479489744872436319e+01
1.481240620310155087e+01
1.481240620310155087e+01
1.482991495747874033e+01
1.484742371185592802e+01
1.484742371185592802e+01
1.486493246623311926e+01
1.486493246623311926e+01
1.486493246623311926e+01
1.488244122061030694e+01
1.488244122061030694e+01
1.489994997498749285e+01
1.491745872936468231e+01
1.493496748374187000e+01
1.495247623811906124e+01
1.496998499249624892e+01
1.498749374687343838e+01
1.498749374687343838e+01
1.500500250125062429e+01
1.502251125562781375e+01
1.504002001000500321e+01
1.505752876438219090e+01
1.507503751875938036e+01
1.509254627313656805e+01
1.511005502751375928e+01
1.514507253626813466e+01
1.516258129064532234e+01
1.518009004502251180e+01
1.519759879939970126e+01
1.519759879939970126e+01
1.521510755377689073e+01
1.523261630815407841e+01
1.525012506253126432e+01
1.526763381690845378e+01
1.528514257128564324e+01
1.530265132566283270e+01
1.533766883441720985e+01
1.535517758879439576e+01
1.537268634317158700e+01
1.537268634317158700e+01
1.539019509754877468e+01
1.540770385192596237e+01
1.542521260630315183e+01
1.542521260630315183e+01
1.544272136068034129e+01
1.546023011505753075e+01
1.546023011505753075e+01
1.547773886943471666e+01
1.547773886943471666e+01
1.549524762381190612e+01
1.549524762381190612e+01
1.551275637818909381e+01
1.551275637818909381e+01
1.551275637818909381e+01
1.551275637818909381e+01
1.551275637818909381e+01
1.553026513256628505e+01
1.553026513256628505e+01
1.553026513256628505e+01
1.553026513256628505e+01
1.551275637818909381e+01
1.551275637818909381e+01
1.553026513256628505e+01
1.553026513256628505e+01
1.553026513256628505e+01
1.553026513256628505e+01
1.553026513256628505e+01
1.553026513256628505e+01
1.553026513256628505e+01
1.551275637818909381e+01
1.549524762381190612e+01
1.547773886943471666e+01
1.547773886943471666e+01
1.547773886943471666e+01
1.546023011505753075e+01
1.546023011505753075e+01
1.546023011505753075e+01
1.546023011505753075e+01
1.546023011505753075e+01
1.544272136068034129e+01
1.542521260630315183e+01
1.540770385192596237e+01
1.540770385192596237e+01
1.540770385192596237e+01
1.539019509754877468e+01
1.539019509754877468e+01
1.539019509754877468e+01
1.539019509754877468e+01
1.539019509754877468e+01
1.537268634317158700e+01
1.535517758879439576e+01
1.533766883441720985e+01
1.532016008004002039e+01
1.532016008004002039e+01
1.532016008004002039e+01
1.530265132566283270e+01
1.530265132566283270e+01
1.530265132566283270e+01
1.530265132566283270e+01
1.530265132566283270e+01
1.528514257128564324e+01
1.526763381690845378e+01
1.526763381690845378e+01
1.525012506253126432e+01
1.525012506253126432e+01
1.525012506253126432e+01
1.523261630815407841e+01
1.523261630815407841e+01
1.523261630815407841e+01
1.523261630815407841e+01
1.521510755377689073e+01
1.521510755377689073e+01
1.521510755377689073e+01
1.521510755377689073e+01
1.521510755377689073e+01
1.521510755377689073e+01
1.521510755377689073e+01
1.521510755377689073e+01
1.521510755377689073e+01
1.521510755377689073e+01
1.521510755377689073e+01
1.521510755377689073e+01
1.523261630815407841e+01
1.523261630815407841e+01
1.523261630815407841e+01
1.525012506253126432e+01
1.525012506253126432e+01
1.526763381690845378e+01
1.526763381690845378e+01
1.528514257128564324e+01
1.528514257128564324e+01
1.532016008004002039e+01
1.533766883441720985e+01
1.533766883441720985e+01
1.535517758879439576e+01
1.535517758879439576e+01
1.537268634317158700e+01
1.539019509754877468e+01
1.540770385192596237e+01
1.542521260630315183e+01
1.544272136068034129e+01
1.547773886943471666e+01
1.549524762381190612e+01
1.551275637818909381e+01
1.551275637818909381e+01
1.553026513256628505e+01
1.553026513256628505e+01
1.554777388694347273e+01
1.556528264132066042e+01
1.560030015007503579e+01
1.560030015007503579e+01
1.568784392196098310e+01
1.568784392196098310e+01
1.568784392196098310e+01
1.568784392196098310e+01
1.568784392196098310e+01
1.570535267633816900e+01
1.572286143071535847e+01
1.575787893946973384e+01
1.582791395697848813e+01
1.591545772886443189e+01
1.595047523761880903e+01
1.589794897448724420e+01
1.586293146573286705e+01
1.582791395697848813e+01
1.581040520260130222e+01
1.581040520260130222e+01
1.582791395697848813e+01
1.586293146573286705e+01
1.591545772886443189e+01
1.598549274637318618e+01
1.603801900950475456e+01
1.600300150075037564e+01
1.595047523761880903e+01
1.589794897448724420e+01
1.586293146573286705e+01
1.584542271135567937e+01
1.584542271135567937e+01
1.586293146573286705e+01
1.589794897448724420e+01
1.596798399199599849e+01
1.603801900950475456e+01
1.602051025512756510e+01
1.593296648324161957e+01
1.589794897448724420e+01
1.586293146573286705e+01
1.584542271135567937e+01
1.584542271135567937e+01
1.586293146573286705e+01
1.589794897448724420e+01
1.593296648324161957e+01
1.598549274637318618e+01
1.593296648324161957e+01
1.586293146573286705e+01
1.584542271135567937e+01
1.581040520260130222e+01
1.581040520260130222e+01
1.581040520260130222e+01
1.582791395697848813e+01
1.584542271135567937e+01
1.588044022011005652e+01
1.593296648324161957e+01
1.593296648324161957e+01
1.584542271135567937e+01
1.577538769384692507e+01
1.574037018509254615e+01
1.570535267633816900e+01
1.570535267633816900e+01
1.572286143071535847e+01
1.574037018509254615e+01
1.579289644822411276e+01
1.584542271135567937e+01
1.582791395697848813e+01
1.574037018509254615e+01
1.567033516758379186e+01
1.563531765882941471e+01
1.561780890445222703e+01
1.560030015007503579e+01
1.560030015007503579e+01
1.561780890445222703e+01
1.565282641320660417e+01
1.570535267633816900e+01
1.574037018509254615e+01
1.565282641320660417e+01
1.560030015007503579e+01
1.556528264132066042e+01
1.554777388694347273e+01
1.554777388694347273e+01
1.554777388694347273e+01
1.556528264132066042e+01
1.558279139569784810e+01
1.558279139569784810e+01
1.558279139569784810e+01
1.554777388694347273e+01
1.553026513256628505e+01
1.553026513256628505e+01
1.553026513256628505e+01
1.553026513256628505e+01
1.554777388694347273e+01
1.556528264132066042e+01
1.560030015007503579e+01
1.570535267633816900e+01
1.560030015007503579e+01
1.556528264132066042e+01
1.554777388694347273e+01
1.554777388694347273e+01
1.554777388694347273e+01
1.556528264132066042e+01
1.558279139569784810e+01
1.563531765882941471e+01
1.568784392196098310e+01
1.577538769384692507e+01
1.572286143071535847e+01
1.567033516758379186e+01
1.565282641320660417e+01
1.563531765882941471e+01
1.563531765882941471e+01
1.565282641320660417e+01
1.567033516758379186e+01
1.570535267633816900e+01
1.577538769384692507e+01
1.588044022011005652e+01
1.582791395697848813e+01
1.579289644822411276e+01
1.575787893946973384e+01
1.574037018509254615e+01
1.574037018509254615e+01
1.575787893946973384e+01
1.577538769384692507e+01
1.581040520260130222e+01
1.586293146573286705e+01
1.595047523761880903e+01
1.588044022011005652e+01
1.586293146573286705e+01
1.582791395697848813e+01
1.582791395697848813e+01
1.582791395697848813e+01
1.586293146573286705e+01
1.589794897448724420e+01
1.596798399199599849e+01
1.605552776388194047e+01
1.609054527263631940e+01
1.607303651825912993e+01
1.602051025512756510e+01
1.598549274637318618e+01
1.595047523761880903e+01
1.593296648324161957e+01
1.595047523761880903e+01
1.600300150075037564e+01
1.605552776388194047e+01
1.612556278139069832e+01
1.616058029014507369e+01
1.614307153576788423e+01
1.612556278139069832e+01
1.607303651825912993e+01
1.603801900950475456e+01
1.600300150075037564e+01
1.598549274637318618e+01
1.602051025512756510e+01
1.609054527263631940e+01
1.614307153576788423e+01
1.617808904452225960e+01
1.617808904452225960e+01
1.614307153576788423e+01
1.610805402701350530e+01
1.605552776388194047e+01
1.600300150075037564e+01
1.596798399199599849e+01
1.598549274637318618e+01
1.605552776388194047e+01
1.612556278139069832e+01
1.614307153576788423e+01
1.612556278139069832e+01
1.609054527263631940e+01
1.602051025512756510e+01
1.596798399199599849e+01
1.591545772886443189e+01
1.591545772886443189e+01
1.595047523761880903e+01
1.600300150075037564e+01
1.603801900950475456e+01
1.607303651825912993e+01
1.605552776388194047e+01
1.600300150075037564e+01
1.593296648324161957e+01
1.588044022011005652e+01
1.584542271135567937e+01
1.582791395697848813e+01
1.584542271135567937e+01
1.589794897448724420e+01
1.595047523761880903e+01
1.598549274637318618e+01
1.600300150075037564e+01
1.596798399199599849e+01
1.589794897448724420e+01
1.584542271135567937e+01
1.579289644822411276e+01
1.577538769384692507e+01
1.579289644822411276e+01
1.582791395697848813e+01
1.588044022011005652e+01
1.593296648324161957e+01
1.595047523761880903e+01
1.593296648324161957e+01
1.586293146573286705e+01
1.581040520260130222e+01
1.577538769384692507e+01
1.575787893946973384e+01
1.579289644822411276e+01
1.584542271135567937e+01
1.591545772886443189e+01
1.595047523761880903e+01
1.595047523761880903e+01
1.591545772886443189e+01
1.586293146573286705e+01
1.581040520260130222e+01
1.579289644822411276e+01
1.581040520260130222e+01
1.586293146573286705e+01
1.591545772886443189e+01
1.596798399199599849e+01
1.600300150075037564e+01
1.600300150075037564e+01
1.596798399199599849e+01
1.591545772886443189e+01
1.586293146573286705e+01
1.582791395697848813e+01
1.584542271135567937e+01
1.589794897448724420e+01
1.596798399199599849e+01
1.602051025512756510e+01
1.603801900950475456e+01
1.605552776388194047e+01
1.602051025512756510e+01
1.598549274637318618e+01
1.593296648324161957e+01
1.589794897448724420e+01
1.589794897448724420e+01
1.595047523761880903e+01
1.602051025512756510e+01
1.607303651825912993e+01
1.610805402701350530e+01
1.610805402701350530e+01
1.610805402701350530e+01
1.605552776388194047e+01
1.600300150075037564e+01
1.596798399199599849e+01
1.598549274637318618e+01
1.603801900950475456e+01
1.610805402701350530e+01
1.616058029014507369e+01
1.617808904452225960e+01
1.619559779889944906e+01
1.614307153576788423e+01
1.607303651825912993e+01
1.602051025512756510e+01
1.602051025512756510e+01
1.607303651825912993e+01
1.614307153576788423e+01
1.619559779889944906e+01
1.623061530765382798e+01
1.621310655327663852e+01
1.619559779889944906e+01
1.612556278139069832e+01
1.607303651825912993e+01
1.610805402701350530e+01
1.616058029014507369e+01
1.621310655327663852e+01
1.624812406203101744e+01
1.628314157078539282e+01
1.630065032516257872e+01
1.630065032516257872e+01
1.624812406203101744e+01
1.617808904452225960e+01
1.612556278139069832e+01
1.614307153576788423e+01
1.619559779889944906e+01
1.623061530765382798e+01
1.626563281640820335e+01
1.630065032516257872e+01
1.630065032516257872e+01
1.628314157078539282e+01
1.624812406203101744e+01
1.619559779889944906e+01
1.612556278139069832e+01
1.609054527263631940e+01
1.603801900950475456e+01
1.607303651825912993e+01
1.612556278139069832e+01
1.617808904452225960e+01
1.617808904452225960e+01
1.614307153576788423e+01
1.609054527263631940e+01
1.602051025512756510e+01
1.598549274637318618e+01
1.598549274637318618e+01
1.603801900950475456e+01
1.607303651825912993e+01
1.612556278139069832e+01
1.612556278139069832e+01
1.612556278139069832e+01
1.609054527263631940e+01
1.603801900950475456e+01
1.596798399199599849e+01
1.595047523761880903e+01
1.596798399199599849e+01
1.602051025512756510e+01
1.607303651825912993e+01
1.610805402701350530e+01
1.612556278139069832e+01
1.610805402701350530e+01
1.607303651825912993e+01
1.602051025512756510e+01
1.596798399199599849e+01
1.596798399199599849e+01
1.600300150075037564e+01
1.607303651825912993e+01
1.612556278139069832e+01
1.616058029014507369e+01
1.616058029014507369e+01
1.614307153576788423e+01
1.610805402701350530e+01
1.607303651825912993e+01
1.602051025512756510e+01
1.602051025512756510e+01
1.609054527263631940e+01
1.616058029014507369e+01
1.619559779889944906e+01
1.621310655327663852e+01
1.621310655327663852e+01
1.621310655327663852e+01
1.617808904452225960e+01
1.612556278139069832e+01
1.609054527263631940e+01
1.612556278139069832e+01
1.619559779889944906e+01
1.624812406203101744e+01
1.626563281640820335e+01
1.628314157078539282e+01
1.628314157078539282e+01
1.626563281640820335e+01
1.623061530765382798e+01
1.619559779889944906e+01
1.619559779889944906e+01
1.624812406203101744e+01
1.630065032516257872e+01
1.633566783391695765e+01
1.635317658829414711e+01
1.635317658829414711e+01
1.635317658829414711e+01
1.631815907953977174e+01
1.628314157078539282e+01
1.624812406203101744e+01
1.630065032516257872e+01
1.635317658829414711e+01
1.638819409704852603e+01
1.640570285142571194e+01
1.640570285142571194e+01
1.640570285142571194e+01
1.638819409704852603e+01
1.637068534267133657e+01
1.637068534267133657e+01
1.635317658829414711e+01
1.631815907953977174e+01
1.633566783391695765e+01
1.640570285142571194e+01
1.644072036018009086e+01
1.647573786893446979e+01
1.649324662331165570e+01
1.651075537768884516e+01
1.651075537768884516e+01
1.652826413206603107e+01
1.652826413206603107e+01
1.652826413206603107e+01
1.654577288644322408e+01
1.656328164082040999e+01
1.654577288644322408e+01
1.656328164082040999e+01
1.656328164082040999e+01
1.656328164082040999e+01
1.658079039519759945e+01
1.658079039519759945e+01
1.658079039519759945e+01
1.659829914957478891e+01
1.661580790395197482e+01
1.659829914957478891e+01
1.656328164082040999e+01
1.654577288644322408e+01
1.652826413206603107e+01
1.652826413206603107e+01
1.654577288644322408e+01
1.651075537768884516e+01
1.651075537768884516e+01
1.651075537768884516e+01
1.649324662331165570e+01
1.651075537768884516e+01
1.651075537768884516e+01
1.651075537768884516e+01
1.651075537768884516e+01
1.651075537768884516e+01
1.649324662331165570e+01
1.649324662331165570e+01
1.647573786893446979e+01
1.647573786893446979e+01
1.645822911455727677e+01
1.645822911455727677e+01
1.647573786893446979e+01
1.645822911455727677e+01
1.645822911455727677e+01
1.645822911455727677e+01
1.644072036018009086e+01
1.644072036018009086e+01
1.644072036018009086e+01
1.644072036018009086e+01
1.644072036018009086e+01
1.644072036018009086e+01
1.642321160580290140e+01
1.642321160580290140e+01
1.642321160580290140e+01
1.642321160580290140e+01
1.642321160580290140e+01
1.640570285142571194e+01
1.640570285142571194e+01
1.640570285142571194e+01
1.640570285142571194e+01
1.640570285142571194e+01
1.640570285142571194e+01
1.640570285142571194e+01
1.640570285142571194e+01
1.640570285142571194e+01
1.640570285142571194e+01
1.640570285142571194e+01
1.640570285142571194e+01
1.640570285142571194e+01
1.640570285142571194e+01
1.640570285142571194e+01
1.640570285142571194e+01
1.642321160580290140e+01
1.642321160580290140e+01
1.642321160580290140e+01
1.642321160580290140e+01
1.640570285142571194e+01
1.640570285142571194e+01
1.640570285142571194e+01
1.642321160580290140e+01
1.642321160580290140e+01
1.644072036018009086e+01
1.644072036018009086e+01
1.644072036018009086e+01
1.644072036018009086e+01
1.644072036018009086e+01
1.644072036018009086e+01
1.644072036018009086e+01
1.645822911455727677e+01
1.645822911455727677e+01
1.647573786893446979e+01
1.647573786893446979e+01
1.647573786893446979e+01
1.647573786893446979e+01
1.647573786893446979e+01
1.647573786893446979e+01
1.647573786893446979e+01
1.649324662331165570e+01
1.649324662331165570e+01
1.651075537768884516e+01
1.651075537768884516e+01
1.651075537768884516e+01
1.652826413206603107e+01
1.652826413206603107e+01
1.652826413206603107e+01
1.652826413206603107e+01
1.652826413206603107e+01
1.654577288644322408e+01
1.654577288644322408e+01
1.656328164082040999e+01
1.656328164082040999e+01
1.656328164082040999e+01
1.656328164082040999e+01
1.658079039519759945e+01
1.658079039519759945e+01
1.658079039519759945e+01
1.658079039519759945e+01
1.658079039519759945e+01
1.658079039519759945e+01
1.659829914957478891e+01
1.659829914957478891e+01
1.659829914957478891e+01
1.659829914957478891e+01
1.659829914957478891e+01
1.659829914957478891e+01
1.659829914957478891e+01
1.659829914957478891e+01
1.659829914957478891e+01
1.661580790395197482e+01
1.661580790395197482e+01
1.661580790395197482e+01
1.661580790395197482e+01
1.661580790395197482e+01
1.663331665832916428e+01
1.661580790395197482e+01
1.661580790395197482e+01
1.661580790395197482e+01
1.663331665832916428e+01
1.663331665832916428e+01
1.663331665832916428e+01
1.663331665832916428e+01
1.663331665832916428e+01
1.663331665832916428e+01
1.663331665832916428e+01
1.663331665832916428e+01
1.663331665832916428e+01
1.663331665832916428e+01
1.663331665832916428e+01
1.663331665832916428e+01
1.663331665832916428e+01
1.665082541270635375e+01
1.665082541270635375e+01
1.665082541270635375e+01
1.665082541270635375e+01
1.665082541270635375e+01
1.665082541270635375e+01
1.665082541270635375e+01
1.665082541270635375e+01
1.665082541270635375e+01
1.665082541270635375e+01
1.666833416708354321e+01
1.666833416708354321e+01
1.666833416708354321e+01
1.665082541270635375e+01
1.665082541270635375e+01
1.665082541270635375e+01
1.665082541270635375e+01
1.665082541270635375e+01
1.665082541270635375e+01
1.665082541270635375e+01
1.666833416708354321e+01
1.666833416708354321e+01
1.666833416708354321e+01
1.665082541270635375e+01
1.665082541270635375e+01
1.665082541270635375e+01
1.665082541270635375e+01
1.666833416708354321e+01
1.666833416708354321e+01
1.666833416708354321e+01
1.666833416708354321e+01
1.668584292146072912e+01
1.668584292146072912e+01
1.668584292146072912e+01
1.666833416708354321e+01
1.668584292146072912e+01
1.668584292146072912e+01
1.668584292146072912e+01
1.668584292146072912e+01
1.668584292146072912e+01
1.668584292146072912e+01
1.670335167583792213e+01
1.670335167583792213e+01
1.670335167583792213e+01
1.670335167583792213e+01
1.670335167583792213e+01
1.672086043021510804e+01
1.672086043021510804e+01
1.673836918459229750e+01
1.673836918459229750e+01
1.675587793896948341e+01
1.675587793896948341e+01
1.675587793896948341e+01
1.675587793896948341e+01
1.675587793896948341e+01
1.677338669334667287e+01
1.677338669334667287e+01
1.677338669334667287e+01
1.677338669334667287e+01
1.677338669334667287e+01
1.679089544772386233e+01
1.677338669334667287e+01
1.679089544772386233e+01
1.679089544772386233e+01
1.679089544772386233e+01
1.679089544772386233e+01
1.679089544772386233e+01
1.677338669334667287e+01
1.677338669334667287e+01
1.677338669334667287e+01
1.677338669334667287e+01
1.677338669334667287e+01
1.677338669334667287e+01
1.677338669334667287e+01
1.677338669334667287e+01
1.675587793896948341e+01
1.675587793896948341e+01
1.673836918459229750e+01
1.673836918459229750e+01
1.673836918459229750e+01
1.673836918459229750e+01
1.673836918459229750e+01
1.672086043021510804e+01
1.672086043021510804e+01
1.670335167583792213e+01
1.670335167583792213e+01
1.670335167583792213e+01
1.668584292146072912e+01
1.668584292146072912e+01
1.668584292146072912e+01
1.668584292146072912e+01
1.668584292146072912e+01
1.666833416708354321e+01
1.666833416708354321e+01
1.666833416708354321e+01
1.666833416708354321e+01
1.666833416708354321e+01
1.666833416708354321e+01
1.666833416708354321e+01
1.666833416708354321e+01
1.666833416708354321e+01
1.666833416708354321e+01
1.666833416708354321e+01
1.666833416708354321e+01
1.666833416708354321e+01
1.666833416708354321e+01
1.666833416708354321e+01
1.666833416708354321e+01
1.668584292146072912e+01
1.668584292146072912e+01
1.670335167583792213e+01
1.670335167583792213e+01
1.670335167583792213e+01
1.670335167583792213e+01
1.670335167583792213e+01
1.670335167583792213e+01
1.670335167583792213e+01
1.670335167583792213e+01
1.670335167583792213e+01
1.670335167583792213e+01
1.670335167583792213e+01
1.670335167583792213e+01
1.670335167583792213e+01
1.670335167583792213e+01
1.670335167583792213e+01
1.670335167583792213e+01
1.670335167583792213e+01
1.672086043021510804e+01
1.672086043021510804e+01
1.672086043021510804e+01
1.672086043021510804e+01
1.672086043021510804e+01
1.672086043021510804e+01
1.672086043021510804e+01
1.672086043021510804e+01
1.672086043021510804e+01
1.672086043021510804e+01
1.672086043021510804e+01
1.673836918459229750e+01
1.673836918459229750e+01
1.673836918459229750e+01
1.673836918459229750e+01
1.673836918459229750e+01
1.673836918459229750e+01
1.675587793896948341e+01
1.675587793896948341e+01
1.675587793896948341e+01
1.677338669334667287e+01
1.677338669334667287e+01
1.679089544772386233e+01
1.679089544772386233e+01
1.680840420210105179e+01
1.680840420210105179e+01
1.680840420210105179e+01
1.680840420210105179e+01
1.680840420210105179e+01
1.682591295647824126e+01
1.682591295647824126e+01
1.682591295647824126e+01
1.684342171085542716e+01
1.684342171085542716e+01
1.686093046523261663e+01
1.686093046523261663e+01
1.686093046523261663e+01
1.686093046523261663e+01
1.686093046523261663e+01
1.686093046523261663e+01
1.686093046523261663e+01
1.686093046523261663e+01
1.687843921960980609e+01
1.687843921960980609e+01
1.687843921960980609e+01
1.687843921960980609e+01
1.687843921960980609e+01
1.686093046523261663e+01
1.686093046523261663e+01
1.684342171085542716e+01
1.684342171085542716e+01
1.684342171085542716e+01
1.684342171085542716e+01
1.684342171085542716e+01
1.682591295647824126e+01
1.682591295647824126e+01
1.680840420210105179e+01
1.679089544772386233e+01
1.679089544772386233e+01
1.677338669334667287e+01
1.677338669334667287e+01
1.677338669334667287e+01
1.675587793896948341e+01
1.675587793896948341e+01
1.673836918459229750e+01
1.672086043021510804e+01
1.672086043021510804e+01
1.670335167583792213e+01
1.668584292146072912e+01
1.668584292146072912e+01
1.666833416708354321e+01
1.666833416708354321e+01
1.666833416708354321e+01
1.665082541270635375e+01
1.665082541270635375e+01
1.665082541270635375e+01
1.663331665832916428e+01
1.661580790395197482e+01
1.661580790395197482e+01
1.661580790395197482e+01
1.661580790395197482e+01
1.661580790395197482e+01
1.661580790395197482e+01
1.661580790395197482e+01
1.661580790395197482e+01
1.661580790395197482e+01
1.659829914957478891e+01
1.658079039519759945e+01
1.658079039519759945e+01
1.659829914957478891e+01
1.659829914957478891e+01
1.659829914957478891e+01
1.659829914957478891e+01
1.661580790395197482e+01
1.661580790395197482e+01
1.661580790395197482e+01
1.661580790395197482e+01
1.661580790395197482e+01
1.661580790395197482e+01
1.663331665832916428e+01
1.663331665832916428e+01
1.663331665832916428e+01
1.665082541270635375e+01
1.665082541270635375e+01
1.666833416708354321e+01
1.666833416708354321e+01
1.666833416708354321e+01
1.666833416708354321e+01
1.666833416708354321e+01
1.668584292146072912e+01
1.668584292146072912e+01
1.670335167583792213e+01
1.670335167583792213e+01
1.672086043021510804e+01
1.672086043021510804e+01
1.672086043021510804e+01
1.673836918459229750e+01
1.673836918459229750e+01
1.673836918459229750e+01
1.675587793896948341e+01
1.677338669334667287e+01
1.677338669334667287e+01
1.679089544772386233e+01
1.680840420210105179e+01
1.682591295647824126e+01
1.682591295647824126e+01
1.682591295647824126e+01
1.684342171085542716e+01
1.684342171085542716e+01
1.686093046523261663e+01
1.686093046523261663e+01
1.687843921960980609e+01
1.689594797398699555e+01
1.691345672836418146e+01
1.693096548274137092e+01
1.693096548274137092e+01
1.693096548274137092e+01
1.694847423711856038e+01
1.694847423711856038e+01
1.694847423711856038e+01
1.696598299149574984e+01
1.696598299149574984e+01
1.698349174587293575e+01
1.700100050025012521e+01
1.700100050025012521e+01
1.700100050025012521e+01
1.700100050025012521e+01
1.701850925462731468e+01
1.701850925462731468e+01
1.701850925462731468e+01
1.701850925462731468e+01
1.701850925462731468e+01
1.703601800900450414e+01
1.703601800900450414e+01
1.703601800900450414e+01
1.703601800900450414e+01
1.703601800900450414e+01
1.703601800900450414e+01
1.703601800900450414e+01
1.703601800900450414e+01
1.703601800900450414e+01
1.703601800900450414e+01
1.703601800900450414e+01
1.703601800900450414e+01
1.701850925462731468e+01
1.700100050025012521e+01
1.700100050025012521e+01
1.698349174587293575e+01
1.696598299149574984e+01
1.696598299149574984e+01
1.694847423711856038e+01
1.694847423711856038e+01
1.693096548274137092e+01
1.693096548274137092e+01
1.693096548274137092e+01
1.691345672836418146e+01
1.689594797398699555e+01
1.687843921960980609e+01
1.686093046523261663e+01
1.686093046523261663e+01
1.684342171085542716e+01
1.682591295647824126e+01
1.682591295647824126e+01
1.680840420210105179e+01
1.680840420210105179e+01
1.679089544772386233e+01
1.677338669334667287e+01
1.677338669334667287e+01
1.675587793896948341e+01
1.673836918459229750e+01
1.673836918459229750e+01
1.672086043021510804e+01
1.672086043021510804e+01
1.670335167583792213e+01
1.670335167583792213e+01
1.668584292146072912e+01
1.668584292146072912e+01
1.666833416708354321e+01
1.666833416708354321e+01
1.666833416708354321e+01
1.666833416708354321e+01
1.666833416708354321e+01
1.666833416708354321e+01
1.666833416708354321e+01
1.665082541270635375e+01
1.665082541270635375e+01
1.665082541270635375e+01
1.665082541270635375e+01
1.665082541270635375e+01
1.666833416708354321e+01
1.666833416708354321e+01
1.666833416708354321e+01
1.666833416708354321e+01
1.668584292146072912e+01
1.668584292146072912e+01
1.668584292146072912e+01
1.670335167583792213e+01
1.670335167583792213e+01
1.672086043021510804e+01
1.672086043021510804e+01
1.673836918459229750e+01
1.675587793896948341e+01
1.677338669334667287e+01
1.679089544772386233e+01
1.679089544772386233e+01
1.680840420210105179e+01
1.682591295647824126e+01
1.682591295647824126e+01
1.684342171085542716e+01
1.686093046523261663e+01
1.687843921960980609e+01
1.689594797398699555e+01
1.691345672836418146e+01
1.693096548274137092e+01
1.693096548274137092e+01
1.694847423711856038e+01
1.696598299149574984e+01
1.698349174587293575e+01
1.700100050025012521e+01
1.701850925462731468e+01
1.701850925462731468e+01
1.703601800900450414e+01
1.705352676338169360e+01
1.705352676338169360e+01
1.707103551775887951e+01
1.708854427213606897e+01
1.708854427213606897e+01
1.708854427213606897e+01
1.710605302651325488e+01
1.712356178089044434e+01
1.712356178089044434e+01
1.712356178089044434e+01
1.714107053526763380e+01
1.714107053526763380e+01
1.715857928964482326e+01
1.715857928964482326e+01
1.715857928964482326e+01
1.715857928964482326e+01
1.717608804402201272e+01
1.717608804402201272e+01
1.719359679839920219e+01
1.719359679839920219e+01
1.721110555277638809e+01
1.721110555277638809e+01
1.721110555277638809e+01
1.721110555277638809e+01
1.721110555277638809e+01
1.721110555277638809e+01
1.721110555277638809e+01
1.721110555277638809e+01
1.721110555277638809e+01
1.722861430715357756e+01
1.724612306153076702e+01
1.726363181590795293e+01
1.726363181590795293e+01
1.724612306153076702e+01
1.724612306153076702e+01
1.724612306153076702e+01
1.722861430715357756e+01
1.721110555277638809e+01
1.721110555277638809e+01
1.721110555277638809e+01
1.721110555277638809e+01
1.721110555277638809e+01
1.719359679839920219e+01
1.717608804402201272e+01
1.717608804402201272e+01
1.715857928964482326e+01
1.714107053526763380e+01
1.712356178089044434e+01
1.710605302651325488e+01
1.710605302651325488e+01
1.708854427213606897e+01
1.708854427213606897e+01
1.705352676338169360e+01
1.703601800900450414e+01
1.701850925462731468e+01
1.700100050025012521e+01
1.698349174587293575e+01
1.698349174587293575e+01
1.696598299149574984e+01
1.696598299149574984e+01
1.694847423711856038e+01
1.693096548274137092e+01
1.691345672836418146e+01
1.689594797398699555e+01
1.689594797398699555e+01
1.687843921960980609e+01
1.686093046523261663e+01
1.686093046523261663e+01
1.686093046523261663e+01
1.684342171085542716e+01
1.684342171085542716e+01
1.684342171085542716e+01
1.684342171085542716e+01
1.682591295647824126e+01
1.682591295647824126e+01
1.682591295647824126e+01
1.682591295647824126e+01
1.682591295647824126e+01
1.684342171085542716e+01
1.684342171085542716e+01
1.687843921960980609e+01
1.687843921960980609e+01
1.687843921960980609e+01
1.687843921960980609e+01
1.689594797398699555e+01
1.689594797398699555e+01
1.691345672836418146e+01
1.691345672836418146e+01
1.693096548274137092e+01
1.694847423711856038e+01
1.696598299149574984e+01
1.698349174587293575e+01
1.698349174587293575e+01
1.700100050025012521e+01
1.701850925462731468e+01
1.701850925462731468e+01
1.703601800900450414e+01
1.705352676338169360e+01
1.708854427213606897e+01
1.710605302651325488e+01
1.712356178089044434e+01
1.712356178089044434e+01
1.712356178089044434e+01
1.714107053526763380e+01
1.717608804402201272e+01
1.721110555277638809e+01
1.731615807903952131e+01
1.728114057028514239e+01
1.726363181590795293e+01
1.724612306153076702e+01
1.724612306153076702e+01
1.722861430715357756e+01
1.724612306153076702e+01
1.724612306153076702e+01
1.726363181590795293e+01
1.726363181590795293e+01
1.726363181590795293e+01
1.733366683341670722e+01
1.731615807903952131e+01
1.731615807903952131e+01
1.729864932466233185e+01
1.729864932466233185e+01
1.729864932466233185e+01
1.729864932466233185e+01
1.729864932466233185e+01
1.729864932466233185e+01
1.729864932466233185e+01
1.731615807903952131e+01
1.731615807903952131e+01
1.731615807903952131e+01
1.733366683341670722e+01
1.735117558779389668e+01
1.735117558779389668e+01
1.735117558779389668e+01
1.733366683341670722e+01
1.735117558779389668e+01
1.735117558779389668e+01
1.735117558779389668e+01
1.736868434217108614e+01
1.738619309654827561e+01
1.740370185092546507e+01
1.742121060530265098e+01
1.745622811405702990e+01
1.750875437718859473e+01
1.756128064032015956e+01
1.743871935967983688e+01
1.738619309654827561e+01
1.736868434217108614e+01
1.736868434217108614e+01
1.736868434217108614e+01
1.738619309654827561e+01
1.740370185092546507e+01
1.743871935967983688e+01
1.749124562281140527e+01
1.749124562281140527e+01
1.740370185092546507e+01
1.733366683341670722e+01
1.728114057028514239e+01
1.726363181590795293e+01
1.724612306153076702e+01
1.726363181590795293e+01
1.726363181590795293e+01
1.726363181590795293e+01
1.724612306153076702e+01
1.719359679839920219e+01
1.717608804402201272e+01
1.715857928964482326e+01
1.714107053526763380e+01
1.714107053526763380e+01
1.714107053526763380e+01
1.714107053526763380e+01
1.714107053526763380e+01
1.708854427213606897e+01
1.708854427213606897e+01
1.707103551775887951e+01
1.705352676338169360e+01
1.703601800900450414e+01
1.703601800900450414e+01
1.705352676338169360e+01
1.707103551775887951e+01
1.714107053526763380e+01
1.710605302651325488e+01
1.707103551775887951e+01
1.705352676338169360e+01
1.703601800900450414e+01
1.701850925462731468e+01
1.701850925462731468e+01
1.703601800900450414e+01
1.703601800900450414e+01
1.703601800900450414e+01
1.712356178089044434e+01
1.710605302651325488e+01
1.708854427213606897e+01
1.708854427213606897e+01
1.707103551775887951e+01
1.707103551775887951e+01
1.708854427213606897e+01
1.710605302651325488e+01
1.712356178089044434e+01
1.714107053526763380e+01
1.717608804402201272e+01
1.715857928964482326e+01
1.715857928964482326e+01
1.717608804402201272e+01
1.721110555277638809e+01
1.724612306153076702e+01
1.731615807903952131e+01
1.740370185092546507e+01
1.740370185092546507e+01
1.736868434217108614e+01
1.733366683341670722e+01
1.731615807903952131e+01
1.731615807903952131e+01
1.735117558779389668e+01
1.743871935967983688e+01
1.750875437718859473e+01
1.756128064032015956e+01
1.757878939469734902e+01
1.757878939469734902e+01
1.754377188594297365e+01
1.750875437718859473e+01
1.745622811405702990e+01
1.745622811405702990e+01
1.750875437718859473e+01
1.759629814907453493e+01
1.764882441220610332e+01
1.768384192096048224e+01
1.768384192096048224e+01
1.766633316658329278e+01
1.763131565782891386e+01
1.759629814907453493e+01
1.756128064032015956e+01
1.756128064032015956e+01
1.761380690345172795e+01
1.768384192096048224e+01
1.773636818409204707e+01
1.775387693846923653e+01
1.775387693846923653e+01
1.770135067533766815e+01
1.764882441220610332e+01
1.761380690345172795e+01
1.761380690345172795e+01
1.764882441220610332e+01
1.771885942971485761e+01
1.777138569284642600e+01
1.778889444722361191e+01
1.778889444722361191e+01
1.775387693846923653e+01
1.770135067533766815e+01
1.763131565782891386e+01
1.764882441220610332e+01
1.771885942971485761e+01
1.775387693846923653e+01
1.778889444722361191e+01
1.778889444722361191e+01
1.777138569284642600e+01
1.775387693846923653e+01
1.771885942971485761e+01
1.766633316658329278e+01
1.759629814907453493e+01
1.764882441220610332e+01
1.770135067533766815e+01
1.771885942971485761e+01
1.771885942971485761e+01
1.771885942971485761e+01
1.768384192096048224e+01
1.766633316658329278e+01
1.763131565782891386e+01
1.757878939469734902e+01
1.761380690345172795e+01
1.764882441220610332e+01
1.764882441220610332e+01
1.764882441220610332e+01
1.763131565782891386e+01
1.761380690345172795e+01
1.757878939469734902e+01
1.750875437718859473e+01
1.749124562281140527e+01
1.752626313156578419e+01
1.754377188594297365e+01
1.756128064032015956e+01
1.756128064032015956e+01
1.756128064032015956e+01
1.750875437718859473e+01
1.740370185092546507e+01
1.735117558779389668e+01
1.738619309654827561e+01
1.743871935967983688e+01
1.745622811405702990e+01
1.749124562281140527e+01
1.749124562281140527e+01
1.747373686843421581e+01
1.742121060530265098e+01
1.735117558779389668e+01
1.728114057028514239e+01
1.726363181590795293e+01
1.731615807903952131e+01
1.736868434217108614e+01
1.742121060530265098e+01
1.742121060530265098e+01
1.740370185092546507e+01
1.733366683341670722e+01
1.729864932466233185e+01
1.726363181590795293e+01
1.726363181590795293e+01
1.729864932466233185e+01
1.735117558779389668e+01
1.742121060530265098e+01
1.745622811405702990e+01
1.742121060530265098e+01
1.735117558779389668e+01
1.731615807903952131e+01
1.733366683341670722e+01
1.738619309654827561e+01
1.743871935967983688e+01
1.749124562281140527e+01
1.754377188594297365e+01
1.756128064032015956e+01
1.756128064032015956e+01
1.752626313156578419e+01
1.745622811405702990e+01
1.747373686843421581e+01
1.754377188594297365e+01
1.759629814907453493e+01
1.764882441220610332e+01
1.768384192096048224e+01
1.770135067533766815e+01
1.771885942971485761e+01
1.771885942971485761e+01
1.771885942971485761e+01
1.773636818409204707e+01
1.775387693846923653e+01
1.775387693846923653e+01
1.778889444722361191e+01
1.780640320160080137e+01
1.780640320160080137e+01
1.782391195597798728e+01
1.780640320160080137e+01
1.780640320160080137e+01
1.778889444722361191e+01
1.784142071035518029e+01
1.782391195597798728e+01
1.784142071035518029e+01
1.784142071035518029e+01
1.785892946473236620e+01
1.785892946473236620e+01
1.785892946473236620e+01
1.785892946473236620e+01
1.782391195597798728e+01
1.780640320160080137e+01
1.782391195597798728e+01
1.784142071035518029e+01
1.785892946473236620e+01
1.785892946473236620e+01
1.785892946473236620e+01
1.785892946473236620e+01
1.785892946473236620e+01
1.787643821910955566e+01
1.784142071035518029e+01
1.784142071035518029e+01
1.785892946473236620e+01
1.787643821910955566e+01
1.787643821910955566e+01
1.785892946473236620e+01
1.785892946473236620e+01
1.784142071035518029e+01
1.785892946473236620e+01
1.787643821910955566e+01
1.785892946473236620e+01
1.785892946473236620e+01
1.785892946473236620e+01
1.785892946473236620e+01
1.785892946473236620e+01
1.784142071035518029e+01
1.784142071035518029e+01
1.784142071035518029e+01
1.785892946473236620e+01
1.784142071035518029e+01
1.784142071035518029e+01
1.784142071035518029e+01
1.784142071035518029e+01
1.784142071035518029e+01
1.784142071035518029e+01
1.784142071035518029e+01
1.784142071035518029e+01
1.782391195597798728e+01
1.780640320160080137e+01
1.782391195597798728e+01
1.782391195597798728e+01
1.782391195597798728e+01
1.782391195597798728e+01
1.780640320160080137e+01
1.778889444722361191e+01
1.780640320160080137e+01
1.780640320160080137e+01
1.778889444722361191e+01
1.777138569284642600e+01
1.777138569284642600e+01
1.775387693846923653e+01
1.773636818409204707e+01
1.771885942971485761e+01
1.768384192096048224e+01
1.764882441220610332e+01
1.757878939469734902e+01
1.759629814907453493e+01
1.764882441220610332e+01
1.766633316658329278e+01
1.766633316658329278e+01
1.764882441220610332e+01
1.763131565782891386e+01
1.759629814907453493e+01
1.754377188594297365e+01
1.749124562281140527e+01
1.749124562281140527e+01
1.757878939469734902e+01
1.761380690345172795e+01
1.763131565782891386e+01
1.763131565782891386e+01
1.759629814907453493e+01
1.756128064032015956e+01
1.747373686843421581e+01
1.752626313156578419e+01
1.757878939469734902e+01
1.761380690345172795e+01
1.764882441220610332e+01
1.768384192096048224e+01
1.768384192096048224e+01
1.768384192096048224e+01
1.768384192096048224e+01
1.759629814907453493e+01
1.763131565782891386e+01
1.768384192096048224e+01
1.771885942971485761e+01
1.773636818409204707e+01
1.775387693846923653e+01
1.777138569284642600e+01
1.777138569284642600e+01
1.777138569284642600e+01
1.777138569284642600e+01
1.778889444722361191e+01
1.777138569284642600e+01
1.777138569284642600e+01
1.778889444722361191e+01
1.778889444722361191e+01
1.778889444722361191e+01
1.778889444722361191e+01
1.777138569284642600e+01
1.777138569284642600e+01
1.778889444722361191e+01
1.778889444722361191e+01
1.778889444722361191e+01
1.778889444722361191e+01
1.778889444722361191e+01
1.778889444722361191e+01
1.777138569284642600e+01
1.777138569284642600e+01
1.777138569284642600e+01
1.775387693846923653e+01
1.775387693846923653e+01
1.777138569284642600e+01
1.777138569284642600e+01
1.778889444722361191e+01
1.778889444722361191e+01
1.777138569284642600e+01
1.777138569284642600e+01
1.773636818409204707e+01
1.775387693846923653e+01
1.777138569284642600e+01
1.778889444722361191e+01
1.780640320160080137e+01
1.780640320160080137e+01
1.778889444722361191e+01
1.778889444722361191e+01
1.778889444722361191e+01
1.780640320160080137e+01
1.780640320160080137e+01
1.782391195597798728e+01
1.782391195597798728e+01
1.784142071035518029e+01
1.784142071035518029e+01
1.782391195597798728e+01
1.782391195597798728e+01
1.784142071035518029e+01
1.784142071035518029e+01
1.784142071035518029e+01
1.785892946473236620e+01
1.787643821910955566e+01
1.787643821910955566e+01
1.789394697348674512e+01
1.789394697348674512e+01
1.789394697348674512e+01
1.789394697348674512e+01
1.789394697348674512e+01
1.791145572786393103e+01
1.792896448224112049e+01
1.794647323661830995e+01
1.794647323661830995e+01
1.796398199099549942e+01
1.796398199099549942e+01
1.796398199099549942e+01
1.798149074537268532e+01
1.796398199099549942e+01
1.798149074537268532e+01
1.798149074537268532e+01
1.798149074537268532e+01
1.798149074537268532e+01
1.799899949974987834e+01
1.799899949974987834e+01
1.799899949974987834e+01
1.799899949974987834e+01
1.799899949974987834e+01
1.799899949974987834e+01
1.801650825412706070e+01
1.801650825412706070e+01
1.801650825412706070e+01
1.801650825412706070e+01
1.801650825412706070e+01
1.799899949974987834e+01
1.799899949974987834e+01
1.799899949974987834e+01
1.801650825412706070e+01
1.801650825412706070e+01
1.803401700850425371e+01
1.803401700850425371e+01
1.803401700850425371e+01
1.803401700850425371e+01
1.803401700850425371e+01
1.803401700850425371e+01
1.803401700850425371e+01
1.805152576288143962e+01
1.805152576288143962e+01
1.806903451725862908e+01
1.806903451725862908e+01
1.808654327163581854e+01
1.808654327163581854e+01
1.810405202601300800e+01
1.810405202601300800e+01
1.810405202601300800e+01
1.812156078039019746e+01
1.812156078039019746e+01
1.812156078039019746e+01
1.812156078039019746e+01
1.813906953476738337e+01
1.813906953476738337e+01
1.815657828914457284e+01
1.815657828914457284e+01
1.815657828914457284e+01
1.815657828914457284e+01
1.815657828914457284e+01
1.815657828914457284e+01
1.815657828914457284e+01
1.815657828914457284e+01
1.815657828914457284e+01
1.817408704352175874e+01
1.817408704352175874e+01
1.817408704352175874e+01
1.817408704352175874e+01
1.817408704352175874e+01
1.817408704352175874e+01
1.817408704352175874e+01
1.817408704352175874e+01
1.817408704352175874e+01
1.817408704352175874e+01
1.815657828914457284e+01
1.815657828914457284e+01
1.815657828914457284e+01
1.815657828914457284e+01
1.815657828914457284e+01
1.815657828914457284e+01
1.815657828914457284e+01
1.815657828914457284e+01
1.817408704352175874e+01
1.815657828914457284e+01
1.815657828914457284e+01
1.815657828914457284e+01
1.815657828914457284e+01
1.815657828914457284e+01
1.815657828914457284e+01
1.813906953476738337e+01
1.815657828914457284e+01
1.815657828914457284e+01
1.815657828914457284e+01
1.815657828914457284e+01
1.813906953476738337e+01
1.813906953476738337e+01
1.813906953476738337e+01
1.813906953476738337e+01
1.815657828914457284e+01
1.815657828914457284e+01
1.815657828914457284e+01
1.817408704352175874e+01
1.817408704352175874e+01
1.819159579789895176e+01
1.819159579789895176e+01
1.820910455227613767e+01
1.820910455227613767e+01
1.822661330665332713e+01
1.822661330665332713e+01
1.824412206103051659e+01
1.824412206103051659e+01
1.826163081540770605e+01
1.827913956978489196e+01
1.829664832416208142e+01
1.831415707853927088e+01
1.833166583291645679e+01
1.834917458729364981e+01
1.836668334167083572e+01
1.838419209604802518e+01
1.840170085042521109e+01
1.841920960480240410e+01
1.843671835917959001e+01
1.845422711355677947e+01
1.847173586793396893e+01
1.847173586793396893e+01
1.848924462231115484e+01
1.850675337668834430e+01
1.852426213106553377e+01
1.852426213106553377e+01
1.854177088544272323e+01
1.854177088544272323e+01
1.854177088544272323e+01
1.855927963981990914e+01
1.855927963981990914e+01
1.855927963981990914e+01
1.857678839419710215e+01
1.857678839419710215e+01
1.857678839419710215e+01
1.859429714857428806e+01
1.859429714857428806e+01
1.859429714857428806e+01
1.861180590295147397e+01
1.861180590295147397e+01
1.861180590295147397e+01
1.862931465732866343e+01
1.862931465732866343e+01
1.862931465732866343e+01
1.862931465732866343e+01
1.862931465732866343e+01
1.864682341170585289e+01
1.866433216608304235e+01
1.866433216608304235e+01
1.866433216608304235e+01
1.866433216608304235e+01
1.868184092046023181e+01
1.868184092046023181e+01
1.868184092046023181e+01
1.868184092046023181e+01
1.868184092046023181e+01
1.869934967483742128e+01
1.869934967483742128e+01
1.871685842921460718e+01
1.871685842921460718e+01
1.871685842921460718e+01
1.869934967483742128e+01
1.869934967483742128e+01
1.871685842921460718e+01
1.871685842921460718e+01
1.871685842921460718e+01
1.871685842921460718e+01
1.873436718359179665e+01
1.873436718359179665e+01
1.873436718359179665e+01
1.871685842921460718e+01
1.873436718359179665e+01
1.873436718359179665e+01
1.873436718359179665e+01
1.871685842921460718e+01
1.871685842921460718e+01
1.871685842921460718e+01
1.871685842921460718e+01
1.869934967483742128e+01
1.869934967483742128e+01
1.871685842921460718e+01
1.871685842921460718e+01
1.871685842921460718e+01
1.868184092046023181e+01
1.869934967483742128e+01
1.868184092046023181e+01
1.866433216608304235e+01
1.866433216608304235e+01
1.866433216608304235e+01
1.866433216608304235e+01
1.866433216608304235e+01
1.868184092046023181e+01
1.868184092046023181e+01
1.864682341170585289e+01
1.862931465732866343e+01
1.861180590295147397e+01
1.861180590295147397e+01
1.861180590295147397e+01
1.862931465732866343e+01
1.864682341170585289e+01
1.866433216608304235e+01
1.864682341170585289e+01
1.862931465732866343e+01
1.862931465732866343e+01
1.862931465732866343e+01
1.864682341170585289e+01
1.866433216608304235e+01
1.871685842921460718e+01
1.873436718359179665e+01
1.871685842921460718e+01
1.871685842921460718e+01
1.871685842921460718e+01
1.871685842921460718e+01
1.873436718359179665e+01
1.875187593796898611e+01
1.876938469234617557e+01
1.880440220110055094e+01
1.882191095547774040e+01
1.882191095547774040e+01
1.883941970985492631e+01
1.883941970985492631e+01
1.885692846423211577e+01
1.887443721860930523e+01
1.892696348174087362e+01
1.897948974487243490e+01
1.908454227113556811e+01
1.899699849924962436e+01
1.896198099049524544e+01
1.894447223611805953e+01
1.894447223611805953e+01
1.896198099049524544e+01
1.901450725362681382e+01
1.908454227113556811e+01
1.915457728864432241e+01
1.910205102551275758e+01
1.904952476238119274e+01
1.901450725362681382e+01
1.901450725362681382e+01
1.901450725362681382e+01
1.904952476238119274e+01
1.910205102551275758e+01
1.917208604302151187e+01
1.915457728864432241e+01
1.910205102551275758e+01
1.904952476238119274e+01
1.903201600800400328e+01
1.903201600800400328e+01
1.906703351675837865e+01
1.910205102551275758e+01
1.917208604302151187e+01
1.920710355177588724e+01
1.915457728864432241e+01
1.910205102551275758e+01
1.906703351675837865e+01
1.904952476238119274e+01
1.904952476238119274e+01
1.908454227113556811e+01
1.913706853426713295e+01
1.920710355177588724e+01
1.918959479739869778e+01
1.913706853426713295e+01
1.908454227113556811e+01
1.904952476238119274e+01
1.904952476238119274e+01
1.906703351675837865e+01
1.911955977988994348e+01
1.918959479739869778e+01
1.920710355177588724e+01
1.917208604302151187e+01
1.911955977988994348e+01
1.906703351675837865e+01
1.904952476238119274e+01
1.908454227113556811e+01
1.917208604302151187e+01
1.920710355177588724e+01
1.920710355177588724e+01
1.918959479739869778e+01
1.917208604302151187e+01
1.911955977988994348e+01
1.906703351675837865e+01
1.906703351675837865e+01
1.915457728864432241e+01
1.918959479739869778e+01
1.920710355177588724e+01
1.920710355177588724e+01
1.917208604302151187e+01
1.913706853426713295e+01
1.906703351675837865e+01
1.904952476238119274e+01
1.911955977988994348e+01
1.915457728864432241e+01
1.917208604302151187e+01
1.917208604302151187e+01
1.915457728864432241e+01
1.910205102551275758e+01
1.903201600800400328e+01
1.899699849924962436e+01
1.904952476238119274e+01
1.911955977988994348e+01
1.913706853426713295e+01
1.915457728864432241e+01
1.915457728864432241e+01
1.911955977988994348e+01
1.906703351675837865e+01
1.901450725362681382e+01
1.906703351675837865e+01
1.913706853426713295e+01
1.917208604302151187e+01
1.918959479739869778e+01
1.920710355177588724e+01
1.918959479739869778e+01
1.915457728864432241e+01
1.908454227113556811e+01
1.915457728864432241e+01
1.920710355177588724e+01
1.925962981490745562e+01
1.929464732366183100e+01
1.931215607803901690e+01
1.931215607803901690e+01
1.931215607803901690e+01
1.920710355177588724e+01
1.929464732366183100e+01
1.934717358679339583e+01
1.938219109554777475e+01
1.941720860430215012e+01
1.943471735867933958e+01
1.943471735867933958e+01
1.945222611305652904e+01
1.946973486743371495e+01
1.943471735867933958e+01
1.946973486743371495e+01
1.950475237618809388e+01
1.952226113056528334e+01
1.953976988494246925e+01
1.955727863931966226e+01
1.957478739369684817e+01
1.957478739369684817e+01
1.957478739369684817e+01
1.957478739369684817e+01
1.959229614807403763e+01
1.960980490245122709e+01
1.960980490245122709e+01
1.962731365682841300e+01
1.962731365682841300e+01
1.962731365682841300e+01
1.964482241120560246e+01
1.962731365682841300e+01
1.962731365682841300e+01
1.964482241120560246e+01
1.966233116558279193e+01
1.966233116558279193e+01
1.966233116558279193e+01
1.964482241120560246e+01
1.966233116558279193e+01
1.964482241120560246e+01
1.966233116558279193e+01
1.966233116558279193e+01
1.966233116558279193e+01
1.966233116558279193e+01
1.964482241120560246e+01
1.964482241120560246e+01
1.964482241120560246e+01
1.966233116558279193e+01
1.966233116558279193e+01
1.966233116558279193e+01
1.966233116558279193e+01
1.964482241120560246e+01
1.964482241120560246e+01
1.964482241120560246e+01
1.966233116558279193e+01
1.966233116558279193e+01
1.966233116558279193e+01
1.966233116558279193e+01
1.967983991995998139e+01
1.967983991995998139e+01
1.967983991995998139e+01
1.969734867433716730e+01
1.969734867433716730e+01
1.969734867433716730e+01
1.971485742871436031e+01
1.971485742871436031e+01
1.973236618309154622e+01
1.973236618309154622e+01
1.974987493746873568e+01
1.974987493746873568e+01
1.974987493746873568e+01
1.974987493746873568e+01
1.976738369184592159e+01
1.976738369184592159e+01
1.976738369184592159e+01
1.976738369184592159e+01
1.976738369184592159e+01
1.974987493746873568e+01
1.974987493746873568e+01
1.976738369184592159e+01
1.976738369184592159e+01
1.976738369184592159e+01
1.976738369184592159e+01
1.976738369184592159e+01
1.976738369184592159e+01
1.974987493746873568e+01
1.974987493746873568e+01
1.976738369184592159e+01
1.976738369184592159e+01
1.976738369184592159e+01
1.976738369184592159e+01
1.978489244622311105e+01
1.978489244622311105e+01
1.978489244622311105e+01
1.980240120060030051e+01
1.980240120060030051e+01
1.980240120060030051e+01
1.981990995497748997e+01
1.981990995497748997e+01
1.983741870935467944e+01
1.983741870935467944e+01
1.985492746373186534e+01
1.987243621810905481e+01
1.987243621810905481e+01
1.987243621810905481e+01
1.988994497248624427e+01
1.988994497248624427e+01
1.990745372686343373e+01
1.990745372686343373e+01
1.992496248124061964e+01
1.992496248124061964e+01
1.994247123561780910e+01
1.994247123561780910e+01
1.995997998999499501e+01
1.995997998999499501e+01
1.997748874437218802e+01
1.997748874437218802e+01
1.999499749874937393e+01
1.999499749874937393e+01
1.999499749874937393e+01
1.999499749874937393e+01
2.001250625312656339e+01
2.001250625312656339e+01
2.003001500750374930e+01
2.003001500750374930e+01
2.003001500750374930e+01
2.003001500750374930e+01
2.003001500750374930e+01
2.001250625312656339e+01
2.001250625312656339e+01
2.001250625312656339e+01
2.001250625312656339e+01
2.001250625312656339e+01
2.001250625312656339e+01
2.001250625312656339e+01
2.001250625312656339e+01
1.999499749874937393e+01
1.999499749874937393e+01
1.997748874437218802e+01
1.997748874437218802e+01
1.995997998999499501e+01
1.995997998999499501e+01
1.995997998999499501e+01
1.994247123561780910e+01
1.994247123561780910e+01
1.994247123561780910e+01
1.992496248124061964e+01
1.992496248124061964e+01
1.990745372686343373e+01
1.990745372686343373e+01
1.990745372686343373e+01
1.990745372686343373e+01
1.990745372686343373e+01
1.990745372686343373e+01
1.990745372686343373e+01
1.990745372686343373e+01
1.990745372686343373e+01
1.990745372686343373e+01
1.990745372686343373e+01
1.990745372686343373e+01
1.992496248124061964e+01
1.992496248124061964e+01
1.994247123561780910e+01
1.994247123561780910e+01
1.994247123561780910e+01
1.995997998999499501e+01
1.995997998999499501e+01
1.995997998999499501e+01
1.995997998999499501e+01
1.997748874437218802e+01
1.997748874437218802e+01
1.997748874437218802e+01
1.997748874437218802e+01
1.999499749874937393e+01
1.999499749874937393e+01
1.999499749874937393e+01
1.999499749874937393e+01
1.999499749874937393e+01
1.999499749874937393e+01
1.999499749874937393e+01
1.999499749874937393e+01
1.999499749874937393e+01
1.999499749874937393e+01
1.999499749874937393e+01
2.001250625312656339e+01
2.001250625312656339e+01
2.001250625312656339e+01
2.003001500750374930e+01
2.003001500750374930e+01
2.003001500750374930e+01
2.003001500750374930e+01
2.003001500750374930e+01
2.004752376188094232e+01
2.004752376188094232e+01
2.004752376188094232e+01
2.004752376188094232e+01
2.006503251625813178e+01
2.006503251625813178e+01
2.006503251625813178e+01
2.006503251625813178e+01
2.006503251625813178e+01
2.008254127063531769e+01
2.008254127063531769e+01
2.008254127063531769e+01
2.008254127063531769e+01
2.008254127063531769e+01
2.008254127063531769e+01
2.008254127063531769e+01
2.008254127063531769e+01
2.008254127063531769e+01
2.008254127063531769e+01
2.010005002501250715e+01
2.010005002501250715e+01
2.010005002501250715e+01
2.010005002501250715e+01
2.010005002501250715e+01
2.011755877938969661e+01
2.011755877938969661e+01
2.011755877938969661e+01
2.011755877938969661e+01
2.011755877938969661e+01
2.011755877938969661e+01
2.011755877938969661e+01
2.011755877938969661e+01
2.011755877938969661e+01
2.010005002501250715e+01
2.010005002501250715e+01
2.010005002501250715e+01
2.008254127063531769e+01
2.008254127063531769e+01
2.008254127063531769e+01
2.006503251625813178e+01
2.006503251625813178e+01
2.006503251625813178e+01
2.004752376188094232e+01
2.004752376188094232e+01
2.003001500750374930e+01
2.003001500750374930e+01
2.001250625312656339e+01
2.001250625312656339e+01
1.999499749874937393e+01
1.999499749874937393e+01
1.999499749874937393e+01
1.999499749874937393e+01
1.999499749874937393e+01
1.999499749874937393e+01
1.997748874437218802e+01
1.997748874437218802e+01
1.997748874437218802e+01
1.997748874437218802e+01
1.997748874437218802e+01
1.999499749874937393e+01
1.999499749874937393e+01
1.999499749874937393e+01
1.999499749874937393e+01
1.999499749874937393e+01
1.999499749874937393e+01
2.001250625312656339e+01
2.001250625312656339e+01
2.003001500750374930e+01
2.003001500750374930e+01
2.004752376188094232e+01
2.004752376188094232e+01
2.006503251625813178e+01
2.006503251625813178e+01
2.008254127063531769e+01
2.008254127063531769e+01
2.010005002501250715e+01
2.011755877938969661e+01
2.011755877938969661e+01
2.013506753376688607e+01
2.015257628814407198e+01
2.017008504252126144e+01
2.017008504252126144e+01
2.017008504252126144e+01
2.018759379689844735e+01
2.018759379689844735e+01
2.018759379689844735e+01
2.020510255127564037e+01
2.020510255127564037e+01
2.020510255127564037e+01
2.022261130565282627e+01
2.022261130565282627e+01
2.024012006003001574e+01
2.024012006003001574e+01
2.024012006003001574e+01
2.024012006003001574e+01
2.024012006003001574e+01
2.024012006003001574e+01
2.024012006003001574e+01
2.024012006003001574e+01
2.025762881440720165e+01
2.025762881440720165e+01
2.027513756878439466e+01
2.027513756878439466e+01
2.025762881440720165e+01
2.025762881440720165e+01
2.025762881440720165e+01
2.025762881440720165e+01
2.025762881440720165e+01
2.025762881440720165e+01
2.025762881440720165e+01
2.025762881440720165e+01
2.025762881440720165e+01
2.025762881440720165e+01
2.025762881440720165e+01
2.025762881440720165e+01
2.027513756878439466e+01
2.027513756878439466e+01
2.025762881440720165e+01
2.027513756878439466e+01
2.027513756878439466e+01
2.027513756878439466e+01
2.027513756878439466e+01
2.027513756878439466e+01
2.029264632316158412e+01
2.029264632316158412e+01
2.027513756878439466e+01
2.029264632316158412e+01
2.029264632316158412e+01
2.027513756878439466e+01
2.027513756878439466e+01
2.027513756878439466e+01
2.027513756878439466e+01
2.027513756878439466e+01
2.027513756878439466e+01
2.027513756878439466e+01
2.025762881440720165e+01
2.024012006003001574e+01
2.024012006003001574e+01
2.022261130565282627e+01
2.022261130565282627e+01
2.022261130565282627e+01
2.020510255127564037e+01
2.020510255127564037e+01
2.020510255127564037e+01
2.018759379689844735e+01
2.018759379689844735e+01
2.017008504252126144e+01
2.017008504252126144e+01
2.015257628814407198e+01
2.015257628814407198e+01
2.017008504252126144e+01
2.017008504252126144e+01
2.017008504252126144e+01
2.015257628814407198e+01
2.015257628814407198e+01
2.017008504252126144e+01
2.015257628814407198e+01
2.017008504252126144e+01
2.018759379689844735e+01
2.018759379689844735e+01
2.018759379689844735e+01
2.018759379689844735e+01
2.020510255127564037e+01
2.020510255127564037e+01
2.020510255127564037e+01
2.022261130565282627e+01
2.022261130565282627e+01
2.022261130565282627e+01
2.024012006003001574e+01
2.024012006003001574e+01
2.025762881440720165e+01
2.027513756878439466e+01
2.029264632316158412e+01
2.031015507753877003e+01
2.031015507753877003e+01
2.031015507753877003e+01
2.032766383191595949e+01
2.034517258629314540e+01
2.036268134067033841e+01
2.036268134067033841e+01
2.039769884942471023e+01
2.039769884942471023e+01
2.039769884942471023e+01
2.039769884942471023e+01
2.041520760380189969e+01
2.041520760380189969e+01
2.043271635817908916e+01
2.041520760380189969e+01
2.041520760380189969e+01
2.043271635817908916e+01
2.043271635817908916e+01
2.043271635817908916e+01
2.043271635817908916e+01
2.043271635817908916e+01
2.043271635817908916e+01
2.043271635817908916e+01
2.041520760380189969e+01
2.043271635817908916e+01
2.041520760380189969e+01
2.041520760380189969e+01
2.041520760380189969e+01
2.041520760380189969e+01
2.041520760380189969e+01
2.041520760380189969e+01
2.039769884942471023e+01
2.039769884942471023e+01
2.038019009504752432e+01
2.038019009504752432e+01
2.038019009504752432e+01
2.038019009504752432e+01
2.039769884942471023e+01
2.038019009504752432e+01
2.039769884942471023e+01
2.038019009504752432e+01
2.036268134067033841e+01
2.036268134067033841e+01
2.036268134067033841e+01
2.038019009504752432e+01
2.039769884942471023e+01
2.036268134067033841e+01
2.039769884942471023e+01
2.038019009504752432e+01
2.036268134067033841e+01
2.034517258629314540e+01
2.036268134067033841e+01
2.036268134067033841e+01
2.038019009504752432e+01
2.034517258629314540e+01
2.034517258629314540e+01
2.034517258629314540e+01
2.032766383191595949e+01
2.032766383191595949e+01
2.034517258629314540e+01
2.036268134067033841e+01
2.036268134067033841e+01
2.031015507753877003e+01
2.031015507753877003e+01
2.029264632316158412e+01
2.029264632316158412e+01
2.029264632316158412e+01
2.031015507753877003e+01
2.032766383191595949e+01
2.038019009504752432e+01
2.036268134067033841e+01
2.029264632316158412e+01
2.027513756878439466e+01
2.025762881440720165e+01
2.025762881440720165e+01
2.025762881440720165e+01
2.029264632316158412e+01
2.032766383191595949e+01
2.029264632316158412e+01
2.027513756878439466e+01
2.025762881440720165e+01
2.025762881440720165e+01
2.025762881440720165e+01
2.027513756878439466e+01
2.029264632316158412e+01
2.029264632316158412e+01
2.031015507753877003e+01
2.029264632316158412e+01
2.029264632316158412e+01
2.029264632316158412e+01
2.031015507753877003e+01
2.034517258629314540e+01
2.045022511255628217e+01
2.041520760380189969e+01
2.038019009504752432e+01
2.036268134067033841e+01
2.036268134067033841e+01
2.038019009504752432e+01
2.039769884942471023e+01
2.046773386693346808e+01
2.053776888444222237e+01
2.048524262131065754e+01
2.046773386693346808e+01
2.045022511255628217e+01
2.045022511255628217e+01
2.045022511255628217e+01
2.046773386693346808e+01
2.050275137568784345e+01
2.055527763881940828e+01
2.053776888444222237e+01
2.052026013006503291e+01
2.050275137568784345e+01
2.050275137568784345e+01
2.050275137568784345e+01
2.050275137568784345e+01
2.052026013006503291e+01
2.050275137568784345e+01
2.052026013006503291e+01
2.050275137568784345e+01
2.050275137568784345e+01
2.048524262131065754e+01
2.050275137568784345e+01
2.052026013006503291e+01
2.053776888444222237e+01
2.062531265632816613e+01
2.052026013006503291e+01
2.048524262131065754e+01
2.046773386693346808e+01
2.046773386693346808e+01
2.048524262131065754e+01
2.050275137568784345e+01
2.055527763881940828e+01
2.059029514757378720e+01
2.052026013006503291e+01
2.046773386693346808e+01
2.045022511255628217e+01
2.045022511255628217e+01
2.046773386693346808e+01
2.052026013006503291e+01
2.057278639319659774e+01
2.057278639319659774e+01
2.052026013006503291e+01
2.046773386693346808e+01
2.045022511255628217e+01
2.045022511255628217e+01
2.048524262131065754e+01
2.053776888444222237e+01
2.060780390195098022e+01
2.057278639319659774e+01
2.052026013006503291e+01
2.048524262131065754e+01
2.048524262131065754e+01
2.052026013006503291e+01
2.057278639319659774e+01
2.064282141070535204e+01
2.064282141070535204e+01
2.059029514757378720e+01
2.053776888444222237e+01
2.050275137568784345e+01
2.050275137568784345e+01
2.053776888444222237e+01
2.060780390195098022e+01
2.064282141070535204e+01
2.064282141070535204e+01
2.059029514757378720e+01
2.053776888444222237e+01
2.050275137568784345e+01
2.050275137568784345e+01
2.052026013006503291e+01
2.057278639319659774e+01
2.060780390195098022e+01
2.062531265632816613e+01
2.057278639319659774e+01
2.052026013006503291e+01
2.048524262131065754e+01
2.048524262131065754e+01
2.050275137568784345e+01
2.055527763881940828e+01
2.060780390195098022e+01
2.060780390195098022e+01
2.053776888444222237e+01
2.048524262131065754e+01
2.046773386693346808e+01
2.050275137568784345e+01
2.055527763881940828e+01
2.062531265632816613e+01
2.064282141070535204e+01
2.059029514757378720e+01
2.053776888444222237e+01
2.052026013006503291e+01
2.052026013006503291e+01
2.055527763881940828e+01
2.060780390195098022e+01
2.067783891945973096e+01
2.067783891945973096e+01
2.062531265632816613e+01
2.057278639319659774e+01
2.057278639319659774e+01
2.057278639319659774e+01
2.060780390195098022e+01
2.064282141070535204e+01
2.073036518259129579e+01
2.067783891945973096e+01
2.062531265632816613e+01
2.060780390195098022e+01
2.059029514757378720e+01
2.059029514757378720e+01
2.060780390195098022e+01
2.064282141070535204e+01
2.067783891945973096e+01
2.073036518259129579e+01
2.062531265632816613e+01
2.059029514757378720e+01
2.055527763881940828e+01
2.055527763881940828e+01
2.055527763881940828e+01
2.059029514757378720e+01
2.064282141070535204e+01
2.060780390195098022e+01
2.055527763881940828e+01
2.050275137568784345e+01
2.048524262131065754e+01
2.050275137568784345e+01
2.053776888444222237e+01
2.059029514757378720e+01
2.059029514757378720e+01
2.053776888444222237e+01
2.048524262131065754e+01
2.043271635817908916e+01
2.043271635817908916e+01
2.045022511255628217e+01
2.050275137568784345e+01
2.055527763881940828e+01
2.053776888444222237e+01
2.048524262131065754e+01
2.043271635817908916e+01
2.041520760380189969e+01
2.039769884942471023e+01
2.043271635817908916e+01
2.048524262131065754e+01
2.055527763881940828e+01
2.050275137568784345e+01
2.045022511255628217e+01
2.041520760380189969e+01
2.041520760380189969e+01
2.045022511255628217e+01
2.052026013006503291e+01
2.057278639319659774e+01
2.057278639319659774e+01
2.050275137568784345e+01
2.048524262131065754e+01
2.046773386693346808e+01
2.050275137568784345e+01
2.055527763881940828e+01
2.062531265632816613e+01
2.066033016508254150e+01
2.066033016508254150e+01
2.062531265632816613e+01
2.057278639319659774e+01
2.053776888444222237e+01
2.055527763881940828e+01
2.060780390195098022e+01
2.067783891945973096e+01
2.071285642821410633e+01
2.071285642821410633e+01
2.066033016508254150e+01
2.060780390195098022e+01
2.059029514757378720e+01
2.057278639319659774e+01
2.062531265632816613e+01
2.067783891945973096e+01
2.073036518259129579e+01
2.069534767383692042e+01
2.062531265632816613e+01
2.059029514757378720e+01
2.059029514757378720e+01
2.062531265632816613e+01
2.067783891945973096e+01
2.073036518259129579e+01
2.073036518259129579e+01
2.067783891945973096e+01
2.060780390195098022e+01
2.060780390195098022e+01
2.064282141070535204e+01
2.069534767383692042e+01
2.074787393696848525e+01
2.078289144572286418e+01
2.074787393696848525e+01
2.069534767383692042e+01
2.066033016508254150e+01
2.066033016508254150e+01
2.067783891945973096e+01
2.074787393696848525e+01
2.080040020010005009e+01
2.083541770885442901e+01
2.080040020010005009e+01
2.074787393696848525e+01
2.071285642821410633e+01
2.069534767383692042e+01
2.073036518259129579e+01
2.078289144572286418e+01
2.083541770885442901e+01
2.087043521760880438e+01
2.083541770885442901e+01
2.074787393696848525e+01
2.069534767383692042e+01
2.073036518259129579e+01
2.076538269134567116e+01
2.081790895447723955e+01
2.085292646323161492e+01
2.083541770885442901e+01
2.080040020010005009e+01
2.069534767383692042e+01
2.069534767383692042e+01
2.074787393696848525e+01
2.078289144572286418e+01
2.080040020010005009e+01
2.080040020010005009e+01
2.078289144572286418e+01
2.074787393696848525e+01
2.069534767383692042e+01
2.062531265632816613e+01
2.067783891945973096e+01
2.073036518259129579e+01
2.076538269134567116e+01
2.074787393696848525e+01
2.073036518259129579e+01
2.071285642821410633e+01
2.066033016508254150e+01
2.059029514757378720e+01
2.069534767383692042e+01
2.073036518259129579e+01
2.074787393696848525e+01
2.074787393696848525e+01
2.074787393696848525e+01
2.074787393696848525e+01
2.076538269134567116e+01
2.074787393696848525e+01
2.076538269134567116e+01
2.078289144572286418e+01
2.078289144572286418e+01
2.078289144572286418e+01
2.078289144572286418e+01
2.080040020010005009e+01
2.081790895447723955e+01
2.083541770885442901e+01
2.085292646323161492e+01
2.087043521760880438e+01
2.087043521760880438e+01
2.087043521760880438e+01
2.085292646323161492e+01
2.081790895447723955e+01
2.087043521760880438e+01
2.092296148074036921e+01
2.094047023511756223e+01
2.095797898949474813e+01
2.097548774387193049e+01
2.095797898949474813e+01
2.095797898949474813e+01
2.097548774387193049e+01
2.097548774387193049e+01
2.101050525262631297e+01
2.102801400700350243e+01
2.102801400700350243e+01
2.104552276138068834e+01
2.104552276138068834e+01
2.104552276138068834e+01
2.102801400700350243e+01
2.104552276138068834e+01
2.104552276138068834e+01
2.106303151575788135e+01
2.106303151575788135e+01
2.104552276138068834e+01
2.106303151575788135e+01
2.104552276138068834e+01
2.106303151575788135e+01
2.108054027013506726e+01
2.109804902451225317e+01
2.109804902451225317e+01
2.109804902451225317e+01
2.109804902451225317e+01
2.111555777888944618e+01
2.111555777888944618e+01
2.113306653326663564e+01
2.115057528764382511e+01
2.115057528764382511e+01
2.116808404202101102e+01
2.116808404202101102e+01
2.116808404202101102e+01
2.118559279639820048e+01
2.118559279639820048e+01
2.118559279639820048e+01
2.120310155077538639e+01
2.120310155077538639e+01
2.122061030515257585e+01
2.123811905952976531e+01
2.123811905952976531e+01
2.123811905952976531e+01
2.123811905952976531e+01
2.123811905952976531e+01
2.123811905952976531e+01
2.125562781390695122e+01
2.125562781390695122e+01
2.125562781390695122e+01
2.125562781390695122e+01
2.123811905952976531e+01
2.123811905952976531e+01
2.123811905952976531e+01
2.123811905952976531e+01
2.123811905952976531e+01
2.122061030515257585e+01
2.122061030515257585e+01
2.122061030515257585e+01
2.120310155077538639e+01
2.122061030515257585e+01
2.122061030515257585e+01
2.122061030515257585e+01
2.122061030515257585e+01
2.122061030515257585e+01
2.122061030515257585e+01
2.122061030515257585e+01
2.122061030515257585e+01
2.122061030515257585e+01
2.122061030515257585e+01
2.122061030515257585e+01
2.122061030515257585e+01
2.122061030515257585e+01
2.122061030515257585e+01
2.122061030515257585e+01
2.122061030515257585e+01
2.122061030515257585e+01
2.123811905952976531e+01
2.123811905952976531e+01
2.125562781390695122e+01
2.125562781390695122e+01
2.127313656828414423e+01
2.127313656828414423e+01
2.129064532266133369e+01
2.129064532266133369e+01
2.130815407703852316e+01
2.132566283141570906e+01
2.134317158579289497e+01
2.136068034017008443e+01
2.136068034017008443e+01
2.137818909454727390e+01
2.139569784892446336e+01
2.141320660330164927e+01
2.141320660330164927e+01
2.143071535767884228e+01
2.144822411205603174e+01
2.144822411205603174e+01
2.144822411205603174e+01
2.146573286643321765e+01
2.146573286643321765e+01
2.148324162081040711e+01
2.148324162081040711e+01
2.150075037518759302e+01
2.150075037518759302e+01
2.150075037518759302e+01
2.150075037518759302e+01
2.150075037518759302e+01
2.151825912956478248e+01
2.151825912956478248e+01
2.151825912956478248e+01
2.151825912956478248e+01
2.151825912956478248e+01
2.151825912956478248e+01
2.151825912956478248e+01
2.151825912956478248e+01
2.151825912956478248e+01
2.151825912956478248e+01
2.153576788394197195e+01
2.153576788394197195e+01
2.153576788394197195e+01
2.155327663831915785e+01
2.155327663831915785e+01
2.157078539269634732e+01
2.157078539269634732e+01
2.157078539269634732e+01
2.158829414707353322e+01
2.158829414707353322e+01
2.160580290145072979e+01
2.160580290145072979e+01
2.162331165582791570e+01
2.162331165582791570e+01
2.164082041020510516e+01
2.164082041020510516e+01
2.165832916458229107e+01
2.165832916458229107e+01
2.167583791895947698e+01
2.167583791895947698e+01
2.169334667333666999e+01
2.169334667333666999e+01
2.169334667333666999e+01
2.171085542771385590e+01
2.171085542771385590e+01
2.171085542771385590e+01
2.172836418209104536e+01
2.172836418209104536e+01
2.172836418209104536e+01
2.172836418209104536e+01
2.172836418209104536e+01
2.172836418209104536e+01
2.174587293646823127e+01
2.174587293646823127e+01
2.174587293646823127e+01
2.174587293646823127e+01
2.174587293646823127e+01
2.174587293646823127e+01
2.174587293646823127e+01
2.174587293646823127e+01
2.174587293646823127e+01
2.174587293646823127e+01
2.174587293646823127e+01
2.174587293646823127e+01
2.176338169084542784e+01
2.176338169084542784e+01
2.176338169084542784e+01
2.178089044522261375e+01
2.178089044522261375e+01
2.178089044522261375e+01
2.178089044522261375e+01
2.178089044522261375e+01
2.179839919959979966e+01
2.179839919959979966e+01
2.179839919959979966e+01
2.181590795397698912e+01
2.181590795397698912e+01
2.183341670835417503e+01
2.183341670835417503e+01
2.185092546273136804e+01
2.186843421710855395e+01
2.188594297148574341e+01
2.188594297148574341e+01
2.188594297148574341e+01
2.190345172586292932e+01
2.190345172586292932e+01
2.192096048024012234e+01
2.193846923461731180e+01
2.195597798899449771e+01
2.195597798899449771e+01
2.195597798899449771e+01
2.197348674337168717e+01
2.197348674337168717e+01
2.197348674337168717e+01
2.199099549774887308e+01
2.199099549774887308e+01
2.200850425212606609e+01
2.200850425212606609e+01
2.200850425212606609e+01
2.200850425212606609e+01
2.200850425212606609e+01
2.200850425212606609e+01
2.200850425212606609e+01
2.200850425212606609e+01
2.200850425212606609e+01
2.200850425212606609e+01
2.200850425212606609e+01
2.202601300650325200e+01
2.199099549774887308e+01
2.200850425212606609e+01
2.199099549774887308e+01
2.199099549774887308e+01
2.199099549774887308e+01
2.199099549774887308e+01
2.199099549774887308e+01
2.199099549774887308e+01
2.200850425212606609e+01
2.199099549774887308e+01
2.199099549774887308e+01
2.199099549774887308e+01
2.199099549774887308e+01
2.200850425212606609e+01
2.202601300650325200e+01
2.200850425212606609e+01
2.200850425212606609e+01
2.200850425212606609e+01
2.202601300650325200e+01
2.204352176088043791e+01
2.211355677838919576e+01
2.213106553276638166e+01
2.207853926963482039e+01
2.206103051525762737e+01
2.204352176088043791e+01
2.204352176088043791e+01
2.207853926963482039e+01
2.211355677838919576e+01
2.220110055027513596e+01
2.214857428714357468e+01
2.211355677838919576e+01
2.209604802401200985e+01
2.209604802401200985e+01
2.211355677838919576e+01
2.213106553276638166e+01
2.211355677838919576e+01
2.213106553276638166e+01
2.211355677838919576e+01
2.211355677838919576e+01
2.213106553276638166e+01
2.216608304152076059e+01
2.221860930465232542e+01
2.227113556778389380e+01
2.225362681340670079e+01
2.218359179589795005e+01
2.214857428714357468e+01
2.218359179589795005e+01
2.223611805902951843e+01
2.228864432216107971e+01
2.232366183091545864e+01
2.234117058529264810e+01
2.232366183091545864e+01
2.228864432216107971e+01
2.225362681340670079e+01
2.234117058529264810e+01
2.239369684842421648e+01
2.242871435717859185e+01
2.244622311155577776e+01
2.246373186593297078e+01
2.248124062031015669e+01
2.249874937468734259e+01
2.249874937468734259e+01
2.253376688344171797e+01
2.255127563781891453e+01
2.258629314657328990e+01
2.258629314657328990e+01
2.260380190095047581e+01
2.260380190095047581e+01
2.262131065532766527e+01
2.265632816408204064e+01
2.267383691845923011e+01
2.269134567283641601e+01
2.269134567283641601e+01
2.260380190095047581e+01
2.265632816408204064e+01
2.270885442721360548e+01
2.274387193596798085e+01
2.277888944472236332e+01
2.277888944472236332e+01
2.277888944472236332e+01
2.277888944472236332e+01
2.276138069034517386e+01
2.277888944472236332e+01
2.281390695347673869e+01
2.283141570785392460e+01
2.283141570785392460e+01
2.283141570785392460e+01
2.283141570785392460e+01
2.283141570785392460e+01
2.284892446223111406e+01
2.284892446223111406e+01
2.284892446223111406e+01
2.283141570785392460e+01
2.283141570785392460e+01
2.283141570785392460e+01
2.284892446223111406e+01
2.284892446223111406e+01
2.284892446223111406e+01
2.284892446223111406e+01
2.284892446223111406e+01
2.284892446223111406e+01
2.286643321660830352e+01
2.286643321660830352e+01
2.286643321660830352e+01
2.288394197098549654e+01
2.288394197098549654e+01
2.288394197098549654e+01
2.288394197098549654e+01
2.288394197098549654e+01
2.290145072536267890e+01
2.290145072536267890e+01
2.290145072536267890e+01
2.290145072536267890e+01
2.290145072536267890e+01
2.291895947973987191e+01
2.291895947973987191e+01
2.293646823411706137e+01
2.293646823411706137e+01
2.293646823411706137e+01
2.293646823411706137e+01
2.293646823411706137e+01
2.293646823411706137e+01
2.295397698849424728e+01
2.295397698849424728e+01
2.295397698849424728e+01
2.295397698849424728e+01
2.293646823411706137e+01
2.293646823411706137e+01
2.293646823411706137e+01
2.295397698849424728e+01
2.295397698849424728e+01
2.295397698849424728e+01
2.293646823411706137e+01
2.293646823411706137e+01
2.295397698849424728e+01
2.295397698849424728e+01
2.297148574287143674e+01
2.297148574287143674e+01
2.297148574287143674e+01
2.297148574287143674e+01
2.297148574287143674e+01
2.297148574287143674e+01
2.298899449724862265e+01
2.300650325162581211e+01
2.300650325162581211e+01
2.300650325162581211e+01
2.300650325162581211e+01
2.302401200600300157e+01
2.304152076038019459e+01
2.304152076038019459e+01
2.305902951475737694e+01
2.307653826913456285e+01
2.307653826913456285e+01
2.307653826913456285e+01
2.309404702351175942e+01
2.311155577788894533e+01
2.312906453226613479e+01
2.314657328664332070e+01
2.314657328664332070e+01
2.314657328664332070e+01
2.316408204102051371e+01
2.318159079539769962e+01
2.319909954977488553e+01
2.319909954977488553e+01
2.321660830415207499e+01
2.321660830415207499e+01
2.321660830415207499e+01
2.321660830415207499e+01
2.321660830415207499e+01
2.323411705852926090e+01
2.323411705852926090e+01
2.323411705852926090e+01
2.323411705852926090e+01
2.321660830415207499e+01
2.323411705852926090e+01
2.323411705852926090e+01
2.323411705852926090e+01
2.323411705852926090e+01
2.323411705852926090e+01
2.321660830415207499e+01
2.321660830415207499e+01
2.321660830415207499e+01
2.321660830415207499e+01
2.321660830415207499e+01
2.323411705852926090e+01
2.323411705852926090e+01
2.321660830415207499e+01
2.321660830415207499e+01
2.321660830415207499e+01
2.321660830415207499e+01
2.321660830415207499e+01
2.321660830415207499e+01
2.323411705852926090e+01
2.325162581290645747e+01
2.323411705852926090e+01
2.323411705852926090e+01
2.323411705852926090e+01
2.323411705852926090e+01
2.323411705852926090e+01
2.325162581290645747e+01
2.325162581290645747e+01
2.325162581290645747e+01
2.325162581290645747e+01
2.325162581290645747e+01
2.325162581290645747e+01
2.325162581290645747e+01
2.325162581290645747e+01
2.325162581290645747e+01
2.326913456728364338e+01
2.326913456728364338e+01
2.326913456728364338e+01
2.326913456728364338e+01
2.326913456728364338e+01
2.326913456728364338e+01
2.326913456728364338e+01
2.326913456728364338e+01
2.326913456728364338e+01
2.326913456728364338e+01
2.326913456728364338e+01
2.328664332166082929e+01
2.326913456728364338e+01
2.328664332166082929e+01
2.326913456728364338e+01
2.326913456728364338e+01
2.326913456728364338e+01
2.328664332166082929e+01
2.328664332166082929e+01
2.330415207603801875e+01
2.330415207603801875e+01
2.330415207603801875e+01
2.328664332166082929e+01
2.330415207603801875e+01
2.330415207603801875e+01
2.328664332166082929e+01
2.332166083041520821e+01
2.332166083041520821e+01
2.332166083041520821e+01
2.333916958479239767e+01
2.333916958479239767e+01
2.335667833916958358e+01
2.335667833916958358e+01
2.337418709354677659e+01
2.337418709354677659e+01
2.337418709354677659e+01
2.337418709354677659e+01
2.339169584792395895e+01
2.339169584792395895e+01
2.342671335667834143e+01
2.342671335667834143e+01
2.340920460230115197e+01
2.340920460230115197e+01
2.340920460230115197e+01
2.340920460230115197e+01
2.342671335667834143e+01
2.344422211105552734e+01
2.342671335667834143e+01
2.340920460230115197e+01
2.340920460230115197e+01
2.340920460230115197e+01
2.340920460230115197e+01
2.342671335667834143e+01
2.340920460230115197e+01
2.339169584792395895e+01
2.339169584792395895e+01
2.339169584792395895e+01
2.339169584792395895e+01
2.340920460230115197e+01
2.346173086543271680e+01
2.340920460230115197e+01
2.339169584792395895e+01
2.337418709354677659e+01
2.337418709354677659e+01
2.339169584792395895e+01
2.342671335667834143e+01
2.346173086543271680e+01
2.340920460230115197e+01
2.337418709354677659e+01
2.337418709354677659e+01
2.337418709354677659e+01
2.339169584792395895e+01
2.344422211105552734e+01
2.346173086543271680e+01
2.340920460230115197e+01
2.339169584792395895e+01
2.339169584792395895e+01
2.339169584792395895e+01
2.339169584792395895e+01
2.342671335667834143e+01
2.342671335667834143e+01
2.340920460230115197e+01
2.339169584792395895e+01
2.339169584792395895e+01
2.339169584792395895e+01
2.340920460230115197e+01
2.342671335667834143e+01
2.340920460230115197e+01
2.339169584792395895e+01
2.339169584792395895e+01
2.339169584792395895e+01
2.339169584792395895e+01
2.342671335667834143e+01
2.346173086543271680e+01
2.340920460230115197e+01
2.339169584792395895e+01
2.337418709354677659e+01
2.337418709354677659e+01
2.337418709354677659e+01
2.339169584792395895e+01
2.340920460230115197e+01
2.339169584792395895e+01
2.337418709354677659e+01
2.337418709354677659e+01
2.337418709354677659e+01
2.337418709354677659e+01
2.335667833916958358e+01
2.337418709354677659e+01
2.337418709354677659e+01
2.335667833916958358e+01
2.337418709354677659e+01
2.337418709354677659e+01
2.339169584792395895e+01
2.339169584792395895e+01
2.339169584792395895e+01
2.337418709354677659e+01
2.337418709354677659e+01
2.337418709354677659e+01
2.339169584792395895e+01
2.340920460230115197e+01
2.340920460230115197e+01
2.340920460230115197e+01
2.339169584792395895e+01
2.339169584792395895e+01
2.339169584792395895e+01
2.339169584792395895e+01
2.339169584792395895e+01
2.339169584792395895e+01
2.340920460230115197e+01
2.340920460230115197e+01
2.339169584792395895e+01
2.339169584792395895e+01
2.339169584792395895e+01
2.337418709354677659e+01
2.337418709354677659e+01
2.337418709354677659e+01
2.337418709354677659e+01
2.337418709354677659e+01
2.335667833916958358e+01
2.335667833916958358e+01
2.333916958479239767e+01
2.333916958479239767e+01
2.333916958479239767e+01
2.332166083041520821e+01
2.332166083041520821e+01
2.332166083041520821e+01
2.330415207603801875e+01
2.330415207603801875e+01
2.330415207603801875e+01
2.330415207603801875e+01
2.330415207603801875e+01
2.328664332166082929e+01
2.328664332166082929e+01
2.326913456728364338e+01
2.328664332166082929e+01
2.328664332166082929e+01
2.328664332166082929e+01
2.328664332166082929e+01
2.328664332166082929e+01
2.326913456728364338e+01
2.326913456728364338e+01
2.328664332166082929e+01
2.328664332166082929e+01
2.328664332166082929e+01
2.326913456728364338e+01
2.326913456728364338e+01
2.326913456728364338e+01
2.328664332166082929e+01
2.328664332166082929e+01
2.328664332166082929e+01
2.328664332166082929e+01
2.328664332166082929e+01
2.326913456728364338e+01
2.326913456728364338e+01
2.328664332166082929e+01
2.328664332166082929e+01
2.328664332166082929e+01
2.326913456728364338e+01
2.326913456728364338e+01
2.325162581290645747e+01
2.325162581290645747e+01
2.325162581290645747e+01
2.325162581290645747e+01
2.323411705852926090e+01
2.323411705852926090e+01
2.321660830415207499e+01
2.319909954977488553e+01
2.319909954977488553e+01
2.319909954977488553e+01
2.319909954977488553e+01
2.318159079539769962e+01
2.316408204102051371e+01
2.316408204102051371e+01
2.314657328664332070e+01
2.314657328664332070e+01
2.314657328664332070e+01
2.314657328664332070e+01
2.312906453226613479e+01
2.312906453226613479e+01
2.311155577788894533e+01
2.311155577788894533e+01
2.311155577788894533e+01
2.311155577788894533e+01
2.309404702351175942e+01
2.309404702351175942e+01
2.307653826913456285e+01
2.307653826913456285e+01
2.307653826913456285e+01
2.307653826913456285e+01
2.305902951475737694e+01
2.305902951475737694e+01
2.304152076038019459e+01
2.304152076038019459e+01
2.302401200600300157e+01
2.302401200600300157e+01
2.302401200600300157e+01
2.302401200600300157e+01
2.300650325162581211e+01
2.298899449724862265e+01
2.297148574287143674e+01
2.297148574287143674e+01
2.297148574287143674e+01
2.295397698849424728e+01
2.295397698849424728e+01
2.293646823411706137e+01
2.291895947973987191e+01
2.290145072536267890e+01
2.290145072536267890e+01
2.290145072536267890e+01
2.288394197098549654e+01
2.286643321660830352e+01
2.284892446223111406e+01
2.283141570785392460e+01
2.283141570785392460e+01
2.283141570785392460e+01
2.281390695347673869e+01
2.281390695347673869e+01
2.279639819909955278e+01
2.277888944472236332e+01
2.277888944472236332e+01
2.277888944472236332e+01
2.277888944472236332e+01
2.277888944472236332e+01
2.277888944472236332e+01
2.276138069034517386e+01
2.276138069034517386e+01
2.276138069034517386e+01
2.276138069034517386e+01
2.277888944472236332e+01
2.277888944472236332e+01
2.276138069034517386e+01
2.276138069034517386e+01
2.276138069034517386e+01
2.276138069034517386e+01
2.277888944472236332e+01
2.277888944472236332e+01
2.277888944472236332e+01
2.276138069034517386e+01
2.276138069034517386e+01
2.276138069034517386e+01
2.277888944472236332e+01
2.277888944472236332e+01
2.277888944472236332e+01
2.276138069034517386e+01
2.274387193596798085e+01
2.274387193596798085e+01
2.274387193596798085e+01
2.276138069034517386e+01
2.276138069034517386e+01
2.276138069034517386e+01
2.274387193596798085e+01
2.272636318159079849e+01
2.270885442721360548e+01
2.272636318159079849e+01
2.272636318159079849e+01
2.274387193596798085e+01
2.274387193596798085e+01
2.272636318159079849e+01
2.270885442721360548e+01
2.270885442721360548e+01
2.270885442721360548e+01
2.270885442721360548e+01
2.272636318159079849e+01
2.270885442721360548e+01
2.269134567283641601e+01
2.267383691845923011e+01
2.267383691845923011e+01
2.267383691845923011e+01
2.269134567283641601e+01
2.270885442721360548e+01
2.269134567283641601e+01
2.269134567283641601e+01
2.265632816408204064e+01
2.263881940970485473e+01
2.267383691845923011e+01
2.269134567283641601e+01
2.269134567283641601e+01
2.267383691845923011e+01
2.265632816408204064e+01
2.262131065532766527e+01
2.258629314657328990e+01
2.260380190095047581e+01
2.263881940970485473e+01
2.263881940970485473e+01
2.263881940970485473e+01
2.262131065532766527e+01
2.258629314657328990e+01
2.249874937468734259e+01
2.255127563781891453e+01
2.258629314657328990e+01
2.258629314657328990e+01
2.258629314657328990e+01
2.256878439219610044e+01
2.253376688344171797e+01
2.246373186593297078e+01
2.246373186593297078e+01
2.251625812906453206e+01
2.253376688344171797e+01
2.251625812906453206e+01
2.249874937468734259e+01
2.246373186593297078e+01
2.244622311155577776e+01
2.244622311155577776e+01
2.246373186593297078e+01
2.246373186593297078e+01
2.246373186593297078e+01
2.244622311155577776e+01
2.244622311155577776e+01
2.242871435717859185e+01
2.244622311155577776e+01
2.241120560280140239e+01
2.241120560280140239e+01
2.242871435717859185e+01
2.242871435717859185e+01
2.241120560280140239e+01
2.232366183091545864e+01
2.232366183091545864e+01
2.237618809404701992e+01
2.241120560280140239e+01
2.242871435717859185e+01
2.242871435717859185e+01
2.239369684842421648e+01
2.232366183091545864e+01
2.230615307653827273e+01
2.235867933966983401e+01
2.241120560280140239e+01
2.244622311155577776e+01
2.244622311155577776e+01
2.242871435717859185e+01
2.237618809404701992e+01
2.232366183091545864e+01
2.232366183091545864e+01
2.237618809404701992e+01
2.242871435717859185e+01
2.244622311155577776e+01
2.239369684842421648e+01
2.232366183091545864e+01
2.228864432216107971e+01
2.228864432216107971e+01
2.232366183091545864e+01
2.237618809404701992e+01
2.241120560280140239e+01
2.237618809404701992e+01
2.230615307653827273e+01
2.225362681340670079e+01
2.225362681340670079e+01
2.227113556778389380e+01
2.232366183091545864e+01
2.237618809404701992e+01
2.234117058529264810e+01
2.228864432216107971e+01
2.223611805902951843e+01
2.220110055027513596e+01
2.221860930465232542e+01
2.227113556778389380e+01
2.232366183091545864e+01
2.232366183091545864e+01
2.225362681340670079e+01
2.220110055027513596e+01
2.216608304152076059e+01
2.216608304152076059e+01
2.220110055027513596e+01
2.223611805902951843e+01
2.228864432216107971e+01
2.223611805902951843e+01
2.216608304152076059e+01
2.214857428714357468e+01
2.214857428714357468e+01
2.214857428714357468e+01
2.216608304152076059e+01
2.216608304152076059e+01
2.216608304152076059e+01
2.213106553276638166e+01
2.211355677838919576e+01
2.211355677838919576e+01
2.211355677838919576e+01
2.213106553276638166e+01
2.218359179589795005e+01
2.213106553276638166e+01
2.209604802401200985e+01
2.206103051525762737e+01
2.204352176088043791e+01
2.206103051525762737e+01
2.207853926963482039e+01
2.214857428714357468e+01
2.209604802401200985e+01
2.204352176088043791e+01
2.200850425212606609e+01
2.199099549774887308e+01
2.197348674337168717e+01
2.197348674337168717e+01
2.199099549774887308e+01
2.195597798899449771e+01
2.195597798899449771e+01
2.193846923461731180e+01
2.192096048024012234e+01
2.190345172586292932e+01
2.190345172586292932e+01
2.190345172586292932e+01
2.190345172586292932e+01
2.190345172586292932e+01
2.188594297148574341e+01
2.188594297148574341e+01
2.188594297148574341e+01
2.190345172586292932e+01
2.186843421710855395e+01
2.190345172586292932e+01
2.188594297148574341e+01
2.188594297148574341e+01
2.188594297148574341e+01
2.188594297148574341e+01
2.188594297148574341e+01
2.188594297148574341e+01
2.190345172586292932e+01
2.190345172586292932e+01
2.190345172586292932e+01
2.188594297148574341e+01
2.188594297148574341e+01
2.188594297148574341e+01
2.188594297148574341e+01
2.188594297148574341e+01
2.188594297148574341e+01
2.188594297148574341e+01
2.188594297148574341e+01
2.188594297148574341e+01
2.188594297148574341e+01
2.186843421710855395e+01
2.186843421710855395e+01
2.186843421710855395e+01
2.185092546273136804e+01
2.185092546273136804e+01
2.185092546273136804e+01
2.185092546273136804e+01
2.183341670835417503e+01
2.181590795397698912e+01
2.181590795397698912e+01
2.179839919959979966e+01
2.179839919959979966e+01
2.178089044522261375e+01
2.178089044522261375e+01
2.178089044522261375e+01
2.176338169084542784e+01
2.176338169084542784e+01
2.174587293646823127e+01
2.174587293646823127e+01
2.174587293646823127e+01
2.172836418209104536e+01
2.172836418209104536e+01
2.172836418209104536e+01
2.172836418209104536e+01
2.171085542771385590e+01
2.171085542771385590e+01
2.171085542771385590e+01
2.171085542771385590e+01
2.169334667333666999e+01
2.169334667333666999e+01
2.169334667333666999e+01
2.169334667333666999e+01
2.169334667333666999e+01
2.169334667333666999e+01
2.167583791895947698e+01
2.167583791895947698e+01
2.167583791895947698e+01
2.167583791895947698e+01
2.167583791895947698e+01
2.167583791895947698e+01
2.165832916458229107e+01
2.165832916458229107e+01
2.165832916458229107e+01
2.164082041020510516e+01
2.164082041020510516e+01
2.164082041020510516e+01
2.162331165582791570e+01
2.162331165582791570e+01
2.160580290145072979e+01
2.160580290145072979e+01
2.160580290145072979e+01
2.158829414707353322e+01
2.158829414707353322e+01
2.158829414707353322e+01
2.157078539269634732e+01
2.157078539269634732e+01
2.155327663831915785e+01
2.155327663831915785e+01
2.155327663831915785e+01
2.153576788394197195e+01
2.153576788394197195e+01
2.153576788394197195e+01
2.151825912956478248e+01
2.151825912956478248e+01
2.151825912956478248e+01
2.150075037518759302e+01
2.150075037518759302e+01
2.150075037518759302e+01
2.150075037518759302e+01
2.150075037518759302e+01
2.150075037518759302e+01
2.150075037518759302e+01
2.150075037518759302e+01
2.150075037518759302e+01
2.150075037518759302e+01
2.150075037518759302e+01
2.150075037518759302e+01
2.150075037518759302e+01
2.150075037518759302e+01
2.150075037518759302e+01
2.151825912956478248e+01
2.151825912956478248e+01
2.151825912956478248e+01
2.150075037518759302e+01
2.150075037518759302e+01
2.150075037518759302e+01
2.150075037518759302e+01
2.150075037518759302e+01
2.150075037518759302e+01
2.150075037518759302e+01
2.150075037518759302e+01
2.150075037518759302e+01
2.148324162081040711e+01
2.148324162081040711e+01
2.148324162081040711e+01
2.146573286643321765e+01
2.146573286643321765e+01
2.144822411205603174e+01
2.144822411205603174e+01
2.144822411205603174e+01
2.143071535767884228e+01
2.143071535767884228e+01
2.143071535767884228e+01
2.141320660330164927e+01
2.139569784892446336e+01
2.137818909454727390e+01
2.136068034017008443e+01
2.136068034017008443e+01
2.136068034017008443e+01
2.136068034017008443e+01
2.134317158579289497e+01
2.134317158579289497e+01
2.132566283141570906e+01
2.132566283141570906e+01
2.130815407703852316e+01
2.130815407703852316e+01
2.130815407703852316e+01
2.130815407703852316e+01
2.129064532266133369e+01
2.129064532266133369e+01
2.129064532266133369e+01
2.129064532266133369e+01
2.129064532266133369e+01
2.127313656828414423e+01
2.127313656828414423e+01
2.125562781390695122e+01
2.125562781390695122e+01
2.125562781390695122e+01
2.125562781390695122e+01
2.125562781390695122e+01
2.125562781390695122e+01
2.125562781390695122e+01
2.125562781390695122e+01
2.125562781390695122e+01
2.123811905952976531e+01
2.123811905952976531e+01
2.123811905952976531e+01
2.123811905952976531e+01
2.125562781390695122e+01
2.125562781390695122e+01
2.125562781390695122e+01
2.125562781390695122e+01
2.123811905952976531e+01
2.123811905952976531e+01
2.123811905952976531e+01
2.122061030515257585e+01
2.122061030515257585e+01
2.122061030515257585e+01
2.122061030515257585e+01
2.122061030515257585e+01
2.122061030515257585e+01
2.120310155077538639e+01
2.120310155077538639e+01
2.120310155077538639e+01
2.118559279639820048e+01
2.118559279639820048e+01
2.118559279639820048e+01
2.118559279639820048e+01
2.118559279639820048e+01
2.118559279639820048e+01
2.118559279639820048e+01
2.118559279639820048e+01
2.118559279639820048e+01
2.118559279639820048e+01
2.120310155077538639e+01
2.118559279639820048e+01
2.118559279639820048e+01
2.120310155077538639e+01
2.120310155077538639e+01
2.122061030515257585e+01
2.122061030515257585e+01
2.122061030515257585e+01
2.123811905952976531e+01
2.122061030515257585e+01
2.122061030515257585e+01
2.123811905952976531e+01
2.123811905952976531e+01
2.123811905952976531e+01
2.123811905952976531e+01
2.123811905952976531e+01
2.123811905952976531e+01
2.123811905952976531e+01
2.123811905952976531e+01
2.123811905952976531e+01
2.122061030515257585e+01
2.120310155077538639e+01
2.118559279639820048e+01
2.118559279639820048e+01
2.118559279639820048e+01
2.118559279639820048e+01
2.118559279639820048e+01
2.116808404202101102e+01
2.115057528764382511e+01
2.111555777888944618e+01
2.109804902451225317e+01
2.113306653326663564e+01
2.111555777888944618e+01
2.111555777888944618e+01
2.109804902451225317e+01
2.108054027013506726e+01
2.106303151575788135e+01
2.106303151575788135e+01
2.104552276138068834e+01
2.104552276138068834e+01
2.102801400700350243e+01
2.101050525262631297e+01
2.099299649824912706e+01
2.099299649824912706e+01
2.097548774387193049e+01
2.097548774387193049e+01
2.097548774387193049e+01
2.095797898949474813e+01
2.094047023511756223e+01
2.094047023511756223e+01
2.092296148074036921e+01
2.090545272636318330e+01
2.088794397198599029e+01
2.090545272636318330e+01
2.088794397198599029e+01
2.090545272636318330e+01
2.090545272636318330e+01
2.090545272636318330e+01
2.090545272636318330e+01
2.088794397198599029e+01
2.085292646323161492e+01
2.085292646323161492e+01
2.085292646323161492e+01
2.087043521760880438e+01
2.088794397198599029e+01
2.088794397198599029e+01
2.088794397198599029e+01
2.088794397198599029e+01
2.087043521760880438e+01
2.087043521760880438e+01
2.085292646323161492e+01
2.087043521760880438e+01
2.087043521760880438e+01
2.087043521760880438e+01
2.087043521760880438e+01
2.087043521760880438e+01
2.085292646323161492e+01
2.083541770885442901e+01
2.085292646323161492e+01
2.087043521760880438e+01
2.085292646323161492e+01
2.083541770885442901e+01
2.080040020010005009e+01
2.073036518259129579e+01
2.076538269134567116e+01
2.080040020010005009e+01
2.083541770885442901e+01
2.085292646323161492e+01
2.085292646323161492e+01
2.083541770885442901e+01
2.080040020010005009e+01
2.073036518259129579e+01
2.073036518259129579e+01
2.080040020010005009e+01
2.083541770885442901e+01
2.085292646323161492e+01
2.087043521760880438e+01
2.085292646323161492e+01
2.083541770885442901e+01
2.076538269134567116e+01
2.080040020010005009e+01
2.085292646323161492e+01
2.088794397198599029e+01
2.090545272636318330e+01
2.090545272636318330e+01
2.088794397198599029e+01
2.085292646323161492e+01
2.088794397198599029e+01
2.092296148074036921e+01
2.094047023511756223e+01
2.094047023511756223e+01
2.092296148074036921e+01
2.088794397198599029e+01
2.085292646323161492e+01
2.080040020010005009e+01
2.085292646323161492e+01
2.092296148074036921e+01
2.094047023511756223e+01
2.094047023511756223e+01
2.092296148074036921e+01
2.088794397198599029e+01
2.083541770885442901e+01
2.078289144572286418e+01
2.078289144572286418e+01
2.085292646323161492e+01
2.088794397198599029e+01
2.088794397198599029e+01
2.087043521760880438e+01
2.081790895447723955e+01
2.074787393696848525e+01
2.069534767383692042e+01
2.073036518259129579e+01
2.078289144572286418e+01
2.080040020010005009e+01
2.080040020010005009e+01
2.074787393696848525e+01
2.069534767383692042e+01
2.062531265632816613e+01
2.066033016508254150e+01
2.073036518259129579e+01
2.074787393696848525e+01
2.074787393696848525e+01
2.071285642821410633e+01
2.066033016508254150e+01
2.059029514757378720e+01
2.057278639319659774e+01
2.062531265632816613e+01
2.067783891945973096e+01
2.071285642821410633e+01
2.069534767383692042e+01
2.066033016508254150e+01
2.060780390195098022e+01
2.055527763881940828e+01
2.053776888444222237e+01
2.057278639319659774e+01
2.064282141070535204e+01
2.067783891945973096e+01
2.067783891945973096e+01
2.062531265632816613e+01
2.055527763881940828e+01
2.052026013006503291e+01
2.052026013006503291e+01
2.053776888444222237e+01
2.059029514757378720e+01
2.066033016508254150e+01
2.060780390195098022e+01
2.055527763881940828e+01
2.052026013006503291e+01
2.050275137568784345e+01
2.052026013006503291e+01
2.055527763881940828e+01
2.060780390195098022e+01
2.064282141070535204e+01
2.059029514757378720e+01
2.053776888444222237e+01
2.048524262131065754e+01
2.048524262131065754e+01
2.048524262131065754e+01
2.052026013006503291e+01
2.057278639319659774e+01
2.060780390195098022e+01
2.055527763881940828e+01
2.048524262131065754e+01
2.045022511255628217e+01
2.043271635817908916e+01
2.043271635817908916e+01
2.046773386693346808e+01
2.053776888444222237e+01
2.055527763881940828e+01
2.050275137568784345e+01
2.045022511255628217e+01
2.043271635817908916e+01
2.043271635817908916e+01
2.045022511255628217e+01
2.046773386693346808e+01
2.052026013006503291e+01
2.048524262131065754e+01
2.045022511255628217e+01
2.043271635817908916e+01
2.043271635817908916e+01
2.045022511255628217e+01
2.046773386693346808e+01
2.048524262131065754e+01
2.052026013006503291e+01
2.046773386693346808e+01
2.045022511255628217e+01
2.043271635817908916e+01
2.043271635817908916e+01
2.045022511255628217e+01
2.046773386693346808e+01
2.048524262131065754e+01
2.050275137568784345e+01
2.045022511255628217e+01
2.043271635817908916e+01
2.043271635817908916e+01
2.041520760380189969e+01
2.041520760380189969e+01
2.041520760380189969e+01
2.043271635817908916e+01
2.041520760380189969e+01
2.041520760380189969e+01
2.039769884942471023e+01
2.038019009504752432e+01
2.038019009504752432e+01
2.036268134067033841e+01
2.036268134067033841e+01
2.036268134067033841e+01
2.034517258629314540e+01
2.034517258629314540e+01
2.034517258629314540e+01
2.031015507753877003e+01
2.029264632316158412e+01
2.029264632316158412e+01
2.029264632316158412e+01
2.029264632316158412e+01
2.027513756878439466e+01
2.027513756878439466e+01
2.025762881440720165e+01
2.024012006003001574e+01
2.024012006003001574e+01
2.024012006003001574e+01
2.025762881440720165e+01
2.027513756878439466e+01
2.027513756878439466e+01
2.025762881440720165e+01
2.024012006003001574e+01
2.024012006003001574e+01
2.024012006003001574e+01
2.024012006003001574e+01
2.025762881440720165e+01
2.024012006003001574e+01
2.027513756878439466e+01
2.025762881440720165e+01
2.025762881440720165e+01
2.025762881440720165e+01
2.025762881440720165e+01
2.025762881440720165e+01
2.025762881440720165e+01
2.025762881440720165e+01
2.025762881440720165e+01
2.025762881440720165e+01
2.025762881440720165e+01
2.025762881440720165e+01
2.025762881440720165e+01
2.027513756878439466e+01
2.025762881440720165e+01
2.024012006003001574e+01
2.025762881440720165e+01
2.025762881440720165e+01
2.025762881440720165e+01
2.025762881440720165e+01
2.025762881440720165e+01
2.025762881440720165e+01
2.025762881440720165e+01
2.024012006003001574e+01
2.024012006003001574e+01
2.024012006003001574e+01
2.022261130565282627e+01
2.022261130565282627e+01
2.022261130565282627e+01
2.022261130565282627e+01
2.022261130565282627e+01
2.022261130565282627e+01
2.022261130565282627e+01
2.020510255127564037e+01
2.020510255127564037e+01
2.020510255127564037e+01
2.020510255127564037e+01
2.020510255127564037e+01
2.020510255127564037e+01
2.022261130565282627e+01
2.022261130565282627e+01
2.020510255127564037e+01
2.020510255127564037e+01
2.020510255127564037e+01
2.020510255127564037e+01
2.020510255127564037e+01
2.020510255127564037e+01
2.020510255127564037e+01
2.020510255127564037e+01
2.018759379689844735e+01
2.018759379689844735e+01
2.018759379689844735e+01
2.018759379689844735e+01
2.018759379689844735e+01
2.017008504252126144e+01
2.017008504252126144e+01
2.017008504252126144e+01
2.017008504252126144e+01
2.017008504252126144e+01
2.017008504252126144e+01
2.017008504252126144e+01
2.015257628814407198e+01
2.015257628814407198e+01
2.013506753376688607e+01
2.013506753376688607e+01
2.013506753376688607e+01
2.013506753376688607e+01
2.011755877938969661e+01
2.011755877938969661e+01
2.011755877938969661e+01
2.011755877938969661e+01
2.010005002501250715e+01
2.010005002501250715e+01
2.008254127063531769e+01
2.006503251625813178e+01
2.006503251625813178e+01
2.006503251625813178e+01
2.004752376188094232e+01
2.004752376188094232e+01
2.004752376188094232e+01
2.003001500750374930e+01
2.003001500750374930e+01
2.001250625312656339e+01
2.001250625312656339e+01
2.001250625312656339e+01
1.999499749874937393e+01
1.999499749874937393e+01
1.999499749874937393e+01
1.999499749874937393e+01
2.001250625312656339e+01
2.001250625312656339e+01
2.001250625312656339e+01
2.003001500750374930e+01
2.001250625312656339e+01
2.001250625312656339e+01
2.001250625312656339e+01
2.003001500750374930e+01
2.003001500750374930e+01
2.003001500750374930e+01
2.004752376188094232e+01
2.004752376188094232e+01
2.004752376188094232e+01
2.006503251625813178e+01
2.006503251625813178e+01
2.006503251625813178e+01
2.006503251625813178e+01
2.006503251625813178e+01
2.006503251625813178e+01
2.008254127063531769e+01
2.008254127063531769e+01
2.010005002501250715e+01
2.010005002501250715e+01
2.010005002501250715e+01
2.010005002501250715e+01
2.010005002501250715e+01
2.010005002501250715e+01
2.010005002501250715e+01
2.010005002501250715e+01
2.011755877938969661e+01
2.011755877938969661e+01
2.010005002501250715e+01
2.010005002501250715e+01
2.010005002501250715e+01
2.010005002501250715e+01
2.010005002501250715e+01
2.010005002501250715e+01
2.010005002501250715e+01
2.010005002501250715e+01
2.010005002501250715e+01
2.010005002501250715e+01
2.010005002501250715e+01
2.010005002501250715e+01
2.010005002501250715e+01
2.010005002501250715e+01
2.010005002501250715e+01
2.010005002501250715e+01
2.008254127063531769e+01
2.008254127063531769e+01
2.008254127063531769e+01
2.010005002501250715e+01
2.010005002501250715e+01
2.010005002501250715e+01
2.010005002501250715e+01
2.008254127063531769e+01
2.008254127063531769e+01
2.008254127063531769e+01
2.008254127063531769e+01
2.008254127063531769e+01
2.008254127063531769e+01
2.008254127063531769e+01
2.008254127063531769e+01
2.008254127063531769e+01
2.006503251625813178e+01
2.006503251625813178e+01
2.004752376188094232e+01
2.003001500750374930e+01
2.004752376188094232e+01
2.006503251625813178e+01
2.003001500750374930e+01
1.999499749874937393e+01
1.997748874437218802e+01
1.999499749874937393e+01
1.999499749874937393e+01
2.001250625312656339e+01
1.997748874437218802e+01
1.994247123561780910e+01
1.994247123561780910e+01
1.994247123561780910e+01
1.992496248124061964e+01
1.990745372686343373e+01
1.987243621810905481e+01
1.988994497248624427e+01
1.988994497248624427e+01
1.983741870935467944e+01
1.981990995497748997e+01
1.980240120060030051e+01
1.981990995497748997e+01
1.983741870935467944e+01
1.981990995497748997e+01
1.978489244622311105e+01
1.973236618309154622e+01
1.973236618309154622e+01
1.971485742871436031e+01
1.971485742871436031e+01
1.971485742871436031e+01
1.969734867433716730e+01
1.973236618309154622e+01
1.973236618309154622e+01
1.969734867433716730e+01
1.967983991995998139e+01
1.969734867433716730e+01
1.971485742871436031e+01
1.973236618309154622e+01
1.974987493746873568e+01
1.971485742871436031e+01
1.976738369184592159e+01
1.978489244622311105e+01
1.981990995497748997e+01
1.983741870935467944e+01
1.985492746373186534e+01
1.987243621810905481e+01
1.988994497248624427e+01
1.994247123561780910e+01
1.990745372686343373e+01
1.992496248124061964e+01
1.995997998999499501e+01
1.997748874437218802e+01
1.999499749874937393e+01
2.001250625312656339e+01
2.001250625312656339e+01
2.001250625312656339e+01
2.001250625312656339e+01
2.003001500750374930e+01
2.004752376188094232e+01
2.006503251625813178e+01
2.006503251625813178e+01
2.008254127063531769e+01
2.010005002501250715e+01
2.017008504252126144e+01
2.015257628814407198e+01
2.015257628814407198e+01
2.015257628814407198e+01
2.015257628814407198e+01
2.017008504252126144e+01
2.018759379689844735e+01
2.018759379689844735e+01
2.015257628814407198e+01
2.018759379689844735e+01
2.020510255127564037e+01
2.020510255127564037e+01
2.022261130565282627e+01
2.022261130565282627e+01
2.022261130565282627e+01
2.022261130565282627e+01
2.020510255127564037e+01
2.025762881440720165e+01
2.025762881440720165e+01
2.025762881440720165e+01
2.025762881440720165e+01
2.025762881440720165e+01
2.025762881440720165e+01
2.027513756878439466e+01
2.027513756878439466e+01
2.029264632316158412e+01
2.029264632316158412e+01
2.027513756878439466e+01
2.027513756878439466e+01
2.027513756878439466e+01
2.027513756878439466e+01
2.029264632316158412e+01
2.036268134067033841e+01
2.034517258629314540e+01
2.032766383191595949e+01
2.031015507753877003e+01
2.029264632316158412e+01
2.025762881440720165e+01
2.027513756878439466e+01
2.032766383191595949e+01
2.038019009504752432e+01
2.031015507753877003e+01
2.025762881440720165e+01
2.024012006003001574e+01
2.025762881440720165e+01
2.025762881440720165e+01
2.024012006003001574e+01
2.024012006003001574e+01
2.031015507753877003e+01
2.031015507753877003e+01
2.024012006003001574e+01
2.018759379689844735e+01
2.013506753376688607e+01
2.013506753376688607e+01
2.017008504252126144e+01
2.020510255127564037e+01
2.013506753376688607e+01
2.008254127063531769e+01
2.006503251625813178e+01
2.008254127063531769e+01
2.006503251625813178e+01
2.003001500750374930e+01
2.003001500750374930e+01
2.006503251625813178e+01
2.010005002501250715e+01
2.006503251625813178e+01
1.999499749874937393e+01
1.995997998999499501e+01
1.995997998999499501e+01
1.997748874437218802e+01
2.004752376188094232e+01
1.997748874437218802e+01
1.992496248124061964e+01
1.992496248124061964e+01
1.994247123561780910e+01
1.994247123561780910e+01
1.994247123561780910e+01
1.994247123561780910e+01
1.994247123561780910e+01
1.994247123561780910e+01
1.994247123561780910e+01
1.995997998999499501e+01
1.995997998999499501e+01
1.995997998999499501e+01
1.995997998999499501e+01
1.995997998999499501e+01
1.995997998999499501e+01
1.995997998999499501e+01
1.995997998999499501e+01
1.995997998999499501e+01
1.997748874437218802e+01
1.997748874437218802e+01
1.997748874437218802e+01
1.997748874437218802e+01
1.997748874437218802e+01
1.997748874437218802e+01
1.997748874437218802e+01
1.997748874437218802e+01
1.997748874437218802e+01
1.997748874437218802e+01
1.997748874437218802e+01
1.997748874437218802e+01
1.997748874437218802e+01
1.995997998999499501e+01
1.995997998999499501e+01
1.995997998999499501e+01
1.995997998999499501e+01
1.995997998999499501e+01
1.994247123561780910e+01
1.994247123561780910e+01
1.994247123561780910e+01
1.992496248124061964e+01
1.992496248124061964e+01
1.992496248124061964e+01
1.992496248124061964e+01
1.990745372686343373e+01
1.990745372686343373e+01
1.988994497248624427e+01
1.988994497248624427e+01
1.988994497248624427e+01
1.987243621810905481e+01
1.987243621810905481e+01
1.985492746373186534e+01
1.985492746373186534e+01
1.985492746373186534e+01
1.983741870935467944e+01
1.983741870935467944e+01
1.983741870935467944e+01
1.983741870935467944e+01
1.981990995497748997e+01
1.981990995497748997e+01
1.980240120060030051e+01
1.980240120060030051e+01
1.980240120060030051e+01
1.980240120060030051e+01
1.980240120060030051e+01
1.978489244622311105e+01
1.978489244622311105e+01
1.978489244622311105e+01
1.976738369184592159e+01
1.976738369184592159e+01
1.976738369184592159e+01
1.974987493746873568e+01
1.974987493746873568e+01
1.974987493746873568e+01
1.973236618309154622e+01
1.973236618309154622e+01
1.973236618309154622e+01
1.973236618309154622e+01
1.973236618309154622e+01
1.973236618309154622e+01
1.973236618309154622e+01
1.971485742871436031e+01
1.971485742871436031e+01
1.971485742871436031e+01
1.971485742871436031e+01
1.971485742871436031e+01
1.971485742871436031e+01
1.971485742871436031e+01
1.969734867433716730e+01
1.969734867433716730e+01
1.969734867433716730e+01
1.971485742871436031e+01
1.969734867433716730e+01
1.969734867433716730e+01
1.969734867433716730e+01
1.969734867433716730e+01
1.969734867433716730e+01
1.971485742871436031e+01
1.971485742871436031e+01
1.971485742871436031e+01
1.971485742871436031e+01
1.971485742871436031e+01
1.971485742871436031e+01
1.971485742871436031e+01
1.971485742871436031e+01
1.971485742871436031e+01
1.971485742871436031e+01
1.971485742871436031e+01
1.973236618309154622e+01
1.973236618309154622e+01
1.973236618309154622e+01
1.973236618309154622e+01
1.973236618309154622e+01
1.973236618309154622e+01
1.973236618309154622e+01
1.973236618309154622e+01
1.973236618309154622e+01
1.973236618309154622e+01
1.973236618309154622e+01
1.973236618309154622e+01
1.973236618309154622e+01
1.973236618309154622e+01
1.971485742871436031e+01
1.971485742871436031e+01
1.971485742871436031e+01
1.971485742871436031e+01
1.971485742871436031e+01
1.971485742871436031e+01
1.969734867433716730e+01
1.969734867433716730e+01
1.969734867433716730e+01
1.967983991995998139e+01
1.969734867433716730e+01
1.967983991995998139e+01
1.966233116558279193e+01
1.966233116558279193e+01
1.966233116558279193e+01
1.964482241120560246e+01
1.964482241120560246e+01
1.962731365682841300e+01
1.962731365682841300e+01
1.962731365682841300e+01
1.960980490245122709e+01
1.960980490245122709e+01
1.960980490245122709e+01
1.959229614807403763e+01
1.959229614807403763e+01
1.957478739369684817e+01
1.955727863931966226e+01
1.955727863931966226e+01
1.955727863931966226e+01
1.957478739369684817e+01
1.957478739369684817e+01
1.955727863931966226e+01
1.955727863931966226e+01
1.953976988494246925e+01
1.953976988494246925e+01
1.953976988494246925e+01
1.953976988494246925e+01
1.953976988494246925e+01
1.953976988494246925e+01
1.953976988494246925e+01
1.953976988494246925e+01
1.953976988494246925e+01
1.953976988494246925e+01
1.953976988494246925e+01
1.953976988494246925e+01
1.953976988494246925e+01
1.953976988494246925e+01
1.953976988494246925e+01
1.952226113056528334e+01
1.952226113056528334e+01
1.952226113056528334e+01
1.952226113056528334e+01
1.952226113056528334e+01
1.952226113056528334e+01
1.952226113056528334e+01
1.952226113056528334e+01
1.952226113056528334e+01
1.952226113056528334e+01
1.952226113056528334e+01
1.950475237618809388e+01
1.952226113056528334e+01
1.953976988494246925e+01
1.953976988494246925e+01
1.955727863931966226e+01
1.955727863931966226e+01
1.953976988494246925e+01
1.955727863931966226e+01
1.953976988494246925e+01
1.953976988494246925e+01
1.955727863931966226e+01
1.955727863931966226e+01
1.955727863931966226e+01
1.955727863931966226e+01
1.957478739369684817e+01
1.957478739369684817e+01
1.957478739369684817e+01
1.957478739369684817e+01
1.959229614807403763e+01
1.959229614807403763e+01
1.959229614807403763e+01
1.959229614807403763e+01
1.959229614807403763e+01
1.959229614807403763e+01
1.960980490245122709e+01
1.960980490245122709e+01
1.960980490245122709e+01
1.962731365682841300e+01
1.962731365682841300e+01
1.962731365682841300e+01
1.962731365682841300e+01
1.960980490245122709e+01
1.962731365682841300e+01
1.960980490245122709e+01
1.962731365682841300e+01
1.962731365682841300e+01
1.964482241120560246e+01
1.964482241120560246e+01
1.964482241120560246e+01
1.962731365682841300e+01
1.964482241120560246e+01
1.962731365682841300e+01
1.962731365682841300e+01
1.962731365682841300e+01
1.962731365682841300e+01
1.962731365682841300e+01
1.962731365682841300e+01
1.960980490245122709e+01
1.960980490245122709e+01
1.962731365682841300e+01
1.960980490245122709e+01
1.960980490245122709e+01
1.959229614807403763e+01
1.959229614807403763e+01
1.957478739369684817e+01
1.955727863931966226e+01
1.955727863931966226e+01
1.957478739369684817e+01
1.955727863931966226e+01
1.955727863931966226e+01
1.953976988494246925e+01
1.953976988494246925e+01
1.952226113056528334e+01
1.952226113056528334e+01
1.950475237618809388e+01
1.950475237618809388e+01
1.950475237618809388e+01
1.948724362181090797e+01
1.948724362181090797e+01
1.948724362181090797e+01
1.948724362181090797e+01
1.948724362181090797e+01
1.946973486743371495e+01
1.948724362181090797e+01
1.946973486743371495e+01
1.946973486743371495e+01
1.946973486743371495e+01
1.948724362181090797e+01
1.946973486743371495e+01
1.946973486743371495e+01
1.946973486743371495e+01
1.946973486743371495e+01
1.946973486743371495e+01
1.946973486743371495e+01
1.946973486743371495e+01
1.946973486743371495e+01
1.945222611305652904e+01
1.945222611305652904e+01
1.943471735867933958e+01
1.943471735867933958e+01
1.945222611305652904e+01
1.943471735867933958e+01
1.943471735867933958e+01
1.943471735867933958e+01
1.943471735867933958e+01
1.943471735867933958e+01
1.941720860430215012e+01
1.941720860430215012e+01
1.943471735867933958e+01
1.941720860430215012e+01
1.943471735867933958e+01
1.943471735867933958e+01
1.943471735867933958e+01
1.943471735867933958e+01
1.943471735867933958e+01
1.943471735867933958e+01
1.943471735867933958e+01
1.943471735867933958e+01
1.943471735867933958e+01
1.945222611305652904e+01
1.945222611305652904e+01
1.946973486743371495e+01
1.946973486743371495e+01
1.946973486743371495e+01
1.946973486743371495e+01
1.946973486743371495e+01
1.946973486743371495e+01
1.948724362181090797e+01
1.948724362181090797e+01
1.948724362181090797e+01
1.948724362181090797e+01
1.950475237618809388e+01
1.950475237618809388e+01
1.948724362181090797e+01
1.950475237618809388e+01
1.952226113056528334e+01
1.952226113056528334e+01
1.952226113056528334e+01
1.952226113056528334e+01
1.950475237618809388e+01
1.950475237618809388e+01
1.950475237618809388e+01
1.950475237618809388e+01
1.950475237618809388e+01
1.952226113056528334e+01
1.952226113056528334e+01
1.952226113056528334e+01
1.950475237618809388e+01
1.950475237618809388e+01
1.950475237618809388e+01
1.948724362181090797e+01
1.950475237618809388e+01
1.950475237618809388e+01
1.952226113056528334e+01
1.952226113056528334e+01
1.950475237618809388e+01
1.950475237618809388e+01
1.950475237618809388e+01
1.950475237618809388e+01
1.950475237618809388e+01
1.950475237618809388e+01
1.950475237618809388e+01
1.948724362181090797e+01
1.946973486743371495e+01
1.945222611305652904e+01
1.948724362181090797e+01
1.946973486743371495e+01
1.946973486743371495e+01
1.946973486743371495e+01
1.946973486743371495e+01
1.945222611305652904e+01
1.943471735867933958e+01
1.941720860430215012e+01
1.943471735867933958e+01
1.941720860430215012e+01
1.943471735867933958e+01
1.943471735867933958e+01
1.943471735867933958e+01
1.943471735867933958e+01
1.943471735867933958e+01
1.941720860430215012e+01
1.941720860430215012e+01
1.941720860430215012e+01
1.941720860430215012e+01
1.943471735867933958e+01
1.943471735867933958e+01
1.943471735867933958e+01
1.943471735867933958e+01
1.943471735867933958e+01
1.943471735867933958e+01
1.943471735867933958e+01
1.941720860430215012e+01
1.941720860430215012e+01
1.943471735867933958e+01
1.941720860430215012e+01
1.941720860430215012e+01
1.941720860430215012e+01
1.941720860430215012e+01
1.941720860430215012e+01
1.941720860430215012e+01
1.941720860430215012e+01
1.943471735867933958e+01
1.941720860430215012e+01
1.941720860430215012e+01
1.939969984992496421e+01
1.941720860430215012e+01
1.941720860430215012e+01
1.941720860430215012e+01
1.943471735867933958e+01
1.945222611305652904e+01
1.945222611305652904e+01
1.945222611305652904e+01
1.943471735867933958e+01
1.945222611305652904e+01
1.946973486743371495e+01
1.945222611305652904e+01
1.946973486743371495e+01
1.946973486743371495e+01
1.946973486743371495e+01
1.948724362181090797e+01
1.948724362181090797e+01
1.948724362181090797e+01
1.950475237618809388e+01
1.946973486743371495e+01
1.948724362181090797e+01
1.950475237618809388e+01
1.950475237618809388e+01
1.950475237618809388e+01
1.950475237618809388e+01
1.948724362181090797e+01
1.950475237618809388e+01
1.950475237618809388e+01
1.950475237618809388e+01
1.952226113056528334e+01
1.952226113056528334e+01
1.952226113056528334e+01
1.950475237618809388e+01
1.948724362181090797e+01
1.948724362181090797e+01
1.950475237618809388e+01
1.950475237618809388e+01
1.952226113056528334e+01
1.952226113056528334e+01
1.952226113056528334e+01
1.952226113056528334e+01
1.950475237618809388e+01
1.950475237618809388e+01
1.952226113056528334e+01
1.950475237618809388e+01
1.950475237618809388e+01
1.950475237618809388e+01
1.950475237618809388e+01
1.950475237618809388e+01
1.950475237618809388e+01
1.950475237618809388e+01
1.952226113056528334e+01
1.950475237618809388e+01
1.948724362181090797e+01
1.948724362181090797e+01
1.948724362181090797e+01
1.948724362181090797e+01
1.946973486743371495e+01
1.945222611305652904e+01
1.945222611305652904e+01
1.943471735867933958e+01
1.943471735867933958e+01
1.945222611305652904e+01
1.945222611305652904e+01
1.943471735867933958e+01
1.941720860430215012e+01
1.939969984992496421e+01
1.938219109554777475e+01
1.938219109554777475e+01
1.938219109554777475e+01
1.939969984992496421e+01
1.939969984992496421e+01
1.939969984992496421e+01
1.939969984992496421e+01
1.938219109554777475e+01
1.938219109554777475e+01
1.939969984992496421e+01
1.938219109554777475e+01
1.938219109554777475e+01
1.938219109554777475e+01
1.939969984992496421e+01
1.939969984992496421e+01
1.939969984992496421e+01
1.939969984992496421e+01
1.941720860430215012e+01
1.941720860430215012e+01
1.941720860430215012e+01
1.941720860430215012e+01
1.941720860430215012e+01
1.941720860430215012e+01
1.941720860430215012e+01
1.941720860430215012e+01
1.941720860430215012e+01
1.943471735867933958e+01
1.943471735867933958e+01
1.943471735867933958e+01
1.943471735867933958e+01
1.943471735867933958e+01
1.943471735867933958e+01
1.943471735867933958e+01
1.943471735867933958e+01
1.943471735867933958e+01
1.945222611305652904e+01
1.945222611305652904e+01
1.946973486743371495e+01
1.946973486743371495e+01
1.946973486743371495e+01
1.946973486743371495e+01
1.946973486743371495e+01
1.946973486743371495e+01
1.946973486743371495e+01
1.948724362181090797e+01
1.948724362181090797e+01
1.950475237618809388e+01
1.950475237618809388e+01
1.950475237618809388e+01
1.952226113056528334e+01
1.952226113056528334e+01
1.950475237618809388e+01
1.950475237618809388e+01
1.952226113056528334e+01
1.952226113056528334e+01
1.952226113056528334e+01
1.952226113056528334e+01
1.952226113056528334e+01
1.952226113056528334e+01
1.952226113056528334e+01
1.952226113056528334e+01
1.952226113056528334e+01
1.953976988494246925e+01
1.953976988494246925e+01
1.953976988494246925e+01
1.952226113056528334e+01
1.952226113056528334e+01
1.952226113056528334e+01
1.953976988494246925e+01
1.953976988494246925e+01
1.955727863931966226e+01
1.955727863931966226e+01
1.953976988494246925e+01
1.953976988494246925e+01
1.953976988494246925e+01
1.953976988494246925e+01
1.953976988494246925e+01
1.955727863931966226e+01
1.955727863931966226e+01
1.955727863931966226e+01
1.953976988494246925e+01
1.953976988494246925e+01
1.953976988494246925e+01
1.953976988494246925e+01
1.953976988494246925e+01
1.952226113056528334e+01
1.952226113056528334e+01
1.950475237618809388e+01
1.948724362181090797e+01
1.948724362181090797e+01
1.946973486743371495e+01
1.946973486743371495e+01
1.946973486743371495e+01
1.946973486743371495e+01
1.945222611305652904e+01
1.945222611305652904e+01
1.943471735867933958e+01
1.941720860430215012e+01
1.941720860430215012e+01
1.941720860430215012e+01
1.939969984992496421e+01
1.939969984992496421e+01
1.939969984992496421e+01
1.939969984992496421e+01
1.939969984992496421e+01
1.938219109554777475e+01
1.938219109554777475e+01
1.938219109554777475e+01
1.936468234117058529e+01
1.938219109554777475e+01
1.938219109554777475e+01
1.938219109554777475e+01
1.939969984992496421e+01
1.939969984992496421e+01
1.939969984992496421e+01
1.939969984992496421e+01
1.939969984992496421e+01
1.939969984992496421e+01
1.941720860430215012e+01
1.941720860430215012e+01
1.941720860430215012e+01
1.943471735867933958e+01
1.943471735867933958e+01
1.943471735867933958e+01
1.943471735867933958e+01
1.943471735867933958e+01
1.945222611305652904e+01
1.945222611305652904e+01
1.945222611305652904e+01
1.946973486743371495e+01
1.945222611305652904e+01
1.945222611305652904e+01
1.945222611305652904e+01
1.945222611305652904e+01
1.946973486743371495e+01
1.948724362181090797e+01
1.948724362181090797e+01
1.950475237618809388e+01
1.950475237618809388e+01
1.950475237618809388e+01
1.948724362181090797e+01
1.950475237618809388e+01
1.952226113056528334e+01
1.952226113056528334e+01
1.953976988494246925e+01
1.953976988494246925e+01
1.953976988494246925e+01
1.953976988494246925e+01
1.955727863931966226e+01
1.953976988494246925e+01
1.955727863931966226e+01
1.955727863931966226e+01
1.953976988494246925e+01
1.953976988494246925e+01
1.953976988494246925e+01
1.953976988494246925e+01
1.953976988494246925e+01
1.953976988494246925e+01
1.953976988494246925e+01
1.953976988494246925e+01
1.953976988494246925e+01
1.953976988494246925e+01
1.952226113056528334e+01
1.952226113056528334e+01
1.952226113056528334e+01
1.952226113056528334e+01
1.952226113056528334e+01
1.953976988494246925e+01
1.953976988494246925e+01
1.953976988494246925e+01
1.952226113056528334e+01
1.952226113056528334e+01
1.952226113056528334e+01
1.952226113056528334e+01
1.952226113056528334e+01
1.952226113056528334e+01
1.952226113056528334e+01
1.952226113056528334e+01
1.950475237618809388e+01
1.950475237618809388e+01
1.950475237618809388e+01
1.950475237618809388e+01
1.948724362181090797e+01
1.948724362181090797e+01
1.948724362181090797e+01
1.946973486743371495e+01
1.946973486743371495e+01
1.945222611305652904e+01
1.945222611305652904e+01
1.945222611305652904e+01
1.945222611305652904e+01
1.943471735867933958e+01
1.943471735867933958e+01
1.943471735867933958e+01
1.941720860430215012e+01
1.939969984992496421e+01
1.939969984992496421e+01
1.939969984992496421e+01
1.938219109554777475e+01
1.939969984992496421e+01
1.939969984992496421e+01
1.939969984992496421e+01
1.938219109554777475e+01
1.938219109554777475e+01
1.938219109554777475e+01
1.938219109554777475e+01
1.936468234117058529e+01
1.936468234117058529e+01
1.938219109554777475e+01
1.938219109554777475e+01
1.938219109554777475e+01
1.938219109554777475e+01
1.939969984992496421e+01
1.939969984992496421e+01
1.939969984992496421e+01
1.939969984992496421e+01
1.939969984992496421e+01
1.939969984992496421e+01
1.939969984992496421e+01
1.939969984992496421e+01
1.941720860430215012e+01
1.941720860430215012e+01
1.941720860430215012e+01
1.941720860430215012e+01
1.943471735867933958e+01
1.943471735867933958e+01
1.943471735867933958e+01
1.943471735867933958e+01
1.945222611305652904e+01
1.945222611305652904e+01
1.945222611305652904e+01
1.945222611305652904e+01
1.946973486743371495e+01
1.948724362181090797e+01
1.948724362181090797e+01
1.950475237618809388e+01
1.950475237618809388e+01
1.952226113056528334e+01
1.950475237618809388e+01
1.950475237618809388e+01
1.952226113056528334e+01
1.953976988494246925e+01
1.953976988494246925e+01
1.955727863931966226e+01
1.955727863931966226e+01
1.955727863931966226e+01
1.957478739369684817e+01
1.955727863931966226e+01
1.955727863931966226e+01
1.955727863931966226e+01
1.955727863931966226e+01
1.953976988494246925e+01
1.953976988494246925e+01
1.952226113056528334e+01
1.953976988494246925e+01
1.952226113056528334e+01
1.952226113056528334e+01
1.952226113056528334e+01
1.952226113056528334e+01
1.950475237618809388e+01
1.948724362181090797e+01
1.946973486743371495e+01
1.946973486743371495e+01
1.946973486743371495e+01
1.946973486743371495e+01
1.946973486743371495e+01
1.946973486743371495e+01
1.946973486743371495e+01
1.946973486743371495e+01
1.945222611305652904e+01
1.945222611305652904e+01
1.945222611305652904e+01
1.943471735867933958e+01
1.943471735867933958e+01
1.943471735867933958e+01
1.945222611305652904e+01
1.945222611305652904e+01
1.943471735867933958e+01
1.943471735867933958e+01
1.945222611305652904e+01
1.943471735867933958e+01
1.943471735867933958e+01
1.943471735867933958e+01
1.943471735867933958e+01
1.943471735867933958e+01
1.941720860430215012e+01
1.941720860430215012e+01
1.941720860430215012e+01
1.943471735867933958e+01
1.943471735867933958e+01
1.943471735867933958e+01
1.941720860430215012e+01
1.941720860430215012e+01
1.939969984992496421e+01
1.939969984992496421e+01
1.939969984992496421e+01
1.939969984992496421e+01
1.939969984992496421e+01
1.939969984992496421e+01
1.939969984992496421e+01
1.939969984992496421e+01
1.939969984992496421e+01
1.939969984992496421e+01
1.939969984992496421e+01
1.939969984992496421e+01
1.939969984992496421e+01
1.939969984992496421e+01
1.939969984992496421e+01
1.941720860430215012e+01
1.941720860430215012e+01
1.943471735867933958e+01
1.943471735867933958e+01
1.943471735867933958e+01
1.943471735867933958e+01
1.943471735867933958e+01
1.945222611305652904e+01
1.945222611305652904e+01
1.946973486743371495e+01
1.946973486743371495e+01
1.946973486743371495e+01
1.948724362181090797e+01
1.948724362181090797e+01
1.950475237618809388e+01
1.950475237618809388e+01
1.952226113056528334e+01
1.952226113056528334e+01
1.952226113056528334e+01
1.953976988494246925e+01
1.953976988494246925e+01
1.953976988494246925e+01
1.955727863931966226e+01
1.957478739369684817e+01
1.959229614807403763e+01
1.959229614807403763e+01
1.960980490245122709e+01
1.960980490245122709e+01
1.962731365682841300e+01
1.962731365682841300e+01
1.962731365682841300e+01
1.962731365682841300e+01
1.964482241120560246e+01
1.964482241120560246e+01
1.966233116558279193e+01
1.966233116558279193e+01
1.966233116558279193e+01
1.966233116558279193e+01
1.966233116558279193e+01
1.966233116558279193e+01
1.966233116558279193e+01
1.964482241120560246e+01
1.964482241120560246e+01
1.962731365682841300e+01
1.962731365682841300e+01
1.962731365682841300e+01
1.962731365682841300e+01
1.962731365682841300e+01
1.960980490245122709e+01
1.960980490245122709e+01
1.959229614807403763e+01
1.957478739369684817e+01
1.955727863931966226e+01
1.953976988494246925e+01
1.953976988494246925e+01
1.953976988494246925e+01
1.953976988494246925e+01
1.952226113056528334e+01
1.952226113056528334e+01
1.950475237618809388e+01
1.948724362181090797e+01
1.948724362181090797e+01
1.948724362181090797e+01
1.946973486743371495e+01
1.946973486743371495e+01
1.946973486743371495e+01
1.946973486743371495e+01
1.946973486743371495e+01
1.946973486743371495e+01
1.946973486743371495e+01
1.945222611305652904e+01
1.945222611305652904e+01
1.945222611305652904e+01
1.945222611305652904e+01
1.945222611305652904e+01
1.943471735867933958e+01
1.943471735867933958e+01
1.943471735867933958e+01
1.943471735867933958e+01
1.941720860430215012e+01
1.941720860430215012e+01
1.941720860430215012e+01
1.941720860430215012e+01
1.939969984992496421e+01
1.938219109554777475e+01
1.938219109554777475e+01
1.938219109554777475e+01
1.938219109554777475e+01
1.938219109554777475e+01
1.938219109554777475e+01
1.938219109554777475e+01
1.936468234117058529e+01
1.936468234117058529e+01
1.938219109554777475e+01
1.938219109554777475e+01
1.938219109554777475e+01
1.938219109554777475e+01
1.938219109554777475e+01
1.938219109554777475e+01
1.938219109554777475e+01
1.939969984992496421e+01
1.941720860430215012e+01
1.941720860430215012e+01
1.941720860430215012e+01
1.941720860430215012e+01
1.941720860430215012e+01
1.941720860430215012e+01
1.943471735867933958e+01
1.943471735867933958e+01
1.945222611305652904e+01
1.945222611305652904e+01
1.946973486743371495e+01
1.946973486743371495e+01
1.946973486743371495e+01
1.948724362181090797e+01
1.948724362181090797e+01
1.948724362181090797e+01
1.948724362181090797e+01
1.950475237618809388e+01
1.950475237618809388e+01
1.952226113056528334e+01
1.953976988494246925e+01
1.953976988494246925e+01
1.953976988494246925e+01
1.955727863931966226e+01
1.955727863931966226e+01
1.957478739369684817e+01
1.957478739369684817e+01
1.957478739369684817e+01
1.959229614807403763e+01
1.959229614807403763e+01
1.959229614807403763e+01
1.959229614807403763e+01
1.960980490245122709e+01
1.960980490245122709e+01
1.960980490245122709e+01
1.960980490245122709e+01
1.960980490245122709e+01
1.959229614807403763e+01
1.959229614807403763e+01
1.959229614807403763e+01
1.957478739369684817e+01
1.957478739369684817e+01
1.957478739369684817e+01
1.957478739369684817e+01
1.957478739369684817e+01
1.957478739369684817e+01
1.957478739369684817e+01
1.955727863931966226e+01
1.953976988494246925e+01
1.953976988494246925e+01
1.952226113056528334e+01
1.952226113056528334e+01
1.952226113056528334e+01
1.952226113056528334e+01
1.950475237618809388e+01
1.950475237618809388e+01
1.948724362181090797e+01
1.946973486743371495e+01
1.946973486743371495e+01
1.946973486743371495e+01
1.945222611305652904e+01
1.945222611305652904e+01
1.945222611305652904e+01
1.945222611305652904e+01
1.945222611305652904e+01
1.945222611305652904e+01
1.945222611305652904e+01
1.945222611305652904e+01
1.943471735867933958e+01
1.943471735867933958e+01
1.943471735867933958e+01
1.941720860430215012e+01
1.941720860430215012e+01
1.941720860430215012e+01
1.941720860430215012e+01
1.941720860430215012e+01
1.939969984992496421e+01
1.939969984992496421e+01
1.939969984992496421e+01
1.939969984992496421e+01
1.939969984992496421e+01
1.939969984992496421e+01
1.939969984992496421e+01
1.939969984992496421e+01
1.939969984992496421e+01
1.939969984992496421e+01
1.941720860430215012e+01
1.941720860430215012e+01
1.941720860430215012e+01
1.941720860430215012e+01
1.941720860430215012e+01
1.941720860430215012e+01
1.941720860430215012e+01
1.943471735867933958e+01
1.943471735867933958e+01
1.945222611305652904e+01
1.945222611305652904e+01
1.945222611305652904e+01
1.946973486743371495e+01
1.946973486743371495e+01
1.946973486743371495e+01
1.946973486743371495e+01
1.946973486743371495e+01
1.946973486743371495e+01
1.946973486743371495e+01
1.946973486743371495e+01
1.946973486743371495e+01
1.948724362181090797e+01
1.946973486743371495e+01
1.946973486743371495e+01
1.946973486743371495e+01
1.948724362181090797e+01
1.946973486743371495e+01
1.946973486743371495e+01
1.946973486743371495e+01
1.948724362181090797e+01
1.946973486743371495e+01
1.948724362181090797e+01
1.950475237618809388e+01
1.952226113056528334e+01
1.952226113056528334e+01
1.952226113056528334e+01
1.953976988494246925e+01
1.952226113056528334e+01
1.952226113056528334e+01
1.953976988494246925e+01
1.955727863931966226e+01
1.957478739369684817e+01
1.959229614807403763e+01
1.959229614807403763e+01
1.959229614807403763e+01
1.960980490245122709e+01
1.960980490245122709e+01
1.960980490245122709e+01
1.960980490245122709e+01
1.960980490245122709e+01
1.960980490245122709e+01
1.960980490245122709e+01
1.959229614807403763e+01
1.959229614807403763e+01
1.960980490245122709e+01
1.959229614807403763e+01
1.959229614807403763e+01
1.959229614807403763e+01
1.957478739369684817e+01
1.957478739369684817e+01
1.955727863931966226e+01
1.953976988494246925e+01
1.952226113056528334e+01
1.952226113056528334e+01
1.952226113056528334e+01
1.952226113056528334e+01
1.952226113056528334e+01
1.950475237618809388e+01
1.950475237618809388e+01
1.948724362181090797e+01
1.948724362181090797e+01
1.946973486743371495e+01
1.946973486743371495e+01
1.946973486743371495e+01
1.946973486743371495e+01
1.946973486743371495e+01
1.945222611305652904e+01
1.945222611305652904e+01
1.945222611305652904e+01
1.945222611305652904e+01
1.945222611305652904e+01
1.945222611305652904e+01
1.945222611305652904e+01
1.945222611305652904e+01
1.943471735867933958e+01
1.943471735867933958e+01
1.943471735867933958e+01
1.943471735867933958e+01
1.943471735867933958e+01
1.943471735867933958e+01
1.943471735867933958e+01
1.943471735867933958e+01
1.943471735867933958e+01
1.943471735867933958e+01
1.943471735867933958e+01
1.945222611305652904e+01
1.943471735867933958e+01
1.945222611305652904e+01
1.945222611305652904e+01
1.946973486743371495e+01
1.946973486743371495e+01
1.948724362181090797e+01
1.948724362181090797e+01
1.950475237618809388e+01
1.948724362181090797e+01
1.950475237618809388e+01
1.950475237618809388e+01
1.952226113056528334e+01
1.952226113056528334e+01
1.952226113056528334e+01
1.952226113056528334e+01
1.953976988494246925e+01
1.953976988494246925e+01
1.952226113056528334e+01
1.952226113056528334e+01
1.952226113056528334e+01
1.952226113056528334e+01
1.950475237618809388e+01
1.950475237618809388e+01
1.950475237618809388e+01
1.952226113056528334e+01
1.950475237618809388e+01
1.950475237618809388e+01
1.950475237618809388e+01
1.948724362181090797e+01
1.948724362181090797e+01
1.946973486743371495e+01
1.946973486743371495e+01
1.946973486743371495e+01
1.946973486743371495e+01
1.946973486743371495e+01
1.946973486743371495e+01
1.946973486743371495e+01
1.946973486743371495e+01
1.946973486743371495e+01
1.945222611305652904e+01
1.946973486743371495e+01
1.945222611305652904e+01
1.945222611305652904e+01
1.946973486743371495e+01
1.948724362181090797e+01
1.948724362181090797e+01
1.948724362181090797e+01
1.948724362181090797e+01
1.950475237618809388e+01
1.945222611305652904e+01
1.946973486743371495e+01
1.948724362181090797e+01
1.950475237618809388e+01
1.950475237618809388e+01
1.950475237618809388e+01
1.948724362181090797e+01
1.946973486743371495e+01
1.945222611305652904e+01
1.945222611305652904e+01
1.945222611305652904e+01
1.945222611305652904e+01
1.945222611305652904e+01
1.943471735867933958e+01
1.941720860430215012e+01
1.939969984992496421e+01
1.939969984992496421e+01
1.939969984992496421e+01
1.938219109554777475e+01
1.938219109554777475e+01
1.938219109554777475e+01
1.938219109554777475e+01
1.938219109554777475e+01
1.936468234117058529e+01
1.936468234117058529e+01
1.936468234117058529e+01
1.934717358679339583e+01
1.936468234117058529e+01
1.936468234117058529e+01
1.936468234117058529e+01
1.934717358679339583e+01
1.934717358679339583e+01
1.936468234117058529e+01
1.934717358679339583e+01
1.934717358679339583e+01
1.936468234117058529e+01
1.936468234117058529e+01
1.936468234117058529e+01
1.934717358679339583e+01
1.932966483241620992e+01
1.931215607803901690e+01
1.932966483241620992e+01
1.934717358679339583e+01
1.936468234117058529e+01
1.938219109554777475e+01
1.938219109554777475e+01
1.938219109554777475e+01
1.936468234117058529e+01
1.938219109554777475e+01
1.938219109554777475e+01
1.939969984992496421e+01
1.941720860430215012e+01
1.943471735867933958e+01
1.943471735867933958e+01
1.945222611305652904e+01
1.945222611305652904e+01
1.946973486743371495e+01
1.946973486743371495e+01
1.946973486743371495e+01
1.948724362181090797e+01
1.950475237618809388e+01
1.952226113056528334e+01
1.952226113056528334e+01
1.952226113056528334e+01
1.952226113056528334e+01
1.952226113056528334e+01
1.952226113056528334e+01
1.953976988494246925e+01
1.953976988494246925e+01
1.953976988494246925e+01
1.953976988494246925e+01
1.952226113056528334e+01
1.950475237618809388e+01
1.952226113056528334e+01
1.952226113056528334e+01
1.953976988494246925e+01
1.955727863931966226e+01
1.955727863931966226e+01
1.953976988494246925e+01
1.952226113056528334e+01
1.950475237618809388e+01
1.952226113056528334e+01
1.952226113056528334e+01
1.953976988494246925e+01
1.953976988494246925e+01
1.953976988494246925e+01
1.953976988494246925e+01
1.952226113056528334e+01
1.952226113056528334e+01
1.953976988494246925e+01
1.952226113056528334e+01
1.952226113056528334e+01
1.953976988494246925e+01
1.953976988494246925e+01
1.953976988494246925e+01
1.953976988494246925e+01
1.952226113056528334e+01
1.952226113056528334e+01
1.953976988494246925e+01
1.952226113056528334e+01
1.953976988494246925e+01
1.953976988494246925e+01
1.952226113056528334e+01
1.952226113056528334e+01
1.950475237618809388e+01
1.948724362181090797e+01
1.950475237618809388e+01
1.948724362181090797e+01
1.948724362181090797e+01
1.948724362181090797e+01
1.948724362181090797e+01
1.946973486743371495e+01
1.946973486743371495e+01
1.945222611305652904e+01
1.945222611305652904e+01
1.945222611305652904e+01
1.943471735867933958e+01
1.943471735867933958e+01
1.943471735867933958e+01
1.943471735867933958e+01
1.941720860430215012e+01
1.939969984992496421e+01
1.941720860430215012e+01
1.939969984992496421e+01
1.939969984992496421e+01
1.939969984992496421e+01
1.939969984992496421e+01
1.938219109554777475e+01
1.936468234117058529e+01
1.934717358679339583e+01
1.934717358679339583e+01
1.931215607803901690e+01
1.932966483241620992e+01
1.932966483241620992e+01
1.934717358679339583e+01
1.932966483241620992e+01
1.932966483241620992e+01
1.929464732366183100e+01
1.929464732366183100e+01
1.929464732366183100e+01
1.929464732366183100e+01
1.929464732366183100e+01
1.931215607803901690e+01
1.931215607803901690e+01
1.929464732366183100e+01
1.929464732366183100e+01
1.927713856928464509e+01
1.925962981490745562e+01
1.929464732366183100e+01
1.931215607803901690e+01
1.932966483241620992e+01
1.934717358679339583e+01
1.934717358679339583e+01
1.934717358679339583e+01
1.936468234117058529e+01
1.934717358679339583e+01
1.936468234117058529e+01
1.938219109554777475e+01
1.941720860430215012e+01
1.941720860430215012e+01
1.943471735867933958e+01
1.945222611305652904e+01
1.946973486743371495e+01
1.946973486743371495e+01
1.948724362181090797e+01
1.948724362181090797e+01
1.948724362181090797e+01
1.948724362181090797e+01
1.948724362181090797e+01
1.948724362181090797e+01
1.948724362181090797e+01
1.948724362181090797e+01
1.950475237618809388e+01
1.950475237618809388e+01
1.950475237618809388e+01
1.950475237618809388e+01
1.950475237618809388e+01
1.950475237618809388e+01
1.948724362181090797e+01
1.946973486743371495e+01
1.945222611305652904e+01
1.946973486743371495e+01
1.948724362181090797e+01
1.950475237618809388e+01
1.950475237618809388e+01
1.950475237618809388e+01
1.948724362181090797e+01
1.948724362181090797e+01
1.950475237618809388e+01
1.950475237618809388e+01
1.950475237618809388e+01
1.950475237618809388e+01
1.950475237618809388e+01
1.950475237618809388e+01
1.950475237618809388e+01
1.952226113056528334e+01
1.953976988494246925e+01
1.952226113056528334e+01
1.952226113056528334e+01
1.952226113056528334e+01
1.952226113056528334e+01
1.952226113056528334e+01
1.952226113056528334e+01
1.952226113056528334e+01
1.952226113056528334e+01
1.950475237618809388e+01
1.950475237618809388e+01
1.950475237618809388e+01
1.950475237618809388e+01
1.950475237618809388e+01
1.950475237618809388e+01
1.950475237618809388e+01
1.950475237618809388e+01
1.948724362181090797e+01
1.948724362181090797e+01
1.950475237618809388e+01
1.950475237618809388e+01
1.950475237618809388e+01
1.950475237618809388e+01
1.950475237618809388e+01
1.950475237618809388e+01
1.950475237618809388e+01
1.948724362181090797e+01
1.948724362181090797e+01
1.948724362181090797e+01
1.948724362181090797e+01
1.948724362181090797e+01
1.946973486743371495e+01
1.946973486743371495e+01
1.946973486743371495e+01
1.946973486743371495e+01
1.945222611305652904e+01
1.945222611305652904e+01
1.945222611305652904e+01
1.943471735867933958e+01
1.943471735867933958e+01
1.941720860430215012e+01
1.941720860430215012e+01
1.941720860430215012e+01
1.941720860430215012e+01
1.941720860430215012e+01
1.941720860430215012e+01
1.939969984992496421e+01
1.939969984992496421e+01
1.939969984992496421e+01
1.939969984992496421e+01
1.939969984992496421e+01
1.941720860430215012e+01
1.941720860430215012e+01
1.943471735867933958e+01
1.943471735867933958e+01
1.943471735867933958e+01
1.943471735867933958e+01
1.943471735867933958e+01
1.943471735867933958e+01
1.945222611305652904e+01
1.946973486743371495e+01
1.948724362181090797e+01
1.948724362181090797e+01
1.950475237618809388e+01
1.950475237618809388e+01
1.950475237618809388e+01
1.950475237618809388e+01
1.950475237618809388e+01
1.952226113056528334e+01
1.953976988494246925e+01
1.953976988494246925e+01
1.953976988494246925e+01
1.953976988494246925e+01
1.953976988494246925e+01
1.953976988494246925e+01
1.952226113056528334e+01
1.953976988494246925e+01
1.953976988494246925e+01
1.953976988494246925e+01
1.953976988494246925e+01
1.952226113056528334e+01
1.952226113056528334e+01
1.952226113056528334e+01
1.950475237618809388e+01
1.950475237618809388e+01
1.952226113056528334e+01
1.952226113056528334e+01
1.952226113056528334e+01
1.950475237618809388e+01
1.950475237618809388e+01
1.950475237618809388e+01
1.948724362181090797e+01
1.948724362181090797e+01
1.948724362181090797e+01
1.948724362181090797e+01
1.948724362181090797e+01
1.946973486743371495e+01
1.946973486743371495e+01
1.946973486743371495e+01
1.948724362181090797e+01
1.946973486743371495e+01
1.946973486743371495e+01
1.946973486743371495e+01
1.945222611305652904e+01
1.943471735867933958e+01
1.941720860430215012e+01
1.941720860430215012e+01
1.945222611305652904e+01
1.943471735867933958e+01
1.943471735867933958e+01
1.943471735867933958e+01
1.943471735867933958e+01
1.941720860430215012e+01
1.941720860430215012e+01
1.939969984992496421e+01
1.941720860430215012e+01
1.941720860430215012e+01
1.941720860430215012e+01
1.943471735867933958e+01
1.943471735867933958e+01
1.943471735867933958e+01
1.941720860430215012e+01
1.941720860430215012e+01
1.943471735867933958e+01
1.941720860430215012e+01
1.941720860430215012e+01
1.941720860430215012e+01
1.941720860430215012e+01
1.941720860430215012e+01
1.939969984992496421e+01
1.939969984992496421e+01
1.941720860430215012e+01
1.939969984992496421e+01
1.939969984992496421e+01
1.939969984992496421e+01
1.939969984992496421e+01
1.939969984992496421e+01
1.938219109554777475e+01
1.936468234117058529e+01
1.938219109554777475e+01
1.938219109554777475e+01
1.938219109554777475e+01
1.938219109554777475e+01
1.938219109554777475e+01
1.938219109554777475e+01
1.938219109554777475e+01
1.938219109554777475e+01
1.939969984992496421e+01
1.938219109554777475e+01
1.938219109554777475e+01
1.939969984992496421e+01
1.941720860430215012e+01
1.941720860430215012e+01
1.943471735867933958e+01
1.943471735867933958e+01
1.943471735867933958e+01
1.943471735867933958e+01
1.943471735867933958e+01
1.945222611305652904e+01
1.946973486743371495e+01
1.948724362181090797e+01
1.948724362181090797e+01
1.948724362181090797e+01
1.950475237618809388e+01
1.950475237618809388e+01
1.950475237618809388e+01
1.952226113056528334e+01
1.952226113056528334e+01
1.953976988494246925e+01
1.953976988494246925e+01
1.953976988494246925e+01
1.953976988494246925e+01
1.955727863931966226e+01
1.955727863931966226e+01
1.955727863931966226e+01
1.955727863931966226e+01
1.955727863931966226e+01
1.957478739369684817e+01
1.957478739369684817e+01
1.955727863931966226e+01
1.955727863931966226e+01
1.955727863931966226e+01
1.955727863931966226e+01
1.955727863931966226e+01
1.955727863931966226e+01
1.955727863931966226e+01
1.955727863931966226e+01
1.953976988494246925e+01
1.953976988494246925e+01
1.953976988494246925e+01
1.952226113056528334e+01
1.952226113056528334e+01
1.952226113056528334e+01
1.952226113056528334e+01
1.952226113056528334e+01
1.950475237618809388e+01
1.950475237618809388e+01
1.950475237618809388e+01
1.948724362181090797e+01
1.948724362181090797e+01
1.948724362181090797e+01
1.946973486743371495e+01
1.946973486743371495e+01
1.945222611305652904e+01
1.943471735867933958e+01
1.945222611305652904e+01
1.945222611305652904e+01
1.943471735867933958e+01
1.943471735867933958e+01
1.943471735867933958e+01
1.943471735867933958e+01
1.943471735867933958e+01
1.941720860430215012e+01
1.943471735867933958e+01
1.941720860430215012e+01
1.941720860430215012e+01
1.941720860430215012e+01
1.943471735867933958e+01
1.943471735867933958e+01
1.943471735867933958e+01
1.943471735867933958e+01
1.945222611305652904e+01
1.943471735867933958e+01
1.943471735867933958e+01
1.945222611305652904e+01
1.945222611305652904e+01
1.946973486743371495e+01
1.946973486743371495e+01
1.946973486743371495e+01
1.946973486743371495e+01
1.948724362181090797e+01
1.948724362181090797e+01
1.948724362181090797e+01
1.948724362181090797e+01
1.948724362181090797e+01
1.946973486743371495e+01
1.946973486743371495e+01
1.946973486743371495e+01
1.948724362181090797e+01
1.948724362181090797e+01
1.948724362181090797e+01
1.948724362181090797e+01
1.948724362181090797e+01
1.946973486743371495e+01
1.946973486743371495e+01
1.946973486743371495e+01
1.946973486743371495e+01
1.946973486743371495e+01
1.948724362181090797e+01
1.948724362181090797e+01
1.948724362181090797e+01
1.950475237618809388e+01
1.950475237618809388e+01
1.950475237618809388e+01
1.950475237618809388e+01
1.950475237618809388e+01
1.952226113056528334e+01
1.952226113056528334e+01
1.953976988494246925e+01
1.955727863931966226e+01
1.955727863931966226e+01
1.955727863931966226e+01
1.957478739369684817e+01
1.957478739369684817e+01
1.957478739369684817e+01
1.957478739369684817e+01
1.959229614807403763e+01
1.959229614807403763e+01
1.959229614807403763e+01
1.959229614807403763e+01
1.960980490245122709e+01
1.960980490245122709e+01
1.960980490245122709e+01
1.960980490245122709e+01
1.960980490245122709e+01
1.960980490245122709e+01
1.960980490245122709e+01
1.960980490245122709e+01
1.960980490245122709e+01
1.962731365682841300e+01
1.960980490245122709e+01
1.960980490245122709e+01
1.960980490245122709e+01
1.960980490245122709e+01
1.959229614807403763e+01
1.959229614807403763e+01
1.959229614807403763e+01
1.957478739369684817e+01
1.957478739369684817e+01
1.955727863931966226e+01
1.953976988494246925e+01
1.953976988494246925e+01
1.953976988494246925e+01
1.952226113056528334e+01
1.950475237618809388e+01
1.948724362181090797e+01
1.950475237618809388e+01
1.948724362181090797e+01
1.946973486743371495e+01
1.945222611305652904e+01
1.945222611305652904e+01
1.943471735867933958e+01
1.941720860430215012e+01
1.939969984992496421e+01
1.939969984992496421e+01
1.939969984992496421e+01
1.938219109554777475e+01
1.938219109554777475e+01
1.936468234117058529e+01
1.934717358679339583e+01
1.932966483241620992e+01
1.931215607803901690e+01
1.932966483241620992e+01
1.932966483241620992e+01
1.932966483241620992e+01
1.932966483241620992e+01
1.932966483241620992e+01
1.932966483241620992e+01
1.932966483241620992e+01
1.932966483241620992e+01
1.934717358679339583e+01
1.932966483241620992e+01
1.932966483241620992e+01
1.934717358679339583e+01
1.936468234117058529e+01
1.936468234117058529e+01
1.938219109554777475e+01
1.938219109554777475e+01
1.938219109554777475e+01
1.936468234117058529e+01
1.938219109554777475e+01
1.938219109554777475e+01
1.939969984992496421e+01
1.939969984992496421e+01
1.939969984992496421e+01
1.939969984992496421e+01
1.939969984992496421e+01
1.939969984992496421e+01
1.939969984992496421e+01
1.941720860430215012e+01
1.943471735867933958e+01
1.943471735867933958e+01
1.941720860430215012e+01
1.941720860430215012e+01
1.941720860430215012e+01
1.941720860430215012e+01
1.943471735867933958e+01
1.945222611305652904e+01
1.945222611305652904e+01
1.945222611305652904e+01
1.945222611305652904e+01
1.945222611305652904e+01
1.946973486743371495e+01
1.946973486743371495e+01
1.946973486743371495e+01
1.946973486743371495e+01
1.948724362181090797e+01
1.950475237618809388e+01
1.950475237618809388e+01
1.952226113056528334e+01
1.952226113056528334e+01
1.953976988494246925e+01
1.952226113056528334e+01
1.952226113056528334e+01
1.953976988494246925e+01
1.955727863931966226e+01
1.955727863931966226e+01
1.955727863931966226e+01
1.955727863931966226e+01
1.957478739369684817e+01
1.957478739369684817e+01
1.957478739369684817e+01
1.959229614807403763e+01
1.959229614807403763e+01
1.959229614807403763e+01
1.957478739369684817e+01
1.957478739369684817e+01
1.957478739369684817e+01
1.959229614807403763e+01
1.959229614807403763e+01
1.959229614807403763e+01
1.959229614807403763e+01
1.959229614807403763e+01
1.957478739369684817e+01
1.957478739369684817e+01
1.957478739369684817e+01
1.957478739369684817e+01
1.957478739369684817e+01
1.955727863931966226e+01
1.955727863931966226e+01
1.953976988494246925e+01
1.953976988494246925e+01
1.953976988494246925e+01
1.952226113056528334e+01
1.952226113056528334e+01
1.952226113056528334e+01
1.950475237618809388e+01
1.948724362181090797e+01
1.948724362181090797e+01
1.946973486743371495e+01
1.945222611305652904e+01
1.943471735867933958e+01
1.943471735867933958e+01
1.943471735867933958e+01
1.941720860430215012e+01
1.941720860430215012e+01
1.939969984992496421e+01
1.939969984992496421e+01
1.938219109554777475e+01
1.938219109554777475e+01
1.938219109554777475e+01
1.936468234117058529e+01
1.936468234117058529e+01
1.936468234117058529e+01
1.936468234117058529e+01
1.936468234117058529e+01
1.936468234117058529e+01
1.936468234117058529e+01
1.938219109554777475e+01
1.938219109554777475e+01
1.938219109554777475e+01
1.938219109554777475e+01
1.939969984992496421e+01
1.939969984992496421e+01
1.941720860430215012e+01
1.941720860430215012e+01
1.943471735867933958e+01
1.943471735867933958e+01
1.943471735867933958e+01
1.943471735867933958e+01
1.943471735867933958e+01
1.945222611305652904e+01
1.945222611305652904e+01
1.946973486743371495e+01
1.946973486743371495e+01
1.946973486743371495e+01
1.946973486743371495e+01
1.948724362181090797e+01
1.950475237618809388e+01
1.950475237618809388e+01
1.950475237618809388e+01
1.950475237618809388e+01
1.950475237618809388e+01
1.950475237618809388e+01
1.950475237618809388e+01
1.950475237618809388e+01
1.952226113056528334e+01
1.952226113056528334e+01
1.952226113056528334e+01
1.952226113056528334e+01
1.952226113056528334e+01
1.952226113056528334e+01
1.950475237618809388e+01
1.950475237618809388e+01
1.952226113056528334e+01
1.952226113056528334e+01
1.952226113056528334e+01
1.953976988494246925e+01
1.953976988494246925e+01
1.953976988494246925e+01
1.953976988494246925e+01
1.952226113056528334e+01
1.952226113056528334e+01
1.952226113056528334e+01
1.952226113056528334e+01
1.952226113056528334e+01
1.952226113056528334e+01
1.952226113056528334e+01
1.952226113056528334e+01
1.952226113056528334e+01
1.952226113056528334e+01
1.952226113056528334e+01
1.952226113056528334e+01
1.952226113056528334e+01
1.952226113056528334e+01
1.952226113056528334e+01
1.950475237618809388e+01
1.950475237618809388e+01
1.952226113056528334e+01
1.952226113056528334e+01
1.952226113056528334e+01
1.952226113056528334e+01
1.952226113056528334e+01
1.952226113056528334e+01
1.952226113056528334e+01
1.950475237618809388e+01
1.952226113056528334e+01
1.952226113056528334e+01
1.948724362181090797e+01
1.938219109554777475e+01
1.931215607803901690e+01
1.932966483241620992e+01
1.938219109554777475e+01
1.939969984992496421e+01
1.934717358679339583e+01
1.931215607803901690e+01
1.922461230615307670e+01
1.925962981490745562e+01
1.929464732366183100e+01
1.929464732366183100e+01
1.931215607803901690e+01
1.929464732366183100e+01
1.929464732366183100e+01
1.925962981490745562e+01
1.917208604302151187e+01
1.918959479739869778e+01
1.922461230615307670e+01
1.925962981490745562e+01
1.927713856928464509e+01
1.927713856928464509e+01
1.927713856928464509e+01
1.924212106053026616e+01
1.915457728864432241e+01
1.920710355177588724e+01
1.924212106053026616e+01
1.925962981490745562e+01
1.927713856928464509e+01
1.929464732366183100e+01
1.929464732366183100e+01
1.927713856928464509e+01
1.920710355177588724e+01
1.922461230615307670e+01
1.929464732366183100e+01
1.932966483241620992e+01
1.936468234117058529e+01
1.939969984992496421e+01
1.939969984992496421e+01
1.939969984992496421e+01
1.934717358679339583e+01
1.932966483241620992e+01
1.938219109554777475e+01
1.943471735867933958e+01
1.946973486743371495e+01
1.948724362181090797e+01
1.948724362181090797e+01
1.948724362181090797e+01
1.943471735867933958e+01
1.943471735867933958e+01
1.948724362181090797e+01
1.953976988494246925e+01
1.955727863931966226e+01
1.957478739369684817e+01
1.959229614807403763e+01
1.957478739369684817e+01
1.955727863931966226e+01
1.948724362181090797e+01
1.957478739369684817e+01
1.959229614807403763e+01
1.960980490245122709e+01
1.960980490245122709e+01
1.960980490245122709e+01
1.959229614807403763e+01
1.955727863931966226e+01
1.952226113056528334e+01
1.953976988494246925e+01
1.959229614807403763e+01
1.962731365682841300e+01
1.962731365682841300e+01
1.962731365682841300e+01
1.960980490245122709e+01
1.959229614807403763e+01
1.955727863931966226e+01
1.950475237618809388e+01
1.957478739369684817e+01
1.959229614807403763e+01
1.960980490245122709e+01
1.960980490245122709e+01
1.959229614807403763e+01
1.955727863931966226e+01
1.952226113056528334e+01
1.946973486743371495e+01
1.953976988494246925e+01
1.957478739369684817e+01
1.959229614807403763e+01
1.959229614807403763e+01
1.957478739369684817e+01
1.955727863931966226e+01
1.952226113056528334e+01
1.948724362181090797e+01
1.955727863931966226e+01
1.959229614807403763e+01
1.959229614807403763e+01
1.959229614807403763e+01
1.957478739369684817e+01
1.953976988494246925e+01
1.952226113056528334e+01
1.950475237618809388e+01
1.959229614807403763e+01
1.957478739369684817e+01
1.955727863931966226e+01
1.952226113056528334e+01
1.948724362181090797e+01
1.941720860430215012e+01
1.945222611305652904e+01
1.943471735867933958e+01
1.943471735867933958e+01
1.941720860430215012e+01
1.941720860430215012e+01
1.941720860430215012e+01
1.941720860430215012e+01
1.941720860430215012e+01
1.939969984992496421e+01
1.939969984992496421e+01
1.938219109554777475e+01
1.936468234117058529e+01
1.936468234117058529e+01
1.936468234117058529e+01
1.936468234117058529e+01
1.934717358679339583e+01
1.934717358679339583e+01
1.934717358679339583e+01
1.934717358679339583e+01
1.934717358679339583e+01
1.932966483241620992e+01
1.932966483241620992e+01
1.932966483241620992e+01
1.932966483241620992e+01
1.934717358679339583e+01
1.936468234117058529e+01
1.936468234117058529e+01
1.936468234117058529e+01
1.936468234117058529e+01
1.936468234117058529e+01
1.938219109554777475e+01
1.936468234117058529e+01
1.938219109554777475e+01
1.939969984992496421e+01
1.941720860430215012e+01
1.941720860430215012e+01
1.941720860430215012e+01
1.941720860430215012e+01
1.943471735867933958e+01
1.945222611305652904e+01
1.946973486743371495e+01
1.948724362181090797e+01
1.948724362181090797e+01
1.948724362181090797e+01
1.948724362181090797e+01
1.948724362181090797e+01
1.952226113056528334e+01
1.952226113056528334e+01
1.953976988494246925e+01
1.953976988494246925e+01
1.955727863931966226e+01
1.955727863931966226e+01
1.953976988494246925e+01
1.953976988494246925e+01
1.955727863931966226e+01
1.955727863931966226e+01
1.955727863931966226e+01
1.955727863931966226e+01
1.955727863931966226e+01
1.955727863931966226e+01
1.955727863931966226e+01
1.953976988494246925e+01
1.953976988494246925e+01
1.953976988494246925e+01
1.952226113056528334e+01
1.952226113056528334e+01
1.952226113056528334e+01
1.952226113056528334e+01
1.950475237618809388e+01
1.946973486743371495e+01
1.945222611305652904e+01
1.946973486743371495e+01
1.946973486743371495e+01
1.946973486743371495e+01
1.946973486743371495e+01
1.945222611305652904e+01
1.943471735867933958e+01
1.941720860430215012e+01
1.936468234117058529e+01
1.929464732366183100e+01
1.936468234117058529e+01
1.938219109554777475e+01
1.938219109554777475e+01
1.938219109554777475e+01
1.938219109554777475e+01
1.936468234117058529e+01
1.932966483241620992e+01
1.931215607803901690e+01
1.932966483241620992e+01
1.932966483241620992e+01
1.932966483241620992e+01
1.934717358679339583e+01
1.934717358679339583e+01
1.932966483241620992e+01
1.932966483241620992e+01
1.931215607803901690e+01
1.932966483241620992e+01
1.931215607803901690e+01
1.931215607803901690e+01
1.931215607803901690e+01
1.931215607803901690e+01
1.931215607803901690e+01
1.929464732366183100e+01
1.927713856928464509e+01
1.931215607803901690e+01
1.929464732366183100e+01
1.929464732366183100e+01
1.929464732366183100e+01
1.929464732366183100e+01
1.927713856928464509e+01
1.924212106053026616e+01
1.918959479739869778e+01
1.911955977988994348e+01
1.915457728864432241e+01
1.920710355177588724e+01
1.922461230615307670e+01
1.924212106053026616e+01
1.922461230615307670e+01
1.920710355177588724e+01
1.915457728864432241e+01
1.906703351675837865e+01
1.906703351675837865e+01
1.910205102551275758e+01
1.915457728864432241e+01
1.917208604302151187e+01
1.918959479739869778e+01
1.917208604302151187e+01
1.911955977988994348e+01
1.903201600800400328e+01
1.901450725362681382e+01
1.906703351675837865e+01
1.911955977988994348e+01
1.915457728864432241e+01
1.917208604302151187e+01
1.915457728864432241e+01
1.910205102551275758e+01
1.904952476238119274e+01
1.903201600800400328e+01
1.906703351675837865e+01
1.911955977988994348e+01
1.917208604302151187e+01
1.920710355177588724e+01
1.920710355177588724e+01
1.917208604302151187e+01
1.910205102551275758e+01
1.906703351675837865e+01
1.910205102551275758e+01
1.913706853426713295e+01
1.920710355177588724e+01
1.924212106053026616e+01
1.925962981490745562e+01
1.925962981490745562e+01
1.918959479739869778e+01
1.911955977988994348e+01
1.910205102551275758e+01
1.911955977988994348e+01
1.918959479739869778e+01
1.925962981490745562e+01
1.927713856928464509e+01
1.924212106053026616e+01
1.920710355177588724e+01
1.915457728864432241e+01
1.910205102551275758e+01
1.908454227113556811e+01
1.908454227113556811e+01
1.913706853426713295e+01
1.922461230615307670e+01
1.922461230615307670e+01
1.917208604302151187e+01
1.910205102551275758e+01
1.904952476238119274e+01
1.901450725362681382e+01
1.899699849924962436e+01
1.901450725362681382e+01
1.901450725362681382e+01
1.906703351675837865e+01
1.903201600800400328e+01
1.897948974487243490e+01
1.894447223611805953e+01
1.890945472736368416e+01
1.890945472736368416e+01
1.890945472736368416e+01
1.892696348174087362e+01
1.899699849924962436e+01
1.892696348174087362e+01
1.887443721860930523e+01
1.885692846423211577e+01
1.883941970985492631e+01
1.882191095547774040e+01
1.883941970985492631e+01
1.885692846423211577e+01
1.889194597298649470e+01
1.887443721860930523e+01
1.883941970985492631e+01
1.880440220110055094e+01
1.878689344672336148e+01
1.878689344672336148e+01
1.880440220110055094e+01
1.880440220110055094e+01
1.882191095547774040e+01
1.880440220110055094e+01
1.880440220110055094e+01
1.880440220110055094e+01
1.878689344672336148e+01
1.876938469234617557e+01
1.876938469234617557e+01
1.878689344672336148e+01
1.880440220110055094e+01
1.882191095547774040e+01
1.882191095547774040e+01
1.880440220110055094e+01
1.878689344672336148e+01
1.876938469234617557e+01
1.875187593796898611e+01
1.876938469234617557e+01
1.876938469234617557e+01
1.878689344672336148e+01
1.876938469234617557e+01
1.876938469234617557e+01
1.875187593796898611e+01
1.873436718359179665e+01
1.873436718359179665e+01
1.873436718359179665e+01
1.873436718359179665e+01
1.873436718359179665e+01
1.871685842921460718e+01
1.869934967483742128e+01
1.869934967483742128e+01
1.869934967483742128e+01
1.868184092046023181e+01
1.868184092046023181e+01
1.868184092046023181e+01
1.868184092046023181e+01
1.868184092046023181e+01
1.866433216608304235e+01
1.866433216608304235e+01
1.866433216608304235e+01
1.866433216608304235e+01
1.866433216608304235e+01
1.866433216608304235e+01
1.866433216608304235e+01
1.866433216608304235e+01
1.866433216608304235e+01
1.868184092046023181e+01
1.868184092046023181e+01
1.868184092046023181e+01
1.868184092046023181e+01
1.868184092046023181e+01
1.868184092046023181e+01
1.869934967483742128e+01
1.869934967483742128e+01
1.869934967483742128e+01
1.869934967483742128e+01
1.869934967483742128e+01
1.869934967483742128e+01
1.869934967483742128e+01
1.871685842921460718e+01
1.871685842921460718e+01
1.873436718359179665e+01
1.871685842921460718e+01
1.871685842921460718e+01
1.871685842921460718e+01
1.871685842921460718e+01
1.869934967483742128e+01
1.869934967483742128e+01
1.869934967483742128e+01
1.869934967483742128e+01
1.869934967483742128e+01
1.869934967483742128e+01
1.869934967483742128e+01
1.868184092046023181e+01
1.868184092046023181e+01
1.866433216608304235e+01
1.866433216608304235e+01
1.864682341170585289e+01
1.864682341170585289e+01
1.862931465732866343e+01
1.861180590295147397e+01
1.861180590295147397e+01
1.859429714857428806e+01
1.859429714857428806e+01
1.857678839419710215e+01
1.857678839419710215e+01
1.855927963981990914e+01
1.854177088544272323e+01
1.852426213106553377e+01
1.850675337668834430e+01
1.850675337668834430e+01
1.850675337668834430e+01
1.850675337668834430e+01
1.850675337668834430e+01
1.848924462231115484e+01
1.848924462231115484e+01
1.848924462231115484e+01
1.847173586793396893e+01
1.847173586793396893e+01
1.847173586793396893e+01
1.847173586793396893e+01
1.847173586793396893e+01
1.847173586793396893e+01
1.847173586793396893e+01
1.847173586793396893e+01
1.848924462231115484e+01
1.850675337668834430e+01
1.848924462231115484e+01
1.848924462231115484e+01
1.848924462231115484e+01
1.850675337668834430e+01
1.850675337668834430e+01
1.850675337668834430e+01
1.852426213106553377e+01
1.854177088544272323e+01
1.854177088544272323e+01
1.854177088544272323e+01
1.854177088544272323e+01
1.854177088544272323e+01
1.854177088544272323e+01
1.854177088544272323e+01
1.854177088544272323e+01
1.855927963981990914e+01
1.855927963981990914e+01
1.855927963981990914e+01
1.855927963981990914e+01
1.855927963981990914e+01
1.855927963981990914e+01
1.855927963981990914e+01
1.855927963981990914e+01
1.855927963981990914e+01
1.857678839419710215e+01
1.857678839419710215e+01
1.857678839419710215e+01
1.855927963981990914e+01
1.855927963981990914e+01
1.855927963981990914e+01
1.855927963981990914e+01
1.855927963981990914e+01
1.855927963981990914e+01
1.855927963981990914e+01
1.855927963981990914e+01
1.855927963981990914e+01
1.855927963981990914e+01
1.854177088544272323e+01
1.854177088544272323e+01
1.854177088544272323e+01
1.854177088544272323e+01
1.854177088544272323e+01
1.854177088544272323e+01
1.854177088544272323e+01
1.854177088544272323e+01
1.854177088544272323e+01
1.854177088544272323e+01
1.854177088544272323e+01
1.854177088544272323e+01
1.854177088544272323e+01
1.854177088544272323e+01
1.854177088544272323e+01
1.854177088544272323e+01
1.854177088544272323e+01
1.854177088544272323e+01
1.854177088544272323e+01
1.855927963981990914e+01
1.855927963981990914e+01
1.854177088544272323e+01
1.854177088544272323e+01
1.854177088544272323e+01
1.852426213106553377e+01
1.852426213106553377e+01
1.852426213106553377e+01
1.852426213106553377e+01
1.854177088544272323e+01
1.854177088544272323e+01
1.852426213106553377e+01
1.852426213106553377e+01
1.850675337668834430e+01
1.850675337668834430e+01
1.848924462231115484e+01
1.848924462231115484e+01
1.847173586793396893e+01
1.847173586793396893e+01
1.845422711355677947e+01
1.845422711355677947e+01
1.843671835917959001e+01
1.841920960480240410e+01
1.840170085042521109e+01
1.838419209604802518e+01
1.836668334167083572e+01
1.836668334167083572e+01
1.834917458729364981e+01
1.833166583291645679e+01
1.831415707853927088e+01
1.829664832416208142e+01
1.827913956978489196e+01
1.826163081540770605e+01
1.824412206103051659e+01
1.824412206103051659e+01
1.822661330665332713e+01
1.820910455227613767e+01
1.820910455227613767e+01
1.819159579789895176e+01
1.817408704352175874e+01
1.815657828914457284e+01
1.815657828914457284e+01
1.813906953476738337e+01
1.813906953476738337e+01
1.812156078039019746e+01
1.812156078039019746e+01
1.812156078039019746e+01
1.812156078039019746e+01
1.812156078039019746e+01
1.810405202601300800e+01
1.810405202601300800e+01
1.810405202601300800e+01
1.808654327163581854e+01
1.808654327163581854e+01
1.810405202601300800e+01
1.810405202601300800e+01
1.810405202601300800e+01
1.810405202601300800e+01
1.810405202601300800e+01
1.810405202601300800e+01
1.810405202601300800e+01
1.810405202601300800e+01
1.810405202601300800e+01
1.810405202601300800e+01
1.810405202601300800e+01
1.812156078039019746e+01
1.812156078039019746e+01
1.812156078039019746e+01
1.813906953476738337e+01
1.813906953476738337e+01
1.813906953476738337e+01
1.813906953476738337e+01
1.813906953476738337e+01
1.813906953476738337e+01
1.813906953476738337e+01
1.813906953476738337e+01
1.813906953476738337e+01
1.813906953476738337e+01
1.813906953476738337e+01
1.813906953476738337e+01
1.813906953476738337e+01
1.813906953476738337e+01
1.813906953476738337e+01
1.813906953476738337e+01
1.813906953476738337e+01
1.813906953476738337e+01
1.812156078039019746e+01
1.812156078039019746e+01
1.810405202601300800e+01
1.810405202601300800e+01
1.810405202601300800e+01
1.810405202601300800e+01
1.810405202601300800e+01
1.810405202601300800e+01
1.810405202601300800e+01
1.810405202601300800e+01
1.810405202601300800e+01
1.808654327163581854e+01
1.808654327163581854e+01
1.808654327163581854e+01
1.808654327163581854e+01
1.808654327163581854e+01
1.810405202601300800e+01
1.810405202601300800e+01
1.810405202601300800e+01
1.810405202601300800e+01
1.810405202601300800e+01
1.810405202601300800e+01
1.810405202601300800e+01
1.810405202601300800e+01
1.810405202601300800e+01
1.812156078039019746e+01
1.812156078039019746e+01
1.812156078039019746e+01
1.812156078039019746e+01
1.812156078039019746e+01
1.812156078039019746e+01
1.812156078039019746e+01
1.810405202601300800e+01
1.810405202601300800e+01
1.810405202601300800e+01
1.808654327163581854e+01
1.808654327163581854e+01
1.806903451725862908e+01
1.805152576288143962e+01
1.805152576288143962e+01
1.803401700850425371e+01
1.803401700850425371e+01
1.801650825412706070e+01
1.801650825412706070e+01
1.799899949974987834e+01
1.799899949974987834e+01
1.798149074537268532e+01
1.796398199099549942e+01
1.794647323661830995e+01
1.792896448224112049e+01
1.791145572786393103e+01
1.789394697348674512e+01
1.789394697348674512e+01
1.787643821910955566e+01
1.785892946473236620e+01
1.782391195597798728e+01
1.780640320160080137e+01
1.782391195597798728e+01
1.778889444722361191e+01
1.778889444722361191e+01
1.777138569284642600e+01
1.777138569284642600e+01
1.773636818409204707e+01
1.771885942971485761e+01
1.766633316658329278e+01
1.764882441220610332e+01
1.764882441220610332e+01
1.768384192096048224e+01
1.768384192096048224e+01
1.766633316658329278e+01
1.764882441220610332e+01
1.763131565782891386e+01
1.759629814907453493e+01
1.756128064032015956e+01
1.752626313156578419e+01
1.745622811405702990e+01
1.752626313156578419e+01
1.757878939469734902e+01
1.761380690345172795e+01
1.761380690345172795e+01
1.761380690345172795e+01
1.759629814907453493e+01
1.754377188594297365e+01
1.745622811405702990e+01
1.750875437718859473e+01
1.754377188594297365e+01
1.757878939469734902e+01
1.761380690345172795e+01
1.763131565782891386e+01
1.763131565782891386e+01
1.761380690345172795e+01
1.756128064032015956e+01
1.747373686843421581e+01
1.752626313156578419e+01
1.757878939469734902e+01
1.761380690345172795e+01
1.763131565782891386e+01
1.764882441220610332e+01
1.764882441220610332e+01
1.763131565782891386e+01
1.761380690345172795e+01
1.757878939469734902e+01
1.747373686843421581e+01
1.757878939469734902e+01
1.761380690345172795e+01
1.763131565782891386e+01
1.764882441220610332e+01
1.763131565782891386e+01
1.761380690345172795e+01
1.757878939469734902e+01
1.752626313156578419e+01
1.745622811405702990e+01
1.743871935967983688e+01
1.749124562281140527e+01
1.752626313156578419e+01
1.757878939469734902e+01
1.759629814907453493e+01
1.749124562281140527e+01
1.743871935967983688e+01
1.740370185092546507e+01
1.740370185092546507e+01
1.742121060530265098e+01
1.747373686843421581e+01
1.752626313156578419e+01
1.757878939469734902e+01
1.750875437718859473e+01
1.745622811405702990e+01
1.740370185092546507e+01
1.738619309654827561e+01
1.736868434217108614e+01
1.738619309654827561e+01
1.742121060530265098e+01
1.750875437718859473e+01
1.756128064032015956e+01
1.752626313156578419e+01
1.749124562281140527e+01
1.743871935967983688e+01
1.740370185092546507e+01
1.736868434217108614e+01
1.736868434217108614e+01
1.738619309654827561e+01
1.743871935967983688e+01
1.752626313156578419e+01
1.752626313156578419e+01
1.747373686843421581e+01
1.742121060530265098e+01
1.738619309654827561e+01
1.735117558779389668e+01
1.733366683341670722e+01
1.733366683341670722e+01
1.733366683341670722e+01
1.738619309654827561e+01
1.742121060530265098e+01
1.736868434217108614e+01
1.733366683341670722e+01
1.729864932466233185e+01
1.728114057028514239e+01
1.726363181590795293e+01
1.726363181590795293e+01
1.728114057028514239e+01
1.728114057028514239e+01
1.724612306153076702e+01
1.726363181590795293e+01
1.722861430715357756e+01
1.719359679839920219e+01
1.717608804402201272e+01
1.717608804402201272e+01
1.715857928964482326e+01
1.715857928964482326e+01
1.717608804402201272e+01
1.714107053526763380e+01
1.714107053526763380e+01
1.712356178089044434e+01
1.710605302651325488e+01
1.708854427213606897e+01
1.707103551775887951e+01
1.707103551775887951e+01
1.705352676338169360e+01
1.705352676338169360e+01
1.703601800900450414e+01
1.703601800900450414e+01
1.703601800900450414e+01
1.703601800900450414e+01
1.703601800900450414e+01
1.701850925462731468e+01
1.701850925462731468e+01
1.701850925462731468e+01
1.700100050025012521e+01
1.698349174587293575e+01
1.700100050025012521e+01
1.700100050025012521e+01
1.700100050025012521e+01
1.700100050025012521e+01
1.700100050025012521e+01
1.701850925462731468e+01
1.701850925462731468e+01
1.701850925462731468e+01
1.700100050025012521e+01
1.700100050025012521e+01
1.701850925462731468e+01
1.701850925462731468e+01
1.701850925462731468e+01
1.701850925462731468e+01
1.703601800900450414e+01
1.705352676338169360e+01
1.705352676338169360e+01
1.705352676338169360e+01
1.707103551775887951e+01
1.707103551775887951e+01
1.707103551775887951e+01
1.707103551775887951e+01
1.707103551775887951e+01
1.707103551775887951e+01
1.708854427213606897e+01
1.708854427213606897e+01
1.708854427213606897e+01
1.710605302651325488e+01
1.710605302651325488e+01
1.710605302651325488e+01
1.708854427213606897e+01
1.708854427213606897e+01
1.708854427213606897e+01
1.708854427213606897e+01
1.708854427213606897e+01
1.708854427213606897e+01
1.707103551775887951e+01
1.707103551775887951e+01
1.705352676338169360e+01
1.705352676338169360e+01
1.703601800900450414e+01
1.703601800900450414e+01
1.703601800900450414e+01
1.703601800900450414e+01
1.705352676338169360e+01
1.705352676338169360e+01
1.703601800900450414e+01
1.701850925462731468e+01
1.701850925462731468e+01
1.700100050025012521e+01
1.698349174587293575e+01
1.698349174587293575e+01
1.698349174587293575e+01
1.698349174587293575e+01
1.698349174587293575e+01
1.698349174587293575e+01
1.696598299149574984e+01
1.694847423711856038e+01
1.693096548274137092e+01
1.691345672836418146e+01
1.691345672836418146e+01
1.689594797398699555e+01
1.689594797398699555e+01
1.689594797398699555e+01
1.689594797398699555e+01
1.689594797398699555e+01
1.687843921960980609e+01
1.686093046523261663e+01
1.684342171085542716e+01
1.682591295647824126e+01
1.682591295647824126e+01
1.680840420210105179e+01
1.680840420210105179e+01
1.680840420210105179e+01
1.680840420210105179e+01
1.679089544772386233e+01
1.679089544772386233e+01
1.677338669334667287e+01
1.675587793896948341e+01
1.673836918459229750e+01
1.673836918459229750e+01
1.672086043021510804e+01
1.672086043021510804e+01
1.672086043021510804e+01
1.670335167583792213e+01
1.670335167583792213e+01
1.668584292146072912e+01
1.666833416708354321e+01
1.666833416708354321e+01
1.665082541270635375e+01
1.663331665832916428e+01
1.663331665832916428e+01
1.661580790395197482e+01
1.661580790395197482e+01
1.659829914957478891e+01
1.659829914957478891e+01
1.659829914957478891e+01
1.658079039519759945e+01
1.658079039519759945e+01
1.656328164082040999e+01
1.656328164082040999e+01
1.654577288644322408e+01
1.654577288644322408e+01
1.652826413206603107e+01
1.652826413206603107e+01
1.654577288644322408e+01
1.654577288644322408e+01
1.652826413206603107e+01
1.652826413206603107e+01
1.652826413206603107e+01
1.651075537768884516e+01
1.651075537768884516e+01
1.651075537768884516e+01
1.651075537768884516e+01
1.651075537768884516e+01
1.651075537768884516e+01
1.651075537768884516e+01
1.651075537768884516e+01
1.652826413206603107e+01
1.652826413206603107e+01
1.652826413206603107e+01
1.652826413206603107e+01
1.652826413206603107e+01
1.652826413206603107e+01
1.654577288644322408e+01
1.654577288644322408e+01
1.654577288644322408e+01
1.656328164082040999e+01
1.656328164082040999e+01
1.656328164082040999e+01
1.656328164082040999e+01
1.658079039519759945e+01
1.658079039519759945e+01
1.659829914957478891e+01
1.659829914957478891e+01
1.659829914957478891e+01
1.661580790395197482e+01
1.661580790395197482e+01
1.661580790395197482e+01
1.661580790395197482e+01
1.661580790395197482e+01
1.661580790395197482e+01
1.663331665832916428e+01
1.665082541270635375e+01
1.665082541270635375e+01
1.665082541270635375e+01
1.665082541270635375e+01
1.665082541270635375e+01
1.665082541270635375e+01
1.665082541270635375e+01
1.663331665832916428e+01
1.663331665832916428e+01
1.663331665832916428e+01
1.663331665832916428e+01
1.665082541270635375e+01
1.665082541270635375e+01
1.663331665832916428e+01
1.663331665832916428e+01
1.663331665832916428e+01
1.663331665832916428e+01
1.661580790395197482e+01
1.661580790395197482e+01
1.661580790395197482e+01
1.661580790395197482e+01
1.661580790395197482e+01
1.661580790395197482e+01
1.659829914957478891e+01
1.659829914957478891e+01
1.658079039519759945e+01
1.658079039519759945e+01
1.656328164082040999e+01
1.656328164082040999e+01
1.656328164082040999e+01
1.654577288644322408e+01
1.654577288644322408e+01
1.654577288644322408e+01
1.652826413206603107e+01
1.652826413206603107e+01
1.651075537768884516e+01
1.651075537768884516e+01
1.649324662331165570e+01
1.649324662331165570e+01
1.647573786893446979e+01
1.647573786893446979e+01
1.647573786893446979e+01
1.647573786893446979e+01
1.645822911455727677e+01
1.645822911455727677e+01
1.644072036018009086e+01
1.644072036018009086e+01
1.642321160580290140e+01
1.642321160580290140e+01
1.642321160580290140e+01
1.642321160580290140e+01
1.640570285142571194e+01
1.640570285142571194e+01
1.640570285142571194e+01
1.638819409704852603e+01
1.637068534267133657e+01
1.637068534267133657e+01
1.637068534267133657e+01
1.637068534267133657e+01
1.637068534267133657e+01
1.637068534267133657e+01
1.637068534267133657e+01
1.637068534267133657e+01
1.635317658829414711e+01
1.633566783391695765e+01
1.633566783391695765e+01
1.631815907953977174e+01
1.631815907953977174e+01
1.631815907953977174e+01
1.631815907953977174e+01
1.631815907953977174e+01
1.631815907953977174e+01
1.631815907953977174e+01
1.630065032516257872e+01
1.630065032516257872e+01
1.630065032516257872e+01
1.630065032516257872e+01
1.630065032516257872e+01
1.630065032516257872e+01
1.631815907953977174e+01
1.631815907953977174e+01
1.631815907953977174e+01
1.631815907953977174e+01
1.631815907953977174e+01
1.631815907953977174e+01
1.631815907953977174e+01
1.631815907953977174e+01
1.633566783391695765e+01
1.633566783391695765e+01
1.633566783391695765e+01
1.633566783391695765e+01
1.633566783391695765e+01
1.635317658829414711e+01
1.633566783391695765e+01
1.631815907953977174e+01
1.633566783391695765e+01
1.637068534267133657e+01
1.637068534267133657e+01
1.633566783391695765e+01
1.630065032516257872e+01
1.621310655327663852e+01
1.624812406203101744e+01
1.630065032516257872e+01
1.633566783391695765e+01
1.637068534267133657e+01
1.638819409704852603e+01
1.638819409704852603e+01
1.640570285142571194e+01
1.638819409704852603e+01
1.635317658829414711e+01
1.630065032516257872e+01
1.633566783391695765e+01
1.638819409704852603e+01
1.640570285142571194e+01
1.642321160580290140e+01
1.644072036018009086e+01
1.645822911455727677e+01
1.645822911455727677e+01
1.644072036018009086e+01
1.640570285142571194e+01
1.637068534267133657e+01
1.642321160580290140e+01
1.644072036018009086e+01
1.645822911455727677e+01
1.647573786893446979e+01
1.647573786893446979e+01
1.647573786893446979e+01
1.645822911455727677e+01
1.644072036018009086e+01
1.638819409704852603e+01
1.637068534267133657e+01
1.640570285142571194e+01
1.644072036018009086e+01
1.644072036018009086e+01
1.645822911455727677e+01
1.645822911455727677e+01
1.644072036018009086e+01
1.642321160580290140e+01
1.638819409704852603e+01
1.633566783391695765e+01
1.633566783391695765e+01
1.638819409704852603e+01
1.640570285142571194e+01
1.640570285142571194e+01
1.638819409704852603e+01
1.637068534267133657e+01
1.635317658829414711e+01
1.631815907953977174e+01
1.626563281640820335e+01
1.621310655327663852e+01
1.617808904452225960e+01
1.624812406203101744e+01
1.628314157078539282e+01
1.628314157078539282e+01
1.626563281640820335e+01
1.624812406203101744e+01
1.619559779889944906e+01
1.616058029014507369e+01
1.609054527263631940e+01
1.603801900950475456e+01
1.603801900950475456e+01
1.609054527263631940e+01
1.614307153576788423e+01
1.616058029014507369e+01
1.614307153576788423e+01
1.612556278139069832e+01
1.607303651825912993e+01
1.600300150075037564e+01
1.593296648324161957e+01
1.588044022011005652e+01
1.589794897448724420e+01
1.593296648324161957e+01
1.598549274637318618e+01
1.602051025512756510e+01
1.603801900950475456e+01
1.602051025512756510e+01
1.596798399199599849e+01
1.589794897448724420e+01
1.584542271135567937e+01
1.584542271135567937e+01
1.589794897448724420e+01
1.595047523761880903e+01
1.598549274637318618e+01
1.602051025512756510e+01
1.602051025512756510e+01
1.598549274637318618e+01
1.593296648324161957e+01
1.588044022011005652e+01
1.584542271135567937e+01
1.584542271135567937e+01
1.589794897448724420e+01
1.596798399199599849e+01
1.600300150075037564e+01
1.602051025512756510e+01
1.600300150075037564e+01
1.596798399199599849e+01
1.591545772886443189e+01
1.589794897448724420e+01
1.595047523761880903e+01
1.589794897448724420e+01
1.584542271135567937e+01
1.579289644822411276e+01
1.575787893946973384e+01
1.574037018509254615e+01
1.575787893946973384e+01
1.579289644822411276e+01
1.584542271135567937e+01
1.593296648324161957e+01
1.591545772886443189e+01
1.584542271135567937e+01
1.579289644822411276e+01
1.577538769384692507e+01
1.575787893946973384e+01
1.575787893946973384e+01
1.579289644822411276e+01
1.582791395697848813e+01
1.588044022011005652e+01
1.593296648324161957e+01
1.595047523761880903e+01
1.588044022011005652e+01
1.582791395697848813e+01
1.579289644822411276e+01
1.577538769384692507e+01
1.577538769384692507e+01
1.579289644822411276e+01
1.582791395697848813e+01
1.589794897448724420e+01
1.596798399199599849e+01
1.598549274637318618e+01
1.593296648324161957e+01
1.588044022011005652e+01
1.584542271135567937e+01
1.582791395697848813e+01
1.581040520260130222e+01
1.582791395697848813e+01
1.584542271135567937e+01
1.589794897448724420e+01
1.596798399199599849e+01
1.602051025512756510e+01
1.598549274637318618e+01
1.589794897448724420e+01
1.586293146573286705e+01
1.582791395697848813e+01
1.582791395697848813e+01
1.584542271135567937e+01
1.588044022011005652e+01
1.593296648324161957e+01
1.596798399199599849e+01
1.602051025512756510e+01
1.600300150075037564e+01
1.589794897448724420e+01
1.584542271135567937e+01
1.582791395697848813e+01
1.582791395697848813e+01
1.584542271135567937e+01
1.588044022011005652e+01
1.593296648324161957e+01
1.598549274637318618e+01
1.600300150075037564e+01
1.596798399199599849e+01
1.589794897448724420e+01
1.582791395697848813e+01
1.577538769384692507e+01
1.575787893946973384e+01
1.575787893946973384e+01
1.577538769384692507e+01
1.581040520260130222e+01
1.586293146573286705e+01
1.591545772886443189e+01
1.586293146573286705e+01
1.577538769384692507e+01
1.572286143071535847e+01
1.568784392196098310e+01
1.567033516758379186e+01
1.565282641320660417e+01
1.565282641320660417e+01
1.563531765882941471e+01
1.563531765882941471e+01
1.561780890445222703e+01
1.561780890445222703e+01
1.560030015007503579e+01
1.560030015007503579e+01
1.558279139569784810e+01
1.556528264132066042e+01
1.554777388694347273e+01
1.554777388694347273e+01
1.553026513256628505e+01
1.553026513256628505e+01
1.549524762381190612e+01
1.549524762381190612e+01
1.549524762381190612e+01
1.547773886943471666e+01
1.547773886943471666e+01
1.546023011505753075e+01
1.546023011505753075e+01
1.546023011505753075e+01
1.544272136068034129e+01
1.544272136068034129e+01
1.542521260630315183e+01
1.540770385192596237e+01
1.540770385192596237e+01
1.540770385192596237e+01
1.539019509754877468e+01
1.539019509754877468e+01
1.537268634317158700e+01
1.537268634317158700e+01
1.537268634317158700e+01
1.537268634317158700e+01
1.537268634317158700e+01
1.535517758879439576e+01
1.537268634317158700e+01
1.535517758879439576e+01
1.535517758879439576e+01
1.535517758879439576e+01
1.533766883441720985e+01
1.533766883441720985e+01
1.533766883441720985e+01
1.533766883441720985e+01
1.533766883441720985e+01
1.533766883441720985e+01
1.533766883441720985e+01
1.533766883441720985e+01
1.533766883441720985e+01
1.533766883441720985e+01
1.532016008004002039e+01
1.532016008004002039e+01
1.532016008004002039e+01
1.532016008004002039e+01
1.532016008004002039e+01
1.533766883441720985e+01
1.533766883441720985e+01
1.533766883441720985e+01
1.533766883441720985e+01
1.533766883441720985e+01
1.533766883441720985e+01
1.533766883441720985e+01
1.533766883441720985e+01
1.533766883441720985e+01
1.533766883441720985e+01
1.535517758879439576e+01
1.535517758879439576e+01
1.535517758879439576e+01
1.535517758879439576e+01
1.535517758879439576e+01
1.535517758879439576e+01
1.535517758879439576e+01
1.535517758879439576e+01
1.535517758879439576e+01
1.535517758879439576e+01
1.537268634317158700e+01
1.537268634317158700e+01
1.537268634317158700e+01
1.537268634317158700e+01
1.537268634317158700e+01
1.537268634317158700e+01
1.537268634317158700e+01
1.537268634317158700e+01
1.537268634317158700e+01
1.537268634317158700e+01
1.537268634317158700e+01
1.537268634317158700e+01
1.537268634317158700e+01
1.537268634317158700e+01
1.537268634317158700e+01
1.537268634317158700e+01
1.535517758879439576e+01
1.535517758879439576e+01
1.535517758879439576e+01
1.535517758879439576e+01
1.535517758879439576e+01
1.535517758879439576e+01
1.535517758879439576e+01
1.533766883441720985e+01
1.533766883441720985e+01
1.533766883441720985e+01
1.532016008004002039e+01
1.532016008004002039e+01
1.530265132566283270e+01
1.530265132566283270e+01
1.530265132566283270e+01
1.528514257128564324e+01
1.528514257128564324e+01
1.526763381690845378e+01
1.526763381690845378e+01
1.525012506253126432e+01
1.523261630815407841e+01
1.523261630815407841e+01
1.521510755377689073e+01
1.519759879939970126e+01
1.518009004502251180e+01
1.518009004502251180e+01
1.516258129064532234e+01
1.514507253626813466e+01
1.514507253626813466e+01
1.512756378189094342e+01
1.511005502751375928e+01
1.509254627313656805e+01
1.509254627313656805e+01
1.507503751875938036e+01
1.507503751875938036e+01
1.505752876438219090e+01
1.505752876438219090e+01
1.505752876438219090e+01
1.504002001000500321e+01
1.504002001000500321e+01
1.502251125562781375e+01
1.500500250125062429e+01
1.500500250125062429e+01
1.498749374687343838e+01
1.498749374687343838e+01
1.498749374687343838e+01
1.496998499249624892e+01
1.496998499249624892e+01
1.496998499249624892e+01
1.495247623811906124e+01
1.493496748374187000e+01
1.493496748374187000e+01
1.491745872936468231e+01
1.489994997498749285e+01
1.489994997498749285e+01
1.488244122061030694e+01
1.488244122061030694e+01
1.486493246623311926e+01
1.486493246623311926e+01
1.484742371185592802e+01
1.484742371185592802e+01
1.482991495747874033e+01
1.482991495747874033e+01
1.482991495747874033e+01
1.482991495747874033e+01
1.482991495747874033e+01
1.481240620310155087e+01
1.481240620310155087e+01
1.481240620310155087e+01
1.481240620310155087e+01
1.481240620310155087e+01
1.479489744872436319e+01
1.479489744872436319e+01
1.481240620310155087e+01
1.481240620310155087e+01
1.481240620310155087e+01
1.482991495747874033e+01
1.482991495747874033e+01
1.482991495747874033e+01
1.482991495747874033e+01
1.482991495747874033e+01
1.482991495747874033e+01
1.482991495747874033e+01
1.484742371185592802e+01
1.484742371185592802e+01
1.486493246623311926e+01
1.486493246623311926e+01
1.488244122061030694e+01
1.488244122061030694e+01
1.488244122061030694e+01
1.488244122061030694e+01
1.488244122061030694e+01
1.488244122061030694e+01
1.488244122061030694e+01
1.489994997498749285e+01
1.489994997498749285e+01
1.489994997498749285e+01
1.491745872936468231e+01
1.491745872936468231e+01
1.491745872936468231e+01
1.491745872936468231e+01
1.491745872936468231e+01
1.493496748374187000e+01
1.493496748374187000e+01
1.493496748374187000e+01
1.495247623811906124e+01
1.495247623811906124e+01
1.495247623811906124e+01
1.495247623811906124e+01
1.495247623811906124e+01
1.495247623811906124e+01
1.495247623811906124e+01
1.495247623811906124e+01
1.495247623811906124e+01
1.495247623811906124e+01
1.496998499249624892e+01
1.496998499249624892e+01
1.496998499249624892e+01
1.496998499249624892e+01
1.496998499249624892e+01
1.496998499249624892e+01
1.495247623811906124e+01
1.495247623811906124e+01
1.495247623811906124e+01
1.495247623811906124e+01
1.496998499249624892e+01
1.496998499249624892e+01
1.496998499249624892e+01
1.496998499249624892e+01
1.495247623811906124e+01
1.495247623811906124e+01
1.493496748374187000e+01
1.493496748374187000e+01
1.493496748374187000e+01
1.493496748374187000e+01
1.493496748374187000e+01
1.491745872936468231e+01
1.491745872936468231e+01
1.489994997498749285e+01
1.489994997498749285e+01
1.488244122061030694e+01
1.486493246623311926e+01
1.484742371185592802e+01
1.482991495747874033e+01
1.482991495747874033e+01
1.482991495747874033e+01
1.482991495747874033e+01
1.481240620310155087e+01
1.481240620310155087e+01
1.479489744872436319e+01
1.477738869434717195e+01
1.477738869434717195e+01
1.475987993996998604e+01
1.474237118559279658e+01
1.472486243121560889e+01
1.472486243121560889e+01
1.470735367683842121e+01
1.470735367683842121e+01
1.468984492246122997e+01
1.465482741370685460e+01
1.465482741370685460e+01
1.463731865932966691e+01
1.461980990495247568e+01
1.460230115057528799e+01
1.458479239619809853e+01
1.456728364182091084e+01
1.453226613306653370e+01
1.453226613306653370e+01
1.453226613306653370e+01
1.453226613306653370e+01
1.449724862431215655e+01
1.447973986993496887e+01
1.446223111555777763e+01
1.444472236118058994e+01
1.440970485242621457e+01
1.435717858929464796e+01
1.430465232616308313e+01
1.421710855427713760e+01
1.416458229114557454e+01
1.414707353676838508e+01
1.419959979989994991e+01
1.423461730865432706e+01
1.426963481740870421e+01
1.428714357178589545e+01
1.426963481740870421e+01
1.416458229114557454e+01
1.407703851925962901e+01
1.404202101050525187e+01
1.402451225612806418e+01
1.402451225612806418e+01
1.404202101050525187e+01
1.405952976488244310e+01
1.407703851925962901e+01
1.409454727363681847e+01
1.412956478239119740e+01
1.416458229114557454e+01
1.404202101050525187e+01
1.397198599299649757e+01
1.395447723861930989e+01
1.395447723861930989e+01
1.393696848424212220e+01
1.393696848424212220e+01
1.393696848424212220e+01
1.395447723861930989e+01
1.397198599299649757e+01
1.397198599299649757e+01
1.391945972986493274e+01
1.397198599299649757e+01
1.395447723861930989e+01
1.393696848424212220e+01
1.393696848424212220e+01
1.393696848424212220e+01
1.393696848424212220e+01
1.393696848424212220e+01
1.393696848424212220e+01
1.395447723861930989e+01
1.397198599299649757e+01
1.397198599299649757e+01
1.395447723861930989e+01
1.398949474737368703e+01
1.398949474737368703e+01
1.397198599299649757e+01
1.397198599299649757e+01
1.397198599299649757e+01
1.397198599299649757e+01
1.400700350175087650e+01
1.404202101050525187e+01
1.409454727363681847e+01
1.416458229114557454e+01
1.419959979989994991e+01
1.414707353676838508e+01
1.409454727363681847e+01
1.404202101050525187e+01
1.402451225612806418e+01
1.402451225612806418e+01
1.405952976488244310e+01
1.409454727363681847e+01
1.414707353676838508e+01
1.419959979989994991e+01
1.426963481740870421e+01
1.426963481740870421e+01
1.425212606303151652e+01
1.419959979989994991e+01
1.416458229114557454e+01
1.412956478239119740e+01
1.411205602801400616e+01
1.411205602801400616e+01
1.411205602801400616e+01
1.412956478239119740e+01
1.416458229114557454e+01
1.421710855427713760e+01
1.432216108054027082e+01
1.426963481740870421e+01
1.423461730865432706e+01
1.421710855427713760e+01
1.418209104552276223e+01
1.416458229114557454e+01
1.416458229114557454e+01
1.416458229114557454e+01
1.416458229114557454e+01
1.416458229114557454e+01
1.416458229114557454e+01
1.416458229114557454e+01
1.416458229114557454e+01
1.416458229114557454e+01
1.414707353676838508e+01
1.414707353676838508e+01
1.412956478239119740e+01
1.411205602801400616e+01
1.411205602801400616e+01
1.411205602801400616e+01
1.411205602801400616e+01
1.411205602801400616e+01
1.409454727363681847e+01
1.407703851925962901e+01
1.407703851925962901e+01
1.405952976488244310e+01
1.404202101050525187e+01
1.402451225612806418e+01
1.400700350175087650e+01
1.400700350175087650e+01
1.398949474737368703e+01
1.398949474737368703e+01
1.397198599299649757e+01
1.397198599299649757e+01
1.393696848424212220e+01
1.393696848424212220e+01
1.393696848424212220e+01
1.391945972986493274e+01
1.391945972986493274e+01
1.390195097548774505e+01
1.388444222111055382e+01
1.386693346673336613e+01
1.386693346673336613e+01
1.384942471235617845e+01
1.384942471235617845e+01
1.383191595797899076e+01
1.381440720360180308e+01
1.379689844922461184e+01
1.377938969484742415e+01
1.376188094047023469e+01
1.374437218609304701e+01
1.372686343171585932e+01
1.372686343171585932e+01
1.370935467733866986e+01
1.369184592296148217e+01
1.369184592296148217e+01
1.367433716858429271e+01
1.367433716858429271e+01
1.365682841420710503e+01
1.363931965982991379e+01
1.362181090545272610e+01
1.360430215107553842e+01
1.358679339669835073e+01
1.356928464232115950e+01
1.356928464232115950e+01
1.355177588794397181e+01
1.355177588794397181e+01
1.353426713356678235e+01
1.353426713356678235e+01
1.351675837918959466e+01
1.351675837918959466e+01
1.351675837918959466e+01
1.351675837918959466e+01
1.349924962481240698e+01
1.349924962481240698e+01
1.349924962481240698e+01
1.349924962481240698e+01
1.348174087043521929e+01
1.348174087043521929e+01
1.348174087043521929e+01
1.346423211605802983e+01
1.346423211605802983e+01
1.348174087043521929e+01
1.348174087043521929e+01
1.348174087043521929e+01
1.349924962481240698e+01
1.349924962481240698e+01
1.349924962481240698e+01
1.349924962481240698e+01
1.349924962481240698e+01
1.349924962481240698e+01
1.351675837918959466e+01
1.351675837918959466e+01
1.351675837918959466e+01
1.353426713356678235e+01
1.353426713356678235e+01
1.353426713356678235e+01
1.353426713356678235e+01
1.355177588794397181e+01
1.355177588794397181e+01
1.355177588794397181e+01
1.355177588794397181e+01
1.356928464232115950e+01
1.356928464232115950e+01
1.358679339669835073e+01
1.358679339669835073e+01
1.358679339669835073e+01
1.358679339669835073e+01
1.358679339669835073e+01
1.358679339669835073e+01
1.358679339669835073e+01
1.358679339669835073e+01
1.358679339669835073e+01
1.358679339669835073e+01
1.358679339669835073e+01
1.360430215107553842e+01
1.360430215107553842e+01
1.360430215107553842e+01
1.360430215107553842e+01
1.360430215107553842e+01
1.360430215107553842e+01
1.360430215107553842e+01
1.360430215107553842e+01
1.360430215107553842e+01
1.360430215107553842e+01
1.360430215107553842e+01
1.360430215107553842e+01
1.360430215107553842e+01
1.360430215107553842e+01
1.360430215107553842e+01
1.360430215107553842e+01
1.360430215107553842e+01
1.362181090545272610e+01
1.362181090545272610e+01
1.362181090545272610e+01
1.362181090545272610e+01
1.362181090545272610e+01
1.362181090545272610e+01
1.362181090545272610e+01
1.360430215107553842e+01
1.360430215107553842e+01
1.360430215107553842e+01
1.360430215107553842e+01
1.360430215107553842e+01
1.360430215107553842e+01
1.360430215107553842e+01
1.358679339669835073e+01
1.358679339669835073e+01
1.358679339669835073e+01
1.358679339669835073e+01
1.356928464232115950e+01
1.356928464232115950e+01
1.356928464232115950e+01
1.355177588794397181e+01
1.355177588794397181e+01
1.353426713356678235e+01
1.353426713356678235e+01
1.351675837918959466e+01
1.351675837918959466e+01
1.349924962481240698e+01
1.348174087043521929e+01
1.348174087043521929e+01
1.346423211605802983e+01
1.346423211605802983e+01
1.344672336168084037e+01
1.344672336168084037e+01
1.342921460730365268e+01
1.341170585292646145e+01
1.341170585292646145e+01
1.339419709854927376e+01
1.337668834417208608e+01
1.335917958979489839e+01
1.334167083541771071e+01
1.334167083541771071e+01
1.332416208104052124e+01
1.332416208104052124e+01
1.332416208104052124e+01
1.330665332666333178e+01
1.330665332666333178e+01
1.330665332666333178e+01
1.328914457228614232e+01
1.328914457228614232e+01
1.328914457228614232e+01
1.328914457228614232e+01
1.328914457228614232e+01
1.328914457228614232e+01
1.327163581790895464e+01
1.327163581790895464e+01
1.327163581790895464e+01
1.325412706353176695e+01
1.325412706353176695e+01
1.325412706353176695e+01
1.325412706353176695e+01
1.325412706353176695e+01
1.325412706353176695e+01
1.327163581790895464e+01
1.327163581790895464e+01
1.327163581790895464e+01
1.327163581790895464e+01
1.327163581790895464e+01
1.325412706353176695e+01
1.325412706353176695e+01
1.325412706353176695e+01
1.325412706353176695e+01
1.325412706353176695e+01
1.325412706353176695e+01
1.325412706353176695e+01
1.325412706353176695e+01
1.323661830915457926e+01
1.323661830915457926e+01
1.325412706353176695e+01
1.325412706353176695e+01
1.327163581790895464e+01
1.327163581790895464e+01
1.327163581790895464e+01
1.327163581790895464e+01
1.327163581790895464e+01
1.327163581790895464e+01
1.327163581790895464e+01
1.327163581790895464e+01
1.327163581790895464e+01
1.327163581790895464e+01
1.327163581790895464e+01
1.327163581790895464e+01
1.328914457228614232e+01
1.328914457228614232e+01
1.330665332666333178e+01
1.330665332666333178e+01
1.330665332666333178e+01
1.330665332666333178e+01
1.330665332666333178e+01
1.330665332666333178e+01
1.330665332666333178e+01
1.332416208104052124e+01
1.332416208104052124e+01
1.332416208104052124e+01
1.332416208104052124e+01
1.332416208104052124e+01
1.332416208104052124e+01
1.332416208104052124e+01
1.332416208104052124e+01
1.332416208104052124e+01
1.332416208104052124e+01
1.332416208104052124e+01
1.330665332666333178e+01
1.330665332666333178e+01
1.330665332666333178e+01
1.330665332666333178e+01
1.330665332666333178e+01
1.328914457228614232e+01
1.328914457228614232e+01
1.327163581790895464e+01
1.327163581790895464e+01
1.325412706353176695e+01
1.323661830915457926e+01
1.321910955477738803e+01
1.320160080040020034e+01
1.316658329164582142e+01
1.313156578289144605e+01
1.311405702851425836e+01
1.309654827413706890e+01
1.311405702851425836e+01
1.311405702851425836e+01
1.309654827413706890e+01
1.307903951975988122e+01
1.306153076538268998e+01
1.304402201100550229e+01
1.300900450225112692e+01
1.297398699349674800e+01
1.293896948474237085e+01
1.288644322161080602e+01
1.283391695847924119e+01
1.269384692346173082e+01
1.279889944972486404e+01
1.281640820410204995e+01
1.281640820410204995e+01
1.283391695847924119e+01
1.281640820410204995e+01
1.279889944972486404e+01
1.271135567783891851e+01
1.258879439719859761e+01
1.251875937968984509e+01
1.246623311655827848e+01
1.244872436218109257e+01
1.243121560780390311e+01
1.241370685342671365e+01
1.241370685342671365e+01
1.239619809904952419e+01
1.239619809904952419e+01
1.236118059029514704e+01
1.232616308154077345e+01
1.230865432716358221e+01
1.229114557278639452e+01
1.227363681840920506e+01
1.223861930965482614e+01
1.222111055527764023e+01
1.220360180090045077e+01
1.218609304652326308e+01
1.218609304652326308e+01
1.216858429214607540e+01
1.215107553776888416e+01
1.213356678339169648e+01
1.213356678339169648e+01
1.211605802901450701e+01
1.209854927463732110e+01
1.209854927463732110e+01
1.208104052026012987e+01
1.206353176588294218e+01
1.204602301150575272e+01
1.204602301150575272e+01
1.202851425712856503e+01
1.201100550275137380e+01
1.201100550275137380e+01
1.199349674837418611e+01
1.199349674837418611e+01
1.197598799399700020e+01
1.197598799399700020e+01
1.195847923961981074e+01
1.195847923961981074e+01
1.195847923961981074e+01
1.195847923961981074e+01
1.194097048524262306e+01
1.194097048524262306e+01
1.194097048524262306e+01
1.194097048524262306e+01
1.194097048524262306e+01
1.194097048524262306e+01
1.194097048524262306e+01
1.194097048524262306e+01
1.194097048524262306e+01
1.194097048524262306e+01
1.194097048524262306e+01
1.194097048524262306e+01
1.195847923961981074e+01
1.195847923961981074e+01
1.197598799399700020e+01
1.197598799399700020e+01
1.199349674837418611e+01
1.199349674837418611e+01
1.201100550275137380e+01
1.201100550275137380e+01
1.202851425712856503e+01
1.202851425712856503e+01
1.204602301150575272e+01
1.204602301150575272e+01
1.206353176588294218e+01
1.206353176588294218e+01
1.208104052026012987e+01
1.208104052026012987e+01
1.209854927463732110e+01
1.211605802901450701e+01
1.213356678339169648e+01
1.213356678339169648e+01
1.215107553776888416e+01
1.216858429214607540e+01
1.218609304652326308e+01
1.218609304652326308e+01
1.220360180090045077e+01
1.220360180090045077e+01
1.222111055527764023e+01
1.222111055527764023e+01
1.223861930965482614e+01
1.225612806403201560e+01
1.227363681840920506e+01
1.227363681840920506e+01
1.229114557278639452e+01
1.230865432716358221e+01
1.232616308154077345e+01
1.234367183591795758e+01
1.237868934467233650e+01
1.239619809904952419e+01
1.239619809904952419e+01
1.241370685342671365e+01
1.241370685342671365e+01
1.241370685342671365e+01
1.243121560780390311e+01
1.243121560780390311e+01
1.244872436218109257e+01
1.244872436218109257e+01
1.246623311655827848e+01
1.246623311655827848e+01
1.248374187093546794e+01
1.250125062531265563e+01
1.250125062531265563e+01
1.251875937968984509e+01
1.251875937968984509e+01
1.250125062531265563e+01
1.251875937968984509e+01
1.251875937968984509e+01
1.251875937968984509e+01
1.251875937968984509e+01
1.251875937968984509e+01
1.251875937968984509e+01
1.250125062531265563e+01
1.250125062531265563e+01
1.248374187093546794e+01
1.248374187093546794e+01
1.248374187093546794e+01
1.246623311655827848e+01
1.246623311655827848e+01
1.244872436218109257e+01
1.244872436218109257e+01
1.243121560780390311e+01
1.243121560780390311e+01
1.241370685342671365e+01
1.239619809904952419e+01
1.237868934467233650e+01
1.234367183591795758e+01
1.232616308154077345e+01
1.230865432716358221e+01
1.229114557278639452e+01
1.227363681840920506e+01
1.225612806403201560e+01
1.222111055527764023e+01
1.220360180090045077e+01
1.218609304652326308e+01
1.215107553776888416e+01
1.213356678339169648e+01
1.209854927463732110e+01
1.208104052026012987e+01
1.204602301150575272e+01
1.202851425712856503e+01
1.201100550275137380e+01
1.199349674837418611e+01
1.197598799399700020e+01
1.195847923961981074e+01
1.194097048524262306e+01
1.192346173086543182e+01
1.190595297648824413e+01
1.187093546773386876e+01
1.185342671335667752e+01
1.183591795897948984e+01
1.181840920460230215e+01
1.178339169584792501e+01
1.176588294147073377e+01
1.174837418709354786e+01
1.173086543271635840e+01
1.171335667833917071e+01
1.169584792396197948e+01
1.167833916958479179e+01
1.166083041520760410e+01
1.164332166083041464e+01
1.162581290645322873e+01
1.160830415207603750e+01
1.159079539769884981e+01
1.157328664332166035e+01
1.155577788894447266e+01
1.153826913456728143e+01
1.152076038019009729e+01
1.150325162581290606e+01
1.148574287143571837e+01
1.146823411705853069e+01
1.146823411705853069e+01
1.145072536268133945e+01
1.143321660830415176e+01
1.141570785392696230e+01
1.139819909954977639e+01
1.139819909954977639e+01
1.138069034517258693e+01
1.138069034517258693e+01
1.138069034517258693e+01
1.138069034517258693e+01
1.138069034517258693e+01
1.136318159079539925e+01
1.136318159079539925e+01
1.136318159079539925e+01
1.134567283641820801e+01
1.134567283641820801e+01
1.132816408204102032e+01
1.132816408204102032e+01
1.131065532766383264e+01
1.131065532766383264e+01
1.131065532766383264e+01
1.132816408204102032e+01
1.134567283641820801e+01
1.134567283641820801e+01
1.136318159079539925e+01
1.136318159079539925e+01
1.136318159079539925e+01
1.138069034517258693e+01
1.138069034517258693e+01
1.138069034517258693e+01
1.139819909954977639e+01
1.139819909954977639e+01
1.139819909954977639e+01
1.139819909954977639e+01
1.139819909954977639e+01
1.141570785392696230e+01
1.141570785392696230e+01
1.143321660830415176e+01
1.145072536268133945e+01
1.146823411705853069e+01
1.150325162581290606e+01
1.152076038019009729e+01
1.153826913456728143e+01
1.155577788894447266e+01
1.157328664332166035e+01
1.159079539769884981e+01
1.159079539769884981e+01
1.160830415207603750e+01
1.160830415207603750e+01
1.162581290645322873e+01
1.162581290645322873e+01
1.164332166083041464e+01
1.166083041520760410e+01
1.167833916958479179e+01
1.167833916958479179e+01
1.169584792396197948e+01
1.171335667833917071e+01
1.173086543271635840e+01
1.173086543271635840e+01
1.174837418709354786e+01
1.176588294147073377e+01
1.176588294147073377e+01
1.178339169584792501e+01
1.180090045022511269e+01
1.180090045022511269e+01
1.181840920460230215e+01
1.181840920460230215e+01
1.181840920460230215e+01
1.181840920460230215e+01
1.181840920460230215e+01
1.181840920460230215e+01
1.181840920460230215e+01
1.181840920460230215e+01
1.181840920460230215e+01
1.181840920460230215e+01
1.181840920460230215e+01
1.181840920460230215e+01
1.181840920460230215e+01
1.181840920460230215e+01
1.181840920460230215e+01
1.181840920460230215e+01
1.181840920460230215e+01
1.181840920460230215e+01
1.181840920460230215e+01
1.181840920460230215e+01
1.181840920460230215e+01
1.180090045022511269e+01
1.180090045022511269e+01
1.180090045022511269e+01
1.178339169584792501e+01
1.178339169584792501e+01
1.176588294147073377e+01
1.176588294147073377e+01
1.174837418709354786e+01
1.174837418709354786e+01
1.173086543271635840e+01
1.173086543271635840e+01
1.171335667833917071e+01
1.171335667833917071e+01
1.169584792396197948e+01
1.169584792396197948e+01
1.167833916958479179e+01
1.167833916958479179e+01
1.166083041520760410e+01
1.166083041520760410e+01
1.164332166083041464e+01
1.162581290645322873e+01
1.160830415207603750e+01
1.159079539769884981e+01
1.157328664332166035e+01
1.155577788894447266e+01
1.153826913456728143e+01
1.152076038019009729e+01
1.150325162581290606e+01
1.148574287143571837e+01
1.146823411705853069e+01
1.143321660830415176e+01
1.141570785392696230e+01
1.138069034517258693e+01
1.134567283641820801e+01
1.131065532766383264e+01
1.129314657328664495e+01
1.127563781890945727e+01
1.124062031015507834e+01
1.124062031015507834e+01
1.122311155577788888e+01
1.122311155577788888e+01
1.122311155577788888e+01
1.118809404702350996e+01
1.115307653826913636e+01
1.110055027513756798e+01
1.104802401200600492e+01
1.099549774887443654e+01
1.094297148574287171e+01
1.090795397698849456e+01
1.087293646823411564e+01
1.083791895947973849e+01
1.082041020510255258e+01
1.080290145072536490e+01
1.078539269634817366e+01
1.075037518759379651e+01
1.073286643321660883e+01
1.071535767883942114e+01
1.069784892446223168e+01
1.069784892446223168e+01
1.068034017008504222e+01
1.066283141570785453e+01
1.064532266133066685e+01
1.064532266133066685e+01
1.064532266133066685e+01
1.062781390695347561e+01
1.062781390695347561e+01
1.061030515257628792e+01
1.059279639819910024e+01
1.057528764382191255e+01
1.055777888944472309e+01
1.054027013506753363e+01
1.052276138069034417e+01
1.052276138069034417e+01
1.050525262631315648e+01
1.050525262631315648e+01
1.048774387193596525e+01
1.048774387193596525e+01
1.047023511755878111e+01
1.047023511755878111e+01
1.047023511755878111e+01
1.045272636318159165e+01
1.045272636318159165e+01
1.045272636318159165e+01
1.043521760880440219e+01
1.041770885442721450e+01
1.041770885442721450e+01
1.041770885442721450e+01
1.041770885442721450e+01
1.040020010005002504e+01
1.040020010005002504e+01
1.040020010005002504e+01
1.038269134567283558e+01
1.038269134567283558e+01
1.038269134567283558e+01
1.036518259129564790e+01
1.036518259129564790e+01
1.036518259129564790e+01
1.036518259129564790e+01
1.036518259129564790e+01
1.036518259129564790e+01
1.036518259129564790e+01
1.036518259129564790e+01
1.036518259129564790e+01
1.036518259129564790e+01
1.036518259129564790e+01
1.036518259129564790e+01
1.036518259129564790e+01
1.036518259129564790e+01
1.036518259129564790e+01
1.036518259129564790e+01
1.036518259129564790e+01
1.036518259129564790e+01
1.038269134567283558e+01
1.038269134567283558e+01
1.040020010005002504e+01
1.040020010005002504e+01
1.040020010005002504e+01
1.041770885442721450e+01
1.041770885442721450e+01
1.041770885442721450e+01
1.043521760880440219e+01
1.043521760880440219e+01
1.045272636318159165e+01
1.047023511755878111e+01
1.047023511755878111e+01
1.048774387193596525e+01
1.048774387193596525e+01
1.050525262631315648e+01
1.052276138069034417e+01
1.052276138069034417e+01
1.054027013506753363e+01
1.055777888944472309e+01
1.055777888944472309e+01
1.057528764382191255e+01
1.057528764382191255e+01
1.059279639819910024e+01
1.059279639819910024e+01
1.061030515257628792e+01
1.062781390695347561e+01
1.064532266133066685e+01
1.064532266133066685e+01
1.066283141570785453e+01
1.068034017008504222e+01
1.069784892446223168e+01
1.071535767883942114e+01
1.071535767883942114e+01
1.073286643321660883e+01
1.071535767883942114e+01
1.071535767883942114e+01
1.071535767883942114e+01
1.071535767883942114e+01
1.073286643321660883e+01
1.073286643321660883e+01
1.073286643321660883e+01
1.073286643321660883e+01
1.073286643321660883e+01
1.073286643321660883e+01
1.075037518759379651e+01
1.075037518759379651e+01
1.075037518759379651e+01
1.075037518759379651e+01
1.076788394197098597e+01
1.076788394197098597e+01
1.076788394197098597e+01
1.076788394197098597e+01
1.076788394197098597e+01
1.076788394197098597e+01
1.076788394197098597e+01
1.076788394197098597e+01
1.076788394197098597e+01
1.076788394197098597e+01
1.076788394197098597e+01
1.076788394197098597e+01
1.076788394197098597e+01
1.076788394197098597e+01
1.076788394197098597e+01
1.076788394197098597e+01
1.075037518759379651e+01
1.075037518759379651e+01
1.075037518759379651e+01
1.075037518759379651e+01
1.075037518759379651e+01
1.075037518759379651e+01
1.075037518759379651e+01
1.076788394197098597e+01
1.075037518759379651e+01
1.075037518759379651e+01
1.073286643321660883e+01
1.073286643321660883e+01
1.071535767883942114e+01
1.071535767883942114e+01
1.069784892446223168e+01
1.068034017008504222e+01
1.066283141570785453e+01
1.066283141570785453e+01
1.064532266133066685e+01
1.064532266133066685e+01
1.062781390695347561e+01
1.062781390695347561e+01
1.061030515257628792e+01
1.061030515257628792e+01
1.059279639819910024e+01
1.057528764382191255e+01
1.055777888944472309e+01
1.054027013506753363e+01
1.052276138069034417e+01
1.050525262631315648e+01
1.050525262631315648e+01
1.048774387193596525e+01
1.047023511755878111e+01
1.045272636318159165e+01
1.045272636318159165e+01
1.043521760880440219e+01
1.041770885442721450e+01
1.040020010005002504e+01
1.038269134567283558e+01
1.036518259129564790e+01
1.034767383691846021e+01
1.033016508254127075e+01
1.031265632816408306e+01
1.029514757378689360e+01
1.027763881940970414e+01
1.026013006503251646e+01
1.024262131065532877e+01
1.022511255627814108e+01
1.022511255627814108e+01
1.020760380190094985e+01
1.019009504752376216e+01
1.017258629314657270e+01
1.015507753876938501e+01
1.013756878439219733e+01
1.013756878439219733e+01
1.012006003001500787e+01
1.010255127563782018e+01
1.008504252126063072e+01
1.008504252126063072e+01
1.006753376688344304e+01
1.005002501250625357e+01
1.003251625812906589e+01
1.001500750375187465e+01
9.997498749374686966e+00
9.979989994997497504e+00
9.962481240620309819e+00
9.927463731865932672e+00
9.892446223111555526e+00
9.857428714357180155e+00
9.822411205602801232e+00
9.752376188094046938e+00
9.664832416208104959e+00
9.594797398699348889e+00
9.629814907453727812e+00
9.664832416208104959e+00
9.682341170585292645e+00
9.717358679339669791e+00
9.717358679339669791e+00
9.734867433716857477e+00
9.734867433716857477e+00
9.734867433716857477e+00
9.717358679339669791e+00
9.699849924962482106e+00
9.647323661830915498e+00
9.594797398699348889e+00
9.507253626813406910e+00
9.437218609304652617e+00
9.367183591795898323e+00
9.332166083041521176e+00
9.314657328664331715e+00
9.314657328664331715e+00
9.314657328664331715e+00
9.349674837418710638e+00
9.384692346173087785e+00
9.454727363681842078e+00
9.507253626813406910e+00
9.559779889944971742e+00
9.559779889944971742e+00
9.507253626813406910e+00
9.472236118059029764e+00
9.419709854927463155e+00
9.384692346173087785e+00
9.349674837418710638e+00
9.314657328664331715e+00
9.297148574287144029e+00
9.297148574287144029e+00
9.279639819909954568e+00
9.279639819909954568e+00
9.279639819909954568e+00
9.297148574287144029e+00
9.297148574287144029e+00
9.297148574287144029e+00
9.314657328664331715e+00
9.349674837418710638e+00
9.367183591795898323e+00
9.367183591795898323e+00
9.367183591795898323e+00
9.367183591795898323e+00
9.349674837418710638e+00
9.367183591795898323e+00
9.384692346173087785e+00
9.419709854927463155e+00
9.489744872436217449e+00
9.542271135567784057e+00
9.612306153076538351e+00
9.664832416208104959e+00
9.699849924962482106e+00
9.734867433716857477e+00
9.769884942471234623e+00
9.787393696848424085e+00
9.804902451225613547e+00
9.822411205602801232e+00
9.822411205602801232e+00
9.717358679339669791e+00
9.699849924962482106e+00
9.717358679339669791e+00
9.752376188094046938e+00
9.787393696848424085e+00
9.822411205602801232e+00
9.857428714357180155e+00
9.892446223111555526e+00
9.927463731865932672e+00
9.962481240620309819e+00
9.979989994997497504e+00
1.001500750375187465e+01
1.003251625812906589e+01
1.005002501250625357e+01
1.006753376688344304e+01
1.008504252126063072e+01
1.010255127563782018e+01
1.010255127563782018e+01
1.012006003001500787e+01
1.013756878439219733e+01
1.015507753876938501e+01
1.017258629314657270e+01
1.017258629314657270e+01
1.017258629314657270e+01
1.019009504752376216e+01
1.020760380190094985e+01
1.022511255627814108e+01
1.022511255627814108e+01
1.024262131065532877e+01
1.026013006503251646e+01
1.026013006503251646e+01
1.026013006503251646e+01
1.026013006503251646e+01
1.026013006503251646e+01
1.026013006503251646e+01
1.026013006503251646e+01
1.026013006503251646e+01
1.026013006503251646e+01
1.026013006503251646e+01
1.026013006503251646e+01
1.027763881940970414e+01
1.027763881940970414e+01
1.027763881940970414e+01
1.027763881940970414e+01
1.027763881940970414e+01
1.026013006503251646e+01
1.026013006503251646e+01
1.024262131065532877e+01
1.024262131065532877e+01
1.022511255627814108e+01
1.022511255627814108e+01
1.020760380190094985e+01
1.019009504752376216e+01
1.019009504752376216e+01
1.017258629314657270e+01
1.017258629314657270e+01
1.015507753876938501e+01
1.015507753876938501e+01
1.013756878439219733e+01
1.012006003001500787e+01
1.012006003001500787e+01
1.010255127563782018e+01
1.008504252126063072e+01
1.006753376688344304e+01
1.005002501250625357e+01
1.005002501250625357e+01
1.003251625812906589e+01
9.997498749374686966e+00
9.979989994997497504e+00
9.962481240620309819e+00
9.944972486243122134e+00
9.927463731865932672e+00
9.909954977488744987e+00
9.909954977488744987e+00
9.874937468734367840e+00
9.839919959979990693e+00
9.804902451225613547e+00
9.804902451225613547e+00
9.787393696848424085e+00
9.769884942471234623e+00
9.752376188094046938e+00
9.734867433716857477e+00
9.717358679339669791e+00
9.647323661830915498e+00
9.472236118059029764e+00
9.349674837418710638e+00
9.297148574287144029e+00
9.279639819909954568e+00
9.244622311155577421e+00
9.227113556778389736e+00
9.209604802401202051e+00
9.192096048024012589e+00
9.174587293646824904e+00
9.157078539269635442e+00
9.139569784892445981e+00
9.122061030515258295e+00
9.087043521760879372e+00
9.052026013006504002e+00
9.034517258629314540e+00
9.017008504252126855e+00
8.999499749874939170e+00
8.999499749874939170e+00
8.981990995497749708e+00
8.964482241120560246e+00
8.946973486743372561e+00
8.929464732366183100e+00
8.911955977988993638e+00
8.911955977988993638e+00
8.894447223611805953e+00
8.894447223611805953e+00
8.876938469234618267e+00
8.876938469234618267e+00
8.859429714857428806e+00
8.859429714857428806e+00
8.859429714857428806e+00
8.841920960480241121e+00
8.841920960480241121e+00
8.824412206103051659e+00
8.824412206103051659e+00
8.824412206103051659e+00
8.806903451725863974e+00
8.806903451725863974e+00
8.789394697348674512e+00
8.789394697348674512e+00
8.771885942971486827e+00
8.771885942971486827e+00
8.771885942971486827e+00
8.754377188594297365e+00
8.754377188594297365e+00
8.754377188594297365e+00
8.736868434217107904e+00
8.736868434217107904e+00
8.736868434217107904e+00
8.736868434217107904e+00
8.736868434217107904e+00
8.736868434217107904e+00
8.719359679839918442e+00
8.719359679839918442e+00
8.719359679839918442e+00
8.719359679839918442e+00
8.701850925462732533e+00
8.701850925462732533e+00
8.701850925462732533e+00
8.684342171085543072e+00
8.684342171085543072e+00
8.684342171085543072e+00
8.666833416708353610e+00
8.666833416708353610e+00
8.666833416708353610e+00
8.666833416708353610e+00
8.666833416708353610e+00
8.649324662331165925e+00
8.649324662331165925e+00
8.649324662331165925e+00
8.649324662331165925e+00
8.649324662331165925e+00
8.649324662331165925e+00
8.649324662331165925e+00
8.649324662331165925e+00
8.649324662331165925e+00
8.649324662331165925e+00
8.649324662331165925e+00
8.649324662331165925e+00
8.631815907953976463e+00
8.631815907953976463e+00
8.631815907953976463e+00
8.614307153576788778e+00
8.614307153576788778e+00
8.614307153576788778e+00
8.614307153576788778e+00
8.614307153576788778e+00
8.614307153576788778e+00
8.614307153576788778e+00
8.631815907953976463e+00
8.631815907953976463e+00
8.631815907953976463e+00
8.649324662331165925e+00
8.649324662331165925e+00
8.649324662331165925e+00
8.649324662331165925e+00
8.649324662331165925e+00
8.649324662331165925e+00
8.649324662331165925e+00
8.649324662331165925e+00
8.649324662331165925e+00
8.649324662331165925e+00
8.649324662331165925e+00
8.666833416708353610e+00
8.666833416708353610e+00
8.666833416708353610e+00
8.666833416708353610e+00
8.684342171085543072e+00
8.684342171085543072e+00
8.684342171085543072e+00
8.701850925462732533e+00
8.701850925462732533e+00
8.719359679839918442e+00
8.719359679839918442e+00
8.736868434217107904e+00
8.736868434217107904e+00
8.736868434217107904e+00
8.754377188594297365e+00
8.754377188594297365e+00
8.771885942971486827e+00
8.771885942971486827e+00
8.789394697348674512e+00
8.789394697348674512e+00
8.806903451725863974e+00
8.806903451725863974e+00
8.824412206103051659e+00
8.841920960480241121e+00
8.859429714857428806e+00
8.859429714857428806e+00
8.876938469234618267e+00
8.894447223611805953e+00
8.911955977988993638e+00
8.911955977988993638e+00
8.929464732366183100e+00
8.946973486743372561e+00
8.946973486743372561e+00
8.964482241120560246e+00
8.981990995497749708e+00
8.999499749874939170e+00
9.017008504252126855e+00
9.017008504252126855e+00
9.017008504252126855e+00
9.034517258629314540e+00
9.034517258629314540e+00
9.052026013006504002e+00
9.052026013006504002e+00
9.069534767383691687e+00
9.087043521760879372e+00
9.087043521760879372e+00
9.104552276138068834e+00
9.122061030515258295e+00
9.139569784892445981e+00
9.139569784892445981e+00
9.157078539269635442e+00
9.157078539269635442e+00
9.174587293646824904e+00
9.174587293646824904e+00
9.174587293646824904e+00
9.174587293646824904e+00
9.174587293646824904e+00
9.174587293646824904e+00
9.174587293646824904e+00
9.174587293646824904e+00
9.174587293646824904e+00
9.174587293646824904e+00
9.174587293646824904e+00
9.174587293646824904e+00
9.174587293646824904e+00
9.174587293646824904e+00
9.174587293646824904e+00
9.174587293646824904e+00
9.174587293646824904e+00
9.157078539269635442e+00
9.157078539269635442e+00
9.157078539269635442e+00
9.139569784892445981e+00
9.139569784892445981e+00
9.122061030515258295e+00
9.104552276138068834e+00
9.104552276138068834e+00
9.087043521760879372e+00
9.069534767383691687e+00
9.052026013006504002e+00
9.034517258629314540e+00
9.017008504252126855e+00
8.999499749874939170e+00
8.981990995497749708e+00
8.964482241120560246e+00
8.946973486743372561e+00
8.946973486743372561e+00
8.929464732366183100e+00
8.911955977988993638e+00
8.894447223611805953e+00
8.876938469234618267e+00
8.859429714857428806e+00
8.824412206103051659e+00
8.806903451725863974e+00
8.789394697348674512e+00
8.754377188594297365e+00
8.736868434217107904e+00
8.701850925462732533e+00
8.684342171085543072e+00
8.649324662331165925e+00
8.614307153576788778e+00
8.596798399199601093e+00
8.561780890445222170e+00
8.544272136068034484e+00
8.509254627313657338e+00
8.474237118559280191e+00
8.456728364182090729e+00
8.421710855427713582e+00
8.404202101050525897e+00
8.386693346673336436e+00
8.369184592296148750e+00
8.351675837918961065e+00
8.334167083541771603e+00
8.316658329164582142e+00
8.299149574787394457e+00
8.264132066033015533e+00
8.246623311655827848e+00
8.229114557278638387e+00
8.194097048524263016e+00
8.176588294147073555e+00
8.141570785392696408e+00
8.106553276638319261e+00
8.071535767883942114e+00
8.036518259129564967e+00
8.001500750375187820e+00
7.948974487243622100e+00
7.896448224112056380e+00
7.826413206603302086e+00
7.686343171585793499e+00
7.616308154077039205e+00
7.651325662831416352e+00
7.686343171585793499e+00
7.703851925962981184e+00
7.703851925962981184e+00
7.703851925962981184e+00
7.686343171585793499e+00
7.633816908454226891e+00
7.458729364682341156e+00
7.441220610305153471e+00
7.441220610305153471e+00
7.423711855927964010e+00
7.406203101550775436e+00
7.406203101550775436e+00
7.388694347173585975e+00
7.388694347173585975e+00
7.388694347173585975e+00
7.371185592796398289e+00
7.371185592796398289e+00
7.371185592796398289e+00
7.371185592796398289e+00
7.371185592796398289e+00
7.353676838419210604e+00
7.353676838419210604e+00
7.353676838419210604e+00
7.353676838419210604e+00
7.353676838419210604e+00
7.336168084042021142e+00
7.336168084042021142e+00
7.336168084042021142e+00
7.336168084042021142e+00
7.336168084042021142e+00
7.336168084042021142e+00
7.318659329664833457e+00
7.318659329664833457e+00
7.318659329664833457e+00
7.318659329664833457e+00
7.318659329664833457e+00
7.318659329664833457e+00
7.318659329664833457e+00
7.318659329664833457e+00
7.318659329664833457e+00
7.318659329664833457e+00
7.318659329664833457e+00
7.318659329664833457e+00
7.318659329664833457e+00
7.318659329664833457e+00
7.318659329664833457e+00
7.318659329664833457e+00
7.336168084042021142e+00
7.336168084042021142e+00
7.336168084042021142e+00
7.336168084042021142e+00
7.336168084042021142e+00
7.336168084042021142e+00
7.336168084042021142e+00
7.336168084042021142e+00
7.336168084042021142e+00
7.336168084042021142e+00
7.336168084042021142e+00
7.336168084042021142e+00
7.353676838419210604e+00
7.353676838419210604e+00
7.353676838419210604e+00
7.371185592796398289e+00
7.371185592796398289e+00
7.371185592796398289e+00
7.388694347173585975e+00
7.371185592796398289e+00
7.371185592796398289e+00
7.353676838419210604e+00
7.353676838419210604e+00
7.353676838419210604e+00
7.371185592796398289e+00
7.371185592796398289e+00
7.371185592796398289e+00
7.371185592796398289e+00
7.371185592796398289e+00
7.371185592796398289e+00
7.388694347173585975e+00
7.388694347173585975e+00
7.388694347173585975e+00
7.388694347173585975e+00
7.406203101550775436e+00
7.406203101550775436e+00
7.423711855927964010e+00
7.441220610305153471e+00
7.441220610305153471e+00
7.458729364682341156e+00
7.458729364682341156e+00
7.546273136568284023e+00
7.616308154077039205e+00
7.616308154077039205e+00
7.616308154077039205e+00
7.598799399699850632e+00
7.598799399699850632e+00
7.581290645322661170e+00
7.581290645322661170e+00
7.581290645322661170e+00
7.563781890945471709e+00
7.563781890945471709e+00
7.563781890945471709e+00
7.563781890945471709e+00
7.563781890945471709e+00
7.563781890945471709e+00
7.598799399699850632e+00
7.668834417208604926e+00
7.843921960980491548e+00
7.966483241620809785e+00
8.001500750375187820e+00
8.019009504752377282e+00
8.019009504752377282e+00
8.019009504752377282e+00
8.001500750375187820e+00
8.001500750375187820e+00
7.966483241620809785e+00
7.931465732866433527e+00
7.861430715357679233e+00
7.773886943471736366e+00
7.756378189094546904e+00
7.808904452226113513e+00
7.861430715357679233e+00
7.931465732866433527e+00
7.983991995997999247e+00
8.019009504752377282e+00
8.071535767883942114e+00
8.106553276638319261e+00
8.141570785392696408e+00
8.159079539769885869e+00
8.194097048524263016e+00
8.211605802901450701e+00
8.229114557278638387e+00
8.246623311655827848e+00
8.264132066033015533e+00
8.264132066033015533e+00
8.281640820410204995e+00
8.281640820410204995e+00
8.299149574787394457e+00
8.299149574787394457e+00
8.281640820410204995e+00
8.229114557278638387e+00
8.229114557278638387e+00
8.229114557278638387e+00
8.246623311655827848e+00
8.264132066033015533e+00
8.281640820410204995e+00
8.316658329164582142e+00
8.334167083541771603e+00
8.351675837918961065e+00
8.351675837918961065e+00
8.369184592296148750e+00
8.369184592296148750e+00
8.386693346673336436e+00
8.386693346673336436e+00
8.386693346673336436e+00
8.369184592296148750e+00
8.369184592296148750e+00
8.351675837918961065e+00
8.334167083541771603e+00
8.316658329164582142e+00
8.299149574787394457e+00
8.281640820410204995e+00
8.281640820410204995e+00
8.264132066033015533e+00
8.299149574787394457e+00
8.316658329164582142e+00
8.316658329164582142e+00
8.299149574787394457e+00
8.299149574787394457e+00
8.281640820410204995e+00
8.264132066033015533e+00
8.246623311655827848e+00
8.211605802901450701e+00
8.176588294147073555e+00
8.141570785392696408e+00
8.089044522261129799e+00
8.036518259129564967e+00
7.966483241620809785e+00
7.896448224112056380e+00
7.826413206603302086e+00
7.773886943471736366e+00
7.721360680340170646e+00
7.686343171585793499e+00
7.651325662831416352e+00
7.633816908454226891e+00
7.616308154077039205e+00
7.598799399699850632e+00
7.581290645322661170e+00
7.581290645322661170e+00
7.563781890945471709e+00
7.546273136568284023e+00
7.528764382191095450e+00
7.493746873436719191e+00
7.476238119059530618e+00
7.441220610305153471e+00
7.423711855927964010e+00
7.406203101550775436e+00
7.371185592796398289e+00
7.353676838419210604e+00
7.336168084042021142e+00
7.318659329664833457e+00
7.301150575287643996e+00
7.266133066533266849e+00
7.248624312156078275e+00
7.231115557778888814e+00
7.213606803401700240e+00
7.178589294647323982e+00
7.161080540270135408e+00
7.126063031515758261e+00
7.108554277138568800e+00
7.073536768384192541e+00
7.056028014007003080e+00
7.038519259629814506e+00
7.003501750875438248e+00
6.985992996498248786e+00
6.968484242121061101e+00
6.950975487743872527e+00
6.933466733366683066e+00
6.915957978989495381e+00
6.898449224612305919e+00
6.898449224612305919e+00
6.880940470235117346e+00
6.863431715857929660e+00
6.845922961480741087e+00
6.828414207103552513e+00
6.810905452726363052e+00
6.793396698349175367e+00
6.775887943971985905e+00
6.758379189594797332e+00
6.740870435217609646e+00
6.723361680840420185e+00
6.705852926463230723e+00
6.688344172086043038e+00
6.688344172086043038e+00
6.670835417708855353e+00
6.670835417708855353e+00
6.653326663331665891e+00
6.653326663331665891e+00
6.670835417708855353e+00
6.670835417708855353e+00
6.670835417708855353e+00
6.670835417708855353e+00
6.670835417708855353e+00
6.688344172086043038e+00
6.688344172086043038e+00
6.688344172086043038e+00
6.688344172086043038e+00
6.688344172086043038e+00
6.688344172086043038e+00
6.688344172086043038e+00
6.688344172086043038e+00
6.688344172086043038e+00
6.688344172086043038e+00
6.688344172086043038e+00
6.688344172086043038e+00
6.705852926463230723e+00
6.705852926463230723e+00
6.705852926463230723e+00
6.723361680840420185e+00
6.723361680840420185e+00
6.705852926463230723e+00
6.705852926463230723e+00
6.705852926463230723e+00
6.688344172086043038e+00
6.688344172086043038e+00
6.688344172086043038e+00
6.688344172086043038e+00
6.688344172086043038e+00
6.705852926463230723e+00
6.705852926463230723e+00
6.723361680840420185e+00
6.740870435217609646e+00
6.740870435217609646e+00
6.758379189594797332e+00
6.775887943971985905e+00
6.775887943971985905e+00
6.793396698349175367e+00
6.810905452726363052e+00
6.810905452726363052e+00
6.828414207103552513e+00
6.828414207103552513e+00
6.845922961480741087e+00
6.845922961480741087e+00
6.845922961480741087e+00
6.845922961480741087e+00
6.845922961480741087e+00
6.828414207103552513e+00
6.828414207103552513e+00
6.828414207103552513e+00
6.828414207103552513e+00
6.828414207103552513e+00
6.828414207103552513e+00
6.828414207103552513e+00
6.828414207103552513e+00
6.828414207103552513e+00
6.810905452726363052e+00
6.810905452726363052e+00
6.810905452726363052e+00
6.810905452726363052e+00
6.810905452726363052e+00
6.810905452726363052e+00
6.793396698349175367e+00
6.793396698349175367e+00
6.793396698349175367e+00
6.793396698349175367e+00
6.793396698349175367e+00
6.793396698349175367e+00
6.793396698349175367e+00
6.793396698349175367e+00
6.793396698349175367e+00
6.793396698349175367e+00
6.793396698349175367e+00
6.793396698349175367e+00
6.793396698349175367e+00
6.810905452726363052e+00
6.810905452726363052e+00
6.810905452726363052e+00
6.810905452726363052e+00
6.810905452726363052e+00
6.810905452726363052e+00
6.810905452726363052e+00
6.810905452726363052e+00
6.810905452726363052e+00
6.810905452726363052e+00
6.810905452726363052e+00
6.810905452726363052e+00
6.810905452726363052e+00
6.810905452726363052e+00
6.810905452726363052e+00
6.810905452726363052e+00
6.810905452726363052e+00
6.810905452726363052e+00
6.828414207103552513e+00
6.828414207103552513e+00
6.845922961480741087e+00
6.845922961480741087e+00
6.863431715857929660e+00
6.880940470235117346e+00
6.880940470235117346e+00
6.898449224612305919e+00
6.915957978989495381e+00
6.933466733366683066e+00
6.933466733366683066e+00
6.950975487743872527e+00
6.950975487743872527e+00
6.968484242121061101e+00
6.985992996498248786e+00
6.985992996498248786e+00
7.003501750875438248e+00
7.003501750875438248e+00
7.021010505252625933e+00
7.038519259629814506e+00
7.038519259629814506e+00
7.056028014007003080e+00
7.073536768384192541e+00
7.091045522761381115e+00
7.108554277138568800e+00
7.126063031515758261e+00
7.161080540270135408e+00
7.178589294647323982e+00
7.196098049024512555e+00
7.213606803401700240e+00
7.213606803401700240e+00
7.231115557778888814e+00
7.248624312156078275e+00
7.266133066533266849e+00
7.283641820910455422e+00
7.301150575287643996e+00
7.301150575287643996e+00
7.318659329664833457e+00
7.336168084042021142e+00
7.353676838419210604e+00
7.371185592796398289e+00
7.388694347173585975e+00
7.423711855927964010e+00
7.423711855927964010e+00
7.441220610305153471e+00
7.458729364682341156e+00
7.476238119059530618e+00
7.476238119059530618e+00
7.493746873436719191e+00
7.493746873436719191e+00
7.493746873436719191e+00
7.493746873436719191e+00
7.493746873436719191e+00
7.511255627813906877e+00
7.511255627813906877e+00
7.511255627813906877e+00
7.511255627813906877e+00
7.511255627813906877e+00
7.528764382191095450e+00
7.528764382191095450e+00
7.528764382191095450e+00
7.528764382191095450e+00
7.546273136568284023e+00
7.546273136568284023e+00
7.546273136568284023e+00
7.546273136568284023e+00
7.546273136568284023e+00
7.546273136568284023e+00
7.546273136568284023e+00
7.528764382191095450e+00
7.528764382191095450e+00
7.511255627813906877e+00
7.511255627813906877e+00
7.493746873436719191e+00
7.493746873436719191e+00
7.493746873436719191e+00
7.476238119059530618e+00
7.458729364682341156e+00
7.458729364682341156e+00
7.441220610305153471e+00
7.423711855927964010e+00
7.423711855927964010e+00
7.406203101550775436e+00
7.388694347173585975e+00
7.371185592796398289e+00
7.353676838419210604e+00
7.336168084042021142e+00
7.318659329664833457e+00
7.301150575287643996e+00
7.283641820910455422e+00
7.266133066533266849e+00
7.248624312156078275e+00
7.231115557778888814e+00
7.213606803401700240e+00
7.196098049024512555e+00
7.178589294647323982e+00
7.161080540270135408e+00
7.126063031515758261e+00
7.108554277138568800e+00
7.091045522761381115e+00
7.056028014007003080e+00
7.038519259629814506e+00
7.021010505252625933e+00
6.985992996498248786e+00
6.968484242121061101e+00
6.933466733366683066e+00
6.915957978989495381e+00
6.898449224612305919e+00
6.863431715857929660e+00
6.845922961480741087e+00
6.810905452726363052e+00
6.793396698349175367e+00
6.758379189594797332e+00
6.740870435217609646e+00
6.705852926463230723e+00
6.688344172086043038e+00
6.653326663331665891e+00
6.618309154577289632e+00
6.600800400200100171e+00
6.565782891445723024e+00
6.530765382691344989e+00
6.495747873936969619e+00
6.460730365182591584e+00
6.408204102051024975e+00
6.355677838919459255e+00
6.303151575787894423e+00
6.233116558279139241e+00
6.180590295147573521e+00
6.110555277638820115e+00
6.058029014507253507e+00
6.005502751375686898e+00
5.970485242621311528e+00
5.935467733866934381e+00
5.917958979489744920e+00
5.882941470735366885e+00
5.865432716358179199e+00
5.865432716358179199e+00
5.847923961980989738e+00
5.830415207603802052e+00
5.812906453226614367e+00
5.812906453226614367e+00
5.795397698849424906e+00
5.795397698849424906e+00
5.777888944472236332e+00
5.777888944472236332e+00
5.760380190095048647e+00
5.760380190095048647e+00
5.760380190095048647e+00
5.742871435717859185e+00
5.742871435717859185e+00
5.725362681340669724e+00
5.725362681340669724e+00
5.725362681340669724e+00
5.725362681340669724e+00
5.725362681340669724e+00
5.707853926963481150e+00
5.707853926963481150e+00
5.707853926963481150e+00
5.707853926963481150e+00
5.707853926963481150e+00
5.690345172586293465e+00
5.690345172586293465e+00
5.690345172586293465e+00
5.690345172586293465e+00
5.672836418209104004e+00
5.672836418209104004e+00
5.672836418209104004e+00
5.655327663831916318e+00
5.655327663831916318e+00
5.655327663831916318e+00
5.655327663831916318e+00
5.655327663831916318e+00
5.655327663831916318e+00
5.655327663831916318e+00
5.637818909454728633e+00
5.637818909454728633e+00
5.637818909454728633e+00
5.655327663831916318e+00
5.655327663831916318e+00
5.655327663831916318e+00
5.655327663831916318e+00
5.655327663831916318e+00
5.655327663831916318e+00
5.672836418209104004e+00
5.672836418209104004e+00
5.672836418209104004e+00
5.672836418209104004e+00
5.690345172586293465e+00
5.690345172586293465e+00
5.690345172586293465e+00
5.690345172586293465e+00
5.690345172586293465e+00
5.690345172586293465e+00
5.690345172586293465e+00
5.690345172586293465e+00
5.690345172586293465e+00
5.690345172586293465e+00
5.707853926963481150e+00
5.707853926963481150e+00
5.707853926963481150e+00
5.707853926963481150e+00
5.707853926963481150e+00
5.707853926963481150e+00
5.725362681340669724e+00
5.725362681340669724e+00
5.725362681340669724e+00
5.725362681340669724e+00
5.725362681340669724e+00
5.725362681340669724e+00
5.725362681340669724e+00
5.725362681340669724e+00
5.742871435717859185e+00
5.742871435717859185e+00
5.742871435717859185e+00
5.760380190095048647e+00
5.760380190095048647e+00
5.760380190095048647e+00
5.777888944472236332e+00
5.777888944472236332e+00
5.777888944472236332e+00
5.795397698849424906e+00
5.795397698849424906e+00
5.795397698849424906e+00
5.795397698849424906e+00
5.812906453226614367e+00
5.812906453226614367e+00
5.812906453226614367e+00
5.812906453226614367e+00
5.830415207603802052e+00
5.830415207603802052e+00
5.830415207603802052e+00
5.830415207603802052e+00
5.830415207603802052e+00
5.847923961980989738e+00
5.847923961980989738e+00
5.847923961980989738e+00
5.865432716358179199e+00
5.865432716358179199e+00
5.882941470735366885e+00
5.882941470735366885e+00
5.900450225112556346e+00
5.900450225112556346e+00
5.917958979489744920e+00
5.917958979489744920e+00
5.935467733866934381e+00
5.935467733866934381e+00
5.952976488244122066e+00
5.952976488244122066e+00
5.952976488244122066e+00
5.952976488244122066e+00
5.952976488244122066e+00
5.970485242621311528e+00
5.970485242621311528e+00
5.970485242621311528e+00
5.970485242621311528e+00
5.987993996998500101e+00
6.005502751375686898e+00
6.005502751375686898e+00
6.023011505752876360e+00
6.023011505752876360e+00
6.023011505752876360e+00
6.023011505752876360e+00
6.023011505752876360e+00
6.023011505752876360e+00
6.040520260130064933e+00
6.058029014507253507e+00
6.075537768884442080e+00
6.110555277638820115e+00
6.180590295147573521e+00
6.268134067033517276e+00
6.355677838919459255e+00
6.460730365182591584e+00
6.513256628314157304e+00
6.548274137068534451e+00
6.565782891445723024e+00
6.583291645822910709e+00
6.600800400200100171e+00
6.600800400200100171e+00
6.618309154577289632e+00
6.618309154577289632e+00
6.635817908954477318e+00
6.653326663331665891e+00
6.653326663331665891e+00
6.670835417708855353e+00
6.688344172086043038e+00
6.705852926463230723e+00
6.723361680840420185e+00
6.740870435217609646e+00
6.758379189594797332e+00
6.775887943971985905e+00
6.775887943971985905e+00
6.775887943971985905e+00
6.793396698349175367e+00
6.793396698349175367e+00
6.793396698349175367e+00
6.810905452726363052e+00
6.828414207103552513e+00
6.828414207103552513e+00
6.845922961480741087e+00
6.863431715857929660e+00
6.880940470235117346e+00
6.880940470235117346e+00
6.898449224612305919e+00
6.915957978989495381e+00
6.933466733366683066e+00
6.950975487743872527e+00
6.950975487743872527e+00
6.968484242121061101e+00
6.985992996498248786e+00
6.985992996498248786e+00
6.985992996498248786e+00
7.003501750875438248e+00
7.003501750875438248e+00
7.003501750875438248e+00
7.003501750875438248e+00
7.003501750875438248e+00
7.003501750875438248e+00
7.003501750875438248e+00
7.003501750875438248e+00
7.021010505252625933e+00
7.021010505252625933e+00
7.021010505252625933e+00
7.021010505252625933e+00
7.038519259629814506e+00
7.038519259629814506e+00
7.038519259629814506e+00
7.038519259629814506e+00
7.038519259629814506e+00
7.056028014007003080e+00
7.056028014007003080e+00
7.038519259629814506e+00
7.038519259629814506e+00
7.038519259629814506e+00
7.021010505252625933e+00
7.021010505252625933e+00
7.003501750875438248e+00
6.985992996498248786e+00
6.968484242121061101e+00
6.950975487743872527e+00
6.933466733366683066e+00
6.915957978989495381e+00
6.898449224612305919e+00
6.880940470235117346e+00
6.863431715857929660e+00
6.863431715857929660e+00
6.880940470235117346e+00
6.898449224612305919e+00
6.880940470235117346e+00
6.863431715857929660e+00
6.845922961480741087e+00
6.810905452726363052e+00
6.775887943971985905e+00
6.723361680840420185e+00
6.635817908954477318e+00
6.513256628314157304e+00
6.408204102051024975e+00
6.303151575787894423e+00
6.215607803901951556e+00
6.145572786393197262e+00
6.093046523261631542e+00
6.040520260130064933e+00
5.987993996998500101e+00
5.952976488244122066e+00
5.917958979489744920e+00
5.882941470735366885e+00
5.847923961980989738e+00
5.812906453226614367e+00
5.795397698849424906e+00
5.760380190095048647e+00
5.742871435717859185e+00
5.707853926963481150e+00
5.690345172586293465e+00
5.655327663831916318e+00
5.637818909454728633e+00
5.602801400700350598e+00
5.585292646323162025e+00
5.550275137568783990e+00
5.532766383191595416e+00
5.515257628814406843e+00
5.480240120060030584e+00
5.462731365682842011e+00
5.445222611305653437e+00
5.427713856928463976e+00
5.410205102551276291e+00
5.392696348174086829e+00
5.375187593796898256e+00
5.375187593796898256e+00
5.357678839419710570e+00
5.340170085042521109e+00
5.322661330665333423e+00
5.322661330665333423e+00
5.305152576288143962e+00
5.287643821910956277e+00
5.287643821910956277e+00
5.270135067533766815e+00
5.252626313156578242e+00
5.235117558779390556e+00
5.235117558779390556e+00
5.217608804402201095e+00
5.200100050025012521e+00
5.182591295647823948e+00
5.182591295647823948e+00
5.165082541270635375e+00
5.165082541270635375e+00
5.165082541270635375e+00
5.165082541270635375e+00
5.165082541270635375e+00
5.165082541270635375e+00
5.165082541270635375e+00
5.165082541270635375e+00
5.165082541270635375e+00
5.165082541270635375e+00
5.165082541270635375e+00
5.165082541270635375e+00
5.147573786893446801e+00
5.165082541270635375e+00
5.165082541270635375e+00
5.165082541270635375e+00
5.165082541270635375e+00
5.165082541270635375e+00
5.165082541270635375e+00
5.182591295647823948e+00
5.182591295647823948e+00
5.182591295647823948e+00
5.182591295647823948e+00
5.182591295647823948e+00
5.200100050025012521e+00
5.200100050025012521e+00
5.200100050025012521e+00
5.200100050025012521e+00
5.200100050025012521e+00
5.217608804402201095e+00
5.217608804402201095e+00
5.217608804402201095e+00
5.217608804402201095e+00
5.235117558779390556e+00
5.235117558779390556e+00
5.235117558779390556e+00
5.235117558779390556e+00
5.235117558779390556e+00
5.235117558779390556e+00
5.235117558779390556e+00
5.235117558779390556e+00
5.235117558779390556e+00
5.235117558779390556e+00
5.235117558779390556e+00
5.235117558779390556e+00
5.217608804402201095e+00
5.217608804402201095e+00
5.217608804402201095e+00
5.217608804402201095e+00
5.200100050025012521e+00
5.200100050025012521e+00
5.182591295647823948e+00
5.182591295647823948e+00
5.165082541270635375e+00
5.147573786893446801e+00
5.130065032516258228e+00
5.112556278139070542e+00
5.077538769384692507e+00
5.060030015007503934e+00
5.025012506253126787e+00
4.989994997498748752e+00
4.954977488744372494e+00
4.919959979989995347e+00
4.884942471235617312e+00
4.832416208104052480e+00
4.779889944972485871e+00
4.727363681840921039e+00
4.692346173086543892e+00
4.657328664332165857e+00
4.622311155577788711e+00
4.569784892446222990e+00
4.534767383691845843e+00
4.499749874937469585e+00
4.482241120560280123e+00
4.464732366183091550e+00
4.447223611805902976e+00
4.429714857428714403e+00
4.412206103051525830e+00
4.412206103051525830e+00
4.394697348674337256e+00
4.377188594297148683e+00
4.359679839919959221e+00
4.342171085542771536e+00
4.324662331165582962e+00
4.307153576788394389e+00
4.289644822411205816e+00
4.272136068034017242e+00
4.254627313656828669e+00
4.237118559279640095e+00
4.219609804902451522e+00
4.202101050525262949e+00
4.184592296148074375e+00
4.149574787393697228e+00
4.132066033016507767e+00
4.132066033016507767e+00
4.114557278639319193e+00
4.097048524262131508e+00
4.079539769884942935e+00
4.079539769884942935e+00
4.079539769884942935e+00
4.079539769884942935e+00
4.097048524262131508e+00
4.114557278639319193e+00
4.132066033016507767e+00
4.184592296148074375e+00
4.272136068034017242e+00
4.359679839919959221e+00
4.464732366183091550e+00
4.552276138069034417e+00
4.639819909954977284e+00
4.709854927463731578e+00
4.762381190595298186e+00
4.797398699349674445e+00
4.832416208104052480e+00
4.849924962481241053e+00
4.884942471235617312e+00
4.902451225612806773e+00
4.919959979989995347e+00
4.937468734367183920e+00
4.954977488744372494e+00
4.972486243121561067e+00
4.989994997498748752e+00
5.007503751875937326e+00
5.025012506253126787e+00
5.025012506253126787e+00
5.042521260630315361e+00
5.060030015007503934e+00
5.077538769384692507e+00
5.095047523761881081e+00
5.112556278139070542e+00
5.147573786893446801e+00
5.165082541270635375e+00
5.200100050025012521e+00
5.217608804402201095e+00
5.252626313156578242e+00
5.270135067533766815e+00
5.305152576288143962e+00
5.322661330665333423e+00
5.357678839419710570e+00
5.375187593796898256e+00
5.410205102551276291e+00
5.427713856928463976e+00
5.445222611305653437e+00
5.480240120060030584e+00
5.497748874437218269e+00
5.515257628814406843e+00
5.532766383191595416e+00
5.550275137568783990e+00
5.567783891945973451e+00
5.585292646323162025e+00
5.602801400700350598e+00
5.620310155077539171e+00
5.637818909454728633e+00
5.655327663831916318e+00
5.672836418209104004e+00
5.672836418209104004e+00
5.690345172586293465e+00
5.707853926963481150e+00
5.725362681340669724e+00
5.725362681340669724e+00
5.742871435717859185e+00
5.742871435717859185e+00
5.760380190095048647e+00
5.760380190095048647e+00
5.760380190095048647e+00
5.777888944472236332e+00
5.777888944472236332e+00
5.777888944472236332e+00
5.777888944472236332e+00
5.777888944472236332e+00
5.777888944472236332e+00
5.777888944472236332e+00
5.777888944472236332e+00
5.777888944472236332e+00
5.777888944472236332e+00
5.777888944472236332e+00
5.777888944472236332e+00
5.777888944472236332e+00
5.777888944472236332e+00
5.777888944472236332e+00
5.760380190095048647e+00
5.760380190095048647e+00
5.760380190095048647e+00
5.760380190095048647e+00
5.742871435717859185e+00
5.742871435717859185e+00
5.742871435717859185e+00
5.725362681340669724e+00
5.725362681340669724e+00
5.707853926963481150e+00
5.707853926963481150e+00
5.690345172586293465e+00
5.690345172586293465e+00
5.690345172586293465e+00
5.672836418209104004e+00
5.655327663831916318e+00
5.655327663831916318e+00
5.637818909454728633e+00
5.637818909454728633e+00
5.620310155077539171e+00
5.602801400700350598e+00
5.602801400700350598e+00
5.585292646323162025e+00
5.567783891945973451e+00
5.567783891945973451e+00
5.550275137568783990e+00
5.532766383191595416e+00
5.515257628814406843e+00
5.515257628814406843e+00
5.497748874437218269e+00
5.480240120060030584e+00
5.462731365682842011e+00
5.445222611305653437e+00
5.427713856928463976e+00
5.410205102551276291e+00
5.410205102551276291e+00
5.392696348174086829e+00
5.375187593796898256e+00
5.357678839419710570e+00
5.340170085042521109e+00
5.340170085042521109e+00
5.322661330665333423e+00
5.322661330665333423e+00
5.305152576288143962e+00
5.305152576288143962e+00
5.287643821910956277e+00
5.287643821910956277e+00
5.287643821910956277e+00
5.287643821910956277e+00
5.287643821910956277e+00
5.270135067533766815e+00
5.270135067533766815e+00
5.287643821910956277e+00
5.305152576288143962e+00
5.322661330665333423e+00
5.322661330665333423e+00
5.340170085042521109e+00
5.340170085042521109e+00
5.340170085042521109e+00
5.252626313156578242e+00
4.849924962481241053e+00
4.744872436218108724e+00
4.744872436218108724e+00
4.762381190595298186e+00
4.779889944972485871e+00
4.797398699349674445e+00
4.832416208104052480e+00
4.849924962481241053e+00
4.867433716858428738e+00
4.902451225612806773e+00
4.937468734367183920e+00
4.972486243121561067e+00
4.989994997498748752e+00
5.025012506253126787e+00
5.060030015007503934e+00
5.095047523761881081e+00
5.130065032516258228e+00
5.165082541270635375e+00
5.200100050025012521e+00
5.235117558779390556e+00
5.270135067533766815e+00
5.305152576288143962e+00
5.340170085042521109e+00
5.357678839419710570e+00
5.322661330665333423e+00
4.639819909954977284e+00
4.202101050525262949e+00
4.149574787393697228e+00
4.132066033016507767e+00
4.132066033016507767e+00
4.149574787393697228e+00
4.184592296148074375e+00
4.219609804902451522e+00
4.272136068034017242e+00
4.324662331165582962e+00
4.377188594297148683e+00
4.447223611805902976e+00
4.517258629314657270e+00
4.604802401200601025e+00
4.692346173086543892e+00
4.797398699349674445e+00
