2.293646823411706226e+00
2.293646823411706226e+00
2.293646823411706226e+00
2.293646823411706226e+00
2.293646823411706226e+00
2.293646823411706226e+00
2.293646823411706226e+00
2.293646823411706226e+00
2.276138069034517208e+00
2.276138069034517208e+00
2.276138069034517208e+00
2.276138069034517208e+00
2.276138069034517208e+00
2.276138069034517208e+00
2.258629314657328635e+00
2.258629314657328635e+00
2.258629314657328635e+00
2.258629314657328635e+00
2.241120560280140062e+00
2.241120560280140062e+00
2.223611805902951488e+00
2.206103051525762915e+00
2.206103051525762915e+00
2.206103051525762915e+00
2.188594297148574341e+00
2.188594297148574341e+00
2.188594297148574341e+00
2.171085542771385768e+00
2.171085542771385768e+00
2.153576788394197195e+00
2.153576788394197195e+00
2.136068034017008621e+00
2.136068034017008621e+00
2.118559279639820048e+00
2.118559279639820048e+00
2.101050525262631474e+00
2.101050525262631474e+00
2.083541770885442901e+00
2.083541770885442901e+00
2.066033016508253883e+00
2.048524262131065754e+00
2.048524262131065754e+00
2.048524262131065754e+00
2.048524262131065754e+00
2.048524262131065754e+00
2.048524262131065754e+00
2.066033016508253883e+00
2.083541770885442901e+00
2.101050525262631474e+00
2.118559279639820048e+00
2.136068034017008621e+00
2.136068034017008621e+00
2.136068034017008621e+00
2.153576788394197195e+00
2.153576788394197195e+00
2.153576788394197195e+00
2.171085542771385768e+00
2.171085542771385768e+00
2.171085542771385768e+00
2.171085542771385768e+00
2.171085542771385768e+00
2.171085542771385768e+00
2.171085542771385768e+00
2.171085542771385768e+00
2.171085542771385768e+00
2.188594297148574341e+00
2.188594297148574341e+00
2.188594297148574341e+00
2.206103051525762915e+00
2.206103051525762915e+00
2.206103051525762915e+00
2.223611805902951488e+00
2.223611805902951488e+00
2.241120560280140062e+00
2.241120560280140062e+00
2.241120560280140062e+00
2.258629314657328635e+00
2.258629314657328635e+00
2.258629314657328635e+00
2.276138069034517208e+00
2.258629314657328635e+00
2.258629314657328635e+00
2.276138069034517208e+00
2.276138069034517208e+00
2.276138069034517208e+00
2.293646823411706226e+00
2.293646823411706226e+00
2.311155577788894355e+00
2.311155577788894355e+00
2.328664332166082929e+00
2.328664332166082929e+00
2.328664332166082929e+00
2.328664332166082929e+00
2.346173086543271946e+00
2.328664332166082929e+00
2.328664332166082929e+00
2.328664332166082929e+00
2.311155577788894355e+00
2.293646823411706226e+00
2.293646823411706226e+00
2.276138069034517208e+00
2.258629314657328635e+00
2.258629314657328635e+00
2.258629314657328635e+00
2.276138069034517208e+00
2.293646823411706226e+00
2.328664332166082929e+00
2.346173086543271946e+00
2.363681840920460520e+00
2.381190595297649093e+00
2.381190595297649093e+00
2.381190595297649093e+00
2.381190595297649093e+00
2.381190595297649093e+00
2.381190595297649093e+00
2.363681840920460520e+00
2.346173086543271946e+00
2.346173086543271946e+00
2.328664332166082929e+00
2.328664332166082929e+00
2.328664332166082929e+00
2.346173086543271946e+00
2.328664332166082929e+00
2.311155577788894355e+00
2.311155577788894355e+00
2.293646823411706226e+00
2.276138069034517208e+00
2.276138069034517208e+00
2.258629314657328635e+00
2.258629314657328635e+00
2.258629314657328635e+00
2.241120560280140062e+00
2.241120560280140062e+00
2.223611805902951488e+00
2.223611805902951488e+00
2.223611805902951488e+00
2.206103051525762915e+00
2.206103051525762915e+00
2.188594297148574341e+00
2.206103051525762915e+00
2.223611805902951488e+00
2.241120560280140062e+00
2.223611805902951488e+00
2.223611805902951488e+00
2.223611805902951488e+00
2.206103051525762915e+00
2.206103051525762915e+00
2.206103051525762915e+00
2.206103051525762915e+00
2.206103051525762915e+00
2.188594297148574341e+00
2.188594297148574341e+00
2.188594297148574341e+00
2.188594297148574341e+00
2.188594297148574341e+00
2.188594297148574341e+00
2.171085542771385768e+00
2.171085542771385768e+00
2.171085542771385768e+00
2.171085542771385768e+00
2.223611805902951488e+00
2.223611805902951488e+00
2.241120560280140062e+00
2.241120560280140062e+00
2.241120560280140062e+00
2.241120560280140062e+00
2.241120560280140062e+00
2.241120560280140062e+00
2.241120560280140062e+00
2.241120560280140062e+00
2.241120560280140062e+00
2.241120560280140062e+00
2.241120560280140062e+00
2.241120560280140062e+00
2.241120560280140062e+00
2.241120560280140062e+00
2.241120560280140062e+00
2.241120560280140062e+00
2.241120560280140062e+00
2.258629314657328635e+00
2.293646823411706226e+00
2.311155577788894355e+00
2.311155577788894355e+00
2.311155577788894355e+00
2.293646823411706226e+00
2.293646823411706226e+00
2.293646823411706226e+00
2.293646823411706226e+00
2.276138069034517208e+00
2.276138069034517208e+00
2.276138069034517208e+00
2.276138069034517208e+00
2.276138069034517208e+00
2.258629314657328635e+00
2.258629314657328635e+00
2.258629314657328635e+00
2.258629314657328635e+00
2.258629314657328635e+00
2.241120560280140062e+00
2.258629314657328635e+00
2.328664332166082929e+00
2.346173086543271946e+00
2.346173086543271946e+00
2.346173086543271946e+00
2.328664332166082929e+00
2.328664332166082929e+00
2.328664332166082929e+00
2.328664332166082929e+00
2.311155577788894355e+00
2.311155577788894355e+00
2.293646823411706226e+00
2.293646823411706226e+00
2.293646823411706226e+00
2.276138069034517208e+00
2.276138069034517208e+00
2.276138069034517208e+00
2.258629314657328635e+00
2.241120560280140062e+00
2.241120560280140062e+00
2.258629314657328635e+00
2.293646823411706226e+00
2.311155577788894355e+00
2.293646823411706226e+00
2.293646823411706226e+00
2.293646823411706226e+00
2.293646823411706226e+00
2.293646823411706226e+00
2.293646823411706226e+00
2.293646823411706226e+00
2.293646823411706226e+00
2.293646823411706226e+00
2.276138069034517208e+00
2.276138069034517208e+00
2.276138069034517208e+00
2.258629314657328635e+00
2.241120560280140062e+00
2.241120560280140062e+00
2.223611805902951488e+00
2.223611805902951488e+00
2.223611805902951488e+00
2.223611805902951488e+00
2.223611805902951488e+00
2.206103051525762915e+00
2.206103051525762915e+00
2.188594297148574341e+00
2.188594297148574341e+00
2.171085542771385768e+00
2.171085542771385768e+00
2.153576788394197195e+00
2.153576788394197195e+00
2.136068034017008621e+00
2.136068034017008621e+00
2.136068034017008621e+00
2.136068034017008621e+00
2.118559279639820048e+00
2.118559279639820048e+00
2.118559279639820048e+00
2.101050525262631474e+00
2.101050525262631474e+00
2.101050525262631474e+00
2.153576788394197195e+00
2.171085542771385768e+00
2.171085542771385768e+00
2.171085542771385768e+00
2.188594297148574341e+00
2.188594297148574341e+00
2.188594297148574341e+00
2.206103051525762915e+00
2.206103051525762915e+00
2.206103051525762915e+00
2.223611805902951488e+00
2.223611805902951488e+00
2.223611805902951488e+00
2.241120560280140062e+00
2.241120560280140062e+00
2.241120560280140062e+00
2.241120560280140062e+00
2.241120560280140062e+00
2.258629314657328635e+00
2.293646823411706226e+00
2.381190595297649093e+00
2.416208104052026240e+00
2.416208104052026240e+00
2.416208104052026240e+00
2.433716858429214369e+00
2.433716858429214369e+00
2.451225612806403387e+00
2.451225612806403387e+00
2.468734367183591960e+00
2.486243121560780533e+00
2.503751875937968663e+00
2.521260630315157680e+00
2.538769384692346254e+00
2.573786893446723401e+00
2.626313156578289121e+00
2.713856928464231988e+00
2.871435717858929593e+00
3.151575787893947211e+00
3.466733366683341533e+00
2.748874437218609135e+00
2.118559279639820048e+00
2.083541770885442901e+00
2.101050525262631474e+00
2.118559279639820048e+00
2.136068034017008621e+00
2.136068034017008621e+00
2.153576788394197195e+00
2.171085542771385768e+00
2.188594297148574341e+00
2.206103051525762915e+00
2.206103051525762915e+00
2.223611805902951488e+00
2.241120560280140062e+00
2.258629314657328635e+00
2.258629314657328635e+00
2.276138069034517208e+00
2.276138069034517208e+00
2.293646823411706226e+00
2.311155577788894355e+00
2.293646823411706226e+00
2.223611805902951488e+00
2.223611805902951488e+00
2.223611805902951488e+00
2.223611805902951488e+00
2.241120560280140062e+00
2.241120560280140062e+00
2.241120560280140062e+00
2.241120560280140062e+00
2.241120560280140062e+00
2.241120560280140062e+00
2.241120560280140062e+00
2.258629314657328635e+00
2.258629314657328635e+00
2.258629314657328635e+00
2.258629314657328635e+00
2.258629314657328635e+00
2.258629314657328635e+00
2.258629314657328635e+00
2.258629314657328635e+00
2.241120560280140062e+00
2.188594297148574341e+00
2.188594297148574341e+00
2.188594297148574341e+00
2.188594297148574341e+00
2.206103051525762915e+00
2.206103051525762915e+00
2.223611805902951488e+00
2.223611805902951488e+00
2.223611805902951488e+00
2.241120560280140062e+00
2.241120560280140062e+00
2.258629314657328635e+00
2.258629314657328635e+00
2.258629314657328635e+00
2.276138069034517208e+00
2.276138069034517208e+00
2.293646823411706226e+00
2.293646823411706226e+00
2.311155577788894355e+00
2.311155577788894355e+00
2.276138069034517208e+00
2.276138069034517208e+00
2.276138069034517208e+00
2.293646823411706226e+00
2.293646823411706226e+00
2.311155577788894355e+00
2.311155577788894355e+00
2.328664332166082929e+00
2.328664332166082929e+00
2.346173086543271946e+00
2.346173086543271946e+00
2.363681840920460520e+00
2.363681840920460520e+00
2.363681840920460520e+00
2.363681840920460520e+00
2.363681840920460520e+00
2.363681840920460520e+00
2.363681840920460520e+00
2.363681840920460520e+00
2.363681840920460520e+00
2.328664332166082929e+00
2.328664332166082929e+00
2.328664332166082929e+00
2.328664332166082929e+00
2.328664332166082929e+00
2.328664332166082929e+00
2.328664332166082929e+00
2.328664332166082929e+00
2.328664332166082929e+00
2.328664332166082929e+00
2.328664332166082929e+00
2.328664332166082929e+00
2.311155577788894355e+00
2.311155577788894355e+00
2.311155577788894355e+00
2.311155577788894355e+00
2.311155577788894355e+00
2.293646823411706226e+00
2.293646823411706226e+00
2.293646823411706226e+00
2.328664332166082929e+00
2.328664332166082929e+00
2.328664332166082929e+00
2.311155577788894355e+00
2.311155577788894355e+00
2.311155577788894355e+00
2.311155577788894355e+00
2.293646823411706226e+00
2.293646823411706226e+00
2.276138069034517208e+00
2.276138069034517208e+00
2.258629314657328635e+00
2.258629314657328635e+00
2.241120560280140062e+00
2.241120560280140062e+00
2.223611805902951488e+00
2.223611805902951488e+00
2.206103051525762915e+00
2.206103051525762915e+00
2.206103051525762915e+00
2.258629314657328635e+00
2.258629314657328635e+00
2.241120560280140062e+00
2.241120560280140062e+00
2.223611805902951488e+00
2.223611805902951488e+00
2.223611805902951488e+00
2.206103051525762915e+00
2.206103051525762915e+00
2.206103051525762915e+00
2.206103051525762915e+00
2.206103051525762915e+00
2.188594297148574341e+00
2.188594297148574341e+00
2.188594297148574341e+00
2.188594297148574341e+00
2.188594297148574341e+00
2.188594297148574341e+00
2.171085542771385768e+00
2.188594297148574341e+00
2.223611805902951488e+00
2.223611805902951488e+00
2.223611805902951488e+00
2.223611805902951488e+00
2.223611805902951488e+00
2.223611805902951488e+00
2.223611805902951488e+00
2.223611805902951488e+00
2.223611805902951488e+00
2.206103051525762915e+00
2.206103051525762915e+00
2.206103051525762915e+00
2.206103051525762915e+00
2.206103051525762915e+00
2.206103051525762915e+00
2.206103051525762915e+00
2.206103051525762915e+00
2.206103051525762915e+00
2.206103051525762915e+00
2.223611805902951488e+00
2.241120560280140062e+00
2.258629314657328635e+00
2.258629314657328635e+00
2.258629314657328635e+00
2.258629314657328635e+00
2.258629314657328635e+00
2.241120560280140062e+00
2.241120560280140062e+00
2.241120560280140062e+00
2.241120560280140062e+00
2.241120560280140062e+00
2.241120560280140062e+00
2.223611805902951488e+00
2.223611805902951488e+00
2.206103051525762915e+00
2.206103051525762915e+00
2.188594297148574341e+00
2.188594297148574341e+00
2.171085542771385768e+00
2.188594297148574341e+00
2.241120560280140062e+00
2.258629314657328635e+00
2.241120560280140062e+00
2.241120560280140062e+00
2.223611805902951488e+00
2.223611805902951488e+00
2.223611805902951488e+00
2.206103051525762915e+00
2.206103051525762915e+00
2.206103051525762915e+00
2.206103051525762915e+00
2.206103051525762915e+00
2.206103051525762915e+00
2.206103051525762915e+00
2.206103051525762915e+00
2.188594297148574341e+00
2.188594297148574341e+00
2.188594297148574341e+00
2.171085542771385768e+00
2.206103051525762915e+00
2.293646823411706226e+00
2.311155577788894355e+00
2.293646823411706226e+00
2.276138069034517208e+00
2.276138069034517208e+00
2.258629314657328635e+00
2.258629314657328635e+00
2.241120560280140062e+00
2.223611805902951488e+00
2.223611805902951488e+00
2.206103051525762915e+00
2.206103051525762915e+00
2.206103051525762915e+00
2.188594297148574341e+00
2.188594297148574341e+00
2.188594297148574341e+00
2.171085542771385768e+00
2.171085542771385768e+00
2.153576788394197195e+00
2.188594297148574341e+00
2.258629314657328635e+00
2.258629314657328635e+00
2.258629314657328635e+00
2.258629314657328635e+00
2.241120560280140062e+00
2.241120560280140062e+00
2.241120560280140062e+00
2.241120560280140062e+00
2.223611805902951488e+00
2.223611805902951488e+00
2.223611805902951488e+00
2.223611805902951488e+00
2.206103051525762915e+00
2.206103051525762915e+00
2.206103051525762915e+00
2.206103051525762915e+00
2.206103051525762915e+00
2.188594297148574341e+00
2.188594297148574341e+00
2.206103051525762915e+00
2.276138069034517208e+00
2.276138069034517208e+00
2.276138069034517208e+00
2.258629314657328635e+00
2.258629314657328635e+00
2.241120560280140062e+00
2.223611805902951488e+00
2.223611805902951488e+00
2.206103051525762915e+00
2.188594297148574341e+00
2.171085542771385768e+00
2.171085542771385768e+00
2.153576788394197195e+00
2.136068034017008621e+00
2.118559279639820048e+00
2.101050525262631474e+00
2.083541770885442901e+00
2.066033016508253883e+00
2.048524262131065754e+00
2.048524262131065754e+00
2.101050525262631474e+00
2.083541770885442901e+00
2.083541770885442901e+00
2.083541770885442901e+00
2.066033016508253883e+00
2.066033016508253883e+00
2.031015507753877181e+00
1.995997998999499812e+00
1.960980490245122887e+00
1.925962981490745296e+00
1.890945472736367927e+00
1.890945472736367927e+00
1.890945472736367927e+00
1.925962981490745296e+00
1.943471735867934092e+00
1.978489244622311016e+00
1.995997998999499812e+00
2.031015507753877181e+00
2.066033016508253883e+00
2.188594297148574341e+00
2.538769384692346254e+00
2.608804402201100547e+00
2.591295647823911974e+00
2.573786893446723401e+00
2.556278139069535271e+00
2.556278139069535271e+00
2.556278139069535271e+00
2.556278139069535271e+00
2.556278139069535271e+00
2.556278139069535271e+00
2.556278139069535271e+00
2.556278139069535271e+00
2.556278139069535271e+00
2.556278139069535271e+00
2.573786893446723401e+00
2.556278139069535271e+00
2.556278139069535271e+00
2.538769384692346254e+00
2.538769384692346254e+00
2.713856928464231988e+00
3.781890945472735854e+00
4.009504752376188641e+00
3.974487243621811050e+00
3.869434717358679165e+00
3.781890945472735854e+00
3.659329664832416729e+00
3.519259629814907253e+00
3.379189594797398666e+00
3.221610805402701505e+00
3.029014507253626753e+00
2.871435717858929593e+00
2.731365682841421005e+00
2.591295647823911974e+00
2.486243121560780533e+00
2.398699349674837222e+00
2.328664332166082929e+00
2.258629314657328635e+00
2.206103051525762915e+00
2.153576788394197195e+00
2.171085542771385768e+00
2.258629314657328635e+00
2.223611805902951488e+00
2.188594297148574341e+00
2.171085542771385768e+00
2.136068034017008621e+00
2.118559279639820048e+00
2.101050525262631474e+00
2.066033016508253883e+00
2.048524262131065754e+00
2.031015507753877181e+00
2.013506753376688163e+00
1.995997998999499812e+00
1.978489244622311016e+00
1.978489244622311016e+00
1.978489244622311016e+00
1.978489244622311016e+00
1.978489244622311016e+00
1.978489244622311016e+00
1.995997998999499812e+00
2.031015507753877181e+00
2.066033016508253883e+00
2.101050525262631474e+00
2.118559279639820048e+00
2.136068034017008621e+00
2.153576788394197195e+00
2.171085542771385768e+00
2.188594297148574341e+00
2.206103051525762915e+00
2.206103051525762915e+00
2.223611805902951488e+00
2.241120560280140062e+00
2.258629314657328635e+00
2.276138069034517208e+00
2.276138069034517208e+00
2.293646823411706226e+00
2.293646823411706226e+00
2.311155577788894355e+00
2.328664332166082929e+00
2.328664332166082929e+00
2.346173086543271946e+00
2.381190595297649093e+00
2.398699349674837222e+00
2.416208104052026240e+00
2.416208104052026240e+00
2.433716858429214369e+00
2.433716858429214369e+00
2.433716858429214369e+00
2.451225612806403387e+00
2.451225612806403387e+00
2.468734367183591960e+00
2.468734367183591960e+00
2.486243121560780533e+00
2.503751875937968663e+00
2.521260630315157680e+00
2.538769384692346254e+00
2.556278139069535271e+00
2.591295647823911974e+00
2.608804402201100547e+00
2.643821910955478138e+00
2.696348174087043414e+00
2.783891945972986726e+00
2.906453226613307184e+00
3.029014507253626753e+00
3.204102051025512488e+00
3.414207103551776257e+00
3.606803401700850120e+00
3.746873436718359596e+00
3.816908454227113445e+00
3.816908454227113445e+00
3.781890945472735854e+00
3.711855927963982005e+00
3.641820910455227711e+00
3.571785892946473862e+00
3.501750875437719124e+00
3.431715857928964830e+00
3.361680840420210092e+00
3.291645822911455355e+00
3.221610805402701505e+00
3.151575787893947211e+00
3.029014507253626753e+00
2.888944472236118166e+00
2.818909454727364317e+00
2.783891945972986726e+00
2.748874437218609135e+00
2.713856928464231988e+00
2.696348174087043414e+00
2.661330665332666712e+00
2.626313156578289121e+00
2.608804402201100547e+00
2.573786893446723401e+00
2.556278139069535271e+00
2.521260630315157680e+00
2.503751875937968663e+00
2.486243121560780533e+00
2.451225612806403387e+00
2.433716858429214369e+00
2.416208104052026240e+00
2.381190595297649093e+00
2.363681840920460520e+00
2.328664332166082929e+00
2.276138069034517208e+00
2.258629314657328635e+00
2.258629314657328635e+00
2.241120560280140062e+00
2.223611805902951488e+00
2.206103051525762915e+00
2.206103051525762915e+00
2.188594297148574341e+00
2.188594297148574341e+00
2.188594297148574341e+00
2.171085542771385768e+00
2.171085542771385768e+00
2.171085542771385768e+00
2.171085542771385768e+00
2.171085542771385768e+00
2.171085542771385768e+00
2.171085542771385768e+00
2.171085542771385768e+00
2.171085542771385768e+00
2.171085542771385768e+00
2.153576788394197195e+00
2.171085542771385768e+00
2.171085542771385768e+00
2.171085542771385768e+00
2.188594297148574341e+00
2.188594297148574341e+00
2.206103051525762915e+00
2.206103051525762915e+00
2.223611805902951488e+00
2.241120560280140062e+00
2.258629314657328635e+00
2.258629314657328635e+00
2.276138069034517208e+00
2.293646823411706226e+00
2.311155577788894355e+00
2.311155577788894355e+00
2.328664332166082929e+00
2.346173086543271946e+00
2.363681840920460520e+00
2.381190595297649093e+00
2.381190595297649093e+00
2.398699349674837222e+00
2.416208104052026240e+00
2.433716858429214369e+00
2.468734367183591960e+00
2.503751875937968663e+00
2.521260630315157680e+00
2.556278139069535271e+00
2.608804402201100547e+00
2.643821910955478138e+00
2.696348174087043414e+00
2.748874437218609135e+00
2.818909454727364317e+00
2.906453226613307184e+00
2.993996998499250051e+00
3.081540770385193362e+00
3.169084542271136229e+00
3.256628314157078652e+00
3.344172086043021519e+00
3.414207103551776257e+00
3.466733366683341533e+00
3.501750875437719124e+00
3.536768384192096271e+00
3.536768384192096271e+00
3.501750875437719124e+00
3.449224612306152959e+00
3.361680840420210092e+00
3.256628314157078652e+00
3.134067033516758638e+00
3.029014507253626753e+00
2.923961980990494869e+00
2.818909454727364317e+00
2.748874437218609135e+00
2.678839419709855285e+00
2.626313156578289121e+00
2.573786893446723401e+00
2.521260630315157680e+00
2.486243121560780533e+00
2.451225612806403387e+00
2.451225612806403387e+00
2.486243121560780533e+00
2.451225612806403387e+00
2.433716858429214369e+00
2.398699349674837222e+00
2.381190595297649093e+00
2.346173086543271946e+00
2.328664332166082929e+00
2.311155577788894355e+00
2.293646823411706226e+00
2.276138069034517208e+00
2.258629314657328635e+00
2.241120560280140062e+00
2.241120560280140062e+00
2.223611805902951488e+00
2.223611805902951488e+00
2.206103051525762915e+00
2.206103051525762915e+00
2.206103051525762915e+00
2.206103051525762915e+00
2.223611805902951488e+00
2.258629314657328635e+00
2.258629314657328635e+00
2.258629314657328635e+00
2.258629314657328635e+00
2.258629314657328635e+00
2.258629314657328635e+00
2.258629314657328635e+00
2.258629314657328635e+00
2.258629314657328635e+00
2.258629314657328635e+00
2.241120560280140062e+00
2.241120560280140062e+00
2.241120560280140062e+00
2.241120560280140062e+00
2.241120560280140062e+00
2.241120560280140062e+00
2.223611805902951488e+00
2.223611805902951488e+00
2.223611805902951488e+00
2.258629314657328635e+00
2.293646823411706226e+00
2.293646823411706226e+00
2.293646823411706226e+00
2.293646823411706226e+00
2.293646823411706226e+00
2.293646823411706226e+00
2.293646823411706226e+00
2.276138069034517208e+00
2.276138069034517208e+00
2.276138069034517208e+00
2.276138069034517208e+00
2.276138069034517208e+00
2.276138069034517208e+00
2.276138069034517208e+00
2.276138069034517208e+00
2.258629314657328635e+00
2.258629314657328635e+00
2.258629314657328635e+00
2.241120560280140062e+00
2.293646823411706226e+00
2.346173086543271946e+00
2.346173086543271946e+00
2.346173086543271946e+00
2.346173086543271946e+00
2.346173086543271946e+00
2.328664332166082929e+00
2.328664332166082929e+00
2.311155577788894355e+00
2.311155577788894355e+00
2.293646823411706226e+00
2.293646823411706226e+00
2.276138069034517208e+00
2.276138069034517208e+00
2.258629314657328635e+00
2.241120560280140062e+00
2.223611805902951488e+00
2.206103051525762915e+00
2.188594297148574341e+00
2.171085542771385768e+00
2.206103051525762915e+00
2.258629314657328635e+00
2.258629314657328635e+00
2.276138069034517208e+00
2.258629314657328635e+00
2.258629314657328635e+00
2.258629314657328635e+00
2.258629314657328635e+00
2.258629314657328635e+00
2.258629314657328635e+00
2.258629314657328635e+00
2.241120560280140062e+00
2.241120560280140062e+00
2.223611805902951488e+00
2.223611805902951488e+00
2.206103051525762915e+00
2.206103051525762915e+00
2.188594297148574341e+00
2.188594297148574341e+00
2.171085542771385768e+00
2.188594297148574341e+00
2.188594297148574341e+00
2.188594297148574341e+00
2.171085542771385768e+00
2.171085542771385768e+00
2.153576788394197195e+00
2.153576788394197195e+00
2.153576788394197195e+00
2.153576788394197195e+00
2.153576788394197195e+00
2.153576788394197195e+00
2.136068034017008621e+00
2.136068034017008621e+00
2.118559279639820048e+00
2.118559279639820048e+00
2.118559279639820048e+00
2.101050525262631474e+00
2.101050525262631474e+00
2.101050525262631474e+00
2.101050525262631474e+00
2.153576788394197195e+00
2.188594297148574341e+00
2.206103051525762915e+00
2.223611805902951488e+00
2.223611805902951488e+00
2.223611805902951488e+00
2.241120560280140062e+00
2.241120560280140062e+00
2.258629314657328635e+00
2.258629314657328635e+00
2.258629314657328635e+00
2.258629314657328635e+00
2.258629314657328635e+00
2.258629314657328635e+00
2.276138069034517208e+00
2.276138069034517208e+00
2.276138069034517208e+00
2.258629314657328635e+00
2.258629314657328635e+00
2.258629314657328635e+00
2.311155577788894355e+00
2.381190595297649093e+00
2.398699349674837222e+00
2.398699349674837222e+00
2.416208104052026240e+00
2.416208104052026240e+00
2.433716858429214369e+00
2.433716858429214369e+00
2.451225612806403387e+00
2.451225612806403387e+00
2.486243121560780533e+00
2.538769384692346254e+00
2.626313156578289121e+00
2.748874437218609135e+00
2.993996998499250051e+00
3.291645822911455355e+00
3.501750875437719124e+00
3.571785892946473862e+00
3.379189594797398666e+00
2.678839419709855285e+00
2.188594297148574341e+00
2.083541770885442901e+00
2.083541770885442901e+00
2.101050525262631474e+00
2.118559279639820048e+00
2.118559279639820048e+00
2.136068034017008621e+00
2.153576788394197195e+00
2.171085542771385768e+00
2.188594297148574341e+00
2.206103051525762915e+00
2.206103051525762915e+00
2.223611805902951488e+00
2.241120560280140062e+00
2.258629314657328635e+00
2.258629314657328635e+00
2.276138069034517208e+00
2.293646823411706226e+00
2.293646823411706226e+00
2.311155577788894355e+00
2.258629314657328635e+00
2.223611805902951488e+00
2.206103051525762915e+00
2.223611805902951488e+00
2.223611805902951488e+00
2.223611805902951488e+00
2.223611805902951488e+00
2.223611805902951488e+00
2.223611805902951488e+00
2.223611805902951488e+00
2.223611805902951488e+00
2.223611805902951488e+00
2.223611805902951488e+00
2.223611805902951488e+00
2.223611805902951488e+00
2.206103051525762915e+00
2.206103051525762915e+00
2.206103051525762915e+00
2.206103051525762915e+00
2.206103051525762915e+00
2.171085542771385768e+00
2.136068034017008621e+00
2.136068034017008621e+00
2.136068034017008621e+00
2.153576788394197195e+00
2.153576788394197195e+00
2.153576788394197195e+00
2.171085542771385768e+00
2.171085542771385768e+00
2.171085542771385768e+00
2.188594297148574341e+00
2.188594297148574341e+00
2.206103051525762915e+00
2.223611805902951488e+00
2.223611805902951488e+00
2.241120560280140062e+00
2.241120560280140062e+00
2.258629314657328635e+00
2.276138069034517208e+00
2.276138069034517208e+00
2.258629314657328635e+00
2.223611805902951488e+00
2.223611805902951488e+00
2.241120560280140062e+00
2.241120560280140062e+00
2.241120560280140062e+00
2.258629314657328635e+00
2.258629314657328635e+00
2.258629314657328635e+00
2.276138069034517208e+00
2.276138069034517208e+00
2.293646823411706226e+00
2.293646823411706226e+00
2.293646823411706226e+00
2.311155577788894355e+00
2.311155577788894355e+00
2.311155577788894355e+00
2.311155577788894355e+00
2.328664332166082929e+00
2.328664332166082929e+00
2.293646823411706226e+00
2.276138069034517208e+00
2.276138069034517208e+00
2.276138069034517208e+00
2.276138069034517208e+00
2.276138069034517208e+00
2.293646823411706226e+00
2.293646823411706226e+00
2.293646823411706226e+00
2.276138069034517208e+00
2.276138069034517208e+00
2.276138069034517208e+00
2.276138069034517208e+00
2.276138069034517208e+00
2.258629314657328635e+00
2.258629314657328635e+00
2.258629314657328635e+00
2.258629314657328635e+00
2.241120560280140062e+00
2.241120560280140062e+00
2.241120560280140062e+00
2.241120560280140062e+00
2.241120560280140062e+00
2.241120560280140062e+00
2.241120560280140062e+00
2.241120560280140062e+00
2.241120560280140062e+00
2.241120560280140062e+00
2.241120560280140062e+00
2.241120560280140062e+00
2.241120560280140062e+00
2.241120560280140062e+00
2.241120560280140062e+00
2.241120560280140062e+00
2.241120560280140062e+00
2.223611805902951488e+00
2.223611805902951488e+00
2.223611805902951488e+00
2.223611805902951488e+00
2.206103051525762915e+00
2.241120560280140062e+00
2.241120560280140062e+00
2.241120560280140062e+00
2.241120560280140062e+00
2.241120560280140062e+00
2.223611805902951488e+00
2.223611805902951488e+00
2.223611805902951488e+00
2.206103051525762915e+00
2.206103051525762915e+00
2.206103051525762915e+00
2.188594297148574341e+00
2.188594297148574341e+00
2.188594297148574341e+00
2.171085542771385768e+00
2.171085542771385768e+00
2.171085542771385768e+00
2.171085542771385768e+00
2.153576788394197195e+00
2.153576788394197195e+00
2.188594297148574341e+00
2.206103051525762915e+00
2.206103051525762915e+00
2.206103051525762915e+00
2.206103051525762915e+00
2.206103051525762915e+00
2.188594297148574341e+00
2.188594297148574341e+00
2.188594297148574341e+00
2.188594297148574341e+00
2.188594297148574341e+00
2.188594297148574341e+00
2.171085542771385768e+00
2.171085542771385768e+00
2.171085542771385768e+00
2.171085542771385768e+00
2.171085542771385768e+00
2.171085542771385768e+00
2.153576788394197195e+00
2.153576788394197195e+00
2.188594297148574341e+00
2.206103051525762915e+00
2.206103051525762915e+00
2.206103051525762915e+00
2.206103051525762915e+00
2.206103051525762915e+00
2.206103051525762915e+00
2.206103051525762915e+00
2.206103051525762915e+00
2.206103051525762915e+00
2.206103051525762915e+00
2.206103051525762915e+00
2.206103051525762915e+00
2.206103051525762915e+00
2.206103051525762915e+00
2.206103051525762915e+00
2.206103051525762915e+00
2.206103051525762915e+00
2.188594297148574341e+00
2.188594297148574341e+00
2.223611805902951488e+00
2.241120560280140062e+00
2.241120560280140062e+00
2.241120560280140062e+00
2.241120560280140062e+00
2.241120560280140062e+00
2.241120560280140062e+00
2.241120560280140062e+00
2.241120560280140062e+00
2.223611805902951488e+00
2.223611805902951488e+00
2.223611805902951488e+00
2.223611805902951488e+00
2.223611805902951488e+00
2.223611805902951488e+00
2.206103051525762915e+00
2.206103051525762915e+00
2.206103051525762915e+00
2.188594297148574341e+00
2.188594297148574341e+00
2.223611805902951488e+00
2.258629314657328635e+00
2.258629314657328635e+00
2.258629314657328635e+00
2.241120560280140062e+00
2.241120560280140062e+00
2.223611805902951488e+00
2.223611805902951488e+00
2.223611805902951488e+00
2.206103051525762915e+00
2.206103051525762915e+00
2.206103051525762915e+00
2.206103051525762915e+00
2.188594297148574341e+00
2.188594297148574341e+00
2.188594297148574341e+00
2.188594297148574341e+00
2.171085542771385768e+00
2.171085542771385768e+00
2.171085542771385768e+00
2.241120560280140062e+00
2.293646823411706226e+00
2.311155577788894355e+00
2.311155577788894355e+00
2.293646823411706226e+00
2.293646823411706226e+00
2.276138069034517208e+00
2.276138069034517208e+00
2.258629314657328635e+00
2.258629314657328635e+00
2.241120560280140062e+00
2.241120560280140062e+00
2.241120560280140062e+00
2.223611805902951488e+00
2.223611805902951488e+00
2.206103051525762915e+00
2.206103051525762915e+00
2.206103051525762915e+00
2.188594297148574341e+00
2.188594297148574341e+00
2.258629314657328635e+00
2.293646823411706226e+00
2.293646823411706226e+00
2.276138069034517208e+00
2.276138069034517208e+00
2.276138069034517208e+00
2.258629314657328635e+00
2.258629314657328635e+00
2.241120560280140062e+00
2.241120560280140062e+00
2.223611805902951488e+00
2.223611805902951488e+00
2.206103051525762915e+00
2.206103051525762915e+00
2.188594297148574341e+00
2.188594297148574341e+00
2.171085542771385768e+00
2.171085542771385768e+00
2.153576788394197195e+00
2.136068034017008621e+00
2.171085542771385768e+00
2.188594297148574341e+00
2.171085542771385768e+00
2.171085542771385768e+00
2.153576788394197195e+00
2.136068034017008621e+00
2.118559279639820048e+00
2.101050525262631474e+00
2.101050525262631474e+00
2.083541770885442901e+00
2.066033016508253883e+00
2.048524262131065754e+00
2.048524262131065754e+00
2.031015507753877181e+00
2.013506753376688163e+00
2.013506753376688163e+00
2.013506753376688163e+00
2.013506753376688163e+00
2.013506753376688163e+00
2.013506753376688163e+00
2.066033016508253883e+00
2.118559279639820048e+00
2.118559279639820048e+00
2.136068034017008621e+00
2.136068034017008621e+00
2.136068034017008621e+00
2.153576788394197195e+00
2.153576788394197195e+00
2.153576788394197195e+00
2.171085542771385768e+00
2.171085542771385768e+00
2.188594297148574341e+00
2.206103051525762915e+00
2.223611805902951488e+00
2.223611805902951488e+00
2.241120560280140062e+00
2.241120560280140062e+00
2.241120560280140062e+00
2.241120560280140062e+00
2.241120560280140062e+00
2.556278139069535271e+00
2.101050525262631474e+00
2.153576788394197195e+00
2.206103051525762915e+00
2.223611805902951488e+00
2.241120560280140062e+00
2.241120560280140062e+00
2.258629314657328635e+00
2.241120560280140062e+00
2.241120560280140062e+00
2.223611805902951488e+00
2.223611805902951488e+00
2.206103051525762915e+00
2.188594297148574341e+00
2.188594297148574341e+00
2.171085542771385768e+00
2.171085542771385768e+00
2.171085542771385768e+00
2.153576788394197195e+00
2.153576788394197195e+00
2.206103051525762915e+00
2.223611805902951488e+00
2.241120560280140062e+00
2.223611805902951488e+00
2.223611805902951488e+00
2.223611805902951488e+00
2.223611805902951488e+00
2.223611805902951488e+00
2.223611805902951488e+00
2.241120560280140062e+00
2.241120560280140062e+00
2.241120560280140062e+00
2.258629314657328635e+00
2.258629314657328635e+00
2.276138069034517208e+00
2.276138069034517208e+00
2.293646823411706226e+00
2.293646823411706226e+00
2.311155577788894355e+00
2.311155577788894355e+00
2.328664332166082929e+00
2.346173086543271946e+00
2.363681840920460520e+00
2.363681840920460520e+00
2.381190595297649093e+00
2.398699349674837222e+00
2.398699349674837222e+00
2.416208104052026240e+00
2.416208104052026240e+00
2.433716858429214369e+00
2.433716858429214369e+00
2.433716858429214369e+00
2.433716858429214369e+00
2.451225612806403387e+00
2.451225612806403387e+00
2.451225612806403387e+00
2.451225612806403387e+00
2.451225612806403387e+00
2.433716858429214369e+00
2.381190595297649093e+00
2.276138069034517208e+00
5.182591295647823948e+00
4.972486243121561067e+00
4.709854927463731578e+00
4.377188594297148683e+00
4.044522261130564900e+00
3.834417208604302463e+00
3.711855927963982005e+00
3.624312156078039138e+00
3.554277138569284400e+00
3.501750875437719124e+00
3.449224612306152959e+00
3.396698349174587683e+00
3.361680840420210092e+00
3.326663331665832946e+00
3.274137068534267225e+00
3.221610805402701505e+00
3.169084542271136229e+00
3.116558279139569620e+00
3.046523261630815771e+00
2.923961980990494869e+00
2.818909454727364317e+00
2.766383191595797708e+00
2.731365682841421005e+00
2.696348174087043414e+00
2.661330665332666712e+00
2.626313156578289121e+00
2.591295647823911974e+00
2.556278139069535271e+00
2.538769384692346254e+00
2.503751875937968663e+00
2.486243121560780533e+00
2.451225612806403387e+00
2.433716858429214369e+00
2.416208104052026240e+00
2.398699349674837222e+00
2.381190595297649093e+00
2.363681840920460520e+00
2.346173086543271946e+00
2.346173086543271946e+00
2.293646823411706226e+00
2.276138069034517208e+00
2.276138069034517208e+00
2.258629314657328635e+00
2.258629314657328635e+00
2.241120560280140062e+00
2.241120560280140062e+00
2.241120560280140062e+00
2.241120560280140062e+00
2.241120560280140062e+00
2.241120560280140062e+00
2.241120560280140062e+00
2.241120560280140062e+00
2.241120560280140062e+00
2.258629314657328635e+00
2.258629314657328635e+00
2.276138069034517208e+00
2.276138069034517208e+00
2.293646823411706226e+00
2.311155577788894355e+00
2.311155577788894355e+00
2.311155577788894355e+00
2.328664332166082929e+00
2.363681840920460520e+00
2.381190595297649093e+00
2.398699349674837222e+00
2.433716858429214369e+00
2.451225612806403387e+00
2.486243121560780533e+00
2.521260630315157680e+00
2.573786893446723401e+00
2.608804402201100547e+00
2.661330665332666712e+00
2.713856928464231988e+00
2.783891945972986726e+00
2.853926963481740575e+00
2.941470735367683442e+00
3.011505752876438180e+00
3.099049524762381047e+00
3.186593296648323914e+00
3.274137068534267225e+00
3.326663331665832946e+00
3.396698349174587683e+00
3.449224612306152959e+00
3.501750875437719124e+00
3.519259629814907253e+00
3.536768384192096271e+00
3.554277138569284400e+00
3.536768384192096271e+00
3.501750875437719124e+00
3.449224612306152959e+00
3.379189594797398666e+00
3.274137068534267225e+00
3.151575787893947211e+00
3.011505752876438180e+00
2.906453226613307184e+00
2.801400700350175299e+00
2.696348174087043414e+00
2.626313156578289121e+00
2.573786893446723401e+00
2.608804402201100547e+00
2.608804402201100547e+00
2.556278139069535271e+00
2.521260630315157680e+00
2.486243121560780533e+00
2.451225612806403387e+00
2.416208104052026240e+00
2.381190595297649093e+00
2.363681840920460520e+00
2.346173086543271946e+00
2.311155577788894355e+00
2.293646823411706226e+00
2.276138069034517208e+00
2.258629314657328635e+00
2.258629314657328635e+00
2.241120560280140062e+00
2.223611805902951488e+00
2.223611805902951488e+00
2.206103051525762915e+00
2.206103051525762915e+00
2.241120560280140062e+00
2.241120560280140062e+00
2.241120560280140062e+00
2.241120560280140062e+00
2.241120560280140062e+00
2.223611805902951488e+00
2.223611805902951488e+00
2.223611805902951488e+00
2.223611805902951488e+00
2.223611805902951488e+00
2.223611805902951488e+00
2.223611805902951488e+00
2.241120560280140062e+00
2.241120560280140062e+00
2.241120560280140062e+00
2.241120560280140062e+00
2.241120560280140062e+00
2.241120560280140062e+00
2.241120560280140062e+00
2.241120560280140062e+00
2.276138069034517208e+00
2.311155577788894355e+00
2.311155577788894355e+00
2.311155577788894355e+00
2.293646823411706226e+00
2.293646823411706226e+00
2.293646823411706226e+00
2.293646823411706226e+00
2.276138069034517208e+00
2.276138069034517208e+00
2.276138069034517208e+00
2.258629314657328635e+00
2.258629314657328635e+00
2.241120560280140062e+00
2.241120560280140062e+00
2.241120560280140062e+00
2.223611805902951488e+00
2.223611805902951488e+00
2.223611805902951488e+00
2.223611805902951488e+00
2.276138069034517208e+00
2.311155577788894355e+00
2.311155577788894355e+00
2.311155577788894355e+00
2.311155577788894355e+00
2.293646823411706226e+00
2.293646823411706226e+00
2.293646823411706226e+00
2.276138069034517208e+00
2.276138069034517208e+00
2.258629314657328635e+00
2.258629314657328635e+00
2.258629314657328635e+00
2.241120560280140062e+00
2.241120560280140062e+00
2.223611805902951488e+00
2.223611805902951488e+00
2.206103051525762915e+00
2.206103051525762915e+00
2.206103051525762915e+00
2.276138069034517208e+00
2.311155577788894355e+00
2.311155577788894355e+00
2.311155577788894355e+00
2.311155577788894355e+00
2.328664332166082929e+00
2.328664332166082929e+00
2.328664332166082929e+00
2.328664332166082929e+00
2.328664332166082929e+00
2.328664332166082929e+00
2.328664332166082929e+00
2.328664332166082929e+00
2.328664332166082929e+00
2.311155577788894355e+00
2.311155577788894355e+00
2.311155577788894355e+00
2.293646823411706226e+00
2.276138069034517208e+00
2.276138069034517208e+00
2.293646823411706226e+00
2.293646823411706226e+00
2.276138069034517208e+00
2.276138069034517208e+00
2.258629314657328635e+00
2.258629314657328635e+00
2.241120560280140062e+00
2.241120560280140062e+00
2.223611805902951488e+00
2.223611805902951488e+00
2.206103051525762915e+00
2.206103051525762915e+00
2.188594297148574341e+00
2.188594297148574341e+00
2.171085542771385768e+00
2.171085542771385768e+00
2.171085542771385768e+00
2.153576788394197195e+00
2.153576788394197195e+00
2.153576788394197195e+00
2.206103051525762915e+00
2.223611805902951488e+00
2.223611805902951488e+00
2.223611805902951488e+00
2.206103051525762915e+00
2.206103051525762915e+00
2.188594297148574341e+00
2.188594297148574341e+00
2.171085542771385768e+00
2.171085542771385768e+00
2.153576788394197195e+00
2.153576788394197195e+00
2.153576788394197195e+00
2.153576788394197195e+00
2.136068034017008621e+00
2.136068034017008621e+00
2.136068034017008621e+00
2.136068034017008621e+00
2.136068034017008621e+00
2.136068034017008621e+00
2.206103051525762915e+00
2.223611805902951488e+00
2.223611805902951488e+00
2.223611805902951488e+00
2.206103051525762915e+00
2.206103051525762915e+00
2.206103051525762915e+00
2.206103051525762915e+00
2.188594297148574341e+00
2.188594297148574341e+00
2.188594297148574341e+00
2.188594297148574341e+00
2.188594297148574341e+00
2.188594297148574341e+00
2.188594297148574341e+00
2.188594297148574341e+00
2.188594297148574341e+00
2.171085542771385768e+00
2.171085542771385768e+00
2.188594297148574341e+00
2.293646823411706226e+00
2.346173086543271946e+00
2.363681840920460520e+00
2.363681840920460520e+00
2.381190595297649093e+00
2.381190595297649093e+00
2.398699349674837222e+00
2.398699349674837222e+00
2.398699349674837222e+00
2.416208104052026240e+00
2.433716858429214369e+00
2.433716858429214369e+00
2.451225612806403387e+00
2.486243121560780533e+00
2.503751875937968663e+00
2.521260630315157680e+00
2.556278139069535271e+00
2.591295647823911974e+00
2.626313156578289121e+00
2.783891945972986726e+00
1.623061530765382798e+01
1.612556278139069832e+01
1.609054527263631940e+01
1.603801900950475456e+01
1.596798399199599849e+01
1.591545772886443189e+01
1.588044022011005652e+01
1.584542271135567937e+01
1.582791395697848813e+01
1.581040520260130222e+01
3.641820910455227711e+00
3.554277138569284400e+00
3.484242121060530550e+00
3.431715857928964830e+00
3.361680840420210092e+00
3.291645822911455355e+00
3.221610805402701505e+00
3.169084542271136229e+00
3.099049524762381047e+00
2.958979489744872460e+00
2.363681840920460520e+00
2.293646823411706226e+00
2.293646823411706226e+00
2.293646823411706226e+00
2.293646823411706226e+00
2.311155577788894355e+00
2.311155577788894355e+00
2.311155577788894355e+00
2.311155577788894355e+00
2.311155577788894355e+00
2.328664332166082929e+00
2.328664332166082929e+00
2.328664332166082929e+00
2.311155577788894355e+00
2.311155577788894355e+00
2.311155577788894355e+00
2.311155577788894355e+00
2.293646823411706226e+00
2.293646823411706226e+00
2.276138069034517208e+00
2.171085542771385768e+00
2.153576788394197195e+00
2.153576788394197195e+00
2.153576788394197195e+00
2.153576788394197195e+00
2.153576788394197195e+00
2.153576788394197195e+00
2.171085542771385768e+00
2.171085542771385768e+00
2.171085542771385768e+00
2.171085542771385768e+00
2.171085542771385768e+00
2.171085542771385768e+00
2.171085542771385768e+00
2.188594297148574341e+00
2.188594297148574341e+00
2.188594297148574341e+00
2.188594297148574341e+00
2.188594297148574341e+00
2.171085542771385768e+00
2.118559279639820048e+00
2.101050525262631474e+00
2.118559279639820048e+00
2.118559279639820048e+00
2.118559279639820048e+00
2.118559279639820048e+00
2.118559279639820048e+00
2.136068034017008621e+00
2.136068034017008621e+00
2.136068034017008621e+00
2.136068034017008621e+00
2.153576788394197195e+00
2.153576788394197195e+00
2.153576788394197195e+00
2.171085542771385768e+00
2.171085542771385768e+00
2.171085542771385768e+00
2.188594297148574341e+00
2.188594297148574341e+00
2.188594297148574341e+00
2.153576788394197195e+00
2.136068034017008621e+00
2.153576788394197195e+00
2.153576788394197195e+00
2.171085542771385768e+00
2.188594297148574341e+00
2.188594297148574341e+00
2.206103051525762915e+00
2.223611805902951488e+00
2.223611805902951488e+00
2.241120560280140062e+00
2.258629314657328635e+00
2.258629314657328635e+00
2.276138069034517208e+00
2.276138069034517208e+00
2.276138069034517208e+00
2.293646823411706226e+00
2.293646823411706226e+00
2.293646823411706226e+00
2.293646823411706226e+00
2.241120560280140062e+00
2.223611805902951488e+00
2.241120560280140062e+00
2.241120560280140062e+00
2.241120560280140062e+00
2.241120560280140062e+00
2.241120560280140062e+00
2.241120560280140062e+00
2.258629314657328635e+00
2.258629314657328635e+00
2.258629314657328635e+00
2.258629314657328635e+00
2.258629314657328635e+00
2.258629314657328635e+00
2.258629314657328635e+00
2.258629314657328635e+00
2.258629314657328635e+00
2.258629314657328635e+00
2.258629314657328635e+00
2.258629314657328635e+00
2.241120560280140062e+00
2.241120560280140062e+00
2.241120560280140062e+00
2.241120560280140062e+00
2.241120560280140062e+00
2.223611805902951488e+00
2.223611805902951488e+00
2.223611805902951488e+00
2.223611805902951488e+00
2.223611805902951488e+00
2.223611805902951488e+00
2.223611805902951488e+00
2.206103051525762915e+00
2.206103051525762915e+00
2.206103051525762915e+00
2.206103051525762915e+00
2.206103051525762915e+00
2.206103051525762915e+00
2.206103051525762915e+00
2.206103051525762915e+00
2.206103051525762915e+00
2.206103051525762915e+00
2.223611805902951488e+00
2.223611805902951488e+00
2.223611805902951488e+00
2.223611805902951488e+00
2.223611805902951488e+00
2.223611805902951488e+00
2.206103051525762915e+00
2.206103051525762915e+00
2.206103051525762915e+00
2.206103051525762915e+00
2.206103051525762915e+00
2.206103051525762915e+00
2.188594297148574341e+00
2.188594297148574341e+00
2.188594297148574341e+00
2.188594297148574341e+00
2.171085542771385768e+00
2.171085542771385768e+00
2.206103051525762915e+00
2.223611805902951488e+00
2.223611805902951488e+00
2.206103051525762915e+00
2.206103051525762915e+00
2.206103051525762915e+00
2.188594297148574341e+00
2.188594297148574341e+00
2.188594297148574341e+00
2.188594297148574341e+00
2.171085542771385768e+00
2.171085542771385768e+00
2.171085542771385768e+00
2.171085542771385768e+00
2.171085542771385768e+00
2.153576788394197195e+00
2.153576788394197195e+00
2.153576788394197195e+00
2.153576788394197195e+00
2.153576788394197195e+00
2.188594297148574341e+00
2.206103051525762915e+00
2.206103051525762915e+00
2.206103051525762915e+00
2.188594297148574341e+00
2.188594297148574341e+00
2.188594297148574341e+00
2.188594297148574341e+00
2.188594297148574341e+00
2.171085542771385768e+00
2.171085542771385768e+00
2.171085542771385768e+00
2.171085542771385768e+00
2.171085542771385768e+00
2.171085542771385768e+00
2.171085542771385768e+00
2.153576788394197195e+00
2.153576788394197195e+00
2.153576788394197195e+00
2.171085542771385768e+00
2.188594297148574341e+00
2.206103051525762915e+00
2.223611805902951488e+00
2.223611805902951488e+00
2.223611805902951488e+00
2.223611805902951488e+00
2.223611805902951488e+00
2.223611805902951488e+00
2.223611805902951488e+00
2.223611805902951488e+00
2.223611805902951488e+00
2.223611805902951488e+00
2.223611805902951488e+00
2.223611805902951488e+00
2.223611805902951488e+00
2.206103051525762915e+00
2.206103051525762915e+00
2.206103051525762915e+00
2.206103051525762915e+00
2.206103051525762915e+00
2.241120560280140062e+00
2.258629314657328635e+00
2.258629314657328635e+00
2.258629314657328635e+00
2.258629314657328635e+00
2.258629314657328635e+00
2.241120560280140062e+00
2.241120560280140062e+00
2.241120560280140062e+00
2.241120560280140062e+00
2.241120560280140062e+00
2.223611805902951488e+00
2.223611805902951488e+00
2.206103051525762915e+00
2.206103051525762915e+00
2.188594297148574341e+00
2.188594297148574341e+00
2.171085542771385768e+00
2.153576788394197195e+00
2.171085542771385768e+00
2.241120560280140062e+00
2.241120560280140062e+00
2.241120560280140062e+00
2.241120560280140062e+00
2.223611805902951488e+00
2.223611805902951488e+00
2.206103051525762915e+00
2.206103051525762915e+00
2.206103051525762915e+00
2.206103051525762915e+00
2.206103051525762915e+00
2.206103051525762915e+00
2.206103051525762915e+00
2.188594297148574341e+00
2.188594297148574341e+00
2.188594297148574341e+00
2.188594297148574341e+00
2.188594297148574341e+00
2.188594297148574341e+00
2.188594297148574341e+00
2.293646823411706226e+00
2.328664332166082929e+00
2.311155577788894355e+00
2.311155577788894355e+00
2.293646823411706226e+00
2.293646823411706226e+00
2.276138069034517208e+00
2.258629314657328635e+00
2.258629314657328635e+00
2.241120560280140062e+00
2.241120560280140062e+00
2.223611805902951488e+00
2.223611805902951488e+00
2.206103051525762915e+00
2.206103051525762915e+00
2.206103051525762915e+00
2.188594297148574341e+00
2.188594297148574341e+00
2.188594297148574341e+00
2.188594297148574341e+00
2.276138069034517208e+00
2.276138069034517208e+00
2.276138069034517208e+00
2.276138069034517208e+00
2.258629314657328635e+00
2.258629314657328635e+00
2.258629314657328635e+00
2.241120560280140062e+00
2.241120560280140062e+00
2.241120560280140062e+00
2.223611805902951488e+00
2.223611805902951488e+00
2.206103051525762915e+00
2.206103051525762915e+00
2.188594297148574341e+00
2.188594297148574341e+00
2.171085542771385768e+00
2.153576788394197195e+00
2.153576788394197195e+00
2.136068034017008621e+00
2.188594297148574341e+00
2.188594297148574341e+00
2.171085542771385768e+00
2.171085542771385768e+00
2.153576788394197195e+00
2.136068034017008621e+00
2.118559279639820048e+00
2.101050525262631474e+00
2.083541770885442901e+00
2.066033016508253883e+00
2.048524262131065754e+00
2.031015507753877181e+00
2.013506753376688163e+00
1.995997998999499812e+00
1.995997998999499812e+00
1.978489244622311016e+00
1.960980490245122887e+00
1.943471735867934092e+00
1.943471735867934092e+00
1.943471735867934092e+00
2.031015507753877181e+00
2.048524262131065754e+00
2.048524262131065754e+00
2.066033016508253883e+00
2.083541770885442901e+00
2.101050525262631474e+00
2.118559279639820048e+00
2.136068034017008621e+00
2.171085542771385768e+00
2.188594297148574341e+00
2.223611805902951488e+00
2.241120560280140062e+00
2.276138069034517208e+00
2.311155577788894355e+00
2.328664332166082929e+00
2.346173086543271946e+00
2.363681840920460520e+00
2.363681840920460520e+00
2.381190595297649093e+00
2.468734367183591960e+00
4.884942471235617312e+00
5.147573786893446801e+00
5.182591295647823948e+00
5.182591295647823948e+00
5.165082541270635375e+00
5.147573786893446801e+00
5.130065032516258228e+00
5.112556278139070542e+00
5.077538769384692507e+00
5.007503751875937326e+00
4.919959979989995347e+00
4.727363681840921039e+00
4.429714857428714403e+00
2.993996998499250051e+00
2.521260630315157680e+00
2.328664332166082929e+00
2.223611805902951488e+00
2.171085542771385768e+00
2.153576788394197195e+00
2.153576788394197195e+00
2.293646823411706226e+00
2.241120560280140062e+00
2.241120560280140062e+00
2.241120560280140062e+00
2.223611805902951488e+00
2.188594297148574341e+00
2.171085542771385768e+00
2.136068034017008621e+00
2.101050525262631474e+00
2.083541770885442901e+00
2.066033016508253883e+00
2.048524262131065754e+00
2.031015507753877181e+00
2.031015507753877181e+00
2.013506753376688163e+00
2.013506753376688163e+00
2.013506753376688163e+00
2.031015507753877181e+00
2.031015507753877181e+00
2.048524262131065754e+00
2.083541770885442901e+00
2.118559279639820048e+00
2.118559279639820048e+00
2.136068034017008621e+00
2.153576788394197195e+00
2.171085542771385768e+00
2.188594297148574341e+00
2.188594297148574341e+00
2.206103051525762915e+00
2.223611805902951488e+00
2.241120560280140062e+00
2.258629314657328635e+00
2.258629314657328635e+00
2.276138069034517208e+00
2.293646823411706226e+00
2.293646823411706226e+00
2.311155577788894355e+00
2.328664332166082929e+00
2.328664332166082929e+00
2.346173086543271946e+00
2.381190595297649093e+00
2.398699349674837222e+00
2.398699349674837222e+00
2.416208104052026240e+00
2.416208104052026240e+00
2.433716858429214369e+00
2.433716858429214369e+00
2.451225612806403387e+00
2.451225612806403387e+00
2.468734367183591960e+00
2.468734367183591960e+00
2.486243121560780533e+00
2.486243121560780533e+00
2.503751875937968663e+00
2.521260630315157680e+00
2.538769384692346254e+00
2.556278139069535271e+00
2.573786893446723401e+00
2.591295647823911974e+00
2.643821910955478138e+00
2.696348174087043414e+00
2.783891945972986726e+00
2.888944472236118166e+00
3.011505752876438180e+00
3.151575787893947211e+00
3.326663331665832946e+00
3.501750875437719124e+00
3.641820910455227711e+00
3.729364682341170578e+00
3.764382191095547725e+00
3.764382191095547725e+00
3.729364682341170578e+00
3.659329664832416729e+00
3.589294647323661991e+00
3.501750875437719124e+00
3.414207103551776257e+00
3.326663331665832946e+00
3.239119559779890078e+00
3.169084542271136229e+00
3.046523261630815771e+00
2.801400700350175299e+00
2.731365682841421005e+00
2.696348174087043414e+00
2.661330665332666712e+00
2.643821910955478138e+00
2.608804402201100547e+00
2.591295647823911974e+00
2.573786893446723401e+00
2.538769384692346254e+00
2.521260630315157680e+00
2.503751875937968663e+00
2.486243121560780533e+00
2.468734367183591960e+00
2.451225612806403387e+00
2.433716858429214369e+00
2.416208104052026240e+00
2.398699349674837222e+00
2.381190595297649093e+00
2.363681840920460520e+00
2.328664332166082929e+00
2.276138069034517208e+00
2.258629314657328635e+00
2.241120560280140062e+00
2.241120560280140062e+00
2.223611805902951488e+00
2.223611805902951488e+00
2.206103051525762915e+00
2.188594297148574341e+00
2.188594297148574341e+00
2.171085542771385768e+00
2.171085542771385768e+00
2.171085542771385768e+00
2.153576788394197195e+00
2.153576788394197195e+00
2.153576788394197195e+00
2.136068034017008621e+00
2.136068034017008621e+00
2.136068034017008621e+00
2.136068034017008621e+00
2.118559279639820048e+00
2.118559279639820048e+00
2.101050525262631474e+00
2.101050525262631474e+00
2.101050525262631474e+00
2.101050525262631474e+00
2.118559279639820048e+00
2.118559279639820048e+00
2.118559279639820048e+00
2.118559279639820048e+00
2.118559279639820048e+00
2.136068034017008621e+00
2.136068034017008621e+00
2.136068034017008621e+00
2.153576788394197195e+00
2.153576788394197195e+00
2.153576788394197195e+00
2.153576788394197195e+00
2.171085542771385768e+00
2.171085542771385768e+00
2.171085542771385768e+00
2.171085542771385768e+00
2.171085542771385768e+00
2.171085542771385768e+00
2.171085542771385768e+00
2.188594297148574341e+00
2.188594297148574341e+00
2.188594297148574341e+00
2.206103051525762915e+00
2.206103051525762915e+00
2.206103051525762915e+00
2.223611805902951488e+00
2.223611805902951488e+00
2.223611805902951488e+00
2.241120560280140062e+00
2.241120560280140062e+00
2.241120560280140062e+00
2.258629314657328635e+00
2.258629314657328635e+00
2.276138069034517208e+00
2.276138069034517208e+00
2.276138069034517208e+00
2.276138069034517208e+00
2.276138069034517208e+00
2.276138069034517208e+00
2.293646823411706226e+00
2.293646823411706226e+00
2.311155577788894355e+00
2.311155577788894355e+00
2.311155577788894355e+00
2.328664332166082929e+00
2.328664332166082929e+00
2.346173086543271946e+00
2.346173086543271946e+00
2.346173086543271946e+00
2.346173086543271946e+00
2.346173086543271946e+00
2.346173086543271946e+00
2.328664332166082929e+00
2.311155577788894355e+00
2.311155577788894355e+00
2.293646823411706226e+00
2.276138069034517208e+00
2.258629314657328635e+00
2.241120560280140062e+00
2.241120560280140062e+00
2.258629314657328635e+00
2.276138069034517208e+00
2.293646823411706226e+00
2.311155577788894355e+00
2.328664332166082929e+00
2.346173086543271946e+00
2.346173086543271946e+00
2.346173086543271946e+00
2.346173086543271946e+00
2.346173086543271946e+00
2.346173086543271946e+00
2.328664332166082929e+00
2.328664332166082929e+00
2.311155577788894355e+00
2.311155577788894355e+00
2.311155577788894355e+00
2.311155577788894355e+00
2.311155577788894355e+00
2.293646823411706226e+00
2.276138069034517208e+00
2.276138069034517208e+00
2.258629314657328635e+00
2.258629314657328635e+00
2.241120560280140062e+00
2.241120560280140062e+00
2.223611805902951488e+00
2.223611805902951488e+00
2.206103051525762915e+00
2.206103051525762915e+00
2.206103051525762915e+00
2.188594297148574341e+00
2.188594297148574341e+00
2.188594297148574341e+00
2.188594297148574341e+00
2.188594297148574341e+00
2.206103051525762915e+00
2.206103051525762915e+00
2.206103051525762915e+00
2.206103051525762915e+00
2.206103051525762915e+00
2.206103051525762915e+00
2.188594297148574341e+00
2.188594297148574341e+00
2.188594297148574341e+00
2.188594297148574341e+00
2.188594297148574341e+00
2.188594297148574341e+00
2.171085542771385768e+00
2.171085542771385768e+00
2.171085542771385768e+00
2.171085542771385768e+00
2.153576788394197195e+00
2.153576788394197195e+00
2.153576788394197195e+00
2.171085542771385768e+00
2.188594297148574341e+00
2.206103051525762915e+00
2.206103051525762915e+00
2.188594297148574341e+00
2.188594297148574341e+00
2.188594297148574341e+00
2.188594297148574341e+00
2.188594297148574341e+00
2.188594297148574341e+00
2.188594297148574341e+00
2.188594297148574341e+00
2.188594297148574341e+00
2.188594297148574341e+00
2.171085542771385768e+00
2.171085542771385768e+00
2.171085542771385768e+00
2.171085542771385768e+00
2.171085542771385768e+00
2.171085542771385768e+00
2.188594297148574341e+00
2.223611805902951488e+00
2.241120560280140062e+00
2.241120560280140062e+00
2.241120560280140062e+00
2.241120560280140062e+00
2.241120560280140062e+00
2.241120560280140062e+00
2.241120560280140062e+00
2.241120560280140062e+00
2.241120560280140062e+00
2.241120560280140062e+00
2.241120560280140062e+00
2.241120560280140062e+00
2.241120560280140062e+00
2.241120560280140062e+00
2.241120560280140062e+00
2.241120560280140062e+00
2.223611805902951488e+00
2.223611805902951488e+00
2.241120560280140062e+00
2.293646823411706226e+00
2.311155577788894355e+00
2.311155577788894355e+00
2.293646823411706226e+00
2.293646823411706226e+00
2.293646823411706226e+00
2.276138069034517208e+00
2.276138069034517208e+00
2.276138069034517208e+00
2.258629314657328635e+00
2.258629314657328635e+00
2.241120560280140062e+00
2.241120560280140062e+00
2.241120560280140062e+00
2.223611805902951488e+00
2.223611805902951488e+00
2.206103051525762915e+00
2.206103051525762915e+00
2.206103051525762915e+00
2.223611805902951488e+00
2.276138069034517208e+00
2.276138069034517208e+00
2.276138069034517208e+00
2.258629314657328635e+00
2.258629314657328635e+00
2.258629314657328635e+00
2.241120560280140062e+00
2.241120560280140062e+00
2.241120560280140062e+00
2.223611805902951488e+00
2.223611805902951488e+00
2.223611805902951488e+00
2.206103051525762915e+00
2.206103051525762915e+00
2.206103051525762915e+00
2.206103051525762915e+00
2.206103051525762915e+00
2.206103051525762915e+00
2.206103051525762915e+00
2.241120560280140062e+00
2.311155577788894355e+00
2.328664332166082929e+00
2.328664332166082929e+00
2.328664332166082929e+00
2.346173086543271946e+00
2.346173086543271946e+00
2.346173086543271946e+00
2.346173086543271946e+00
2.346173086543271946e+00
2.346173086543271946e+00
2.328664332166082929e+00
2.328664332166082929e+00
2.311155577788894355e+00
2.293646823411706226e+00
2.293646823411706226e+00
2.276138069034517208e+00
2.258629314657328635e+00
2.241120560280140062e+00
2.241120560280140062e+00
2.241120560280140062e+00
2.276138069034517208e+00
2.258629314657328635e+00
2.258629314657328635e+00
2.258629314657328635e+00
2.241120560280140062e+00
2.241120560280140062e+00
2.223611805902951488e+00
2.223611805902951488e+00
2.223611805902951488e+00
2.206103051525762915e+00
2.206103051525762915e+00
2.206103051525762915e+00
2.206103051525762915e+00
2.188594297148574341e+00
2.188594297148574341e+00
2.171085542771385768e+00
2.153576788394197195e+00
2.136068034017008621e+00
2.118559279639820048e+00
2.136068034017008621e+00
2.171085542771385768e+00
2.171085542771385768e+00
2.171085542771385768e+00
2.153576788394197195e+00
2.153576788394197195e+00
2.153576788394197195e+00
2.153576788394197195e+00
2.153576788394197195e+00
2.136068034017008621e+00
2.136068034017008621e+00
2.136068034017008621e+00
2.136068034017008621e+00
2.136068034017008621e+00
2.136068034017008621e+00
2.153576788394197195e+00
2.153576788394197195e+00
2.153576788394197195e+00
2.153576788394197195e+00
2.153576788394197195e+00
2.188594297148574341e+00
2.241120560280140062e+00
2.258629314657328635e+00
2.276138069034517208e+00
2.276138069034517208e+00
2.276138069034517208e+00
2.276138069034517208e+00
2.276138069034517208e+00
2.276138069034517208e+00
2.276138069034517208e+00
2.276138069034517208e+00
2.276138069034517208e+00
2.276138069034517208e+00
2.276138069034517208e+00
2.276138069034517208e+00
2.276138069034517208e+00
2.276138069034517208e+00
2.276138069034517208e+00
2.276138069034517208e+00
2.276138069034517208e+00
2.346173086543271946e+00
2.573786893446723401e+00
2.713856928464231988e+00
2.801400700350175299e+00
2.923961980990494869e+00
3.081540770385193362e+00
3.204102051025512488e+00
3.344172086043021519e+00
3.466733366683341533e+00
3.606803401700850120e+00
3.711855927963982005e+00
3.764382191095547725e+00
3.781890945472735854e+00
3.746873436718359596e+00
3.571785892946473862e+00
3.274137068534267225e+00
2.888944472236118166e+00
2.608804402201100547e+00
2.451225612806403387e+00
2.346173086543271946e+00
2.241120560280140062e+00
2.118559279639820048e+00
2.118559279639820048e+00
2.136068034017008621e+00
2.153576788394197195e+00
2.171085542771385768e+00
2.188594297148574341e+00
2.188594297148574341e+00
2.206103051525762915e+00
2.223611805902951488e+00
2.241120560280140062e+00
2.241120560280140062e+00
2.258629314657328635e+00
2.258629314657328635e+00
2.276138069034517208e+00
2.276138069034517208e+00
2.293646823411706226e+00
2.293646823411706226e+00
2.311155577788894355e+00
2.311155577788894355e+00
2.276138069034517208e+00
2.206103051525762915e+00
2.206103051525762915e+00
2.206103051525762915e+00
2.206103051525762915e+00
2.206103051525762915e+00
2.206103051525762915e+00
2.206103051525762915e+00
2.206103051525762915e+00
2.206103051525762915e+00
2.206103051525762915e+00
2.206103051525762915e+00
2.206103051525762915e+00
2.206103051525762915e+00
2.206103051525762915e+00
2.188594297148574341e+00
2.206103051525762915e+00
2.206103051525762915e+00
2.206103051525762915e+00
2.206103051525762915e+00
2.188594297148574341e+00
2.153576788394197195e+00
2.153576788394197195e+00
2.171085542771385768e+00
2.171085542771385768e+00
2.188594297148574341e+00
2.188594297148574341e+00
2.206103051525762915e+00
2.206103051525762915e+00
2.223611805902951488e+00
2.223611805902951488e+00
2.241120560280140062e+00
2.258629314657328635e+00
2.258629314657328635e+00
2.276138069034517208e+00
2.276138069034517208e+00
2.293646823411706226e+00
2.293646823411706226e+00
2.293646823411706226e+00
2.311155577788894355e+00
2.293646823411706226e+00
2.258629314657328635e+00
2.258629314657328635e+00
2.258629314657328635e+00
2.276138069034517208e+00
2.276138069034517208e+00
2.293646823411706226e+00
2.293646823411706226e+00
2.311155577788894355e+00
2.311155577788894355e+00
2.311155577788894355e+00
2.328664332166082929e+00
2.328664332166082929e+00
2.328664332166082929e+00
2.346173086543271946e+00
2.346173086543271946e+00
2.346173086543271946e+00
2.346173086543271946e+00
2.346173086543271946e+00
2.346173086543271946e+00
2.328664332166082929e+00
2.293646823411706226e+00
2.293646823411706226e+00
2.293646823411706226e+00
2.293646823411706226e+00
2.293646823411706226e+00
2.293646823411706226e+00
2.293646823411706226e+00
2.293646823411706226e+00
2.293646823411706226e+00
2.293646823411706226e+00
2.293646823411706226e+00
2.276138069034517208e+00
2.276138069034517208e+00
2.276138069034517208e+00
2.276138069034517208e+00
2.276138069034517208e+00
2.276138069034517208e+00
2.276138069034517208e+00
2.258629314657328635e+00
2.276138069034517208e+00
2.276138069034517208e+00
2.276138069034517208e+00
2.293646823411706226e+00
2.293646823411706226e+00
2.293646823411706226e+00
2.293646823411706226e+00
2.293646823411706226e+00
2.276138069034517208e+00
2.276138069034517208e+00
2.276138069034517208e+00
2.258629314657328635e+00
2.258629314657328635e+00
2.241120560280140062e+00
2.241120560280140062e+00
2.223611805902951488e+00
2.223611805902951488e+00
2.206103051525762915e+00
2.206103051525762915e+00
2.188594297148574341e+00
2.206103051525762915e+00
2.241120560280140062e+00
2.241120560280140062e+00
2.241120560280140062e+00
2.223611805902951488e+00
2.223611805902951488e+00
2.223611805902951488e+00
2.206103051525762915e+00
2.206103051525762915e+00
2.206103051525762915e+00
2.188594297148574341e+00
2.188594297148574341e+00
2.188594297148574341e+00
2.188594297148574341e+00
2.188594297148574341e+00
2.171085542771385768e+00
2.171085542771385768e+00
2.171085542771385768e+00
2.171085542771385768e+00
2.171085542771385768e+00
2.188594297148574341e+00
2.206103051525762915e+00
2.223611805902951488e+00
2.223611805902951488e+00
2.223611805902951488e+00
2.206103051525762915e+00
2.206103051525762915e+00
2.206103051525762915e+00
2.206103051525762915e+00
2.206103051525762915e+00
2.206103051525762915e+00
2.188594297148574341e+00
2.188594297148574341e+00
2.188594297148574341e+00
2.188594297148574341e+00
2.188594297148574341e+00
2.188594297148574341e+00
2.188594297148574341e+00
2.171085542771385768e+00
2.171085542771385768e+00
2.188594297148574341e+00
2.223611805902951488e+00
2.223611805902951488e+00
2.223611805902951488e+00
2.223611805902951488e+00
2.223611805902951488e+00
2.223611805902951488e+00
2.223611805902951488e+00
2.223611805902951488e+00
2.223611805902951488e+00
2.223611805902951488e+00
2.206103051525762915e+00
2.206103051525762915e+00
2.206103051525762915e+00
2.206103051525762915e+00
2.206103051525762915e+00
2.206103051525762915e+00
2.188594297148574341e+00
2.188594297148574341e+00
2.188594297148574341e+00
2.206103051525762915e+00
2.258629314657328635e+00
2.258629314657328635e+00
2.258629314657328635e+00
2.258629314657328635e+00
2.258629314657328635e+00
2.241120560280140062e+00
2.241120560280140062e+00
2.241120560280140062e+00
2.223611805902951488e+00
2.223611805902951488e+00
2.206103051525762915e+00
2.188594297148574341e+00
2.188594297148574341e+00
2.171085542771385768e+00
2.171085542771385768e+00
2.153576788394197195e+00
2.153576788394197195e+00
2.153576788394197195e+00
2.153576788394197195e+00
2.188594297148574341e+00
2.258629314657328635e+00
2.276138069034517208e+00
2.276138069034517208e+00
2.258629314657328635e+00
2.258629314657328635e+00
2.258629314657328635e+00
2.258629314657328635e+00
2.241120560280140062e+00
2.241120560280140062e+00
2.223611805902951488e+00
2.223611805902951488e+00
2.206103051525762915e+00
2.206103051525762915e+00
2.188594297148574341e+00
2.188594297148574341e+00
2.171085542771385768e+00
2.171085542771385768e+00
2.153576788394197195e+00
2.153576788394197195e+00
2.188594297148574341e+00
2.241120560280140062e+00
2.241120560280140062e+00
2.241120560280140062e+00
2.241120560280140062e+00
2.223611805902951488e+00
2.223611805902951488e+00
2.206103051525762915e+00
2.206103051525762915e+00
2.206103051525762915e+00
2.188594297148574341e+00
2.188594297148574341e+00
2.188594297148574341e+00
2.188594297148574341e+00
2.188594297148574341e+00
2.171085542771385768e+00
2.171085542771385768e+00
2.171085542771385768e+00
2.153576788394197195e+00
2.153576788394197195e+00
2.206103051525762915e+00
2.258629314657328635e+00
2.258629314657328635e+00
2.258629314657328635e+00
2.258629314657328635e+00
2.258629314657328635e+00
2.258629314657328635e+00
2.241120560280140062e+00
2.241120560280140062e+00
2.241120560280140062e+00
2.223611805902951488e+00
2.223611805902951488e+00
2.223611805902951488e+00
2.206103051525762915e+00
2.206103051525762915e+00
2.206103051525762915e+00
2.188594297148574341e+00
2.188594297148574341e+00
2.171085542771385768e+00
2.153576788394197195e+00
2.188594297148574341e+00
2.188594297148574341e+00
2.171085542771385768e+00
2.171085542771385768e+00
2.153576788394197195e+00
2.136068034017008621e+00
2.136068034017008621e+00
2.136068034017008621e+00
2.118559279639820048e+00
2.101050525262631474e+00
2.101050525262631474e+00
2.083541770885442901e+00
2.066033016508253883e+00
2.048524262131065754e+00
2.031015507753877181e+00
1.995997998999499812e+00
1.960980490245122887e+00
1.925962981490745296e+00
1.890945472736367927e+00
1.855927963981991002e+00
1.908454227113556723e+00
2.066033016508253883e+00
2.066033016508253883e+00
2.048524262131065754e+00
2.013506753376688163e+00
2.013506753376688163e+00
2.031015507753877181e+00
2.083541770885442901e+00
2.136068034017008621e+00
2.171085542771385768e+00
2.223611805902951488e+00
2.241120560280140062e+00
2.258629314657328635e+00
2.258629314657328635e+00
2.258629314657328635e+00
2.258629314657328635e+00
2.258629314657328635e+00
2.276138069034517208e+00
2.293646823411706226e+00
2.293646823411706226e+00
2.486243121560780533e+00
2.958979489744872460e+00
3.046523261630815771e+00
3.029014507253626753e+00
3.011505752876438180e+00
2.993996998499250051e+00
2.993996998499250051e+00
2.976488244122061033e+00
2.958979489744872460e+00
2.923961980990494869e+00
2.888944472236118166e+00
2.853926963481740575e+00
2.801400700350175299e+00
2.766383191595797708e+00
2.748874437218609135e+00
2.713856928464231988e+00
2.678839419709855285e+00
2.643821910955478138e+00
2.608804402201100547e+00
2.556278139069535271e+00
3.606803401700850120e+00
4.919959979989995347e+00
4.954977488744372494e+00
4.902451225612806773e+00
4.797398699349674445e+00
4.709854927463731578e+00
4.639819909954977284e+00
4.587293646823412452e+00
4.569784892446222990e+00
4.587293646823412452e+00
4.727363681840921039e+00
2.398699349674837222e+00
2.171085542771385768e+00
2.101050525262631474e+00
2.083541770885442901e+00
2.066033016508253883e+00
2.048524262131065754e+00
2.031015507753877181e+00
2.031015507753877181e+00
2.013506753376688163e+00
2.031015507753877181e+00
2.048524262131065754e+00
2.048524262131065754e+00
2.031015507753877181e+00
2.013506753376688163e+00
2.013506753376688163e+00
1.995997998999499812e+00
1.995997998999499812e+00
1.995997998999499812e+00
1.995997998999499812e+00
2.013506753376688163e+00
2.013506753376688163e+00
2.031015507753877181e+00
2.048524262131065754e+00
2.066033016508253883e+00
2.083541770885442901e+00
2.101050525262631474e+00
2.118559279639820048e+00
2.136068034017008621e+00
2.153576788394197195e+00
2.188594297148574341e+00
2.223611805902951488e+00
2.241120560280140062e+00
2.258629314657328635e+00
2.276138069034517208e+00
2.293646823411706226e+00
2.293646823411706226e+00
2.311155577788894355e+00
2.311155577788894355e+00
2.328664332166082929e+00
2.328664332166082929e+00
2.346173086543271946e+00
2.346173086543271946e+00
2.363681840920460520e+00
2.363681840920460520e+00
2.363681840920460520e+00
2.381190595297649093e+00
2.381190595297649093e+00
2.381190595297649093e+00
2.398699349674837222e+00
2.416208104052026240e+00
2.451225612806403387e+00
2.451225612806403387e+00
2.468734367183591960e+00
2.486243121560780533e+00
2.486243121560780533e+00
2.503751875937968663e+00
2.521260630315157680e+00
2.538769384692346254e+00
2.556278139069535271e+00
2.573786893446723401e+00
2.591295647823911974e+00
2.626313156578289121e+00
2.678839419709855285e+00
2.731365682841421005e+00
2.783891945972986726e+00
2.871435717858929593e+00
2.976488244122061033e+00
3.099049524762381047e+00
3.256628314157078652e+00
3.536768384192096271e+00
3.746873436718359596e+00
3.764382191095547725e+00
3.711855927963982005e+00
3.624312156078039138e+00
3.536768384192096271e+00
3.449224612306152959e+00
3.361680840420210092e+00
3.291645822911455355e+00
3.221610805402701505e+00
3.151575787893947211e+00
3.099049524762381047e+00
3.046523261630815771e+00
2.993996998499250051e+00
2.941470735367683442e+00
2.888944472236118166e+00
2.853926963481740575e+00
2.818909454727364317e+00
2.783891945972986726e+00
2.748874437218609135e+00
2.643821910955478138e+00
2.556278139069535271e+00
2.521260630315157680e+00
2.503751875937968663e+00
2.486243121560780533e+00
2.468734367183591960e+00
2.451225612806403387e+00
2.433716858429214369e+00
2.416208104052026240e+00
2.398699349674837222e+00
2.381190595297649093e+00
2.363681840920460520e+00
2.346173086543271946e+00
2.328664332166082929e+00
2.311155577788894355e+00
2.293646823411706226e+00
2.276138069034517208e+00
2.258629314657328635e+00
2.258629314657328635e+00
2.241120560280140062e+00
2.206103051525762915e+00
2.188594297148574341e+00
2.188594297148574341e+00
2.171085542771385768e+00
2.171085542771385768e+00
2.153576788394197195e+00
2.153576788394197195e+00
2.153576788394197195e+00
2.153576788394197195e+00
2.153576788394197195e+00
2.153576788394197195e+00
2.153576788394197195e+00
2.153576788394197195e+00
2.153576788394197195e+00
2.153576788394197195e+00
2.153576788394197195e+00
2.153576788394197195e+00
2.153576788394197195e+00
2.171085542771385768e+00
2.171085542771385768e+00
2.171085542771385768e+00
2.171085542771385768e+00
2.171085542771385768e+00
2.188594297148574341e+00
2.188594297148574341e+00
2.206103051525762915e+00
2.206103051525762915e+00
2.223611805902951488e+00
2.241120560280140062e+00
2.241120560280140062e+00
2.258629314657328635e+00
2.276138069034517208e+00
2.293646823411706226e+00
2.293646823411706226e+00
2.311155577788894355e+00
2.328664332166082929e+00
2.346173086543271946e+00
2.363681840920460520e+00
2.363681840920460520e+00
2.381190595297649093e+00
2.398699349674837222e+00
2.416208104052026240e+00
2.433716858429214369e+00
2.451225612806403387e+00
2.486243121560780533e+00
2.503751875937968663e+00
2.538769384692346254e+00
2.573786893446723401e+00
2.608804402201100547e+00
2.661330665332666712e+00
2.713856928464231988e+00
2.766383191595797708e+00
2.818909454727364317e+00
2.906453226613307184e+00
2.993996998499250051e+00
3.099049524762381047e+00
3.186593296648323914e+00
3.291645822911455355e+00
3.379189594797398666e+00
3.466733366683341533e+00
3.501750875437719124e+00
3.536768384192096271e+00
3.519259629814907253e+00
3.484242121060530550e+00
3.414207103551776257e+00
3.309154577288644816e+00
3.186593296648323914e+00
3.081540770385193362e+00
2.976488244122061033e+00
2.871435717858929593e+00
2.801400700350175299e+00
2.731365682841421005e+00
2.661330665332666712e+00
2.608804402201100547e+00
2.556278139069535271e+00
2.521260630315157680e+00
2.486243121560780533e+00
2.451225612806403387e+00
2.416208104052026240e+00
2.381190595297649093e+00
2.398699349674837222e+00
2.416208104052026240e+00
2.398699349674837222e+00
2.363681840920460520e+00
2.346173086543271946e+00
2.328664332166082929e+00
2.311155577788894355e+00
2.293646823411706226e+00
2.276138069034517208e+00
2.258629314657328635e+00
2.258629314657328635e+00
2.241120560280140062e+00
2.241120560280140062e+00
2.223611805902951488e+00
2.223611805902951488e+00
2.206103051525762915e+00
2.206103051525762915e+00
2.188594297148574341e+00
2.188594297148574341e+00
2.188594297148574341e+00
2.223611805902951488e+00
2.241120560280140062e+00
2.241120560280140062e+00
2.241120560280140062e+00
2.241120560280140062e+00
2.241120560280140062e+00
2.241120560280140062e+00
2.258629314657328635e+00
2.258629314657328635e+00
2.258629314657328635e+00
2.258629314657328635e+00
2.241120560280140062e+00
2.241120560280140062e+00
2.241120560280140062e+00
2.241120560280140062e+00
2.241120560280140062e+00
2.241120560280140062e+00
2.241120560280140062e+00
2.241120560280140062e+00
2.223611805902951488e+00
2.258629314657328635e+00
2.293646823411706226e+00
2.293646823411706226e+00
2.293646823411706226e+00
2.293646823411706226e+00
2.293646823411706226e+00
2.293646823411706226e+00
2.293646823411706226e+00
2.293646823411706226e+00
2.276138069034517208e+00
2.276138069034517208e+00
2.276138069034517208e+00
2.276138069034517208e+00
2.276138069034517208e+00
2.258629314657328635e+00
2.258629314657328635e+00
2.258629314657328635e+00
2.258629314657328635e+00
2.258629314657328635e+00
2.258629314657328635e+00
2.311155577788894355e+00
2.363681840920460520e+00
2.363681840920460520e+00
2.363681840920460520e+00
2.346173086543271946e+00
2.346173086543271946e+00
2.328664332166082929e+00
2.328664332166082929e+00
2.328664332166082929e+00
2.311155577788894355e+00
2.311155577788894355e+00
2.293646823411706226e+00
2.293646823411706226e+00
2.276138069034517208e+00
2.258629314657328635e+00
2.241120560280140062e+00
2.223611805902951488e+00
2.206103051525762915e+00
2.188594297148574341e+00
2.171085542771385768e+00
2.223611805902951488e+00
2.258629314657328635e+00
2.258629314657328635e+00
2.258629314657328635e+00
2.258629314657328635e+00
2.258629314657328635e+00
2.258629314657328635e+00
2.258629314657328635e+00
2.258629314657328635e+00
2.258629314657328635e+00
2.258629314657328635e+00
2.241120560280140062e+00
2.241120560280140062e+00
2.241120560280140062e+00
2.223611805902951488e+00
2.223611805902951488e+00
2.223611805902951488e+00
2.206103051525762915e+00
2.206103051525762915e+00
2.188594297148574341e+00
2.206103051525762915e+00
2.206103051525762915e+00
2.206103051525762915e+00
2.188594297148574341e+00
2.171085542771385768e+00
2.171085542771385768e+00
2.153576788394197195e+00
2.153576788394197195e+00
2.153576788394197195e+00
2.153576788394197195e+00
2.153576788394197195e+00
2.153576788394197195e+00
2.136068034017008621e+00
2.136068034017008621e+00
2.136068034017008621e+00
2.136068034017008621e+00
2.118559279639820048e+00
2.118559279639820048e+00
2.118559279639820048e+00
2.118559279639820048e+00
2.153576788394197195e+00
2.188594297148574341e+00
2.206103051525762915e+00
2.206103051525762915e+00
2.223611805902951488e+00
2.223611805902951488e+00
2.241120560280140062e+00
2.241120560280140062e+00
2.258629314657328635e+00
2.258629314657328635e+00
2.258629314657328635e+00
2.276138069034517208e+00
2.276138069034517208e+00
2.276138069034517208e+00
2.276138069034517208e+00
2.293646823411706226e+00
2.293646823411706226e+00
2.293646823411706226e+00
2.293646823411706226e+00
2.293646823411706226e+00
2.398699349674837222e+00
2.486243121560780533e+00
2.503751875937968663e+00
2.521260630315157680e+00
2.538769384692346254e+00
2.573786893446723401e+00
2.591295647823911974e+00
2.608804402201100547e+00
2.643821910955478138e+00
2.678839419709855285e+00
2.748874437218609135e+00
2.836418209104552002e+00
2.958979489744872460e+00
3.099049524762381047e+00
3.256628314157078652e+00
3.396698349174587683e+00
3.519259629814907253e+00
3.571785892946473862e+00
3.571785892946473862e+00
3.431715857928964830e+00
2.276138069034517208e+00
2.136068034017008621e+00
2.136068034017008621e+00
2.136068034017008621e+00
2.153576788394197195e+00
2.171085542771385768e+00
2.188594297148574341e+00
2.188594297148574341e+00
2.206103051525762915e+00
2.223611805902951488e+00
2.223611805902951488e+00
2.241120560280140062e+00
2.258629314657328635e+00
2.258629314657328635e+00
2.276138069034517208e+00
2.293646823411706226e+00
2.293646823411706226e+00
2.293646823411706226e+00
2.311155577788894355e+00
2.311155577788894355e+00
2.241120560280140062e+00
2.206103051525762915e+00
2.206103051525762915e+00
2.223611805902951488e+00
2.223611805902951488e+00
2.223611805902951488e+00
2.223611805902951488e+00
2.223611805902951488e+00
2.223611805902951488e+00
2.223611805902951488e+00
2.223611805902951488e+00
2.223611805902951488e+00
2.223611805902951488e+00
2.223611805902951488e+00
2.223611805902951488e+00
2.206103051525762915e+00
2.206103051525762915e+00
2.206103051525762915e+00
2.206103051525762915e+00
2.206103051525762915e+00
2.153576788394197195e+00
2.136068034017008621e+00
2.153576788394197195e+00
2.153576788394197195e+00
2.153576788394197195e+00
2.171085542771385768e+00
2.171085542771385768e+00
2.171085542771385768e+00
2.188594297148574341e+00
2.188594297148574341e+00
2.206103051525762915e+00
2.206103051525762915e+00
2.223611805902951488e+00
2.223611805902951488e+00
2.241120560280140062e+00
2.258629314657328635e+00
2.258629314657328635e+00
2.276138069034517208e+00
2.293646823411706226e+00
2.293646823411706226e+00
2.258629314657328635e+00
2.241120560280140062e+00
2.241120560280140062e+00
2.241120560280140062e+00
2.258629314657328635e+00
2.258629314657328635e+00
2.258629314657328635e+00
2.276138069034517208e+00
2.276138069034517208e+00
2.276138069034517208e+00
2.293646823411706226e+00
2.293646823411706226e+00
2.311155577788894355e+00
2.311155577788894355e+00
2.311155577788894355e+00
2.311155577788894355e+00
2.328664332166082929e+00
2.328664332166082929e+00
2.328664332166082929e+00
2.328664332166082929e+00
2.293646823411706226e+00
2.276138069034517208e+00
2.276138069034517208e+00
2.276138069034517208e+00
2.276138069034517208e+00
2.276138069034517208e+00
2.276138069034517208e+00
2.276138069034517208e+00
2.276138069034517208e+00
2.276138069034517208e+00
2.276138069034517208e+00
2.276138069034517208e+00
2.276138069034517208e+00
2.258629314657328635e+00
2.258629314657328635e+00
2.258629314657328635e+00
2.258629314657328635e+00
2.241120560280140062e+00
2.241120560280140062e+00
2.241120560280140062e+00
2.241120560280140062e+00
2.241120560280140062e+00
2.241120560280140062e+00
2.241120560280140062e+00
2.241120560280140062e+00
2.241120560280140062e+00
2.241120560280140062e+00
2.241120560280140062e+00
2.241120560280140062e+00
2.241120560280140062e+00
2.241120560280140062e+00
2.241120560280140062e+00
2.241120560280140062e+00
2.241120560280140062e+00
2.223611805902951488e+00
2.223611805902951488e+00
2.223611805902951488e+00
2.223611805902951488e+00
2.206103051525762915e+00
2.206103051525762915e+00
2.241120560280140062e+00
2.241120560280140062e+00
2.241120560280140062e+00
2.241120560280140062e+00
2.223611805902951488e+00
2.223611805902951488e+00
2.223611805902951488e+00
2.206103051525762915e+00
2.206103051525762915e+00
2.188594297148574341e+00
2.188594297148574341e+00
2.188594297148574341e+00
2.171085542771385768e+00
2.171085542771385768e+00
2.171085542771385768e+00
2.171085542771385768e+00
2.153576788394197195e+00
2.153576788394197195e+00
2.153576788394197195e+00
2.153576788394197195e+00
2.188594297148574341e+00
2.206103051525762915e+00
2.206103051525762915e+00
2.206103051525762915e+00
2.206103051525762915e+00
2.188594297148574341e+00
2.188594297148574341e+00
2.188594297148574341e+00
2.188594297148574341e+00
2.188594297148574341e+00
2.188594297148574341e+00
2.188594297148574341e+00
2.188594297148574341e+00
2.188594297148574341e+00
2.188594297148574341e+00
2.171085542771385768e+00
2.171085542771385768e+00
2.171085542771385768e+00
2.171085542771385768e+00
2.171085542771385768e+00
2.206103051525762915e+00
2.206103051525762915e+00
2.223611805902951488e+00
2.223611805902951488e+00
2.223611805902951488e+00
2.223611805902951488e+00
2.223611805902951488e+00
2.223611805902951488e+00
2.223611805902951488e+00
2.223611805902951488e+00
2.223611805902951488e+00
2.223611805902951488e+00
2.223611805902951488e+00
2.206103051525762915e+00
2.206103051525762915e+00
2.206103051525762915e+00
2.206103051525762915e+00
2.188594297148574341e+00
2.188594297148574341e+00
2.188594297148574341e+00
2.223611805902951488e+00
2.241120560280140062e+00
2.241120560280140062e+00
2.241120560280140062e+00
2.241120560280140062e+00
2.241120560280140062e+00
2.241120560280140062e+00
2.241120560280140062e+00
2.223611805902951488e+00
2.223611805902951488e+00
2.223611805902951488e+00
2.223611805902951488e+00
2.223611805902951488e+00
2.206103051525762915e+00
2.206103051525762915e+00
2.206103051525762915e+00
2.188594297148574341e+00
2.188594297148574341e+00
2.171085542771385768e+00
2.171085542771385768e+00
2.241120560280140062e+00
2.258629314657328635e+00
2.258629314657328635e+00
2.258629314657328635e+00
2.241120560280140062e+00
2.241120560280140062e+00
2.241120560280140062e+00
2.223611805902951488e+00
2.223611805902951488e+00
2.223611805902951488e+00
2.223611805902951488e+00
2.206103051525762915e+00
2.206103051525762915e+00
2.206103051525762915e+00
2.206103051525762915e+00
2.206103051525762915e+00
2.206103051525762915e+00
2.188594297148574341e+00
2.188594297148574341e+00
2.188594297148574341e+00
2.293646823411706226e+00
2.328664332166082929e+00
2.328664332166082929e+00
2.311155577788894355e+00
2.311155577788894355e+00
2.293646823411706226e+00
2.293646823411706226e+00
2.276138069034517208e+00
2.276138069034517208e+00
2.258629314657328635e+00
2.241120560280140062e+00
2.241120560280140062e+00
2.223611805902951488e+00
2.223611805902951488e+00
2.206103051525762915e+00
2.206103051525762915e+00
2.206103051525762915e+00
2.188594297148574341e+00
2.188594297148574341e+00
2.188594297148574341e+00
2.258629314657328635e+00
2.276138069034517208e+00
2.276138069034517208e+00
2.258629314657328635e+00
2.258629314657328635e+00
2.241120560280140062e+00
2.241120560280140062e+00
2.223611805902951488e+00
2.223611805902951488e+00
2.206103051525762915e+00
2.188594297148574341e+00
2.188594297148574341e+00
2.171085542771385768e+00
2.153576788394197195e+00
2.136068034017008621e+00
2.118559279639820048e+00
2.101050525262631474e+00
2.083541770885442901e+00
2.066033016508253883e+00
2.066033016508253883e+00
2.118559279639820048e+00
2.118559279639820048e+00
2.118559279639820048e+00
2.101050525262631474e+00
2.083541770885442901e+00
2.083541770885442901e+00
2.083541770885442901e+00
2.083541770885442901e+00
2.066033016508253883e+00
2.066033016508253883e+00
2.066033016508253883e+00
2.066033016508253883e+00
2.066033016508253883e+00
2.066033016508253883e+00
2.066033016508253883e+00
2.066033016508253883e+00
2.066033016508253883e+00
2.066033016508253883e+00
2.066033016508253883e+00
2.066033016508253883e+00
2.188594297148574341e+00
2.206103051525762915e+00
2.223611805902951488e+00
2.223611805902951488e+00
2.241120560280140062e+00
2.241120560280140062e+00
2.258629314657328635e+00
2.258629314657328635e+00
2.258629314657328635e+00
2.258629314657328635e+00
2.258629314657328635e+00
2.258629314657328635e+00
2.258629314657328635e+00
2.258629314657328635e+00
2.241120560280140062e+00
2.241120560280140062e+00
2.223611805902951488e+00
2.206103051525762915e+00
2.188594297148574341e+00
2.206103051525762915e+00
2.276138069034517208e+00
2.293646823411706226e+00
2.293646823411706226e+00
2.293646823411706226e+00
2.293646823411706226e+00
2.276138069034517208e+00
2.276138069034517208e+00
2.276138069034517208e+00
2.258629314657328635e+00
2.258629314657328635e+00
2.258629314657328635e+00
2.258629314657328635e+00
2.258629314657328635e+00
2.258629314657328635e+00
2.258629314657328635e+00
2.258629314657328635e+00
2.258629314657328635e+00
2.258629314657328635e+00
2.276138069034517208e+00
2.276138069034517208e+00
2.311155577788894355e+00
2.328664332166082929e+00
2.328664332166082929e+00
2.328664332166082929e+00
2.346173086543271946e+00
2.346173086543271946e+00
2.346173086543271946e+00
2.363681840920460520e+00
2.363681840920460520e+00
2.381190595297649093e+00
2.381190595297649093e+00
2.398699349674837222e+00
2.398699349674837222e+00
2.416208104052026240e+00
2.416208104052026240e+00
2.416208104052026240e+00
2.433716858429214369e+00
2.433716858429214369e+00
2.451225612806403387e+00
2.451225612806403387e+00
2.363681840920460520e+00
2.241120560280140062e+00
2.188594297148574341e+00
2.223611805902951488e+00
2.293646823411706226e+00
2.381190595297649093e+00
2.468734367183591960e+00
2.573786893446723401e+00
2.696348174087043414e+00
2.836418209104552002e+00
2.976488244122061033e+00
3.116558279139569620e+00
3.256628314157078652e+00
3.326663331665832946e+00
3.361680840420210092e+00
3.361680840420210092e+00
3.344172086043021519e+00
3.309154577288644816e+00
3.256628314157078652e+00
3.204102051025512488e+00
3.029014507253626753e+00
2.958979489744872460e+00
2.941470735367683442e+00
2.941470735367683442e+00
2.923961980990494869e+00
2.906453226613307184e+00
2.871435717858929593e+00
2.836418209104552002e+00
2.801400700350175299e+00
2.766383191595797708e+00
2.731365682841421005e+00
2.713856928464231988e+00
2.678839419709855285e+00
2.643821910955478138e+00
2.608804402201100547e+00
2.591295647823911974e+00
2.556278139069535271e+00
2.538769384692346254e+00
2.521260630315157680e+00
2.486243121560780533e+00
2.433716858429214369e+00
2.416208104052026240e+00
2.398699349674837222e+00
2.381190595297649093e+00
2.381190595297649093e+00
2.363681840920460520e+00
2.363681840920460520e+00
2.363681840920460520e+00
2.346173086543271946e+00
2.346173086543271946e+00
2.346173086543271946e+00
2.346173086543271946e+00
2.328664332166082929e+00
2.328664332166082929e+00
2.328664332166082929e+00
2.328664332166082929e+00
2.346173086543271946e+00
2.346173086543271946e+00
2.363681840920460520e+00
2.363681840920460520e+00
2.363681840920460520e+00
2.381190595297649093e+00
2.398699349674837222e+00
2.416208104052026240e+00
2.451225612806403387e+00
2.486243121560780533e+00
2.538769384692346254e+00
2.591295647823911974e+00
2.643821910955478138e+00
2.713856928464231988e+00
2.783891945972986726e+00
2.871435717858929593e+00
2.941470735367683442e+00
3.029014507253626753e+00
3.116558279139569620e+00
3.186593296648323914e+00
3.274137068534267225e+00
3.344172086043021519e+00
3.414207103551776257e+00
3.466733366683341533e+00
3.501750875437719124e+00
3.536768384192096271e+00
3.571785892946473862e+00
3.589294647323661991e+00
3.606803401700850120e+00
3.606803401700850120e+00
3.589294647323661991e+00
3.571785892946473862e+00
3.519259629814907253e+00
3.466733366683341533e+00
3.414207103551776257e+00
3.326663331665832946e+00
3.239119559779890078e+00
3.116558279139569620e+00
2.993996998499250051e+00
2.871435717858929593e+00
2.748874437218609135e+00
2.661330665332666712e+00
2.591295647823911974e+00
2.538769384692346254e+00
2.608804402201100547e+00
2.608804402201100547e+00
2.573786893446723401e+00
2.538769384692346254e+00
2.503751875937968663e+00
2.468734367183591960e+00
2.451225612806403387e+00
2.416208104052026240e+00
2.398699349674837222e+00
2.363681840920460520e+00
2.346173086543271946e+00
2.328664332166082929e+00
2.311155577788894355e+00
2.293646823411706226e+00
2.276138069034517208e+00
2.258629314657328635e+00
2.241120560280140062e+00
2.241120560280140062e+00
2.223611805902951488e+00
2.223611805902951488e+00
2.276138069034517208e+00
2.293646823411706226e+00
2.276138069034517208e+00
2.276138069034517208e+00
2.276138069034517208e+00
2.276138069034517208e+00
2.276138069034517208e+00
2.258629314657328635e+00
2.258629314657328635e+00
2.258629314657328635e+00
2.258629314657328635e+00
2.258629314657328635e+00
2.258629314657328635e+00
2.241120560280140062e+00
2.241120560280140062e+00
2.241120560280140062e+00
2.241120560280140062e+00
2.223611805902951488e+00
2.223611805902951488e+00
2.241120560280140062e+00
2.276138069034517208e+00
2.293646823411706226e+00
2.293646823411706226e+00
2.276138069034517208e+00
2.276138069034517208e+00
2.258629314657328635e+00
2.241120560280140062e+00
2.241120560280140062e+00
2.223611805902951488e+00
2.206103051525762915e+00
2.206103051525762915e+00
2.188594297148574341e+00
2.188594297148574341e+00
2.171085542771385768e+00
2.153576788394197195e+00
2.136068034017008621e+00
2.118559279639820048e+00
2.118559279639820048e+00
2.101050525262631474e+00
2.101050525262631474e+00
2.153576788394197195e+00
2.153576788394197195e+00
2.136068034017008621e+00
2.118559279639820048e+00
2.101050525262631474e+00
2.101050525262631474e+00
2.101050525262631474e+00
2.101050525262631474e+00
2.101050525262631474e+00
2.118559279639820048e+00
2.118559279639820048e+00
2.118559279639820048e+00
2.136068034017008621e+00
2.136068034017008621e+00
2.153576788394197195e+00
2.153576788394197195e+00
2.171085542771385768e+00
2.171085542771385768e+00
2.171085542771385768e+00
2.188594297148574341e+00
2.241120560280140062e+00
2.241120560280140062e+00
2.241120560280140062e+00
2.241120560280140062e+00
2.241120560280140062e+00
2.241120560280140062e+00
2.241120560280140062e+00
2.241120560280140062e+00
2.241120560280140062e+00
2.241120560280140062e+00
2.258629314657328635e+00
2.258629314657328635e+00
2.258629314657328635e+00
2.258629314657328635e+00
2.258629314657328635e+00
2.258629314657328635e+00
2.258629314657328635e+00
2.258629314657328635e+00
2.241120560280140062e+00
2.258629314657328635e+00
2.153576788394197195e+00
2.031015507753877181e+00
2.031015507753877181e+00
2.013506753376688163e+00
2.013506753376688163e+00
2.031015507753877181e+00
2.031015507753877181e+00
2.048524262131065754e+00
2.048524262131065754e+00
2.066033016508253883e+00
2.066033016508253883e+00
2.083541770885442901e+00
2.101050525262631474e+00
2.118559279639820048e+00
2.153576788394197195e+00
2.188594297148574341e+00
2.206103051525762915e+00
2.241120560280140062e+00
2.276138069034517208e+00
2.293646823411706226e+00
2.223611805902951488e+00
2.223611805902951488e+00
2.241120560280140062e+00
2.258629314657328635e+00
2.258629314657328635e+00
2.276138069034517208e+00
2.276138069034517208e+00
2.276138069034517208e+00
2.293646823411706226e+00
2.293646823411706226e+00
2.311155577788894355e+00
2.311155577788894355e+00
2.311155577788894355e+00
2.328664332166082929e+00
2.328664332166082929e+00
2.346173086543271946e+00
2.346173086543271946e+00
2.346173086543271946e+00
2.346173086543271946e+00
2.346173086543271946e+00
2.293646823411706226e+00
2.276138069034517208e+00
2.293646823411706226e+00
2.293646823411706226e+00
2.311155577788894355e+00
2.311155577788894355e+00
2.311155577788894355e+00
2.328664332166082929e+00
2.328664332166082929e+00
2.346173086543271946e+00
2.346173086543271946e+00
2.363681840920460520e+00
2.363681840920460520e+00
2.363681840920460520e+00
2.381190595297649093e+00
2.381190595297649093e+00
2.398699349674837222e+00
2.398699349674837222e+00
2.416208104052026240e+00
2.416208104052026240e+00
2.363681840920460520e+00
2.363681840920460520e+00
2.381190595297649093e+00
2.398699349674837222e+00
2.416208104052026240e+00
2.433716858429214369e+00
2.468734367183591960e+00
2.486243121560780533e+00
2.521260630315157680e+00
2.573786893446723401e+00
2.608804402201100547e+00
2.661330665332666712e+00
2.713856928464231988e+00
2.766383191595797708e+00
2.818909454727364317e+00
2.871435717858929593e+00
2.941470735367683442e+00
3.011505752876438180e+00
3.064032016008003900e+00
3.099049524762381047e+00
3.134067033516758638e+00
3.186593296648323914e+00
3.239119559779890078e+00
3.274137068534267225e+00
3.326663331665832946e+00
3.361680840420210092e+00
3.396698349174587683e+00
3.431715857928964830e+00
3.484242121060530550e+00
3.519259629814907253e+00
3.554277138569284400e+00
3.589294647323661991e+00
3.606803401700850120e+00
3.641820910455227711e+00
3.414207103551776257e+00
2.783891945972986726e+00
2.643821910955478138e+00
2.556278139069535271e+00
2.486243121560780533e+00
2.486243121560780533e+00
2.748874437218609135e+00
2.731365682841421005e+00
2.626313156578289121e+00
2.556278139069535271e+00
2.486243121560780533e+00
2.433716858429214369e+00
2.398699349674837222e+00
2.346173086543271946e+00
2.311155577788894355e+00
2.293646823411706226e+00
2.258629314657328635e+00
2.241120560280140062e+00
2.223611805902951488e+00
2.206103051525762915e+00
2.188594297148574341e+00
2.171085542771385768e+00
2.153576788394197195e+00
2.153576788394197195e+00
2.136068034017008621e+00
2.153576788394197195e+00
2.206103051525762915e+00
2.223611805902951488e+00
2.223611805902951488e+00
2.223611805902951488e+00
2.223611805902951488e+00
2.223611805902951488e+00
2.223611805902951488e+00
2.223611805902951488e+00
2.223611805902951488e+00
2.241120560280140062e+00
2.241120560280140062e+00
2.241120560280140062e+00
2.241120560280140062e+00
2.241120560280140062e+00
2.241120560280140062e+00
2.223611805902951488e+00
2.223611805902951488e+00
2.206103051525762915e+00
2.188594297148574341e+00
2.188594297148574341e+00
2.241120560280140062e+00
2.241120560280140062e+00
2.223611805902951488e+00
2.206103051525762915e+00
2.188594297148574341e+00
2.188594297148574341e+00
2.188594297148574341e+00
2.188594297148574341e+00
2.188594297148574341e+00
2.188594297148574341e+00
2.188594297148574341e+00
2.206103051525762915e+00
2.206103051525762915e+00
2.206103051525762915e+00
2.206103051525762915e+00
2.206103051525762915e+00
2.206103051525762915e+00
2.206103051525762915e+00
2.206103051525762915e+00
2.223611805902951488e+00
2.328664332166082929e+00
2.346173086543271946e+00
2.346173086543271946e+00
2.328664332166082929e+00
2.311155577788894355e+00
2.293646823411706226e+00
2.276138069034517208e+00
2.241120560280140062e+00
2.188594297148574341e+00
2.136068034017008621e+00
2.083541770885442901e+00
2.031015507753877181e+00
1.978489244622311016e+00
1.960980490245122887e+00
1.943471735867934092e+00
1.960980490245122887e+00
1.995997998999499812e+00
2.031015507753877181e+00
2.083541770885442901e+00
2.171085542771385768e+00
2.398699349674837222e+00
2.538769384692346254e+00
2.626313156578289121e+00
2.696348174087043414e+00
2.748874437218609135e+00
2.801400700350175299e+00
2.836418209104552002e+00
2.853926963481740575e+00
2.853926963481740575e+00
2.871435717858929593e+00
2.871435717858929593e+00
2.871435717858929593e+00
2.853926963481740575e+00
2.836418209104552002e+00
2.818909454727364317e+00
2.801400700350175299e+00
2.766383191595797708e+00
2.748874437218609135e+00
2.713856928464231988e+00
2.643821910955478138e+00
2.818909454727364317e+00
5.112556278139070542e+00
5.077538769384692507e+00
5.025012506253126787e+00
4.954977488744372494e+00
4.849924962481241053e+00
4.709854927463731578e+00
4.552276138069034417e+00
4.412206103051525830e+00
4.254627313656828669e+00
4.097048524262131508e+00
3.904452226113056756e+00
3.746873436718359596e+00
3.589294647323661991e+00
3.466733366683341533e+00
3.379189594797398666e+00
3.291645822911455355e+00
3.221610805402701505e+00
3.169084542271136229e+00
3.064032016008003900e+00
2.888944472236118166e+00
2.836418209104552002e+00
2.801400700350175299e+00
2.783891945972986726e+00
2.766383191595797708e+00
2.748874437218609135e+00
2.731365682841421005e+00
2.713856928464231988e+00
2.696348174087043414e+00
2.678839419709855285e+00
2.661330665332666712e+00
2.661330665332666712e+00
2.643821910955478138e+00
2.626313156578289121e+00
2.626313156578289121e+00
2.626313156578289121e+00
2.608804402201100547e+00
2.626313156578289121e+00
2.643821910955478138e+00
2.626313156578289121e+00
2.591295647823911974e+00
2.591295647823911974e+00
2.608804402201100547e+00
2.643821910955478138e+00
2.661330665332666712e+00
2.696348174087043414e+00
2.713856928464231988e+00
2.731365682841421005e+00
2.748874437218609135e+00
2.766383191595797708e+00
2.783891945972986726e+00
2.801400700350175299e+00
2.818909454727364317e+00
2.853926963481740575e+00
2.871435717858929593e+00
2.906453226613307184e+00
2.941470735367683442e+00
2.976488244122061033e+00
3.011505752876438180e+00
3.029014507253626753e+00
3.029014507253626753e+00
3.046523261630815771e+00
3.099049524762381047e+00
3.151575787893947211e+00
3.204102051025512488e+00
3.256628314157078652e+00
3.309154577288644816e+00
3.379189594797398666e+00
3.431715857928964830e+00
3.484242121060530550e+00
3.536768384192096271e+00
3.571785892946473862e+00
3.606803401700850120e+00
3.641820910455227711e+00
3.659329664832416729e+00
3.676838419209605302e+00
3.694347173586792987e+00
3.694347173586792987e+00
3.676838419209605302e+00
3.641820910455227711e+00
3.624312156078039138e+00
3.571785892946473862e+00
3.484242121060530550e+00
3.379189594797398666e+00
3.239119559779890078e+00
3.116558279139569620e+00
2.993996998499250051e+00
2.871435717858929593e+00
2.766383191595797708e+00
2.678839419709855285e+00
2.608804402201100547e+00
2.538769384692346254e+00
2.486243121560780533e+00
2.451225612806403387e+00
2.416208104052026240e+00
2.398699349674837222e+00
2.363681840920460520e+00
2.346173086543271946e+00
2.311155577788894355e+00
2.311155577788894355e+00
2.346173086543271946e+00
2.346173086543271946e+00
2.311155577788894355e+00
2.293646823411706226e+00
2.276138069034517208e+00
2.258629314657328635e+00
2.241120560280140062e+00
2.223611805902951488e+00
2.206103051525762915e+00
2.206103051525762915e+00
2.188594297148574341e+00
2.171085542771385768e+00
2.171085542771385768e+00
2.153576788394197195e+00
2.153576788394197195e+00
2.136068034017008621e+00
2.136068034017008621e+00
2.118559279639820048e+00
2.118559279639820048e+00
2.118559279639820048e+00
2.136068034017008621e+00
2.136068034017008621e+00
2.136068034017008621e+00
2.118559279639820048e+00
2.101050525262631474e+00
2.101050525262631474e+00
2.083541770885442901e+00
2.083541770885442901e+00
2.083541770885442901e+00
2.066033016508253883e+00
2.066033016508253883e+00
2.066033016508253883e+00
2.066033016508253883e+00
2.066033016508253883e+00
2.066033016508253883e+00
2.066033016508253883e+00
2.083541770885442901e+00
2.083541770885442901e+00
2.101050525262631474e+00
2.136068034017008621e+00
2.206103051525762915e+00
2.241120560280140062e+00
2.258629314657328635e+00
2.258629314657328635e+00
2.276138069034517208e+00
2.276138069034517208e+00
2.258629314657328635e+00
2.258629314657328635e+00
2.241120560280140062e+00
2.223611805902951488e+00
2.206103051525762915e+00
2.188594297148574341e+00
2.171085542771385768e+00
2.171085542771385768e+00
2.171085542771385768e+00
2.171085542771385768e+00
2.171085542771385768e+00
2.206103051525762915e+00
2.223611805902951488e+00
2.258629314657328635e+00
2.206103051525762915e+00
2.223611805902951488e+00
2.258629314657328635e+00
2.293646823411706226e+00
2.311155577788894355e+00
2.346173086543271946e+00
2.363681840920460520e+00
2.381190595297649093e+00
2.416208104052026240e+00
2.451225612806403387e+00
2.486243121560780533e+00
2.503751875937968663e+00
2.521260630315157680e+00
2.521260630315157680e+00
2.521260630315157680e+00
2.538769384692346254e+00
2.538769384692346254e+00
2.538769384692346254e+00
2.538769384692346254e+00
2.521260630315157680e+00
2.433716858429214369e+00
2.433716858429214369e+00
2.451225612806403387e+00
2.468734367183591960e+00
2.486243121560780533e+00
2.503751875937968663e+00
2.503751875937968663e+00
2.521260630315157680e+00
2.521260630315157680e+00
2.538769384692346254e+00
2.556278139069535271e+00
2.573786893446723401e+00
2.591295647823911974e+00
2.608804402201100547e+00
2.626313156578289121e+00
2.643821910955478138e+00
2.678839419709855285e+00
2.713856928464231988e+00
2.748874437218609135e+00
2.748874437218609135e+00
2.696348174087043414e+00
2.713856928464231988e+00
2.766383191595797708e+00
2.818909454727364317e+00
2.888944472236118166e+00
2.958979489744872460e+00
3.029014507253626753e+00
3.099049524762381047e+00
3.169084542271136229e+00
3.239119559779890078e+00
3.309154577288644816e+00
3.379189594797398666e+00
3.431715857928964830e+00
3.501750875437719124e+00
3.554277138569284400e+00
3.589294647323661991e+00
3.624312156078039138e+00
3.676838419209605302e+00
3.694347173586792987e+00
3.729364682341170578e+00
3.746873436718359596e+00
3.764382191095547725e+00
3.764382191095547725e+00
3.781890945472735854e+00
3.781890945472735854e+00
3.781890945472735854e+00
3.764382191095547725e+00
3.729364682341170578e+00
3.694347173586792987e+00
3.624312156078039138e+00
3.571785892946473862e+00
3.484242121060530550e+00
3.396698349174587683e+00
3.274137068534267225e+00
3.151575787893947211e+00
2.993996998499250051e+00
2.853926963481740575e+00
2.713856928464231988e+00
2.608804402201100547e+00
2.573786893446723401e+00
2.661330665332666712e+00
2.591295647823911974e+00
2.503751875937968663e+00
2.433716858429214369e+00
2.381190595297649093e+00
2.328664332166082929e+00
2.293646823411706226e+00
2.258629314657328635e+00
2.241120560280140062e+00
2.223611805902951488e+00
2.206103051525762915e+00
2.188594297148574341e+00
2.188594297148574341e+00
2.171085542771385768e+00
2.171085542771385768e+00
2.171085542771385768e+00
2.171085542771385768e+00
2.153576788394197195e+00
2.153576788394197195e+00
2.171085542771385768e+00
2.241120560280140062e+00
2.241120560280140062e+00
2.223611805902951488e+00
2.223611805902951488e+00
2.206103051525762915e+00
2.206103051525762915e+00
2.188594297148574341e+00
2.171085542771385768e+00
2.171085542771385768e+00
2.153576788394197195e+00
2.153576788394197195e+00
2.153576788394197195e+00
2.153576788394197195e+00
2.153576788394197195e+00
2.171085542771385768e+00
2.171085542771385768e+00
2.171085542771385768e+00
2.171085542771385768e+00
2.188594297148574341e+00
2.223611805902951488e+00
2.311155577788894355e+00
2.328664332166082929e+00
2.328664332166082929e+00
2.328664332166082929e+00
2.311155577788894355e+00
2.311155577788894355e+00
2.293646823411706226e+00
2.293646823411706226e+00
2.276138069034517208e+00
2.258629314657328635e+00
2.223611805902951488e+00
2.188594297148574341e+00
2.136068034017008621e+00
2.066033016508253883e+00
2.013506753376688163e+00
1.960980490245122887e+00
1.925962981490745296e+00
1.925962981490745296e+00
1.925962981490745296e+00
1.995997998999499812e+00
2.206103051525762915e+00
2.363681840920460520e+00
2.451225612806403387e+00
2.538769384692346254e+00
2.608804402201100547e+00
2.661330665332666712e+00
2.696348174087043414e+00
2.748874437218609135e+00
2.783891945972986726e+00
2.801400700350175299e+00
2.818909454727364317e+00
2.818909454727364317e+00
2.836418209104552002e+00
2.836418209104552002e+00
2.818909454727364317e+00
2.818909454727364317e+00
2.818909454727364317e+00
2.801400700350175299e+00
2.801400700350175299e+00
2.801400700350175299e+00
2.888944472236118166e+00
3.134067033516758638e+00
3.606803401700850120e+00
4.114557278639319193e+00
4.412206103051525830e+00
4.569784892446222990e+00
4.639819909954977284e+00
4.639819909954977284e+00
4.622311155577788711e+00
4.569784892446222990e+00
4.517258629314657270e+00
4.464732366183091550e+00
4.394697348674337256e+00
4.307153576788394389e+00
4.202101050525262949e+00
4.062031015507754361e+00
3.939469734867433459e+00
3.799399699849925316e+00
3.659329664832416729e+00
3.519259629814907253e+00
3.309154577288644816e+00
3.204102051025512488e+00
3.151575787893947211e+00
3.099049524762381047e+00
3.064032016008003900e+00
3.011505752876438180e+00
2.993996998499250051e+00
2.958979489744872460e+00
2.923961980990494869e+00
2.906453226613307184e+00
2.871435717858929593e+00
2.853926963481740575e+00
2.818909454727364317e+00
2.801400700350175299e+00
2.783891945972986726e+00
2.783891945972986726e+00
2.766383191595797708e+00
2.783891945972986726e+00
2.783891945972986726e+00
2.766383191595797708e+00
2.696348174087043414e+00
2.713856928464231988e+00
2.748874437218609135e+00
2.801400700350175299e+00
2.836418209104552002e+00
2.871435717858929593e+00
2.923961980990494869e+00
2.993996998499250051e+00
3.046523261630815771e+00
3.099049524762381047e+00
3.134067033516758638e+00
3.151575787893947211e+00
3.186593296648323914e+00
3.221610805402701505e+00
3.239119559779890078e+00
3.274137068534267225e+00
3.291645822911455355e+00
3.309154577288644816e+00
3.344172086043021519e+00
3.326663331665832946e+00
3.291645822911455355e+00
3.309154577288644816e+00
3.344172086043021519e+00
3.379189594797398666e+00
3.414207103551776257e+00
3.449224612306152959e+00
3.484242121060530550e+00
3.519259629814907253e+00
3.554277138569284400e+00
3.589294647323661991e+00
3.641820910455227711e+00
3.676838419209605302e+00
3.711855927963982005e+00
3.729364682341170578e+00
3.746873436718359596e+00
3.746873436718359596e+00
3.746873436718359596e+00
3.729364682341170578e+00
3.694347173586792987e+00
3.659329664832416729e+00
3.624312156078039138e+00
3.554277138569284400e+00
3.431715857928964830e+00
3.309154577288644816e+00
3.169084542271136229e+00
3.029014507253626753e+00
2.906453226613307184e+00
2.783891945972986726e+00
2.678839419709855285e+00
2.591295647823911974e+00
2.503751875937968663e+00
2.451225612806403387e+00
2.398699349674837222e+00
2.346173086543271946e+00
2.311155577788894355e+00
2.276138069034517208e+00
2.258629314657328635e+00
2.223611805902951488e+00
2.206103051525762915e+00
2.223611805902951488e+00
2.241120560280140062e+00
2.223611805902951488e+00
2.223611805902951488e+00
2.206103051525762915e+00
2.188594297148574341e+00
2.188594297148574341e+00
2.171085542771385768e+00
2.171085542771385768e+00
2.171085542771385768e+00
2.153576788394197195e+00
2.153576788394197195e+00
2.153576788394197195e+00
2.153576788394197195e+00
2.153576788394197195e+00
2.153576788394197195e+00
2.153576788394197195e+00
2.153576788394197195e+00
2.171085542771385768e+00
2.188594297148574341e+00
2.241120560280140062e+00
2.398699349674837222e+00
2.573786893446723401e+00
2.836418209104552002e+00
3.116558279139569620e+00
3.256628314157078652e+00
3.309154577288644816e+00
3.309154577288644816e+00
3.309154577288644816e+00
3.291645822911455355e+00
3.256628314157078652e+00
3.239119559779890078e+00
3.204102051025512488e+00
3.169084542271136229e+00
3.134067033516758638e+00
3.099049524762381047e+00
3.064032016008003900e+00
3.029014507253626753e+00
2.976488244122061033e+00
2.941470735367683442e+00
2.853926963481740575e+00
2.731365682841421005e+00
2.678839419709855285e+00
2.661330665332666712e+00
2.661330665332666712e+00
2.643821910955478138e+00
2.643821910955478138e+00
2.661330665332666712e+00
2.661330665332666712e+00
2.678839419709855285e+00
2.678839419709855285e+00
2.678839419709855285e+00
2.696348174087043414e+00
2.696348174087043414e+00
2.731365682841421005e+00
2.748874437218609135e+00
2.766383191595797708e+00
2.783891945972986726e+00
2.801400700350175299e+00
2.818909454727364317e+00
2.766383191595797708e+00
2.678839419709855285e+00
2.696348174087043414e+00
2.731365682841421005e+00
2.766383191595797708e+00
2.836418209104552002e+00
2.888944472236118166e+00
2.958979489744872460e+00
3.011505752876438180e+00
3.081540770385193362e+00
3.151575787893947211e+00
3.204102051025512488e+00
3.274137068534267225e+00
3.326663331665832946e+00
3.396698349174587683e+00
3.449224612306152959e+00
3.501750875437719124e+00
3.554277138569284400e+00
3.589294647323661991e+00
3.641820910455227711e+00
3.659329664832416729e+00
3.659329664832416729e+00
3.694347173586792987e+00
3.711855927963982005e+00
3.729364682341170578e+00
3.746873436718359596e+00
3.764382191095547725e+00
3.764382191095547725e+00
3.764382191095547725e+00
3.764382191095547725e+00
3.746873436718359596e+00
3.746873436718359596e+00
3.729364682341170578e+00
3.711855927963982005e+00
3.676838419209605302e+00
3.624312156078039138e+00
3.571785892946473862e+00
3.501750875437719124e+00
3.414207103551776257e+00
3.309154577288644816e+00
3.274137068534267225e+00
3.274137068534267225e+00
3.151575787893947211e+00
3.011505752876438180e+00
2.871435717858929593e+00
2.748874437218609135e+00
2.643821910955478138e+00
2.556278139069535271e+00
2.486243121560780533e+00
2.416208104052026240e+00
2.363681840920460520e+00
2.311155577788894355e+00
2.276138069034517208e+00
2.258629314657328635e+00
2.223611805902951488e+00
2.206103051525762915e+00
2.188594297148574341e+00
2.171085542771385768e+00
2.153576788394197195e+00
2.136068034017008621e+00
2.171085542771385768e+00
2.206103051525762915e+00
2.188594297148574341e+00
2.188594297148574341e+00
2.171085542771385768e+00
2.171085542771385768e+00
2.153576788394197195e+00
2.171085542771385768e+00
2.171085542771385768e+00
2.171085542771385768e+00
2.188594297148574341e+00
2.188594297148574341e+00
2.188594297148574341e+00
2.206103051525762915e+00
2.206103051525762915e+00
2.206103051525762915e+00
2.188594297148574341e+00
2.188594297148574341e+00
2.188594297148574341e+00
2.188594297148574341e+00
2.241120560280140062e+00
2.328664332166082929e+00
2.328664332166082929e+00
2.293646823411706226e+00
2.241120560280140062e+00
2.188594297148574341e+00
2.118559279639820048e+00
2.066033016508253883e+00
2.013506753376688163e+00
1.978489244622311016e+00
1.960980490245122887e+00
1.943471735867934092e+00
1.943471735867934092e+00
1.943471735867934092e+00
1.943471735867934092e+00
1.960980490245122887e+00
1.978489244622311016e+00
1.995997998999499812e+00
2.031015507753877181e+00
2.048524262131065754e+00
2.136068034017008621e+00
2.276138069034517208e+00
2.433716858429214369e+00
2.678839419709855285e+00
3.204102051025512488e+00
3.431715857928964830e+00
3.326663331665832946e+00
3.309154577288644816e+00
3.326663331665832946e+00
3.344172086043021519e+00
7.126063031515758261e+00
7.056028014007003080e+00
6.950975487743872527e+00
6.810905452726363052e+00
6.618309154577289632e+00
6.408204102051024975e+00
6.180590295147573521e+00
5.987993996998500101e+00
5.847923961980989738e+00
5.742871435717859185e+00
5.550275137568783990e+00
5.392696348174086829e+00
5.340170085042521109e+00
5.322661330665333423e+00
5.287643821910956277e+00
5.252626313156578242e+00
5.200100050025012521e+00
2.766383191595797708e+00
2.766383191595797708e+00
2.766383191595797708e+00
2.783891945972986726e+00
2.801400700350175299e+00
2.818909454727364317e+00
2.836418209104552002e+00
2.836418209104552002e+00
2.853926963481740575e+00
2.871435717858929593e+00
2.906453226613307184e+00
2.923961980990494869e+00
2.958979489744872460e+00
2.906453226613307184e+00
2.818909454727364317e+00
2.836418209104552002e+00
2.888944472236118166e+00
2.941470735367683442e+00
2.976488244122061033e+00
3.029014507253626753e+00
3.064032016008003900e+00
3.116558279139569620e+00
3.169084542271136229e+00
3.221610805402701505e+00
3.256628314157078652e+00
3.274137068534267225e+00
3.291645822911455355e+00
3.326663331665832946e+00
3.361680840420210092e+00
3.414207103551776257e+00
3.466733366683341533e+00
3.536768384192096271e+00
3.606803401700850120e+00
3.606803401700850120e+00
3.606803401700850120e+00
3.676838419209605302e+00
3.746873436718359596e+00
3.816908454227113445e+00
3.886943471735868183e+00
3.956978489244622033e+00
3.974487243621811050e+00
3.991995997998999623e+00
3.991995997998999623e+00
3.974487243621811050e+00
3.956978489244622033e+00
3.921960980490245774e+00
3.904452226113056756e+00
3.886943471735868183e+00
3.851925962981490592e+00
3.834417208604302463e+00
3.816908454227113445e+00
3.781890945472735854e+00
3.746873436718359596e+00
3.729364682341170578e+00
3.711855927963982005e+00
3.676838419209605302e+00
3.624312156078039138e+00
3.554277138569284400e+00
3.501750875437719124e+00
3.431715857928964830e+00
3.361680840420210092e+00
3.256628314157078652e+00
3.134067033516758638e+00
3.011505752876438180e+00
2.871435717858929593e+00
2.748874437218609135e+00
2.643821910955478138e+00
2.573786893446723401e+00
2.503751875937968663e+00
2.451225612806403387e+00
2.416208104052026240e+00
2.381190595297649093e+00
2.346173086543271946e+00
2.363681840920460520e+00
2.398699349674837222e+00
2.381190595297649093e+00
2.363681840920460520e+00
2.346173086543271946e+00
2.346173086543271946e+00
2.346173086543271946e+00
2.363681840920460520e+00
2.398699349674837222e+00
2.451225612806403387e+00
2.521260630315157680e+00
2.608804402201100547e+00
2.731365682841421005e+00
2.853926963481740575e+00
2.976488244122061033e+00
3.081540770385193362e+00
3.169084542271136229e+00
3.239119559779890078e+00
3.291645822911455355e+00
3.344172086043021519e+00
3.379189594797398666e+00
3.396698349174587683e+00
3.414207103551776257e+00
3.414207103551776257e+00
3.414207103551776257e+00
3.396698349174587683e+00
3.396698349174587683e+00
3.361680840420210092e+00
3.344172086043021519e+00
3.309154577288644816e+00
3.256628314157078652e+00
3.221610805402701505e+00
3.169084542271136229e+00
3.116558279139569620e+00
3.064032016008003900e+00
3.029014507253626753e+00
2.993996998499250051e+00
2.976488244122061033e+00
2.958979489744872460e+00
2.958979489744872460e+00
2.836418209104552002e+00
2.713856928464231988e+00
2.713856928464231988e+00
2.731365682841421005e+00
2.783891945972986726e+00
2.836418209104552002e+00
2.888944472236118166e+00
2.941470735367683442e+00
3.029014507253626753e+00
3.099049524762381047e+00
3.204102051025512488e+00
3.274137068534267225e+00
3.344172086043021519e+00
3.414207103551776257e+00
3.484242121060530550e+00
3.554277138569284400e+00
3.624312156078039138e+00
3.711855927963982005e+00
3.781890945472735854e+00
3.834417208604302463e+00
3.799399699849925316e+00
3.781890945472735854e+00
3.799399699849925316e+00
3.834417208604302463e+00
3.834417208604302463e+00
3.851925962981490592e+00
3.869434717358679165e+00
3.869434717358679165e+00
3.869434717358679165e+00
3.869434717358679165e+00
3.869434717358679165e+00
3.851925962981490592e+00
3.834417208604302463e+00
3.816908454227113445e+00
3.781890945472735854e+00
3.746873436718359596e+00
3.711855927963982005e+00
3.676838419209605302e+00
3.624312156078039138e+00
3.571785892946473862e+00
3.571785892946473862e+00
3.589294647323661991e+00
3.519259629814907253e+00
3.396698349174587683e+00
3.274137068534267225e+00
3.116558279139569620e+00
2.958979489744872460e+00
2.801400700350175299e+00
2.661330665332666712e+00
2.538769384692346254e+00
2.451225612806403387e+00
2.381190595297649093e+00
2.328664332166082929e+00
2.293646823411706226e+00
2.258629314657328635e+00
2.223611805902951488e+00
2.206103051525762915e+00
2.188594297148574341e+00
2.171085542771385768e+00
2.153576788394197195e+00
2.188594297148574341e+00
2.241120560280140062e+00
2.241120560280140062e+00
2.206103051525762915e+00
2.188594297148574341e+00
2.171085542771385768e+00
2.136068034017008621e+00
2.101050525262631474e+00
2.066033016508253883e+00
2.031015507753877181e+00
2.013506753376688163e+00
1.995997998999499812e+00
1.978489244622311016e+00
1.978489244622311016e+00
1.978489244622311016e+00
1.978489244622311016e+00
1.995997998999499812e+00
1.995997998999499812e+00
2.013506753376688163e+00
2.031015507753877181e+00
2.083541770885442901e+00
2.171085542771385768e+00
2.258629314657328635e+00
2.346173086543271946e+00
2.451225612806403387e+00
2.573786893446723401e+00
2.713856928464231988e+00
2.853926963481740575e+00
2.976488244122061033e+00
3.081540770385193362e+00
7.178589294647323982e+00
7.196098049024512555e+00
7.196098049024512555e+00
7.196098049024512555e+00
7.161080540270135408e+00
7.126063031515758261e+00
7.073536768384192541e+00
7.003501750875438248e+00
6.915957978989495381e+00
6.828414207103552513e+00
6.618309154577289632e+00
3.064032016008003900e+00
2.941470735367683442e+00
2.871435717858929593e+00
2.818909454727364317e+00
2.783891945972986726e+00
2.748874437218609135e+00
2.731365682841421005e+00
2.713856928464231988e+00
2.713856928464231988e+00
2.713856928464231988e+00
2.713856928464231988e+00
2.731365682841421005e+00
2.748874437218609135e+00
2.783891945972986726e+00
2.818909454727364317e+00
2.871435717858929593e+00
2.923961980990494869e+00
2.976488244122061033e+00
3.029014507253626753e+00
2.923961980990494869e+00
2.836418209104552002e+00
2.853926963481740575e+00
2.906453226613307184e+00
2.976488244122061033e+00
3.046523261630815771e+00
3.116558279139569620e+00
3.204102051025512488e+00
3.291645822911455355e+00
3.396698349174587683e+00
3.501750875437719124e+00
3.589294647323661991e+00
3.694347173586792987e+00
3.781890945472735854e+00
3.886943471735868183e+00
3.956978489244622033e+00
4.009504752376188641e+00
4.062031015507754361e+00
4.097048524262131508e+00
4.114557278639319193e+00
4.079539769884942935e+00
4.044522261130564900e+00
4.027013506753376326e+00
4.009504752376188641e+00
4.009504752376188641e+00
4.009504752376188641e+00
3.991995997998999623e+00
3.991995997998999623e+00
3.991995997998999623e+00
3.974487243621811050e+00
3.956978489244622033e+00
3.939469734867433459e+00
3.921960980490245774e+00
3.886943471735868183e+00
3.851925962981490592e+00
3.816908454227113445e+00
3.781890945472735854e+00
3.746873436718359596e+00
3.711855927963982005e+00
3.676838419209605302e+00
3.694347173586792987e+00
3.711855927963982005e+00
3.676838419209605302e+00
3.624312156078039138e+00
3.571785892946473862e+00
3.519259629814907253e+00
3.431715857928964830e+00
3.326663331665832946e+00
3.221610805402701505e+00
3.081540770385193362e+00
2.958979489744872460e+00
2.853926963481740575e+00
2.766383191595797708e+00
2.713856928464231988e+00
2.713856928464231988e+00
2.748874437218609135e+00
2.801400700350175299e+00
2.853926963481740575e+00
2.923961980990494869e+00
2.993996998499250051e+00
3.116558279139569620e+00
3.204102051025512488e+00
3.239119559779890078e+00
3.274137068534267225e+00
3.291645822911455355e+00
3.326663331665832946e+00
3.344172086043021519e+00
3.361680840420210092e+00
3.396698349174587683e+00
3.414207103551776257e+00
3.449224612306152959e+00
3.466733366683341533e+00
3.501750875437719124e+00
3.519259629814907253e+00
3.536768384192096271e+00
3.554277138569284400e+00
3.571785892946473862e+00
3.589294647323661991e+00
3.589294647323661991e+00
3.589294647323661991e+00
3.536768384192096271e+00
3.466733366683341533e+00
3.449224612306152959e+00
3.431715857928964830e+00
3.414207103551776257e+00
3.414207103551776257e+00
3.396698349174587683e+00
3.396698349174587683e+00
3.396698349174587683e+00
3.414207103551776257e+00
3.431715857928964830e+00
3.484242121060530550e+00
3.536768384192096271e+00
3.606803401700850120e+00
3.676838419209605302e+00
3.764382191095547725e+00
3.869434717358679165e+00
3.939469734867433459e+00
3.991995997998999623e+00
4.044522261130564900e+00
3.991995997998999623e+00
3.921960980490245774e+00
3.939469734867433459e+00
3.956978489244622033e+00
3.974487243621811050e+00
3.991995997998999623e+00
4.009504752376188641e+00
4.027013506753376326e+00
4.044522261130564900e+00
4.044522261130564900e+00
4.044522261130564900e+00
4.044522261130564900e+00
4.027013506753376326e+00
4.027013506753376326e+00
4.027013506753376326e+00
4.027013506753376326e+00
3.991995997998999623e+00
3.956978489244622033e+00
3.904452226113056756e+00
3.834417208604302463e+00
3.834417208604302463e+00
3.781890945472735854e+00
3.711855927963982005e+00
3.641820910455227711e+00
3.571785892946473862e+00
3.501750875437719124e+00
3.414207103551776257e+00
3.309154577288644816e+00
3.169084542271136229e+00
3.046523261630815771e+00
2.906453226613307184e+00
2.783891945972986726e+00
2.678839419709855285e+00
2.591295647823911974e+00
2.538769384692346254e+00
2.468734367183591960e+00
2.416208104052026240e+00
2.363681840920460520e+00
2.328664332166082929e+00
2.293646823411706226e+00
2.328664332166082929e+00
2.363681840920460520e+00
2.346173086543271946e+00
2.346173086543271946e+00
2.346173086543271946e+00
2.346173086543271946e+00
2.346173086543271946e+00
2.381190595297649093e+00
2.416208104052026240e+00
2.468734367183591960e+00
2.503751875937968663e+00
2.556278139069535271e+00
2.608804402201100547e+00
2.678839419709855285e+00
2.766383191595797708e+00
2.836418209104552002e+00
2.923961980990494869e+00
2.993996998499250051e+00
3.046523261630815771e+00
3.116558279139569620e+00
3.186593296648323914e+00
3.239119559779890078e+00
3.274137068534267225e+00
3.309154577288644816e+00
3.326663331665832946e+00
3.344172086043021519e+00
3.361680840420210092e+00
3.379189594797398666e+00
3.379189594797398666e+00
3.379189594797398666e+00
3.379189594797398666e+00
3.379189594797398666e+00
3.379189594797398666e+00
3.379189594797398666e+00
3.361680840420210092e+00
3.344172086043021519e+00
3.326663331665832946e+00
3.309154577288644816e+00
3.309154577288644816e+00
3.274137068534267225e+00
3.081540770385193362e+00
2.941470735367683442e+00
2.941470735367683442e+00
2.941470735367683442e+00
2.941470735367683442e+00
2.958979489744872460e+00
2.993996998499250051e+00
3.046523261630815771e+00
3.099049524762381047e+00
3.169084542271136229e+00
3.239119559779890078e+00
3.326663331665832946e+00
3.414207103551776257e+00
3.519259629814907253e+00
3.624312156078039138e+00
3.764382191095547725e+00
3.886943471735868183e+00
3.991995997998999623e+00
4.079539769884942935e+00
4.167083541770885802e+00
4.132066033016507767e+00
4.114557278639319193e+00
4.167083541770885802e+00
4.202101050525262949e+00
4.254627313656828669e+00
4.272136068034017242e+00
4.289644822411205816e+00
4.289644822411205816e+00
4.272136068034017242e+00
4.254627313656828669e+00
4.237118559279640095e+00
4.202101050525262949e+00
4.184592296148074375e+00
4.132066033016507767e+00
4.097048524262131508e+00
4.062031015507754361e+00
4.044522261130564900e+00
4.027013506753376326e+00
4.009504752376188641e+00
3.991995997998999623e+00
4.044522261130564900e+00
4.079539769884942935e+00
4.062031015507754361e+00
4.044522261130564900e+00
4.027013506753376326e+00
4.044522261130564900e+00
4.079539769884942935e+00
4.149574787393697228e+00
4.237118559279640095e+00
4.324662331165582962e+00
4.377188594297148683e+00
4.412206103051525830e+00
4.429714857428714403e+00
4.412206103051525830e+00
4.359679839919959221e+00
4.289644822411205816e+00
4.202101050525262949e+00
4.079539769884942935e+00
3.956978489244622033e+00
3.851925962981490592e+00
3.834417208604302463e+00
3.816908454227113445e+00
3.764382191095547725e+00
3.729364682341170578e+00
3.711855927963982005e+00
3.676838419209605302e+00
3.676838419209605302e+00
3.676838419209605302e+00
3.676838419209605302e+00
3.694347173586792987e+00
3.729364682341170578e+00
3.746873436718359596e+00
3.799399699849925316e+00
3.851925962981490592e+00
3.921960980490245774e+00
3.974487243621811050e+00
4.044522261130564900e+00
4.132066033016507767e+00
4.219609804902451522e+00
4.289644822411205816e+00
4.289644822411205816e+00
4.324662331165582962e+00
4.394697348674337256e+00
4.447223611805902976e+00
4.482241120560280123e+00
4.499749874937469585e+00
4.517258629314657270e+00
4.517258629314657270e+00
4.499749874937469585e+00
4.482241120560280123e+00
4.447223611805902976e+00
4.412206103051525830e+00
4.377188594297148683e+00
4.342171085542771536e+00
4.307153576788394389e+00
4.289644822411205816e+00
4.289644822411205816e+00
4.289644822411205816e+00
4.307153576788394389e+00
4.307153576788394389e+00
4.254627313656828669e+00
4.219609804902451522e+00
4.184592296148074375e+00
4.114557278639319193e+00
4.044522261130564900e+00
3.974487243621811050e+00
3.921960980490245774e+00
3.886943471735868183e+00
3.851925962981490592e+00
3.816908454227113445e+00
3.764382191095547725e+00
3.711855927963982005e+00
3.641820910455227711e+00
3.571785892946473862e+00
3.484242121060530550e+00
3.414207103551776257e+00
3.344172086043021519e+00
3.256628314157078652e+00
3.169084542271136229e+00
3.116558279139569620e+00
3.134067033516758638e+00
3.134067033516758638e+00
3.081540770385193362e+00
3.046523261630815771e+00
3.011505752876438180e+00
2.993996998499250051e+00
2.958979489744872460e+00
2.923961980990494869e+00
2.906453226613307184e+00
2.906453226613307184e+00
2.923961980990494869e+00
2.958979489744872460e+00
2.976488244122061033e+00
2.993996998499250051e+00
3.029014507253626753e+00
3.081540770385193362e+00
3.134067033516758638e+00
3.169084542271136229e+00
3.204102051025512488e+00
3.239119559779890078e+00
3.344172086043021519e+00
3.414207103551776257e+00
3.414207103551776257e+00
3.396698349174587683e+00
3.396698349174587683e+00
3.396698349174587683e+00
3.414207103551776257e+00
3.431715857928964830e+00
3.449224612306152959e+00
3.466733366683341533e+00
3.484242121060530550e+00
3.519259629814907253e+00
3.536768384192096271e+00
3.554277138569284400e+00
3.571785892946473862e+00
3.606803401700850120e+00
3.624312156078039138e+00
3.659329664832416729e+00
3.694347173586792987e+00
3.711855927963982005e+00
3.676838419209605302e+00
3.659329664832416729e+00
3.641820910455227711e+00
3.624312156078039138e+00
3.589294647323661991e+00
3.571785892946473862e+00
3.536768384192096271e+00
3.554277138569284400e+00
3.554277138569284400e+00
3.571785892946473862e+00
3.589294647323661991e+00
3.606803401700850120e+00
3.659329664832416729e+00
3.729364682341170578e+00
3.799399699849925316e+00
3.869434717358679165e+00
3.956978489244622033e+00
4.044522261130564900e+00
4.114557278639319193e+00
4.149574787393697228e+00
4.062031015507754361e+00
4.044522261130564900e+00
4.114557278639319193e+00
4.184592296148074375e+00
4.219609804902451522e+00
4.237118559279640095e+00
4.272136068034017242e+00
4.307153576788394389e+00
4.307153576788394389e+00
4.307153576788394389e+00
4.324662331165582962e+00
4.324662331165582962e+00
4.324662331165582962e+00
4.324662331165582962e+00
4.307153576788394389e+00
4.289644822411205816e+00
4.272136068034017242e+00
4.237118559279640095e+00
4.202101050525262949e+00
4.202101050525262949e+00
4.342171085542771536e+00
4.464732366183091550e+00
4.587293646823412452e+00
4.692346173086543892e+00
4.797398699349674445e+00
4.849924962481241053e+00
4.902451225612806773e+00
4.919959979989995347e+00
4.919959979989995347e+00
4.919959979989995347e+00
4.919959979989995347e+00
4.919959979989995347e+00
4.902451225612806773e+00
4.884942471235617312e+00
4.867433716858428738e+00
4.832416208104052480e+00
4.779889944972485871e+00
4.709854927463731578e+00
4.622311155577788711e+00
4.499749874937469585e+00
4.412206103051525830e+00
4.307153576788394389e+00
4.219609804902451522e+00
4.167083541770885802e+00
4.132066033016507767e+00
4.132066033016507767e+00
4.167083541770885802e+00
4.202101050525262949e+00
4.254627313656828669e+00
4.324662331165582962e+00
4.412206103051525830e+00
4.499749874937469585e+00
4.587293646823412452e+00
4.657328664332165857e+00
4.727363681840921039e+00
4.797398699349674445e+00
4.849924962481241053e+00
4.919959979989995347e+00
4.972486243121561067e+00
5.007503751875937326e+00
5.060030015007503934e+00
5.112556278139070542e+00
5.147573786893446801e+00
5.147573786893446801e+00
5.147573786893446801e+00
5.130065032516258228e+00
5.095047523761881081e+00
5.042521260630315361e+00
4.972486243121561067e+00
4.902451225612806773e+00
4.814907453726863906e+00
4.709854927463731578e+00
4.604802401200601025e+00
4.464732366183091550e+00
4.359679839919959221e+00
4.254627313656828669e+00
4.184592296148074375e+00
4.167083541770885802e+00
4.132066033016507767e+00
4.079539769884942935e+00
4.097048524262131508e+00
4.062031015507754361e+00
3.991995997998999623e+00
3.921960980490245774e+00
3.851925962981490592e+00
3.746873436718359596e+00
3.641820910455227711e+00
3.536768384192096271e+00
3.431715857928964830e+00
3.344172086043021519e+00
3.274137068534267225e+00
3.221610805402701505e+00
3.186593296648323914e+00
3.169084542271136229e+00
3.151575787893947211e+00
3.169084542271136229e+00
3.169084542271136229e+00
3.169084542271136229e+00
3.204102051025512488e+00
3.274137068534267225e+00
3.519259629814907253e+00
3.659329664832416729e+00
3.694347173586792987e+00
3.729364682341170578e+00
3.746873436718359596e+00
3.746873436718359596e+00
3.764382191095547725e+00
3.764382191095547725e+00
3.764382191095547725e+00
3.746873436718359596e+00
3.711855927963982005e+00
3.694347173586792987e+00
3.659329664832416729e+00
3.641820910455227711e+00
3.606803401700850120e+00
3.571785892946473862e+00
3.554277138569284400e+00
3.536768384192096271e+00
3.519259629814907253e+00
3.519259629814907253e+00
3.536768384192096271e+00
3.554277138569284400e+00
3.571785892946473862e+00
3.606803401700850120e+00
3.641820910455227711e+00
3.676838419209605302e+00
3.711855927963982005e+00
3.764382191095547725e+00
3.799399699849925316e+00
3.851925962981490592e+00
3.886943471735868183e+00
3.904452226113056756e+00
3.921960980490245774e+00
3.956978489244622033e+00
3.991995997998999623e+00
4.027013506753376326e+00
4.044522261130564900e+00
4.044522261130564900e+00
4.044522261130564900e+00
4.009504752376188641e+00
3.711855927963982005e+00
3.519259629814907253e+00
3.536768384192096271e+00
3.606803401700850120e+00
3.694347173586792987e+00
3.781890945472735854e+00
3.869434717358679165e+00
3.939469734867433459e+00
4.009504752376188641e+00
4.062031015507754361e+00
4.132066033016507767e+00
4.184592296148074375e+00
4.219609804902451522e+00
4.272136068034017242e+00
4.307153576788394389e+00
4.324662331165582962e+00
4.342171085542771536e+00
4.377188594297148683e+00
4.412206103051525830e+00
4.412206103051525830e+00
4.412206103051525830e+00
4.429714857428714403e+00
4.429714857428714403e+00
4.447223611805902976e+00
4.464732366183091550e+00
4.482241120560280123e+00
4.534767383691845843e+00
4.622311155577788711e+00
4.744872436218108724e+00
4.867433716858428738e+00
4.972486243121561067e+00
5.042521260630315361e+00
5.077538769384692507e+00
5.112556278139070542e+00
5.147573786893446801e+00
5.165082541270635375e+00
5.165082541270635375e+00
5.165082541270635375e+00
5.147573786893446801e+00
5.147573786893446801e+00
5.095047523761881081e+00
5.077538769384692507e+00
5.060030015007503934e+00
5.042521260630315361e+00
5.042521260630315361e+00
5.007503751875937326e+00
4.972486243121561067e+00
4.919959979989995347e+00
4.849924962481241053e+00
4.762381190595298186e+00
4.657328664332165857e+00
4.569784892446222990e+00
4.534767383691845843e+00
4.534767383691845843e+00
4.569784892446222990e+00
4.622311155577788711e+00
4.692346173086543892e+00
4.762381190595298186e+00
4.814907453726863906e+00
4.867433716858428738e+00
4.902451225612806773e+00
4.954977488744372494e+00
5.007503751875937326e+00
5.042521260630315361e+00
5.095047523761881081e+00
5.147573786893446801e+00
5.182591295647823948e+00
5.217608804402201095e+00
5.252626313156578242e+00
5.287643821910956277e+00
5.287643821910956277e+00
5.305152576288143962e+00
5.287643821910956277e+00
5.270135067533766815e+00
5.217608804402201095e+00
5.130065032516258228e+00
5.025012506253126787e+00
4.902451225612806773e+00
4.762381190595298186e+00
4.639819909954977284e+00
4.534767383691845843e+00
4.394697348674337256e+00
4.289644822411205816e+00
4.202101050525262949e+00
4.114557278639319193e+00
4.044522261130564900e+00
3.991995997998999623e+00
3.904452226113056756e+00
3.816908454227113445e+00
3.729364682341170578e+00
3.641820910455227711e+00
3.536768384192096271e+00
3.466733366683341533e+00
3.414207103551776257e+00
3.379189594797398666e+00
3.361680840420210092e+00
3.361680840420210092e+00
3.361680840420210092e+00
3.379189594797398666e+00
3.449224612306152959e+00
3.711855927963982005e+00
3.869434717358679165e+00
3.939469734867433459e+00
4.009504752376188641e+00
4.062031015507754361e+00
4.132066033016507767e+00
4.184592296148074375e+00
4.219609804902451522e+00
4.237118559279640095e+00
4.254627313656828669e+00
4.237118559279640095e+00
4.202101050525262949e+00
4.167083541770885802e+00
4.114557278639319193e+00
4.062031015507754361e+00
4.009504752376188641e+00
3.939469734867433459e+00
3.886943471735868183e+00
3.834417208604302463e+00
3.799399699849925316e+00
3.816908454227113445e+00
3.816908454227113445e+00
3.781890945472735854e+00
3.764382191095547725e+00
3.764382191095547725e+00
3.764382191095547725e+00
3.799399699849925316e+00
3.816908454227113445e+00
3.869434717358679165e+00
3.921960980490245774e+00
3.956978489244622033e+00
3.991995997998999623e+00
4.044522261130564900e+00
4.097048524262131508e+00
4.149574787393697228e+00
4.202101050525262949e+00
4.254627313656828669e+00
4.289644822411205816e+00
4.307153576788394389e+00
4.324662331165582962e+00
4.237118559279640095e+00
4.184592296148074375e+00
4.184592296148074375e+00
4.184592296148074375e+00
4.202101050525262949e+00
4.202101050525262949e+00
4.219609804902451522e+00
4.237118559279640095e+00
4.272136068034017242e+00
4.307153576788394389e+00
4.324662331165582962e+00
4.324662331165582962e+00
4.342171085542771536e+00
4.342171085542771536e+00
4.359679839919959221e+00
4.377188594297148683e+00
4.394697348674337256e+00
4.429714857428714403e+00
4.464732366183091550e+00
4.482241120560280123e+00
4.499749874937469585e+00
4.552276138069034417e+00
4.604802401200601025e+00
4.692346173086543892e+00
4.832416208104052480e+00
5.007503751875937326e+00
5.147573786893446801e+00
5.270135067533766815e+00
5.340170085042521109e+00
5.375187593796898256e+00
5.410205102551276291e+00
5.427713856928463976e+00
5.427713856928463976e+00
5.427713856928463976e+00
5.427713856928463976e+00
5.427713856928463976e+00
5.427713856928463976e+00
5.445222611305653437e+00
5.445222611305653437e+00
5.427713856928463976e+00
5.375187593796898256e+00
5.357678839419710570e+00
5.357678839419710570e+00
5.357678839419710570e+00
5.375187593796898256e+00
5.375187593796898256e+00
5.392696348174086829e+00
5.392696348174086829e+00
5.392696348174086829e+00
5.375187593796898256e+00
5.340170085042521109e+00
5.287643821910956277e+00
5.235117558779390556e+00
5.200100050025012521e+00
5.200100050025012521e+00
5.200100050025012521e+00
5.200100050025012521e+00
5.217608804402201095e+00
5.235117558779390556e+00
5.252626313156578242e+00
5.287643821910956277e+00
5.322661330665333423e+00
5.340170085042521109e+00
5.357678839419710570e+00
5.375187593796898256e+00
5.410205102551276291e+00
5.427713856928463976e+00
5.462731365682842011e+00
5.480240120060030584e+00
5.480240120060030584e+00
5.462731365682842011e+00
5.392696348174086829e+00
5.322661330665333423e+00
5.217608804402201095e+00
5.130065032516258228e+00
5.042521260630315361e+00
4.919959979989995347e+00
4.797398699349674445e+00
4.657328664332165857e+00
4.517258629314657270e+00
4.359679839919959221e+00
4.202101050525262949e+00
4.079539769884942935e+00
3.956978489244622033e+00
3.851925962981490592e+00
3.764382191095547725e+00
3.694347173586792987e+00
3.641820910455227711e+00
3.606803401700850120e+00
3.589294647323661991e+00
3.606803401700850120e+00
3.641820910455227711e+00
3.676838419209605302e+00
3.746873436718359596e+00
3.851925962981490592e+00
3.956978489244622033e+00
4.062031015507754361e+00
4.167083541770885802e+00
4.289644822411205816e+00
4.412206103051525830e+00
4.517258629314657270e+00
4.587293646823412452e+00
4.604802401200601025e+00
4.622311155577788711e+00
4.622311155577788711e+00
4.622311155577788711e+00
4.604802401200601025e+00
4.587293646823412452e+00
4.534767383691845843e+00
4.499749874937469585e+00
4.429714857428714403e+00
4.359679839919959221e+00
4.289644822411205816e+00
4.219609804902451522e+00
4.149574787393697228e+00
4.097048524262131508e+00
4.062031015507754361e+00
4.027013506753376326e+00
3.991995997998999623e+00
3.991995997998999623e+00
4.009504752376188641e+00
4.009504752376188641e+00
4.009504752376188641e+00
4.044522261130564900e+00
4.079539769884942935e+00
4.149574787393697228e+00
4.202101050525262949e+00
4.272136068034017242e+00
4.342171085542771536e+00
4.412206103051525830e+00
4.464732366183091550e+00
4.534767383691845843e+00
4.604802401200601025e+00
4.657328664332165857e+00
4.709854927463731578e+00
4.744872436218108724e+00
4.779889944972485871e+00
4.797398699349674445e+00
4.797398699349674445e+00
4.797398699349674445e+00
4.744872436218108724e+00
4.674837418709355319e+00
4.639819909954977284e+00
4.604802401200601025e+00
4.569784892446222990e+00
4.552276138069034417e+00
4.552276138069034417e+00
4.552276138069034417e+00
4.534767383691845843e+00
4.552276138069034417e+00
4.569784892446222990e+00
4.604802401200601025e+00
4.674837418709355319e+00
4.832416208104052480e+00
5.060030015007503934e+00
5.270135067533766815e+00
5.445222611305653437e+00
5.567783891945973451e+00
5.620310155077539171e+00
5.655327663831916318e+00
5.637818909454728633e+00
5.637818909454728633e+00
5.655327663831916318e+00
5.672836418209104004e+00
5.672836418209104004e+00
5.672836418209104004e+00
5.672836418209104004e+00
5.672836418209104004e+00
5.672836418209104004e+00
5.672836418209104004e+00
5.690345172586293465e+00
5.725362681340669724e+00
5.760380190095048647e+00
5.795397698849424906e+00
5.830415207603802052e+00
5.847923961980989738e+00
5.882941470735366885e+00
5.917958979489744920e+00
5.935467733866934381e+00
5.952976488244122066e+00
5.935467733866934381e+00
5.952976488244122066e+00
5.970485242621311528e+00
5.952976488244122066e+00
5.935467733866934381e+00
5.882941470735366885e+00
5.812906453226614367e+00
5.725362681340669724e+00
5.672836418209104004e+00
5.620310155077539171e+00
5.602801400700350598e+00
5.585292646323162025e+00
5.567783891945973451e+00
5.567783891945973451e+00
5.567783891945973451e+00
5.567783891945973451e+00
5.567783891945973451e+00
5.567783891945973451e+00
5.532766383191595416e+00
5.532766383191595416e+00
5.620310155077539171e+00
5.655327663831916318e+00
5.637818909454728633e+00
5.602801400700350598e+00
5.532766383191595416e+00
5.427713856928463976e+00
5.305152576288143962e+00
5.147573786893446801e+00
4.937468734367183920e+00
4.709854927463731578e+00
4.464732366183091550e+00
4.254627313656828669e+00
4.097048524262131508e+00
3.974487243621811050e+00
3.886943471735868183e+00
3.851925962981490592e+00
3.869434717358679165e+00
3.886943471735868183e+00
3.939469734867433459e+00
4.079539769884942935e+00
4.272136068034017242e+00
4.377188594297148683e+00
4.482241120560280123e+00
4.587293646823412452e+00
4.674837418709355319e+00
4.744872436218108724e+00
4.797398699349674445e+00
4.832416208104052480e+00
4.849924962481241053e+00
4.867433716858428738e+00
4.867433716858428738e+00
4.884942471235617312e+00
4.867433716858428738e+00
4.867433716858428738e+00
4.849924962481241053e+00
4.832416208104052480e+00
4.814907453726863906e+00
4.779889944972485871e+00
4.727363681840921039e+00
4.674837418709355319e+00
4.639819909954977284e+00
4.604802401200601025e+00
4.552276138069034417e+00
4.499749874937469585e+00
4.447223611805902976e+00
4.394697348674337256e+00
4.377188594297148683e+00
4.359679839919959221e+00
4.359679839919959221e+00
4.377188594297148683e+00
4.394697348674337256e+00
4.412206103051525830e+00
4.464732366183091550e+00
4.517258629314657270e+00
4.587293646823412452e+00
4.657328664332165857e+00
4.727363681840921039e+00
4.779889944972485871e+00
4.832416208104052480e+00
4.884942471235617312e+00
4.954977488744372494e+00
5.007503751875937326e+00
5.060030015007503934e+00
5.077538769384692507e+00
5.095047523761881081e+00
5.112556278139070542e+00
5.112556278139070542e+00
5.095047523761881081e+00
5.060030015007503934e+00
5.025012506253126787e+00
4.972486243121561067e+00
4.919959979989995347e+00
4.902451225612806773e+00
4.884942471235617312e+00
4.937468734367183920e+00
5.042521260630315361e+00
5.235117558779390556e+00
5.480240120060030584e+00
5.637818909454728633e+00
5.742871435717859185e+00
5.760380190095048647e+00
5.795397698849424906e+00
5.812906453226614367e+00
5.847923961980989738e+00
5.865432716358179199e+00
5.882941470735366885e+00
5.900450225112556346e+00
5.917958979489744920e+00
5.935467733866934381e+00
5.952976488244122066e+00
5.970485242621311528e+00
5.987993996998500101e+00
6.005502751375686898e+00
6.023011505752876360e+00
6.058029014507253507e+00
6.075537768884442080e+00
6.110555277638820115e+00
6.163081540770386724e+00
6.215607803901951556e+00
6.233116558279139241e+00
6.198099049524762094e+00
6.215607803901951556e+00
6.233116558279139241e+00
6.268134067033517276e+00
6.285642821410704961e+00
6.303151575787894423e+00
6.303151575787894423e+00
6.303151575787894423e+00
6.285642821410704961e+00
6.250625312656327814e+00
6.180590295147573521e+00
6.075537768884442080e+00
5.970485242621311528e+00
5.882941470735366885e+00
5.812906453226614367e+00
5.777888944472236332e+00
5.742871435717859185e+00
5.707853926963481150e+00
5.655327663831916318e+00
5.655327663831916318e+00
5.742871435717859185e+00
5.777888944472236332e+00
5.777888944472236332e+00
5.777888944472236332e+00
5.760380190095048647e+00
5.725362681340669724e+00
5.655327663831916318e+00
5.532766383191595416e+00
5.392696348174086829e+00
5.217608804402201095e+00
5.042521260630315361e+00
4.884942471235617312e+00
4.727363681840921039e+00
4.569784892446222990e+00
4.429714857428714403e+00
4.342171085542771536e+00
4.289644822411205816e+00
4.289644822411205816e+00
4.342171085542771536e+00
4.464732366183091550e+00
4.604802401200601025e+00
4.709854927463731578e+00
4.814907453726863906e+00
4.919959979989995347e+00
4.972486243121561067e+00
5.025012506253126787e+00
5.060030015007503934e+00
5.077538769384692507e+00
5.095047523761881081e+00
5.095047523761881081e+00
5.095047523761881081e+00
5.095047523761881081e+00
5.095047523761881081e+00
5.095047523761881081e+00
5.095047523761881081e+00
5.095047523761881081e+00
5.095047523761881081e+00
5.077538769384692507e+00
5.077538769384692507e+00
5.060030015007503934e+00
5.025012506253126787e+00
4.989994997498748752e+00
4.937468734367183920e+00
4.884942471235617312e+00
4.849924962481241053e+00
4.814907453726863906e+00
4.797398699349674445e+00
4.762381190595298186e+00
4.744872436218108724e+00
4.727363681840921039e+00
4.727363681840921039e+00
4.744872436218108724e+00
4.779889944972485871e+00
4.814907453726863906e+00
4.849924962481241053e+00
4.884942471235617312e+00
4.937468734367183920e+00
4.972486243121561067e+00
5.025012506253126787e+00
5.060030015007503934e+00
5.147573786893446801e+00
5.200100050025012521e+00
5.217608804402201095e+00
5.252626313156578242e+00
5.270135067533766815e+00
5.287643821910956277e+00
5.287643821910956277e+00
5.287643821910956277e+00
5.270135067533766815e+00
5.252626313156578242e+00
5.235117558779390556e+00
5.287643821910956277e+00
5.427713856928463976e+00
5.655327663831916318e+00
5.865432716358179199e+00
5.987993996998500101e+00
6.040520260130064933e+00
6.058029014507253507e+00
6.075537768884442080e+00
6.058029014507253507e+00
5.987993996998500101e+00
5.970485242621311528e+00
5.987993996998500101e+00
6.005502751375686898e+00
6.023011505752876360e+00
6.058029014507253507e+00
6.075537768884442080e+00
6.093046523261631542e+00
6.128064032016007801e+00
6.163081540770386724e+00
6.215607803901951556e+00
6.250625312656327814e+00
6.303151575787894423e+00
6.338169084542272458e+00
6.373186593296647828e+00
6.408204102051024975e+00
6.443221610805403010e+00
6.495747873936969619e+00
6.565782891445723024e+00
6.583291645822910709e+00
6.565782891445723024e+00
6.565782891445723024e+00
6.583291645822910709e+00
6.583291645822910709e+00
6.565782891445723024e+00
6.565782891445723024e+00
6.548274137068534451e+00
6.530765382691344989e+00
6.478239119559780157e+00
6.408204102051024975e+00
6.320660330165082996e+00
6.180590295147573521e+00
6.040520260130064933e+00
5.917958979489744920e+00
5.847923961980989738e+00
5.795397698849424906e+00
5.760380190095048647e+00
5.760380190095048647e+00
5.742871435717859185e+00
5.760380190095048647e+00
5.847923961980989738e+00
5.830415207603802052e+00
5.707853926963481150e+00
5.585292646323162025e+00
5.462731365682842011e+00
5.357678839419710570e+00
5.287643821910956277e+00
5.217608804402201095e+00
5.165082541270635375e+00
5.095047523761881081e+00
5.042521260630315361e+00
4.989994997498748752e+00
4.989994997498748752e+00
5.007503751875937326e+00
5.060030015007503934e+00
5.130065032516258228e+00
5.217608804402201095e+00
5.270135067533766815e+00
5.340170085042521109e+00
5.340170085042521109e+00
5.305152576288143962e+00
5.305152576288143962e+00
5.305152576288143962e+00
5.305152576288143962e+00
5.305152576288143962e+00
5.305152576288143962e+00
5.305152576288143962e+00
5.305152576288143962e+00
5.305152576288143962e+00
5.322661330665333423e+00
5.322661330665333423e+00
5.340170085042521109e+00
5.357678839419710570e+00
5.375187593796898256e+00
5.392696348174086829e+00
5.375187593796898256e+00
5.392696348174086829e+00
5.392696348174086829e+00
5.375187593796898256e+00
5.340170085042521109e+00
5.305152576288143962e+00
5.287643821910956277e+00
5.252626313156578242e+00
5.235117558779390556e+00
5.217608804402201095e+00
5.200100050025012521e+00
5.200100050025012521e+00
5.182591295647823948e+00
5.182591295647823948e+00
5.182591295647823948e+00
5.182591295647823948e+00
5.200100050025012521e+00
5.217608804402201095e+00
5.235117558779390556e+00
5.252626313156578242e+00
5.270135067533766815e+00
5.305152576288143962e+00
5.305152576288143962e+00
5.322661330665333423e+00
5.357678839419710570e+00
5.497748874437218269e+00
5.567783891945973451e+00
5.655327663831916318e+00
5.795397698849424906e+00
6.023011505752876360e+00
6.215607803901951556e+00
6.338169084542272458e+00
6.390695347673837290e+00
6.390695347673837290e+00
6.373186593296647828e+00
6.355677838919459255e+00
6.320660330165082996e+00
6.303151575787894423e+00
6.285642821410704961e+00
6.268134067033517276e+00
6.268134067033517276e+00
6.268134067033517276e+00
6.285642821410704961e+00
6.303151575787894423e+00
6.285642821410704961e+00
6.180590295147573521e+00
6.215607803901951556e+00
6.250625312656327814e+00
6.320660330165082996e+00
6.373186593296647828e+00
6.443221610805403010e+00
6.495747873936969619e+00
6.565782891445723024e+00
6.618309154577289632e+00
6.653326663331665891e+00
6.670835417708855353e+00
6.705852926463230723e+00
6.740870435217609646e+00
6.775887943971985905e+00
6.793396698349175367e+00
6.810905452726363052e+00
6.793396698349175367e+00
6.793396698349175367e+00
6.775887943971985905e+00
6.775887943971985905e+00
6.810905452726363052e+00
6.793396698349175367e+00
6.688344172086043038e+00
6.548274137068534451e+00
6.338169084542272458e+00
6.180590295147573521e+00
6.058029014507253507e+00
5.970485242621311528e+00
5.917958979489744920e+00
5.865432716358179199e+00
5.812906453226614367e+00
5.725362681340669724e+00
5.637818909454728633e+00
5.532766383191595416e+00
5.462731365682842011e+00
5.427713856928463976e+00
5.392696348174086829e+00
5.375187593796898256e+00
5.375187593796898256e+00
5.392696348174086829e+00
5.445222611305653437e+00
5.462731365682842011e+00
5.445222611305653437e+00
5.427713856928463976e+00
5.427713856928463976e+00
5.427713856928463976e+00
5.427713856928463976e+00
5.427713856928463976e+00
5.445222611305653437e+00
5.445222611305653437e+00
5.445222611305653437e+00
5.462731365682842011e+00
5.480240120060030584e+00
5.480240120060030584e+00
5.497748874437218269e+00
5.480240120060030584e+00
5.497748874437218269e+00
5.497748874437218269e+00
5.532766383191595416e+00
5.515257628814406843e+00
5.462731365682842011e+00
5.462731365682842011e+00
5.480240120060030584e+00
5.497748874437218269e+00
5.497748874437218269e+00
5.532766383191595416e+00
5.550275137568783990e+00
5.567783891945973451e+00
5.567783891945973451e+00
5.550275137568783990e+00
5.532766383191595416e+00
5.497748874437218269e+00
5.462731365682842011e+00
5.427713856928463976e+00
5.392696348174086829e+00
5.375187593796898256e+00
5.357678839419710570e+00
5.340170085042521109e+00
5.322661330665333423e+00
5.340170085042521109e+00
5.410205102551276291e+00
5.410205102551276291e+00
5.410205102551276291e+00
5.410205102551276291e+00
5.427713856928463976e+00
5.445222611305653437e+00
5.480240120060030584e+00
5.497748874437218269e+00
5.515257628814406843e+00
5.550275137568783990e+00
5.637818909454728633e+00
5.777888944472236332e+00
5.970485242621311528e+00
6.180590295147573521e+00
6.320660330165082996e+00
6.390695347673837290e+00
6.425712856428214437e+00
6.425712856428214437e+00
6.425712856428214437e+00
6.390695347673837290e+00
6.320660330165082996e+00
6.285642821410704961e+00
6.268134067033517276e+00
6.268134067033517276e+00
6.268134067033517276e+00
6.285642821410704961e+00
6.303151575787894423e+00
6.355677838919459255e+00
6.408204102051024975e+00
6.460730365182591584e+00
6.513256628314157304e+00
6.583291645822910709e+00
6.653326663331665891e+00
6.723361680840420185e+00
6.793396698349175367e+00
6.863431715857929660e+00
6.915957978989495381e+00
6.950975487743872527e+00
6.968484242121061101e+00
6.950975487743872527e+00
6.933466733366683066e+00
6.933466733366683066e+00
6.950975487743872527e+00
6.968484242121061101e+00
6.985992996498248786e+00
6.985992996498248786e+00
6.985992996498248786e+00
6.950975487743872527e+00
6.898449224612305919e+00
6.828414207103552513e+00
6.775887943971985905e+00
6.705852926463230723e+00
6.583291645822910709e+00
6.408204102051024975e+00
6.198099049524762094e+00
6.040520260130064933e+00
5.900450225112556346e+00
5.760380190095048647e+00
5.655327663831916318e+00
5.620310155077539171e+00
5.655327663831916318e+00
5.655327663831916318e+00
5.655327663831916318e+00
5.655327663831916318e+00
5.707853926963481150e+00
5.777888944472236332e+00
5.865432716358179199e+00
5.935467733866934381e+00
6.005502751375686898e+00
6.040520260130064933e+00
6.058029014507253507e+00
6.058029014507253507e+00
6.023011505752876360e+00
5.987993996998500101e+00
5.952976488244122066e+00
5.900450225112556346e+00
5.865432716358179199e+00
5.847923961980989738e+00
5.830415207603802052e+00
5.795397698849424906e+00
5.690345172586293465e+00
5.690345172586293465e+00
5.707853926963481150e+00
5.707853926963481150e+00
5.725362681340669724e+00
5.760380190095048647e+00
5.795397698849424906e+00
5.812906453226614367e+00
5.830415207603802052e+00
5.865432716358179199e+00
5.900450225112556346e+00
5.917958979489744920e+00
5.952976488244122066e+00
5.970485242621311528e+00
5.987993996998500101e+00
6.005502751375686898e+00
6.005502751375686898e+00
5.987993996998500101e+00
5.970485242621311528e+00
5.935467733866934381e+00
5.935467733866934381e+00
5.900450225112556346e+00
5.830415207603802052e+00
5.760380190095048647e+00
5.707853926963481150e+00
5.655327663831916318e+00
5.620310155077539171e+00
5.585292646323162025e+00
5.550275137568783990e+00
5.532766383191595416e+00
5.532766383191595416e+00
5.550275137568783990e+00
5.567783891945973451e+00
5.620310155077539171e+00
5.725362681340669724e+00
5.847923961980989738e+00
6.023011505752876360e+00
6.163081540770386724e+00
6.285642821410704961e+00
6.408204102051024975e+00
6.513256628314157304e+00
6.565782891445723024e+00
6.583291645822910709e+00
6.565782891445723024e+00
6.548274137068534451e+00
6.530765382691344989e+00
6.513256628314157304e+00
6.495747873936969619e+00
6.495747873936969619e+00
6.513256628314157304e+00
6.548274137068534451e+00
6.600800400200100171e+00
6.653326663331665891e+00
6.705852926463230723e+00
6.775887943971985905e+00
6.863431715857929660e+00
6.933466733366683066e+00
7.003501750875438248e+00
7.056028014007003080e+00
7.073536768384192541e+00
7.038519259629814506e+00
7.056028014007003080e+00
7.091045522761381115e+00
7.108554277138568800e+00
7.108554277138568800e+00
7.108554277138568800e+00
7.108554277138568800e+00
7.126063031515758261e+00
7.143571785892947723e+00
7.126063031515758261e+00
7.073536768384192541e+00
7.021010505252625933e+00
6.985992996498248786e+00
6.968484242121061101e+00
6.933466733366683066e+00
6.863431715857929660e+00
6.723361680840420185e+00
6.478239119559780157e+00
6.180590295147573521e+00
5.987993996998500101e+00
5.952976488244122066e+00
5.865432716358179199e+00
5.795397698849424906e+00
5.777888944472236332e+00
5.777888944472236332e+00
5.795397698849424906e+00
5.865432716358179199e+00
5.917958979489744920e+00
6.005502751375686898e+00
6.093046523261631542e+00
6.180590295147573521e+00
6.250625312656327814e+00
6.285642821410704961e+00
6.285642821410704961e+00
6.268134067033517276e+00
6.250625312656327814e+00
6.198099049524762094e+00
6.163081540770386724e+00
6.110555277638820115e+00
6.023011505752876360e+00
5.917958979489744920e+00
5.882941470735366885e+00
5.865432716358179199e+00
5.900450225112556346e+00
5.900450225112556346e+00
5.935467733866934381e+00
5.970485242621311528e+00
5.970485242621311528e+00
5.987993996998500101e+00
6.023011505752876360e+00
6.075537768884442080e+00
6.110555277638820115e+00
6.128064032016007801e+00
6.163081540770386724e+00
6.198099049524762094e+00
6.215607803901951556e+00
6.250625312656327814e+00
6.268134067033517276e+00
6.285642821410704961e+00
6.268134067033517276e+00
6.268134067033517276e+00
6.250625312656327814e+00
6.180590295147573521e+00
6.110555277638820115e+00
6.058029014507253507e+00
5.987993996998500101e+00
5.917958979489744920e+00
5.865432716358179199e+00
5.812906453226614367e+00
5.760380190095048647e+00
5.707853926963481150e+00
5.690345172586293465e+00
5.690345172586293465e+00
5.725362681340669724e+00
5.830415207603802052e+00
5.952976488244122066e+00
6.093046523261631542e+00
6.215607803901951556e+00
6.303151575787894423e+00
6.443221610805403010e+00
6.583291645822910709e+00
6.653326663331665891e+00
6.705852926463230723e+00
6.723361680840420185e+00
6.740870435217609646e+00
6.740870435217609646e+00
6.740870435217609646e+00
6.740870435217609646e+00
6.758379189594797332e+00
6.775887943971985905e+00
6.793396698349175367e+00
6.828414207103552513e+00
6.880940470235117346e+00
6.933466733366683066e+00
7.003501750875438248e+00
7.073536768384192541e+00
7.143571785892947723e+00
7.196098049024512555e+00
7.248624312156078275e+00
7.248624312156078275e+00
7.213606803401700240e+00
7.248624312156078275e+00
7.266133066533266849e+00
7.301150575287643996e+00
7.318659329664833457e+00
7.318659329664833457e+00
7.318659329664833457e+00
7.301150575287643996e+00
7.248624312156078275e+00
7.231115557778888814e+00
7.213606803401700240e+00
7.231115557778888814e+00
7.196098049024512555e+00
7.161080540270135408e+00
7.091045522761381115e+00
6.968484242121061101e+00
6.775887943971985905e+00
6.565782891445723024e+00
6.338169084542272458e+00
6.180590295147573521e+00
6.145572786393197262e+00
6.075537768884442080e+00
6.058029014507253507e+00
6.058029014507253507e+00
6.110555277638820115e+00
6.163081540770386724e+00
6.233116558279139241e+00
6.303151575787894423e+00
6.355677838919459255e+00
6.408204102051024975e+00
6.443221610805403010e+00
6.478239119559780157e+00
6.495747873936969619e+00
6.478239119559780157e+00
6.460730365182591584e+00
6.425712856428214437e+00
6.390695347673837290e+00
6.355677838919459255e+00
6.303151575787894423e+00
6.215607803901951556e+00
6.093046523261631542e+00
6.058029014507253507e+00
6.058029014507253507e+00
6.093046523261631542e+00
6.110555277638820115e+00
6.128064032016007801e+00
6.180590295147573521e+00
6.198099049524762094e+00
6.233116558279139241e+00
6.285642821410704961e+00
6.320660330165082996e+00
6.355677838919459255e+00
6.390695347673837290e+00
6.425712856428214437e+00
6.443221610805403010e+00
6.460730365182591584e+00
6.460730365182591584e+00
6.460730365182591584e+00
6.443221610805403010e+00
6.425712856428214437e+00
6.425712856428214437e+00
6.390695347673837290e+00
6.320660330165082996e+00
6.250625312656327814e+00
6.180590295147573521e+00
6.110555277638820115e+00
6.040520260130064933e+00
5.987993996998500101e+00
5.952976488244122066e+00
5.935467733866934381e+00
5.970485242621311528e+00
6.058029014507253507e+00
6.163081540770386724e+00
6.268134067033517276e+00
6.355677838919459255e+00
6.425712856428214437e+00
6.495747873936969619e+00
6.548274137068534451e+00
6.600800400200100171e+00
6.653326663331665891e+00
6.705852926463230723e+00
6.740870435217609646e+00
6.758379189594797332e+00
6.775887943971985905e+00
6.793396698349175367e+00
6.810905452726363052e+00
6.828414207103552513e+00
6.845922961480741087e+00
6.863431715857929660e+00
6.915957978989495381e+00
6.968484242121061101e+00
7.038519259629814506e+00
7.108554277138568800e+00
7.161080540270135408e+00
7.231115557778888814e+00
7.283641820910455422e+00
7.336168084042021142e+00
7.371185592796398289e+00
7.406203101550775436e+00
7.406203101550775436e+00
7.388694347173585975e+00
7.423711855927964010e+00
7.441220610305153471e+00
7.406203101550775436e+00
7.371185592796398289e+00
7.318659329664833457e+00
7.301150575287643996e+00
7.318659329664833457e+00
7.301150575287643996e+00
7.283641820910455422e+00
7.196098049024512555e+00
7.038519259629814506e+00
6.863431715857929660e+00
6.705852926463230723e+00
6.565782891445723024e+00
6.460730365182591584e+00
6.338169084542272458e+00
6.198099049524762094e+00
6.110555277638820115e+00
6.163081540770386724e+00
6.285642821410704961e+00
6.338169084542272458e+00
6.390695347673837290e+00
6.443221610805403010e+00
6.495747873936969619e+00
6.530765382691344989e+00
6.565782891445723024e+00
6.583291645822910709e+00
6.600800400200100171e+00
6.618309154577289632e+00
6.618309154577289632e+00
6.618309154577289632e+00
6.600800400200100171e+00
6.583291645822910709e+00
6.548274137068534451e+00
6.513256628314157304e+00
6.495747873936969619e+00
6.478239119559780157e+00
6.478239119559780157e+00
6.390695347673837290e+00
6.268134067033517276e+00
6.285642821410704961e+00
6.320660330165082996e+00
6.373186593296647828e+00
6.408204102051024975e+00
6.425712856428214437e+00
6.460730365182591584e+00
6.513256628314157304e+00
6.548274137068534451e+00
6.583291645822910709e+00
6.583291645822910709e+00
6.600800400200100171e+00
6.600800400200100171e+00
6.583291645822910709e+00
6.565782891445723024e+00
6.548274137068534451e+00
6.513256628314157304e+00
6.478239119559780157e+00
6.425712856428214437e+00
6.425712856428214437e+00
6.460730365182591584e+00
6.425712856428214437e+00
6.355677838919459255e+00
6.355677838919459255e+00
6.373186593296647828e+00
6.443221610805403010e+00
6.513256628314157304e+00
6.565782891445723024e+00
6.600800400200100171e+00
6.635817908954477318e+00
6.688344172086043038e+00
6.723361680840420185e+00
6.775887943971985905e+00
6.828414207103552513e+00
6.863431715857929660e+00
6.898449224612305919e+00
6.950975487743872527e+00
6.985992996498248786e+00
7.038519259629814506e+00
7.056028014007003080e+00
7.056028014007003080e+00
7.091045522761381115e+00
7.126063031515758261e+00
7.161080540270135408e+00
7.231115557778888814e+00
7.283641820910455422e+00
7.336168084042021142e+00
7.371185592796398289e+00
7.406203101550775436e+00
7.441220610305153471e+00
7.476238119059530618e+00
7.511255627813906877e+00
7.528764382191095450e+00
7.563781890945471709e+00
7.581290645322661170e+00
7.598799399699850632e+00
7.581290645322661170e+00
7.563781890945471709e+00
7.528764382191095450e+00
7.563781890945471709e+00
7.581290645322661170e+00
7.546273136568284023e+00
7.493746873436719191e+00
7.441220610305153471e+00
7.283641820910455422e+00
7.108554277138568800e+00
6.968484242121061101e+00
6.863431715857929660e+00
6.793396698349175367e+00
6.758379189594797332e+00
6.723361680840420185e+00
6.670835417708855353e+00
6.600800400200100171e+00
6.530765382691344989e+00
6.495747873936969619e+00
6.513256628314157304e+00
6.530765382691344989e+00
6.565782891445723024e+00
6.583291645822910709e+00
6.618309154577289632e+00
6.670835417708855353e+00
6.670835417708855353e+00
6.688344172086043038e+00
6.705852926463230723e+00
6.723361680840420185e+00
6.723361680840420185e+00
6.723361680840420185e+00
6.705852926463230723e+00
6.688344172086043038e+00
6.653326663331665891e+00
6.635817908954477318e+00
6.600800400200100171e+00
6.583291645822910709e+00
6.583291645822910709e+00
6.600800400200100171e+00
6.635817908954477318e+00
6.688344172086043038e+00
6.723361680840420185e+00
6.775887943971985905e+00
6.723361680840420185e+00
6.653326663331665891e+00
6.670835417708855353e+00
6.705852926463230723e+00
6.705852926463230723e+00
6.705852926463230723e+00
6.688344172086043038e+00
6.670835417708855353e+00
6.670835417708855353e+00
6.653326663331665891e+00
6.618309154577289632e+00
6.583291645822910709e+00
6.548274137068534451e+00
6.495747873936969619e+00
6.443221610805403010e+00
6.425712856428214437e+00
6.443221610805403010e+00
6.513256628314157304e+00
6.565782891445723024e+00
6.618309154577289632e+00
6.740870435217609646e+00
6.845922961480741087e+00
6.863431715857929660e+00
6.845922961480741087e+00
6.863431715857929660e+00
6.898449224612305919e+00
6.933466733366683066e+00
6.985992996498248786e+00
7.056028014007003080e+00
7.108554277138568800e+00
7.196098049024512555e+00
7.266133066533266849e+00
7.353676838419210604e+00
7.423711855927964010e+00
7.493746873436719191e+00
7.581290645322661170e+00
7.633816908454226891e+00
7.668834417208604926e+00
7.703851925962981184e+00
7.721360680340170646e+00
7.703851925962981184e+00
7.668834417208604926e+00
7.686343171585793499e+00
7.703851925962981184e+00
7.721360680340170646e+00
7.756378189094546904e+00
7.773886943471736366e+00
7.773886943471736366e+00
7.756378189094546904e+00
7.721360680340170646e+00
7.721360680340170646e+00
7.738869434717358331e+00
7.721360680340170646e+00
7.668834417208604926e+00
7.581290645322661170e+00
7.406203101550775436e+00
7.231115557778888814e+00
7.108554277138568800e+00
7.021010505252625933e+00
6.968484242121061101e+00
7.038519259629814506e+00
7.143571785892947723e+00
7.178589294647323982e+00
7.213606803401700240e+00
7.213606803401700240e+00
7.161080540270135408e+00
7.091045522761381115e+00
6.985992996498248786e+00
6.915957978989495381e+00
6.880940470235117346e+00
6.863431715857929660e+00
6.863431715857929660e+00
6.845922961480741087e+00
6.863431715857929660e+00
6.863431715857929660e+00
6.880940470235117346e+00
6.898449224612305919e+00
6.933466733366683066e+00
6.950975487743872527e+00
6.968484242121061101e+00
6.915957978989495381e+00
6.810905452726363052e+00
6.758379189594797332e+00
6.740870435217609646e+00
6.705852926463230723e+00
6.705852926463230723e+00
6.688344172086043038e+00
6.705852926463230723e+00
6.740870435217609646e+00
6.775887943971985905e+00
6.810905452726363052e+00
6.845922961480741087e+00
6.845922961480741087e+00
6.845922961480741087e+00
6.845922961480741087e+00
6.863431715857929660e+00
6.845922961480741087e+00
6.845922961480741087e+00
6.828414207103552513e+00
6.810905452726363052e+00
6.845922961480741087e+00
6.915957978989495381e+00
6.933466733366683066e+00
6.968484242121061101e+00
7.038519259629814506e+00
7.108554277138568800e+00
7.161080540270135408e+00
7.161080540270135408e+00
7.161080540270135408e+00
7.143571785892947723e+00
7.126063031515758261e+00
7.091045522761381115e+00
7.073536768384192541e+00
7.056028014007003080e+00
7.038519259629814506e+00
7.056028014007003080e+00
7.108554277138568800e+00
7.161080540270135408e+00
7.248624312156078275e+00
7.318659329664833457e+00
7.388694347173585975e+00
7.476238119059530618e+00
7.598799399699850632e+00
7.721360680340170646e+00
7.808904452226113513e+00
7.896448224112056380e+00
7.948974487243622100e+00
7.966483241620809785e+00
7.983991995997999247e+00
7.966483241620809785e+00
7.966483241620809785e+00
7.948974487243622100e+00
7.931465732866433527e+00
7.931465732866433527e+00
7.896448224112056380e+00
7.843921960980491548e+00
7.808904452226113513e+00
7.808904452226113513e+00
7.808904452226113513e+00
7.791395697848924051e+00
7.808904452226113513e+00
7.791395697848924051e+00
7.686343171585793499e+00
7.546273136568284023e+00
7.423711855927964010e+00
7.353676838419210604e+00
7.318659329664833457e+00
7.336168084042021142e+00
7.353676838419210604e+00
7.406203101550775436e+00
7.441220610305153471e+00
7.493746873436719191e+00
7.511255627813906877e+00
7.528764382191095450e+00
7.493746873436719191e+00
7.388694347173585975e+00
7.266133066533266849e+00
7.126063031515758261e+00
7.038519259629814506e+00
6.985992996498248786e+00
6.985992996498248786e+00
7.003501750875438248e+00
7.021010505252625933e+00
7.038519259629814506e+00
7.073536768384192541e+00
7.108554277138568800e+00
7.143571785892947723e+00
7.178589294647323982e+00
7.178589294647323982e+00
7.196098049024512555e+00
7.196098049024512555e+00
7.178589294647323982e+00
7.143571785892947723e+00
7.126063031515758261e+00
7.108554277138568800e+00
7.091045522761381115e+00
7.091045522761381115e+00
7.091045522761381115e+00
7.126063031515758261e+00
7.108554277138568800e+00
7.073536768384192541e+00
7.021010505252625933e+00
7.003501750875438248e+00
7.003501750875438248e+00
7.003501750875438248e+00
6.985992996498248786e+00
6.968484242121061101e+00
6.968484242121061101e+00
6.985992996498248786e+00
7.038519259629814506e+00
7.126063031515758261e+00
7.231115557778888814e+00
7.301150575287643996e+00
7.318659329664833457e+00
7.301150575287643996e+00
7.283641820910455422e+00
7.248624312156078275e+00
7.213606803401700240e+00
7.178589294647323982e+00
7.143571785892947723e+00
7.161080540270135408e+00
7.196098049024512555e+00
7.196098049024512555e+00
7.213606803401700240e+00
7.283641820910455422e+00
7.353676838419210604e+00
7.441220610305153471e+00
7.546273136568284023e+00
7.668834417208604926e+00
7.791395697848924051e+00
7.896448224112056380e+00
7.983991995997999247e+00
8.054027013506752652e+00
8.106553276638319261e+00
8.141570785392696408e+00
8.141570785392696408e+00
8.141570785392696408e+00
8.124062031015508722e+00
8.106553276638319261e+00
8.054027013506752652e+00
8.036518259129564967e+00
8.019009504752377282e+00
8.036518259129564967e+00
8.036518259129564967e+00
8.019009504752377282e+00
7.983991995997999247e+00
7.878939469734866918e+00
7.703851925962981184e+00
7.563781890945471709e+00
7.458729364682341156e+00
7.423711855927964010e+00
7.388694347173585975e+00
7.406203101550775436e+00
7.441220610305153471e+00
7.528764382191095450e+00
7.598799399699850632e+00
7.651325662831416352e+00
7.703851925962981184e+00
7.738869434717358331e+00
7.738869434717358331e+00
7.738869434717358331e+00
7.703851925962981184e+00
7.616308154077039205e+00
7.493746873436719191e+00
7.353676838419210604e+00
7.266133066533266849e+00
7.231115557778888814e+00
7.213606803401700240e+00
7.231115557778888814e+00
7.248624312156078275e+00
7.301150575287643996e+00
7.336168084042021142e+00
7.371185592796398289e+00
7.406203101550775436e+00
7.458729364682341156e+00
7.476238119059530618e+00
7.476238119059530618e+00
7.476238119059530618e+00
7.458729364682341156e+00
7.423711855927964010e+00
7.318659329664833457e+00
7.231115557778888814e+00
7.196098049024512555e+00
7.178589294647323982e+00
7.196098049024512555e+00
7.178589294647323982e+00
7.178589294647323982e+00
7.161080540270135408e+00
7.143571785892947723e+00
7.143571785892947723e+00
7.143571785892947723e+00
7.126063031515758261e+00
7.143571785892947723e+00
7.213606803401700240e+00
7.336168084042021142e+00
7.458729364682341156e+00
7.528764382191095450e+00
7.581290645322661170e+00
7.616308154077039205e+00
7.616308154077039205e+00
7.616308154077039205e+00
7.616308154077039205e+00
7.581290645322661170e+00
7.528764382191095450e+00
7.493746873436719191e+00
7.441220610305153471e+00
7.423711855927964010e+00
7.406203101550775436e+00
7.406203101550775436e+00
7.458729364682341156e+00
7.546273136568284023e+00
7.651325662831416352e+00
7.773886943471736366e+00
7.878939469734866918e+00
7.983991995997999247e+00
8.071535767883942114e+00
8.159079539769885869e+00
8.211605802901450701e+00
8.246623311655827848e+00
8.264132066033015533e+00
8.334167083541771603e+00
8.404202101050525897e+00
8.334167083541771603e+00
8.264132066033015533e+00
8.211605802901450701e+00
8.194097048524263016e+00
8.176588294147073555e+00
8.141570785392696408e+00
8.089044522261129799e+00
7.948974487243622100e+00
7.808904452226113513e+00
7.668834417208604926e+00
7.598799399699850632e+00
7.563781890945471709e+00
7.563781890945471709e+00
7.581290645322661170e+00
7.633816908454226891e+00
7.703851925962981184e+00
7.791395697848924051e+00
7.861430715357679233e+00
7.913956978489244065e+00
7.948974487243622100e+00
7.931465732866433527e+00
7.931465732866433527e+00
7.913956978489244065e+00
7.878939469734866918e+00
7.808904452226113513e+00
7.686343171585793499e+00
7.563781890945471709e+00
7.458729364682341156e+00
7.423711855927964010e+00
7.406203101550775436e+00
7.423711855927964010e+00
7.458729364682341156e+00
7.476238119059530618e+00
7.511255627813906877e+00
7.563781890945471709e+00
7.616308154077039205e+00
7.651325662831416352e+00
7.668834417208604926e+00
7.651325662831416352e+00
7.616308154077039205e+00
7.581290645322661170e+00
7.528764382191095450e+00
7.476238119059530618e+00
7.423711855927964010e+00
7.371185592796398289e+00
7.336168084042021142e+00
7.318659329664833457e+00
7.301150575287643996e+00
7.301150575287643996e+00
7.283641820910455422e+00
7.266133066533266849e+00
7.266133066533266849e+00
7.283641820910455422e+00
7.353676838419210604e+00
7.476238119059530618e+00
7.616308154077039205e+00
7.703851925962981184e+00
7.773886943471736366e+00
7.826413206603302086e+00
7.861430715357679233e+00
7.861430715357679233e+00
7.843921960980491548e+00
7.808904452226113513e+00
7.756378189094546904e+00
7.721360680340170646e+00
7.686343171585793499e+00
7.651325662831416352e+00
7.616308154077039205e+00
7.598799399699850632e+00
7.598799399699850632e+00
7.651325662831416352e+00
7.721360680340170646e+00
7.808904452226113513e+00
7.913956978489244065e+00
8.019009504752377282e+00
8.106553276638319261e+00
8.176588294147073555e+00
8.246623311655827848e+00
8.351675837918961065e+00
8.491745872936467876e+00
8.526763381690846799e+00
8.509254627313657338e+00
8.439219609804903044e+00
8.369184592296148750e+00
8.334167083541771603e+00
8.299149574787394457e+00
8.246623311655827848e+00
8.194097048524263016e+00
8.089044522261129799e+00
7.931465732866433527e+00
7.791395697848924051e+00
7.703851925962981184e+00
7.686343171585793499e+00
7.686343171585793499e+00
7.703851925962981184e+00
7.773886943471736366e+00
7.861430715357679233e+00
7.931465732866433527e+00
8.019009504752377282e+00
8.054027013506752652e+00
8.089044522261129799e+00
8.089044522261129799e+00
8.071535767883942114e+00
8.071535767883942114e+00
8.054027013506752652e+00
8.019009504752377282e+00
7.983991995997999247e+00
7.913956978489244065e+00
7.791395697848924051e+00
7.686343171585793499e+00
7.598799399699850632e+00
7.563781890945471709e+00
7.581290645322661170e+00
7.581290645322661170e+00
7.616308154077039205e+00
7.668834417208604926e+00
7.703851925962981184e+00
7.738869434717358331e+00
7.756378189094546904e+00
7.773886943471736366e+00
7.791395697848924051e+00
7.791395697848924051e+00
7.756378189094546904e+00
7.703851925962981184e+00
7.633816908454226891e+00
7.563781890945471709e+00
7.511255627813906877e+00
7.458729364682341156e+00
7.441220610305153471e+00
7.423711855927964010e+00
7.406203101550775436e+00
7.406203101550775436e+00
7.406203101550775436e+00
7.441220610305153471e+00
7.546273136568284023e+00
7.686343171585793499e+00
7.791395697848924051e+00
7.878939469734866918e+00
7.931465732866433527e+00
7.966483241620809785e+00
7.983991995997999247e+00
7.983991995997999247e+00
7.983991995997999247e+00
7.966483241620809785e+00
7.931465732866433527e+00
7.896448224112056380e+00
7.861430715357679233e+00
7.826413206603302086e+00
7.808904452226113513e+00
7.791395697848924051e+00
7.791395697848924051e+00
7.826413206603302086e+00
7.861430715357679233e+00
7.931465732866433527e+00
8.036518259129564967e+00
8.124062031015508722e+00
8.211605802901450701e+00
8.281640820410204995e+00
8.404202101050525897e+00
8.561780890445222170e+00
8.649324662331165925e+00
8.666833416708353610e+00
8.649324662331165925e+00
8.596798399199601093e+00
8.561780890445222170e+00
8.526763381690846799e+00
8.456728364182090729e+00
8.369184592296148750e+00
8.194097048524263016e+00
8.019009504752377282e+00
7.878939469734866918e+00
7.791395697848924051e+00
7.773886943471736366e+00
7.791395697848924051e+00
7.843921960980491548e+00
7.913956978489244065e+00
8.019009504752377282e+00
8.106553276638319261e+00
8.176588294147073555e+00
8.194097048524263016e+00
8.211605802901450701e+00
8.211605802901450701e+00
8.211605802901450701e+00
8.194097048524263016e+00
8.176588294147073555e+00
8.159079539769885869e+00
8.141570785392696408e+00
8.124062031015508722e+00
8.071535767883942114e+00
7.983991995997999247e+00
7.878939469734866918e+00
7.791395697848924051e+00
7.738869434717358331e+00
7.738869434717358331e+00
7.756378189094546904e+00
7.791395697848924051e+00
7.826413206603302086e+00
7.861430715357679233e+00
7.896448224112056380e+00
7.948974487243622100e+00
7.966483241620809785e+00
7.983991995997999247e+00
7.966483241620809785e+00
7.913956978489244065e+00
7.861430715357679233e+00
7.773886943471736366e+00
7.703851925962981184e+00
7.651325662831416352e+00
7.598799399699850632e+00
7.563781890945471709e+00
7.546273136568284023e+00
7.546273136568284023e+00
7.616308154077039205e+00
7.703851925962981184e+00
7.843921960980491548e+00
7.966483241620809785e+00
8.036518259129564967e+00
8.089044522261129799e+00
8.106553276638319261e+00
8.124062031015508722e+00
8.124062031015508722e+00
8.124062031015508722e+00
8.124062031015508722e+00
8.124062031015508722e+00
8.106553276638319261e+00
8.071535767883942114e+00
8.054027013506752652e+00
8.019009504752377282e+00
8.001500750375187820e+00
7.983991995997999247e+00
8.001500750375187820e+00
8.019009504752377282e+00
8.054027013506752652e+00
8.106553276638319261e+00
8.176588294147073555e+00
8.246623311655827848e+00
8.316658329164582142e+00
8.386693346673336436e+00
8.526763381690846799e+00
8.684342171085543072e+00
8.719359679839918442e+00
8.719359679839918442e+00
8.719359679839918442e+00
8.719359679839918442e+00
8.666833416708353610e+00
8.579289644822411631e+00
8.404202101050525897e+00
8.194097048524263016e+00
8.036518259129564967e+00
7.931465732866433527e+00
7.913956978489244065e+00
7.931465732866433527e+00
7.966483241620809785e+00
8.054027013506752652e+00
8.159079539769885869e+00
8.246623311655827848e+00
8.334167083541771603e+00
8.386693346673336436e+00
8.386693346673336436e+00
8.351675837918961065e+00
8.351675837918961065e+00
8.351675837918961065e+00
8.334167083541771603e+00
8.334167083541771603e+00
8.316658329164582142e+00
8.316658329164582142e+00
8.299149574787394457e+00
8.299149574787394457e+00
8.246623311655827848e+00
8.159079539769885869e+00
8.036518259129564967e+00
7.966483241620809785e+00
7.966483241620809785e+00
7.966483241620809785e+00
7.983991995997999247e+00
8.019009504752377282e+00
8.054027013506752652e+00
8.089044522261129799e+00
8.124062031015508722e+00
8.159079539769885869e+00
8.159079539769885869e+00
8.141570785392696408e+00
8.089044522261129799e+00
8.036518259129564967e+00
7.948974487243622100e+00
7.878939469734866918e+00
7.791395697848924051e+00
7.738869434717358331e+00
7.703851925962981184e+00
7.738869434717358331e+00
7.843921960980491548e+00
8.001500750375187820e+00
8.124062031015508722e+00
8.194097048524263016e+00
8.246623311655827848e+00
8.299149574787394457e+00
8.316658329164582142e+00
8.316658329164582142e+00
8.299149574787394457e+00
8.281640820410204995e+00
8.281640820410204995e+00
8.299149574787394457e+00
8.299149574787394457e+00
8.299149574787394457e+00
8.281640820410204995e+00
8.264132066033015533e+00
8.264132066033015533e+00
8.264132066033015533e+00
8.264132066033015533e+00
8.264132066033015533e+00
8.264132066033015533e+00
8.281640820410204995e+00
8.316658329164582142e+00
8.369184592296148750e+00
8.439219609804903044e+00
8.491745872936467876e+00
8.526763381690846799e+00
8.579289644822411631e+00
8.719359679839918442e+00
8.824412206103051659e+00
8.859429714857428806e+00
8.806903451725863974e+00
8.701850925462732533e+00
8.491745872936467876e+00
8.281640820410204995e+00
8.141570785392696408e+00
8.071535767883942114e+00
8.036518259129564967e+00
8.071535767883942114e+00
8.141570785392696408e+00
8.264132066033015533e+00
8.351675837918961065e+00
8.456728364182090729e+00
8.526763381690846799e+00
8.561780890445222170e+00
8.579289644822411631e+00
8.579289644822411631e+00
8.561780890445222170e+00
8.509254627313657338e+00
8.491745872936467876e+00
8.491745872936467876e+00
8.491745872936467876e+00
8.491745872936467876e+00
8.509254627313657338e+00
8.509254627313657338e+00
8.509254627313657338e+00
8.474237118559280191e+00
8.386693346673336436e+00
8.299149574787394457e+00
8.229114557278638387e+00
8.194097048524263016e+00
8.211605802901450701e+00
8.229114557278638387e+00
8.246623311655827848e+00
8.264132066033015533e+00
8.281640820410204995e+00
8.299149574787394457e+00
8.299149574787394457e+00
8.316658329164582142e+00
8.316658329164582142e+00
8.264132066033015533e+00
8.194097048524263016e+00
8.106553276638319261e+00
8.036518259129564967e+00
8.001500750375187820e+00
8.036518259129564967e+00
8.141570785392696408e+00
8.281640820410204995e+00
8.369184592296148750e+00
8.421710855427713582e+00
8.456728364182090729e+00
8.474237118559280191e+00
8.509254627313657338e+00
8.509254627313657338e+00
8.526763381690846799e+00
8.526763381690846799e+00
8.544272136068034484e+00
8.561780890445222170e+00
8.509254627313657338e+00
8.491745872936467876e+00
8.509254627313657338e+00
8.509254627313657338e+00
8.526763381690846799e+00
8.526763381690846799e+00
8.526763381690846799e+00
8.526763381690846799e+00
8.509254627313657338e+00
8.509254627313657338e+00
8.509254627313657338e+00
8.526763381690846799e+00
8.561780890445222170e+00
8.614307153576788778e+00
8.649324662331165925e+00
8.684342171085543072e+00
8.719359679839918442e+00
8.719359679839918442e+00
8.701850925462732533e+00
8.666833416708353610e+00
8.596798399199601093e+00
8.456728364182090729e+00
8.316658329164582142e+00
8.246623311655827848e+00
8.229114557278638387e+00
8.246623311655827848e+00
8.316658329164582142e+00
8.421710855427713582e+00
8.509254627313657338e+00
8.596798399199601093e+00
8.649324662331165925e+00
8.684342171085543072e+00
8.701850925462732533e+00
8.719359679839918442e+00
8.719359679839918442e+00
8.701850925462732533e+00
8.701850925462732533e+00
8.701850925462732533e+00
8.701850925462732533e+00
8.719359679839918442e+00
8.684342171085543072e+00
8.666833416708353610e+00
8.666833416708353610e+00
8.666833416708353610e+00
8.666833416708353610e+00
8.614307153576788778e+00
8.509254627313657338e+00
8.421710855427713582e+00
8.369184592296148750e+00
8.351675837918961065e+00
8.369184592296148750e+00
8.369184592296148750e+00
8.386693346673336436e+00
8.386693346673336436e+00
8.404202101050525897e+00
8.404202101050525897e+00
8.404202101050525897e+00
8.369184592296148750e+00
8.334167083541771603e+00
8.299149574787394457e+00
8.316658329164582142e+00
8.386693346673336436e+00
8.474237118559280191e+00
8.526763381690846799e+00
8.579289644822411631e+00
8.614307153576788778e+00
8.649324662331165925e+00
8.666833416708353610e+00
8.666833416708353610e+00
8.684342171085543072e+00
8.701850925462732533e+00
8.719359679839918442e+00
8.736868434217107904e+00
8.771885942971486827e+00
8.789394697348674512e+00
8.824412206103051659e+00
8.859429714857428806e+00
8.911955977988993638e+00
8.929464732366183100e+00
8.929464732366183100e+00
8.929464732366183100e+00
8.929464732366183100e+00
8.894447223611805953e+00
8.859429714857428806e+00
8.841920960480241121e+00
8.824412206103051659e+00
8.824412206103051659e+00
8.824412206103051659e+00
8.859429714857428806e+00
8.911955977988993638e+00
8.946973486743372561e+00
8.946973486743372561e+00
8.929464732366183100e+00
8.806903451725863974e+00
8.666833416708353610e+00
8.561780890445222170e+00
8.491745872936467876e+00
8.474237118559280191e+00
8.509254627313657338e+00
8.561780890445222170e+00
8.631815907953976463e+00
8.666833416708353610e+00
8.719359679839918442e+00
8.754377188594297365e+00
8.789394697348674512e+00
8.806903451725863974e+00
8.824412206103051659e+00
8.824412206103051659e+00
8.841920960480241121e+00
8.841920960480241121e+00
8.859429714857428806e+00
8.859429714857428806e+00
8.876938469234618267e+00
8.911955977988993638e+00
8.929464732366183100e+00
8.946973486743372561e+00
8.964482241120560246e+00
8.964482241120560246e+00
8.964482241120560246e+00
8.946973486743372561e+00
8.876938469234618267e+00
8.754377188594297365e+00
8.649324662331165925e+00
8.596798399199601093e+00
8.561780890445222170e+00
8.544272136068034484e+00
8.544272136068034484e+00
8.544272136068034484e+00
8.544272136068034484e+00
8.544272136068034484e+00
8.526763381690846799e+00
8.509254627313657338e+00
8.491745872936467876e+00
8.509254627313657338e+00
8.561780890445222170e+00
8.649324662331165925e+00
8.684342171085543072e+00
8.719359679839918442e+00
8.736868434217107904e+00
8.754377188594297365e+00
8.684342171085543072e+00
8.666833416708353610e+00
8.666833416708353610e+00
8.684342171085543072e+00
8.719359679839918442e+00
8.736868434217107904e+00
8.754377188594297365e+00
8.789394697348674512e+00
8.824412206103051659e+00
8.859429714857428806e+00
8.894447223611805953e+00
8.929464732366183100e+00
8.946973486743372561e+00
8.929464732366183100e+00
8.911955977988993638e+00
8.876938469234618267e+00
8.841920960480241121e+00
8.806903451725863974e+00
8.771885942971486827e+00
8.771885942971486827e+00
8.876938469234618267e+00
8.964482241120560246e+00
9.034517258629314540e+00
9.069534767383691687e+00
9.087043521760879372e+00
8.999499749874939170e+00
8.859429714857428806e+00
8.719359679839918442e+00
8.649324662331165925e+00
8.614307153576788778e+00
8.614307153576788778e+00
8.666833416708353610e+00
8.754377188594297365e+00
8.841920960480241121e+00
8.894447223611805953e+00
8.929464732366183100e+00
8.946973486743372561e+00
8.964482241120560246e+00
8.964482241120560246e+00
8.964482241120560246e+00
8.876938469234618267e+00
8.859429714857428806e+00
8.876938469234618267e+00
8.894447223611805953e+00
8.911955977988993638e+00
8.929464732366183100e+00
8.946973486743372561e+00
8.964482241120560246e+00
8.981990995497749708e+00
8.999499749874939170e+00
9.017008504252126855e+00
9.017008504252126855e+00
8.999499749874939170e+00
8.911955977988993638e+00
8.789394697348674512e+00
8.684342171085543072e+00
8.614307153576788778e+00
8.579289644822411631e+00
8.561780890445222170e+00
8.561780890445222170e+00
8.631815907953976463e+00
8.666833416708353610e+00
8.666833416708353610e+00
8.666833416708353610e+00
8.684342171085543072e+00
8.719359679839918442e+00
8.789394697348674512e+00
8.859429714857428806e+00
8.876938469234618267e+00
8.894447223611805953e+00
8.894447223611805953e+00
8.894447223611805953e+00
8.911955977988993638e+00
8.911955977988993638e+00
8.929464732366183100e+00
8.929464732366183100e+00
8.964482241120560246e+00
8.999499749874939170e+00
9.034517258629314540e+00
9.052026013006504002e+00
8.981990995497749708e+00
8.999499749874939170e+00
9.034517258629314540e+00
9.087043521760879372e+00
9.104552276138068834e+00
9.122061030515258295e+00
9.104552276138068834e+00
9.069534767383691687e+00
9.034517258629314540e+00
8.999499749874939170e+00
8.946973486743372561e+00
8.894447223611805953e+00
8.859429714857428806e+00
8.859429714857428806e+00
8.894447223611805953e+00
8.894447223611805953e+00
8.859429714857428806e+00
8.771885942971486827e+00
8.684342171085543072e+00
8.649324662331165925e+00
8.771885942971486827e+00
8.841920960480241121e+00
8.894447223611805953e+00
8.946973486743372561e+00
8.981990995497749708e+00
9.017008504252126855e+00
9.034517258629314540e+00
9.034517258629314540e+00
9.034517258629314540e+00
9.034517258629314540e+00
9.034517258629314540e+00
9.052026013006504002e+00
9.069534767383691687e+00
9.087043521760879372e+00
9.122061030515258295e+00
9.174587293646824904e+00
9.209604802401202051e+00
9.227113556778389736e+00
9.244622311155577421e+00
9.279639819909954568e+00
9.244622311155577421e+00
9.244622311155577421e+00
9.262131065532766883e+00
9.244622311155577421e+00
9.227113556778389736e+00
9.139569784892445981e+00
9.017008504252126855e+00
8.876938469234618267e+00
8.789394697348674512e+00
8.736868434217107904e+00
8.719359679839918442e+00
8.701850925462732533e+00
8.701850925462732533e+00
8.701850925462732533e+00
8.719359679839918442e+00
8.771885942971486827e+00
8.841920960480241121e+00
8.946973486743372561e+00
8.981990995497749708e+00
8.981990995497749708e+00
8.946973486743372561e+00
8.911955977988993638e+00
8.894447223611805953e+00
8.894447223611805953e+00
8.911955977988993638e+00
8.911955977988993638e+00
8.946973486743372561e+00
8.964482241120560246e+00
8.999499749874939170e+00
9.052026013006504002e+00
9.087043521760879372e+00
9.139569784892445981e+00
9.192096048024012589e+00
9.244622311155577421e+00
9.279639819909954568e+00
9.297148574287144029e+00
9.297148574287144029e+00
9.262131065532766883e+00
9.227113556778389736e+00
9.174587293646824904e+00
9.262131065532766883e+00
9.227113556778389736e+00
9.157078539269635442e+00
9.122061030515258295e+00
9.104552276138068834e+00
9.087043521760879372e+00
9.069534767383691687e+00
8.981990995497749708e+00
8.894447223611805953e+00
8.859429714857428806e+00
8.859429714857428806e+00
8.894447223611805953e+00
8.946973486743372561e+00
9.034517258629314540e+00
9.087043521760879372e+00
9.139569784892445981e+00
9.157078539269635442e+00
9.157078539269635442e+00
9.139569784892445981e+00
9.122061030515258295e+00
9.017008504252126855e+00
8.999499749874939170e+00
8.999499749874939170e+00
9.034517258629314540e+00
9.069534767383691687e+00
9.104552276138068834e+00
9.157078539269635442e+00
9.174587293646824904e+00
9.192096048024012589e+00
9.227113556778389736e+00
9.244622311155577421e+00
9.262131065532766883e+00
9.279639819909954568e+00
9.279639819909954568e+00
9.279639819909954568e+00
9.244622311155577421e+00
9.174587293646824904e+00
9.034517258629314540e+00
8.876938469234618267e+00
8.806903451725863974e+00
8.876938469234618267e+00
8.876938469234618267e+00
8.876938469234618267e+00
8.876938469234618267e+00
8.894447223611805953e+00
8.964482241120560246e+00
9.069534767383691687e+00
9.174587293646824904e+00
9.244622311155577421e+00
9.262131065532766883e+00
9.244622311155577421e+00
9.209604802401202051e+00
9.174587293646824904e+00
9.157078539269635442e+00
9.157078539269635442e+00
9.174587293646824904e+00
9.209604802401202051e+00
9.244622311155577421e+00
9.279639819909954568e+00
9.314657328664331715e+00
9.209604802401202051e+00
9.227113556778389736e+00
9.297148574287144029e+00
9.332166083041521176e+00
9.384692346173087785e+00
9.402201100550275470e+00
9.419709854927463155e+00
9.402201100550275470e+00
9.367183591795898323e+00
9.314657328664331715e+00
9.227113556778389736e+00
9.157078539269635442e+00
9.104552276138068834e+00
9.052026013006504002e+00
9.017008504252126855e+00
8.946973486743372561e+00
8.876938469234618267e+00
8.824412206103051659e+00
8.789394697348674512e+00
8.841920960480241121e+00
9.034517258629314540e+00
9.174587293646824904e+00
9.262131065532766883e+00
9.314657328664331715e+00
9.349674837418710638e+00
9.349674837418710638e+00
9.332166083041521176e+00
9.314657328664331715e+00
9.297148574287144029e+00
9.279639819909954568e+00
9.279639819909954568e+00
9.297148574287144029e+00
9.314657328664331715e+00
9.367183591795898323e+00
9.402201100550275470e+00
9.454727363681842078e+00
9.489744872436217449e+00
9.524762381190596372e+00
9.559779889944971742e+00
9.577288644322161204e+00
9.542271135567784057e+00
9.559779889944971742e+00
9.559779889944971742e+00
9.559779889944971742e+00
9.524762381190596372e+00
9.489744872436217449e+00
9.402201100550275470e+00
9.244622311155577421e+00
9.104552276138068834e+00
8.999499749874939170e+00
8.946973486743372561e+00
8.929464732366183100e+00
8.929464732366183100e+00
8.964482241120560246e+00
9.069534767383691687e+00
9.174587293646824904e+00
9.262131065532766883e+00
9.297148574287144029e+00
9.314657328664331715e+00
9.297148574287144029e+00
9.209604802401202051e+00
9.157078539269635442e+00
9.122061030515258295e+00
9.122061030515258295e+00
9.139569784892445981e+00
9.174587293646824904e+00
9.209604802401202051e+00
9.244622311155577421e+00
9.297148574287144029e+00
9.367183591795898323e+00
9.437218609304652617e+00
9.472236118059029764e+00
9.524762381190596372e+00
9.559779889944971742e+00
9.559779889944971742e+00
9.577288644322161204e+00
9.559779889944971742e+00
9.489744872436217449e+00
9.402201100550275470e+00
9.367183591795898323e+00
9.472236118059029764e+00
9.454727363681842078e+00
9.367183591795898323e+00
9.209604802401202051e+00
9.087043521760879372e+00
9.017008504252126855e+00
9.017008504252126855e+00
9.069534767383691687e+00
9.139569784892445981e+00
9.262131065532766883e+00
9.367183591795898323e+00
9.472236118059029764e+00
9.507253626813406910e+00
9.524762381190596372e+00
9.507253626813406910e+00
9.472236118059029764e+00
9.454727363681842078e+00
9.437218609304652617e+00
9.419709854927463155e+00
9.402201100550275470e+00
9.314657328664331715e+00
9.314657328664331715e+00
9.367183591795898323e+00
9.402201100550275470e+00
9.437218609304652617e+00
9.489744872436217449e+00
9.524762381190596372e+00
9.559779889944971742e+00
9.577288644322161204e+00
9.594797398699348889e+00
9.612306153076538351e+00
9.612306153076538351e+00
9.577288644322161204e+00
9.542271135567784057e+00
9.507253626813406910e+00
9.419709854927463155e+00
9.262131065532766883e+00
9.122061030515258295e+00
9.034517258629314540e+00
9.034517258629314540e+00
9.192096048024012589e+00
9.297148574287144029e+00
9.402201100550275470e+00
9.489744872436217449e+00
9.559779889944971742e+00
9.612306153076538351e+00
9.629814907453727812e+00
9.612306153076538351e+00
9.594797398699348889e+00
9.559779889944971742e+00
9.542271135567784057e+00
9.524762381190596372e+00
9.542271135567784057e+00
9.577288644322161204e+00
9.629814907453727812e+00
9.699849924962482106e+00
9.752376188094046938e+00
9.804902451225613547e+00
9.874937468734367840e+00
9.874937468734367840e+00
9.839919959979990693e+00
9.839919959979990693e+00
9.857428714357180155e+00
9.857428714357180155e+00
9.822411205602801232e+00
9.752376188094046938e+00
9.699849924962482106e+00
9.612306153076538351e+00
9.524762381190596372e+00
9.402201100550275470e+00
9.244622311155577421e+00
9.104552276138068834e+00
9.052026013006504002e+00
9.034517258629314540e+00
9.087043521760879372e+00
9.174587293646824904e+00
9.279639819909954568e+00
9.384692346173087785e+00
9.472236118059029764e+00
9.524762381190596372e+00
9.559779889944971742e+00
9.524762381190596372e+00
9.507253626813406910e+00
9.472236118059029764e+00
9.454727363681842078e+00
9.454727363681842078e+00
9.472236118059029764e+00
9.507253626813406910e+00
9.542271135567784057e+00
9.594797398699348889e+00
9.647323661830915498e+00
9.699849924962482106e+00
9.752376188094046938e+00
9.804902451225613547e+00
9.822411205602801232e+00
9.839919959979990693e+00
9.857428714357180155e+00
9.857428714357180155e+00
9.857428714357180155e+00
9.822411205602801232e+00
9.839919959979990693e+00
9.822411205602801232e+00
9.769884942471234623e+00
9.647323661830915498e+00
9.489744872436217449e+00
9.367183591795898323e+00
9.332166083041521176e+00
9.402201100550275470e+00
9.489744872436217449e+00
9.559779889944971742e+00
9.612306153076538351e+00
9.664832416208104959e+00
9.699849924962482106e+00
9.717358679339669791e+00
9.717358679339669791e+00
9.682341170585292645e+00
9.664832416208104959e+00
9.647323661830915498e+00
9.647323661830915498e+00
9.612306153076538351e+00
9.454727363681842078e+00
9.489744872436217449e+00
9.559779889944971742e+00
9.612306153076538351e+00
9.664832416208104959e+00
9.717358679339669791e+00
9.752376188094046938e+00
9.769884942471234623e+00
9.787393696848424085e+00
9.787393696848424085e+00
9.734867433716857477e+00
9.699849924962482106e+00
9.629814907453727812e+00
9.542271135567784057e+00
9.454727363681842078e+00
9.314657328664331715e+00
9.174587293646824904e+00
9.087043521760879372e+00
9.052026013006504002e+00
9.104552276138068834e+00
9.297148574287144029e+00
9.419709854927463155e+00
9.542271135567784057e+00
9.664832416208104959e+00
9.752376188094046938e+00
9.804902451225613547e+00
9.804902451225613547e+00
9.804902451225613547e+00
9.787393696848424085e+00
9.752376188094046938e+00
9.734867433716857477e+00
9.734867433716857477e+00
9.752376188094046938e+00
9.769884942471234623e+00
9.804902451225613547e+00
9.839919959979990693e+00
9.909954977488744987e+00
9.962481240620309819e+00
9.997498749374686966e+00
1.001500750375187465e+01
9.979989994997497504e+00
9.997498749374686966e+00
9.979989994997497504e+00
9.979989994997497504e+00
9.962481240620309819e+00
9.927463731865932672e+00
9.892446223111555526e+00
9.857428714357180155e+00
9.804902451225613547e+00
9.734867433716857477e+00
9.594797398699348889e+00
9.489744872436217449e+00
9.472236118059029764e+00
9.524762381190596372e+00
9.577288644322161204e+00
9.629814907453727812e+00
9.682341170585292645e+00
9.717358679339669791e+00
9.734867433716857477e+00
9.752376188094046938e+00
9.717358679339669791e+00
9.682341170585292645e+00
9.664832416208104959e+00
9.647323661830915498e+00
9.647323661830915498e+00
9.664832416208104959e+00
9.717358679339669791e+00
9.787393696848424085e+00
9.857428714357180155e+00
9.909954977488744987e+00
9.944972486243122134e+00
9.979989994997497504e+00
1.001500750375187465e+01
1.001500750375187465e+01
1.001500750375187465e+01
9.979989994997497504e+00
9.962481240620309819e+00
9.909954977488744987e+00
9.839919959979990693e+00
9.769884942471234623e+00
9.734867433716857477e+00
9.594797398699348889e+00
9.472236118059029764e+00
9.419709854927463155e+00
9.419709854927463155e+00
9.454727363681842078e+00
9.524762381190596372e+00
9.612306153076538351e+00
9.734867433716857477e+00
9.804902451225613547e+00
9.857428714357180155e+00
9.892446223111555526e+00
9.892446223111555526e+00
9.892446223111555526e+00
9.874937468734367840e+00
9.857428714357180155e+00
9.857428714357180155e+00
9.874937468734367840e+00
9.909954977488744987e+00
9.874937468734367840e+00
9.769884942471234623e+00
9.804902451225613547e+00
9.839919959979990693e+00
9.909954977488744987e+00
9.944972486243122134e+00
9.997498749374686966e+00
1.001500750375187465e+01
1.001500750375187465e+01
9.979989994997497504e+00
9.962481240620309819e+00
9.944972486243122134e+00
9.927463731865932672e+00
9.892446223111555526e+00
9.839919959979990693e+00
9.787393696848424085e+00
9.699849924962482106e+00
9.629814907453727812e+00
9.594797398699348889e+00
9.612306153076538351e+00
9.682341170585292645e+00
9.787393696848424085e+00
9.839919959979990693e+00
9.857428714357180155e+00
9.892446223111555526e+00
9.944972486243122134e+00
9.962481240620309819e+00
9.979989994997497504e+00
9.997498749374686966e+00
9.997498749374686966e+00
1.001500750375187465e+01
1.003251625812906589e+01
1.006753376688344304e+01
1.012006003001500787e+01
1.015507753876938501e+01
1.019009504752376216e+01
1.020760380190094985e+01
1.024262131065532877e+01
1.026013006503251646e+01
1.024262131065532877e+01
1.022511255627814108e+01
1.026013006503251646e+01
1.026013006503251646e+01
1.020760380190094985e+01
1.006753376688344304e+01
9.857428714357180155e+00
9.682341170585292645e+00
9.559779889944971742e+00
9.524762381190596372e+00
9.507253626813406910e+00
9.524762381190596372e+00
9.577288644322161204e+00
9.664832416208104959e+00
9.752376188094046938e+00
9.839919959979990693e+00
9.892446223111555526e+00
9.927463731865932672e+00
9.962481240620309819e+00
9.962481240620309819e+00
9.962481240620309819e+00
9.927463731865932672e+00
9.857428714357180155e+00
9.822411205602801232e+00
9.839919959979990693e+00
9.857428714357180155e+00
9.909954977488744987e+00
9.962481240620309819e+00
1.001500750375187465e+01
1.006753376688344304e+01
1.012006003001500787e+01
1.015507753876938501e+01
1.017258629314657270e+01
1.017258629314657270e+01
1.013756878439219733e+01
1.012006003001500787e+01
1.010255127563782018e+01
1.008504252126063072e+01
1.005002501250625357e+01
1.001500750375187465e+01
9.997498749374686966e+00
1.006753376688344304e+01
1.013756878439219733e+01
1.010255127563782018e+01
1.003251625812906589e+01
1.001500750375187465e+01
1.001500750375187465e+01
1.003251625812906589e+01
1.005002501250625357e+01
1.008504252126063072e+01
1.013756878439219733e+01
1.019009504752376216e+01
1.020760380190094985e+01
1.024262131065532877e+01
1.026013006503251646e+01
1.027763881940970414e+01
1.029514757378689360e+01
1.033016508254127075e+01
1.036518259129564790e+01
1.038269134567283558e+01
1.041770885442721450e+01
1.040020010005002504e+01
1.034767383691846021e+01
1.034767383691846021e+01
1.031265632816408306e+01
1.029514757378689360e+01
1.027763881940970414e+01
1.022511255627814108e+01
1.008504252126063072e+01
9.909954977488744987e+00
9.752376188094046938e+00
9.664832416208104959e+00
9.629814907453727812e+00
9.612306153076538351e+00
9.647323661830915498e+00
9.682341170585292645e+00
9.734867433716857477e+00
9.787393696848424085e+00
9.839919959979990693e+00
9.892446223111555526e+00
9.927463731865932672e+00
9.962481240620309819e+00
9.979989994997497504e+00
9.962481240620309819e+00
9.962481240620309819e+00
9.979989994997497504e+00
9.979989994997497504e+00
9.979989994997497504e+00
1.001500750375187465e+01
1.005002501250625357e+01
1.008504252126063072e+01
1.013756878439219733e+01
1.019009504752376216e+01
1.024262131065532877e+01
1.027763881940970414e+01
1.029514757378689360e+01
1.029514757378689360e+01
1.027763881940970414e+01
1.026013006503251646e+01
1.024262131065532877e+01
1.022511255627814108e+01
1.024262131065532877e+01
1.034767383691846021e+01
1.041770885442721450e+01
1.047023511755878111e+01
1.045272636318159165e+01
1.034767383691846021e+01
1.024262131065532877e+01
1.019009504752376216e+01
1.017258629314657270e+01
1.017258629314657270e+01
1.019009504752376216e+01
1.022511255627814108e+01
1.027763881940970414e+01
1.033016508254127075e+01
1.036518259129564790e+01
1.040020010005002504e+01
1.043521760880440219e+01
1.045272636318159165e+01
1.045272636318159165e+01
1.047023511755878111e+01
1.043521760880440219e+01
1.036518259129564790e+01
1.036518259129564790e+01
1.038269134567283558e+01
1.034767383691846021e+01
1.033016508254127075e+01
1.033016508254127075e+01
1.029514757378689360e+01
1.024262131065532877e+01
1.012006003001500787e+01
9.962481240620309819e+00
9.839919959979990693e+00
9.769884942471234623e+00
9.734867433716857477e+00
9.734867433716857477e+00
9.752376188094046938e+00
9.787393696848424085e+00
9.839919959979990693e+00
9.874937468734367840e+00
9.892446223111555526e+00
9.962481240620309819e+00
1.005002501250625357e+01
1.010255127563782018e+01
1.012006003001500787e+01
1.015507753876938501e+01
1.017258629314657270e+01
1.019009504752376216e+01
1.020760380190094985e+01
1.020760380190094985e+01
1.022511255627814108e+01
1.026013006503251646e+01
1.027763881940970414e+01
1.031265632816408306e+01
1.034767383691846021e+01
1.038269134567283558e+01
1.041770885442721450e+01
1.043521760880440219e+01
1.043521760880440219e+01
1.043521760880440219e+01
1.041770885442721450e+01
1.041770885442721450e+01
1.047023511755878111e+01
1.048774387193596525e+01
1.050525262631315648e+01
1.057528764382191255e+01
1.062781390695347561e+01
1.064532266133066685e+01
1.057528764382191255e+01
1.045272636318159165e+01
1.034767383691846021e+01
1.029514757378689360e+01
1.027763881940970414e+01
1.027763881940970414e+01
1.031265632816408306e+01
1.036518259129564790e+01
1.041770885442721450e+01
1.047023511755878111e+01
1.052276138069034417e+01
1.055777888944472309e+01
1.057528764382191255e+01
1.054027013506753363e+01
1.043521760880440219e+01
1.040020010005002504e+01
1.040020010005002504e+01
1.043521760880440219e+01
1.043521760880440219e+01
1.040020010005002504e+01
1.038269134567283558e+01
1.038269134567283558e+01
1.034767383691846021e+01
1.026013006503251646e+01
1.012006003001500787e+01
9.997498749374686966e+00
9.909954977488744987e+00
9.874937468734367840e+00
9.857428714357180155e+00
9.874937468734367840e+00
9.892446223111555526e+00
9.927463731865932672e+00
9.962481240620309819e+00
1.001500750375187465e+01
1.010255127563782018e+01
1.013756878439219733e+01
1.017258629314657270e+01
1.022511255627814108e+01
1.026013006503251646e+01
1.029514757378689360e+01
1.034767383691846021e+01
1.038269134567283558e+01
1.038269134567283558e+01
1.040020010005002504e+01
1.041770885442721450e+01
1.043521760880440219e+01
1.045272636318159165e+01
1.048774387193596525e+01
1.050525262631315648e+01
1.054027013506753363e+01
1.055777888944472309e+01
1.055777888944472309e+01
1.055777888944472309e+01
1.055777888944472309e+01
1.057528764382191255e+01
1.055777888944472309e+01
1.055777888944472309e+01
1.057528764382191255e+01
1.064532266133066685e+01
1.071535767883942114e+01
1.073286643321660883e+01
1.073286643321660883e+01
1.066283141570785453e+01
1.054027013506753363e+01
1.041770885442721450e+01
1.036518259129564790e+01
1.034767383691846021e+01
1.036518259129564790e+01
1.041770885442721450e+01
1.047023511755878111e+01
1.054027013506753363e+01
1.061030515257628792e+01
1.066283141570785453e+01
1.064532266133066685e+01
1.057528764382191255e+01
1.054027013506753363e+01
1.052276138069034417e+01
1.050525262631315648e+01
1.050525262631315648e+01
1.050525262631315648e+01
1.048774387193596525e+01
1.047023511755878111e+01
1.045272636318159165e+01
1.041770885442721450e+01
1.027763881940970414e+01
1.013756878439219733e+01
1.005002501250625357e+01
1.001500750375187465e+01
9.997498749374686966e+00
9.997498749374686966e+00
1.001500750375187465e+01
1.005002501250625357e+01
1.008504252126063072e+01
1.013756878439219733e+01
1.022511255627814108e+01
1.022511255627814108e+01
1.020760380190094985e+01
1.024262131065532877e+01
1.029514757378689360e+01
1.034767383691846021e+01
1.041770885442721450e+01
1.047023511755878111e+01
1.050525262631315648e+01
1.052276138069034417e+01
1.055777888944472309e+01
1.055777888944472309e+01
1.057528764382191255e+01
1.059279639819910024e+01
1.062781390695347561e+01
1.064532266133066685e+01
1.066283141570785453e+01
1.066283141570785453e+01
1.066283141570785453e+01
1.066283141570785453e+01
1.068034017008504222e+01
1.068034017008504222e+01
1.066283141570785453e+01
1.068034017008504222e+01
1.075037518759379651e+01
1.083791895947973849e+01
1.087293646823411564e+01
1.089044522261130687e+01
1.087293646823411564e+01
1.082041020510255258e+01
1.071535767883942114e+01
1.057528764382191255e+01
1.050525262631315648e+01
1.048774387193596525e+01
1.052276138069034417e+01
1.055777888944472309e+01
1.062781390695347561e+01
1.071535767883942114e+01
1.078539269634817366e+01
1.082041020510255258e+01
1.080290145072536490e+01
1.078539269634817366e+01
1.075037518759379651e+01
1.071535767883942114e+01
1.068034017008504222e+01
1.066283141570785453e+01
1.064532266133066685e+01
1.064532266133066685e+01
1.061030515257628792e+01
1.055777888944472309e+01
1.041770885442721450e+01
1.027763881940970414e+01
1.019009504752376216e+01
1.017258629314657270e+01
1.017258629314657270e+01
1.022511255627814108e+01
1.026013006503251646e+01
1.029514757378689360e+01
1.031265632816408306e+01
1.034767383691846021e+01
1.041770885442721450e+01
1.038269134567283558e+01
1.034767383691846021e+01
1.034767383691846021e+01
1.038269134567283558e+01
1.045272636318159165e+01
1.052276138069034417e+01
1.059279639819910024e+01
1.064532266133066685e+01
1.069784892446223168e+01
1.071535767883942114e+01
1.071535767883942114e+01
1.073286643321660883e+01
1.075037518759379651e+01
1.076788394197098597e+01
1.076788394197098597e+01
1.076788394197098597e+01
1.076788394197098597e+01
1.076788394197098597e+01
1.076788394197098597e+01
1.078539269634817366e+01
1.078539269634817366e+01
1.078539269634817366e+01
1.083791895947973849e+01
1.092546273136568402e+01
1.099549774887443654e+01
1.101300650325162600e+01
1.103051525762881369e+01
1.101300650325162600e+01
1.097798899449724885e+01
1.087293646823411564e+01
1.073286643321660883e+01
1.064532266133066685e+01
1.061030515257628792e+01
1.062781390695347561e+01
1.068034017008504222e+01
1.075037518759379651e+01
1.082041020510255258e+01
1.090795397698849456e+01
1.092546273136568402e+01
1.092546273136568402e+01
1.090795397698849456e+01
1.085542771385692795e+01
1.082041020510255258e+01
1.076788394197098597e+01
1.071535767883942114e+01
1.071535767883942114e+01
1.071535767883942114e+01
1.064532266133066685e+01
1.052276138069034417e+01
1.040020010005002504e+01
1.029514757378689360e+01
1.026013006503251646e+01
1.026013006503251646e+01
1.031265632816408306e+01
1.036518259129564790e+01
1.040020010005002504e+01
1.041770885442721450e+01
1.041770885442721450e+01
1.043521760880440219e+01
1.047023511755878111e+01
1.043521760880440219e+01
1.040020010005002504e+01
1.040020010005002504e+01
1.045272636318159165e+01
1.052276138069034417e+01
1.059279639819910024e+01
1.066283141570785453e+01
1.071535767883942114e+01
1.075037518759379651e+01
1.076788394197098597e+01
1.078539269634817366e+01
1.078539269634817366e+01
1.080290145072536490e+01
1.080290145072536490e+01
1.080290145072536490e+01
1.080290145072536490e+01
1.080290145072536490e+01
1.080290145072536490e+01
1.082041020510255258e+01
1.083791895947973849e+01
1.087293646823411564e+01
1.090795397698849456e+01
1.099549774887443654e+01
1.106553276638319083e+01
1.110055027513756798e+01
1.110055027513756798e+01
1.110055027513756798e+01
1.108304152076038029e+01
1.103051525762881369e+01
1.090795397698849456e+01
1.078539269634817366e+01
1.071535767883942114e+01
1.071535767883942114e+01
1.073286643321660883e+01
1.080290145072536490e+01
1.087293646823411564e+01
1.094297148574287171e+01
1.099549774887443654e+01
1.101300650325162600e+01
1.099549774887443654e+01
1.096048024012006117e+01
1.090795397698849456e+01
1.085542771385692795e+01
1.078539269634817366e+01
1.076788394197098597e+01
1.075037518759379651e+01
1.071535767883942114e+01
1.062781390695347561e+01
1.048774387193596525e+01
1.036518259129564790e+01
1.031265632816408306e+01
1.029514757378689360e+01
1.033016508254127075e+01
1.040020010005002504e+01
1.043521760880440219e+01
1.045272636318159165e+01
1.045272636318159165e+01
1.043521760880440219e+01
1.043521760880440219e+01
1.045272636318159165e+01
1.043521760880440219e+01
1.041770885442721450e+01
1.043521760880440219e+01
1.050525262631315648e+01
1.057528764382191255e+01
1.062781390695347561e+01
1.068034017008504222e+01
1.071535767883942114e+01
1.075037518759379651e+01
1.075037518759379651e+01
1.076788394197098597e+01
1.076788394197098597e+01
1.076788394197098597e+01
1.076788394197098597e+01
1.076788394197098597e+01
1.076788394197098597e+01
1.076788394197098597e+01
1.078539269634817366e+01
1.080290145072536490e+01
1.085542771385692795e+01
1.090795397698849456e+01
1.097798899449724885e+01
1.104802401200600492e+01
1.108304152076038029e+01
1.110055027513756798e+01
1.110055027513756798e+01
1.108304152076038029e+01
1.104802401200600492e+01
1.094297148574287171e+01
1.080290145072536490e+01
1.071535767883942114e+01
1.069784892446223168e+01
1.071535767883942114e+01
1.076788394197098597e+01
1.083791895947973849e+01
1.090795397698849456e+01
1.097798899449724885e+01
1.099549774887443654e+01
1.099549774887443654e+01
1.094297148574287171e+01
1.089044522261130687e+01
1.083791895947973849e+01
1.078539269634817366e+01
1.073286643321660883e+01
1.073286643321660883e+01
1.071535767883942114e+01
1.064532266133066685e+01
1.052276138069034417e+01
1.038269134567283558e+01
1.029514757378689360e+01
1.026013006503251646e+01
1.027763881940970414e+01
1.031265632816408306e+01
1.036518259129564790e+01
1.038269134567283558e+01
1.038269134567283558e+01
1.036518259129564790e+01
1.033016508254127075e+01
1.034767383691846021e+01
1.038269134567283558e+01
1.036518259129564790e+01
1.038269134567283558e+01
1.043521760880440219e+01
1.050525262631315648e+01
1.055777888944472309e+01
1.061030515257628792e+01
1.064532266133066685e+01
1.068034017008504222e+01
1.069784892446223168e+01
1.069784892446223168e+01
1.071535767883942114e+01
1.071535767883942114e+01
1.073286643321660883e+01
1.073286643321660883e+01
1.073286643321660883e+01
1.073286643321660883e+01
1.073286643321660883e+01
1.073286643321660883e+01
1.076788394197098597e+01
1.082041020510255258e+01
1.085542771385692795e+01
1.092546273136568402e+01
1.099549774887443654e+01
1.103051525762881369e+01
1.103051525762881369e+01
1.103051525762881369e+01
1.099549774887443654e+01
1.092546273136568402e+01
1.078539269634817366e+01
1.066283141570785453e+01
1.062781390695347561e+01
1.062781390695347561e+01
1.068034017008504222e+01
1.073286643321660883e+01
1.080290145072536490e+01
1.087293646823411564e+01
1.092546273136568402e+01
1.094297148574287171e+01
1.090795397698849456e+01
1.083791895947973849e+01
1.078539269634817366e+01
1.073286643321660883e+01
1.068034017008504222e+01
1.064532266133066685e+01
1.062781390695347561e+01
1.059279639819910024e+01
1.054027013506753363e+01
1.041770885442721450e+01
1.027763881940970414e+01
1.017258629314657270e+01
1.013756878439219733e+01
1.015507753876938501e+01
1.017258629314657270e+01
1.020760380190094985e+01
1.020760380190094985e+01
1.022511255627814108e+01
1.020760380190094985e+01
1.019009504752376216e+01
1.022511255627814108e+01
1.026013006503251646e+01
1.026013006503251646e+01
1.029514757378689360e+01
1.034767383691846021e+01
1.041770885442721450e+01
1.045272636318159165e+01
1.050525262631315648e+01
1.052276138069034417e+01
1.054027013506753363e+01
1.054027013506753363e+01
1.055777888944472309e+01
1.057528764382191255e+01
1.059279639819910024e+01
1.059279639819910024e+01
1.061030515257628792e+01
1.062781390695347561e+01
1.062781390695347561e+01
1.062781390695347561e+01
1.062781390695347561e+01
1.066283141570785453e+01
1.069784892446223168e+01
1.071535767883942114e+01
1.076788394197098597e+01
1.083791895947973849e+01
1.089044522261130687e+01
1.089044522261130687e+01
1.089044522261130687e+01
1.085542771385692795e+01
1.075037518759379651e+01
1.061030515257628792e+01
1.050525262631315648e+01
1.048774387193596525e+01
1.050525262631315648e+01
1.054027013506753363e+01
1.059279639819910024e+01
1.066283141570785453e+01
1.073286643321660883e+01
1.078539269634817366e+01
1.080290145072536490e+01
1.076788394197098597e+01
1.068034017008504222e+01
1.064532266133066685e+01
1.061030515257628792e+01
1.059279639819910024e+01
1.057528764382191255e+01
1.055777888944472309e+01
1.052276138069034417e+01
1.050525262631315648e+01
1.045272636318159165e+01
1.031265632816408306e+01
1.015507753876938501e+01
1.005002501250625357e+01
1.001500750375187465e+01
9.997498749374686966e+00
1.001500750375187465e+01
1.001500750375187465e+01
1.003251625812906589e+01
1.005002501250625357e+01
1.006753376688344304e+01
1.012006003001500787e+01
1.017258629314657270e+01
1.017258629314657270e+01
1.020760380190094985e+01
1.026013006503251646e+01
1.029514757378689360e+01
1.034767383691846021e+01
1.038269134567283558e+01
1.041770885442721450e+01
1.041770885442721450e+01
1.043521760880440219e+01
1.043521760880440219e+01
1.045272636318159165e+01
1.048774387193596525e+01
1.050525262631315648e+01
1.054027013506753363e+01
1.055777888944472309e+01
1.057528764382191255e+01
1.057528764382191255e+01
1.057528764382191255e+01
1.057528764382191255e+01
1.059279639819910024e+01
1.057528764382191255e+01
1.057528764382191255e+01
1.061030515257628792e+01
1.069784892446223168e+01
1.075037518759379651e+01
1.076788394197098597e+01
1.076788394197098597e+01
1.068034017008504222e+01
1.054027013506753363e+01
1.041770885442721450e+01
1.038269134567283558e+01
1.038269134567283558e+01
1.040020010005002504e+01
1.043521760880440219e+01
1.050525262631315648e+01
1.057528764382191255e+01
1.064532266133066685e+01
1.068034017008504222e+01
1.064532266133066685e+01
1.057528764382191255e+01
1.054027013506753363e+01
1.052276138069034417e+01
1.052276138069034417e+01
1.052276138069034417e+01
1.050525262631315648e+01
1.047023511755878111e+01
1.045272636318159165e+01
1.045272636318159165e+01
1.040020010005002504e+01
1.027763881940970414e+01
1.012006003001500787e+01
9.997498749374686966e+00
9.927463731865932672e+00
9.892446223111555526e+00
9.874937468734367840e+00
9.874937468734367840e+00
9.874937468734367840e+00
9.909954977488744987e+00
1.003251625812906589e+01
1.010255127563782018e+01
1.010255127563782018e+01
1.012006003001500787e+01
1.015507753876938501e+01
1.020760380190094985e+01
1.024262131065532877e+01
1.027763881940970414e+01
1.031265632816408306e+01
1.033016508254127075e+01
1.033016508254127075e+01
1.033016508254127075e+01
1.036518259129564790e+01
1.038269134567283558e+01
1.040020010005002504e+01
1.043521760880440219e+01
1.047023511755878111e+01
1.050525262631315648e+01
1.052276138069034417e+01
1.054027013506753363e+01
1.052276138069034417e+01
1.050525262631315648e+01
1.048774387193596525e+01
1.047023511755878111e+01
1.043521760880440219e+01
1.043521760880440219e+01
1.048774387193596525e+01
1.055777888944472309e+01
1.061030515257628792e+01
1.061030515257628792e+01
1.052276138069034417e+01
1.040020010005002504e+01
1.027763881940970414e+01
1.024262131065532877e+01
1.022511255627814108e+01
1.024262131065532877e+01
1.027763881940970414e+01
1.033016508254127075e+01
1.038269134567283558e+01
1.043521760880440219e+01
1.041770885442721450e+01
1.036518259129564790e+01
1.034767383691846021e+01
1.034767383691846021e+01
1.034767383691846021e+01
1.034767383691846021e+01
1.036518259129564790e+01
1.036518259129564790e+01
1.036518259129564790e+01
1.033016508254127075e+01
1.033016508254127075e+01
1.031265632816408306e+01
1.026013006503251646e+01
1.013756878439219733e+01
9.997498749374686966e+00
9.857428714357180155e+00
9.787393696848424085e+00
9.734867433716857477e+00
9.699849924962482106e+00
9.699849924962482106e+00
9.839919959979990693e+00
9.997498749374686966e+00
1.001500750375187465e+01
1.003251625812906589e+01
1.005002501250625357e+01
1.010255127563782018e+01
1.013756878439219733e+01
1.017258629314657270e+01
1.022511255627814108e+01
1.024262131065532877e+01
1.027763881940970414e+01
1.029514757378689360e+01
1.029514757378689360e+01
1.029514757378689360e+01
1.033016508254127075e+01
1.034767383691846021e+01
1.038269134567283558e+01
1.041770885442721450e+01
1.045272636318159165e+01
1.048774387193596525e+01
1.047023511755878111e+01
1.045272636318159165e+01
1.043521760880440219e+01
1.041770885442721450e+01
1.040020010005002504e+01
1.036518259129564790e+01
1.034767383691846021e+01
1.033016508254127075e+01
1.034767383691846021e+01
1.041770885442721450e+01
1.047023511755878111e+01
1.043521760880440219e+01
1.034767383691846021e+01
1.022511255627814108e+01
1.015507753876938501e+01
1.013756878439219733e+01
1.013756878439219733e+01
1.015507753876938501e+01
1.019009504752376216e+01
1.024262131065532877e+01
1.024262131065532877e+01
1.022511255627814108e+01
1.024262131065532877e+01
1.026013006503251646e+01
1.027763881940970414e+01
1.027763881940970414e+01
1.027763881940970414e+01
1.029514757378689360e+01
1.031265632816408306e+01
1.034767383691846021e+01
1.033016508254127075e+01
1.031265632816408306e+01
1.029514757378689360e+01
1.027763881940970414e+01
1.026013006503251646e+01
1.019009504752376216e+01
1.003251625812906589e+01
9.892446223111555526e+00
9.769884942471234623e+00
9.682341170585292645e+00
9.769884942471234623e+00
9.892446223111555526e+00
9.927463731865932672e+00
9.944972486243122134e+00
9.962481240620309819e+00
9.979989994997497504e+00
1.003251625812906589e+01
1.008504252126063072e+01
1.012006003001500787e+01
1.015507753876938501e+01
1.017258629314657270e+01
1.019009504752376216e+01
1.020760380190094985e+01
1.020760380190094985e+01
1.020760380190094985e+01
1.020760380190094985e+01
1.022511255627814108e+01
1.026013006503251646e+01
1.029514757378689360e+01
1.031265632816408306e+01
1.029514757378689360e+01
1.026013006503251646e+01
1.029514757378689360e+01
1.031265632816408306e+01
1.029514757378689360e+01
1.027763881940970414e+01
1.026013006503251646e+01
1.022511255627814108e+01
1.020760380190094985e+01
1.017258629314657270e+01
1.017258629314657270e+01
1.019009504752376216e+01
1.024262131065532877e+01
1.024262131065532877e+01
1.015507753876938501e+01
1.005002501250625357e+01
1.001500750375187465e+01
9.997498749374686966e+00
9.997498749374686966e+00
1.001500750375187465e+01
1.003251625812906589e+01
1.005002501250625357e+01
1.008504252126063072e+01
1.010255127563782018e+01
1.012006003001500787e+01
1.013756878439219733e+01
1.013756878439219733e+01
1.015507753876938501e+01
1.017258629314657270e+01
1.020760380190094985e+01
1.024262131065532877e+01
1.027763881940970414e+01
1.027763881940970414e+01
1.029514757378689360e+01
1.027763881940970414e+01
1.026013006503251646e+01
1.024262131065532877e+01
1.022511255627814108e+01
1.015507753876938501e+01
1.001500750375187465e+01
9.944972486243122134e+00
9.874937468734367840e+00
9.804902451225613547e+00
9.752376188094046938e+00
9.752376188094046938e+00
9.787393696848424085e+00
9.804902451225613547e+00
9.839919959979990693e+00
9.892446223111555526e+00
9.944972486243122134e+00
9.997498749374686966e+00
1.003251625812906589e+01
1.005002501250625357e+01
1.006753376688344304e+01
1.006753376688344304e+01
1.006753376688344304e+01
1.006753376688344304e+01
1.006753376688344304e+01
1.008504252126063072e+01
1.010255127563782018e+01
1.003251625812906589e+01
9.979989994997497504e+00
1.001500750375187465e+01
1.006753376688344304e+01
1.012006003001500787e+01
1.015507753876938501e+01
1.017258629314657270e+01
1.017258629314657270e+01
1.015507753876938501e+01
1.012006003001500787e+01
1.010255127563782018e+01
1.006753376688344304e+01
1.003251625812906589e+01
1.001500750375187465e+01
9.997498749374686966e+00
1.001500750375187465e+01
9.979989994997497504e+00
9.909954977488744987e+00
9.839919959979990693e+00
9.839919959979990693e+00
9.892446223111555526e+00
9.944972486243122134e+00
9.962481240620309819e+00
9.997498749374686966e+00
1.003251625812906589e+01
1.006753376688344304e+01
1.010255127563782018e+01
1.012006003001500787e+01
1.013756878439219733e+01
1.015507753876938501e+01
1.015507753876938501e+01
1.019009504752376216e+01
1.020760380190094985e+01
1.024262131065532877e+01
1.026013006503251646e+01
1.027763881940970414e+01
1.029514757378689360e+01
1.029514757378689360e+01
1.027763881940970414e+01
1.026013006503251646e+01
1.031265632816408306e+01
1.033016508254127075e+01
1.026013006503251646e+01
1.006753376688344304e+01
9.857428714357180155e+00
9.699849924962482106e+00
9.594797398699348889e+00
9.559779889944971742e+00
9.559779889944971742e+00
9.594797398699348889e+00
9.647323661830915498e+00
9.734867433716857477e+00
9.822411205602801232e+00
9.874937468734367840e+00
9.927463731865932672e+00
9.944972486243122134e+00
9.962481240620309819e+00
9.944972486243122134e+00
9.944972486243122134e+00
9.927463731865932672e+00
9.857428714357180155e+00
9.787393696848424085e+00
9.804902451225613547e+00
9.822411205602801232e+00
9.874937468734367840e+00
9.927463731865932672e+00
9.979989994997497504e+00
1.005002501250625357e+01
1.008504252126063072e+01
1.012006003001500787e+01
1.013756878439219733e+01
1.012006003001500787e+01
1.008504252126063072e+01
1.006753376688344304e+01
1.005002501250625357e+01
1.001500750375187465e+01
9.979989994997497504e+00
9.944972486243122134e+00
9.909954977488744987e+00
9.857428714357180155e+00
9.892446223111555526e+00
9.927463731865932672e+00
9.909954977488744987e+00
9.927463731865932672e+00
9.927463731865932672e+00
9.944972486243122134e+00
9.962481240620309819e+00
9.997498749374686966e+00
1.003251625812906589e+01
1.006753376688344304e+01
1.008504252126063072e+01
1.008504252126063072e+01
1.010255127563782018e+01
1.012006003001500787e+01
1.013756878439219733e+01
1.017258629314657270e+01
1.020760380190094985e+01
1.024262131065532877e+01
1.026013006503251646e+01
1.027763881940970414e+01
1.026013006503251646e+01
1.024262131065532877e+01
1.022511255627814108e+01
1.019009504752376216e+01
1.017258629314657270e+01
1.015507753876938501e+01
1.006753376688344304e+01
9.927463731865932672e+00
9.699849924962482106e+00
9.524762381190596372e+00
9.419709854927463155e+00
9.367183591795898323e+00
9.367183591795898323e+00
9.402201100550275470e+00
9.454727363681842078e+00
9.559779889944971742e+00
9.647323661830915498e+00
9.717358679339669791e+00
9.752376188094046938e+00
9.769884942471234623e+00
9.769884942471234623e+00
9.717358679339669791e+00
9.682341170585292645e+00
9.664832416208104959e+00
9.664832416208104959e+00
9.682341170585292645e+00
9.717358679339669791e+00
9.752376188094046938e+00
9.787393696848424085e+00
9.857428714357180155e+00
9.909954977488744987e+00
9.962481240620309819e+00
1.001500750375187465e+01
1.005002501250625357e+01
1.006753376688344304e+01
1.005002501250625357e+01
1.003251625812906589e+01
9.997498749374686966e+00
9.979989994997497504e+00
9.944972486243122134e+00
9.997498749374686966e+00
1.003251625812906589e+01
9.997498749374686966e+00
9.909954977488744987e+00
9.822411205602801232e+00
9.804902451225613547e+00
9.822411205602801232e+00
9.839919959979990693e+00
9.874937468734367840e+00
9.892446223111555526e+00
9.909954977488744987e+00
9.944972486243122134e+00
9.962481240620309819e+00
9.979989994997497504e+00
9.979989994997497504e+00
9.979989994997497504e+00
9.979989994997497504e+00
9.979989994997497504e+00
1.001500750375187465e+01
1.003251625812906589e+01
9.962481240620309819e+00
9.927463731865932672e+00
9.962481240620309819e+00
9.979989994997497504e+00
1.001500750375187465e+01
1.003251625812906589e+01
1.001500750375187465e+01
9.997498749374686966e+00
9.944972486243122134e+00
9.909954977488744987e+00
9.857428714357180155e+00
9.752376188094046938e+00
9.612306153076538351e+00
9.437218609304652617e+00
9.297148574287144029e+00
9.209604802401202051e+00
9.174587293646824904e+00
9.192096048024012589e+00
9.244622311155577421e+00
9.332166083041521176e+00
9.507253626813406910e+00
9.664832416208104959e+00
9.734867433716857477e+00
9.769884942471234623e+00
9.787393696848424085e+00
9.769884942471234623e+00
9.734867433716857477e+00
9.699849924962482106e+00
9.682341170585292645e+00
9.699849924962482106e+00
9.717358679339669791e+00
9.752376188094046938e+00
9.787393696848424085e+00
9.822411205602801232e+00
9.892446223111555526e+00
9.944972486243122134e+00
9.979989994997497504e+00
1.003251625812906589e+01
1.005002501250625357e+01
1.006753376688344304e+01
1.005002501250625357e+01
1.003251625812906589e+01
9.997498749374686966e+00
9.962481240620309819e+00
9.927463731865932672e+00
9.892446223111555526e+00
9.839919959979990693e+00
9.752376188094046938e+00
9.612306153076538351e+00
9.524762381190596372e+00
9.524762381190596372e+00
9.577288644322161204e+00
9.629814907453727812e+00
9.664832416208104959e+00
9.699849924962482106e+00
9.734867433716857477e+00
9.752376188094046938e+00
9.752376188094046938e+00
9.752376188094046938e+00
9.734867433716857477e+00
9.612306153076538351e+00
9.507253626813406910e+00
9.489744872436217449e+00
9.524762381190596372e+00
9.577288644322161204e+00
9.629814907453727812e+00
9.717358679339669791e+00
9.752376188094046938e+00
9.787393696848424085e+00
9.839919959979990693e+00
9.839919959979990693e+00
9.857428714357180155e+00
9.857428714357180155e+00
9.822411205602801232e+00
9.769884942471234623e+00
9.717358679339669791e+00
9.629814907453727812e+00
9.507253626813406910e+00
9.367183591795898323e+00
9.227113556778389736e+00
9.262131065532766883e+00
9.279639819909954568e+00
9.262131065532766883e+00
9.279639819909954568e+00
9.367183591795898323e+00
9.489744872436217449e+00
9.594797398699348889e+00
9.699849924962482106e+00
9.752376188094046938e+00
9.769884942471234623e+00
9.769884942471234623e+00
9.734867433716857477e+00
9.699849924962482106e+00
9.682341170585292645e+00
9.664832416208104959e+00
9.682341170585292645e+00
9.699849924962482106e+00
9.734867433716857477e+00
9.787393696848424085e+00
9.804902451225613547e+00
9.752376188094046938e+00
9.734867433716857477e+00
9.769884942471234623e+00
9.822411205602801232e+00
9.839919959979990693e+00
9.839919959979990693e+00
9.839919959979990693e+00
9.822411205602801232e+00
9.787393696848424085e+00
9.752376188094046938e+00
9.717358679339669791e+00
9.664832416208104959e+00
9.594797398699348889e+00
9.437218609304652617e+00
9.297148574287144029e+00
9.244622311155577421e+00
9.279639819909954568e+00
9.349674837418710638e+00
9.419709854927463155e+00
9.489744872436217449e+00
9.577288644322161204e+00
9.629814907453727812e+00
9.647323661830915498e+00
9.647323661830915498e+00
9.629814907453727812e+00
9.594797398699348889e+00
9.577288644322161204e+00
9.559779889944971742e+00
9.577288644322161204e+00
9.612306153076538351e+00
9.664832416208104959e+00
9.734867433716857477e+00
9.769884942471234623e+00
9.822411205602801232e+00
9.857428714357180155e+00
9.892446223111555526e+00
9.909954977488744987e+00
9.927463731865932672e+00
9.944972486243122134e+00
9.927463731865932672e+00
9.927463731865932672e+00
9.944972486243122134e+00
9.892446223111555526e+00
9.787393696848424085e+00
9.647323661830915498e+00
9.454727363681842078e+00
9.262131065532766883e+00
9.139569784892445981e+00
9.087043521760879372e+00
9.104552276138068834e+00
9.174587293646824904e+00
9.279639819909954568e+00
9.402201100550275470e+00
9.524762381190596372e+00
9.594797398699348889e+00
9.629814907453727812e+00
9.629814907453727812e+00
9.594797398699348889e+00
9.559779889944971742e+00
9.524762381190596372e+00
9.437218609304652617e+00
9.384692346173087785e+00
9.402201100550275470e+00
9.437218609304652617e+00
9.489744872436217449e+00
9.524762381190596372e+00
9.577288644322161204e+00
9.629814907453727812e+00
9.664832416208104959e+00
9.699849924962482106e+00
9.717358679339669791e+00
9.734867433716857477e+00
9.734867433716857477e+00
9.734867433716857477e+00
9.717358679339669791e+00
9.682341170585292645e+00
9.647323661830915498e+00
9.594797398699348889e+00
9.507253626813406910e+00
9.349674837418710638e+00
9.314657328664331715e+00
9.332166083041521176e+00
9.332166083041521176e+00
9.402201100550275470e+00
9.489744872436217449e+00
9.559779889944971742e+00
9.612306153076538351e+00
9.664832416208104959e+00
9.682341170585292645e+00
9.682341170585292645e+00
9.664832416208104959e+00
9.647323661830915498e+00
9.612306153076538351e+00
9.612306153076538351e+00
9.612306153076538351e+00
9.647323661830915498e+00
9.699849924962482106e+00
9.752376188094046938e+00
9.804902451225613547e+00
9.839919959979990693e+00
9.787393696848424085e+00
9.769884942471234623e+00
9.787393696848424085e+00
9.804902451225613547e+00
9.822411205602801232e+00
9.822411205602801232e+00
9.787393696848424085e+00
9.734867433716857477e+00
9.647323661830915498e+00
9.577288644322161204e+00
9.489744872436217449e+00
9.384692346173087785e+00
9.227113556778389736e+00
9.087043521760879372e+00
8.981990995497749708e+00
8.946973486743372561e+00
8.964482241120560246e+00
9.017008504252126855e+00
9.087043521760879372e+00
9.192096048024012589e+00
9.367183591795898323e+00
9.454727363681842078e+00
9.472236118059029764e+00
9.454727363681842078e+00
9.419709854927463155e+00
9.384692346173087785e+00
9.367183591795898323e+00
9.367183591795898323e+00
9.367183591795898323e+00
9.402201100550275470e+00
9.454727363681842078e+00
9.489744872436217449e+00
9.542271135567784057e+00
9.577288644322161204e+00
9.629814907453727812e+00
9.682341170585292645e+00
9.699849924962482106e+00
9.717358679339669791e+00
9.734867433716857477e+00
9.752376188094046938e+00
9.752376188094046938e+00
9.734867433716857477e+00
9.699849924962482106e+00
9.647323661830915498e+00
9.577288644322161204e+00
9.437218609304652617e+00
9.279639819909954568e+00
9.157078539269635442e+00
9.087043521760879372e+00
9.087043521760879372e+00
9.122061030515258295e+00
9.227113556778389736e+00
9.332166083041521176e+00
9.402201100550275470e+00
9.454727363681842078e+00
9.472236118059029764e+00
9.472236118059029764e+00
9.437218609304652617e+00
9.402201100550275470e+00
9.349674837418710638e+00
9.227113556778389736e+00
9.157078539269635442e+00
9.174587293646824904e+00
9.209604802401202051e+00
9.262131065532766883e+00
9.297148574287144029e+00
9.349674837418710638e+00
9.419709854927463155e+00
9.472236118059029764e+00
9.507253626813406910e+00
9.524762381190596372e+00
9.542271135567784057e+00
9.542271135567784057e+00
9.524762381190596372e+00
9.472236118059029764e+00
9.384692346173087785e+00
9.297148574287144029e+00
9.227113556778389736e+00
9.157078539269635442e+00
9.104552276138068834e+00
9.209604802401202051e+00
9.122061030515258295e+00
9.034517258629314540e+00
8.999499749874939170e+00
9.017008504252126855e+00
9.069534767383691687e+00
9.174587293646824904e+00
9.314657328664331715e+00
9.419709854927463155e+00
9.489744872436217449e+00
9.507253626813406910e+00
9.489744872436217449e+00
9.454727363681842078e+00
9.437218609304652617e+00
9.402201100550275470e+00
9.402201100550275470e+00
9.402201100550275470e+00
9.419709854927463155e+00
9.472236118059029764e+00
9.489744872436217449e+00
9.419709854927463155e+00
9.384692346173087785e+00
9.419709854927463155e+00
9.472236118059029764e+00
9.489744872436217449e+00
9.507253626813406910e+00
9.524762381190596372e+00
9.542271135567784057e+00
9.542271135567784057e+00
9.524762381190596372e+00
9.507253626813406910e+00
9.454727363681842078e+00
9.349674837418710638e+00
9.209604802401202051e+00
9.069534767383691687e+00
8.981990995497749708e+00
8.946973486743372561e+00
8.911955977988993638e+00
8.929464732366183100e+00
8.999499749874939170e+00
9.209604802401202051e+00
9.332166083041521176e+00
9.384692346173087785e+00
9.402201100550275470e+00
9.402201100550275470e+00
9.367183591795898323e+00
9.314657328664331715e+00
9.279639819909954568e+00
9.262131065532766883e+00
9.279639819909954568e+00
9.314657328664331715e+00
9.349674837418710638e+00
9.384692346173087785e+00
9.437218609304652617e+00
9.489744872436217449e+00
9.559779889944971742e+00
9.612306153076538351e+00
9.647323661830915498e+00
9.682341170585292645e+00
9.699849924962482106e+00
9.699849924962482106e+00
9.699849924962482106e+00
9.682341170585292645e+00
9.594797398699348889e+00
9.489744872436217449e+00
9.419709854927463155e+00
9.349674837418710638e+00
9.262131065532766883e+00
9.192096048024012589e+00
9.087043521760879372e+00
8.981990995497749708e+00
8.911955977988993638e+00
8.911955977988993638e+00
8.929464732366183100e+00
8.981990995497749708e+00
9.069534767383691687e+00
9.139569784892445981e+00
9.209604802401202051e+00
9.244622311155577421e+00
9.262131065532766883e+00
9.192096048024012589e+00
9.157078539269635442e+00
9.139569784892445981e+00
9.139569784892445981e+00
9.139569784892445981e+00
9.157078539269635442e+00
9.192096048024012589e+00
9.227113556778389736e+00
9.262131065532766883e+00
9.314657328664331715e+00
9.332166083041521176e+00
9.367183591795898323e+00
9.402201100550275470e+00
9.419709854927463155e+00
9.454727363681842078e+00
9.472236118059029764e+00
9.472236118059029764e+00
9.472236118059029764e+00
9.437218609304652617e+00
9.402201100550275470e+00
9.384692346173087785e+00
9.262131065532766883e+00
9.104552276138068834e+00
9.017008504252126855e+00
8.964482241120560246e+00
8.946973486743372561e+00
8.946973486743372561e+00
8.964482241120560246e+00
9.034517258629314540e+00
9.157078539269635442e+00
9.262131065532766883e+00
9.314657328664331715e+00
9.332166083041521176e+00
9.314657328664331715e+00
9.279639819909954568e+00
9.227113556778389736e+00
9.209604802401202051e+00
9.192096048024012589e+00
9.209604802401202051e+00
9.209604802401202051e+00
9.104552276138068834e+00
9.069534767383691687e+00
9.104552276138068834e+00
9.174587293646824904e+00
9.227113556778389736e+00
9.262131065532766883e+00
9.314657328664331715e+00
9.349674837418710638e+00
9.367183591795898323e+00
9.367183591795898323e+00
9.349674837418710638e+00
9.297148574287144029e+00
9.244622311155577421e+00
9.174587293646824904e+00
9.104552276138068834e+00
9.052026013006504002e+00
9.017008504252126855e+00
8.964482241120560246e+00
8.929464732366183100e+00
8.876938469234618267e+00
8.894447223611805953e+00
8.894447223611805953e+00
8.894447223611805953e+00
8.929464732366183100e+00
8.981990995497749708e+00
9.069534767383691687e+00
9.139569784892445981e+00
9.192096048024012589e+00
9.227113556778389736e+00
9.227113556778389736e+00
9.227113556778389736e+00
9.209604802401202051e+00
9.192096048024012589e+00
9.192096048024012589e+00
9.192096048024012589e+00
9.209604802401202051e+00
9.244622311155577421e+00
9.262131065532766883e+00
9.297148574287144029e+00
9.332166083041521176e+00
9.244622311155577421e+00
9.244622311155577421e+00
9.262131065532766883e+00
9.297148574287144029e+00
9.314657328664331715e+00
9.332166083041521176e+00
9.332166083041521176e+00
9.314657328664331715e+00
9.297148574287144029e+00
9.192096048024012589e+00
9.052026013006504002e+00
8.929464732366183100e+00
8.841920960480241121e+00
8.806903451725863974e+00
8.771885942971486827e+00
8.771885942971486827e+00
8.754377188594297365e+00
8.771885942971486827e+00
8.824412206103051659e+00
8.929464732366183100e+00
9.069534767383691687e+00
9.122061030515258295e+00
9.104552276138068834e+00
9.087043521760879372e+00
9.069534767383691687e+00
9.034517258629314540e+00
9.017008504252126855e+00
9.017008504252126855e+00
9.034517258629314540e+00
9.069534767383691687e+00
9.087043521760879372e+00
9.122061030515258295e+00
9.174587293646824904e+00
9.227113556778389736e+00
9.279639819909954568e+00
9.332166083041521176e+00
9.384692346173087785e+00
9.402201100550275470e+00
9.437218609304652617e+00
9.419709854927463155e+00
9.437218609304652617e+00
9.419709854927463155e+00
9.367183591795898323e+00
9.279639819909954568e+00
9.192096048024012589e+00
9.139569784892445981e+00
9.104552276138068834e+00
9.069534767383691687e+00
9.069534767383691687e+00
9.034517258629314540e+00
8.946973486743372561e+00
8.859429714857428806e+00
8.806903451725863974e+00
8.806903451725863974e+00
8.841920960480241121e+00
8.894447223611805953e+00
8.964482241120560246e+00
9.017008504252126855e+00
9.069534767383691687e+00
9.087043521760879372e+00
9.034517258629314540e+00
8.999499749874939170e+00
8.999499749874939170e+00
9.017008504252126855e+00
9.017008504252126855e+00
9.034517258629314540e+00
9.052026013006504002e+00
9.087043521760879372e+00
9.104552276138068834e+00
9.139569784892445981e+00
9.174587293646824904e+00
9.174587293646824904e+00
9.209604802401202051e+00
9.244622311155577421e+00
9.262131065532766883e+00
9.262131065532766883e+00
9.262131065532766883e+00
9.262131065532766883e+00
9.209604802401202051e+00
9.122061030515258295e+00
9.017008504252126855e+00
8.911955977988993638e+00
8.841920960480241121e+00
8.806903451725863974e+00
8.771885942971486827e+00
8.771885942971486827e+00
8.754377188594297365e+00
8.771885942971486827e+00
8.789394697348674512e+00
8.859429714857428806e+00
8.946973486743372561e+00
9.017008504252126855e+00
9.034517258629314540e+00
9.034517258629314540e+00
9.017008504252126855e+00
8.999499749874939170e+00
8.981990995497749708e+00
8.981990995497749708e+00
8.999499749874939170e+00
8.999499749874939170e+00
8.894447223611805953e+00
8.876938469234618267e+00
8.911955977988993638e+00
8.946973486743372561e+00
8.981990995497749708e+00
9.034517258629314540e+00
9.069534767383691687e+00
9.122061030515258295e+00
9.139569784892445981e+00
9.139569784892445981e+00
9.122061030515258295e+00
9.087043521760879372e+00
9.052026013006504002e+00
9.017008504252126855e+00
8.964482241120560246e+00
8.911955977988993638e+00
8.859429714857428806e+00
8.841920960480241121e+00
8.859429714857428806e+00
8.894447223611805953e+00
9.069534767383691687e+00
9.017008504252126855e+00
8.911955977988993638e+00
8.806903451725863974e+00
8.771885942971486827e+00
8.771885942971486827e+00
8.789394697348674512e+00
8.859429714857428806e+00
8.929464732366183100e+00
8.981990995497749708e+00
9.017008504252126855e+00
9.034517258629314540e+00
9.034517258629314540e+00
9.034517258629314540e+00
9.034517258629314540e+00
9.034517258629314540e+00
9.034517258629314540e+00
9.017008504252126855e+00
9.034517258629314540e+00
9.034517258629314540e+00
9.017008504252126855e+00
8.999499749874939170e+00
8.981990995497749708e+00
8.999499749874939170e+00
9.017008504252126855e+00
9.034517258629314540e+00
9.052026013006504002e+00
9.052026013006504002e+00
9.034517258629314540e+00
8.981990995497749708e+00
8.876938469234618267e+00
8.736868434217107904e+00
8.666833416708353610e+00
8.614307153576788778e+00
8.596798399199601093e+00
8.579289644822411631e+00
8.579289644822411631e+00
8.561780890445222170e+00
8.561780890445222170e+00
8.561780890445222170e+00
8.649324662331165925e+00
8.701850925462732533e+00
8.771885942971486827e+00
8.806903451725863974e+00
8.824412206103051659e+00
8.824412206103051659e+00
8.824412206103051659e+00
8.824412206103051659e+00
8.824412206103051659e+00
8.841920960480241121e+00
8.859429714857428806e+00
8.876938469234618267e+00
8.911955977988993638e+00
8.946973486743372561e+00
8.999499749874939170e+00
9.034517258629314540e+00
9.087043521760879372e+00
9.139569784892445981e+00
9.192096048024012589e+00
9.227113556778389736e+00
9.209604802401202051e+00
9.192096048024012589e+00
9.174587293646824904e+00
9.122061030515258295e+00
9.087043521760879372e+00
9.034517258629314540e+00
8.981990995497749708e+00
8.929464732366183100e+00
8.894447223611805953e+00
8.911955977988993638e+00
8.946973486743372561e+00
8.964482241120560246e+00
8.964482241120560246e+00
8.876938469234618267e+00
8.754377188594297365e+00
8.649324662331165925e+00
8.579289644822411631e+00
8.544272136068034484e+00
8.544272136068034484e+00
8.614307153576788778e+00
8.684342171085543072e+00
8.736868434217107904e+00
8.789394697348674512e+00
8.824412206103051659e+00
8.841920960480241121e+00
8.859429714857428806e+00
8.859429714857428806e+00
8.876938469234618267e+00
8.876938469234618267e+00
8.894447223611805953e+00
8.911955977988993638e+00
8.929464732366183100e+00
8.946973486743372561e+00
8.964482241120560246e+00
8.999499749874939170e+00
9.017008504252126855e+00
9.052026013006504002e+00
9.069534767383691687e+00
9.069534767383691687e+00
9.069534767383691687e+00
9.069534767383691687e+00
8.999499749874939170e+00
8.859429714857428806e+00
8.736868434217107904e+00
8.666833416708353610e+00
8.631815907953976463e+00
8.614307153576788778e+00
8.614307153576788778e+00
8.596798399199601093e+00
8.596798399199601093e+00
8.596798399199601093e+00
8.579289644822411631e+00
8.561780890445222170e+00
8.561780890445222170e+00
8.579289644822411631e+00
8.649324662331165925e+00
8.684342171085543072e+00
8.666833416708353610e+00
8.684342171085543072e+00
8.684342171085543072e+00
8.684342171085543072e+00
8.666833416708353610e+00
8.649324662331165925e+00
8.649324662331165925e+00
8.666833416708353610e+00
8.684342171085543072e+00
8.719359679839918442e+00
8.736868434217107904e+00
8.771885942971486827e+00
8.789394697348674512e+00
8.824412206103051659e+00
8.859429714857428806e+00
8.876938469234618267e+00
8.876938469234618267e+00
8.859429714857428806e+00
8.824412206103051659e+00
8.789394697348674512e+00
8.754377188594297365e+00
8.719359679839918442e+00
8.736868434217107904e+00
8.841920960480241121e+00
8.876938469234618267e+00
8.929464732366183100e+00
8.981990995497749708e+00
9.034517258629314540e+00
9.034517258629314540e+00
8.981990995497749708e+00
8.824412206103051659e+00
8.649324662331165925e+00
8.526763381690846799e+00
8.456728364182090729e+00
8.439219609804903044e+00
8.474237118559280191e+00
8.561780890445222170e+00
8.631815907953976463e+00
8.719359679839918442e+00
8.771885942971486827e+00
8.806903451725863974e+00
8.841920960480241121e+00
8.824412206103051659e+00
8.754377188594297365e+00
8.736868434217107904e+00
8.736868434217107904e+00
8.754377188594297365e+00
8.754377188594297365e+00
8.754377188594297365e+00
8.771885942971486827e+00
8.789394697348674512e+00
8.806903451725863974e+00
8.824412206103051659e+00
8.824412206103051659e+00
8.841920960480241121e+00
8.824412206103051659e+00
8.754377188594297365e+00
8.649324662331165925e+00
8.544272136068034484e+00
8.474237118559280191e+00
8.456728364182090729e+00
8.439219609804903044e+00
8.456728364182090729e+00
8.509254627313657338e+00
8.526763381690846799e+00
8.526763381690846799e+00
8.509254627313657338e+00
8.491745872936467876e+00
8.439219609804903044e+00
8.386693346673336436e+00
8.351675837918961065e+00
8.351675837918961065e+00
8.439219609804903044e+00
8.509254627313657338e+00
8.561780890445222170e+00
8.614307153576788778e+00
8.631815907953976463e+00
8.666833416708353610e+00
8.666833416708353610e+00
8.666833416708353610e+00
8.684342171085543072e+00
8.701850925462732533e+00
8.701850925462732533e+00
8.631815907953976463e+00
8.631815907953976463e+00
8.666833416708353610e+00
8.684342171085543072e+00
8.719359679839918442e+00
8.736868434217107904e+00
8.736868434217107904e+00
8.736868434217107904e+00
8.736868434217107904e+00
8.719359679839918442e+00
8.684342171085543072e+00
8.666833416708353610e+00
8.649324662331165925e+00
8.649324662331165925e+00
8.666833416708353610e+00
8.701850925462732533e+00
8.736868434217107904e+00
8.754377188594297365e+00
8.771885942971486827e+00
8.806903451725863974e+00
8.929464732366183100e+00
8.824412206103051659e+00
8.631815907953976463e+00
8.474237118559280191e+00
8.386693346673336436e+00
8.351675837918961065e+00
8.386693346673336436e+00
8.456728364182090729e+00
8.526763381690846799e+00
8.614307153576788778e+00
8.684342171085543072e+00
8.719359679839918442e+00
8.754377188594297365e+00
8.754377188594297365e+00
8.771885942971486827e+00
8.771885942971486827e+00
8.754377188594297365e+00
8.754377188594297365e+00
8.754377188594297365e+00
8.736868434217107904e+00
8.701850925462732533e+00
8.701850925462732533e+00
8.719359679839918442e+00
8.719359679839918442e+00
8.719359679839918442e+00
8.719359679839918442e+00
8.684342171085543072e+00
8.596798399199601093e+00
8.491745872936467876e+00
8.404202101050525897e+00
8.386693346673336436e+00
8.369184592296148750e+00
8.369184592296148750e+00
8.386693346673336436e+00
8.386693346673336436e+00
8.386693346673336436e+00
8.369184592296148750e+00
8.351675837918961065e+00
8.316658329164582142e+00
8.281640820410204995e+00
8.281640820410204995e+00
8.211605802901450701e+00
8.194097048524263016e+00
8.264132066033015533e+00
8.351675837918961065e+00
8.439219609804903044e+00
8.491745872936467876e+00
8.526763381690846799e+00
8.544272136068034484e+00
8.561780890445222170e+00
8.579289644822411631e+00
8.579289644822411631e+00
8.596798399199601093e+00
8.596798399199601093e+00
8.614307153576788778e+00
8.649324662331165925e+00
8.666833416708353610e+00
8.684342171085543072e+00
8.719359679839918442e+00
8.701850925462732533e+00
8.666833416708353610e+00
8.649324662331165925e+00
8.649324662331165925e+00
8.631815907953976463e+00
8.614307153576788778e+00
8.614307153576788778e+00
8.614307153576788778e+00
8.631815907953976463e+00
8.666833416708353610e+00
8.701850925462732533e+00
8.736868434217107904e+00
8.736868434217107904e+00
8.754377188594297365e+00
8.754377188594297365e+00
8.736868434217107904e+00
8.666833416708353610e+00
8.561780890445222170e+00
8.404202101050525897e+00
8.299149574787394457e+00
8.229114557278638387e+00
8.246623311655827848e+00
8.281640820410204995e+00
8.334167083541771603e+00
8.404202101050525897e+00
8.456728364182090729e+00
8.526763381690846799e+00
8.561780890445222170e+00
8.596798399199601093e+00
8.614307153576788778e+00
8.631815907953976463e+00
8.631815907953976463e+00
8.614307153576788778e+00
8.614307153576788778e+00
8.596798399199601093e+00
8.596798399199601093e+00
8.614307153576788778e+00
8.631815907953976463e+00
8.631815907953976463e+00
8.631815907953976463e+00
8.614307153576788778e+00
8.579289644822411631e+00
8.509254627313657338e+00
8.386693346673336436e+00
8.281640820410204995e+00
8.246623311655827848e+00
8.246623311655827848e+00
8.264132066033015533e+00
8.281640820410204995e+00
8.299149574787394457e+00
8.299149574787394457e+00
8.299149574787394457e+00
8.281640820410204995e+00
8.246623311655827848e+00
8.176588294147073555e+00
8.106553276638319261e+00
8.036518259129564967e+00
7.966483241620809785e+00
7.931465732866433527e+00
7.948974487243622100e+00
8.071535767883942114e+00
8.211605802901450701e+00
8.299149574787394457e+00
8.351675837918961065e+00
8.369184592296148750e+00
8.386693346673336436e+00
8.404202101050525897e+00
8.421710855427713582e+00
8.421710855427713582e+00
8.421710855427713582e+00
8.439219609804903044e+00
8.456728364182090729e+00
8.456728364182090729e+00
8.456728364182090729e+00
8.456728364182090729e+00
8.439219609804903044e+00
8.421710855427713582e+00
8.421710855427713582e+00
8.404202101050525897e+00
8.421710855427713582e+00
8.439219609804903044e+00
8.526763381690846799e+00
8.561780890445222170e+00
8.596798399199601093e+00
8.649324662331165925e+00
8.719359679839918442e+00
8.771885942971486827e+00
8.789394697348674512e+00
8.806903451725863974e+00
8.824412206103051659e+00
8.806903451725863974e+00
8.771885942971486827e+00
8.719359679839918442e+00
8.614307153576788778e+00
8.439219609804903044e+00
8.281640820410204995e+00
8.176588294147073555e+00
8.124062031015508722e+00
8.141570785392696408e+00
8.176588294147073555e+00
8.264132066033015533e+00
8.316658329164582142e+00
8.369184592296148750e+00
8.439219609804903044e+00
8.474237118559280191e+00
8.491745872936467876e+00
8.491745872936467876e+00
8.491745872936467876e+00
8.474237118559280191e+00
8.474237118559280191e+00
8.456728364182090729e+00
8.456728364182090729e+00
8.456728364182090729e+00
8.456728364182090729e+00
8.456728364182090729e+00
8.456728364182090729e+00
8.439219609804903044e+00
8.351675837918961065e+00
8.229114557278638387e+00
8.124062031015508722e+00
8.089044522261129799e+00
8.106553276638319261e+00
8.124062031015508722e+00
8.159079539769885869e+00
8.194097048524263016e+00
8.211605802901450701e+00
8.229114557278638387e+00
8.229114557278638387e+00
8.211605802901450701e+00
8.159079539769885869e+00
8.106553276638319261e+00
8.036518259129564967e+00
7.948974487243622100e+00
7.861430715357679233e+00
7.808904452226113513e+00
7.773886943471736366e+00
7.791395697848924051e+00
7.913956978489244065e+00
8.054027013506752652e+00
8.176588294147073555e+00
8.229114557278638387e+00
8.246623311655827848e+00
8.264132066033015533e+00
8.281640820410204995e+00
8.299149574787394457e+00
8.299149574787394457e+00
8.299149574787394457e+00
8.299149574787394457e+00
8.299149574787394457e+00
8.299149574787394457e+00
8.299149574787394457e+00
8.264132066033015533e+00
8.264132066033015533e+00
8.246623311655827848e+00
8.246623311655827848e+00
8.246623311655827848e+00
8.246623311655827848e+00
8.264132066033015533e+00
8.281640820410204995e+00
8.316658329164582142e+00
8.386693346673336436e+00
8.526763381690846799e+00
8.631815907953976463e+00
8.701850925462732533e+00
8.754377188594297365e+00
8.771885942971486827e+00
8.771885942971486827e+00
8.789394697348674512e+00
8.771885942971486827e+00
8.701850925462732533e+00
8.596798399199601093e+00
8.404202101050525897e+00
8.211605802901450701e+00
8.054027013506752652e+00
7.966483241620809785e+00
7.948974487243622100e+00
7.983991995997999247e+00
8.036518259129564967e+00
8.141570785392696408e+00
8.246623311655827848e+00
8.316658329164582142e+00
8.351675837918961065e+00
8.369184592296148750e+00
8.386693346673336436e+00
8.386693346673336436e+00
8.369184592296148750e+00
8.351675837918961065e+00
8.351675837918961065e+00
8.334167083541771603e+00
8.334167083541771603e+00
8.316658329164582142e+00
8.316658329164582142e+00
8.316658329164582142e+00
8.264132066033015533e+00
8.176588294147073555e+00
8.036518259129564967e+00
7.966483241620809785e+00
7.948974487243622100e+00
7.966483241620809785e+00
7.983991995997999247e+00
8.019009504752377282e+00
8.054027013506752652e+00
8.089044522261129799e+00
8.124062031015508722e+00
8.124062031015508722e+00
8.124062031015508722e+00
8.071535767883942114e+00
8.019009504752377282e+00
7.931465732866433527e+00
7.843921960980491548e+00
7.773886943471736366e+00
7.703851925962981184e+00
7.651325662831416352e+00
7.633816908454226891e+00
7.668834417208604926e+00
7.756378189094546904e+00
7.896448224112056380e+00
8.019009504752377282e+00
8.106553276638319261e+00
8.159079539769885869e+00
8.194097048524263016e+00
8.194097048524263016e+00
8.194097048524263016e+00
8.211605802901450701e+00
8.211605802901450701e+00
8.194097048524263016e+00
8.194097048524263016e+00
8.176588294147073555e+00
8.159079539769885869e+00
8.141570785392696408e+00
8.106553276638319261e+00
8.089044522261129799e+00
8.089044522261129799e+00
8.089044522261129799e+00
8.089044522261129799e+00
8.124062031015508722e+00
8.159079539769885869e+00
8.229114557278638387e+00
8.299149574787394457e+00
8.351675837918961065e+00
8.439219609804903044e+00
8.596798399199601093e+00
8.701850925462732533e+00
8.719359679839918442e+00
8.701850925462732533e+00
8.684342171085543072e+00
8.666833416708353610e+00
8.631815907953976463e+00
8.544272136068034484e+00
8.439219609804903044e+00
8.229114557278638387e+00
8.036518259129564967e+00
7.896448224112056380e+00
7.843921960980491548e+00
7.826413206603302086e+00
7.861430715357679233e+00
7.931465732866433527e+00
8.036518259129564967e+00
8.124062031015508722e+00
8.211605802901450701e+00
8.264132066033015533e+00
8.264132066033015533e+00
8.264132066033015533e+00
8.264132066033015533e+00
8.246623311655827848e+00
8.246623311655827848e+00
8.229114557278638387e+00
8.211605802901450701e+00
8.194097048524263016e+00
8.176588294147073555e+00
8.159079539769885869e+00
8.089044522261129799e+00
7.983991995997999247e+00
7.861430715357679233e+00
7.808904452226113513e+00
7.791395697848924051e+00
7.826413206603302086e+00
7.843921960980491548e+00
7.878939469734866918e+00
7.913956978489244065e+00
7.948974487243622100e+00
7.966483241620809785e+00
7.983991995997999247e+00
7.983991995997999247e+00
7.948974487243622100e+00
7.896448224112056380e+00
7.808904452226113513e+00
7.721360680340170646e+00
7.651325662831416352e+00
7.598799399699850632e+00
7.546273136568284023e+00
7.528764382191095450e+00
7.528764382191095450e+00
7.528764382191095450e+00
7.581290645322661170e+00
7.686343171585793499e+00
7.826413206603302086e+00
7.948974487243622100e+00
8.019009504752377282e+00
8.054027013506752652e+00
8.089044522261129799e+00
8.089044522261129799e+00
8.089044522261129799e+00
8.089044522261129799e+00
8.089044522261129799e+00
8.054027013506752652e+00
8.036518259129564967e+00
8.001500750375187820e+00
7.966483241620809785e+00
7.931465732866433527e+00
7.913956978489244065e+00
7.913956978489244065e+00
7.913956978489244065e+00
7.948974487243622100e+00
8.001500750375187820e+00
8.071535767883942114e+00
8.141570785392696408e+00
8.229114557278638387e+00
8.281640820410204995e+00
8.351675837918961065e+00
8.421710855427713582e+00
8.579289644822411631e+00
8.666833416708353610e+00
8.649324662331165925e+00
8.614307153576788778e+00
8.561780890445222170e+00
8.526763381690846799e+00
8.491745872936467876e+00
8.421710855427713582e+00
8.316658329164582142e+00
8.124062031015508722e+00
7.948974487243622100e+00
7.826413206603302086e+00
7.773886943471736366e+00
7.756378189094546904e+00
7.791395697848924051e+00
7.843921960980491548e+00
7.948974487243622100e+00
8.036518259129564967e+00
8.106553276638319261e+00
8.159079539769885869e+00
8.176588294147073555e+00
8.176588294147073555e+00
8.176588294147073555e+00
8.159079539769885869e+00
8.141570785392696408e+00
8.124062031015508722e+00
8.106553276638319261e+00
8.089044522261129799e+00
8.036518259129564967e+00
7.948974487243622100e+00
7.843921960980491548e+00
7.738869434717358331e+00
7.686343171585793499e+00
7.668834417208604926e+00
7.686343171585793499e+00
7.721360680340170646e+00
7.773886943471736366e+00
7.808904452226113513e+00
7.843921960980491548e+00
7.861430715357679233e+00
7.878939469734866918e+00
7.878939469734866918e+00
7.861430715357679233e+00
7.808904452226113513e+00
7.738869434717358331e+00
7.651325662831416352e+00
7.581290645322661170e+00
7.528764382191095450e+00
7.476238119059530618e+00
7.458729364682341156e+00
7.441220610305153471e+00
7.423711855927964010e+00
7.423711855927964010e+00
7.423711855927964010e+00
7.493746873436719191e+00
7.616308154077039205e+00
7.738869434717358331e+00
7.843921960980491548e+00
7.896448224112056380e+00
7.948974487243622100e+00
7.983991995997999247e+00
7.983991995997999247e+00
7.983991995997999247e+00
7.966483241620809785e+00
7.931465732866433527e+00
7.896448224112056380e+00
7.843921960980491548e+00
7.808904452226113513e+00
7.773886943471736366e+00
7.738869434717358331e+00
7.721360680340170646e+00
7.738869434717358331e+00
7.756378189094546904e+00
7.826413206603302086e+00
7.896448224112056380e+00
8.001500750375187820e+00
8.071535767883942114e+00
8.141570785392696408e+00
8.211605802901450701e+00
8.299149574787394457e+00
8.421710855427713582e+00
8.491745872936467876e+00
8.509254627313657338e+00
8.474237118559280191e+00
8.404202101050525897e+00
8.334167083541771603e+00
8.299149574787394457e+00
8.264132066033015533e+00
8.211605802901450701e+00
8.141570785392696408e+00
8.019009504752377282e+00
7.861430715357679233e+00
7.738869434717358331e+00
7.651325662831416352e+00
7.633816908454226891e+00
7.651325662831416352e+00
7.686343171585793499e+00
7.756378189094546904e+00
7.843921960980491548e+00
7.931465732866433527e+00
8.001500750375187820e+00
8.036518259129564967e+00
8.054027013506752652e+00
8.054027013506752652e+00
8.036518259129564967e+00
8.019009504752377282e+00
8.001500750375187820e+00
7.966483241620809785e+00
7.913956978489244065e+00
7.826413206603302086e+00
7.703851925962981184e+00
7.581290645322661170e+00
7.528764382191095450e+00
7.511255627813906877e+00
7.528764382191095450e+00
7.546273136568284023e+00
7.581290645322661170e+00
7.633816908454226891e+00
7.668834417208604926e+00
7.703851925962981184e+00
7.703851925962981184e+00
7.703851925962981184e+00
7.703851925962981184e+00
7.686343171585793499e+00
7.633816908454226891e+00
7.581290645322661170e+00
7.511255627813906877e+00
7.458729364682341156e+00
7.406203101550775436e+00
7.388694347173585975e+00
7.371185592796398289e+00
7.353676838419210604e+00
7.353676838419210604e+00
7.336168084042021142e+00
7.318659329664833457e+00
7.353676838419210604e+00
7.406203101550775436e+00
7.511255627813906877e+00
7.633816908454226891e+00
7.756378189094546904e+00
7.843921960980491548e+00
7.878939469734866918e+00
7.878939469734866918e+00
7.878939469734866918e+00
7.861430715357679233e+00
7.826413206603302086e+00
7.791395697848924051e+00
7.738869434717358331e+00
7.703851925962981184e+00
7.651325662831416352e+00
7.633816908454226891e+00
7.616308154077039205e+00
7.616308154077039205e+00
7.633816908454226891e+00
7.703851925962981184e+00
7.791395697848924051e+00
7.878939469734866918e+00
7.966483241620809785e+00
8.054027013506752652e+00
8.141570785392696408e+00
8.264132066033015533e+00
8.351675837918961065e+00
8.404202101050525897e+00
8.439219609804903044e+00
8.439219609804903044e+00
8.404202101050525897e+00
8.334167083541771603e+00
8.264132066033015533e+00
8.211605802901450701e+00
8.176588294147073555e+00
8.141570785392696408e+00
8.106553276638319261e+00
8.036518259129564967e+00
7.896448224112056380e+00
7.756378189094546904e+00
7.651325662831416352e+00
7.581290645322661170e+00
7.563781890945471709e+00
7.581290645322661170e+00
7.668834417208604926e+00
7.791395697848924051e+00
7.861430715357679233e+00
7.896448224112056380e+00
7.931465732866433527e+00
7.948974487243622100e+00
7.948974487243622100e+00
7.931465732866433527e+00
7.913956978489244065e+00
7.878939469734866918e+00
7.843921960980491548e+00
7.756378189094546904e+00
7.616308154077039205e+00
7.493746873436719191e+00
7.388694347173585975e+00
7.353676838419210604e+00
7.353676838419210604e+00
7.371185592796398289e+00
7.406203101550775436e+00
7.441220610305153471e+00
7.441220610305153471e+00
7.458729364682341156e+00
7.493746873436719191e+00
7.511255627813906877e+00
7.511255627813906877e+00
7.476238119059530618e+00
7.458729364682341156e+00
7.406203101550775436e+00
7.353676838419210604e+00
7.318659329664833457e+00
7.283641820910455422e+00
7.248624312156078275e+00
7.231115557778888814e+00
7.231115557778888814e+00
7.231115557778888814e+00
7.231115557778888814e+00
7.213606803401700240e+00
7.213606803401700240e+00
7.213606803401700240e+00
7.213606803401700240e+00
7.301150575287643996e+00
7.476238119059530618e+00
7.598799399699850632e+00
7.668834417208604926e+00
7.703851925962981184e+00
7.738869434717358331e+00
7.738869434717358331e+00
7.721360680340170646e+00
7.686343171585793499e+00
7.633816908454226891e+00
7.581290645322661170e+00
7.528764382191095450e+00
7.493746873436719191e+00
7.458729364682341156e+00
7.441220610305153471e+00
7.458729364682341156e+00
7.476238119059530618e+00
7.528764382191095450e+00
7.598799399699850632e+00
7.686343171585793499e+00
7.773886943471736366e+00
7.861430715357679233e+00
7.983991995997999247e+00
8.106553276638319261e+00
8.176588294147073555e+00
8.229114557278638387e+00
8.246623311655827848e+00
8.246623311655827848e+00
8.229114557278638387e+00
8.211605802901450701e+00
8.176588294147073555e+00
8.106553276638319261e+00
8.036518259129564967e+00
8.001500750375187820e+00
7.966483241620809785e+00
7.948974487243622100e+00
7.913956978489244065e+00
7.861430715357679233e+00
7.773886943471736366e+00
7.651325662831416352e+00
7.563781890945471709e+00
7.563781890945471709e+00
7.546273136568284023e+00
7.563781890945471709e+00
7.598799399699850632e+00
7.651325662831416352e+00
7.703851925962981184e+00
7.738869434717358331e+00
7.756378189094546904e+00
7.773886943471736366e+00
7.773886943471736366e+00
7.756378189094546904e+00
7.721360680340170646e+00
7.668834417208604926e+00
7.563781890945471709e+00
7.423711855927964010e+00
7.283641820910455422e+00
7.213606803401700240e+00
7.178589294647323982e+00
7.178589294647323982e+00
7.196098049024512555e+00
7.213606803401700240e+00
7.248624312156078275e+00
7.283641820910455422e+00
7.318659329664833457e+00
7.353676838419210604e+00
7.388694347173585975e+00
7.406203101550775436e+00
7.388694347173585975e+00
7.353676838419210604e+00
7.318659329664833457e+00
7.283641820910455422e+00
7.248624312156078275e+00
7.213606803401700240e+00
7.196098049024512555e+00
7.196098049024512555e+00
7.196098049024512555e+00
7.178589294647323982e+00
7.161080540270135408e+00
7.143571785892947723e+00
7.126063031515758261e+00
7.161080540270135408e+00
7.143571785892947723e+00
7.143571785892947723e+00
7.143571785892947723e+00
7.196098049024512555e+00
7.283641820910455422e+00
7.388694347173585975e+00
7.476238119059530618e+00
7.511255627813906877e+00
7.511255627813906877e+00
7.493746873436719191e+00
7.458729364682341156e+00
7.406203101550775436e+00
7.353676838419210604e+00
7.318659329664833457e+00
7.266133066533266849e+00
7.248624312156078275e+00
7.231115557778888814e+00
7.248624312156078275e+00
7.266133066533266849e+00
7.301150575287643996e+00
7.371185592796398289e+00
7.458729364682341156e+00
7.563781890945471709e+00
7.668834417208604926e+00
7.791395697848924051e+00
7.896448224112056380e+00
7.983991995997999247e+00
8.054027013506752652e+00
8.089044522261129799e+00
8.089044522261129799e+00
8.089044522261129799e+00
8.071535767883942114e+00
8.054027013506752652e+00
8.036518259129564967e+00
8.001500750375187820e+00
7.931465732866433527e+00
7.896448224112056380e+00
7.861430715357679233e+00
7.878939469734866918e+00
7.878939469734866918e+00
7.843921960980491548e+00
7.791395697848924051e+00
7.686343171585793499e+00
7.563781890945471709e+00
7.458729364682341156e+00
7.371185592796398289e+00
7.336168084042021142e+00
7.336168084042021142e+00
7.353676838419210604e+00
7.406203101550775436e+00
7.476238119059530618e+00
7.511255627813906877e+00
7.563781890945471709e+00
7.598799399699850632e+00
7.581290645322661170e+00
7.563781890945471709e+00
7.476238119059530618e+00
7.336168084042021142e+00
7.213606803401700240e+00
7.143571785892947723e+00
7.108554277138568800e+00
7.073536768384192541e+00
7.073536768384192541e+00
7.091045522761381115e+00
7.108554277138568800e+00
7.143571785892947723e+00
7.178589294647323982e+00
7.231115557778888814e+00
7.248624312156078275e+00
7.266133066533266849e+00
7.266133066533266849e+00
7.266133066533266849e+00
7.231115557778888814e+00
7.196098049024512555e+00
7.161080540270135408e+00
7.143571785892947723e+00
7.143571785892947723e+00
7.143571785892947723e+00
7.091045522761381115e+00
7.038519259629814506e+00
7.038519259629814506e+00
7.021010505252625933e+00
7.003501750875438248e+00
6.985992996498248786e+00
6.985992996498248786e+00
6.968484242121061101e+00
6.950975487743872527e+00
6.933466733366683066e+00
6.915957978989495381e+00
6.933466733366683066e+00
6.968484242121061101e+00
7.056028014007003080e+00
7.143571785892947723e+00
7.213606803401700240e+00
7.231115557778888814e+00
7.231115557778888814e+00
7.213606803401700240e+00
7.178589294647323982e+00
7.213606803401700240e+00
7.248624312156078275e+00
7.213606803401700240e+00
7.178589294647323982e+00
7.161080540270135408e+00
7.161080540270135408e+00
7.196098049024512555e+00
7.248624312156078275e+00
7.318659329664833457e+00
7.388694347173585975e+00
7.476238119059530618e+00
7.563781890945471709e+00
7.651325662831416352e+00
7.738869434717358331e+00
7.808904452226113513e+00
7.861430715357679233e+00
7.896448224112056380e+00
7.913956978489244065e+00
7.913956978489244065e+00
7.913956978489244065e+00
7.896448224112056380e+00
7.861430715357679233e+00
7.861430715357679233e+00
7.843921960980491548e+00
7.808904452226113513e+00
7.791395697848924051e+00
7.791395697848924051e+00
7.808904452226113513e+00
7.808904452226113513e+00
7.791395697848924051e+00
7.756378189094546904e+00
7.633816908454226891e+00
7.476238119059530618e+00
7.318659329664833457e+00
7.213606803401700240e+00
7.161080540270135408e+00
7.161080540270135408e+00
7.161080540270135408e+00
7.178589294647323982e+00
7.231115557778888814e+00
7.371185592796398289e+00
7.458729364682341156e+00
7.493746873436719191e+00
7.476238119059530618e+00
7.388694347173585975e+00
7.283641820910455422e+00
7.161080540270135408e+00
7.073536768384192541e+00
7.021010505252625933e+00
7.003501750875438248e+00
6.985992996498248786e+00
6.985992996498248786e+00
7.003501750875438248e+00
7.021010505252625933e+00
7.056028014007003080e+00
7.091045522761381115e+00
7.126063031515758261e+00
7.143571785892947723e+00
7.143571785892947723e+00
7.143571785892947723e+00
7.073536768384192541e+00
6.933466733366683066e+00
6.880940470235117346e+00
6.863431715857929660e+00
6.863431715857929660e+00
6.880940470235117346e+00
6.898449224612305919e+00
6.933466733366683066e+00
6.968484242121061101e+00
6.968484242121061101e+00
6.968484242121061101e+00
6.950975487743872527e+00
6.950975487743872527e+00
6.933466733366683066e+00
6.915957978989495381e+00
6.898449224612305919e+00
6.880940470235117346e+00
6.863431715857929660e+00
6.828414207103552513e+00
6.828414207103552513e+00
6.898449224612305919e+00
7.056028014007003080e+00
7.126063031515758261e+00
7.161080540270135408e+00
7.178589294647323982e+00
7.178589294647323982e+00
7.161080540270135408e+00
7.143571785892947723e+00
7.108554277138568800e+00
7.073536768384192541e+00
7.038519259629814506e+00
7.038519259629814506e+00
7.056028014007003080e+00
7.091045522761381115e+00
7.143571785892947723e+00
7.213606803401700240e+00
7.266133066533266849e+00
7.336168084042021142e+00
7.423711855927964010e+00
7.493746873436719191e+00
7.546273136568284023e+00
7.598799399699850632e+00
7.668834417208604926e+00
7.721360680340170646e+00
7.756378189094546904e+00
7.773886943471736366e+00
7.791395697848924051e+00
7.791395697848924051e+00
7.791395697848924051e+00
7.791395697848924051e+00
7.791395697848924051e+00
7.791395697848924051e+00
7.791395697848924051e+00
7.756378189094546904e+00
7.721360680340170646e+00
7.721360680340170646e+00
7.721360680340170646e+00
7.703851925962981184e+00
7.686343171585793499e+00
7.616308154077039205e+00
7.528764382191095450e+00
7.406203101550775436e+00
7.266133066533266849e+00
7.161080540270135408e+00
7.108554277138568800e+00
7.091045522761381115e+00
7.091045522761381115e+00
7.126063031515758261e+00
7.161080540270135408e+00
7.196098049024512555e+00
7.213606803401700240e+00
7.178589294647323982e+00
7.091045522761381115e+00
6.985992996498248786e+00
6.915957978989495381e+00
6.863431715857929660e+00
6.845922961480741087e+00
6.828414207103552513e+00
6.828414207103552513e+00
6.828414207103552513e+00
6.845922961480741087e+00
6.863431715857929660e+00
6.880940470235117346e+00
6.898449224612305919e+00
6.915957978989495381e+00
6.915957978989495381e+00
6.915957978989495381e+00
6.880940470235117346e+00
6.845922961480741087e+00
6.810905452726363052e+00
6.793396698349175367e+00
6.775887943971985905e+00
6.775887943971985905e+00
6.793396698349175367e+00
6.828414207103552513e+00
6.863431715857929660e+00
6.898449224612305919e+00
6.915957978989495381e+00
6.915957978989495381e+00
6.915957978989495381e+00
6.898449224612305919e+00
6.863431715857929660e+00
6.845922961480741087e+00
6.828414207103552513e+00
6.810905452726363052e+00
6.793396698349175367e+00
6.758379189594797332e+00
6.740870435217609646e+00
6.705852926463230723e+00
6.670835417708855353e+00
6.635817908954477318e+00
6.653326663331665891e+00
6.723361680840420185e+00
6.775887943971985905e+00
6.810905452726363052e+00
6.810905452726363052e+00
6.810905452726363052e+00
6.810905452726363052e+00
6.793396698349175367e+00
6.793396698349175367e+00
6.828414207103552513e+00
6.880940470235117346e+00
6.933466733366683066e+00
6.968484242121061101e+00
7.021010505252625933e+00
7.073536768384192541e+00
7.143571785892947723e+00
7.213606803401700240e+00
7.283641820910455422e+00
7.371185592796398289e+00
7.441220610305153471e+00
7.511255627813906877e+00
7.581290645322661170e+00
7.616308154077039205e+00
7.651325662831416352e+00
7.668834417208604926e+00
7.686343171585793499e+00
7.686343171585793499e+00
7.703851925962981184e+00
7.703851925962981184e+00
7.703851925962981184e+00
7.703851925962981184e+00
7.721360680340170646e+00
7.703851925962981184e+00
7.668834417208604926e+00
7.651325662831416352e+00
7.668834417208604926e+00
7.686343171585793499e+00
7.651325662831416352e+00
7.598799399699850632e+00
7.493746873436719191e+00
7.318659329664833457e+00
7.161080540270135408e+00
7.021010505252625933e+00
6.915957978989495381e+00
6.863431715857929660e+00
6.845922961480741087e+00
6.828414207103552513e+00
6.845922961480741087e+00
6.863431715857929660e+00
6.915957978989495381e+00
6.915957978989495381e+00
6.863431715857929660e+00
6.810905452726363052e+00
6.775887943971985905e+00
6.775887943971985905e+00
6.775887943971985905e+00
6.775887943971985905e+00
6.775887943971985905e+00
6.793396698349175367e+00
6.793396698349175367e+00
6.810905452726363052e+00
6.828414207103552513e+00
6.845922961480741087e+00
6.845922961480741087e+00
6.845922961480741087e+00
6.845922961480741087e+00
6.828414207103552513e+00
6.793396698349175367e+00
6.758379189594797332e+00
6.635817908954477318e+00
6.548274137068534451e+00
6.548274137068534451e+00
6.583291645822910709e+00
6.618309154577289632e+00
6.653326663331665891e+00
6.705852926463230723e+00
6.723361680840420185e+00
6.740870435217609646e+00
6.775887943971985905e+00
6.775887943971985905e+00
6.775887943971985905e+00
6.758379189594797332e+00
6.740870435217609646e+00
6.723361680840420185e+00
6.705852926463230723e+00
6.670835417708855353e+00
6.653326663331665891e+00
6.600800400200100171e+00
6.548274137068534451e+00
6.583291645822910709e+00
6.635817908954477318e+00
6.653326663331665891e+00
6.670835417708855353e+00
6.723361680840420185e+00
6.775887943971985905e+00
6.793396698349175367e+00
6.793396698349175367e+00
6.810905452726363052e+00
6.810905452726363052e+00
6.828414207103552513e+00
6.845922961480741087e+00
6.880940470235117346e+00
6.915957978989495381e+00
6.950975487743872527e+00
6.985992996498248786e+00
7.038519259629814506e+00
7.091045522761381115e+00
7.143571785892947723e+00
7.178589294647323982e+00
7.161080540270135408e+00
7.143571785892947723e+00
7.178589294647323982e+00
7.231115557778888814e+00
7.283641820910455422e+00
7.318659329664833457e+00
7.371185592796398289e+00
7.406203101550775436e+00
7.423711855927964010e+00
7.458729364682341156e+00
7.476238119059530618e+00
7.493746873436719191e+00
7.528764382191095450e+00
7.546273136568284023e+00
7.581290645322661170e+00
7.581290645322661170e+00
7.546273136568284023e+00
7.528764382191095450e+00
7.511255627813906877e+00
7.511255627813906877e+00
7.528764382191095450e+00
7.546273136568284023e+00
7.493746873436719191e+00
7.406203101550775436e+00
7.231115557778888814e+00
7.056028014007003080e+00
6.915957978989495381e+00
6.828414207103552513e+00
6.775887943971985905e+00
6.740870435217609646e+00
6.688344172086043038e+00
6.600800400200100171e+00
6.513256628314157304e+00
6.460730365182591584e+00
6.460730365182591584e+00
6.478239119559780157e+00
6.513256628314157304e+00
6.530765382691344989e+00
6.565782891445723024e+00
6.583291645822910709e+00
6.600800400200100171e+00
6.618309154577289632e+00
6.635817908954477318e+00
6.635817908954477318e+00
6.618309154577289632e+00
6.600800400200100171e+00
6.583291645822910709e+00
6.548274137068534451e+00
6.530765382691344989e+00
6.478239119559780157e+00
6.460730365182591584e+00
6.443221610805403010e+00
6.425712856428214437e+00
6.443221610805403010e+00
6.495747873936969619e+00
6.530765382691344989e+00
6.565782891445723024e+00
6.618309154577289632e+00
6.653326663331665891e+00
6.670835417708855353e+00
6.618309154577289632e+00
6.618309154577289632e+00
6.618309154577289632e+00
6.635817908954477318e+00
6.618309154577289632e+00
6.600800400200100171e+00
6.583291645822910709e+00
6.565782891445723024e+00
6.530765382691344989e+00
6.478239119559780157e+00
6.443221610805403010e+00
6.373186593296647828e+00
6.303151575787894423e+00
6.233116558279139241e+00
6.180590295147573521e+00
6.128064032016007801e+00
6.110555277638820115e+00
6.145572786393197262e+00
6.233116558279139241e+00
6.320660330165082996e+00
6.495747873936969619e+00
6.600800400200100171e+00
6.653326663331665891e+00
6.705852926463230723e+00
6.740870435217609646e+00
6.793396698349175367e+00
6.845922961480741087e+00
6.880940470235117346e+00
6.933466733366683066e+00
6.968484242121061101e+00
7.003501750875438248e+00
7.038519259629814506e+00
7.073536768384192541e+00
7.108554277138568800e+00
7.126063031515758261e+00
7.143571785892947723e+00
7.178589294647323982e+00
7.213606803401700240e+00
7.266133066533266849e+00
7.301150575287643996e+00
7.213606803401700240e+00
7.178589294647323982e+00
7.231115557778888814e+00
7.283641820910455422e+00
7.318659329664833457e+00
7.353676838419210604e+00
7.406203101550775436e+00
7.441220610305153471e+00
7.458729364682341156e+00
7.476238119059530618e+00
7.476238119059530618e+00
7.441220610305153471e+00
7.388694347173585975e+00
7.371185592796398289e+00
7.353676838419210604e+00
7.336168084042021142e+00
7.318659329664833457e+00
7.248624312156078275e+00
7.108554277138568800e+00
6.933466733366683066e+00
6.828414207103552513e+00
6.758379189594797332e+00
6.653326663331665891e+00
6.548274137068534451e+00
6.425712856428214437e+00
6.303151575787894423e+00
6.233116558279139241e+00
6.233116558279139241e+00
6.268134067033517276e+00
6.320660330165082996e+00
6.373186593296647828e+00
6.425712856428214437e+00
6.478239119559780157e+00
6.495747873936969619e+00
6.530765382691344989e+00
6.548274137068534451e+00
6.548274137068534451e+00
6.548274137068534451e+00
6.548274137068534451e+00
6.513256628314157304e+00
6.443221610805403010e+00
6.355677838919459255e+00
6.303151575787894423e+00
6.250625312656327814e+00
6.233116558279139241e+00
6.215607803901951556e+00
6.215607803901951556e+00
6.233116558279139241e+00
6.250625312656327814e+00
6.285642821410704961e+00
6.338169084542272458e+00
6.373186593296647828e+00
6.408204102051024975e+00
6.425712856428214437e+00
6.478239119559780157e+00
6.513256628314157304e+00
6.530765382691344989e+00
6.548274137068534451e+00
6.565782891445723024e+00
6.565782891445723024e+00
6.565782891445723024e+00
6.548274137068534451e+00
6.530765382691344989e+00
6.478239119559780157e+00
6.443221610805403010e+00
6.373186593296647828e+00
6.303151575787894423e+00
6.233116558279139241e+00
6.163081540770386724e+00
6.093046523261631542e+00
6.023011505752876360e+00
5.970485242621311528e+00
5.952976488244122066e+00
5.987993996998500101e+00
6.075537768884442080e+00
6.163081540770386724e+00
6.268134067033517276e+00
6.338169084542272458e+00
6.408204102051024975e+00
6.478239119559780157e+00
6.583291645822910709e+00
6.653326663331665891e+00
6.705852926463230723e+00
6.758379189594797332e+00
6.793396698349175367e+00
6.810905452726363052e+00
6.828414207103552513e+00
6.845922961480741087e+00
6.863431715857929660e+00
6.880940470235117346e+00
6.898449224612305919e+00
6.915957978989495381e+00
6.968484242121061101e+00
7.021010505252625933e+00
7.073536768384192541e+00
7.126063031515758261e+00
7.196098049024512555e+00
7.248624312156078275e+00
7.301150575287643996e+00
7.353676838419210604e+00
7.318659329664833457e+00
7.318659329664833457e+00
7.336168084042021142e+00
7.353676838419210604e+00
7.388694347173585975e+00
7.406203101550775436e+00
7.388694347173585975e+00
7.353676838419210604e+00
7.301150575287643996e+00
7.266133066533266849e+00
7.248624312156078275e+00
7.266133066533266849e+00
7.248624312156078275e+00
7.196098049024512555e+00
7.126063031515758261e+00
6.985992996498248786e+00
6.793396698349175367e+00
6.600800400200100171e+00
6.408204102051024975e+00
6.233116558279139241e+00
6.180590295147573521e+00
6.163081540770386724e+00
6.110555277638820115e+00
6.128064032016007801e+00
6.163081540770386724e+00
6.215607803901951556e+00
6.268134067033517276e+00
6.338169084542272458e+00
6.390695347673837290e+00
6.425712856428214437e+00
6.460730365182591584e+00
6.495747873936969619e+00
6.495747873936969619e+00
6.495747873936969619e+00
6.478239119559780157e+00
6.443221610805403010e+00
6.408204102051024975e+00
6.355677838919459255e+00
6.303151575787894423e+00
6.268134067033517276e+00
6.145572786393197262e+00
6.058029014507253507e+00
6.040520260130064933e+00
6.058029014507253507e+00
6.110555277638820115e+00
6.110555277638820115e+00
6.163081540770386724e+00
6.180590295147573521e+00
6.215607803901951556e+00
6.250625312656327814e+00
6.285642821410704961e+00
6.320660330165082996e+00
6.338169084542272458e+00
6.373186593296647828e+00
6.390695347673837290e+00
6.408204102051024975e+00
6.408204102051024975e+00
6.408204102051024975e+00
6.390695347673837290e+00
6.355677838919459255e+00
6.355677838919459255e+00
6.338169084542272458e+00
6.268134067033517276e+00
6.198099049524762094e+00
6.110555277638820115e+00
6.040520260130064933e+00
5.970485242621311528e+00
5.917958979489744920e+00
5.847923961980989738e+00
5.812906453226614367e+00
5.795397698849424906e+00
5.830415207603802052e+00
5.917958979489744920e+00
6.040520260130064933e+00
6.163081540770386724e+00
6.268134067033517276e+00
6.373186593296647828e+00
6.425712856428214437e+00
6.495747873936969619e+00
6.530765382691344989e+00
6.583291645822910709e+00
6.618309154577289632e+00
6.618309154577289632e+00
6.618309154577289632e+00
6.600800400200100171e+00
6.583291645822910709e+00
6.583291645822910709e+00
6.600800400200100171e+00
6.618309154577289632e+00
6.653326663331665891e+00
6.688344172086043038e+00
6.740870435217609646e+00
6.793396698349175367e+00
6.863431715857929660e+00
6.933466733366683066e+00
7.003501750875438248e+00
7.073536768384192541e+00
7.126063031515758261e+00
7.178589294647323982e+00
7.213606803401700240e+00
7.196098049024512555e+00
7.196098049024512555e+00
7.213606803401700240e+00
7.231115557778888814e+00
7.231115557778888814e+00
7.213606803401700240e+00
7.196098049024512555e+00
7.161080540270135408e+00
7.126063031515758261e+00
7.108554277138568800e+00
7.091045522761381115e+00
7.073536768384192541e+00
7.021010505252625933e+00
6.950975487743872527e+00
6.845922961480741087e+00
6.618309154577289632e+00
6.338169084542272458e+00
6.075537768884442080e+00
5.882941470735366885e+00
5.795397698849424906e+00
5.865432716358179199e+00
5.917958979489744920e+00
5.935467733866934381e+00
5.970485242621311528e+00
6.040520260130064933e+00
6.110555277638820115e+00
6.180590295147573521e+00
6.250625312656327814e+00
6.320660330165082996e+00
6.355677838919459255e+00
6.373186593296647828e+00
6.373186593296647828e+00
6.355677838919459255e+00
6.338169084542272458e+00
6.285642821410704961e+00
6.233116558279139241e+00
6.180590295147573521e+00
6.128064032016007801e+00
6.110555277638820115e+00
6.075537768884442080e+00
5.952976488244122066e+00
5.917958979489744920e+00
5.935467733866934381e+00
5.952976488244122066e+00
5.987993996998500101e+00
5.987993996998500101e+00
6.005502751375686898e+00
6.040520260130064933e+00
6.093046523261631542e+00
6.128064032016007801e+00
6.163081540770386724e+00
6.180590295147573521e+00
6.215607803901951556e+00
6.233116558279139241e+00
6.250625312656327814e+00
6.268134067033517276e+00
6.268134067033517276e+00
6.250625312656327814e+00
6.233116558279139241e+00
6.180590295147573521e+00
6.180590295147573521e+00
6.145572786393197262e+00
6.075537768884442080e+00
6.005502751375686898e+00
5.935467733866934381e+00
5.865432716358179199e+00
5.812906453226614367e+00
5.742871435717859185e+00
5.707853926963481150e+00
5.672836418209104004e+00
5.655327663831916318e+00
5.672836418209104004e+00
5.725362681340669724e+00
5.830415207603802052e+00
5.952976488244122066e+00
6.110555277638820115e+00
6.215607803901951556e+00
6.320660330165082996e+00
6.390695347673837290e+00
6.425712856428214437e+00
6.478239119559780157e+00
6.495747873936969619e+00
6.495747873936969619e+00
6.478239119559780157e+00
6.443221610805403010e+00
6.425712856428214437e+00
6.425712856428214437e+00
6.425712856428214437e+00
6.443221610805403010e+00
6.478239119559780157e+00
6.513256628314157304e+00
6.548274137068534451e+00
6.600800400200100171e+00
6.670835417708855353e+00
6.740870435217609646e+00
6.828414207103552513e+00
6.898449224612305919e+00
6.968484242121061101e+00
7.021010505252625933e+00
7.073536768384192541e+00
7.038519259629814506e+00
7.056028014007003080e+00
7.056028014007003080e+00
7.073536768384192541e+00
7.073536768384192541e+00
7.073536768384192541e+00
7.073536768384192541e+00
7.091045522761381115e+00
7.073536768384192541e+00
7.021010505252625933e+00
6.968484242121061101e+00
6.915957978989495381e+00
6.880940470235117346e+00
6.845922961480741087e+00
6.775887943971985905e+00
6.618309154577289632e+00
6.390695347673837290e+00
6.110555277638820115e+00
5.900450225112556346e+00
5.777888944472236332e+00
5.795397698849424906e+00
5.777888944472236332e+00
5.760380190095048647e+00
5.760380190095048647e+00
5.777888944472236332e+00
5.812906453226614367e+00
5.882941470735366885e+00
5.952976488244122066e+00
6.040520260130064933e+00
6.128064032016007801e+00
6.198099049524762094e+00
6.215607803901951556e+00
6.233116558279139241e+00
6.215607803901951556e+00
6.180590295147573521e+00
6.128064032016007801e+00
6.075537768884442080e+00
6.023011505752876360e+00
5.987993996998500101e+00
5.935467733866934381e+00
5.830415207603802052e+00
5.777888944472236332e+00
5.777888944472236332e+00
5.795397698849424906e+00
5.812906453226614367e+00
5.830415207603802052e+00
5.847923961980989738e+00
5.865432716358179199e+00
5.900450225112556346e+00
5.917958979489744920e+00
5.952976488244122066e+00
5.987993996998500101e+00
6.023011505752876360e+00
6.040520260130064933e+00
6.058029014507253507e+00
6.093046523261631542e+00
6.110555277638820115e+00
6.110555277638820115e+00
6.110555277638820115e+00
6.093046523261631542e+00
6.093046523261631542e+00
6.075537768884442080e+00
6.005502751375686898e+00
5.935467733866934381e+00
5.865432716358179199e+00
5.795397698849424906e+00
5.725362681340669724e+00
5.672836418209104004e+00
5.620310155077539171e+00
5.567783891945973451e+00
5.550275137568783990e+00
5.532766383191595416e+00
5.515257628814406843e+00
5.532766383191595416e+00
5.550275137568783990e+00
5.567783891945973451e+00
5.637818909454728633e+00
5.742871435717859185e+00
5.882941470735366885e+00
6.058029014507253507e+00
6.285642821410704961e+00
6.390695347673837290e+00
6.425712856428214437e+00
6.443221610805403010e+00
6.425712856428214437e+00
6.408204102051024975e+00
6.390695347673837290e+00
6.355677838919459255e+00
6.338169084542272458e+00
6.338169084542272458e+00
6.338169084542272458e+00
6.338169084542272458e+00
6.373186593296647828e+00
6.408204102051024975e+00
6.443221610805403010e+00
6.513256628314157304e+00
6.565782891445723024e+00
6.635817908954477318e+00
6.705852926463230723e+00
6.758379189594797332e+00
6.688344172086043038e+00
6.705852926463230723e+00
6.775887943971985905e+00
6.828414207103552513e+00
6.845922961480741087e+00
6.863431715857929660e+00
6.880940470235117346e+00
6.880940470235117346e+00
6.898449224612305919e+00
6.915957978989495381e+00
6.933466733366683066e+00
6.933466733366683066e+00
6.898449224612305919e+00
6.845922961480741087e+00
6.793396698349175367e+00
6.723361680840420185e+00
6.670835417708855353e+00
6.565782891445723024e+00
6.390695347673837290e+00
6.198099049524762094e+00
6.233116558279139241e+00
6.163081540770386724e+00
6.023011505752876360e+00
5.882941470735366885e+00
5.760380190095048647e+00
5.672836418209104004e+00
5.637818909454728633e+00
5.620310155077539171e+00
5.637818909454728633e+00
5.655327663831916318e+00
5.707853926963481150e+00
5.777888944472236332e+00
5.865432716358179199e+00
5.935467733866934381e+00
5.987993996998500101e+00
6.005502751375686898e+00
6.023011505752876360e+00
6.005502751375686898e+00
5.970485242621311528e+00
5.917958979489744920e+00
5.812906453226614367e+00
5.742871435717859185e+00
5.707853926963481150e+00
5.707853926963481150e+00
5.690345172586293465e+00
5.707853926963481150e+00
5.707853926963481150e+00
5.725362681340669724e+00
5.725362681340669724e+00
5.725362681340669724e+00
5.742871435717859185e+00
5.777888944472236332e+00
5.812906453226614367e+00
5.830415207603802052e+00
5.847923961980989738e+00
5.865432716358179199e+00
5.900450225112556346e+00
5.935467733866934381e+00
5.970485242621311528e+00
5.970485242621311528e+00
5.952976488244122066e+00
5.952976488244122066e+00
5.952976488244122066e+00
5.935467733866934381e+00
5.900450225112556346e+00
5.865432716358179199e+00
5.812906453226614367e+00
5.760380190095048647e+00
5.690345172586293465e+00
5.637818909454728633e+00
5.585292646323162025e+00
5.532766383191595416e+00
5.480240120060030584e+00
5.445222611305653437e+00
5.427713856928463976e+00
5.410205102551276291e+00
5.410205102551276291e+00
5.410205102551276291e+00
5.427713856928463976e+00
5.445222611305653437e+00
5.550275137568783990e+00
5.637818909454728633e+00
5.707853926963481150e+00
5.830415207603802052e+00
6.023011505752876360e+00
6.180590295147573521e+00
6.303151575787894423e+00
6.355677838919459255e+00
6.373186593296647828e+00
6.373186593296647828e+00
6.338169084542272458e+00
6.320660330165082996e+00
6.285642821410704961e+00
6.268134067033517276e+00
6.250625312656327814e+00
6.250625312656327814e+00
6.250625312656327814e+00
6.250625312656327814e+00
6.268134067033517276e+00
6.285642821410704961e+00
6.180590295147573521e+00
6.163081540770386724e+00
6.215607803901951556e+00
6.268134067033517276e+00
6.338169084542272458e+00
6.408204102051024975e+00
6.478239119559780157e+00
6.565782891445723024e+00
6.618309154577289632e+00
6.653326663331665891e+00
6.688344172086043038e+00
6.705852926463230723e+00
6.723361680840420185e+00
6.758379189594797332e+00
6.775887943971985905e+00
6.793396698349175367e+00
6.793396698349175367e+00
6.775887943971985905e+00
6.775887943971985905e+00
6.758379189594797332e+00
6.793396698349175367e+00
6.758379189594797332e+00
6.635817908954477318e+00
6.478239119559780157e+00
6.320660330165082996e+00
6.163081540770386724e+00
6.040520260130064933e+00
5.970485242621311528e+00
5.900450225112556346e+00
5.847923961980989738e+00
5.742871435717859185e+00
5.655327663831916318e+00
5.567783891945973451e+00
5.497748874437218269e+00
5.462731365682842011e+00
5.445222611305653437e+00
5.445222611305653437e+00
5.445222611305653437e+00
5.462731365682842011e+00
5.497748874437218269e+00
5.585292646323162025e+00
5.602801400700350598e+00
5.585292646323162025e+00
5.585292646323162025e+00
5.585292646323162025e+00
5.585292646323162025e+00
5.585292646323162025e+00
5.585292646323162025e+00
5.567783891945973451e+00
5.567783891945973451e+00
5.585292646323162025e+00
5.585292646323162025e+00
5.585292646323162025e+00
5.585292646323162025e+00
5.585292646323162025e+00
5.567783891945973451e+00
5.585292646323162025e+00
5.585292646323162025e+00
5.602801400700350598e+00
5.620310155077539171e+00
5.550275137568783990e+00
5.532766383191595416e+00
5.550275137568783990e+00
5.567783891945973451e+00
5.567783891945973451e+00
5.585292646323162025e+00
5.602801400700350598e+00
5.620310155077539171e+00
5.620310155077539171e+00
5.602801400700350598e+00
5.567783891945973451e+00
5.532766383191595416e+00
5.497748874437218269e+00
5.462731365682842011e+00
5.410205102551276291e+00
5.375187593796898256e+00
5.357678839419710570e+00
5.322661330665333423e+00
5.305152576288143962e+00
5.287643821910956277e+00
5.357678839419710570e+00
5.375187593796898256e+00
5.357678839419710570e+00
5.375187593796898256e+00
5.375187593796898256e+00
5.392696348174086829e+00
5.410205102551276291e+00
5.427713856928463976e+00
5.427713856928463976e+00
5.427713856928463976e+00
5.445222611305653437e+00
5.462731365682842011e+00
5.497748874437218269e+00
5.620310155077539171e+00
5.777888944472236332e+00
5.935467733866934381e+00
6.040520260130064933e+00
6.093046523261631542e+00
6.093046523261631542e+00
6.093046523261631542e+00
6.040520260130064933e+00
6.005502751375686898e+00
5.987993996998500101e+00
5.987993996998500101e+00
5.987993996998500101e+00
6.005502751375686898e+00
6.023011505752876360e+00
6.040520260130064933e+00
6.075537768884442080e+00
6.128064032016007801e+00
6.180590295147573521e+00
6.233116558279139241e+00
6.285642821410704961e+00
6.338169084542272458e+00
6.408204102051024975e+00
6.460730365182591584e+00
6.513256628314157304e+00
6.565782891445723024e+00
6.600800400200100171e+00
6.618309154577289632e+00
6.583291645822910709e+00
6.618309154577289632e+00
6.635817908954477318e+00
6.653326663331665891e+00
6.653326663331665891e+00
6.635817908954477318e+00
6.635817908954477318e+00
6.618309154577289632e+00
6.618309154577289632e+00
6.583291645822910709e+00
6.530765382691344989e+00
6.408204102051024975e+00
6.233116558279139241e+00
6.058029014507253507e+00
5.935467733866934381e+00
5.882941470735366885e+00
5.830415207603802052e+00
5.795397698849424906e+00
5.777888944472236332e+00
5.760380190095048647e+00
5.777888944472236332e+00
5.725362681340669724e+00
5.620310155077539171e+00
5.515257628814406843e+00
5.427713856928463976e+00
5.357678839419710570e+00
5.322661330665333423e+00
5.305152576288143962e+00
5.270135067533766815e+00
5.217608804402201095e+00
5.147573786893446801e+00
5.147573786893446801e+00
5.147573786893446801e+00
5.147573786893446801e+00
5.165082541270635375e+00
5.182591295647823948e+00
5.252626313156578242e+00
5.305152576288143962e+00
5.357678839419710570e+00
5.375187593796898256e+00
5.340170085042521109e+00
5.322661330665333423e+00
5.322661330665333423e+00
5.322661330665333423e+00
5.322661330665333423e+00
5.305152576288143962e+00
5.322661330665333423e+00
5.322661330665333423e+00
5.322661330665333423e+00
5.322661330665333423e+00
5.322661330665333423e+00
5.340170085042521109e+00
5.340170085042521109e+00
5.357678839419710570e+00
5.357678839419710570e+00
5.375187593796898256e+00
5.357678839419710570e+00
5.357678839419710570e+00
5.340170085042521109e+00
5.322661330665333423e+00
5.270135067533766815e+00
5.235117558779390556e+00
5.200100050025012521e+00
5.165082541270635375e+00
5.130065032516258228e+00
5.112556278139070542e+00
5.095047523761881081e+00
5.077538769384692507e+00
5.077538769384692507e+00
5.077538769384692507e+00
5.077538769384692507e+00
5.095047523761881081e+00
5.112556278139070542e+00
5.130065032516258228e+00
5.165082541270635375e+00
5.182591295647823948e+00
5.217608804402201095e+00
5.235117558779390556e+00
5.252626313156578242e+00
5.270135067533766815e+00
5.375187593796898256e+00
5.410205102551276291e+00
5.427713856928463976e+00
5.410205102551276291e+00
5.410205102551276291e+00
5.445222611305653437e+00
5.567783891945973451e+00
5.777888944472236332e+00
5.987993996998500101e+00
6.110555277638820115e+00
6.163081540770386724e+00
6.180590295147573521e+00
6.180590295147573521e+00
6.163081540770386724e+00
6.163081540770386724e+00
6.145572786393197262e+00
6.145572786393197262e+00
6.145572786393197262e+00
6.145572786393197262e+00
6.128064032016007801e+00
6.040520260130064933e+00
6.023011505752876360e+00
6.040520260130064933e+00
6.075537768884442080e+00
6.110555277638820115e+00
6.145572786393197262e+00
6.180590295147573521e+00
6.215607803901951556e+00
6.250625312656327814e+00
6.285642821410704961e+00
6.320660330165082996e+00
6.373186593296647828e+00
6.425712856428214437e+00
6.478239119559780157e+00
6.495747873936969619e+00
6.513256628314157304e+00
6.530765382691344989e+00
6.530765382691344989e+00
6.530765382691344989e+00
6.530765382691344989e+00
6.548274137068534451e+00
6.548274137068534451e+00
6.513256628314157304e+00
6.460730365182591584e+00
6.355677838919459255e+00
6.198099049524762094e+00
6.075537768884442080e+00
5.987993996998500101e+00
5.900450225112556346e+00
5.830415207603802052e+00
5.795397698849424906e+00
5.795397698849424906e+00
5.777888944472236332e+00
5.760380190095048647e+00
5.725362681340669724e+00
5.672836418209104004e+00
5.585292646323162025e+00
5.462731365682842011e+00
5.375187593796898256e+00
5.287643821910956277e+00
5.287643821910956277e+00
5.235117558779390556e+00
5.165082541270635375e+00
5.095047523761881081e+00
5.007503751875937326e+00
4.902451225612806773e+00
4.902451225612806773e+00
4.937468734367183920e+00
4.972486243121561067e+00
5.007503751875937326e+00
5.060030015007503934e+00
5.165082541270635375e+00
5.235117558779390556e+00
5.270135067533766815e+00
5.322661330665333423e+00
5.340170085042521109e+00
5.340170085042521109e+00
5.340170085042521109e+00
5.340170085042521109e+00
5.340170085042521109e+00
5.270135067533766815e+00
5.252626313156578242e+00
5.252626313156578242e+00
5.252626313156578242e+00
5.252626313156578242e+00
5.252626313156578242e+00
5.270135067533766815e+00
5.270135067533766815e+00
5.270135067533766815e+00
5.270135067533766815e+00
5.270135067533766815e+00
5.252626313156578242e+00
5.217608804402201095e+00
5.165082541270635375e+00
5.130065032516258228e+00
5.095047523761881081e+00
5.060030015007503934e+00
5.025012506253126787e+00
4.989994997498748752e+00
4.989994997498748752e+00
5.025012506253126787e+00
5.042521260630315361e+00
5.025012506253126787e+00
5.042521260630315361e+00
5.042521260630315361e+00
5.060030015007503934e+00
5.095047523761881081e+00
5.112556278139070542e+00
5.147573786893446801e+00
5.165082541270635375e+00
5.182591295647823948e+00
5.200100050025012521e+00
5.200100050025012521e+00
5.217608804402201095e+00
5.200100050025012521e+00
5.200100050025012521e+00
5.182591295647823948e+00
5.147573786893446801e+00
5.095047523761881081e+00
5.060030015007503934e+00
5.077538769384692507e+00
5.060030015007503934e+00
5.112556278139070542e+00
5.270135067533766815e+00
5.480240120060030584e+00
5.637818909454728633e+00
5.725362681340669724e+00
5.760380190095048647e+00
5.795397698849424906e+00
5.812906453226614367e+00
5.830415207603802052e+00
5.830415207603802052e+00
5.847923961980989738e+00
5.865432716358179199e+00
5.865432716358179199e+00
5.882941470735366885e+00
5.900450225112556346e+00
5.917958979489744920e+00
5.935467733866934381e+00
5.952976488244122066e+00
5.865432716358179199e+00
5.865432716358179199e+00
5.882941470735366885e+00
5.900450225112556346e+00
5.935467733866934381e+00
5.970485242621311528e+00
6.023011505752876360e+00
6.075537768884442080e+00
6.128064032016007801e+00
6.163081540770386724e+00
6.198099049524762094e+00
6.215607803901951556e+00
6.233116558279139241e+00
6.233116558279139241e+00
6.233116558279139241e+00
6.233116558279139241e+00
6.198099049524762094e+00
6.128064032016007801e+00
6.005502751375686898e+00
5.900450225112556346e+00
5.917958979489744920e+00
5.882941470735366885e+00
5.830415207603802052e+00
5.795397698849424906e+00
5.742871435717859185e+00
5.707853926963481150e+00
5.672836418209104004e+00
5.655327663831916318e+00
5.637818909454728633e+00
5.637818909454728633e+00
5.620310155077539171e+00
5.585292646323162025e+00
5.550275137568783990e+00
5.480240120060030584e+00
5.375187593796898256e+00
5.252626313156578242e+00
5.130065032516258228e+00
5.007503751875937326e+00
4.884942471235617312e+00
4.744872436218108724e+00
4.552276138069034417e+00
4.394697348674337256e+00
4.342171085542771536e+00
4.342171085542771536e+00
4.377188594297148683e+00
4.464732366183091550e+00
4.552276138069034417e+00
4.657328664332165857e+00
4.762381190595298186e+00
4.849924962481241053e+00
4.937468734367183920e+00
5.007503751875937326e+00
5.042521260630315361e+00
5.077538769384692507e+00
5.112556278139070542e+00
5.130065032516258228e+00
5.147573786893446801e+00
5.147573786893446801e+00
5.147573786893446801e+00
5.130065032516258228e+00
5.095047523761881081e+00
5.077538769384692507e+00
5.077538769384692507e+00
5.060030015007503934e+00
5.060030015007503934e+00
5.042521260630315361e+00
5.025012506253126787e+00
5.025012506253126787e+00
4.989994997498748752e+00
4.937468734367183920e+00
4.884942471235617312e+00
4.849924962481241053e+00
4.797398699349674445e+00
4.744872436218108724e+00
4.727363681840921039e+00
4.709854927463731578e+00
4.727363681840921039e+00
4.727363681840921039e+00
4.727363681840921039e+00
4.744872436218108724e+00
4.779889944972485871e+00
4.797398699349674445e+00
4.832416208104052480e+00
4.884942471235617312e+00
4.937468734367183920e+00
4.989994997498748752e+00
5.025012506253126787e+00
5.060030015007503934e+00
5.077538769384692507e+00
5.095047523761881081e+00
5.112556278139070542e+00
5.112556278139070542e+00
5.112556278139070542e+00
5.095047523761881081e+00
5.060030015007503934e+00
5.025012506253126787e+00
4.972486243121561067e+00
4.937468734367183920e+00
4.884942471235617312e+00
4.814907453726863906e+00
4.779889944972485871e+00
4.762381190595298186e+00
4.762381190595298186e+00
4.832416208104052480e+00
4.972486243121561067e+00
5.200100050025012521e+00
5.392696348174086829e+00
5.515257628814406843e+00
5.602801400700350598e+00
5.637818909454728633e+00
5.672836418209104004e+00
5.690345172586293465e+00
5.707853926963481150e+00
5.725362681340669724e+00
5.742871435717859185e+00
5.760380190095048647e+00
5.760380190095048647e+00
5.777888944472236332e+00
5.777888944472236332e+00
5.777888944472236332e+00
5.690345172586293465e+00
5.672836418209104004e+00
5.690345172586293465e+00
5.707853926963481150e+00
5.742871435717859185e+00
5.777888944472236332e+00
5.812906453226614367e+00
5.830415207603802052e+00
5.865432716358179199e+00
5.900450225112556346e+00
5.917958979489744920e+00
5.952976488244122066e+00
5.970485242621311528e+00
5.987993996998500101e+00
5.987993996998500101e+00
5.952976488244122066e+00
5.882941470735366885e+00
5.795397698849424906e+00
5.690345172586293465e+00
5.620310155077539171e+00
5.672836418209104004e+00
5.655327663831916318e+00
5.637818909454728633e+00
5.620310155077539171e+00
5.602801400700350598e+00
5.602801400700350598e+00
5.602801400700350598e+00
5.585292646323162025e+00
5.550275137568783990e+00
5.532766383191595416e+00
5.515257628814406843e+00
5.515257628814406843e+00
5.480240120060030584e+00
5.445222611305653437e+00
5.392696348174086829e+00
5.305152576288143962e+00
5.200100050025012521e+00
5.095047523761881081e+00
4.937468734367183920e+00
4.779889944972485871e+00
4.517258629314657270e+00
4.307153576788394389e+00
4.149574787393697228e+00
4.044522261130564900e+00
3.974487243621811050e+00
3.939469734867433459e+00
3.939469734867433459e+00
3.974487243621811050e+00
4.044522261130564900e+00
4.149574787393697228e+00
4.289644822411205816e+00
4.394697348674337256e+00
4.499749874937469585e+00
4.604802401200601025e+00
4.709854927463731578e+00
4.797398699349674445e+00
4.867433716858428738e+00
4.919959979989995347e+00
4.954977488744372494e+00
4.954977488744372494e+00
4.954977488744372494e+00
4.954977488744372494e+00
4.954977488744372494e+00
4.954977488744372494e+00
4.937468734367183920e+00
4.937468734367183920e+00
4.919959979989995347e+00
4.902451225612806773e+00
4.884942471235617312e+00
4.849924962481241053e+00
4.797398699349674445e+00
4.744872436218108724e+00
4.692346173086543892e+00
4.639819909954977284e+00
4.569784892446222990e+00
4.517258629314657270e+00
4.482241120560280123e+00
4.429714857428714403e+00
4.412206103051525830e+00
4.394697348674337256e+00
4.412206103051525830e+00
4.429714857428714403e+00
4.447223611805902976e+00
4.482241120560280123e+00
4.517258629314657270e+00
4.587293646823412452e+00
4.639819909954977284e+00
4.709854927463731578e+00
4.762381190595298186e+00
4.832416208104052480e+00
4.867433716858428738e+00
4.919959979989995347e+00
4.954977488744372494e+00
4.989994997498748752e+00
5.007503751875937326e+00
5.007503751875937326e+00
5.007503751875937326e+00
4.972486243121561067e+00
4.954977488744372494e+00
4.919959979989995347e+00
4.849924962481241053e+00
4.762381190595298186e+00
4.692346173086543892e+00
4.639819909954977284e+00
4.622311155577788711e+00
4.587293646823412452e+00
4.569784892446222990e+00
4.552276138069034417e+00
4.569784892446222990e+00
4.622311155577788711e+00
4.709854927463731578e+00
4.902451225612806773e+00
5.130065032516258228e+00
5.305152576288143962e+00
5.445222611305653437e+00
5.515257628814406843e+00
5.567783891945973451e+00
5.602801400700350598e+00
5.620310155077539171e+00
5.620310155077539171e+00
5.567783891945973451e+00
5.550275137568783990e+00
5.550275137568783990e+00
5.550275137568783990e+00
5.550275137568783990e+00
5.532766383191595416e+00
5.550275137568783990e+00
5.550275137568783990e+00
5.567783891945973451e+00
5.585292646323162025e+00
5.602801400700350598e+00
5.620310155077539171e+00
5.637818909454728633e+00
5.655327663831916318e+00
5.672836418209104004e+00
5.707853926963481150e+00
5.725362681340669724e+00
5.742871435717859185e+00
5.760380190095048647e+00
5.725362681340669724e+00
5.672836418209104004e+00
5.620310155077539171e+00
5.550275137568783990e+00
5.497748874437218269e+00
5.462731365682842011e+00
5.445222611305653437e+00
5.427713856928463976e+00
5.427713856928463976e+00
5.427713856928463976e+00
5.427713856928463976e+00
5.445222611305653437e+00
5.445222611305653437e+00
5.462731365682842011e+00
5.480240120060030584e+00
5.480240120060030584e+00
5.480240120060030584e+00
5.462731365682842011e+00
5.427713856928463976e+00
5.392696348174086829e+00
5.392696348174086829e+00
5.462731365682842011e+00
5.427713856928463976e+00
5.322661330665333423e+00
5.200100050025012521e+00
5.025012506253126787e+00
4.814907453726863906e+00
4.587293646823412452e+00
4.377188594297148683e+00
4.184592296148074375e+00
4.027013506753376326e+00
3.904452226113056756e+00
3.834417208604302463e+00
3.799399699849925316e+00
3.799399699849925316e+00
3.799399699849925316e+00
3.816908454227113445e+00
3.851925962981490592e+00
3.921960980490245774e+00
4.027013506753376326e+00
4.184592296148074375e+00
4.377188594297148683e+00
4.482241120560280123e+00
4.569784892446222990e+00
4.639819909954977284e+00
4.692346173086543892e+00
4.744872436218108724e+00
4.762381190595298186e+00
4.779889944972485871e+00
4.797398699349674445e+00
4.797398699349674445e+00
4.779889944972485871e+00
4.779889944972485871e+00
4.762381190595298186e+00
4.727363681840921039e+00
4.692346173086543892e+00
4.639819909954977284e+00
4.587293646823412452e+00
4.517258629314657270e+00
4.429714857428714403e+00
4.377188594297148683e+00
4.359679839919959221e+00
4.324662331165582962e+00
4.289644822411205816e+00
4.237118559279640095e+00
4.202101050525262949e+00
4.184592296148074375e+00
4.184592296148074375e+00
4.184592296148074375e+00
4.184592296148074375e+00
4.219609804902451522e+00
4.272136068034017242e+00
4.342171085542771536e+00
4.394697348674337256e+00
4.464732366183091550e+00
4.517258629314657270e+00
4.569784892446222990e+00
4.622311155577788711e+00
4.657328664332165857e+00
4.692346173086543892e+00
4.744872436218108724e+00
4.779889944972485871e+00
4.814907453726863906e+00
4.832416208104052480e+00
4.814907453726863906e+00
4.797398699349674445e+00
4.762381190595298186e+00
4.727363681840921039e+00
4.657328664332165857e+00
4.604802401200601025e+00
4.569784892446222990e+00
4.534767383691845843e+00
4.499749874937469585e+00
4.482241120560280123e+00
4.482241120560280123e+00
4.464732366183091550e+00
4.464732366183091550e+00
4.464732366183091550e+00
4.482241120560280123e+00
4.517258629314657270e+00
4.499749874937469585e+00
4.394697348674337256e+00
4.552276138069034417e+00
4.727363681840921039e+00
4.884942471235617312e+00
5.042521260630315361e+00
5.165082541270635375e+00
5.235117558779390556e+00
5.287643821910956277e+00
5.340170085042521109e+00
5.357678839419710570e+00
5.357678839419710570e+00
5.357678839419710570e+00
5.357678839419710570e+00
5.357678839419710570e+00
5.357678839419710570e+00
5.357678839419710570e+00
5.357678839419710570e+00
5.375187593796898256e+00
5.375187593796898256e+00
5.340170085042521109e+00
5.305152576288143962e+00
5.305152576288143962e+00
5.305152576288143962e+00
5.305152576288143962e+00
5.322661330665333423e+00
5.322661330665333423e+00
5.305152576288143962e+00
5.270135067533766815e+00
5.217608804402201095e+00
5.165082541270635375e+00
5.112556278139070542e+00
5.077538769384692507e+00
5.077538769384692507e+00
5.077538769384692507e+00
5.095047523761881081e+00
5.130065032516258228e+00
5.130065032516258228e+00
5.165082541270635375e+00
5.182591295647823948e+00
5.217608804402201095e+00
5.270135067533766815e+00
5.305152576288143962e+00
5.340170085042521109e+00
5.357678839419710570e+00
5.410205102551276291e+00
5.445222611305653437e+00
5.462731365682842011e+00
5.480240120060030584e+00
5.462731365682842011e+00
5.410205102551276291e+00
5.357678839419710570e+00
5.270135067533766815e+00
5.200100050025012521e+00
5.130065032516258228e+00
5.060030015007503934e+00
4.954977488744372494e+00
4.849924962481241053e+00
4.727363681840921039e+00
4.587293646823412452e+00
4.464732366183091550e+00
4.324662331165582962e+00
4.167083541770885802e+00
4.044522261130564900e+00
3.939469734867433459e+00
3.834417208604302463e+00
3.781890945472735854e+00
3.746873436718359596e+00
3.711855927963982005e+00
3.694347173586792987e+00
3.711855927963982005e+00
3.729364682341170578e+00
3.781890945472735854e+00
3.869434717358679165e+00
3.974487243621811050e+00
4.079539769884942935e+00
4.184592296148074375e+00
4.272136068034017242e+00
4.377188594297148683e+00
4.447223611805902976e+00
4.517258629314657270e+00
4.587293646823412452e+00
4.604802401200601025e+00
4.622311155577788711e+00
4.622311155577788711e+00
4.604802401200601025e+00
4.587293646823412452e+00
4.569784892446222990e+00
4.517258629314657270e+00
4.464732366183091550e+00
4.412206103051525830e+00
4.342171085542771536e+00
4.254627313656828669e+00
4.184592296148074375e+00
4.132066033016507767e+00
4.079539769884942935e+00
4.027013506753376326e+00
3.991995997998999623e+00
3.956978489244622033e+00
3.956978489244622033e+00
3.921960980490245774e+00
3.869434717358679165e+00
3.921960980490245774e+00
3.956978489244622033e+00
3.991995997998999623e+00
4.044522261130564900e+00
4.097048524262131508e+00
4.167083541770885802e+00
4.237118559279640095e+00
4.289644822411205816e+00
4.342171085542771536e+00
4.394697348674337256e+00
4.447223611805902976e+00
4.482241120560280123e+00
4.517258629314657270e+00
4.552276138069034417e+00
4.569784892446222990e+00
4.587293646823412452e+00
4.587293646823412452e+00
4.569784892446222990e+00
4.517258629314657270e+00
4.342171085542771536e+00
4.289644822411205816e+00
4.289644822411205816e+00
4.307153576788394389e+00
4.307153576788394389e+00
4.307153576788394389e+00
4.307153576788394389e+00
4.324662331165582962e+00
4.342171085542771536e+00
4.359679839919959221e+00
4.377188594297148683e+00
4.412206103051525830e+00
4.429714857428714403e+00
4.429714857428714403e+00
4.447223611805902976e+00
4.464732366183091550e+00
4.482241120560280123e+00
4.499749874937469585e+00
4.534767383691845843e+00
4.657328664332165857e+00
4.884942471235617312e+00
5.025012506253126787e+00
5.112556278139070542e+00
5.165082541270635375e+00
5.200100050025012521e+00
5.217608804402201095e+00
5.217608804402201095e+00
5.235117558779390556e+00
5.235117558779390556e+00
5.252626313156578242e+00
5.252626313156578242e+00
5.252626313156578242e+00
5.235117558779390556e+00
5.235117558779390556e+00
5.217608804402201095e+00
5.217608804402201095e+00
5.200100050025012521e+00
5.200100050025012521e+00
5.182591295647823948e+00
5.165082541270635375e+00
5.112556278139070542e+00
5.060030015007503934e+00
4.989994997498748752e+00
4.902451225612806773e+00
4.814907453726863906e+00
4.744872436218108724e+00
4.727363681840921039e+00
4.727363681840921039e+00
4.762381190595298186e+00
4.814907453726863906e+00
4.867433716858428738e+00
4.902451225612806773e+00
4.954977488744372494e+00
4.989994997498748752e+00
5.025012506253126787e+00
5.060030015007503934e+00
5.095047523761881081e+00
5.130065032516258228e+00
5.147573786893446801e+00
5.200100050025012521e+00
5.252626313156578242e+00
5.305152576288143962e+00
5.322661330665333423e+00
5.322661330665333423e+00
5.305152576288143962e+00
5.270135067533766815e+00
5.217608804402201095e+00
5.130065032516258228e+00
5.007503751875937326e+00
4.867433716858428738e+00
4.709854927463731578e+00
4.587293646823412452e+00
4.464732366183091550e+00
4.377188594297148683e+00
4.289644822411205816e+00
4.202101050525262949e+00
4.149574787393697228e+00
4.079539769884942935e+00
4.027013506753376326e+00
3.974487243621811050e+00
3.939469734867433459e+00
3.851925962981490592e+00
3.746873436718359596e+00
3.641820910455227711e+00
3.554277138569284400e+00
3.484242121060530550e+00
3.431715857928964830e+00
3.396698349174587683e+00
3.379189594797398666e+00
3.361680840420210092e+00
3.379189594797398666e+00
3.396698349174587683e+00
3.449224612306152959e+00
3.501750875437719124e+00
3.589294647323661991e+00
3.659329664832416729e+00
3.729364682341170578e+00
3.781890945472735854e+00
3.851925962981490592e+00
3.991995997998999623e+00
4.132066033016507767e+00
4.167083541770885802e+00
4.167083541770885802e+00
4.149574787393697228e+00
4.114557278639319193e+00
4.079539769884942935e+00
4.044522261130564900e+00
3.991995997998999623e+00
3.939469734867433459e+00
3.904452226113056756e+00
3.851925962981490592e+00
3.816908454227113445e+00
3.764382191095547725e+00
3.729364682341170578e+00
3.694347173586792987e+00
3.676838419209605302e+00
3.659329664832416729e+00
3.659329664832416729e+00
3.676838419209605302e+00
3.694347173586792987e+00
3.729364682341170578e+00
3.764382191095547725e+00
3.799399699849925316e+00
3.851925962981490592e+00
3.904452226113056756e+00
3.939469734867433459e+00
3.956978489244622033e+00
4.009504752376188641e+00
4.044522261130564900e+00
4.097048524262131508e+00
4.149574787393697228e+00
4.184592296148074375e+00
4.202101050525262949e+00
4.219609804902451522e+00
4.219609804902451522e+00
4.219609804902451522e+00
4.219609804902451522e+00
4.219609804902451522e+00
4.219609804902451522e+00
4.149574787393697228e+00
3.921960980490245774e+00
3.904452226113056756e+00
3.974487243621811050e+00
4.027013506753376326e+00
4.079539769884942935e+00
4.114557278639319193e+00
4.167083541770885802e+00
4.202101050525262949e+00
4.219609804902451522e+00
4.254627313656828669e+00
4.289644822411205816e+00
4.289644822411205816e+00
4.307153576788394389e+00
4.342171085542771536e+00
4.359679839919959221e+00
4.359679839919959221e+00
4.359679839919959221e+00
4.359679839919959221e+00
4.359679839919959221e+00
4.377188594297148683e+00
4.429714857428714403e+00
4.447223611805902976e+00
4.499749874937469585e+00
4.569784892446222990e+00
4.692346173086543892e+00
4.797398699349674445e+00
4.902451225612806773e+00
4.972486243121561067e+00
5.025012506253126787e+00
5.042521260630315361e+00
5.077538769384692507e+00
5.077538769384692507e+00
5.077538769384692507e+00
5.077538769384692507e+00
5.060030015007503934e+00
5.042521260630315361e+00
5.042521260630315361e+00
5.025012506253126787e+00
5.007503751875937326e+00
4.972486243121561067e+00
4.937468734367183920e+00
4.884942471235617312e+00
4.814907453726863906e+00
4.727363681840921039e+00
4.622311155577788711e+00
4.517258629314657270e+00
4.412206103051525830e+00
4.342171085542771536e+00
4.307153576788394389e+00
4.307153576788394389e+00
4.342171085542771536e+00
4.394697348674337256e+00
4.447223611805902976e+00
4.517258629314657270e+00
4.604802401200601025e+00
4.674837418709355319e+00
4.727363681840921039e+00
4.797398699349674445e+00
4.849924962481241053e+00
4.884942471235617312e+00
4.954977488744372494e+00
5.007503751875937326e+00
5.060030015007503934e+00
5.095047523761881081e+00
5.130065032516258228e+00
5.165082541270635375e+00
5.165082541270635375e+00
5.147573786893446801e+00
5.130065032516258228e+00
5.077538769384692507e+00
5.025012506253126787e+00
4.954977488744372494e+00
4.884942471235617312e+00
4.797398699349674445e+00
4.692346173086543892e+00
4.552276138069034417e+00
4.429714857428714403e+00
4.324662331165582962e+00
4.237118559279640095e+00
4.167083541770885802e+00
4.149574787393697228e+00
4.114557278639319193e+00
4.062031015507754361e+00
4.009504752376188641e+00
3.956978489244622033e+00
3.886943471735868183e+00
3.799399699849925316e+00
3.729364682341170578e+00
3.641820910455227711e+00
3.536768384192096271e+00
3.449224612306152959e+00
3.344172086043021519e+00
3.256628314157078652e+00
3.204102051025512488e+00
3.151575787893947211e+00
3.116558279139569620e+00
3.099049524762381047e+00
3.081540770385193362e+00
3.064032016008003900e+00
3.134067033516758638e+00
3.309154577288644816e+00
3.361680840420210092e+00
3.414207103551776257e+00
3.466733366683341533e+00
3.501750875437719124e+00
3.519259629814907253e+00
3.536768384192096271e+00
3.554277138569284400e+00
3.571785892946473862e+00
3.571785892946473862e+00
3.589294647323661991e+00
3.589294647323661991e+00
3.571785892946473862e+00
3.571785892946473862e+00
3.554277138569284400e+00
3.536768384192096271e+00
3.519259629814907253e+00
3.484242121060530550e+00
3.466733366683341533e+00
3.484242121060530550e+00
3.519259629814907253e+00
3.501750875437719124e+00
3.501750875437719124e+00
3.519259629814907253e+00
3.536768384192096271e+00
3.554277138569284400e+00
3.571785892946473862e+00
3.589294647323661991e+00
3.624312156078039138e+00
3.641820910455227711e+00
3.676838419209605302e+00
3.711855927963982005e+00
3.746873436718359596e+00
3.764382191095547725e+00
3.781890945472735854e+00
3.816908454227113445e+00
3.816908454227113445e+00
3.799399699849925316e+00
3.799399699849925316e+00
3.676838419209605302e+00
3.449224612306152959e+00
3.396698349174587683e+00
3.361680840420210092e+00
3.344172086043021519e+00
3.361680840420210092e+00
3.379189594797398666e+00
3.431715857928964830e+00
3.484242121060530550e+00
3.554277138569284400e+00
3.641820910455227711e+00
3.711855927963982005e+00
3.816908454227113445e+00
3.886943471735868183e+00
3.956978489244622033e+00
4.044522261130564900e+00
4.114557278639319193e+00
4.167083541770885802e+00
4.219609804902451522e+00
4.237118559279640095e+00
4.237118559279640095e+00
4.184592296148074375e+00
4.184592296148074375e+00
4.202101050525262949e+00
4.202101050525262949e+00
4.219609804902451522e+00
4.219609804902451522e+00
4.219609804902451522e+00
4.219609804902451522e+00
4.202101050525262949e+00
4.184592296148074375e+00
4.149574787393697228e+00
4.114557278639319193e+00
4.097048524262131508e+00
4.079539769884942935e+00
4.097048524262131508e+00
4.132066033016507767e+00
4.202101050525262949e+00
4.307153576788394389e+00
4.429714857428714403e+00
4.604802401200601025e+00
4.727363681840921039e+00
4.762381190595298186e+00
4.779889944972485871e+00
4.779889944972485871e+00
4.797398699349674445e+00
4.779889944972485871e+00
4.762381190595298186e+00
4.744872436218108724e+00
4.727363681840921039e+00
4.674837418709355319e+00
4.604802401200601025e+00
4.499749874937469585e+00
4.394697348674337256e+00
4.254627313656828669e+00
4.132066033016507767e+00
4.027013506753376326e+00
3.956978489244622033e+00
3.921960980490245774e+00
3.904452226113056756e+00
3.904452226113056756e+00
3.921960980490245774e+00
3.956978489244622033e+00
3.991995997998999623e+00
4.062031015507754361e+00
4.132066033016507767e+00
4.202101050525262949e+00
4.289644822411205816e+00
4.377188594297148683e+00
4.464732366183091550e+00
4.569784892446222990e+00
4.657328664332165857e+00
4.727363681840921039e+00
4.797398699349674445e+00
4.867433716858428738e+00
4.919959979989995347e+00
4.954977488744372494e+00
4.989994997498748752e+00
5.007503751875937326e+00
5.007503751875937326e+00
5.025012506253126787e+00
5.060030015007503934e+00
5.042521260630315361e+00
4.989994997498748752e+00
4.919959979989995347e+00
4.849924962481241053e+00
4.762381190595298186e+00
4.692346173086543892e+00
4.622311155577788711e+00
4.552276138069034417e+00
4.517258629314657270e+00
4.464732366183091550e+00
4.412206103051525830e+00
4.324662331165582962e+00
4.237118559279640095e+00
4.184592296148074375e+00
4.132066033016507767e+00
4.062031015507754361e+00
4.009504752376188641e+00
3.956978489244622033e+00
3.974487243621811050e+00
4.009504752376188641e+00
3.956978489244622033e+00
3.886943471735868183e+00
3.799399699849925316e+00
3.711855927963982005e+00
3.606803401700850120e+00
3.484242121060530550e+00
3.361680840420210092e+00
3.256628314157078652e+00
3.151575787893947211e+00
3.064032016008003900e+00
2.993996998499250051e+00
2.941470735367683442e+00
2.888944472236118166e+00
2.853926963481740575e+00
2.818909454727364317e+00
2.783891945972986726e+00
2.766383191595797708e+00
2.731365682841421005e+00
2.801400700350175299e+00
2.958979489744872460e+00
3.029014507253626753e+00
3.064032016008003900e+00
3.116558279139569620e+00
3.134067033516758638e+00
3.169084542271136229e+00
3.204102051025512488e+00
3.221610805402701505e+00
3.239119559779890078e+00
3.256628314157078652e+00
3.274137068534267225e+00
3.291645822911455355e+00
3.291645822911455355e+00
3.291645822911455355e+00
3.309154577288644816e+00
3.309154577288644816e+00
3.326663331665832946e+00
3.326663331665832946e+00
3.344172086043021519e+00
3.379189594797398666e+00
3.396698349174587683e+00
3.414207103551776257e+00
3.431715857928964830e+00
3.449224612306152959e+00
3.449224612306152959e+00
3.466733366683341533e+00
3.466733366683341533e+00
3.466733366683341533e+00
3.466733366683341533e+00
3.466733366683341533e+00
3.466733366683341533e+00
3.466733366683341533e+00
3.466733366683341533e+00
3.431715857928964830e+00
3.431715857928964830e+00
3.414207103551776257e+00
3.396698349174587683e+00
3.361680840420210092e+00
3.361680840420210092e+00
3.204102051025512488e+00
3.011505752876438180e+00
3.046523261630815771e+00
3.099049524762381047e+00
3.151575787893947211e+00
3.221610805402701505e+00
3.274137068534267225e+00
3.361680840420210092e+00
3.449224612306152959e+00
3.554277138569284400e+00
3.659329664832416729e+00
3.781890945472735854e+00
3.904452226113056756e+00
3.991995997998999623e+00
4.062031015507754361e+00
4.149574787393697228e+00
4.202101050525262949e+00
4.254627313656828669e+00
4.289644822411205816e+00
4.289644822411205816e+00
4.272136068034017242e+00
4.237118559279640095e+00
4.219609804902451522e+00
4.219609804902451522e+00
4.202101050525262949e+00
4.184592296148074375e+00
4.149574787393697228e+00
4.114557278639319193e+00
4.097048524262131508e+00
4.062031015507754361e+00
4.027013506753376326e+00
4.009504752376188641e+00
3.991995997998999623e+00
3.974487243621811050e+00
3.974487243621811050e+00
3.956978489244622033e+00
3.939469734867433459e+00
3.939469734867433459e+00
3.956978489244622033e+00
4.009504752376188641e+00
4.184592296148074375e+00
4.377188594297148683e+00
4.464732366183091550e+00
4.499749874937469585e+00
4.534767383691845843e+00
4.534767383691845843e+00
4.517258629314657270e+00
4.499749874937469585e+00
4.447223611805902976e+00
4.377188594297148683e+00
4.289644822411205816e+00
4.167083541770885802e+00
4.062031015507754361e+00
3.939469734867433459e+00
3.869434717358679165e+00
3.799399699849925316e+00
3.764382191095547725e+00
3.729364682341170578e+00
3.711855927963982005e+00
3.694347173586792987e+00
3.711855927963982005e+00
3.729364682341170578e+00
3.746873436718359596e+00
3.781890945472735854e+00
3.799399699849925316e+00
3.851925962981490592e+00
3.904452226113056756e+00
3.956978489244622033e+00
4.027013506753376326e+00
4.097048524262131508e+00
4.167083541770885802e+00
4.254627313656828669e+00
4.342171085542771536e+00
4.412206103051525830e+00
4.482241120560280123e+00
4.552276138069034417e+00
4.604802401200601025e+00
4.639819909954977284e+00
4.674837418709355319e+00
4.692346173086543892e+00
4.674837418709355319e+00
4.639819909954977284e+00
4.622311155577788711e+00
4.569784892446222990e+00
4.517258629314657270e+00
4.464732366183091550e+00
4.412206103051525830e+00
4.359679839919959221e+00
4.307153576788394389e+00
4.289644822411205816e+00
4.272136068034017242e+00
4.272136068034017242e+00
4.272136068034017242e+00
4.272136068034017242e+00
4.272136068034017242e+00
4.289644822411205816e+00
4.289644822411205816e+00
4.254627313656828669e+00
4.202101050525262949e+00
4.132066033016507767e+00
4.062031015507754361e+00
4.009504752376188641e+00
3.939469734867433459e+00
3.886943471735868183e+00
3.834417208604302463e+00
3.781890945472735854e+00
3.729364682341170578e+00
3.676838419209605302e+00
3.606803401700850120e+00
3.536768384192096271e+00
3.449224612306152959e+00
3.344172086043021519e+00
3.256628314157078652e+00
3.151575787893947211e+00
3.064032016008003900e+00
2.976488244122061033e+00
2.871435717858929593e+00
2.801400700350175299e+00
2.713856928464231988e+00
2.626313156578289121e+00
2.626313156578289121e+00
2.626313156578289121e+00
2.573786893446723401e+00
2.538769384692346254e+00
2.503751875937968663e+00
2.468734367183591960e+00
2.468734367183591960e+00
2.468734367183591960e+00
2.468734367183591960e+00
2.486243121560780533e+00
2.503751875937968663e+00
2.556278139069535271e+00
2.591295647823911974e+00
2.643821910955478138e+00
2.678839419709855285e+00
2.731365682841421005e+00
2.783891945972986726e+00
2.836418209104552002e+00
2.888944472236118166e+00
2.941470735367683442e+00
3.029014507253626753e+00
3.116558279139569620e+00
3.169084542271136229e+00
3.204102051025512488e+00
3.239119559779890078e+00
3.274137068534267225e+00
3.291645822911455355e+00
3.309154577288644816e+00
3.326663331665832946e+00
3.344172086043021519e+00
3.361680840420210092e+00
3.361680840420210092e+00
3.361680840420210092e+00
3.361680840420210092e+00
3.344172086043021519e+00
3.326663331665832946e+00
3.309154577288644816e+00
3.274137068534267225e+00
3.239119559779890078e+00
3.204102051025512488e+00
3.064032016008003900e+00
2.906453226613307184e+00
2.853926963481740575e+00
2.853926963481740575e+00
2.871435717858929593e+00
2.888944472236118166e+00
2.906453226613307184e+00
2.958979489744872460e+00
2.993996998499250051e+00
3.011505752876438180e+00
3.046523261630815771e+00
3.099049524762381047e+00
3.169084542271136229e+00
3.239119559779890078e+00
3.344172086043021519e+00
3.449224612306152959e+00
3.571785892946473862e+00
3.676838419209605302e+00
3.781890945472735854e+00
3.869434717358679165e+00
3.816908454227113445e+00
3.764382191095547725e+00
3.851925962981490592e+00
3.939469734867433459e+00
4.027013506753376326e+00
4.114557278639319193e+00
4.167083541770885802e+00
4.219609804902451522e+00
4.254627313656828669e+00
4.272136068034017242e+00
4.272136068034017242e+00
4.254627313656828669e+00
4.237118559279640095e+00
4.184592296148074375e+00
4.149574787393697228e+00
4.097048524262131508e+00
4.062031015507754361e+00
4.027013506753376326e+00
4.009504752376188641e+00
4.009504752376188641e+00
4.009504752376188641e+00
3.991995997998999623e+00
3.991995997998999623e+00
3.974487243621811050e+00
3.939469734867433459e+00
3.886943471735868183e+00
3.851925962981490592e+00
3.816908454227113445e+00
3.781890945472735854e+00
3.746873436718359596e+00
3.729364682341170578e+00
3.694347173586792987e+00
3.676838419209605302e+00
3.676838419209605302e+00
3.676838419209605302e+00
3.676838419209605302e+00
3.659329664832416729e+00
3.641820910455227711e+00
3.606803401700850120e+00
3.571785892946473862e+00
3.641820910455227711e+00
3.694347173586792987e+00
3.659329664832416729e+00
3.606803401700850120e+00
3.589294647323661991e+00
3.554277138569284400e+00
3.554277138569284400e+00
3.536768384192096271e+00
3.519259629814907253e+00
3.519259629814907253e+00
3.519259629814907253e+00
3.519259629814907253e+00
3.536768384192096271e+00
3.536768384192096271e+00
3.554277138569284400e+00
3.571785892946473862e+00
3.589294647323661991e+00
3.606803401700850120e+00
3.641820910455227711e+00
3.676838419209605302e+00
3.694347173586792987e+00
3.711855927963982005e+00
3.764382191095547725e+00
3.816908454227113445e+00
3.869434717358679165e+00
3.921960980490245774e+00
3.974487243621811050e+00
4.009504752376188641e+00
4.062031015507754361e+00
4.114557278639319193e+00
4.149574787393697228e+00
4.184592296148074375e+00
4.219609804902451522e+00
4.237118559279640095e+00
4.272136068034017242e+00
4.272136068034017242e+00
4.289644822411205816e+00
4.272136068034017242e+00
4.272136068034017242e+00
4.272136068034017242e+00
4.167083541770885802e+00
4.062031015507754361e+00
4.062031015507754361e+00
4.114557278639319193e+00
4.149574787393697228e+00
4.149574787393697228e+00
4.167083541770885802e+00
4.184592296148074375e+00
4.202101050525262949e+00
4.184592296148074375e+00
4.167083541770885802e+00
4.149574787393697228e+00
4.149574787393697228e+00
4.149574787393697228e+00
4.149574787393697228e+00
4.149574787393697228e+00
4.132066033016507767e+00
4.114557278639319193e+00
4.062031015507754361e+00
4.009504752376188641e+00
3.956978489244622033e+00
3.921960980490245774e+00
3.834417208604302463e+00
3.729364682341170578e+00
3.641820910455227711e+00
3.571785892946473862e+00
3.501750875437719124e+00
3.414207103551776257e+00
3.326663331665832946e+00
3.239119559779890078e+00
3.134067033516758638e+00
3.029014507253626753e+00
2.906453226613307184e+00
2.783891945972986726e+00
2.696348174087043414e+00
2.608804402201100547e+00
2.521260630315157680e+00
2.451225612806403387e+00
2.398699349674837222e+00
2.346173086543271946e+00
2.328664332166082929e+00
2.328664332166082929e+00
2.293646823411706226e+00
2.258629314657328635e+00
2.223611805902951488e+00
2.206103051525762915e+00
2.188594297148574341e+00
2.188594297148574341e+00
2.188594297148574341e+00
2.188594297148574341e+00
2.188594297148574341e+00
2.206103051525762915e+00
2.223611805902951488e+00
2.258629314657328635e+00
2.293646823411706226e+00
2.328664332166082929e+00
2.381190595297649093e+00
2.433716858429214369e+00
2.503751875937968663e+00
2.573786893446723401e+00
2.731365682841421005e+00
7.003501750875438248e+00
7.056028014007003080e+00
7.091045522761381115e+00
7.126063031515758261e+00
7.161080540270135408e+00
7.178589294647323982e+00
7.178589294647323982e+00
7.178589294647323982e+00
7.161080540270135408e+00
7.143571785892947723e+00
7.126063031515758261e+00
7.073536768384192541e+00
7.021010505252625933e+00
6.950975487743872527e+00
3.239119559779890078e+00
3.186593296648323914e+00
3.134067033516758638e+00
3.064032016008003900e+00
3.011505752876438180e+00
2.853926963481740575e+00
2.731365682841421005e+00
2.696348174087043414e+00
2.696348174087043414e+00
2.713856928464231988e+00
2.713856928464231988e+00
2.731365682841421005e+00
2.748874437218609135e+00
2.783891945972986726e+00
2.836418209104552002e+00
2.871435717858929593e+00
2.923961980990494869e+00
2.976488244122061033e+00
3.046523261630815771e+00
3.116558279139569620e+00
3.186593296648323914e+00
3.256628314157078652e+00
3.344172086043021519e+00
3.431715857928964830e+00
3.554277138569284400e+00
3.484242121060530550e+00
3.414207103551776257e+00
3.501750875437719124e+00
3.606803401700850120e+00
3.711855927963982005e+00
3.816908454227113445e+00
3.904452226113056756e+00
3.991995997998999623e+00
4.079539769884942935e+00
4.132066033016507767e+00
4.167083541770885802e+00
4.184592296148074375e+00
4.184592296148074375e+00
4.184592296148074375e+00
4.167083541770885802e+00
4.132066033016507767e+00
4.114557278639319193e+00
4.097048524262131508e+00
4.079539769884942935e+00
4.062031015507754361e+00
4.062031015507754361e+00
4.027013506753376326e+00
3.991995997998999623e+00
3.991995997998999623e+00
3.956978489244622033e+00
3.921960980490245774e+00
3.886943471735868183e+00
3.834417208604302463e+00
3.799399699849925316e+00
3.764382191095547725e+00
3.729364682341170578e+00
3.694347173586792987e+00
3.659329664832416729e+00
3.624312156078039138e+00
3.589294647323661991e+00
3.536768384192096271e+00
3.484242121060530550e+00
3.431715857928964830e+00
3.344172086043021519e+00
3.256628314157078652e+00
3.239119559779890078e+00
3.221610805402701505e+00
3.151575787893947211e+00
3.099049524762381047e+00
3.099049524762381047e+00
3.116558279139569620e+00
3.134067033516758638e+00
3.169084542271136229e+00
3.204102051025512488e+00
3.239119559779890078e+00
3.256628314157078652e+00
3.274137068534267225e+00
3.291645822911455355e+00
3.309154577288644816e+00
3.344172086043021519e+00
3.361680840420210092e+00
3.379189594797398666e+00
3.396698349174587683e+00
3.414207103551776257e+00
3.414207103551776257e+00
3.449224612306152959e+00
3.484242121060530550e+00
3.501750875437719124e+00
3.536768384192096271e+00
3.554277138569284400e+00
3.571785892946473862e+00
3.606803401700850120e+00
3.624312156078039138e+00
3.659329664832416729e+00
3.676838419209605302e+00
3.694347173586792987e+00
3.711855927963982005e+00
3.746873436718359596e+00
3.764382191095547725e+00
3.781890945472735854e+00
3.816908454227113445e+00
3.834417208604302463e+00
3.851925962981490592e+00
3.869434717358679165e+00
3.869434717358679165e+00
3.659329664832416729e+00
3.484242121060530550e+00
3.484242121060530550e+00
3.536768384192096271e+00
3.589294647323661991e+00
3.659329664832416729e+00
3.729364682341170578e+00
3.799399699849925316e+00
3.886943471735868183e+00
3.939469734867433459e+00
3.991995997998999623e+00
4.044522261130564900e+00
4.097048524262131508e+00
4.114557278639319193e+00
4.114557278639319193e+00
4.114557278639319193e+00
4.114557278639319193e+00
4.114557278639319193e+00
4.114557278639319193e+00
4.114557278639319193e+00
4.097048524262131508e+00
4.079539769884942935e+00
4.062031015507754361e+00
4.044522261130564900e+00
4.027013506753376326e+00
4.009504752376188641e+00
3.991995997998999623e+00
3.956978489244622033e+00
3.939469734867433459e+00
3.886943471735868183e+00
3.834417208604302463e+00
3.746873436718359596e+00
3.641820910455227711e+00
3.519259629814907253e+00
3.396698349174587683e+00
3.274137068534267225e+00
3.151575787893947211e+00
3.046523261630815771e+00
2.941470735367683442e+00
2.836418209104552002e+00
2.888944472236118166e+00
2.906453226613307184e+00
2.783891945972986726e+00
2.696348174087043414e+00
2.591295647823911974e+00
2.521260630315157680e+00
2.451225612806403387e+00
2.398699349674837222e+00
2.363681840920460520e+00
2.311155577788894355e+00
2.276138069034517208e+00
2.223611805902951488e+00
2.188594297148574341e+00
2.153576788394197195e+00
2.118559279639820048e+00
2.101050525262631474e+00
2.066033016508253883e+00
2.066033016508253883e+00
2.048524262131065754e+00
2.048524262131065754e+00
2.083541770885442901e+00
2.118559279639820048e+00
2.136068034017008621e+00
2.153576788394197195e+00
2.171085542771385768e+00
2.188594297148574341e+00
2.223611805902951488e+00
2.276138069034517208e+00
2.328664332166082929e+00
2.398699349674837222e+00
2.486243121560780533e+00
2.573786893446723401e+00
2.696348174087043414e+00
2.801400700350175299e+00
2.923961980990494869e+00
7.091045522761381115e+00
7.108554277138568800e+00
7.108554277138568800e+00
7.108554277138568800e+00
7.108554277138568800e+00
7.108554277138568800e+00
7.108554277138568800e+00
7.073536768384192541e+00
7.021010505252625933e+00
3.291645822911455355e+00
3.239119559779890078e+00
3.186593296648323914e+00
3.116558279139569620e+00
3.046523261630815771e+00
2.976488244122061033e+00
2.923961980990494869e+00
2.871435717858929593e+00
2.836418209104552002e+00
2.818909454727364317e+00
2.818909454727364317e+00
2.818909454727364317e+00
2.818909454727364317e+00
2.818909454727364317e+00
2.836418209104552002e+00
2.853926963481740575e+00
2.748874437218609135e+00
2.678839419709855285e+00
2.713856928464231988e+00
2.748874437218609135e+00
2.801400700350175299e+00
2.871435717858929593e+00
2.923961980990494869e+00
2.976488244122061033e+00
3.029014507253626753e+00
3.099049524762381047e+00
3.204102051025512488e+00
3.326663331665832946e+00
3.449224612306152959e+00
3.536768384192096271e+00
3.641820910455227711e+00
3.746873436718359596e+00
3.851925962981490592e+00
3.939469734867433459e+00
4.009504752376188641e+00
4.079539769884942935e+00
4.044522261130564900e+00
4.027013506753376326e+00
4.062031015507754361e+00
4.097048524262131508e+00
4.097048524262131508e+00
4.097048524262131508e+00
4.097048524262131508e+00
4.079539769884942935e+00
4.062031015507754361e+00
4.044522261130564900e+00
4.027013506753376326e+00
4.009504752376188641e+00
4.009504752376188641e+00
4.009504752376188641e+00
3.991995997998999623e+00
3.974487243621811050e+00
3.956978489244622033e+00
3.939469734867433459e+00
3.904452226113056756e+00
3.869434717358679165e+00
3.851925962981490592e+00
3.851925962981490592e+00
3.816908454227113445e+00
3.781890945472735854e+00
3.746873436718359596e+00
3.711855927963982005e+00
3.676838419209605302e+00
3.624312156078039138e+00
3.589294647323661991e+00
3.536768384192096271e+00
3.466733366683341533e+00
3.379189594797398666e+00
3.256628314157078652e+00
3.151575787893947211e+00
3.029014507253626753e+00
2.941470735367683442e+00
2.853926963481740575e+00
2.818909454727364317e+00
2.818909454727364317e+00
2.871435717858929593e+00
3.064032016008003900e+00
3.204102051025512488e+00
3.256628314157078652e+00
3.274137068534267225e+00
3.291645822911455355e+00
3.309154577288644816e+00
3.326663331665832946e+00
3.361680840420210092e+00
3.379189594797398666e+00
3.396698349174587683e+00
3.414207103551776257e+00
3.414207103551776257e+00
3.431715857928964830e+00
3.449224612306152959e+00
3.484242121060530550e+00
3.501750875437719124e+00
3.519259629814907253e+00
3.536768384192096271e+00
3.554277138569284400e+00
3.571785892946473862e+00
3.554277138569284400e+00
3.536768384192096271e+00
3.536768384192096271e+00
3.554277138569284400e+00
3.554277138569284400e+00
3.536768384192096271e+00
3.536768384192096271e+00
3.536768384192096271e+00
3.519259629814907253e+00
3.519259629814907253e+00
3.519259629814907253e+00
3.501750875437719124e+00
3.519259629814907253e+00
3.536768384192096271e+00
3.571785892946473862e+00
3.589294647323661991e+00
3.641820910455227711e+00
3.694347173586792987e+00
3.746873436718359596e+00
3.799399699849925316e+00
3.659329664832416729e+00
3.624312156078039138e+00
3.676838419209605302e+00
3.746873436718359596e+00
3.816908454227113445e+00
3.886943471735868183e+00
3.921960980490245774e+00
3.939469734867433459e+00
3.956978489244622033e+00
3.974487243621811050e+00
3.991995997998999623e+00
3.991995997998999623e+00
4.009504752376188641e+00
4.009504752376188641e+00
4.009504752376188641e+00
3.991995997998999623e+00
3.974487243621811050e+00
3.974487243621811050e+00
3.956978489244622033e+00
3.956978489244622033e+00
3.974487243621811050e+00
3.974487243621811050e+00
3.956978489244622033e+00
3.921960980490245774e+00
3.851925962981490592e+00
3.781890945472735854e+00
3.676838419209605302e+00
3.554277138569284400e+00
3.449224612306152959e+00
3.326663331665832946e+00
3.204102051025512488e+00
3.081540770385193362e+00
2.958979489744872460e+00
2.853926963481740575e+00
2.731365682841421005e+00
2.626313156578289121e+00
2.538769384692346254e+00
2.468734367183591960e+00
2.416208104052026240e+00
2.363681840920460520e+00
2.433716858429214369e+00
2.433716858429214369e+00
2.398699349674837222e+00
2.346173086543271946e+00
2.293646823411706226e+00
2.258629314657328635e+00
2.206103051525762915e+00
2.171085542771385768e+00
2.153576788394197195e+00
2.136068034017008621e+00
2.118559279639820048e+00
2.118559279639820048e+00
2.118559279639820048e+00
2.118559279639820048e+00
2.136068034017008621e+00
2.153576788394197195e+00
2.171085542771385768e+00
2.188594297148574341e+00
2.223611805902951488e+00
2.276138069034517208e+00
2.398699349674837222e+00
2.503751875937968663e+00
2.608804402201100547e+00
2.696348174087043414e+00
2.801400700350175299e+00
2.906453226613307184e+00
2.993996998499250051e+00
7.126063031515758261e+00
7.161080540270135408e+00
7.196098049024512555e+00
7.213606803401700240e+00
7.231115557778888814e+00
7.231115557778888814e+00
7.231115557778888814e+00
7.213606803401700240e+00
7.213606803401700240e+00
3.309154577288644816e+00
3.291645822911455355e+00
3.256628314157078652e+00
3.221610805402701505e+00
3.134067033516758638e+00
2.993996998499250051e+00
2.941470735367683442e+00
2.906453226613307184e+00
2.871435717858929593e+00
2.836418209104552002e+00
2.836418209104552002e+00
2.836418209104552002e+00
2.853926963481740575e+00
2.871435717858929593e+00
2.906453226613307184e+00
2.923961980990494869e+00
2.958979489744872460e+00
3.011505752876438180e+00
3.064032016008003900e+00
3.099049524762381047e+00
3.134067033516758638e+00
3.186593296648323914e+00
3.256628314157078652e+00
3.326663331665832946e+00
3.186593296648323914e+00
3.134067033516758638e+00
3.204102051025512488e+00
3.309154577288644816e+00
3.414207103551776257e+00
3.536768384192096271e+00
3.676838419209605302e+00
3.781890945472735854e+00
3.886943471735868183e+00
3.991995997998999623e+00
4.097048524262131508e+00
4.167083541770885802e+00
4.237118559279640095e+00
4.272136068034017242e+00
4.307153576788394389e+00
4.324662331165582962e+00
4.324662331165582962e+00
4.324662331165582962e+00
4.289644822411205816e+00
4.254627313656828669e+00
4.202101050525262949e+00
4.149574787393697228e+00
4.097048524262131508e+00
4.062031015507754361e+00
4.044522261130564900e+00
4.009504752376188641e+00
4.009504752376188641e+00
3.991995997998999623e+00
3.974487243621811050e+00
3.956978489244622033e+00
3.939469734867433459e+00
3.904452226113056756e+00
3.851925962981490592e+00
3.816908454227113445e+00
3.781890945472735854e+00
3.746873436718359596e+00
3.711855927963982005e+00
3.694347173586792987e+00
3.659329664832416729e+00
3.641820910455227711e+00
3.764382191095547725e+00
3.851925962981490592e+00
3.869434717358679165e+00
3.869434717358679165e+00
3.851925962981490592e+00
3.816908454227113445e+00
3.764382191095547725e+00
3.711855927963982005e+00
3.659329664832416729e+00
3.606803401700850120e+00
3.571785892946473862e+00
3.536768384192096271e+00
3.519259629814907253e+00
3.519259629814907253e+00
3.501750875437719124e+00
3.484242121060530550e+00
3.484242121060530550e+00
3.484242121060530550e+00
3.484242121060530550e+00
3.501750875437719124e+00
3.519259629814907253e+00
3.519259629814907253e+00
3.536768384192096271e+00
3.554277138569284400e+00
3.571785892946473862e+00
3.589294647323661991e+00
3.606803401700850120e+00
3.641820910455227711e+00
3.659329664832416729e+00
3.694347173586792987e+00
3.729364682341170578e+00
3.746873436718359596e+00
3.781890945472735854e+00
3.799399699849925316e+00
3.834417208604302463e+00
3.869434717358679165e+00
3.869434717358679165e+00
3.886943471735868183e+00
3.904452226113056756e+00
3.904452226113056756e+00
3.641820910455227711e+00
3.501750875437719124e+00
3.519259629814907253e+00
3.571785892946473862e+00
3.624312156078039138e+00
3.659329664832416729e+00
3.711855927963982005e+00
3.764382191095547725e+00
3.834417208604302463e+00
3.904452226113056756e+00
3.956978489244622033e+00
3.991995997998999623e+00
4.027013506753376326e+00
4.079539769884942935e+00
4.114557278639319193e+00
4.114557278639319193e+00
4.097048524262131508e+00
4.079539769884942935e+00
4.079539769884942935e+00
4.097048524262131508e+00
4.079539769884942935e+00
4.079539769884942935e+00
4.079539769884942935e+00
4.062031015507754361e+00
4.062031015507754361e+00
4.044522261130564900e+00
3.991995997998999623e+00
3.939469734867433459e+00
3.851925962981490592e+00
3.746873436718359596e+00
3.659329664832416729e+00
3.554277138569284400e+00
3.466733366683341533e+00
3.396698349174587683e+00
3.309154577288644816e+00
3.221610805402701505e+00
3.116558279139569620e+00
3.011505752876438180e+00
2.906453226613307184e+00
2.801400700350175299e+00
2.871435717858929593e+00
2.818909454727364317e+00
2.713856928464231988e+00
2.626313156578289121e+00
2.556278139069535271e+00
2.486243121560780533e+00
2.416208104052026240e+00
2.363681840920460520e+00
2.328664332166082929e+00
2.293646823411706226e+00
2.276138069034517208e+00
2.258629314657328635e+00
2.241120560280140062e+00
2.241120560280140062e+00
2.241120560280140062e+00
2.258629314657328635e+00
2.276138069034517208e+00
2.293646823411706226e+00
2.328664332166082929e+00
2.363681840920460520e+00
2.486243121560780533e+00
2.573786893446723401e+00
2.643821910955478138e+00
2.731365682841421005e+00
2.818909454727364317e+00
2.906453226613307184e+00
2.976488244122061033e+00
3.046523261630815771e+00
3.116558279139569620e+00
3.151575787893947211e+00
3.204102051025512488e+00
3.221610805402701505e+00
3.256628314157078652e+00
7.353676838419210604e+00
3.309154577288644816e+00
3.309154577288644816e+00
3.326663331665832946e+00
3.326663331665832946e+00
3.326663331665832946e+00
3.326663331665832946e+00
3.309154577288644816e+00
3.274137068534267225e+00
3.239119559779890078e+00
3.221610805402701505e+00
3.186593296648323914e+00
3.151575787893947211e+00
3.116558279139569620e+00
3.099049524762381047e+00
3.081540770385193362e+00
3.064032016008003900e+00
3.081540770385193362e+00
3.081540770385193362e+00
3.099049524762381047e+00
3.116558279139569620e+00
3.151575787893947211e+00
3.204102051025512488e+00
3.256628314157078652e+00
3.344172086043021519e+00
3.414207103551776257e+00
3.466733366683341533e+00
3.239119559779890078e+00
3.204102051025512488e+00
3.291645822911455355e+00
3.414207103551776257e+00
3.571785892946473862e+00
3.711855927963982005e+00
3.851925962981490592e+00
3.974487243621811050e+00
4.079539769884942935e+00
4.184592296148074375e+00
4.272136068034017242e+00
4.324662331165582962e+00
4.359679839919959221e+00
4.377188594297148683e+00
4.394697348674337256e+00
4.394697348674337256e+00
4.394697348674337256e+00
4.377188594297148683e+00
4.359679839919959221e+00
4.342171085542771536e+00
4.307153576788394389e+00
4.272136068034017242e+00
4.219609804902451522e+00
4.184592296148074375e+00
4.149574787393697228e+00
4.114557278639319193e+00
4.079539769884942935e+00
4.062031015507754361e+00
4.044522261130564900e+00
4.027013506753376326e+00
4.009504752376188641e+00
3.991995997998999623e+00
3.974487243621811050e+00
3.956978489244622033e+00
3.939469734867433459e+00
3.956978489244622033e+00
4.009504752376188641e+00
4.097048524262131508e+00
4.184592296148074375e+00
4.289644822411205816e+00
4.447223611805902976e+00
4.499749874937469585e+00
4.499749874937469585e+00
4.464732366183091550e+00
4.412206103051525830e+00
4.342171085542771536e+00
4.254627313656828669e+00
4.132066033016507767e+00
4.027013506753376326e+00
3.921960980490245774e+00
3.834417208604302463e+00
3.781890945472735854e+00
3.729364682341170578e+00
3.694347173586792987e+00
3.676838419209605302e+00
3.659329664832416729e+00
3.659329664832416729e+00
3.659329664832416729e+00
3.676838419209605302e+00
3.676838419209605302e+00
3.694347173586792987e+00
3.711855927963982005e+00
3.746873436718359596e+00
3.781890945472735854e+00
3.834417208604302463e+00
3.904452226113056756e+00
3.956978489244622033e+00
4.009504752376188641e+00
4.079539769884942935e+00
4.132066033016507767e+00
4.184592296148074375e+00
4.237118559279640095e+00
4.272136068034017242e+00
4.307153576788394389e+00
4.324662331165582962e+00
4.342171085542771536e+00
4.359679839919959221e+00
4.342171085542771536e+00
4.342171085542771536e+00
4.307153576788394389e+00
4.167083541770885802e+00
4.062031015507754361e+00
4.044522261130564900e+00
4.027013506753376326e+00
4.044522261130564900e+00
4.044522261130564900e+00
4.079539769884942935e+00
4.097048524262131508e+00
4.114557278639319193e+00
4.132066033016507767e+00
4.149574787393697228e+00
4.167083541770885802e+00
4.167083541770885802e+00
4.149574787393697228e+00
4.132066033016507767e+00
4.097048524262131508e+00
4.062031015507754361e+00
4.009504752376188641e+00
3.956978489244622033e+00
3.904452226113056756e+00
3.921960980490245774e+00
3.921960980490245774e+00
3.886943471735868183e+00
3.834417208604302463e+00
3.781890945472735854e+00
3.711855927963982005e+00
3.624312156078039138e+00
3.536768384192096271e+00
3.449224612306152959e+00
3.326663331665832946e+00
3.221610805402701505e+00
3.116558279139569620e+00
3.011505752876438180e+00
2.906453226613307184e+00
2.818909454727364317e+00
2.748874437218609135e+00
2.678839419709855285e+00
2.626313156578289121e+00
2.573786893446723401e+00
2.573786893446723401e+00
2.678839419709855285e+00
2.713856928464231988e+00
2.713856928464231988e+00
2.731365682841421005e+00
2.766383191595797708e+00
2.801400700350175299e+00
2.818909454727364317e+00
2.853926963481740575e+00
2.906453226613307184e+00
2.941470735367683442e+00
2.993996998499250051e+00
3.029014507253626753e+00
3.081540770385193362e+00
3.116558279139569620e+00
3.151575787893947211e+00
3.186593296648323914e+00
3.204102051025512488e+00
3.239119559779890078e+00
3.274137068534267225e+00
3.291645822911455355e+00
3.361680840420210092e+00
3.396698349174587683e+00
3.414207103551776257e+00
3.431715857928964830e+00
3.449224612306152959e+00
3.484242121060530550e+00
3.501750875437719124e+00
3.519259629814907253e+00
3.536768384192096271e+00
3.571785892946473862e+00
3.589294647323661991e+00
3.624312156078039138e+00
3.641820910455227711e+00
3.659329664832416729e+00
3.676838419209605302e+00
3.694347173586792987e+00
3.711855927963982005e+00
3.694347173586792987e+00
3.659329664832416729e+00
3.606803401700850120e+00
3.274137068534267225e+00
3.134067033516758638e+00
3.169084542271136229e+00
3.204102051025512488e+00
3.256628314157078652e+00
3.326663331665832946e+00
3.379189594797398666e+00
3.449224612306152959e+00
3.519259629814907253e+00
3.606803401700850120e+00
3.694347173586792987e+00
3.799399699849925316e+00
3.904452226113056756e+00
3.991995997998999623e+00
4.062031015507754361e+00
4.149574787393697228e+00
4.219609804902451522e+00
4.254627313656828669e+00
4.289644822411205816e+00
4.324662331165582962e+00
4.272136068034017242e+00
4.237118559279640095e+00
4.237118559279640095e+00
4.237118559279640095e+00
4.237118559279640095e+00
4.237118559279640095e+00
4.237118559279640095e+00
4.219609804902451522e+00
4.202101050525262949e+00
4.184592296148074375e+00
4.149574787393697228e+00
4.132066033016507767e+00
4.097048524262131508e+00
4.062031015507754361e+00
4.027013506753376326e+00
4.009504752376188641e+00
4.009504752376188641e+00
3.991995997998999623e+00
3.991995997998999623e+00
4.027013506753376326e+00
4.237118559279640095e+00
4.377188594297148683e+00
4.464732366183091550e+00
4.534767383691845843e+00
4.569784892446222990e+00
4.604802401200601025e+00
4.622311155577788711e+00
4.604802401200601025e+00
4.587293646823412452e+00
4.569784892446222990e+00
4.499749874937469585e+00
4.429714857428714403e+00
4.324662331165582962e+00
4.184592296148074375e+00
4.062031015507754361e+00
3.939469734867433459e+00
3.851925962981490592e+00
3.781890945472735854e+00
3.729364682341170578e+00
3.711855927963982005e+00
3.729364682341170578e+00
3.729364682341170578e+00
3.711855927963982005e+00
3.729364682341170578e+00
3.746873436718359596e+00
3.764382191095547725e+00
3.799399699849925316e+00
3.834417208604302463e+00
3.904452226113056756e+00
3.956978489244622033e+00
4.009504752376188641e+00
4.079539769884942935e+00
4.149574787393697228e+00
4.237118559279640095e+00
4.307153576788394389e+00
4.359679839919959221e+00
4.412206103051525830e+00
4.464732366183091550e+00
4.499749874937469585e+00
4.517258629314657270e+00
4.447223611805902976e+00
4.394697348674337256e+00
4.377188594297148683e+00
4.359679839919959221e+00
4.324662331165582962e+00
4.289644822411205816e+00
4.254627313656828669e+00
4.219609804902451522e+00
4.202101050525262949e+00
4.202101050525262949e+00
4.202101050525262949e+00
4.219609804902451522e+00
4.237118559279640095e+00
4.254627313656828669e+00
4.254627313656828669e+00
4.272136068034017242e+00
4.254627313656828669e+00
4.202101050525262949e+00
4.114557278639319193e+00
4.062031015507754361e+00
4.027013506753376326e+00
3.991995997998999623e+00
3.974487243621811050e+00
3.939469734867433459e+00
3.886943471735868183e+00
3.851925962981490592e+00
3.781890945472735854e+00
3.711855927963982005e+00
3.641820910455227711e+00
3.554277138569284400e+00
3.466733366683341533e+00
3.361680840420210092e+00
3.274137068534267225e+00
3.186593296648323914e+00
3.116558279139569620e+00
3.064032016008003900e+00
3.011505752876438180e+00
2.958979489744872460e+00
2.923961980990494869e+00
2.906453226613307184e+00
3.029014507253626753e+00
3.081540770385193362e+00
3.064032016008003900e+00
3.081540770385193362e+00
3.099049524762381047e+00
3.116558279139569620e+00
3.134067033516758638e+00
3.151575787893947211e+00
3.186593296648323914e+00
3.221610805402701505e+00
3.256628314157078652e+00
3.291645822911455355e+00
3.309154577288644816e+00
3.326663331665832946e+00
3.326663331665832946e+00
3.344172086043021519e+00
3.344172086043021519e+00
3.344172086043021519e+00
3.344172086043021519e+00
3.361680840420210092e+00
3.414207103551776257e+00
3.431715857928964830e+00
3.466733366683341533e+00
3.484242121060530550e+00
3.501750875437719124e+00
3.536768384192096271e+00
3.554277138569284400e+00
3.589294647323661991e+00
3.624312156078039138e+00
3.641820910455227711e+00
3.694347173586792987e+00
3.729364682341170578e+00
3.764382191095547725e+00
3.799399699849925316e+00
3.851925962981490592e+00
3.869434717358679165e+00
3.886943471735868183e+00
3.886943471735868183e+00
3.886943471735868183e+00
3.851925962981490592e+00
3.606803401700850120e+00
3.484242121060530550e+00
3.466733366683341533e+00
3.466733366683341533e+00
3.466733366683341533e+00
3.501750875437719124e+00
3.536768384192096271e+00
3.606803401700850120e+00
3.694347173586792987e+00
3.764382191095547725e+00
3.851925962981490592e+00
3.921960980490245774e+00
3.991995997998999623e+00
4.062031015507754361e+00
4.114557278639319193e+00
4.167083541770885802e+00
4.202101050525262949e+00
4.254627313656828669e+00
4.289644822411205816e+00
4.272136068034017242e+00
4.202101050525262949e+00
4.202101050525262949e+00
4.219609804902451522e+00
4.237118559279640095e+00
4.237118559279640095e+00
4.237118559279640095e+00
4.237118559279640095e+00
4.237118559279640095e+00
4.237118559279640095e+00
4.237118559279640095e+00
4.219609804902451522e+00
4.184592296148074375e+00
4.167083541770885802e+00
4.132066033016507767e+00
4.114557278639319193e+00
4.114557278639319193e+00
4.132066033016507767e+00
4.202101050525262949e+00
4.289644822411205816e+00
4.447223611805902976e+00
4.674837418709355319e+00
4.762381190595298186e+00
4.779889944972485871e+00
4.797398699349674445e+00
4.797398699349674445e+00
4.797398699349674445e+00
4.797398699349674445e+00
4.779889944972485871e+00
4.744872436218108724e+00
4.709854927463731578e+00
4.657328664332165857e+00
4.587293646823412452e+00
4.482241120560280123e+00
4.342171085542771536e+00
4.202101050525262949e+00
4.062031015507754361e+00
3.974487243621811050e+00
3.904452226113056756e+00
3.869434717358679165e+00
3.869434717358679165e+00
3.869434717358679165e+00
3.886943471735868183e+00
3.921960980490245774e+00
3.956978489244622033e+00
4.009504752376188641e+00
4.079539769884942935e+00
4.132066033016507767e+00
4.202101050525262949e+00
4.289644822411205816e+00
4.377188594297148683e+00
4.464732366183091550e+00
4.552276138069034417e+00
4.622311155577788711e+00
4.692346173086543892e+00
4.744872436218108724e+00
4.779889944972485871e+00
4.814907453726863906e+00
4.832416208104052480e+00
4.832416208104052480e+00
4.832416208104052480e+00
4.832416208104052480e+00
4.779889944972485871e+00
4.727363681840921039e+00
4.657328664332165857e+00
4.587293646823412452e+00
4.534767383691845843e+00
4.464732366183091550e+00
4.412206103051525830e+00
4.359679839919959221e+00
4.324662331165582962e+00
4.272136068034017242e+00
4.237118559279640095e+00
4.202101050525262949e+00
4.149574787393697228e+00
4.149574787393697228e+00
4.132066033016507767e+00
4.079539769884942935e+00
4.027013506753376326e+00
3.974487243621811050e+00
3.939469734867433459e+00
3.974487243621811050e+00
3.921960980490245774e+00
3.834417208604302463e+00
3.729364682341170578e+00
3.606803401700850120e+00
3.519259629814907253e+00
3.431715857928964830e+00
3.361680840420210092e+00
3.326663331665832946e+00
3.291645822911455355e+00
3.274137068534267225e+00
3.274137068534267225e+00
3.274137068534267225e+00
3.274137068534267225e+00
3.309154577288644816e+00
3.344172086043021519e+00
3.396698349174587683e+00
3.431715857928964830e+00
3.449224612306152959e+00
3.536768384192096271e+00
3.746873436718359596e+00
3.816908454227113445e+00
3.834417208604302463e+00
3.851925962981490592e+00
3.834417208604302463e+00
3.816908454227113445e+00
3.799399699849925316e+00
3.764382191095547725e+00
3.746873436718359596e+00
3.711855927963982005e+00
3.676838419209605302e+00
3.641820910455227711e+00
3.606803401700850120e+00
3.589294647323661991e+00
3.571785892946473862e+00
3.571785892946473862e+00
3.571785892946473862e+00
3.589294647323661991e+00
3.606803401700850120e+00
3.624312156078039138e+00
3.676838419209605302e+00
3.711855927963982005e+00
3.764382191095547725e+00
3.799399699849925316e+00
3.851925962981490592e+00
3.904452226113056756e+00
3.939469734867433459e+00
3.974487243621811050e+00
4.009504752376188641e+00
4.062031015507754361e+00
4.114557278639319193e+00
4.167083541770885802e+00
4.202101050525262949e+00
4.237118559279640095e+00
4.254627313656828669e+00
4.272136068034017242e+00
4.272136068034017242e+00
4.289644822411205816e+00
4.289644822411205816e+00
4.254627313656828669e+00
4.009504752376188641e+00
3.956978489244622033e+00
4.009504752376188641e+00
4.079539769884942935e+00
4.114557278639319193e+00
4.167083541770885802e+00
4.184592296148074375e+00
4.219609804902451522e+00
4.254627313656828669e+00
4.272136068034017242e+00
4.289644822411205816e+00
4.324662331165582962e+00
4.342171085542771536e+00
4.359679839919959221e+00
4.377188594297148683e+00
4.394697348674337256e+00
4.412206103051525830e+00
4.412206103051525830e+00
4.412206103051525830e+00
4.429714857428714403e+00
4.464732366183091550e+00
4.499749874937469585e+00
4.517258629314657270e+00
4.569784892446222990e+00
4.657328664332165857e+00
4.762381190595298186e+00
4.867433716858428738e+00
4.954977488744372494e+00
5.007503751875937326e+00
5.060030015007503934e+00
5.077538769384692507e+00
5.095047523761881081e+00
5.112556278139070542e+00
5.112556278139070542e+00
5.095047523761881081e+00
5.095047523761881081e+00
5.077538769384692507e+00
5.060030015007503934e+00
5.042521260630315361e+00
5.025012506253126787e+00
4.989994997498748752e+00
4.954977488744372494e+00
4.919959979989995347e+00
4.849924962481241053e+00
4.779889944972485871e+00
4.674837418709355319e+00
4.552276138069034417e+00
4.447223611805902976e+00
4.377188594297148683e+00
4.359679839919959221e+00
4.359679839919959221e+00
4.394697348674337256e+00
4.447223611805902976e+00
4.517258629314657270e+00
4.604802401200601025e+00
4.674837418709355319e+00
4.744872436218108724e+00
4.797398699349674445e+00
4.849924962481241053e+00
4.884942471235617312e+00
4.937468734367183920e+00
5.007503751875937326e+00
5.060030015007503934e+00
5.095047523761881081e+00
5.147573786893446801e+00
5.165082541270635375e+00
5.182591295647823948e+00
5.182591295647823948e+00
5.165082541270635375e+00
5.147573786893446801e+00
5.095047523761881081e+00
5.025012506253126787e+00
4.919959979989995347e+00
4.779889944972485871e+00
4.657328664332165857e+00
4.534767383691845843e+00
4.429714857428714403e+00
4.342171085542771536e+00
4.272136068034017242e+00
4.219609804902451522e+00
4.184592296148074375e+00
4.132066033016507767e+00
4.079539769884942935e+00
4.009504752376188641e+00
3.939469734867433459e+00
3.851925962981490592e+00
3.746873436718359596e+00
3.659329664832416729e+00
3.589294647323661991e+00
3.536768384192096271e+00
3.501750875437719124e+00
3.501750875437719124e+00
3.501750875437719124e+00
3.519259629814907253e+00
3.536768384192096271e+00
3.589294647323661991e+00
3.659329664832416729e+00
3.746873436718359596e+00
3.834417208604302463e+00
3.956978489244622033e+00
4.167083541770885802e+00
4.254627313656828669e+00
4.307153576788394389e+00
4.342171085542771536e+00
4.377188594297148683e+00
4.394697348674337256e+00
4.377188594297148683e+00
4.359679839919959221e+00
4.324662331165582962e+00
4.289644822411205816e+00
4.237118559279640095e+00
4.184592296148074375e+00
4.114557278639319193e+00
4.044522261130564900e+00
3.991995997998999623e+00
3.939469734867433459e+00
3.886943471735868183e+00
3.851925962981490592e+00
3.816908454227113445e+00
3.816908454227113445e+00
3.851925962981490592e+00
3.851925962981490592e+00
3.869434717358679165e+00
3.886943471735868183e+00
3.904452226113056756e+00
3.939469734867433459e+00
4.009504752376188641e+00
4.062031015507754361e+00
4.114557278639319193e+00
4.184592296148074375e+00
4.254627313656828669e+00
4.307153576788394389e+00
4.359679839919959221e+00
4.412206103051525830e+00
4.464732366183091550e+00
4.499749874937469585e+00
4.534767383691845843e+00
4.569784892446222990e+00
4.604802401200601025e+00
4.622311155577788711e+00
4.604802401200601025e+00
4.569784892446222990e+00
4.552276138069034417e+00
4.517258629314657270e+00
4.499749874937469585e+00
4.482241120560280123e+00
4.464732366183091550e+00
4.464732366183091550e+00
4.447223611805902976e+00
4.447223611805902976e+00
4.429714857428714403e+00
4.429714857428714403e+00
4.447223611805902976e+00
4.464732366183091550e+00
4.482241120560280123e+00
4.517258629314657270e+00
4.534767383691845843e+00
4.569784892446222990e+00
4.604802401200601025e+00
4.674837418709355319e+00
4.832416208104052480e+00
4.989994997498748752e+00
5.130065032516258228e+00
5.235117558779390556e+00
5.305152576288143962e+00
5.357678839419710570e+00
5.392696348174086829e+00
5.392696348174086829e+00
5.410205102551276291e+00
5.392696348174086829e+00
5.392696348174086829e+00
5.392696348174086829e+00
5.392696348174086829e+00
5.410205102551276291e+00
5.410205102551276291e+00
5.410205102551276291e+00
5.410205102551276291e+00
5.410205102551276291e+00
5.410205102551276291e+00
5.392696348174086829e+00
5.357678839419710570e+00
5.357678839419710570e+00
5.357678839419710570e+00
5.357678839419710570e+00
5.357678839419710570e+00
5.340170085042521109e+00
5.287643821910956277e+00
5.252626313156578242e+00
5.200100050025012521e+00
5.165082541270635375e+00
5.147573786893446801e+00
5.147573786893446801e+00
5.147573786893446801e+00
5.182591295647823948e+00
5.182591295647823948e+00
5.200100050025012521e+00
5.217608804402201095e+00
5.252626313156578242e+00
5.252626313156578242e+00
5.287643821910956277e+00
5.357678839419710570e+00
5.410205102551276291e+00
5.445222611305653437e+00
5.462731365682842011e+00
5.480240120060030584e+00
5.462731365682842011e+00
5.427713856928463976e+00
5.357678839419710570e+00
5.287643821910956277e+00
5.200100050025012521e+00
5.130065032516258228e+00
5.042521260630315361e+00
4.919959979989995347e+00
4.797398699349674445e+00
4.657328664332165857e+00
4.534767383691845843e+00
4.412206103051525830e+00
4.272136068034017242e+00
4.149574787393697228e+00
4.027013506753376326e+00
3.921960980490245774e+00
3.851925962981490592e+00
3.799399699849925316e+00
3.764382191095547725e+00
3.764382191095547725e+00
3.764382191095547725e+00
3.816908454227113445e+00
3.869434717358679165e+00
3.956978489244622033e+00
4.044522261130564900e+00
4.149574787393697228e+00
4.237118559279640095e+00
4.324662331165582962e+00
4.429714857428714403e+00
4.499749874937469585e+00
4.569784892446222990e+00
4.622311155577788711e+00
4.657328664332165857e+00
4.674837418709355319e+00
4.692346173086543892e+00
4.692346173086543892e+00
4.692346173086543892e+00
4.674837418709355319e+00
4.657328664332165857e+00
4.622311155577788711e+00
4.569784892446222990e+00
4.517258629314657270e+00
4.447223611805902976e+00
4.394697348674337256e+00
4.324662331165582962e+00
4.272136068034017242e+00
4.202101050525262949e+00
4.184592296148074375e+00
4.149574787393697228e+00
4.132066033016507767e+00
4.114557278639319193e+00
4.114557278639319193e+00
4.114557278639319193e+00
4.132066033016507767e+00
4.149574787393697228e+00
4.167083541770885802e+00
4.219609804902451522e+00
4.289644822411205816e+00
4.342171085542771536e+00
4.412206103051525830e+00
4.499749874937469585e+00
4.552276138069034417e+00
4.622311155577788711e+00
4.692346173086543892e+00
4.744872436218108724e+00
4.797398699349674445e+00
4.832416208104052480e+00
4.867433716858428738e+00
4.884942471235617312e+00
4.902451225612806773e+00
4.884942471235617312e+00
4.867433716858428738e+00
4.832416208104052480e+00
4.797398699349674445e+00
4.744872436218108724e+00
4.639819909954977284e+00
4.587293646823412452e+00
4.569784892446222990e+00
4.552276138069034417e+00
4.552276138069034417e+00
4.552276138069034417e+00
4.569784892446222990e+00
4.604802401200601025e+00
4.674837418709355319e+00
4.797398699349674445e+00
4.989994997498748752e+00
5.217608804402201095e+00
5.392696348174086829e+00
5.515257628814406843e+00
5.567783891945973451e+00
5.620310155077539171e+00
5.637818909454728633e+00
5.655327663831916318e+00
5.672836418209104004e+00
5.655327663831916318e+00
5.602801400700350598e+00
5.585292646323162025e+00
5.567783891945973451e+00
5.567783891945973451e+00
5.567783891945973451e+00
5.585292646323162025e+00
5.602801400700350598e+00
5.620310155077539171e+00
5.637818909454728633e+00
5.672836418209104004e+00
5.690345172586293465e+00
5.707853926963481150e+00
5.725362681340669724e+00
5.760380190095048647e+00
5.777888944472236332e+00
5.812906453226614367e+00
5.830415207603802052e+00
5.847923961980989738e+00
5.847923961980989738e+00
5.812906453226614367e+00
5.760380190095048647e+00
5.707853926963481150e+00
5.637818909454728633e+00
5.602801400700350598e+00
5.567783891945973451e+00
5.532766383191595416e+00
5.515257628814406843e+00
5.515257628814406843e+00
5.515257628814406843e+00
5.515257628814406843e+00
5.532766383191595416e+00
5.532766383191595416e+00
5.532766383191595416e+00
5.515257628814406843e+00
5.497748874437218269e+00
5.480240120060030584e+00
5.480240120060030584e+00
5.462731365682842011e+00
5.427713856928463976e+00
5.427713856928463976e+00
5.462731365682842011e+00
5.357678839419710570e+00
5.217608804402201095e+00
5.007503751875937326e+00
4.779889944972485871e+00
4.534767383691845843e+00
4.324662331165582962e+00
4.149574787393697228e+00
4.027013506753376326e+00
3.939469734867433459e+00
3.904452226113056756e+00
3.886943471735868183e+00
3.904452226113056756e+00
3.939469734867433459e+00
4.009504752376188641e+00
4.149574787393697228e+00
4.254627313656828669e+00
4.359679839919959221e+00
4.482241120560280123e+00
4.622311155577788711e+00
4.727363681840921039e+00
4.797398699349674445e+00
4.832416208104052480e+00
4.867433716858428738e+00
4.884942471235617312e+00
4.902451225612806773e+00
4.902451225612806773e+00
4.902451225612806773e+00
4.902451225612806773e+00
4.902451225612806773e+00
4.884942471235617312e+00
4.867433716858428738e+00
4.849924962481241053e+00
4.814907453726863906e+00
4.779889944972485871e+00
4.727363681840921039e+00
4.657328664332165857e+00
4.587293646823412452e+00
4.534767383691845843e+00
4.482241120560280123e+00
4.482241120560280123e+00
4.447223611805902976e+00
4.412206103051525830e+00
4.377188594297148683e+00
4.359679839919959221e+00
4.359679839919959221e+00
4.377188594297148683e+00
4.412206103051525830e+00
4.447223611805902976e+00
4.499749874937469585e+00
4.552276138069034417e+00
4.622311155577788711e+00
4.692346173086543892e+00
4.744872436218108724e+00
4.797398699349674445e+00
4.849924962481241053e+00
4.884942471235617312e+00
4.919959979989995347e+00
4.954977488744372494e+00
4.972486243121561067e+00
5.025012506253126787e+00
5.042521260630315361e+00
5.025012506253126787e+00
4.989994997498748752e+00
4.937468734367183920e+00
4.884942471235617312e+00
4.832416208104052480e+00
4.779889944972485871e+00
4.744872436218108724e+00
4.709854927463731578e+00
4.709854927463731578e+00
4.727363681840921039e+00
4.779889944972485871e+00
4.902451225612806773e+00
5.112556278139070542e+00
5.340170085042521109e+00
5.532766383191595416e+00
5.637818909454728633e+00
5.690345172586293465e+00
5.725362681340669724e+00
5.690345172586293465e+00
5.690345172586293465e+00
5.707853926963481150e+00
5.725362681340669724e+00
5.742871435717859185e+00
5.760380190095048647e+00
5.760380190095048647e+00
5.760380190095048647e+00
5.777888944472236332e+00
5.777888944472236332e+00
5.795397698849424906e+00
5.812906453226614367e+00
5.830415207603802052e+00
5.882941470735366885e+00
5.917958979489744920e+00
5.970485242621311528e+00
6.005502751375686898e+00
6.040520260130064933e+00
6.075537768884442080e+00
6.075537768884442080e+00
6.058029014507253507e+00
6.075537768884442080e+00
6.093046523261631542e+00
6.093046523261631542e+00
6.093046523261631542e+00
6.058029014507253507e+00
6.005502751375686898e+00
5.917958979489744920e+00
5.830415207603802052e+00
5.760380190095048647e+00
5.707853926963481150e+00
5.672836418209104004e+00
5.655327663831916318e+00
5.637818909454728633e+00
5.637818909454728633e+00
5.620310155077539171e+00
5.602801400700350598e+00
5.567783891945973451e+00
5.550275137568783990e+00
5.585292646323162025e+00
5.690345172586293465e+00
5.725362681340669724e+00
5.707853926963481150e+00
5.655327663831916318e+00
5.585292646323162025e+00
5.480240120060030584e+00
5.322661330665333423e+00
5.130065032516258228e+00
4.919959979989995347e+00
4.709854927463731578e+00
4.482241120560280123e+00
4.289644822411205816e+00
4.167083541770885802e+00
4.062031015507754361e+00
3.991995997998999623e+00
3.974487243621811050e+00
3.991995997998999623e+00
4.079539769884942935e+00
4.184592296148074375e+00
4.342171085542771536e+00
4.517258629314657270e+00
4.622311155577788711e+00
4.709854927463731578e+00
4.797398699349674445e+00
4.849924962481241053e+00
4.902451225612806773e+00
4.937468734367183920e+00
4.954977488744372494e+00
4.972486243121561067e+00
4.972486243121561067e+00
4.972486243121561067e+00
4.972486243121561067e+00
4.954977488744372494e+00
4.954977488744372494e+00
4.937468734367183920e+00
4.919959979989995347e+00
4.902451225612806773e+00
4.884942471235617312e+00
4.832416208104052480e+00
4.797398699349674445e+00
4.762381190595298186e+00
4.709854927463731578e+00
4.674837418709355319e+00
4.604802401200601025e+00
4.552276138069034417e+00
4.517258629314657270e+00
4.499749874937469585e+00
4.499749874937469585e+00
4.499749874937469585e+00
4.499749874937469585e+00
4.517258629314657270e+00
4.552276138069034417e+00
4.604802401200601025e+00
4.639819909954977284e+00
4.709854927463731578e+00
4.762381190595298186e+00
4.832416208104052480e+00
4.867433716858428738e+00
4.919959979989995347e+00
4.954977488744372494e+00
5.042521260630315361e+00
5.077538769384692507e+00
5.112556278139070542e+00
5.130065032516258228e+00
5.130065032516258228e+00
5.130065032516258228e+00
5.112556278139070542e+00
5.077538769384692507e+00
5.042521260630315361e+00
4.972486243121561067e+00
4.937468734367183920e+00
4.902451225612806773e+00
4.867433716858428738e+00
4.902451225612806773e+00
4.972486243121561067e+00
5.147573786893446801e+00
5.375187593796898256e+00
5.567783891945973451e+00
5.690345172586293465e+00
5.742871435717859185e+00
5.742871435717859185e+00
5.760380190095048647e+00
5.795397698849424906e+00
5.812906453226614367e+00
5.830415207603802052e+00
5.847923961980989738e+00
5.865432716358179199e+00
5.865432716358179199e+00
5.882941470735366885e+00
5.900450225112556346e+00
5.917958979489744920e+00
5.935467733866934381e+00
5.952976488244122066e+00
5.970485242621311528e+00
6.005502751375686898e+00
6.040520260130064933e+00
6.075537768884442080e+00
6.128064032016007801e+00
6.180590295147573521e+00
6.180590295147573521e+00
6.145572786393197262e+00
6.163081540770386724e+00
6.198099049524762094e+00
6.215607803901951556e+00
6.233116558279139241e+00
6.233116558279139241e+00
6.233116558279139241e+00
6.215607803901951556e+00
6.163081540770386724e+00
6.093046523261631542e+00
5.987993996998500101e+00
5.900450225112556346e+00
5.830415207603802052e+00
5.777888944472236332e+00
5.742871435717859185e+00
5.707853926963481150e+00
5.690345172586293465e+00
5.655327663831916318e+00
5.637818909454728633e+00
5.655327663831916318e+00
5.725362681340669724e+00
5.760380190095048647e+00
5.760380190095048647e+00
5.760380190095048647e+00
5.725362681340669724e+00
5.672836418209104004e+00
5.585292646323162025e+00
5.462731365682842011e+00
5.287643821910956277e+00
5.112556278139070542e+00
4.902451225612806773e+00
4.709854927463731578e+00
4.517258629314657270e+00
4.359679839919959221e+00
4.219609804902451522e+00
4.132066033016507767e+00
4.097048524262131508e+00
4.097048524262131508e+00
4.184592296148074375e+00
4.342171085542771536e+00
4.482241120560280123e+00
4.587293646823412452e+00
4.692346173086543892e+00
4.797398699349674445e+00
4.849924962481241053e+00
4.902451225612806773e+00
4.954977488744372494e+00
4.989994997498748752e+00
4.989994997498748752e+00
5.007503751875937326e+00
5.007503751875937326e+00
5.007503751875937326e+00
5.007503751875937326e+00
5.007503751875937326e+00
4.989994997498748752e+00
4.989994997498748752e+00
4.972486243121561067e+00
4.954977488744372494e+00
4.937468734367183920e+00
4.902451225612806773e+00
4.867433716858428738e+00
4.814907453726863906e+00
4.762381190595298186e+00
4.727363681840921039e+00
4.657328664332165857e+00
4.604802401200601025e+00
4.569784892446222990e+00
4.569784892446222990e+00
4.552276138069034417e+00
4.552276138069034417e+00
4.552276138069034417e+00
4.569784892446222990e+00
4.604802401200601025e+00
4.639819909954977284e+00
4.692346173086543892e+00
4.744872436218108724e+00
4.797398699349674445e+00
4.849924962481241053e+00
4.884942471235617312e+00
4.937468734367183920e+00
5.007503751875937326e+00
5.060030015007503934e+00
5.095047523761881081e+00
5.112556278139070542e+00
5.130065032516258228e+00
5.130065032516258228e+00
5.130065032516258228e+00
5.112556278139070542e+00
5.077538769384692507e+00
5.025012506253126787e+00
4.972486243121561067e+00
4.937468734367183920e+00
4.902451225612806773e+00
4.937468734367183920e+00
5.025012506253126787e+00
5.200100050025012521e+00
5.445222611305653437e+00
5.620310155077539171e+00
5.742871435717859185e+00
5.795397698849424906e+00
5.777888944472236332e+00
5.812906453226614367e+00
5.830415207603802052e+00
5.847923961980989738e+00
5.865432716358179199e+00
5.900450225112556346e+00
5.900450225112556346e+00
5.917958979489744920e+00
5.935467733866934381e+00
5.952976488244122066e+00
5.987993996998500101e+00
6.005502751375686898e+00
6.040520260130064933e+00
6.058029014507253507e+00
6.093046523261631542e+00
6.128064032016007801e+00
6.163081540770386724e+00
6.215607803901951556e+00
6.268134067033517276e+00
6.285642821410704961e+00
6.250625312656327814e+00
6.268134067033517276e+00
6.303151575787894423e+00
6.320660330165082996e+00
6.338169084542272458e+00
6.338169084542272458e+00
6.338169084542272458e+00
6.320660330165082996e+00
6.285642821410704961e+00
6.233116558279139241e+00
6.145572786393197262e+00
6.040520260130064933e+00
5.935467733866934381e+00
5.847923961980989738e+00
5.795397698849424906e+00
5.760380190095048647e+00
5.725362681340669724e+00
5.672836418209104004e+00
5.637818909454728633e+00
5.672836418209104004e+00
5.760380190095048647e+00
5.777888944472236332e+00
5.777888944472236332e+00
5.760380190095048647e+00
5.742871435717859185e+00
5.707853926963481150e+00
5.585292646323162025e+00
5.445222611305653437e+00
5.287643821910956277e+00
5.112556278139070542e+00
4.937468734367183920e+00
4.744872436218108724e+00
4.569784892446222990e+00
4.394697348674337256e+00
4.237118559279640095e+00
4.167083541770885802e+00
4.114557278639319193e+00
4.097048524262131508e+00
4.114557278639319193e+00
4.097048524262131508e+00
4.289644822411205816e+00
4.429714857428714403e+00
4.569784892446222990e+00
4.692346173086543892e+00
4.762381190595298186e+00
4.832416208104052480e+00
4.867433716858428738e+00
4.902451225612806773e+00
4.937468734367183920e+00
4.937468734367183920e+00
4.937468734367183920e+00
4.937468734367183920e+00
4.937468734367183920e+00
4.937468734367183920e+00
4.919959979989995347e+00
4.919959979989995347e+00
4.902451225612806773e+00
4.884942471235617312e+00
4.849924962481241053e+00
4.832416208104052480e+00
4.797398699349674445e+00
4.744872436218108724e+00
4.692346173086543892e+00
4.639819909954977284e+00
4.587293646823412452e+00
4.552276138069034417e+00
4.534767383691845843e+00
4.534767383691845843e+00
4.534767383691845843e+00
4.534767383691845843e+00
4.534767383691845843e+00
4.569784892446222990e+00
4.604802401200601025e+00
4.657328664332165857e+00
4.709854927463731578e+00
4.762381190595298186e+00
4.814907453726863906e+00
4.867433716858428738e+00
4.919959979989995347e+00
4.972486243121561067e+00
5.060030015007503934e+00
5.112556278139070542e+00
5.147573786893446801e+00
5.182591295647823948e+00
5.217608804402201095e+00
5.235117558779390556e+00
5.252626313156578242e+00
5.252626313156578242e+00
5.235117558779390556e+00
5.200100050025012521e+00
5.182591295647823948e+00
5.165082541270635375e+00
5.217608804402201095e+00
5.375187593796898256e+00
5.620310155077539171e+00
5.830415207603802052e+00
5.952976488244122066e+00
6.005502751375686898e+00
6.040520260130064933e+00
6.023011505752876360e+00
5.970485242621311528e+00
5.970485242621311528e+00
5.987993996998500101e+00
6.005502751375686898e+00
6.023011505752876360e+00
6.023011505752876360e+00
6.040520260130064933e+00
6.058029014507253507e+00
6.093046523261631542e+00
6.128064032016007801e+00
6.145572786393197262e+00
6.180590295147573521e+00
6.215607803901951556e+00
6.250625312656327814e+00
6.285642821410704961e+00
6.303151575787894423e+00
6.355677838919459255e+00
6.408204102051024975e+00
6.478239119559780157e+00
6.478239119559780157e+00
6.443221610805403010e+00
6.443221610805403010e+00
6.460730365182591584e+00
6.478239119559780157e+00
6.478239119559780157e+00
6.478239119559780157e+00
6.478239119559780157e+00
6.478239119559780157e+00
6.443221610805403010e+00
6.373186593296647828e+00
6.285642821410704961e+00
6.180590295147573521e+00
6.075537768884442080e+00
5.987993996998500101e+00
5.917958979489744920e+00
5.830415207603802052e+00
5.777888944472236332e+00
5.725362681340669724e+00
5.690345172586293465e+00
5.725362681340669724e+00
5.812906453226614367e+00
5.830415207603802052e+00
5.812906453226614367e+00
5.760380190095048647e+00
5.672836418209104004e+00
5.515257628814406843e+00
5.357678839419710570e+00
5.182591295647823948e+00
5.042521260630315361e+00
4.902451225612806773e+00
4.762381190595298186e+00
4.622311155577788711e+00
4.499749874937469585e+00
4.394697348674337256e+00
4.342171085542771536e+00
4.377188594297148683e+00
4.447223611805902976e+00
4.552276138069034417e+00
4.674837418709355319e+00
4.832416208104052480e+00
4.919959979989995347e+00
4.989994997498748752e+00
5.042521260630315361e+00
5.060030015007503934e+00
5.077538769384692507e+00
5.095047523761881081e+00
5.112556278139070542e+00
5.130065032516258228e+00
5.130065032516258228e+00
5.130065032516258228e+00
5.130065032516258228e+00
5.130065032516258228e+00
5.130065032516258228e+00
5.112556278139070542e+00
5.112556278139070542e+00
5.112556278139070542e+00
5.112556278139070542e+00
5.112556278139070542e+00
1.010255127563782018e+01
5.025012506253126787e+00
4.972486243121561067e+00
4.919959979989995347e+00
4.884942471235617312e+00
4.867433716858428738e+00
4.832416208104052480e+00
4.814907453726863906e+00
4.797398699349674445e+00
4.797398699349674445e+00
4.797398699349674445e+00
4.814907453726863906e+00
4.849924962481241053e+00
4.867433716858428738e+00
4.902451225612806773e+00
4.954977488744372494e+00
4.989994997498748752e+00
5.042521260630315361e+00
5.077538769384692507e+00
5.112556278139070542e+00
5.130065032516258228e+00
5.182591295647823948e+00
5.270135067533766815e+00
5.305152576288143962e+00
5.340170085042521109e+00
5.340170085042521109e+00
5.357678839419710570e+00
5.340170085042521109e+00
5.340170085042521109e+00
5.322661330665333423e+00
5.340170085042521109e+00
5.445222611305653437e+00
5.655327663831916318e+00
5.882941470735366885e+00
6.023011505752876360e+00
6.093046523261631542e+00
6.110555277638820115e+00
6.128064032016007801e+00
6.128064032016007801e+00
6.128064032016007801e+00
6.110555277638820115e+00
6.058029014507253507e+00
5.987993996998500101e+00
5.987993996998500101e+00
6.005502751375686898e+00
6.040520260130064933e+00
6.058029014507253507e+00
6.075537768884442080e+00
6.110555277638820115e+00
6.145572786393197262e+00
6.180590295147573521e+00
6.215607803901951556e+00
6.250625312656327814e+00
6.285642821410704961e+00
6.320660330165082996e+00
6.355677838919459255e+00
6.390695347673837290e+00
6.460730365182591584e+00
6.513256628314157304e+00
6.548274137068534451e+00
6.565782891445723024e+00
6.548274137068534451e+00
6.548274137068534451e+00
6.548274137068534451e+00
6.530765382691344989e+00
6.530765382691344989e+00
6.513256628314157304e+00
6.460730365182591584e+00
6.408204102051024975e+00
6.320660330165082996e+00
6.198099049524762094e+00
6.075537768884442080e+00
5.952976488244122066e+00
5.865432716358179199e+00
5.795397698849424906e+00
5.742871435717859185e+00
5.725362681340669724e+00
5.725362681340669724e+00
5.707853926963481150e+00
5.690345172586293465e+00
5.655327663831916318e+00
5.690345172586293465e+00
5.707853926963481150e+00
5.585292646323162025e+00
5.427713856928463976e+00
5.287643821910956277e+00
5.147573786893446801e+00
5.042521260630315361e+00
4.937468734367183920e+00
4.814907453726863906e+00
4.709854927463731578e+00
4.622311155577788711e+00
4.587293646823412452e+00
4.604802401200601025e+00
4.692346173086543892e+00
4.779889944972485871e+00
4.919959979989995347e+00
5.042521260630315361e+00
5.130065032516258228e+00
5.200100050025012521e+00
5.235117558779390556e+00
5.217608804402201095e+00
5.182591295647823948e+00
5.182591295647823948e+00
5.200100050025012521e+00
5.200100050025012521e+00
5.200100050025012521e+00
5.217608804402201095e+00
5.217608804402201095e+00
5.217608804402201095e+00
5.217608804402201095e+00
5.217608804402201095e+00
5.235117558779390556e+00
5.235117558779390556e+00
5.235117558779390556e+00
5.235117558779390556e+00
5.235117558779390556e+00
5.200100050025012521e+00
5.165082541270635375e+00
5.130065032516258228e+00
5.095047523761881081e+00
5.060030015007503934e+00
5.042521260630315361e+00
5.025012506253126787e+00
5.007503751875937326e+00
4.989994997498748752e+00
4.989994997498748752e+00
4.989994997498748752e+00
5.007503751875937326e+00
5.007503751875937326e+00
5.042521260630315361e+00
5.060030015007503934e+00
5.095047523761881081e+00
5.130065032516258228e+00
5.165082541270635375e+00
5.200100050025012521e+00
5.217608804402201095e+00
5.235117558779390556e+00
5.252626313156578242e+00
5.270135067533766815e+00
5.287643821910956277e+00
5.340170085042521109e+00
5.445222611305653437e+00
5.462731365682842011e+00
5.480240120060030584e+00
5.550275137568783990e+00
5.690345172586293465e+00
5.935467733866934381e+00
6.110555277638820115e+00
6.198099049524762094e+00
6.233116558279139241e+00
6.233116558279139241e+00
6.215607803901951556e+00
6.215607803901951556e+00
6.198099049524762094e+00
6.180590295147573521e+00
6.180590295147573521e+00
6.180590295147573521e+00
6.180590295147573521e+00
6.180590295147573521e+00
6.198099049524762094e+00
6.128064032016007801e+00
6.058029014507253507e+00
6.075537768884442080e+00
6.110555277638820115e+00
6.163081540770386724e+00
6.198099049524762094e+00
6.233116558279139241e+00
6.285642821410704961e+00
6.320660330165082996e+00
6.355677838919459255e+00
6.390695347673837290e+00
6.443221610805403010e+00
6.495747873936969619e+00
6.530765382691344989e+00
6.565782891445723024e+00
6.583291645822910709e+00
6.583291645822910709e+00
6.583291645822910709e+00
6.583291645822910709e+00
6.565782891445723024e+00
6.565782891445723024e+00
6.583291645822910709e+00
6.530765382691344989e+00
6.460730365182591584e+00
6.338169084542272458e+00
6.180590295147573521e+00
6.040520260130064933e+00
5.935467733866934381e+00
5.847923961980989738e+00
5.795397698849424906e+00
5.760380190095048647e+00
5.760380190095048647e+00
5.742871435717859185e+00
5.707853926963481150e+00
5.655327663831916318e+00
5.602801400700350598e+00
5.497748874437218269e+00
5.392696348174086829e+00
5.270135067533766815e+00
5.165082541270635375e+00
5.077538769384692507e+00
4.972486243121561067e+00
4.832416208104052480e+00
4.692346173086543892e+00
4.569784892446222990e+00
4.517258629314657270e+00
4.534767383691845843e+00
4.604802401200601025e+00
4.657328664332165857e+00
4.744872436218108724e+00
4.849924962481241053e+00
4.972486243121561067e+00
5.042521260630315361e+00
5.112556278139070542e+00
5.165082541270635375e+00
5.182591295647823948e+00
5.200100050025012521e+00
5.200100050025012521e+00
5.217608804402201095e+00
5.217608804402201095e+00
5.182591295647823948e+00
5.147573786893446801e+00
5.147573786893446801e+00
5.147573786893446801e+00
5.147573786893446801e+00
5.147573786893446801e+00
5.147573786893446801e+00
5.147573786893446801e+00
5.147573786893446801e+00
5.147573786893446801e+00
5.130065032516258228e+00
5.095047523761881081e+00
5.042521260630315361e+00
5.007503751875937326e+00
4.989994997498748752e+00
4.954977488744372494e+00
4.937468734367183920e+00
4.919959979989995347e+00
4.937468734367183920e+00
4.937468734367183920e+00
4.972486243121561067e+00
5.025012506253126787e+00
5.042521260630315361e+00
5.060030015007503934e+00
5.077538769384692507e+00
5.112556278139070542e+00
5.147573786893446801e+00
5.182591295647823948e+00
5.217608804402201095e+00
5.252626313156578242e+00
5.270135067533766815e+00
5.287643821910956277e+00
5.322661330665333423e+00
5.340170085042521109e+00
5.340170085042521109e+00
5.340170085042521109e+00
5.340170085042521109e+00
5.340170085042521109e+00
5.340170085042521109e+00
5.375187593796898256e+00
5.655327663831916318e+00
6.005502751375686898e+00
6.110555277638820115e+00
6.145572786393197262e+00
6.163081540770386724e+00
6.163081540770386724e+00
6.145572786393197262e+00
6.128064032016007801e+00
6.110555277638820115e+00
6.110555277638820115e+00
6.110555277638820115e+00
6.128064032016007801e+00
6.128064032016007801e+00
6.145572786393197262e+00
6.163081540770386724e+00
6.180590295147573521e+00
6.215607803901951556e+00
6.250625312656327814e+00
6.285642821410704961e+00
6.338169084542272458e+00
6.303151575787894423e+00
6.250625312656327814e+00
6.268134067033517276e+00
6.303151575787894423e+00
6.338169084542272458e+00
6.390695347673837290e+00
6.443221610805403010e+00
6.495747873936969619e+00
6.530765382691344989e+00
6.548274137068534451e+00
6.565782891445723024e+00
6.565782891445723024e+00
6.565782891445723024e+00
6.548274137068534451e+00
6.530765382691344989e+00
6.495747873936969619e+00
6.443221610805403010e+00
6.355677838919459255e+00
6.233116558279139241e+00
6.058029014507253507e+00
6.005502751375686898e+00
6.005502751375686898e+00
5.917958979489744920e+00
5.847923961980989738e+00
5.795397698849424906e+00
5.777888944472236332e+00
5.760380190095048647e+00
5.725362681340669724e+00
5.672836418209104004e+00
5.620310155077539171e+00
5.532766383191595416e+00
5.427713856928463976e+00
5.305152576288143962e+00
5.200100050025012521e+00
5.095047523761881081e+00
4.989994997498748752e+00
4.884942471235617312e+00
4.797398699349674445e+00
4.709854927463731578e+00
4.639819909954977284e+00
4.604802401200601025e+00
4.622311155577788711e+00
4.674837418709355319e+00
4.744872436218108724e+00
4.832416208104052480e+00
4.937468734367183920e+00
5.025012506253126787e+00
5.077538769384692507e+00
5.130065032516258228e+00
5.165082541270635375e+00
5.182591295647823948e+00
5.182591295647823948e+00
5.200100050025012521e+00
5.200100050025012521e+00
5.200100050025012521e+00
5.217608804402201095e+00
5.217608804402201095e+00
5.217608804402201095e+00
5.217608804402201095e+00
5.235117558779390556e+00
5.200100050025012521e+00
5.182591295647823948e+00
5.182591295647823948e+00
5.182591295647823948e+00
5.165082541270635375e+00
5.147573786893446801e+00
5.112556278139070542e+00
5.095047523761881081e+00
5.060030015007503934e+00
5.042521260630315361e+00
5.007503751875937326e+00
4.989994997498748752e+00
4.989994997498748752e+00
4.989994997498748752e+00
5.007503751875937326e+00
5.007503751875937326e+00
5.025012506253126787e+00
5.042521260630315361e+00
5.060030015007503934e+00
5.077538769384692507e+00
5.130065032516258228e+00
5.200100050025012521e+00
5.252626313156578242e+00
5.287643821910956277e+00
5.322661330665333423e+00
5.340170085042521109e+00
5.375187593796898256e+00
5.392696348174086829e+00
5.410205102551276291e+00
5.427713856928463976e+00
5.427713856928463976e+00
5.427713856928463976e+00
5.445222611305653437e+00
5.515257628814406843e+00
5.637818909454728633e+00
5.865432716358179199e+00
6.040520260130064933e+00
6.145572786393197262e+00
6.180590295147573521e+00
6.180590295147573521e+00
6.163081540770386724e+00
6.110555277638820115e+00
6.093046523261631542e+00
6.093046523261631542e+00
6.093046523261631542e+00
6.093046523261631542e+00
6.110555277638820115e+00
6.110555277638820115e+00
6.128064032016007801e+00
6.163081540770386724e+00
6.180590295147573521e+00
6.215607803901951556e+00
6.268134067033517276e+00
6.303151575787894423e+00
6.355677838919459255e+00
6.408204102051024975e+00
6.443221610805403010e+00
6.478239119559780157e+00
6.513256628314157304e+00
6.548274137068534451e+00
6.530765382691344989e+00
6.513256628314157304e+00
6.548274137068534451e+00
6.583291645822910709e+00
6.583291645822910709e+00
6.583291645822910709e+00
6.583291645822910709e+00
6.583291645822910709e+00
6.565782891445723024e+00
6.548274137068534451e+00
6.513256628314157304e+00
6.443221610805403010e+00
6.355677838919459255e+00
6.198099049524762094e+00
6.040520260130064933e+00
5.900450225112556346e+00
5.812906453226614367e+00
5.760380190095048647e+00
5.725362681340669724e+00
5.707853926963481150e+00
5.795397698849424906e+00
5.865432716358179199e+00
5.830415207603802052e+00
5.760380190095048647e+00
5.620310155077539171e+00
5.497748874437218269e+00
5.375187593796898256e+00
5.287643821910956277e+00
5.200100050025012521e+00
5.130065032516258228e+00
5.077538769384692507e+00
5.007503751875937326e+00
4.937468734367183920e+00
4.902451225612806773e+00
4.902451225612806773e+00
4.937468734367183920e+00
5.007503751875937326e+00
5.112556278139070542e+00
5.200100050025012521e+00
5.270135067533766815e+00
5.287643821910956277e+00
5.270135067533766815e+00
5.287643821910956277e+00
5.305152576288143962e+00
5.305152576288143962e+00
5.305152576288143962e+00
5.322661330665333423e+00
5.322661330665333423e+00
5.340170085042521109e+00
5.340170085042521109e+00
5.340170085042521109e+00
5.357678839419710570e+00
5.357678839419710570e+00
5.375187593796898256e+00
5.392696348174086829e+00
5.410205102551276291e+00
5.427713856928463976e+00
5.427713856928463976e+00
5.445222611305653437e+00
5.445222611305653437e+00
5.410205102551276291e+00
5.375187593796898256e+00
5.357678839419710570e+00
5.322661330665333423e+00
5.305152576288143962e+00
5.270135067533766815e+00
5.270135067533766815e+00
5.252626313156578242e+00
5.235117558779390556e+00
5.217608804402201095e+00
5.200100050025012521e+00
5.200100050025012521e+00
5.200100050025012521e+00
5.217608804402201095e+00
5.217608804402201095e+00
5.252626313156578242e+00
5.270135067533766815e+00
5.287643821910956277e+00
5.305152576288143962e+00
5.322661330665333423e+00
5.392696348174086829e+00
5.480240120060030584e+00
5.515257628814406843e+00
5.515257628814406843e+00
5.532766383191595416e+00
5.602801400700350598e+00
5.707853926963481150e+00
5.917958979489744920e+00
6.128064032016007801e+00
6.250625312656327814e+00
6.303151575787894423e+00
6.303151575787894423e+00
6.285642821410704961e+00
6.268134067033517276e+00
6.250625312656327814e+00
6.215607803901951556e+00
6.215607803901951556e+00
6.198099049524762094e+00
6.198099049524762094e+00
6.198099049524762094e+00
6.110555277638820115e+00
6.058029014507253507e+00
6.075537768884442080e+00
6.110555277638820115e+00
6.145572786393197262e+00
6.198099049524762094e+00
6.250625312656327814e+00
6.303151575787894423e+00
6.355677838919459255e+00
6.390695347673837290e+00
6.443221610805403010e+00
6.478239119559780157e+00
6.513256628314157304e+00
6.548274137068534451e+00
6.600800400200100171e+00
6.635817908954477318e+00
6.653326663331665891e+00
6.670835417708855353e+00
6.670835417708855353e+00
6.653326663331665891e+00
6.653326663331665891e+00
6.670835417708855353e+00
6.653326663331665891e+00
6.618309154577289632e+00
6.565782891445723024e+00
6.460730365182591584e+00
6.285642821410704961e+00
6.110555277638820115e+00
5.970485242621311528e+00
5.900450225112556346e+00
5.865432716358179199e+00
5.830415207603802052e+00
5.795397698849424906e+00
5.777888944472236332e+00
5.725362681340669724e+00
5.655327663831916318e+00
5.550275137568783990e+00
5.445222611305653437e+00
5.357678839419710570e+00
5.287643821910956277e+00
5.287643821910956277e+00
5.270135067533766815e+00
5.217608804402201095e+00
5.165082541270635375e+00
5.112556278139070542e+00
5.095047523761881081e+00
5.077538769384692507e+00
5.095047523761881081e+00
5.147573786893446801e+00
5.200100050025012521e+00
5.252626313156578242e+00
5.305152576288143962e+00
5.340170085042521109e+00
5.375187593796898256e+00
5.392696348174086829e+00
5.410205102551276291e+00
5.427713856928463976e+00
5.410205102551276291e+00
5.410205102551276291e+00
5.410205102551276291e+00
5.375187593796898256e+00
5.340170085042521109e+00
5.340170085042521109e+00
5.340170085042521109e+00
5.357678839419710570e+00
5.375187593796898256e+00
5.392696348174086829e+00
5.410205102551276291e+00
5.427713856928463976e+00
5.427713856928463976e+00
5.427713856928463976e+00
5.427713856928463976e+00
5.427713856928463976e+00
5.410205102551276291e+00
5.357678839419710570e+00
5.340170085042521109e+00
5.305152576288143962e+00
5.270135067533766815e+00
5.252626313156578242e+00
5.252626313156578242e+00
5.287643821910956277e+00
5.322661330665333423e+00
5.305152576288143962e+00
5.287643821910956277e+00
5.287643821910956277e+00
5.287643821910956277e+00
5.287643821910956277e+00
5.305152576288143962e+00
5.322661330665333423e+00
5.357678839419710570e+00
5.375187593796898256e+00
5.392696348174086829e+00
5.392696348174086829e+00
5.410205102551276291e+00
5.410205102551276291e+00
5.410205102551276291e+00
5.427713856928463976e+00
5.480240120060030584e+00
5.585292646323162025e+00
5.742871435717859185e+00
6.040520260130064933e+00
6.145572786393197262e+00
6.163081540770386724e+00
6.163081540770386724e+00
6.145572786393197262e+00
6.128064032016007801e+00
6.128064032016007801e+00
6.110555277638820115e+00
6.110555277638820115e+00
6.110555277638820115e+00
6.110555277638820115e+00
6.128064032016007801e+00
6.163081540770386724e+00
6.180590295147573521e+00
6.215607803901951556e+00
6.268134067033517276e+00
6.320660330165082996e+00
6.373186593296647828e+00
6.425712856428214437e+00
6.478239119559780157e+00
6.408204102051024975e+00
6.390695347673837290e+00
6.443221610805403010e+00
6.478239119559780157e+00
6.513256628314157304e+00
6.565782891445723024e+00
6.600800400200100171e+00
6.635817908954477318e+00
6.653326663331665891e+00
6.653326663331665891e+00
6.635817908954477318e+00
6.635817908954477318e+00
6.618309154577289632e+00
6.600800400200100171e+00
6.583291645822910709e+00
6.513256628314157304e+00
6.390695347673837290e+00
6.198099049524762094e+00
5.987993996998500101e+00
5.847923961980989738e+00
5.917958979489744920e+00
5.970485242621311528e+00
5.935467733866934381e+00
5.900450225112556346e+00
5.847923961980989738e+00
5.795397698849424906e+00
5.690345172586293465e+00
5.585292646323162025e+00
5.480240120060030584e+00
5.427713856928463976e+00
5.375187593796898256e+00
5.357678839419710570e+00
5.340170085042521109e+00
5.340170085042521109e+00
5.322661330665333423e+00
5.340170085042521109e+00
5.357678839419710570e+00
5.375187593796898256e+00
5.392696348174086829e+00
5.410205102551276291e+00
5.410205102551276291e+00
5.392696348174086829e+00
5.410205102551276291e+00
5.427713856928463976e+00
5.445222611305653437e+00
5.462731365682842011e+00
5.462731365682842011e+00
5.480240120060030584e+00
5.480240120060030584e+00
5.462731365682842011e+00
5.480240120060030584e+00
5.480240120060030584e+00
5.497748874437218269e+00
5.515257628814406843e+00
5.532766383191595416e+00
5.550275137568783990e+00
5.585292646323162025e+00
5.602801400700350598e+00
5.637818909454728633e+00
5.637818909454728633e+00
5.602801400700350598e+00
5.585292646323162025e+00
5.602801400700350598e+00
5.602801400700350598e+00
5.602801400700350598e+00
5.567783891945973451e+00
5.550275137568783990e+00
5.515257628814406843e+00
5.497748874437218269e+00
5.462731365682842011e+00
5.427713856928463976e+00
5.410205102551276291e+00
5.375187593796898256e+00
5.340170085042521109e+00
5.322661330665333423e+00
5.305152576288143962e+00
5.305152576288143962e+00
5.287643821910956277e+00
5.305152576288143962e+00
5.322661330665333423e+00
5.410205102551276291e+00
5.480240120060030584e+00
5.497748874437218269e+00
5.515257628814406843e+00
5.532766383191595416e+00
5.550275137568783990e+00
5.567783891945973451e+00
5.637818909454728633e+00
5.795397698849424906e+00
5.987993996998500101e+00
6.145572786393197262e+00
6.250625312656327814e+00
6.285642821410704961e+00
6.285642821410704961e+00
6.268134067033517276e+00
6.250625312656327814e+00
6.233116558279139241e+00
6.215607803901951556e+00
6.198099049524762094e+00
6.180590295147573521e+00
6.075537768884442080e+00
6.023011505752876360e+00
6.040520260130064933e+00
6.075537768884442080e+00
6.110555277638820115e+00
6.163081540770386724e+00
6.215607803901951556e+00
6.268134067033517276e+00
6.320660330165082996e+00
6.390695347673837290e+00
6.460730365182591584e+00
6.513256628314157304e+00
6.565782891445723024e+00
6.600800400200100171e+00
6.635817908954477318e+00
6.653326663331665891e+00
6.688344172086043038e+00
6.723361680840420185e+00
6.740870435217609646e+00
6.758379189594797332e+00
6.740870435217609646e+00
6.740870435217609646e+00
6.740870435217609646e+00
6.723361680840420185e+00
6.705852926463230723e+00
6.670835417708855353e+00
6.565782891445723024e+00
6.425712856428214437e+00
6.250625312656327814e+00
6.093046523261631542e+00
6.005502751375686898e+00
5.935467733866934381e+00
5.882941470735366885e+00
5.830415207603802052e+00
5.760380190095048647e+00
5.672836418209104004e+00
5.567783891945973451e+00
5.480240120060030584e+00
5.410205102551276291e+00
5.375187593796898256e+00
5.427713856928463976e+00
5.480240120060030584e+00
5.497748874437218269e+00
5.515257628814406843e+00
5.550275137568783990e+00
5.585292646323162025e+00
5.602801400700350598e+00
5.602801400700350598e+00
5.602801400700350598e+00
5.620310155077539171e+00
5.620310155077539171e+00
5.620310155077539171e+00
5.602801400700350598e+00
5.602801400700350598e+00
5.602801400700350598e+00
5.620310155077539171e+00
5.620310155077539171e+00
5.620310155077539171e+00
5.620310155077539171e+00
5.602801400700350598e+00
5.532766383191595416e+00
5.497748874437218269e+00
5.515257628814406843e+00
5.532766383191595416e+00
5.550275137568783990e+00
5.567783891945973451e+00
5.602801400700350598e+00
5.620310155077539171e+00
5.637818909454728633e+00
5.655327663831916318e+00
5.672836418209104004e+00
5.707853926963481150e+00
5.725362681340669724e+00
5.707853926963481150e+00
5.690345172586293465e+00
5.672836418209104004e+00
5.637818909454728633e+00
5.585292646323162025e+00
5.550275137568783990e+00
5.515257628814406843e+00
5.550275137568783990e+00
5.567783891945973451e+00
5.532766383191595416e+00
5.480240120060030584e+00
5.445222611305653437e+00
5.410205102551276291e+00
5.392696348174086829e+00
5.392696348174086829e+00
5.410205102551276291e+00
5.427713856928463976e+00
5.445222611305653437e+00
5.462731365682842011e+00
5.462731365682842011e+00
5.462731365682842011e+00
5.480240120060030584e+00
5.515257628814406843e+00
5.567783891945973451e+00
5.690345172586293465e+00
5.847923961980989738e+00
6.005502751375686898e+00
6.198099049524762094e+00
6.250625312656327814e+00
6.250625312656327814e+00
6.233116558279139241e+00
6.215607803901951556e+00
6.198099049524762094e+00
6.180590295147573521e+00
6.180590295147573521e+00
6.163081540770386724e+00
6.180590295147573521e+00
6.180590295147573521e+00
6.198099049524762094e+00
6.250625312656327814e+00
6.285642821410704961e+00
6.338169084542272458e+00
6.390695347673837290e+00
6.443221610805403010e+00
6.513256628314157304e+00
6.565782891445723024e+00
6.618309154577289632e+00
6.583291645822910709e+00
6.565782891445723024e+00
6.618309154577289632e+00
6.635817908954477318e+00
6.670835417708855353e+00
6.688344172086043038e+00
6.723361680840420185e+00
6.740870435217609646e+00
6.740870435217609646e+00
6.740870435217609646e+00
6.740870435217609646e+00
6.723361680840420185e+00
6.723361680840420185e+00
6.688344172086043038e+00
6.618309154577289632e+00
6.495747873936969619e+00
6.320660330165082996e+00
6.128064032016007801e+00
5.970485242621311528e+00
5.882941470735366885e+00
5.987993996998500101e+00
6.023011505752876360e+00
5.970485242621311528e+00
5.882941470735366885e+00
5.760380190095048647e+00
5.637818909454728633e+00
5.550275137568783990e+00
5.497748874437218269e+00
5.462731365682842011e+00
5.462731365682842011e+00
5.480240120060030584e+00
5.480240120060030584e+00
5.515257628814406843e+00
5.567783891945973451e+00
5.602801400700350598e+00
5.637818909454728633e+00
5.655327663831916318e+00
5.672836418209104004e+00
5.672836418209104004e+00
5.672836418209104004e+00
5.585292646323162025e+00
5.550275137568783990e+00
5.532766383191595416e+00
5.550275137568783990e+00
5.550275137568783990e+00
5.550275137568783990e+00
5.567783891945973451e+00
5.567783891945973451e+00
5.550275137568783990e+00
5.567783891945973451e+00
5.585292646323162025e+00
5.602801400700350598e+00
5.620310155077539171e+00
5.655327663831916318e+00
5.672836418209104004e+00
5.707853926963481150e+00
5.725362681340669724e+00
5.742871435717859185e+00
5.777888944472236332e+00
5.812906453226614367e+00
5.777888944472236332e+00
5.760380190095048647e+00
5.760380190095048647e+00
5.760380190095048647e+00
5.742871435717859185e+00
5.707853926963481150e+00
5.672836418209104004e+00
5.637818909454728633e+00
5.585292646323162025e+00
5.550275137568783990e+00
5.497748874437218269e+00
5.462731365682842011e+00
5.410205102551276291e+00
5.392696348174086829e+00
5.375187593796898256e+00
5.357678839419710570e+00
5.357678839419710570e+00
5.375187593796898256e+00
5.375187593796898256e+00
5.410205102551276291e+00
5.515257628814406843e+00
5.585292646323162025e+00
5.620310155077539171e+00
5.672836418209104004e+00
5.777888944472236332e+00
5.952976488244122066e+00
6.145572786393197262e+00
6.303151575787894423e+00
6.390695347673837290e+00
6.425712856428214437e+00
6.425712856428214437e+00
6.408204102051024975e+00
6.390695347673837290e+00
6.355677838919459255e+00
6.338169084542272458e+00
6.320660330165082996e+00
6.303151575787894423e+00
6.303151575787894423e+00
6.320660330165082996e+00
6.320660330165082996e+00
6.215607803901951556e+00
6.198099049524762094e+00
6.233116558279139241e+00
6.285642821410704961e+00
6.338169084542272458e+00
6.408204102051024975e+00
6.478239119559780157e+00
6.548274137068534451e+00
6.618309154577289632e+00
6.670835417708855353e+00
6.705852926463230723e+00
6.740870435217609646e+00
6.758379189594797332e+00
6.775887943971985905e+00
6.793396698349175367e+00
6.828414207103552513e+00
6.845922961480741087e+00
6.845922961480741087e+00
6.845922961480741087e+00
6.845922961480741087e+00
6.863431715857929660e+00
6.863431715857929660e+00
6.793396698349175367e+00
6.705852926463230723e+00
6.583291645822910709e+00
6.443221610805403010e+00
6.285642821410704961e+00
6.128064032016007801e+00
6.023011505752876360e+00
5.935467733866934381e+00
5.847923961980989738e+00
5.725362681340669724e+00
5.637818909454728633e+00
5.550275137568783990e+00
5.497748874437218269e+00
5.480240120060030584e+00
5.462731365682842011e+00
5.480240120060030584e+00
5.497748874437218269e+00
5.532766383191595416e+00
5.655327663831916318e+00
5.725362681340669724e+00
5.760380190095048647e+00
5.777888944472236332e+00
5.777888944472236332e+00
5.760380190095048647e+00
5.742871435717859185e+00
5.725362681340669724e+00
5.707853926963481150e+00
5.672836418209104004e+00
5.655327663831916318e+00
5.655327663831916318e+00
5.655327663831916318e+00
5.655327663831916318e+00
5.672836418209104004e+00
5.672836418209104004e+00
5.672836418209104004e+00
5.690345172586293465e+00
5.707853926963481150e+00
5.742871435717859185e+00
5.672836418209104004e+00
5.655327663831916318e+00
5.655327663831916318e+00
5.672836418209104004e+00
5.690345172586293465e+00
5.725362681340669724e+00
5.760380190095048647e+00
5.777888944472236332e+00
5.795397698849424906e+00
5.795397698849424906e+00
5.795397698849424906e+00
5.777888944472236332e+00
5.742871435717859185e+00
5.707853926963481150e+00
5.655327663831916318e+00
5.602801400700350598e+00
5.567783891945973451e+00
5.515257628814406843e+00
5.480240120060030584e+00
5.445222611305653437e+00
5.532766383191595416e+00
5.550275137568783990e+00
5.515257628814406843e+00
5.497748874437218269e+00
5.497748874437218269e+00
5.497748874437218269e+00
5.515257628814406843e+00
5.550275137568783990e+00
5.567783891945973451e+00
5.620310155077539171e+00
5.707853926963481150e+00
5.882941470735366885e+00
6.075537768884442080e+00
6.233116558279139241e+00
6.355677838919459255e+00
6.408204102051024975e+00
6.443221610805403010e+00
6.443221610805403010e+00
6.443221610805403010e+00
6.408204102051024975e+00
6.338169084542272458e+00
6.285642821410704961e+00
6.268134067033517276e+00
6.268134067033517276e+00
6.285642821410704961e+00
6.303151575787894423e+00
6.338169084542272458e+00
6.373186593296647828e+00
6.443221610805403010e+00
6.495747873936969619e+00
6.548274137068534451e+00
6.635817908954477318e+00
6.705852926463230723e+00
6.775887943971985905e+00
6.845922961480741087e+00
6.898449224612305919e+00
6.933466733366683066e+00
6.968484242121061101e+00
6.985992996498248786e+00
6.985992996498248786e+00
6.968484242121061101e+00
6.968484242121061101e+00
6.985992996498248786e+00
7.003501750875438248e+00
7.021010505252625933e+00
7.003501750875438248e+00
6.950975487743872527e+00
6.898449224612305919e+00
6.845922961480741087e+00
6.810905452726363052e+00
6.758379189594797332e+00
6.653326663331665891e+00
6.478239119559780157e+00
6.268134067033517276e+00
6.075537768884442080e+00
5.900450225112556346e+00
5.760380190095048647e+00
5.672836418209104004e+00
5.602801400700350598e+00
5.602801400700350598e+00
5.672836418209104004e+00
5.742871435717859185e+00
5.777888944472236332e+00
5.847923961980989738e+00
5.935467733866934381e+00
6.023011505752876360e+00
6.093046523261631542e+00
6.163081540770386724e+00
6.198099049524762094e+00
6.198099049524762094e+00
6.180590295147573521e+00
6.163081540770386724e+00
6.110555277638820115e+00
6.058029014507253507e+00
6.023011505752876360e+00
5.970485242621311528e+00
5.935467733866934381e+00
5.917958979489744920e+00
5.917958979489744920e+00
5.900450225112556346e+00
5.795397698849424906e+00
5.777888944472236332e+00
5.777888944472236332e+00
5.795397698849424906e+00
5.830415207603802052e+00
5.865432716358179199e+00
5.882941470735366885e+00
5.917958979489744920e+00
5.952976488244122066e+00
5.987993996998500101e+00
6.023011505752876360e+00
6.040520260130064933e+00
6.058029014507253507e+00
6.075537768884442080e+00
6.093046523261631542e+00
6.093046523261631542e+00
6.093046523261631542e+00
6.058029014507253507e+00
6.005502751375686898e+00
5.952976488244122066e+00
5.970485242621311528e+00
5.952976488244122066e+00
5.882941470735366885e+00
5.812906453226614367e+00
5.742871435717859185e+00
5.690345172586293465e+00
5.655327663831916318e+00
5.620310155077539171e+00
5.585292646323162025e+00
5.585292646323162025e+00
5.585292646323162025e+00
5.637818909454728633e+00
5.707853926963481150e+00
5.830415207603802052e+00
5.987993996998500101e+00
6.128064032016007801e+00
6.250625312656327814e+00
6.338169084542272458e+00
6.408204102051024975e+00
6.443221610805403010e+00
6.495747873936969619e+00
6.495747873936969619e+00
6.478239119559780157e+00
6.460730365182591584e+00
6.443221610805403010e+00
6.425712856428214437e+00
6.425712856428214437e+00
6.443221610805403010e+00
6.460730365182591584e+00
6.495747873936969619e+00
6.530765382691344989e+00
6.583291645822910709e+00
6.653326663331665891e+00
6.723361680840420185e+00
6.793396698349175367e+00
6.880940470235117346e+00
6.950975487743872527e+00
7.003501750875438248e+00
7.056028014007003080e+00
7.091045522761381115e+00
7.073536768384192541e+00
7.073536768384192541e+00
7.091045522761381115e+00
7.091045522761381115e+00
7.091045522761381115e+00
7.091045522761381115e+00
7.108554277138568800e+00
7.091045522761381115e+00
7.056028014007003080e+00
7.003501750875438248e+00
6.968484242121061101e+00
6.933466733366683066e+00
6.898449224612305919e+00
6.828414207103552513e+00
6.723361680840420185e+00
6.530765382691344989e+00
6.268134067033517276e+00
6.023011505752876360e+00
5.847923961980989738e+00
5.760380190095048647e+00
5.812906453226614367e+00
5.830415207603802052e+00
5.830415207603802052e+00
5.847923961980989738e+00
5.900450225112556346e+00
5.952976488244122066e+00
6.023011505752876360e+00
6.110555277638820115e+00
6.180590295147573521e+00
6.250625312656327814e+00
6.303151575787894423e+00
6.320660330165082996e+00
6.320660330165082996e+00
6.285642821410704961e+00
6.250625312656327814e+00
6.198099049524762094e+00
6.145572786393197262e+00
6.093046523261631542e+00
6.058029014507253507e+00
6.005502751375686898e+00
5.882941470735366885e+00
5.830415207603802052e+00
5.847923961980989738e+00
5.865432716358179199e+00
5.900450225112556346e+00
5.935467733866934381e+00
5.952976488244122066e+00
5.970485242621311528e+00
6.005502751375686898e+00
6.058029014507253507e+00
6.110555277638820115e+00
6.128064032016007801e+00
6.163081540770386724e+00
6.180590295147573521e+00
6.215607803901951556e+00
6.233116558279139241e+00
6.250625312656327814e+00
6.250625312656327814e+00
6.233116558279139241e+00
6.215607803901951556e+00
6.215607803901951556e+00
6.180590295147573521e+00
6.110555277638820115e+00
6.040520260130064933e+00
5.952976488244122066e+00
5.900450225112556346e+00
5.830415207603802052e+00
5.777888944472236332e+00
5.742871435717859185e+00
5.690345172586293465e+00
5.690345172586293465e+00
5.690345172586293465e+00
5.742871435717859185e+00
5.847923961980989738e+00
5.987993996998500101e+00
6.145572786393197262e+00
6.250625312656327814e+00
6.355677838919459255e+00
6.425712856428214437e+00
6.495747873936969619e+00
6.583291645822910709e+00
6.635817908954477318e+00
6.653326663331665891e+00
6.653326663331665891e+00
6.635817908954477318e+00
6.635817908954477318e+00
6.618309154577289632e+00
6.618309154577289632e+00
6.653326663331665891e+00
6.670835417708855353e+00
6.705852926463230723e+00
6.740870435217609646e+00
6.793396698349175367e+00
6.863431715857929660e+00
6.950975487743872527e+00
7.003501750875438248e+00
7.073536768384192541e+00
7.143571785892947723e+00
7.196098049024512555e+00
7.213606803401700240e+00
7.196098049024512555e+00
7.196098049024512555e+00
7.213606803401700240e+00
7.231115557778888814e+00
7.231115557778888814e+00
7.231115557778888814e+00
7.213606803401700240e+00
7.178589294647323982e+00
7.161080540270135408e+00
7.143571785892947723e+00
7.126063031515758261e+00
7.091045522761381115e+00
7.056028014007003080e+00
7.003501750875438248e+00
6.898449224612305919e+00
6.723361680840420185e+00
6.478239119559780157e+00
6.215607803901951556e+00
6.005502751375686898e+00
5.900450225112556346e+00
5.952976488244122066e+00
5.987993996998500101e+00
5.987993996998500101e+00
6.005502751375686898e+00
6.058029014507253507e+00
6.128064032016007801e+00
6.180590295147573521e+00
6.250625312656327814e+00
6.320660330165082996e+00
6.373186593296647828e+00
6.408204102051024975e+00
6.425712856428214437e+00
6.425712856428214437e+00
6.408204102051024975e+00
6.373186593296647828e+00
6.320660330165082996e+00
6.268134067033517276e+00
6.215607803901951556e+00
6.180590295147573521e+00
6.128064032016007801e+00
5.987993996998500101e+00
5.935467733866934381e+00
5.935467733866934381e+00
5.970485242621311528e+00
6.005502751375686898e+00
6.040520260130064933e+00
6.075537768884442080e+00
6.110555277638820115e+00
6.145572786393197262e+00
6.198099049524762094e+00
6.233116558279139241e+00
6.268134067033517276e+00
6.285642821410704961e+00
6.320660330165082996e+00
6.338169084542272458e+00
6.355677838919459255e+00
6.355677838919459255e+00
6.355677838919459255e+00
6.320660330165082996e+00
6.303151575787894423e+00
6.303151575787894423e+00
6.268134067033517276e+00
6.198099049524762094e+00
6.145572786393197262e+00
6.058029014507253507e+00
6.005502751375686898e+00
5.935467733866934381e+00
5.882941470735366885e+00
5.865432716358179199e+00
5.865432716358179199e+00
5.917958979489744920e+00
6.023011505752876360e+00
6.145572786393197262e+00
6.268134067033517276e+00
6.355677838919459255e+00
6.460730365182591584e+00
6.530765382691344989e+00
6.583291645822910709e+00
6.635817908954477318e+00
6.688344172086043038e+00
6.740870435217609646e+00
6.775887943971985905e+00
6.793396698349175367e+00
6.810905452726363052e+00
6.828414207103552513e+00
6.845922961480741087e+00
6.863431715857929660e+00
6.880940470235117346e+00
6.915957978989495381e+00
6.950975487743872527e+00
7.003501750875438248e+00
7.073536768384192541e+00
7.143571785892947723e+00
7.196098049024512555e+00
7.266133066533266849e+00
7.301150575287643996e+00
7.336168084042021142e+00
7.388694347173585975e+00
7.406203101550775436e+00
7.423711855927964010e+00
7.423711855927964010e+00
7.441220610305153471e+00
7.441220610305153471e+00
7.423711855927964010e+00
7.371185592796398289e+00
7.318659329664833457e+00
7.301150575287643996e+00
7.301150575287643996e+00
7.301150575287643996e+00
7.266133066533266849e+00
7.213606803401700240e+00
7.108554277138568800e+00
6.950975487743872527e+00
6.775887943971985905e+00
6.600800400200100171e+00
6.425712856428214437e+00
6.250625312656327814e+00
6.110555277638820115e+00
6.023011505752876360e+00
6.005502751375686898e+00
6.163081540770386724e+00
6.250625312656327814e+00
6.285642821410704961e+00
6.338169084542272458e+00
6.408204102051024975e+00
6.443221610805403010e+00
6.478239119559780157e+00
6.513256628314157304e+00
6.530765382691344989e+00
6.548274137068534451e+00
6.548274137068534451e+00
6.530765382691344989e+00
6.495747873936969619e+00
6.460730365182591584e+00
6.425712856428214437e+00
6.373186593296647828e+00
6.320660330165082996e+00
6.303151575787894423e+00
6.285642821410704961e+00
6.250625312656327814e+00
6.128064032016007801e+00
6.075537768884442080e+00
6.110555277638820115e+00
6.145572786393197262e+00
6.215607803901951556e+00
6.233116558279139241e+00
6.268134067033517276e+00
6.303151575787894423e+00
6.338169084542272458e+00
6.373186593296647828e+00
6.408204102051024975e+00
6.425712856428214437e+00
6.425712856428214437e+00
6.425712856428214437e+00
6.408204102051024975e+00
6.390695347673837290e+00
6.355677838919459255e+00
6.320660330165082996e+00
6.250625312656327814e+00
6.198099049524762094e+00
6.250625312656327814e+00
6.233116558279139241e+00
6.163081540770386724e+00
6.110555277638820115e+00
6.058029014507253507e+00
6.058029014507253507e+00
6.110555277638820115e+00
6.198099049524762094e+00
6.303151575787894423e+00
6.390695347673837290e+00
6.460730365182591584e+00
6.530765382691344989e+00
6.600800400200100171e+00
6.670835417708855353e+00
6.705852926463230723e+00
6.758379189594797332e+00
6.793396698349175367e+00
6.828414207103552513e+00
6.845922961480741087e+00
6.863431715857929660e+00
6.845922961480741087e+00
6.828414207103552513e+00
6.845922961480741087e+00
6.863431715857929660e+00
6.880940470235117346e+00
6.933466733366683066e+00
6.985992996498248786e+00
7.038519259629814506e+00
7.108554277138568800e+00
7.161080540270135408e+00
7.231115557778888814e+00
7.283641820910455422e+00
7.318659329664833457e+00
7.371185592796398289e+00
7.406203101550775436e+00
7.441220610305153471e+00
7.458729364682341156e+00
7.493746873436719191e+00
7.493746873436719191e+00
7.493746873436719191e+00
7.476238119059530618e+00
7.423711855927964010e+00
7.388694347173585975e+00
7.388694347173585975e+00
7.371185592796398289e+00
7.353676838419210604e+00
7.301150575287643996e+00
7.196098049024512555e+00
7.021010505252625933e+00
6.828414207103552513e+00
6.670835417708855353e+00
6.530765382691344989e+00
6.390695347673837290e+00
6.250625312656327814e+00
6.128064032016007801e+00
6.075537768884442080e+00
6.075537768884442080e+00
6.110555277638820115e+00
6.163081540770386724e+00
6.233116558279139241e+00
6.373186593296647828e+00
6.443221610805403010e+00
6.478239119559780157e+00
6.495747873936969619e+00
6.530765382691344989e+00
6.530765382691344989e+00
6.548274137068534451e+00
6.530765382691344989e+00
6.513256628314157304e+00
6.478239119559780157e+00
6.443221610805403010e+00
6.390695347673837290e+00
6.338169084542272458e+00
6.320660330165082996e+00
6.303151575787894423e+00
6.303151575787894423e+00
6.303151575787894423e+00
6.338169084542272458e+00
6.373186593296647828e+00
6.373186593296647828e+00
6.285642821410704961e+00
6.250625312656327814e+00
6.285642821410704961e+00
6.320660330165082996e+00
6.373186593296647828e+00
6.408204102051024975e+00
6.425712856428214437e+00
6.443221610805403010e+00
6.443221610805403010e+00
6.443221610805403010e+00
6.443221610805403010e+00
6.408204102051024975e+00
6.390695347673837290e+00
6.338169084542272458e+00
6.285642821410704961e+00
6.215607803901951556e+00
6.145572786393197262e+00
6.075537768884442080e+00
6.005502751375686898e+00
5.987993996998500101e+00
6.163081540770386724e+00
6.268134067033517276e+00
6.338169084542272458e+00
6.425712856428214437e+00
6.495747873936969619e+00
6.565782891445723024e+00
6.618309154577289632e+00
6.688344172086043038e+00
6.758379189594797332e+00
6.810905452726363052e+00
6.863431715857929660e+00
6.915957978989495381e+00
6.968484242121061101e+00
7.003501750875438248e+00
7.038519259629814506e+00
7.091045522761381115e+00
7.126063031515758261e+00
7.143571785892947723e+00
7.178589294647323982e+00
7.178589294647323982e+00
7.056028014007003080e+00
7.056028014007003080e+00
7.108554277138568800e+00
7.178589294647323982e+00
7.248624312156078275e+00
7.301150575287643996e+00
7.353676838419210604e+00
7.406203101550775436e+00
7.441220610305153471e+00
7.476238119059530618e+00
7.511255627813906877e+00
7.528764382191095450e+00
7.563781890945471709e+00
7.581290645322661170e+00
7.563781890945471709e+00
7.511255627813906877e+00
7.458729364682341156e+00
7.441220610305153471e+00
7.423711855927964010e+00
7.423711855927964010e+00
7.476238119059530618e+00
7.458729364682341156e+00
7.371185592796398289e+00
7.213606803401700240e+00
7.021010505252625933e+00
6.863431715857929660e+00
6.723361680840420185e+00
6.618309154577289632e+00
6.495747873936969619e+00
6.373186593296647828e+00
6.285642821410704961e+00
6.250625312656327814e+00
6.268134067033517276e+00
6.303151575787894423e+00
6.355677838919459255e+00
6.408204102051024975e+00
6.443221610805403010e+00
6.478239119559780157e+00
6.495747873936969619e+00
6.513256628314157304e+00
6.530765382691344989e+00
6.513256628314157304e+00
6.495747873936969619e+00
6.478239119559780157e+00
6.425712856428214437e+00
6.373186593296647828e+00
6.320660330165082996e+00
6.268134067033517276e+00
6.233116558279139241e+00
6.198099049524762094e+00
6.215607803901951556e+00
6.215607803901951556e+00
6.233116558279139241e+00
6.285642821410704961e+00
6.338169084542272458e+00
6.390695347673837290e+00
6.425712856428214437e+00
6.460730365182591584e+00
6.495747873936969619e+00
6.513256628314157304e+00
6.460730365182591584e+00
6.460730365182591584e+00
6.478239119559780157e+00
6.478239119559780157e+00
6.460730365182591584e+00
6.443221610805403010e+00
6.408204102051024975e+00
6.373186593296647828e+00
6.338169084542272458e+00
6.285642821410704961e+00
6.215607803901951556e+00
6.145572786393197262e+00
6.075537768884442080e+00
6.023011505752876360e+00
5.987993996998500101e+00
6.005502751375686898e+00
6.075537768884442080e+00
6.163081540770386724e+00
6.268134067033517276e+00
6.373186593296647828e+00
6.530765382691344989e+00
6.618309154577289632e+00
6.688344172086043038e+00
6.740870435217609646e+00
6.810905452726363052e+00
6.863431715857929660e+00
6.915957978989495381e+00
6.968484242121061101e+00
7.021010505252625933e+00
7.056028014007003080e+00
7.108554277138568800e+00
7.161080540270135408e+00
7.196098049024512555e+00
7.213606803401700240e+00
7.248624312156078275e+00
7.301150575287643996e+00
7.336168084042021142e+00
7.388694347173585975e+00
7.423711855927964010e+00
7.441220610305153471e+00
7.353676838419210604e+00
7.371185592796398289e+00
7.423711855927964010e+00
7.458729364682341156e+00
7.493746873436719191e+00
7.528764382191095450e+00
7.563781890945471709e+00
7.581290645322661170e+00
7.581290645322661170e+00
7.563781890945471709e+00
7.511255627813906877e+00
7.476238119059530618e+00
7.458729364682341156e+00
7.441220610305153471e+00
7.423711855927964010e+00
7.388694347173585975e+00
7.318659329664833457e+00
7.161080540270135408e+00
6.968484242121061101e+00
6.845922961480741087e+00
6.845922961480741087e+00
6.810905452726363052e+00
6.723361680840420185e+00
6.635817908954477318e+00
6.513256628314157304e+00
6.443221610805403010e+00
6.425712856428214437e+00
6.425712856428214437e+00
6.460730365182591584e+00
6.513256628314157304e+00
6.530765382691344989e+00
6.565782891445723024e+00
6.583291645822910709e+00
6.600800400200100171e+00
6.600800400200100171e+00
6.618309154577289632e+00
6.618309154577289632e+00
6.600800400200100171e+00
6.583291645822910709e+00
6.530765382691344989e+00
6.425712856428214437e+00
6.355677838919459255e+00
6.303151575787894423e+00
6.250625312656327814e+00
6.250625312656327814e+00
6.233116558279139241e+00
6.233116558279139241e+00
6.268134067033517276e+00
6.320660330165082996e+00
6.355677838919459255e+00
6.408204102051024975e+00
6.425712856428214437e+00
6.460730365182591584e+00
6.495747873936969619e+00
6.530765382691344989e+00
6.548274137068534451e+00
6.565782891445723024e+00
6.565782891445723024e+00
6.565782891445723024e+00
6.548274137068534451e+00
6.565782891445723024e+00
6.548274137068534451e+00
6.513256628314157304e+00
6.460730365182591584e+00
6.408204102051024975e+00
6.338169084542272458e+00
6.268134067033517276e+00
6.215607803901951556e+00
6.180590295147573521e+00
6.180590295147573521e+00
6.250625312656327814e+00
6.355677838919459255e+00
6.425712856428214437e+00
6.478239119559780157e+00
6.530765382691344989e+00
6.583291645822910709e+00
6.618309154577289632e+00
6.670835417708855353e+00
6.723361680840420185e+00
6.775887943971985905e+00
6.845922961480741087e+00
6.898449224612305919e+00
6.950975487743872527e+00
7.003501750875438248e+00
7.056028014007003080e+00
7.108554277138568800e+00
7.143571785892947723e+00
7.178589294647323982e+00
7.213606803401700240e+00
7.248624312156078275e+00
7.301150575287643996e+00
7.353676838419210604e+00
7.388694347173585975e+00
7.441220610305153471e+00
7.458729364682341156e+00
7.493746873436719191e+00
7.528764382191095450e+00
7.563781890945471709e+00
7.581290645322661170e+00
7.598799399699850632e+00
7.581290645322661170e+00
7.598799399699850632e+00
7.581290645322661170e+00
7.563781890945471709e+00
7.511255627813906877e+00
7.493746873436719191e+00
7.476238119059530618e+00
7.458729364682341156e+00
7.423711855927964010e+00
7.388694347173585975e+00
7.318659329664833457e+00
7.143571785892947723e+00
6.968484242121061101e+00
6.810905452726363052e+00
6.705852926463230723e+00
6.635817908954477318e+00
6.565782891445723024e+00
6.460730365182591584e+00
6.355677838919459255e+00
6.320660330165082996e+00
6.443221610805403010e+00
6.478239119559780157e+00
6.513256628314157304e+00
6.530765382691344989e+00
6.565782891445723024e+00
6.583291645822910709e+00
6.600800400200100171e+00
6.618309154577289632e+00
6.635817908954477318e+00
6.635817908954477318e+00
6.635817908954477318e+00
6.635817908954477318e+00
6.618309154577289632e+00
6.583291645822910709e+00
6.548274137068534451e+00
6.530765382691344989e+00
6.495747873936969619e+00
6.478239119559780157e+00
6.460730365182591584e+00
6.390695347673837290e+00
6.233116558279139241e+00
6.233116558279139241e+00
6.285642821410704961e+00
6.320660330165082996e+00
6.373186593296647828e+00
6.390695347673837290e+00
6.425712856428214437e+00
6.460730365182591584e+00
6.513256628314157304e+00
6.530765382691344989e+00
6.548274137068534451e+00
6.548274137068534451e+00
6.530765382691344989e+00
6.513256628314157304e+00
6.495747873936969619e+00
6.478239119559780157e+00
6.443221610805403010e+00
6.390695347673837290e+00
6.338169084542272458e+00
6.303151575787894423e+00
6.390695347673837290e+00
6.390695347673837290e+00
6.373186593296647828e+00
6.408204102051024975e+00
6.478239119559780157e+00
6.548274137068534451e+00
6.600800400200100171e+00
6.635817908954477318e+00
6.670835417708855353e+00
6.705852926463230723e+00
6.758379189594797332e+00
6.810905452726363052e+00
6.863431715857929660e+00
6.898449224612305919e+00
6.950975487743872527e+00
6.985992996498248786e+00
7.038519259629814506e+00
7.091045522761381115e+00
7.126063031515758261e+00
7.143571785892947723e+00
7.108554277138568800e+00
7.108554277138568800e+00
7.143571785892947723e+00
7.196098049024512555e+00
7.248624312156078275e+00
7.301150575287643996e+00
7.336168084042021142e+00
7.388694347173585975e+00
7.423711855927964010e+00
7.441220610305153471e+00
7.476238119059530618e+00
7.493746873436719191e+00
7.528764382191095450e+00
7.563781890945471709e+00
7.581290645322661170e+00
7.598799399699850632e+00
7.581290645322661170e+00
7.563781890945471709e+00
7.511255627813906877e+00
7.511255627813906877e+00
7.546273136568284023e+00
7.546273136568284023e+00
7.511255627813906877e+00
7.458729364682341156e+00
7.353676838419210604e+00
7.178589294647323982e+00
7.003501750875438248e+00
6.863431715857929660e+00
6.758379189594797332e+00
6.705852926463230723e+00
6.635817908954477318e+00
6.530765382691344989e+00
6.443221610805403010e+00
6.373186593296647828e+00
6.373186593296647828e+00
6.390695347673837290e+00
6.425712856428214437e+00
6.460730365182591584e+00
6.495747873936969619e+00
6.530765382691344989e+00
6.565782891445723024e+00
6.583291645822910709e+00
6.600800400200100171e+00
6.600800400200100171e+00
6.583291645822910709e+00
6.565782891445723024e+00
6.530765382691344989e+00
6.495747873936969619e+00
6.460730365182591584e+00
6.425712856428214437e+00
6.373186593296647828e+00
6.355677838919459255e+00
6.338169084542272458e+00
6.338169084542272458e+00
6.355677838919459255e+00
6.425712856428214437e+00
6.460730365182591584e+00
6.513256628314157304e+00
6.565782891445723024e+00
6.548274137068534451e+00
6.478239119559780157e+00
6.495747873936969619e+00
6.513256628314157304e+00
6.530765382691344989e+00
6.530765382691344989e+00
6.530765382691344989e+00
6.513256628314157304e+00
6.495747873936969619e+00
6.460730365182591584e+00
6.443221610805403010e+00
6.390695347673837290e+00
6.338169084542272458e+00
6.268134067033517276e+00
6.198099049524762094e+00
6.145572786393197262e+00
6.110555277638820115e+00
6.110555277638820115e+00
6.180590295147573521e+00
6.268134067033517276e+00
6.408204102051024975e+00
6.600800400200100171e+00
6.653326663331665891e+00
6.688344172086043038e+00
6.740870435217609646e+00
6.793396698349175367e+00
6.845922961480741087e+00
6.898449224612305919e+00
6.950975487743872527e+00
7.003501750875438248e+00
7.056028014007003080e+00
7.126063031515758261e+00
7.178589294647323982e+00
7.231115557778888814e+00
7.266133066533266849e+00
7.318659329664833457e+00
7.353676838419210604e+00
7.406203101550775436e+00
7.441220610305153471e+00
7.476238119059530618e+00
7.476238119059530618e+00
7.406203101550775436e+00
7.406203101550775436e+00
7.441220610305153471e+00
7.493746873436719191e+00
7.528764382191095450e+00
7.546273136568284023e+00
7.598799399699850632e+00
7.633816908454226891e+00
7.651325662831416352e+00
7.633816908454226891e+00
7.598799399699850632e+00
7.581290645322661170e+00
7.563781890945471709e+00
7.546273136568284023e+00
7.511255627813906877e+00
7.458729364682341156e+00
7.406203101550775436e+00
7.248624312156078275e+00
7.091045522761381115e+00
6.950975487743872527e+00
6.950975487743872527e+00
6.915957978989495381e+00
6.880940470235117346e+00
6.845922961480741087e+00
6.793396698349175367e+00
6.723361680840420185e+00
6.653326663331665891e+00
6.600800400200100171e+00
6.600800400200100171e+00
6.618309154577289632e+00
6.635817908954477318e+00
6.635817908954477318e+00
6.653326663331665891e+00
6.670835417708855353e+00
6.670835417708855353e+00
6.688344172086043038e+00
6.688344172086043038e+00
6.688344172086043038e+00
6.688344172086043038e+00
6.670835417708855353e+00
6.583291645822910709e+00
6.530765382691344989e+00
6.495747873936969619e+00
6.460730365182591584e+00
6.408204102051024975e+00
6.390695347673837290e+00
6.390695347673837290e+00
6.408204102051024975e+00
6.443221610805403010e+00
6.495747873936969619e+00
6.513256628314157304e+00
6.565782891445723024e+00
6.600800400200100171e+00
6.618309154577289632e+00
6.653326663331665891e+00
6.688344172086043038e+00
6.688344172086043038e+00
6.688344172086043038e+00
6.688344172086043038e+00
6.670835417708855353e+00
6.688344172086043038e+00
6.670835417708855353e+00
6.635817908954477318e+00
6.600800400200100171e+00
6.565782891445723024e+00
6.513256628314157304e+00
6.460730365182591584e+00
6.425712856428214437e+00
6.443221610805403010e+00
6.513256628314157304e+00
6.600800400200100171e+00
6.653326663331665891e+00
6.670835417708855353e+00
6.688344172086043038e+00
6.705852926463230723e+00
6.723361680840420185e+00
6.740870435217609646e+00
6.775887943971985905e+00
6.828414207103552513e+00
6.880940470235117346e+00
6.950975487743872527e+00
7.021010505252625933e+00
7.091045522761381115e+00
7.161080540270135408e+00
7.213606803401700240e+00
7.283641820910455422e+00
7.353676838419210604e+00
7.423711855927964010e+00
7.493746873436719191e+00
7.546273136568284023e+00
7.581290645322661170e+00
7.616308154077039205e+00
7.633816908454226891e+00
7.651325662831416352e+00
7.668834417208604926e+00
7.686343171585793499e+00
7.686343171585793499e+00
7.721360680340170646e+00
7.738869434717358331e+00
7.738869434717358331e+00
7.703851925962981184e+00
7.668834417208604926e+00
7.633816908454226891e+00
7.633816908454226891e+00
7.633816908454226891e+00
7.616308154077039205e+00
7.563781890945471709e+00
7.476238119059530618e+00
7.336168084042021142e+00
7.196098049024512555e+00
7.073536768384192541e+00
6.968484242121061101e+00
6.915957978989495381e+00
6.880940470235117346e+00
6.880940470235117346e+00
6.898449224612305919e+00
6.915957978989495381e+00
6.863431715857929660e+00
6.793396698349175367e+00
6.758379189594797332e+00
6.810905452726363052e+00
6.810905452726363052e+00
6.793396698349175367e+00
6.775887943971985905e+00
6.775887943971985905e+00
6.793396698349175367e+00
6.793396698349175367e+00
6.810905452726363052e+00
6.828414207103552513e+00
6.845922961480741087e+00
6.863431715857929660e+00
6.880940470235117346e+00
6.880940470235117346e+00
6.880940470235117346e+00
6.863431715857929660e+00
6.828414207103552513e+00
6.793396698349175367e+00
6.793396698349175367e+00
6.793396698349175367e+00
6.723361680840420185e+00
6.600800400200100171e+00
6.600800400200100171e+00
6.635817908954477318e+00
6.705852926463230723e+00
6.723361680840420185e+00
6.740870435217609646e+00
6.758379189594797332e+00
6.775887943971985905e+00
6.758379189594797332e+00
6.758379189594797332e+00
6.740870435217609646e+00
6.723361680840420185e+00
6.723361680840420185e+00
6.688344172086043038e+00
6.670835417708855353e+00
6.635817908954477318e+00
6.600800400200100171e+00
6.583291645822910709e+00
6.600800400200100171e+00
6.758379189594797332e+00
6.985992996498248786e+00
7.038519259629814506e+00
7.038519259629814506e+00
7.021010505252625933e+00
7.003501750875438248e+00
6.985992996498248786e+00
6.985992996498248786e+00
6.985992996498248786e+00
7.021010505252625933e+00
7.056028014007003080e+00
7.126063031515758261e+00
7.178589294647323982e+00
7.248624312156078275e+00
7.318659329664833457e+00
7.388694347173585975e+00
7.476238119059530618e+00
7.546273136568284023e+00
7.633816908454226891e+00
7.686343171585793499e+00
7.721360680340170646e+00
7.738869434717358331e+00
7.756378189094546904e+00
7.756378189094546904e+00
7.773886943471736366e+00
7.773886943471736366e+00
7.773886943471736366e+00
7.791395697848924051e+00
7.808904452226113513e+00
7.808904452226113513e+00
7.791395697848924051e+00
7.773886943471736366e+00
7.756378189094546904e+00
7.756378189094546904e+00
7.773886943471736366e+00
7.756378189094546904e+00
7.703851925962981184e+00
7.598799399699850632e+00
7.441220610305153471e+00
7.301150575287643996e+00
7.213606803401700240e+00
7.266133066533266849e+00
7.266133066533266849e+00
7.266133066533266849e+00
7.283641820910455422e+00
7.336168084042021142e+00
7.371185592796398289e+00
7.388694347173585975e+00
7.388694347173585975e+00
7.301150575287643996e+00
7.196098049024512555e+00
7.073536768384192541e+00
7.003501750875438248e+00
6.950975487743872527e+00
6.915957978989495381e+00
6.915957978989495381e+00
6.915957978989495381e+00
6.915957978989495381e+00
6.933466733366683066e+00
6.950975487743872527e+00
6.968484242121061101e+00
6.950975487743872527e+00
6.950975487743872527e+00
6.950975487743872527e+00
6.915957978989495381e+00
6.898449224612305919e+00
6.880940470235117346e+00
6.845922961480741087e+00
6.828414207103552513e+00
6.828414207103552513e+00
6.828414207103552513e+00
6.863431715857929660e+00
6.898449224612305919e+00
6.915957978989495381e+00
6.950975487743872527e+00
6.950975487743872527e+00
6.933466733366683066e+00
6.933466733366683066e+00
6.933466733366683066e+00
6.933466733366683066e+00
6.933466733366683066e+00
6.968484242121061101e+00
6.968484242121061101e+00
6.950975487743872527e+00
6.950975487743872527e+00
6.968484242121061101e+00
7.038519259629814506e+00
7.143571785892947723e+00
7.196098049024512555e+00
7.213606803401700240e+00
7.213606803401700240e+00
7.196098049024512555e+00
7.178589294647323982e+00
7.143571785892947723e+00
7.108554277138568800e+00
7.073536768384192541e+00
7.073536768384192541e+00
7.073536768384192541e+00
7.091045522761381115e+00
7.126063031515758261e+00
7.196098049024512555e+00
7.248624312156078275e+00
7.336168084042021142e+00
7.423711855927964010e+00
7.546273136568284023e+00
7.651325662831416352e+00
7.756378189094546904e+00
7.843921960980491548e+00
7.913956978489244065e+00
7.948974487243622100e+00
7.966483241620809785e+00
7.966483241620809785e+00
7.966483241620809785e+00
7.948974487243622100e+00
7.948974487243622100e+00
7.931465732866433527e+00
7.896448224112056380e+00
7.861430715357679233e+00
7.808904452226113513e+00
7.808904452226113513e+00
7.808904452226113513e+00
7.826413206603302086e+00
7.791395697848924051e+00
7.756378189094546904e+00
7.651325662831416352e+00
7.528764382191095450e+00
7.406203101550775436e+00
7.318659329664833457e+00
7.266133066533266849e+00
7.283641820910455422e+00
7.301150575287643996e+00
7.336168084042021142e+00
7.388694347173585975e+00
7.441220610305153471e+00
7.476238119059530618e+00
7.511255627813906877e+00
7.493746873436719191e+00
7.441220610305153471e+00
7.318659329664833457e+00
7.178589294647323982e+00
7.091045522761381115e+00
7.073536768384192541e+00
7.038519259629814506e+00
7.038519259629814506e+00
7.038519259629814506e+00
7.056028014007003080e+00
7.091045522761381115e+00
7.126063031515758261e+00
7.161080540270135408e+00
7.196098049024512555e+00
7.231115557778888814e+00
7.248624312156078275e+00
7.248624312156078275e+00
7.248624312156078275e+00
7.213606803401700240e+00
7.178589294647323982e+00
7.161080540270135408e+00
7.143571785892947723e+00
7.126063031515758261e+00
7.143571785892947723e+00
7.126063031515758261e+00
7.056028014007003080e+00
7.038519259629814506e+00
7.038519259629814506e+00
7.021010505252625933e+00
7.021010505252625933e+00
7.021010505252625933e+00
7.003501750875438248e+00
6.985992996498248786e+00
6.985992996498248786e+00
6.985992996498248786e+00
7.038519259629814506e+00
7.143571785892947723e+00
7.266133066533266849e+00
7.336168084042021142e+00
7.371185592796398289e+00
7.371185592796398289e+00
7.353676838419210604e+00
7.318659329664833457e+00
7.266133066533266849e+00
7.283641820910455422e+00
7.336168084042021142e+00
7.301150575287643996e+00
7.266133066533266849e+00
7.248624312156078275e+00
7.266133066533266849e+00
7.301150575287643996e+00
7.371185592796398289e+00
7.458729364682341156e+00
7.563781890945471709e+00
7.668834417208604926e+00
7.791395697848924051e+00
7.878939469734866918e+00
7.983991995997999247e+00
8.054027013506752652e+00
8.106553276638319261e+00
8.124062031015508722e+00
8.141570785392696408e+00
8.124062031015508722e+00
8.124062031015508722e+00
8.124062031015508722e+00
8.089044522261129799e+00
8.036518259129564967e+00
8.001500750375187820e+00
7.983991995997999247e+00
8.001500750375187820e+00
7.983991995997999247e+00
7.948974487243622100e+00
7.861430715357679233e+00
7.721360680340170646e+00
7.581290645322661170e+00
7.493746873436719191e+00
7.458729364682341156e+00
7.441220610305153471e+00
7.458729364682341156e+00
7.493746873436719191e+00
7.563781890945471709e+00
7.633816908454226891e+00
7.703851925962981184e+00
7.738869434717358331e+00
7.773886943471736366e+00
7.791395697848924051e+00
7.773886943471736366e+00
7.738869434717358331e+00
7.651325662831416352e+00
7.528764382191095450e+00
7.406203101550775436e+00
7.301150575287643996e+00
7.266133066533266849e+00
7.248624312156078275e+00
7.266133066533266849e+00
7.283641820910455422e+00
7.336168084042021142e+00
7.371185592796398289e+00
7.406203101550775436e+00
7.458729364682341156e+00
7.493746873436719191e+00
7.511255627813906877e+00
7.511255627813906877e+00
7.511255627813906877e+00
7.458729364682341156e+00
7.336168084042021142e+00
7.266133066533266849e+00
7.231115557778888814e+00
7.213606803401700240e+00
7.196098049024512555e+00
7.196098049024512555e+00
7.196098049024512555e+00
7.196098049024512555e+00
7.178589294647323982e+00
7.178589294647323982e+00
7.161080540270135408e+00
7.161080540270135408e+00
7.161080540270135408e+00
7.178589294647323982e+00
7.266133066533266849e+00
7.388694347173585975e+00
7.511255627813906877e+00
7.581290645322661170e+00
7.633816908454226891e+00
7.686343171585793499e+00
7.721360680340170646e+00
7.703851925962981184e+00
7.668834417208604926e+00
7.633816908454226891e+00
7.581290645322661170e+00
7.546273136568284023e+00
7.511255627813906877e+00
7.476238119059530618e+00
7.458729364682341156e+00
7.476238119059530618e+00
7.528764382191095450e+00
7.598799399699850632e+00
7.703851925962981184e+00
7.808904452226113513e+00
7.896448224112056380e+00
7.983991995997999247e+00
8.071535767883942114e+00
8.141570785392696408e+00
8.176588294147073555e+00
8.246623311655827848e+00
8.351675837918961065e+00
8.386693346673336436e+00
8.351675837918961065e+00
8.299149574787394457e+00
8.229114557278638387e+00
8.176588294147073555e+00
8.159079539769885869e+00
8.124062031015508722e+00
8.106553276638319261e+00
8.054027013506752652e+00
7.931465732866433527e+00
7.791395697848924051e+00
7.668834417208604926e+00
7.598799399699850632e+00
7.581290645322661170e+00
7.598799399699850632e+00
7.616308154077039205e+00
7.686343171585793499e+00
7.756378189094546904e+00
7.843921960980491548e+00
7.913956978489244065e+00
7.948974487243622100e+00
7.966483241620809785e+00
7.948974487243622100e+00
7.931465732866433527e+00
7.913956978489244065e+00
7.878939469734866918e+00
7.808904452226113513e+00
7.703851925962981184e+00
7.563781890945471709e+00
7.458729364682341156e+00
7.423711855927964010e+00
7.406203101550775436e+00
7.423711855927964010e+00
7.458729364682341156e+00
7.493746873436719191e+00
7.528764382191095450e+00
7.581290645322661170e+00
7.616308154077039205e+00
7.633816908454226891e+00
7.598799399699850632e+00
7.598799399699850632e+00
7.581290645322661170e+00
7.546273136568284023e+00
7.493746873436719191e+00
7.441220610305153471e+00
7.388694347173585975e+00
7.353676838419210604e+00
7.318659329664833457e+00
7.318659329664833457e+00
7.301150575287643996e+00
7.301150575287643996e+00
7.283641820910455422e+00
7.266133066533266849e+00
7.266133066533266849e+00
7.283641820910455422e+00
7.353676838419210604e+00
7.458729364682341156e+00
7.581290645322661170e+00
7.703851925962981184e+00
7.791395697848924051e+00
7.826413206603302086e+00
7.826413206603302086e+00
7.826413206603302086e+00
7.791395697848924051e+00
7.756378189094546904e+00
7.721360680340170646e+00
7.668834417208604926e+00
7.633816908454226891e+00
7.598799399699850632e+00
7.563781890945471709e+00
7.563781890945471709e+00
7.563781890945471709e+00
7.616308154077039205e+00
7.703851925962981184e+00
7.791395697848924051e+00
7.896448224112056380e+00
7.983991995997999247e+00
8.071535767883942114e+00
8.176588294147073555e+00
8.299149574787394457e+00
8.386693346673336436e+00
8.439219609804903044e+00
8.456728364182090729e+00
8.456728364182090729e+00
8.404202101050525897e+00
8.316658329164582142e+00
8.264132066033015533e+00
8.229114557278638387e+00
8.211605802901450701e+00
8.159079539769885869e+00
8.106553276638319261e+00
7.983991995997999247e+00
7.826413206603302086e+00
7.703851925962981184e+00
7.633816908454226891e+00
7.616308154077039205e+00
7.633816908454226891e+00
7.668834417208604926e+00
7.773886943471736366e+00
7.878939469734866918e+00
7.931465732866433527e+00
7.983991995997999247e+00
8.001500750375187820e+00
8.019009504752377282e+00
8.001500750375187820e+00
8.001500750375187820e+00
7.966483241620809785e+00
7.948974487243622100e+00
7.896448224112056380e+00
7.808904452226113513e+00
7.686343171585793499e+00
7.563781890945471709e+00
7.476238119059530618e+00
7.458729364682341156e+00
7.458729364682341156e+00
7.476238119059530618e+00
7.493746873436719191e+00
7.528764382191095450e+00
7.563781890945471709e+00
7.581290645322661170e+00
7.598799399699850632e+00
7.633816908454226891e+00
7.633816908454226891e+00
7.616308154077039205e+00
7.581290645322661170e+00
7.546273136568284023e+00
7.493746873436719191e+00
7.441220610305153471e+00
7.388694347173585975e+00
7.353676838419210604e+00
7.318659329664833457e+00
7.318659329664833457e+00
7.301150575287643996e+00
7.301150575287643996e+00
7.266133066533266849e+00
7.266133066533266849e+00
7.283641820910455422e+00
7.336168084042021142e+00
7.493746873436719191e+00
7.668834417208604926e+00
7.756378189094546904e+00
7.791395697848924051e+00
7.826413206603302086e+00
7.826413206603302086e+00
7.826413206603302086e+00
7.791395697848924051e+00
7.756378189094546904e+00
7.703851925962981184e+00
7.668834417208604926e+00
7.616308154077039205e+00
7.581290645322661170e+00
7.563781890945471709e+00
7.546273136568284023e+00
7.563781890945471709e+00
7.598799399699850632e+00
7.668834417208604926e+00
7.773886943471736366e+00
7.861430715357679233e+00
7.948974487243622100e+00
8.071535767883942114e+00
8.176588294147073555e+00
8.264132066033015533e+00
8.316658329164582142e+00
8.351675837918961065e+00
8.369184592296148750e+00
8.369184592296148750e+00
8.316658329164582142e+00
8.246623311655827848e+00
8.176588294147073555e+00
8.141570785392696408e+00
8.106553276638319261e+00
8.089044522261129799e+00
8.036518259129564967e+00
7.983991995997999247e+00
7.861430715357679233e+00
7.738869434717358331e+00
7.651325662831416352e+00
7.598799399699850632e+00
7.651325662831416352e+00
7.738869434717358331e+00
7.791395697848924051e+00
7.861430715357679233e+00
7.896448224112056380e+00
7.931465732866433527e+00
7.966483241620809785e+00
7.966483241620809785e+00
7.966483241620809785e+00
7.948974487243622100e+00
7.931465732866433527e+00
7.896448224112056380e+00
7.843921960980491548e+00
7.756378189094546904e+00
7.616308154077039205e+00
7.476238119059530618e+00
7.388694347173585975e+00
7.371185592796398289e+00
7.388694347173585975e+00
7.406203101550775436e+00
7.423711855927964010e+00
7.423711855927964010e+00
7.458729364682341156e+00
7.511255627813906877e+00
7.546273136568284023e+00
7.581290645322661170e+00
7.581290645322661170e+00
7.563781890945471709e+00
7.528764382191095450e+00
7.493746873436719191e+00
7.441220610305153471e+00
7.388694347173585975e+00
7.336168084042021142e+00
7.301150575287643996e+00
7.283641820910455422e+00
7.283641820910455422e+00
7.266133066533266849e+00
7.266133066533266849e+00
7.231115557778888814e+00
7.231115557778888814e+00
7.266133066533266849e+00
7.371185592796398289e+00
7.458729364682341156e+00
7.563781890945471709e+00
7.651325662831416352e+00
7.721360680340170646e+00
7.738869434717358331e+00
7.756378189094546904e+00
7.756378189094546904e+00
7.721360680340170646e+00
7.686343171585793499e+00
7.633816908454226891e+00
7.581290645322661170e+00
7.528764382191095450e+00
7.493746873436719191e+00
7.476238119059530618e+00
7.458729364682341156e+00
7.476238119059530618e+00
7.493746873436719191e+00
7.546273136568284023e+00
7.598799399699850632e+00
7.651325662831416352e+00
7.773886943471736366e+00
7.878939469734866918e+00
7.983991995997999247e+00
8.071535767883942114e+00
8.141570785392696408e+00
8.176588294147073555e+00
8.194097048524263016e+00
8.194097048524263016e+00
8.176588294147073555e+00
8.141570785392696408e+00
8.106553276638319261e+00
8.036518259129564967e+00
7.983991995997999247e+00
7.948974487243622100e+00
7.931465732866433527e+00
7.896448224112056380e+00
7.861430715357679233e+00
7.826413206603302086e+00
7.738869434717358331e+00
7.651325662831416352e+00
7.563781890945471709e+00
7.511255627813906877e+00
7.493746873436719191e+00
7.511255627813906877e+00
7.546273136568284023e+00
7.598799399699850632e+00
7.651325662831416352e+00
7.703851925962981184e+00
7.738869434717358331e+00
7.756378189094546904e+00
7.756378189094546904e+00
7.738869434717358331e+00
7.703851925962981184e+00
7.651325662831416352e+00
7.546273136568284023e+00
7.406203101550775436e+00
7.266133066533266849e+00
7.196098049024512555e+00
7.178589294647323982e+00
7.178589294647323982e+00
7.196098049024512555e+00
7.231115557778888814e+00
7.266133066533266849e+00
7.301150575287643996e+00
7.336168084042021142e+00
7.371185592796398289e+00
7.406203101550775436e+00
7.406203101550775436e+00
7.388694347173585975e+00
7.371185592796398289e+00
7.353676838419210604e+00
7.318659329664833457e+00
7.283641820910455422e+00
7.266133066533266849e+00
7.248624312156078275e+00
7.248624312156078275e+00
7.248624312156078275e+00
7.231115557778888814e+00
7.196098049024512555e+00
7.161080540270135408e+00
7.143571785892947723e+00
7.126063031515758261e+00
7.126063031515758261e+00
7.108554277138568800e+00
7.108554277138568800e+00
7.161080540270135408e+00
7.266133066533266849e+00
7.388694347173585975e+00
7.458729364682341156e+00
7.493746873436719191e+00
7.511255627813906877e+00
7.493746873436719191e+00
7.458729364682341156e+00
7.423711855927964010e+00
7.371185592796398289e+00
7.318659329664833457e+00
7.266133066533266849e+00
7.231115557778888814e+00
7.231115557778888814e+00
7.266133066533266849e+00
7.301150575287643996e+00
7.353676838419210604e+00
7.423711855927964010e+00
7.511255627813906877e+00
7.616308154077039205e+00
7.738869434717358331e+00
7.861430715357679233e+00
7.966483241620809785e+00
8.054027013506752652e+00
8.124062031015508722e+00
8.159079539769885869e+00
8.176588294147073555e+00
8.176588294147073555e+00
8.159079539769885869e+00
8.159079539769885869e+00
8.124062031015508722e+00
8.071535767883942114e+00
8.019009504752377282e+00
8.001500750375187820e+00
8.019009504752377282e+00
8.019009504752377282e+00
7.983991995997999247e+00
7.948974487243622100e+00
7.826413206603302086e+00
7.668834417208604926e+00
7.511255627813906877e+00
7.406203101550775436e+00
7.336168084042021142e+00
7.318659329664833457e+00
7.318659329664833457e+00
7.353676838419210604e+00
7.423711855927964010e+00
7.493746873436719191e+00
7.563781890945471709e+00
7.616308154077039205e+00
7.633816908454226891e+00
7.633816908454226891e+00
7.598799399699850632e+00
7.511255627813906877e+00
7.388694347173585975e+00
7.266133066533266849e+00
7.178589294647323982e+00
7.126063031515758261e+00
7.108554277138568800e+00
7.108554277138568800e+00
7.126063031515758261e+00
7.161080540270135408e+00
7.196098049024512555e+00
7.231115557778888814e+00
7.266133066533266849e+00
7.283641820910455422e+00
7.318659329664833457e+00
7.318659329664833457e+00
7.318659329664833457e+00
7.301150575287643996e+00
7.266133066533266849e+00
7.248624312156078275e+00
7.231115557778888814e+00
7.161080540270135408e+00
7.073536768384192541e+00
7.091045522761381115e+00
7.073536768384192541e+00
7.091045522761381115e+00
7.056028014007003080e+00
7.038519259629814506e+00
7.038519259629814506e+00
7.021010505252625933e+00
7.003501750875438248e+00
6.985992996498248786e+00
6.968484242121061101e+00
6.950975487743872527e+00
6.985992996498248786e+00
7.038519259629814506e+00
7.143571785892947723e+00
7.213606803401700240e+00
7.266133066533266849e+00
7.266133066533266849e+00
7.266133066533266849e+00
7.283641820910455422e+00
7.336168084042021142e+00
7.301150575287643996e+00
7.248624312156078275e+00
7.213606803401700240e+00
7.178589294647323982e+00
7.178589294647323982e+00
7.196098049024512555e+00
7.231115557778888814e+00
7.301150575287643996e+00
7.371185592796398289e+00
7.458729364682341156e+00
7.546273136568284023e+00
7.651325662831416352e+00
7.738869434717358331e+00
7.826413206603302086e+00
7.896448224112056380e+00
7.931465732866433527e+00
7.948974487243622100e+00
7.966483241620809785e+00
7.966483241620809785e+00
7.948974487243622100e+00
7.948974487243622100e+00
7.931465732866433527e+00
7.931465732866433527e+00
7.896448224112056380e+00
7.861430715357679233e+00
7.843921960980491548e+00
7.861430715357679233e+00
7.878939469734866918e+00
7.861430715357679233e+00
7.808904452226113513e+00
7.703851925962981184e+00
7.546273136568284023e+00
7.388694347173585975e+00
7.266133066533266849e+00
7.196098049024512555e+00
7.178589294647323982e+00
7.178589294647323982e+00
7.196098049024512555e+00
7.336168084042021142e+00
7.458729364682341156e+00
7.511255627813906877e+00
7.528764382191095450e+00
7.528764382191095450e+00
7.458729364682341156e+00
7.353676838419210604e+00
7.231115557778888814e+00
7.126063031515758261e+00
7.056028014007003080e+00
7.021010505252625933e+00
7.021010505252625933e+00
7.021010505252625933e+00
7.021010505252625933e+00
7.038519259629814506e+00
7.073536768384192541e+00
7.108554277138568800e+00
7.143571785892947723e+00
7.161080540270135408e+00
7.161080540270135408e+00
7.073536768384192541e+00
6.985992996498248786e+00
6.915957978989495381e+00
6.880940470235117346e+00
6.863431715857929660e+00
6.863431715857929660e+00
6.863431715857929660e+00
6.880940470235117346e+00
6.915957978989495381e+00
6.933466733366683066e+00
6.950975487743872527e+00
6.950975487743872527e+00
6.933466733366683066e+00
6.933466733366683066e+00
6.915957978989495381e+00
6.915957978989495381e+00
6.898449224612305919e+00
6.880940470235117346e+00
6.863431715857929660e+00
6.845922961480741087e+00
6.898449224612305919e+00
7.021010505252625933e+00
7.091045522761381115e+00
7.161080540270135408e+00
7.213606803401700240e+00
7.231115557778888814e+00
7.213606803401700240e+00
7.196098049024512555e+00
7.161080540270135408e+00
7.126063031515758261e+00
7.091045522761381115e+00
7.073536768384192541e+00
7.056028014007003080e+00
7.073536768384192541e+00
7.091045522761381115e+00
7.143571785892947723e+00
7.213606803401700240e+00
7.283641820910455422e+00
7.336168084042021142e+00
7.423711855927964010e+00
7.458729364682341156e+00
7.511255627813906877e+00
7.598799399699850632e+00
7.668834417208604926e+00
7.721360680340170646e+00
7.756378189094546904e+00
7.773886943471736366e+00
7.773886943471736366e+00
7.773886943471736366e+00
7.773886943471736366e+00
7.773886943471736366e+00
7.773886943471736366e+00
7.773886943471736366e+00
7.756378189094546904e+00
7.721360680340170646e+00
7.703851925962981184e+00
7.703851925962981184e+00
7.703851925962981184e+00
7.686343171585793499e+00
7.668834417208604926e+00
7.686343171585793499e+00
7.598799399699850632e+00
7.458729364682341156e+00
7.318659329664833457e+00
7.213606803401700240e+00
7.161080540270135408e+00
7.143571785892947723e+00
7.143571785892947723e+00
7.178589294647323982e+00
7.231115557778888814e+00
7.266133066533266849e+00
7.266133066533266849e+00
7.231115557778888814e+00
7.143571785892947723e+00
7.021010505252625933e+00
6.933466733366683066e+00
6.880940470235117346e+00
6.845922961480741087e+00
6.845922961480741087e+00
6.828414207103552513e+00
6.845922961480741087e+00
6.863431715857929660e+00
6.880940470235117346e+00
6.898449224612305919e+00
6.915957978989495381e+00
6.933466733366683066e+00
6.933466733366683066e+00
6.933466733366683066e+00
6.880940470235117346e+00
6.845922961480741087e+00
6.810905452726363052e+00
6.793396698349175367e+00
6.775887943971985905e+00
6.775887943971985905e+00
6.793396698349175367e+00
6.828414207103552513e+00
6.863431715857929660e+00
6.898449224612305919e+00
6.915957978989495381e+00
6.915957978989495381e+00
6.863431715857929660e+00
6.845922961480741087e+00
6.828414207103552513e+00
6.810905452726363052e+00
6.793396698349175367e+00
6.775887943971985905e+00
6.740870435217609646e+00
6.723361680840420185e+00
6.688344172086043038e+00
6.653326663331665891e+00
6.618309154577289632e+00
6.618309154577289632e+00
6.653326663331665891e+00
6.723361680840420185e+00
6.775887943971985905e+00
6.810905452726363052e+00
6.810905452726363052e+00
6.810905452726363052e+00
6.810905452726363052e+00
6.793396698349175367e+00
6.828414207103552513e+00
6.880940470235117346e+00
6.915957978989495381e+00
6.950975487743872527e+00
7.003501750875438248e+00
7.056028014007003080e+00
7.108554277138568800e+00
7.178589294647323982e+00
7.248624312156078275e+00
7.318659329664833457e+00
7.388694347173585975e+00
7.458729364682341156e+00
7.528764382191095450e+00
7.581290645322661170e+00
7.616308154077039205e+00
7.651325662831416352e+00
7.668834417208604926e+00
7.686343171585793499e+00
7.686343171585793499e+00
7.703851925962981184e+00
7.686343171585793499e+00
7.668834417208604926e+00
7.686343171585793499e+00
7.703851925962981184e+00
7.686343171585793499e+00
7.651325662831416352e+00
7.651325662831416352e+00
7.668834417208604926e+00
7.668834417208604926e+00
7.651325662831416352e+00
7.598799399699850632e+00
7.476238119059530618e+00
7.301150575287643996e+00
7.143571785892947723e+00
7.021010505252625933e+00
6.933466733366683066e+00
6.880940470235117346e+00
6.863431715857929660e+00
6.863431715857929660e+00
6.880940470235117346e+00
7.003501750875438248e+00
7.056028014007003080e+00
6.985992996498248786e+00
6.898449224612305919e+00
6.845922961480741087e+00
6.810905452726363052e+00
6.793396698349175367e+00
6.793396698349175367e+00
6.793396698349175367e+00
6.793396698349175367e+00
6.810905452726363052e+00
6.810905452726363052e+00
6.828414207103552513e+00
6.845922961480741087e+00
6.863431715857929660e+00
6.880940470235117346e+00
6.880940470235117346e+00
6.863431715857929660e+00
6.845922961480741087e+00
6.810905452726363052e+00
6.670835417708855353e+00
6.565782891445723024e+00
6.548274137068534451e+00
6.548274137068534451e+00
6.583291645822910709e+00
6.635817908954477318e+00
6.670835417708855353e+00
6.723361680840420185e+00
6.723361680840420185e+00
6.740870435217609646e+00
6.758379189594797332e+00
6.775887943971985905e+00
6.758379189594797332e+00
6.740870435217609646e+00
6.723361680840420185e+00
6.705852926463230723e+00
6.688344172086043038e+00
6.670835417708855353e+00
6.635817908954477318e+00
6.600800400200100171e+00
6.635817908954477318e+00
6.688344172086043038e+00
6.688344172086043038e+00
6.705852926463230723e+00
6.758379189594797332e+00
6.810905452726363052e+00
6.845922961480741087e+00
6.845922961480741087e+00
6.845922961480741087e+00
6.845922961480741087e+00
6.845922961480741087e+00
6.845922961480741087e+00
6.880940470235117346e+00
6.915957978989495381e+00
6.968484242121061101e+00
7.003501750875438248e+00
7.056028014007003080e+00
7.108554277138568800e+00
7.178589294647323982e+00
7.231115557778888814e+00
7.231115557778888814e+00
7.248624312156078275e+00
7.283641820910455422e+00
7.336168084042021142e+00
7.388694347173585975e+00
7.423711855927964010e+00
7.476238119059530618e+00
7.511255627813906877e+00
7.528764382191095450e+00
7.546273136568284023e+00
7.546273136568284023e+00
7.563781890945471709e+00
7.598799399699850632e+00
7.616308154077039205e+00
7.633816908454226891e+00
7.633816908454226891e+00
7.598799399699850632e+00
7.581290645322661170e+00
7.581290645322661170e+00
7.581290645322661170e+00
7.616308154077039205e+00
7.616308154077039205e+00
7.563781890945471709e+00
7.458729364682341156e+00
7.301150575287643996e+00
7.143571785892947723e+00
7.003501750875438248e+00
6.915957978989495381e+00
6.863431715857929660e+00
6.845922961480741087e+00
6.828414207103552513e+00
6.810905452726363052e+00
6.740870435217609646e+00
6.653326663331665891e+00
6.618309154577289632e+00
6.600800400200100171e+00
6.600800400200100171e+00
6.618309154577289632e+00
6.635817908954477318e+00
6.635817908954477318e+00
6.670835417708855353e+00
6.688344172086043038e+00
6.688344172086043038e+00
6.705852926463230723e+00
6.705852926463230723e+00
6.688344172086043038e+00
6.688344172086043038e+00
6.653326663331665891e+00
6.635817908954477318e+00
6.600800400200100171e+00
6.583291645822910709e+00
6.530765382691344989e+00
6.530765382691344989e+00
6.548274137068534451e+00
6.565782891445723024e+00
6.600800400200100171e+00
6.635817908954477318e+00
6.688344172086043038e+00
6.723361680840420185e+00
6.740870435217609646e+00
6.688344172086043038e+00
6.670835417708855353e+00
6.688344172086043038e+00
6.670835417708855353e+00
6.670835417708855353e+00
6.653326663331665891e+00
6.635817908954477318e+00
6.600800400200100171e+00
6.565782891445723024e+00
6.548274137068534451e+00
6.495747873936969619e+00
6.443221610805403010e+00
6.355677838919459255e+00
6.303151575787894423e+00
6.250625312656327814e+00
6.233116558279139241e+00
6.268134067033517276e+00
6.355677838919459255e+00
6.425712856428214437e+00
6.478239119559780157e+00
6.600800400200100171e+00
6.688344172086043038e+00
6.723361680840420185e+00
6.758379189594797332e+00
6.793396698349175367e+00
6.845922961480741087e+00
6.898449224612305919e+00
6.933466733366683066e+00
6.985992996498248786e+00
7.038519259629814506e+00
7.108554277138568800e+00
7.161080540270135408e+00
7.196098049024512555e+00
7.248624312156078275e+00
7.283641820910455422e+00
7.336168084042021142e+00
7.388694347173585975e+00
7.423711855927964010e+00
7.458729364682341156e+00
7.493746873436719191e+00
7.441220610305153471e+00
7.406203101550775436e+00
7.441220610305153471e+00
7.476238119059530618e+00
7.511255627813906877e+00
7.546273136568284023e+00
7.581290645322661170e+00
7.598799399699850632e+00
7.598799399699850632e+00
7.563781890945471709e+00
7.546273136568284023e+00
7.528764382191095450e+00
7.528764382191095450e+00
7.511255627813906877e+00
7.458729364682341156e+00
7.406203101550775436e+00
7.283641820910455422e+00
7.108554277138568800e+00
6.933466733366683066e+00
6.810905452726363052e+00
6.845922961480741087e+00
6.880940470235117346e+00
6.863431715857929660e+00
6.810905452726363052e+00
6.723361680840420185e+00
6.653326663331665891e+00
6.583291645822910709e+00
6.583291645822910709e+00
6.600800400200100171e+00
6.618309154577289632e+00
6.635817908954477318e+00
6.653326663331665891e+00
6.670835417708855353e+00
6.670835417708855353e+00
6.688344172086043038e+00
6.688344172086043038e+00
6.688344172086043038e+00
6.688344172086043038e+00
6.670835417708855353e+00
6.653326663331665891e+00
6.565782891445723024e+00
6.460730365182591584e+00
6.408204102051024975e+00
6.373186593296647828e+00
6.355677838919459255e+00
6.338169084542272458e+00
6.355677838919459255e+00
6.390695347673837290e+00
6.425712856428214437e+00
6.460730365182591584e+00
6.513256628314157304e+00
6.530765382691344989e+00
6.565782891445723024e+00
6.600800400200100171e+00
6.635817908954477318e+00
6.653326663331665891e+00
6.653326663331665891e+00
6.635817908954477318e+00
6.635817908954477318e+00
6.618309154577289632e+00
6.618309154577289632e+00
6.618309154577289632e+00
6.583291645822910709e+00
6.530765382691344989e+00
6.460730365182591584e+00
6.390695347673837290e+00
6.320660330165082996e+00
6.250625312656327814e+00
6.215607803901951556e+00
6.215607803901951556e+00
6.268134067033517276e+00
6.338169084542272458e+00
6.408204102051024975e+00
6.460730365182591584e+00
6.513256628314157304e+00
6.548274137068534451e+00
6.600800400200100171e+00
6.635817908954477318e+00
6.688344172086043038e+00
6.705852926463230723e+00
6.758379189594797332e+00
6.810905452726363052e+00
6.845922961480741087e+00
6.880940470235117346e+00
6.915957978989495381e+00
6.950975487743872527e+00
6.968484242121061101e+00
6.985992996498248786e+00
7.021010505252625933e+00
7.073536768384192541e+00
7.126063031515758261e+00
7.178589294647323982e+00
7.231115557778888814e+00
7.283641820910455422e+00
7.318659329664833457e+00
7.371185592796398289e+00
7.406203101550775436e+00
7.441220610305153471e+00
7.476238119059530618e+00
7.511255627813906877e+00
7.493746873436719191e+00
7.493746873436719191e+00
7.511255627813906877e+00
7.476238119059530618e+00
7.441220610305153471e+00
7.406203101550775436e+00
7.388694347173585975e+00
7.371185592796398289e+00
7.336168084042021142e+00
7.301150575287643996e+00
7.231115557778888814e+00
7.056028014007003080e+00
6.880940470235117346e+00
6.740870435217609646e+00
6.618309154577289632e+00
6.548274137068534451e+00
6.443221610805403010e+00
6.320660330165082996e+00
6.215607803901951556e+00
6.163081540770386724e+00
6.285642821410704961e+00
6.390695347673837290e+00
6.443221610805403010e+00
6.478239119559780157e+00
6.530765382691344989e+00
6.548274137068534451e+00
6.583291645822910709e+00
6.600800400200100171e+00
6.618309154577289632e+00
6.618309154577289632e+00
6.618309154577289632e+00
6.618309154577289632e+00
6.600800400200100171e+00
6.565782891445723024e+00
6.530765382691344989e+00
6.513256628314157304e+00
6.478239119559780157e+00
6.460730365182591584e+00
6.460730365182591584e+00
6.425712856428214437e+00
6.303151575787894423e+00
6.233116558279139241e+00
6.250625312656327814e+00
6.303151575787894423e+00
6.338169084542272458e+00
6.355677838919459255e+00
6.390695347673837290e+00
6.425712856428214437e+00
6.460730365182591584e+00
6.478239119559780157e+00
6.495747873936969619e+00
6.513256628314157304e+00
6.513256628314157304e+00
6.495747873936969619e+00
6.478239119559780157e+00
6.443221610805403010e+00
6.408204102051024975e+00
6.355677838919459255e+00
6.285642821410704961e+00
6.215607803901951556e+00
6.268134067033517276e+00
6.285642821410704961e+00
6.250625312656327814e+00
6.198099049524762094e+00
6.198099049524762094e+00
6.268134067033517276e+00
6.355677838919459255e+00
6.443221610805403010e+00
6.513256628314157304e+00
6.565782891445723024e+00
6.618309154577289632e+00
6.670835417708855353e+00
6.723361680840420185e+00
6.775887943971985905e+00
6.810905452726363052e+00
6.845922961480741087e+00
6.880940470235117346e+00
6.898449224612305919e+00
6.933466733366683066e+00
6.950975487743872527e+00
6.915957978989495381e+00
6.863431715857929660e+00
6.863431715857929660e+00
6.898449224612305919e+00
6.933466733366683066e+00
6.985992996498248786e+00
7.056028014007003080e+00
7.108554277138568800e+00
7.161080540270135408e+00
7.213606803401700240e+00
7.283641820910455422e+00
7.318659329664833457e+00
7.353676838419210604e+00
7.388694347173585975e+00
7.423711855927964010e+00
7.458729364682341156e+00
7.476238119059530618e+00
7.493746873436719191e+00
7.458729364682341156e+00
7.423711855927964010e+00
7.423711855927964010e+00
7.441220610305153471e+00
7.441220610305153471e+00
7.423711855927964010e+00
7.388694347173585975e+00
7.318659329664833457e+00
7.161080540270135408e+00
6.968484242121061101e+00
6.793396698349175367e+00
6.653326663331665891e+00
6.530765382691344989e+00
6.390695347673837290e+00
6.268134067033517276e+00
6.163081540770386724e+00
6.128064032016007801e+00
6.145572786393197262e+00
6.198099049524762094e+00
6.250625312656327814e+00
6.303151575787894423e+00
6.355677838919459255e+00
6.443221610805403010e+00
6.495747873936969619e+00
6.513256628314157304e+00
6.530765382691344989e+00
6.530765382691344989e+00
6.530765382691344989e+00
6.513256628314157304e+00
6.478239119559780157e+00
6.443221610805403010e+00
6.390695347673837290e+00
6.338169084542272458e+00
6.320660330165082996e+00
6.303151575787894423e+00
6.303151575787894423e+00
6.303151575787894423e+00
6.320660330165082996e+00
6.355677838919459255e+00
6.390695347673837290e+00
6.460730365182591584e+00
6.460730365182591584e+00
6.373186593296647828e+00
6.338169084542272458e+00
6.373186593296647828e+00
6.408204102051024975e+00
6.425712856428214437e+00
6.443221610805403010e+00
6.460730365182591584e+00
6.460730365182591584e+00
6.443221610805403010e+00
6.425712856428214437e+00
6.390695347673837290e+00
6.338169084542272458e+00
6.285642821410704961e+00
6.215607803901951556e+00
6.145572786393197262e+00
6.075537768884442080e+00
6.005502751375686898e+00
5.952976488244122066e+00
5.917958979489744920e+00
5.900450225112556346e+00
6.110555277638820115e+00
6.303151575787894423e+00
6.390695347673837290e+00
6.478239119559780157e+00
6.530765382691344989e+00
6.600800400200100171e+00
6.670835417708855353e+00
6.740870435217609646e+00
6.775887943971985905e+00
6.828414207103552513e+00
6.880940470235117346e+00
6.915957978989495381e+00
6.933466733366683066e+00
6.950975487743872527e+00
6.950975487743872527e+00
6.985992996498248786e+00
7.003501750875438248e+00
7.021010505252625933e+00
7.038519259629814506e+00
7.056028014007003080e+00
6.950975487743872527e+00
6.880940470235117346e+00
6.933466733366683066e+00
7.003501750875438248e+00
7.073536768384192541e+00
7.143571785892947723e+00
7.196098049024512555e+00
7.248624312156078275e+00
7.301150575287643996e+00
7.336168084042021142e+00
7.371185592796398289e+00
7.406203101550775436e+00
7.423711855927964010e+00
7.458729364682341156e+00
7.458729364682341156e+00
7.406203101550775436e+00
7.388694347173585975e+00
7.353676838419210604e+00
7.336168084042021142e+00
7.301150575287643996e+00
7.336168084042021142e+00
7.301150575287643996e+00
7.266133066533266849e+00
7.213606803401700240e+00
7.161080540270135408e+00
7.021010505252625933e+00
6.863431715857929660e+00
6.653326663331665891e+00
6.425712856428214437e+00
6.250625312656327814e+00
6.268134067033517276e+00
6.303151575787894423e+00
6.355677838919459255e+00
6.408204102051024975e+00
6.460730365182591584e+00
6.513256628314157304e+00
6.530765382691344989e+00
6.548274137068534451e+00
6.565782891445723024e+00
6.565782891445723024e+00
6.530765382691344989e+00
6.495747873936969619e+00
6.443221610805403010e+00
6.390695347673837290e+00
6.338169084542272458e+00
6.285642821410704961e+00
6.250625312656327814e+00
6.233116558279139241e+00
6.233116558279139241e+00
6.250625312656327814e+00
6.268134067033517276e+00
6.303151575787894423e+00
6.355677838919459255e+00
6.408204102051024975e+00
6.478239119559780157e+00
6.495747873936969619e+00
6.530765382691344989e+00
6.583291645822910709e+00
6.618309154577289632e+00
6.635817908954477318e+00
6.600800400200100171e+00
6.600800400200100171e+00
6.600800400200100171e+00
6.583291645822910709e+00
6.565782891445723024e+00
6.513256628314157304e+00
6.478239119559780157e+00
6.425712856428214437e+00
6.355677838919459255e+00
6.268134067033517276e+00
6.198099049524762094e+00
6.128064032016007801e+00
6.058029014507253507e+00
5.987993996998500101e+00
5.952976488244122066e+00
5.952976488244122066e+00
5.987993996998500101e+00
6.093046523261631542e+00
6.180590295147573521e+00
6.268134067033517276e+00
6.390695347673837290e+00
6.478239119559780157e+00
6.548274137068534451e+00
6.600800400200100171e+00
6.635817908954477318e+00
6.670835417708855353e+00
6.705852926463230723e+00
6.723361680840420185e+00
6.740870435217609646e+00
6.758379189594797332e+00
6.775887943971985905e+00
6.775887943971985905e+00
6.793396698349175367e+00
6.810905452726363052e+00
6.810905452726363052e+00
6.863431715857929660e+00
6.915957978989495381e+00
7.003501750875438248e+00
7.056028014007003080e+00
7.108554277138568800e+00
7.038519259629814506e+00
7.021010505252625933e+00
7.091045522761381115e+00
7.143571785892947723e+00
7.196098049024512555e+00
7.231115557778888814e+00
7.283641820910455422e+00
7.318659329664833457e+00
7.353676838419210604e+00
7.353676838419210604e+00
7.318659329664833457e+00
7.266133066533266849e+00
7.231115557778888814e+00
7.213606803401700240e+00
7.178589294647323982e+00
7.161080540270135408e+00
7.091045522761381115e+00
6.985992996498248786e+00
6.810905452726363052e+00
6.635817908954477318e+00
6.583291645822910709e+00
6.495747873936969619e+00
6.408204102051024975e+00
6.355677838919459255e+00
6.320660330165082996e+00
6.250625312656327814e+00
6.250625312656327814e+00
6.285642821410704961e+00
6.303151575787894423e+00
6.338169084542272458e+00
6.390695347673837290e+00
6.443221610805403010e+00
6.478239119559780157e+00
6.513256628314157304e+00
6.530765382691344989e+00
6.548274137068534451e+00
6.548274137068534451e+00
6.530765382691344989e+00
6.513256628314157304e+00
6.478239119559780157e+00
6.373186593296647828e+00
6.285642821410704961e+00
6.233116558279139241e+00
6.198099049524762094e+00
6.180590295147573521e+00
6.180590295147573521e+00
6.198099049524762094e+00
6.215607803901951556e+00
6.233116558279139241e+00
6.285642821410704961e+00
6.320660330165082996e+00
6.338169084542272458e+00
6.373186593296647828e+00
6.408204102051024975e+00
6.443221610805403010e+00
6.478239119559780157e+00
6.495747873936969619e+00
6.513256628314157304e+00
6.530765382691344989e+00
6.530765382691344989e+00
6.530765382691344989e+00
6.513256628314157304e+00
6.478239119559780157e+00
6.425712856428214437e+00
6.373186593296647828e+00
6.285642821410704961e+00
6.215607803901951556e+00
6.145572786393197262e+00
6.075537768884442080e+00
6.005502751375686898e+00
5.952976488244122066e+00
5.917958979489744920e+00
5.917958979489744920e+00
5.970485242621311528e+00
6.075537768884442080e+00
6.180590295147573521e+00
6.268134067033517276e+00
6.338169084542272458e+00
6.425712856428214437e+00
6.495747873936969619e+00
6.583291645822910709e+00
6.653326663331665891e+00
6.705852926463230723e+00
6.740870435217609646e+00
6.758379189594797332e+00
6.793396698349175367e+00
6.793396698349175367e+00
6.810905452726363052e+00
6.828414207103552513e+00
6.845922961480741087e+00
6.863431715857929660e+00
6.898449224612305919e+00
6.950975487743872527e+00
7.003501750875438248e+00
7.073536768384192541e+00
7.126063031515758261e+00
7.196098049024512555e+00
7.266133066533266849e+00
7.301150575287643996e+00
7.336168084042021142e+00
7.301150575287643996e+00
7.301150575287643996e+00
7.318659329664833457e+00
7.353676838419210604e+00
7.371185592796398289e+00
7.388694347173585975e+00
7.371185592796398289e+00
7.318659329664833457e+00
7.266133066533266849e+00
7.248624312156078275e+00
7.248624312156078275e+00
7.248624312156078275e+00
7.231115557778888814e+00
7.161080540270135408e+00
7.073536768384192541e+00
6.915957978989495381e+00
6.723361680840420185e+00
6.513256628314157304e+00
6.320660330165082996e+00
6.145572786393197262e+00
6.128064032016007801e+00
6.128064032016007801e+00
6.110555277638820115e+00
6.145572786393197262e+00
6.180590295147573521e+00
6.233116558279139241e+00
6.285642821410704961e+00
6.355677838919459255e+00
6.408204102051024975e+00
6.443221610805403010e+00
6.478239119559780157e+00
6.495747873936969619e+00
6.495747873936969619e+00
6.495747873936969619e+00
6.460730365182591584e+00
6.425712856428214437e+00
6.373186593296647828e+00
6.338169084542272458e+00
6.285642821410704961e+00
6.233116558279139241e+00
6.093046523261631542e+00
6.023011505752876360e+00
6.023011505752876360e+00
6.040520260130064933e+00
6.075537768884442080e+00
6.093046523261631542e+00
6.128064032016007801e+00
6.145572786393197262e+00
6.180590295147573521e+00
6.233116558279139241e+00
6.268134067033517276e+00
6.303151575787894423e+00
6.320660330165082996e+00
6.355677838919459255e+00
6.373186593296647828e+00
6.373186593296647828e+00
6.390695347673837290e+00
6.373186593296647828e+00
6.355677838919459255e+00
6.320660330165082996e+00
6.320660330165082996e+00
6.303151575787894423e+00
6.233116558279139241e+00
6.163081540770386724e+00
6.075537768884442080e+00
6.005502751375686898e+00
5.935467733866934381e+00
5.882941470735366885e+00
5.847923961980989738e+00
5.812906453226614367e+00
5.830415207603802052e+00
5.900450225112556346e+00
6.023011505752876360e+00
6.145572786393197262e+00
6.268134067033517276e+00
6.355677838919459255e+00
6.425712856428214437e+00
6.495747873936969619e+00
6.548274137068534451e+00
6.583291645822910709e+00
6.618309154577289632e+00
6.635817908954477318e+00
6.653326663331665891e+00
6.653326663331665891e+00
6.635817908954477318e+00
6.635817908954477318e+00
6.635817908954477318e+00
6.653326663331665891e+00
6.670835417708855353e+00
6.723361680840420185e+00
6.758379189594797332e+00
6.828414207103552513e+00
6.898449224612305919e+00
6.968484242121061101e+00
7.038519259629814506e+00
7.108554277138568800e+00
7.161080540270135408e+00
7.213606803401700240e+00
7.248624312156078275e+00
7.283641820910455422e+00
7.266133066533266849e+00
7.266133066533266849e+00
7.283641820910455422e+00
7.301150575287643996e+00
7.283641820910455422e+00
7.266133066533266849e+00
7.213606803401700240e+00
7.196098049024512555e+00
7.178589294647323982e+00
7.178589294647323982e+00
7.143571785892947723e+00
7.091045522761381115e+00
7.003501750875438248e+00
6.880940470235117346e+00
6.670835417708855353e+00
6.443221610805403010e+00
6.215607803901951556e+00
6.023011505752876360e+00
5.900450225112556346e+00
5.847923961980989738e+00
5.970485242621311528e+00
6.040520260130064933e+00
6.093046523261631542e+00
6.145572786393197262e+00
6.198099049524762094e+00
6.268134067033517276e+00
6.320660330165082996e+00
6.390695347673837290e+00
6.425712856428214437e+00
6.443221610805403010e+00
6.460730365182591584e+00
6.443221610805403010e+00
6.425712856428214437e+00
6.390695347673837290e+00
6.338169084542272458e+00
6.285642821410704961e+00
6.250625312656327814e+00
6.215607803901951556e+00
6.180590295147573521e+00
6.163081540770386724e+00
6.040520260130064933e+00
5.987993996998500101e+00
6.005502751375686898e+00
6.040520260130064933e+00
6.058029014507253507e+00
6.075537768884442080e+00
6.128064032016007801e+00
6.163081540770386724e+00
6.198099049524762094e+00
6.233116558279139241e+00
6.268134067033517276e+00
6.285642821410704961e+00
6.303151575787894423e+00
6.338169084542272458e+00
6.338169084542272458e+00
6.338169084542272458e+00
6.320660330165082996e+00
6.285642821410704961e+00
6.233116558279139241e+00
6.180590295147573521e+00
6.198099049524762094e+00
6.163081540770386724e+00
6.093046523261631542e+00
6.023011505752876360e+00
5.952976488244122066e+00
5.900450225112556346e+00
5.847923961980989738e+00
5.812906453226614367e+00
5.795397698849424906e+00
5.830415207603802052e+00
5.917958979489744920e+00
6.040520260130064933e+00
6.180590295147573521e+00
6.303151575787894423e+00
6.390695347673837290e+00
6.460730365182591584e+00
6.530765382691344989e+00
6.583291645822910709e+00
6.600800400200100171e+00
6.618309154577289632e+00
6.635817908954477318e+00
6.618309154577289632e+00
6.618309154577289632e+00
6.600800400200100171e+00
6.600800400200100171e+00
6.600800400200100171e+00
6.635817908954477318e+00
6.653326663331665891e+00
6.705852926463230723e+00
6.758379189594797332e+00
6.828414207103552513e+00
6.898449224612305919e+00
6.968484242121061101e+00
7.056028014007003080e+00
7.108554277138568800e+00
7.178589294647323982e+00
7.213606803401700240e+00
7.248624312156078275e+00
7.283641820910455422e+00
7.301150575287643996e+00
7.301150575287643996e+00
7.301150575287643996e+00
7.301150575287643996e+00
7.283641820910455422e+00
7.231115557778888814e+00
7.213606803401700240e+00
7.196098049024512555e+00
7.178589294647323982e+00
7.161080540270135408e+00
7.126063031515758261e+00
7.073536768384192541e+00
6.968484242121061101e+00
6.810905452726363052e+00
6.583291645822910709e+00
6.338169084542272458e+00
6.110555277638820115e+00
5.952976488244122066e+00
5.865432716358179199e+00
5.830415207603802052e+00
5.847923961980989738e+00
5.987993996998500101e+00
6.075537768884442080e+00
6.145572786393197262e+00
6.215607803901951556e+00
6.268134067033517276e+00
6.338169084542272458e+00
6.390695347673837290e+00
6.425712856428214437e+00
6.443221610805403010e+00
6.443221610805403010e+00
6.443221610805403010e+00
6.408204102051024975e+00
6.373186593296647828e+00
6.320660330165082996e+00
6.268134067033517276e+00
6.215607803901951556e+00
6.180590295147573521e+00
6.163081540770386724e+00
6.163081540770386724e+00
6.163081540770386724e+00
6.040520260130064933e+00
6.005502751375686898e+00
6.023011505752876360e+00
6.040520260130064933e+00
6.075537768884442080e+00
6.110555277638820115e+00
6.145572786393197262e+00
6.180590295147573521e+00
6.215607803901951556e+00
6.233116558279139241e+00
6.268134067033517276e+00
6.285642821410704961e+00
6.303151575787894423e+00
6.303151575787894423e+00
6.303151575787894423e+00
6.285642821410704961e+00
6.250625312656327814e+00
6.198099049524762094e+00
6.128064032016007801e+00
6.058029014507253507e+00
6.093046523261631542e+00
6.075537768884442080e+00
6.005502751375686898e+00
5.935467733866934381e+00
5.882941470735366885e+00
5.830415207603802052e+00
5.795397698849424906e+00
5.795397698849424906e+00
5.830415207603802052e+00
5.935467733866934381e+00
6.075537768884442080e+00
6.198099049524762094e+00
6.320660330165082996e+00
6.408204102051024975e+00
6.478239119559780157e+00
6.548274137068534451e+00
6.583291645822910709e+00
6.618309154577289632e+00
6.618309154577289632e+00
6.618309154577289632e+00
6.583291645822910709e+00
6.548274137068534451e+00
6.548274137068534451e+00
6.548274137068534451e+00
6.548274137068534451e+00
6.583291645822910709e+00
6.618309154577289632e+00
6.653326663331665891e+00
6.705852926463230723e+00
6.793396698349175367e+00
6.880940470235117346e+00
6.950975487743872527e+00
7.021010505252625933e+00
7.091045522761381115e+00
7.161080540270135408e+00
7.213606803401700240e+00
7.248624312156078275e+00
7.266133066533266849e+00
7.301150575287643996e+00
7.318659329664833457e+00
7.318659329664833457e+00
7.318659329664833457e+00
7.283641820910455422e+00
7.248624312156078275e+00
7.231115557778888814e+00
7.196098049024512555e+00
7.196098049024512555e+00
7.178589294647323982e+00
7.126063031515758261e+00
7.073536768384192541e+00
6.985992996498248786e+00
6.810905452726363052e+00
6.565782891445723024e+00
6.320660330165082996e+00
6.093046523261631542e+00
5.935467733866934381e+00
5.865432716358179199e+00
5.830415207603802052e+00
5.830415207603802052e+00
5.865432716358179199e+00
6.005502751375686898e+00
6.110555277638820115e+00
6.180590295147573521e+00
6.250625312656327814e+00
6.320660330165082996e+00
6.373186593296647828e+00
6.408204102051024975e+00
6.425712856428214437e+00
6.425712856428214437e+00
6.408204102051024975e+00
6.373186593296647828e+00
6.338169084542272458e+00
6.285642821410704961e+00
6.233116558279139241e+00
6.180590295147573521e+00
6.145572786393197262e+00
6.128064032016007801e+00
6.128064032016007801e+00
6.145572786393197262e+00
6.145572786393197262e+00
6.040520260130064933e+00
6.005502751375686898e+00
6.005502751375686898e+00
6.040520260130064933e+00
6.075537768884442080e+00
6.128064032016007801e+00
6.163081540770386724e+00
6.180590295147573521e+00
6.215607803901951556e+00
6.233116558279139241e+00
6.250625312656327814e+00
6.268134067033517276e+00
6.285642821410704961e+00
6.268134067033517276e+00
6.250625312656327814e+00
6.215607803901951556e+00
6.163081540770386724e+00
6.075537768884442080e+00
6.005502751375686898e+00
5.952976488244122066e+00
6.005502751375686898e+00
6.005502751375686898e+00
5.952976488244122066e+00
5.882941470735366885e+00
5.830415207603802052e+00
5.812906453226614367e+00
5.812906453226614367e+00
5.847923961980989738e+00
5.970485242621311528e+00
6.110555277638820115e+00
6.233116558279139241e+00
6.355677838919459255e+00
6.443221610805403010e+00
6.513256628314157304e+00
6.583291645822910709e+00
6.618309154577289632e+00
6.653326663331665891e+00
6.670835417708855353e+00
6.670835417708855353e+00
6.670835417708855353e+00
6.600800400200100171e+00
6.565782891445723024e+00
6.565782891445723024e+00
6.565782891445723024e+00
6.600800400200100171e+00
6.618309154577289632e+00
6.670835417708855353e+00
6.723361680840420185e+00
6.793396698349175367e+00
6.880940470235117346e+00
6.950975487743872527e+00
7.038519259629814506e+00
7.091045522761381115e+00
7.161080540270135408e+00
7.213606803401700240e+00
7.248624312156078275e+00
7.266133066533266849e+00
7.301150575287643996e+00
7.301150575287643996e+00
7.318659329664833457e+00
7.318659329664833457e+00
7.301150575287643996e+00
7.266133066533266849e+00
7.248624312156078275e+00
7.213606803401700240e+00
7.213606803401700240e+00
7.178589294647323982e+00
7.143571785892947723e+00
7.091045522761381115e+00
6.985992996498248786e+00
6.810905452726363052e+00
6.565782891445723024e+00
6.320660330165082996e+00
6.093046523261631542e+00
5.935467733866934381e+00
5.865432716358179199e+00
5.830415207603802052e+00
5.830415207603802052e+00
5.847923961980989738e+00
5.900450225112556346e+00
6.058029014507253507e+00
6.145572786393197262e+00
6.215607803901951556e+00
6.285642821410704961e+00
6.338169084542272458e+00
6.390695347673837290e+00
6.408204102051024975e+00
6.408204102051024975e+00
6.390695347673837290e+00
6.355677838919459255e+00
6.303151575787894423e+00
6.250625312656327814e+00
6.198099049524762094e+00
6.163081540770386724e+00
6.128064032016007801e+00
6.093046523261631542e+00
6.093046523261631542e+00
6.110555277638820115e+00
6.145572786393197262e+00
6.145572786393197262e+00
6.023011505752876360e+00
5.970485242621311528e+00
5.970485242621311528e+00
6.023011505752876360e+00
6.058029014507253507e+00
6.093046523261631542e+00
6.110555277638820115e+00
6.145572786393197262e+00
6.163081540770386724e+00
6.198099049524762094e+00
6.215607803901951556e+00
6.215607803901951556e+00
6.215607803901951556e+00
6.198099049524762094e+00
6.163081540770386724e+00
6.110555277638820115e+00
6.040520260130064933e+00
5.970485242621311528e+00
5.900450225112556346e+00
5.847923961980989738e+00
5.935467733866934381e+00
5.935467733866934381e+00
5.882941470735366885e+00
5.830415207603802052e+00
5.795397698849424906e+00
5.812906453226614367e+00
5.865432716358179199e+00
5.970485242621311528e+00
6.128064032016007801e+00
6.268134067033517276e+00
6.390695347673837290e+00
6.478239119559780157e+00
6.565782891445723024e+00
6.618309154577289632e+00
6.670835417708855353e+00
6.705852926463230723e+00
6.705852926463230723e+00
6.723361680840420185e+00
6.723361680840420185e+00
6.705852926463230723e+00
6.618309154577289632e+00
6.583291645822910709e+00
6.583291645822910709e+00
6.618309154577289632e+00
6.653326663331665891e+00
6.688344172086043038e+00
6.758379189594797332e+00
6.810905452726363052e+00
6.898449224612305919e+00
6.985992996498248786e+00
7.056028014007003080e+00
7.126063031515758261e+00
7.178589294647323982e+00
7.231115557778888814e+00
7.266133066533266849e+00
7.301150575287643996e+00
7.318659329664833457e+00
7.336168084042021142e+00
7.353676838419210604e+00
7.336168084042021142e+00
7.336168084042021142e+00
7.318659329664833457e+00
7.283641820910455422e+00
7.266133066533266849e+00
7.248624312156078275e+00
7.231115557778888814e+00
7.196098049024512555e+00
7.143571785892947723e+00
7.056028014007003080e+00
6.898449224612305919e+00
6.653326663331665891e+00
6.373186593296647828e+00
6.145572786393197262e+00
5.970485242621311528e+00
5.882941470735366885e+00
5.847923961980989738e+00
5.847923961980989738e+00
5.847923961980989738e+00
5.900450225112556346e+00
5.970485242621311528e+00
6.128064032016007801e+00
6.233116558279139241e+00
6.303151575787894423e+00
6.355677838919459255e+00
6.390695347673837290e+00
6.408204102051024975e+00
6.408204102051024975e+00
6.390695347673837290e+00
6.355677838919459255e+00
6.320660330165082996e+00
6.268134067033517276e+00
6.198099049524762094e+00
6.145572786393197262e+00
6.110555277638820115e+00
6.093046523261631542e+00
6.093046523261631542e+00
6.110555277638820115e+00
6.128064032016007801e+00
6.163081540770386724e+00
6.163081540770386724e+00
6.023011505752876360e+00
5.987993996998500101e+00
6.023011505752876360e+00
6.058029014507253507e+00
6.093046523261631542e+00
6.110555277638820115e+00
6.145572786393197262e+00
6.163081540770386724e+00
6.198099049524762094e+00
6.215607803901951556e+00
6.215607803901951556e+00
6.215607803901951556e+00
6.198099049524762094e+00
6.163081540770386724e+00
6.110555277638820115e+00
6.040520260130064933e+00
5.952976488244122066e+00
5.882941470735366885e+00
5.812906453226614367e+00
5.777888944472236332e+00
5.865432716358179199e+00
5.882941470735366885e+00
5.830415207603802052e+00
5.812906453226614367e+00
5.812906453226614367e+00
5.882941470735366885e+00
5.987993996998500101e+00
6.128064032016007801e+00
6.268134067033517276e+00
6.390695347673837290e+00
6.478239119559780157e+00
6.565782891445723024e+00
6.635817908954477318e+00
6.670835417708855353e+00
6.705852926463230723e+00
6.723361680840420185e+00
6.723361680840420185e+00
6.723361680840420185e+00
6.723361680840420185e+00
6.705852926463230723e+00
6.600800400200100171e+00
6.565782891445723024e+00
6.583291645822910709e+00
6.618309154577289632e+00
6.670835417708855353e+00
6.740870435217609646e+00
6.810905452726363052e+00
6.880940470235117346e+00
6.968484242121061101e+00
7.056028014007003080e+00
7.126063031515758261e+00
7.178589294647323982e+00
7.231115557778888814e+00
7.266133066533266849e+00
7.301150575287643996e+00
7.318659329664833457e+00
7.336168084042021142e+00
7.336168084042021142e+00
7.336168084042021142e+00
7.336168084042021142e+00
7.318659329664833457e+00
7.301150575287643996e+00
7.283641820910455422e+00
7.283641820910455422e+00
7.248624312156078275e+00
7.213606803401700240e+00
7.143571785892947723e+00
7.073536768384192541e+00
6.898449224612305919e+00
6.653326663331665891e+00
6.390695347673837290e+00
6.145572786393197262e+00
5.987993996998500101e+00
5.882941470735366885e+00
5.847923961980989738e+00
5.830415207603802052e+00
5.847923961980989738e+00
5.882941470735366885e+00
5.935467733866934381e+00
6.023011505752876360e+00
6.163081540770386724e+00
6.268134067033517276e+00
6.320660330165082996e+00
6.355677838919459255e+00
6.373186593296647828e+00
6.373186593296647828e+00
6.355677838919459255e+00
6.320660330165082996e+00
6.285642821410704961e+00
6.215607803901951556e+00
6.163081540770386724e+00
6.110555277638820115e+00
6.075537768884442080e+00
6.040520260130064933e+00
6.040520260130064933e+00
6.058029014507253507e+00
6.075537768884442080e+00
6.110555277638820115e+00
6.145572786393197262e+00
6.128064032016007801e+00
6.005502751375686898e+00
5.987993996998500101e+00
6.040520260130064933e+00
6.075537768884442080e+00
6.093046523261631542e+00
6.128064032016007801e+00
6.145572786393197262e+00
6.180590295147573521e+00
6.198099049524762094e+00
6.198099049524762094e+00
6.198099049524762094e+00
6.180590295147573521e+00
6.145572786393197262e+00
6.093046523261631542e+00
6.023011505752876360e+00
5.952976488244122066e+00
5.882941470735366885e+00
5.812906453226614367e+00
5.760380190095048647e+00
5.742871435717859185e+00
5.847923961980989738e+00
5.865432716358179199e+00
5.847923961980989738e+00
5.847923961980989738e+00
5.917958979489744920e+00
6.023011505752876360e+00
6.180590295147573521e+00
6.320660330165082996e+00
6.443221610805403010e+00
6.530765382691344989e+00
6.600800400200100171e+00
6.670835417708855353e+00
6.723361680840420185e+00
6.758379189594797332e+00
6.775887943971985905e+00
6.793396698349175367e+00
6.793396698349175367e+00
6.793396698349175367e+00
6.793396698349175367e+00
6.775887943971985905e+00
6.653326663331665891e+00
6.635817908954477318e+00
6.670835417708855353e+00
6.705852926463230723e+00
6.775887943971985905e+00
6.845922961480741087e+00
6.915957978989495381e+00
7.003501750875438248e+00
7.073536768384192541e+00
7.143571785892947723e+00
7.213606803401700240e+00
7.248624312156078275e+00
7.283641820910455422e+00
7.318659329664833457e+00
7.336168084042021142e+00
7.353676838419210604e+00
7.371185592796398289e+00
7.371185592796398289e+00
7.353676838419210604e+00
7.318659329664833457e+00
7.336168084042021142e+00
7.318659329664833457e+00
7.318659329664833457e+00
7.301150575287643996e+00
7.266133066533266849e+00
7.213606803401700240e+00
7.126063031515758261e+00
6.985992996498248786e+00
6.740870435217609646e+00
6.460730365182591584e+00
6.198099049524762094e+00
6.023011505752876360e+00
5.917958979489744920e+00
5.865432716358179199e+00
5.847923961980989738e+00
5.865432716358179199e+00
5.900450225112556346e+00
5.970485242621311528e+00
6.023011505752876360e+00
6.110555277638820115e+00
6.250625312656327814e+00
6.303151575787894423e+00
6.338169084542272458e+00
6.355677838919459255e+00
6.355677838919459255e+00
6.338169084542272458e+00
6.303151575787894423e+00
6.250625312656327814e+00
6.198099049524762094e+00
6.128064032016007801e+00
6.075537768884442080e+00
6.040520260130064933e+00
6.005502751375686898e+00
6.005502751375686898e+00
6.023011505752876360e+00
6.040520260130064933e+00
6.075537768884442080e+00
6.110555277638820115e+00
6.145572786393197262e+00
6.128064032016007801e+00
6.023011505752876360e+00
6.023011505752876360e+00
6.058029014507253507e+00
6.093046523261631542e+00
6.110555277638820115e+00
6.145572786393197262e+00
6.163081540770386724e+00
6.180590295147573521e+00
6.198099049524762094e+00
6.198099049524762094e+00
6.163081540770386724e+00
6.128064032016007801e+00
6.075537768884442080e+00
6.005502751375686898e+00
5.935467733866934381e+00
5.865432716358179199e+00
5.795397698849424906e+00
5.742871435717859185e+00
5.690345172586293465e+00
5.690345172586293465e+00
5.812906453226614367e+00
5.847923961980989738e+00
5.865432716358179199e+00
5.917958979489744920e+00
6.040520260130064933e+00
6.180590295147573521e+00
6.320660330165082996e+00
6.425712856428214437e+00
6.530765382691344989e+00
6.600800400200100171e+00
6.670835417708855353e+00
6.723361680840420185e+00
6.758379189594797332e+00
6.775887943971985905e+00
6.775887943971985905e+00
6.775887943971985905e+00
6.775887943971985905e+00
6.775887943971985905e+00
6.793396698349175367e+00
6.775887943971985905e+00
6.635817908954477318e+00
6.618309154577289632e+00
6.653326663331665891e+00
6.723361680840420185e+00
6.810905452726363052e+00
6.898449224612305919e+00
6.985992996498248786e+00
7.056028014007003080e+00
7.143571785892947723e+00
7.213606803401700240e+00
7.248624312156078275e+00
7.283641820910455422e+00
7.318659329664833457e+00
7.336168084042021142e+00
7.353676838419210604e+00
7.353676838419210604e+00
7.353676838419210604e+00
7.336168084042021142e+00
7.301150575287643996e+00
7.301150575287643996e+00
7.318659329664833457e+00
7.318659329664833457e+00
7.301150575287643996e+00
7.266133066533266849e+00
7.213606803401700240e+00
7.126063031515758261e+00
6.985992996498248786e+00
6.758379189594797332e+00
6.478239119559780157e+00
6.215607803901951556e+00
6.023011505752876360e+00
5.917958979489744920e+00
5.882941470735366885e+00
5.865432716358179199e+00
5.882941470735366885e+00
5.917958979489744920e+00
5.970485242621311528e+00
6.040520260130064933e+00
6.093046523261631542e+00
6.180590295147573521e+00
6.285642821410704961e+00
6.320660330165082996e+00
6.338169084542272458e+00
6.338169084542272458e+00
6.320660330165082996e+00
6.268134067033517276e+00
6.215607803901951556e+00
6.163081540770386724e+00
6.093046523261631542e+00
6.040520260130064933e+00
6.005502751375686898e+00
5.970485242621311528e+00
5.970485242621311528e+00
5.987993996998500101e+00
6.023011505752876360e+00
6.058029014507253507e+00
6.093046523261631542e+00
6.128064032016007801e+00
6.145572786393197262e+00
6.145572786393197262e+00
6.075537768884442080e+00
6.075537768884442080e+00
6.093046523261631542e+00
6.128064032016007801e+00
6.145572786393197262e+00
6.180590295147573521e+00
6.198099049524762094e+00
6.198099049524762094e+00
6.198099049524762094e+00
6.180590295147573521e+00
6.145572786393197262e+00
6.075537768884442080e+00
6.005502751375686898e+00
5.935467733866934381e+00
5.865432716358179199e+00
5.812906453226614367e+00
5.760380190095048647e+00
5.707853926963481150e+00
5.672836418209104004e+00
5.672836418209104004e+00
5.812906453226614367e+00
5.900450225112556346e+00
5.970485242621311528e+00
6.093046523261631542e+00
6.233116558279139241e+00
6.373186593296647828e+00
6.478239119559780157e+00
6.565782891445723024e+00
6.635817908954477318e+00
6.705852926463230723e+00
6.758379189594797332e+00
6.793396698349175367e+00
6.810905452726363052e+00
6.828414207103552513e+00
6.828414207103552513e+00
6.828414207103552513e+00
6.828414207103552513e+00
6.845922961480741087e+00
6.845922961480741087e+00
6.845922961480741087e+00
6.688344172086043038e+00
6.670835417708855353e+00
6.740870435217609646e+00
6.810905452726363052e+00
6.898449224612305919e+00
6.985992996498248786e+00
7.056028014007003080e+00
7.126063031515758261e+00
7.196098049024512555e+00
7.248624312156078275e+00
7.283641820910455422e+00
7.318659329664833457e+00
7.336168084042021142e+00
7.353676838419210604e+00
7.353676838419210604e+00
7.353676838419210604e+00
7.336168084042021142e+00
7.301150575287643996e+00
7.283641820910455422e+00
7.266133066533266849e+00
7.318659329664833457e+00
7.318659329664833457e+00
7.283641820910455422e+00
7.231115557778888814e+00
7.161080540270135408e+00
7.021010505252625933e+00
6.793396698349175367e+00
6.513256628314157304e+00
6.233116558279139241e+00
6.040520260130064933e+00
5.917958979489744920e+00
5.865432716358179199e+00
5.865432716358179199e+00
5.865432716358179199e+00
5.900450225112556346e+00
5.952976488244122066e+00
6.005502751375686898e+00
6.075537768884442080e+00
6.145572786393197262e+00
6.215607803901951556e+00
6.268134067033517276e+00
6.303151575787894423e+00
6.285642821410704961e+00
6.268134067033517276e+00
6.215607803901951556e+00
6.163081540770386724e+00
6.093046523261631542e+00
6.023011505752876360e+00
5.970485242621311528e+00
5.935467733866934381e+00
5.900450225112556346e+00
5.900450225112556346e+00
5.917958979489744920e+00
5.952976488244122066e+00
5.987993996998500101e+00
6.023011505752876360e+00
6.040520260130064933e+00
6.075537768884442080e+00
6.110555277638820115e+00
6.128064032016007801e+00
6.058029014507253507e+00
6.058029014507253507e+00
6.075537768884442080e+00
6.110555277638820115e+00
6.128064032016007801e+00
6.145572786393197262e+00
6.163081540770386724e+00
6.163081540770386724e+00
6.145572786393197262e+00
6.110555277638820115e+00
6.040520260130064933e+00
5.970485242621311528e+00
5.917958979489744920e+00
5.847923961980989738e+00
5.795397698849424906e+00
5.742871435717859185e+00
5.690345172586293465e+00
5.655327663831916318e+00
5.637818909454728633e+00
5.655327663831916318e+00
5.847923961980989738e+00
5.970485242621311528e+00
6.093046523261631542e+00
6.250625312656327814e+00
6.390695347673837290e+00
6.495747873936969619e+00
6.600800400200100171e+00
6.670835417708855353e+00
6.740870435217609646e+00
6.810905452726363052e+00
6.845922961480741087e+00
6.863431715857929660e+00
6.880940470235117346e+00
6.880940470235117346e+00
6.880940470235117346e+00
6.880940470235117346e+00
6.880940470235117346e+00
6.898449224612305919e+00
6.915957978989495381e+00
6.898449224612305919e+00
6.758379189594797332e+00
6.758379189594797332e+00
6.810905452726363052e+00
6.898449224612305919e+00
6.985992996498248786e+00
7.056028014007003080e+00
7.126063031515758261e+00
7.196098049024512555e+00
7.248624312156078275e+00
7.283641820910455422e+00
7.301150575287643996e+00
7.336168084042021142e+00
7.353676838419210604e+00
7.371185592796398289e+00
7.371185592796398289e+00
7.353676838419210604e+00
7.318659329664833457e+00
7.283641820910455422e+00
7.248624312156078275e+00
7.266133066533266849e+00
7.318659329664833457e+00
7.301150575287643996e+00
7.248624312156078275e+00
7.178589294647323982e+00
7.056028014007003080e+00
6.845922961480741087e+00
6.565782891445723024e+00
6.285642821410704961e+00
6.075537768884442080e+00
5.952976488244122066e+00
5.882941470735366885e+00
5.865432716358179199e+00
5.882941470735366885e+00
5.917958979489744920e+00
5.970485242621311528e+00
6.023011505752876360e+00
6.093046523261631542e+00
6.163081540770386724e+00
6.215607803901951556e+00
6.250625312656327814e+00
6.285642821410704961e+00
6.268134067033517276e+00
6.250625312656327814e+00
6.215607803901951556e+00
6.145572786393197262e+00
6.093046523261631542e+00
6.023011505752876360e+00
5.970485242621311528e+00
5.917958979489744920e+00
5.900450225112556346e+00
5.882941470735366885e+00
5.900450225112556346e+00
5.935467733866934381e+00
5.970485242621311528e+00
6.005502751375686898e+00
6.040520260130064933e+00
6.058029014507253507e+00
6.093046523261631542e+00
6.145572786393197262e+00
6.163081540770386724e+00
6.093046523261631542e+00
6.110555277638820115e+00
6.128064032016007801e+00
6.145572786393197262e+00
6.180590295147573521e+00
6.180590295147573521e+00
6.180590295147573521e+00
6.163081540770386724e+00
6.128064032016007801e+00
6.075537768884442080e+00
6.005502751375686898e+00
5.935467733866934381e+00
5.865432716358179199e+00
5.812906453226614367e+00
5.760380190095048647e+00
5.725362681340669724e+00
5.690345172586293465e+00
5.655327663831916318e+00
5.655327663831916318e+00
5.707853926963481150e+00
5.935467733866934381e+00
6.110555277638820115e+00
6.250625312656327814e+00
6.390695347673837290e+00
6.513256628314157304e+00
6.600800400200100171e+00
6.670835417708855353e+00
6.758379189594797332e+00
6.810905452726363052e+00
6.845922961480741087e+00
6.863431715857929660e+00
6.880940470235117346e+00
6.898449224612305919e+00
6.898449224612305919e+00
6.898449224612305919e+00
6.898449224612305919e+00
6.915957978989495381e+00
6.933466733366683066e+00
6.950975487743872527e+00
6.933466733366683066e+00
6.793396698349175367e+00
6.793396698349175367e+00
6.880940470235117346e+00
6.968484242121061101e+00
7.056028014007003080e+00
7.126063031515758261e+00
7.178589294647323982e+00
7.231115557778888814e+00
7.266133066533266849e+00
7.301150575287643996e+00
7.318659329664833457e+00
7.336168084042021142e+00
7.353676838419210604e+00
7.353676838419210604e+00
7.336168084042021142e+00
7.318659329664833457e+00
7.283641820910455422e+00
7.248624312156078275e+00
7.248624312156078275e+00
7.248624312156078275e+00
7.301150575287643996e+00
7.283641820910455422e+00
7.213606803401700240e+00
7.091045522761381115e+00
6.880940470235117346e+00
6.600800400200100171e+00
6.320660330165082996e+00
6.093046523261631542e+00
5.952976488244122066e+00
5.900450225112556346e+00
5.865432716358179199e+00
5.882941470735366885e+00
5.917958979489744920e+00
5.970485242621311528e+00
6.023011505752876360e+00
6.093046523261631542e+00
6.163081540770386724e+00
6.215607803901951556e+00
6.250625312656327814e+00
6.268134067033517276e+00
6.268134067033517276e+00
6.233116558279139241e+00
6.198099049524762094e+00
6.145572786393197262e+00
6.075537768884442080e+00
6.005502751375686898e+00
5.952976488244122066e+00
5.917958979489744920e+00
5.882941470735366885e+00
5.882941470735366885e+00
5.900450225112556346e+00
5.935467733866934381e+00
5.952976488244122066e+00
5.987993996998500101e+00
6.023011505752876360e+00
6.040520260130064933e+00
6.075537768884442080e+00
6.128064032016007801e+00
6.163081540770386724e+00
6.163081540770386724e+00
6.128064032016007801e+00
6.128064032016007801e+00
6.163081540770386724e+00
6.180590295147573521e+00
6.180590295147573521e+00
6.180590295147573521e+00
6.163081540770386724e+00
6.128064032016007801e+00
6.075537768884442080e+00
6.005502751375686898e+00
5.935467733866934381e+00
5.882941470735366885e+00
5.812906453226614367e+00
5.777888944472236332e+00
5.725362681340669724e+00
5.690345172586293465e+00
5.655327663831916318e+00
5.655327663831916318e+00
5.672836418209104004e+00
5.777888944472236332e+00
6.058029014507253507e+00
6.250625312656327814e+00
6.390695347673837290e+00
6.495747873936969619e+00
6.583291645822910709e+00
6.670835417708855353e+00
6.740870435217609646e+00
6.810905452726363052e+00
6.845922961480741087e+00
6.880940470235117346e+00
6.898449224612305919e+00
6.898449224612305919e+00
6.898449224612305919e+00
6.898449224612305919e+00
6.915957978989495381e+00
6.933466733366683066e+00
6.950975487743872527e+00
6.968484242121061101e+00
7.003501750875438248e+00
6.985992996498248786e+00
6.863431715857929660e+00
6.898449224612305919e+00
6.985992996498248786e+00
7.073536768384192541e+00
7.143571785892947723e+00
7.213606803401700240e+00
7.248624312156078275e+00
7.283641820910455422e+00
7.318659329664833457e+00
7.336168084042021142e+00
7.353676838419210604e+00
7.371185592796398289e+00
7.371185592796398289e+00
7.353676838419210604e+00
7.336168084042021142e+00
7.301150575287643996e+00
7.266133066533266849e+00
7.248624312156078275e+00
7.248624312156078275e+00
7.231115557778888814e+00
7.301150575287643996e+00
7.248624312156078275e+00
7.143571785892947723e+00
6.950975487743872527e+00
6.670835417708855353e+00
6.373186593296647828e+00
6.128064032016007801e+00
5.987993996998500101e+00
5.917958979489744920e+00
5.900450225112556346e+00
5.900450225112556346e+00
5.935467733866934381e+00
5.987993996998500101e+00
6.058029014507253507e+00
6.110555277638820115e+00
6.180590295147573521e+00
6.233116558279139241e+00
6.285642821410704961e+00
6.303151575787894423e+00
6.285642821410704961e+00
6.250625312656327814e+00
6.198099049524762094e+00
6.145572786393197262e+00
6.075537768884442080e+00
6.005502751375686898e+00
5.952976488244122066e+00
5.917958979489744920e+00
5.882941470735366885e+00
5.882941470735366885e+00
5.900450225112556346e+00
5.917958979489744920e+00
5.952976488244122066e+00
5.987993996998500101e+00
6.005502751375686898e+00
6.023011505752876360e+00
6.075537768884442080e+00
6.128064032016007801e+00
6.163081540770386724e+00
6.180590295147573521e+00
6.180590295147573521e+00
6.145572786393197262e+00
6.163081540770386724e+00
6.180590295147573521e+00
6.180590295147573521e+00
6.180590295147573521e+00
6.163081540770386724e+00
6.128064032016007801e+00
6.075537768884442080e+00
6.005502751375686898e+00
5.935467733866934381e+00
5.882941470735366885e+00
5.812906453226614367e+00
5.777888944472236332e+00
5.725362681340669724e+00
5.690345172586293465e+00
5.655327663831916318e+00
5.637818909454728633e+00
5.655327663831916318e+00
5.725362681340669724e+00
5.882941470735366885e+00
6.180590295147573521e+00
6.355677838919459255e+00
6.478239119559780157e+00
6.565782891445723024e+00
6.653326663331665891e+00
6.723361680840420185e+00
6.793396698349175367e+00
6.828414207103552513e+00
6.845922961480741087e+00
6.863431715857929660e+00
6.880940470235117346e+00
6.880940470235117346e+00
6.880940470235117346e+00
6.898449224612305919e+00
6.898449224612305919e+00
6.915957978989495381e+00
6.950975487743872527e+00
6.968484242121061101e+00
7.021010505252625933e+00
7.021010505252625933e+00
6.915957978989495381e+00
6.968484242121061101e+00
7.038519259629814506e+00
7.126063031515758261e+00
7.196098049024512555e+00
7.231115557778888814e+00
7.283641820910455422e+00
7.301150575287643996e+00
7.336168084042021142e+00
7.353676838419210604e+00
7.353676838419210604e+00
7.353676838419210604e+00
7.336168084042021142e+00
7.318659329664833457e+00
7.283641820910455422e+00
7.248624312156078275e+00
7.248624312156078275e+00
7.231115557778888814e+00
7.196098049024512555e+00
7.178589294647323982e+00
7.231115557778888814e+00
7.161080540270135408e+00
6.968484242121061101e+00
6.688344172086043038e+00
6.390695347673837290e+00
6.145572786393197262e+00
6.005502751375686898e+00
5.917958979489744920e+00
5.900450225112556346e+00
5.917958979489744920e+00
5.935467733866934381e+00
6.005502751375686898e+00
6.058029014507253507e+00
6.128064032016007801e+00
6.198099049524762094e+00
6.250625312656327814e+00
6.285642821410704961e+00
6.303151575787894423e+00
6.303151575787894423e+00
6.268134067033517276e+00
6.198099049524762094e+00
6.110555277638820115e+00
6.040520260130064933e+00
5.987993996998500101e+00
5.935467733866934381e+00
5.882941470735366885e+00
5.865432716358179199e+00
5.865432716358179199e+00
5.865432716358179199e+00
5.900450225112556346e+00
5.935467733866934381e+00
5.970485242621311528e+00
5.970485242621311528e+00
6.005502751375686898e+00
6.040520260130064933e+00
6.093046523261631542e+00
6.128064032016007801e+00
6.163081540770386724e+00
6.198099049524762094e+00
6.198099049524762094e+00
6.163081540770386724e+00
6.180590295147573521e+00
6.198099049524762094e+00
6.180590295147573521e+00
6.180590295147573521e+00
6.128064032016007801e+00
6.075537768884442080e+00
6.023011505752876360e+00
5.952976488244122066e+00
5.882941470735366885e+00
5.830415207603802052e+00
5.777888944472236332e+00
5.725362681340669724e+00
5.690345172586293465e+00
5.655327663831916318e+00
5.655327663831916318e+00
5.672836418209104004e+00
5.725362681340669724e+00
5.847923961980989738e+00
6.040520260130064933e+00
6.303151575787894423e+00
6.460730365182591584e+00
6.565782891445723024e+00
6.635817908954477318e+00
6.723361680840420185e+00
6.775887943971985905e+00
6.828414207103552513e+00
6.845922961480741087e+00
6.863431715857929660e+00
6.880940470235117346e+00
6.880940470235117346e+00
6.880940470235117346e+00
6.880940470235117346e+00
6.898449224612305919e+00
6.915957978989495381e+00
6.933466733366683066e+00
6.968484242121061101e+00
7.021010505252625933e+00
7.073536768384192541e+00
7.073536768384192541e+00
6.985992996498248786e+00
7.038519259629814506e+00
7.108554277138568800e+00
7.178589294647323982e+00
7.231115557778888814e+00
7.266133066533266849e+00
7.301150575287643996e+00
7.318659329664833457e+00
7.336168084042021142e+00
7.353676838419210604e+00
7.353676838419210604e+00
7.353676838419210604e+00
7.336168084042021142e+00
7.301150575287643996e+00
7.266133066533266849e+00
7.248624312156078275e+00
7.231115557778888814e+00
7.196098049024512555e+00
7.143571785892947723e+00
7.126063031515758261e+00
7.143571785892947723e+00
6.985992996498248786e+00
6.723361680840420185e+00
6.425712856428214437e+00
6.180590295147573521e+00
6.023011505752876360e+00
5.952976488244122066e+00
5.917958979489744920e+00
5.917958979489744920e+00
5.952976488244122066e+00
6.005502751375686898e+00
6.075537768884442080e+00
6.128064032016007801e+00
6.198099049524762094e+00
6.268134067033517276e+00
6.303151575787894423e+00
6.320660330165082996e+00
6.320660330165082996e+00
6.303151575787894423e+00
6.250625312656327814e+00
6.163081540770386724e+00
6.075537768884442080e+00
6.005502751375686898e+00
5.952976488244122066e+00
5.917958979489744920e+00
5.882941470735366885e+00
5.882941470735366885e+00
5.900450225112556346e+00
5.917958979489744920e+00
5.952976488244122066e+00
5.987993996998500101e+00
6.005502751375686898e+00
6.023011505752876360e+00
6.058029014507253507e+00
6.110555277638820115e+00
6.145572786393197262e+00
6.180590295147573521e+00
6.198099049524762094e+00
6.233116558279139241e+00
6.233116558279139241e+00
6.233116558279139241e+00
6.233116558279139241e+00
6.233116558279139241e+00
6.215607803901951556e+00
6.180590295147573521e+00
6.110555277638820115e+00
6.058029014507253507e+00
5.987993996998500101e+00
5.917958979489744920e+00
5.865432716358179199e+00
5.812906453226614367e+00
5.760380190095048647e+00
5.725362681340669724e+00
5.690345172586293465e+00
5.690345172586293465e+00
5.690345172586293465e+00
5.760380190095048647e+00
5.865432716358179199e+00
5.987993996998500101e+00
6.180590295147573521e+00
6.408204102051024975e+00
6.530765382691344989e+00
6.635817908954477318e+00
6.705852926463230723e+00
6.775887943971985905e+00
6.810905452726363052e+00
6.845922961480741087e+00
6.863431715857929660e+00
6.863431715857929660e+00
6.880940470235117346e+00
6.880940470235117346e+00
6.880940470235117346e+00
6.898449224612305919e+00
6.915957978989495381e+00
6.933466733366683066e+00
6.985992996498248786e+00
7.021010505252625933e+00
7.091045522761381115e+00
7.143571785892947723e+00
7.143571785892947723e+00
7.073536768384192541e+00
7.108554277138568800e+00
7.178589294647323982e+00
7.231115557778888814e+00
7.266133066533266849e+00
7.301150575287643996e+00
7.318659329664833457e+00
7.336168084042021142e+00
7.336168084042021142e+00
7.353676838419210604e+00
7.336168084042021142e+00
7.301150575287643996e+00
7.266133066533266849e+00
7.231115557778888814e+00
7.231115557778888814e+00
7.213606803401700240e+00
7.178589294647323982e+00
7.126063031515758261e+00
7.056028014007003080e+00
7.021010505252625933e+00
6.968484242121061101e+00
6.705852926463230723e+00
6.425712856428214437e+00
6.180590295147573521e+00
6.023011505752876360e+00
5.935467733866934381e+00
5.900450225112556346e+00
5.900450225112556346e+00
5.935467733866934381e+00
5.987993996998500101e+00
6.058029014507253507e+00
6.110555277638820115e+00
6.180590295147573521e+00
6.250625312656327814e+00
6.285642821410704961e+00
6.320660330165082996e+00
6.320660330165082996e+00
6.303151575787894423e+00
6.268134067033517276e+00
6.198099049524762094e+00
6.075537768884442080e+00
5.987993996998500101e+00
5.935467733866934381e+00
5.900450225112556346e+00
5.865432716358179199e+00
5.865432716358179199e+00
5.882941470735366885e+00
5.900450225112556346e+00
5.935467733866934381e+00
5.970485242621311528e+00
5.987993996998500101e+00
6.005502751375686898e+00
6.058029014507253507e+00
6.093046523261631542e+00
6.128064032016007801e+00
6.163081540770386724e+00
6.198099049524762094e+00
6.215607803901951556e+00
6.250625312656327814e+00
6.250625312656327814e+00
6.250625312656327814e+00
6.250625312656327814e+00
6.233116558279139241e+00
6.198099049524762094e+00
6.145572786393197262e+00
6.075537768884442080e+00
6.023011505752876360e+00
5.952976488244122066e+00
5.882941470735366885e+00
5.830415207603802052e+00
5.795397698849424906e+00
5.742871435717859185e+00
5.707853926963481150e+00
5.690345172586293465e+00
5.707853926963481150e+00
5.760380190095048647e+00
5.865432716358179199e+00
5.987993996998500101e+00
6.128064032016007801e+00
6.303151575787894423e+00
6.478239119559780157e+00
6.600800400200100171e+00
6.688344172086043038e+00
6.758379189594797332e+00
6.793396698349175367e+00
6.828414207103552513e+00
6.845922961480741087e+00
6.863431715857929660e+00
6.863431715857929660e+00
6.863431715857929660e+00
6.863431715857929660e+00
6.880940470235117346e+00
6.898449224612305919e+00
6.933466733366683066e+00
6.968484242121061101e+00
7.003501750875438248e+00
7.056028014007003080e+00
7.126063031515758261e+00
7.196098049024512555e+00
7.196098049024512555e+00
7.143571785892947723e+00
7.178589294647323982e+00
7.231115557778888814e+00
7.266133066533266849e+00
7.301150575287643996e+00
7.318659329664833457e+00
7.353676838419210604e+00
7.353676838419210604e+00
7.371185592796398289e+00
7.353676838419210604e+00
7.318659329664833457e+00
7.301150575287643996e+00
7.266133066533266849e+00
7.266133066533266849e+00
7.248624312156078275e+00
7.213606803401700240e+00
7.178589294647323982e+00
7.108554277138568800e+00
6.985992996498248786e+00
6.845922961480741087e+00
6.653326663331665891e+00
6.373186593296647828e+00
6.145572786393197262e+00
5.987993996998500101e+00
5.900450225112556346e+00
5.865432716358179199e+00
5.865432716358179199e+00
5.900450225112556346e+00
5.952976488244122066e+00
6.023011505752876360e+00
6.093046523261631542e+00
6.163081540770386724e+00
6.233116558279139241e+00
6.285642821410704961e+00
6.320660330165082996e+00
6.320660330165082996e+00
6.320660330165082996e+00
6.285642821410704961e+00
6.250625312656327814e+00
6.163081540770386724e+00
6.058029014507253507e+00
5.987993996998500101e+00
5.952976488244122066e+00
5.917958979489744920e+00
5.917958979489744920e+00
5.917958979489744920e+00
5.935467733866934381e+00
5.970485242621311528e+00
5.987993996998500101e+00
6.005502751375686898e+00
6.023011505752876360e+00
6.075537768884442080e+00
6.110555277638820115e+00
6.145572786393197262e+00
6.180590295147573521e+00
6.215607803901951556e+00
6.250625312656327814e+00
6.268134067033517276e+00
6.303151575787894423e+00
6.303151575787894423e+00
6.303151575787894423e+00
6.285642821410704961e+00
6.268134067033517276e+00
6.215607803901951556e+00
6.145572786393197262e+00
6.093046523261631542e+00
6.023011505752876360e+00
5.952976488244122066e+00
5.900450225112556346e+00
5.847923961980989738e+00
5.795397698849424906e+00
5.742871435717859185e+00
5.725362681340669724e+00
5.725362681340669724e+00
5.777888944472236332e+00
5.865432716358179199e+00
6.005502751375686898e+00
6.145572786393197262e+00
6.268134067033517276e+00
6.408204102051024975e+00
6.583291645822910709e+00
6.688344172086043038e+00
6.758379189594797332e+00
6.810905452726363052e+00
6.845922961480741087e+00
6.880940470235117346e+00
6.898449224612305919e+00
6.898449224612305919e+00
6.898449224612305919e+00
6.915957978989495381e+00
6.915957978989495381e+00
6.950975487743872527e+00
6.968484242121061101e+00
7.003501750875438248e+00
7.056028014007003080e+00
7.108554277138568800e+00
7.178589294647323982e+00
7.248624312156078275e+00
7.301150575287643996e+00
7.301150575287643996e+00
7.266133066533266849e+00
7.283641820910455422e+00
7.318659329664833457e+00
7.353676838419210604e+00
7.371185592796398289e+00
7.388694347173585975e+00
7.388694347173585975e+00
7.388694347173585975e+00
7.388694347173585975e+00
7.353676838419210604e+00
7.318659329664833457e+00
7.283641820910455422e+00
7.266133066533266849e+00
7.248624312156078275e+00
7.196098049024512555e+00
7.161080540270135408e+00
7.091045522761381115e+00
6.968484242121061101e+00
6.828414207103552513e+00
6.635817908954477318e+00
6.425712856428214437e+00
6.198099049524762094e+00
6.058029014507253507e+00
5.987993996998500101e+00
5.970485242621311528e+00
5.970485242621311528e+00
6.023011505752876360e+00
6.075537768884442080e+00
6.145572786393197262e+00
6.215607803901951556e+00
6.268134067033517276e+00
6.320660330165082996e+00
6.355677838919459255e+00
6.355677838919459255e+00
6.355677838919459255e+00
6.320660330165082996e+00
6.285642821410704961e+00
6.233116558279139241e+00
6.180590295147573521e+00
6.075537768884442080e+00
5.935467733866934381e+00
5.865432716358179199e+00
5.847923961980989738e+00
5.847923961980989738e+00
5.865432716358179199e+00
5.882941470735366885e+00
5.917958979489744920e+00
5.952976488244122066e+00
5.970485242621311528e+00
6.005502751375686898e+00
6.058029014507253507e+00
6.110555277638820115e+00
6.145572786393197262e+00
6.163081540770386724e+00
6.198099049524762094e+00
6.233116558279139241e+00
6.250625312656327814e+00
6.268134067033517276e+00
6.268134067033517276e+00
6.268134067033517276e+00
6.268134067033517276e+00
6.233116558279139241e+00
6.180590295147573521e+00
6.110555277638820115e+00
6.040520260130064933e+00
5.970485242621311528e+00
5.900450225112556346e+00
5.847923961980989738e+00
5.812906453226614367e+00
5.760380190095048647e+00
5.742871435717859185e+00
5.725362681340669724e+00
5.742871435717859185e+00
5.812906453226614367e+00
5.935467733866934381e+00
6.093046523261631542e+00
6.215607803901951556e+00
6.338169084542272458e+00
6.425712856428214437e+00
6.530765382691344989e+00
6.653326663331665891e+00
6.705852926463230723e+00
6.740870435217609646e+00
6.758379189594797332e+00
6.775887943971985905e+00
6.775887943971985905e+00
6.758379189594797332e+00
6.758379189594797332e+00
6.758379189594797332e+00
6.775887943971985905e+00
6.810905452726363052e+00
6.845922961480741087e+00
6.880940470235117346e+00
6.915957978989495381e+00
6.985992996498248786e+00
7.038519259629814506e+00
7.126063031515758261e+00
7.178589294647323982e+00
7.231115557778888814e+00
7.231115557778888814e+00
7.196098049024512555e+00
7.231115557778888814e+00
7.248624312156078275e+00
7.283641820910455422e+00
7.301150575287643996e+00
7.301150575287643996e+00
7.301150575287643996e+00
7.283641820910455422e+00
7.266133066533266849e+00
7.231115557778888814e+00
7.178589294647323982e+00
7.161080540270135408e+00
7.143571785892947723e+00
7.108554277138568800e+00
7.056028014007003080e+00
6.985992996498248786e+00
6.863431715857929660e+00
6.653326663331665891e+00
6.408204102051024975e+00
6.233116558279139241e+00
6.145572786393197262e+00
6.023011505752876360e+00
5.952976488244122066e+00
5.917958979489744920e+00
5.917958979489744920e+00
5.970485242621311528e+00
6.023011505752876360e+00
6.093046523261631542e+00
6.163081540770386724e+00
6.233116558279139241e+00
6.285642821410704961e+00
6.338169084542272458e+00
6.355677838919459255e+00
6.355677838919459255e+00
6.338169084542272458e+00
6.303151575787894423e+00
6.250625312656327814e+00
6.198099049524762094e+00
6.145572786393197262e+00
6.058029014507253507e+00
5.917958979489744920e+00
5.882941470735366885e+00
5.865432716358179199e+00
5.882941470735366885e+00
5.900450225112556346e+00
5.935467733866934381e+00
5.970485242621311528e+00
5.970485242621311528e+00
6.005502751375686898e+00
6.040520260130064933e+00
6.093046523261631542e+00
6.128064032016007801e+00
6.163081540770386724e+00
6.180590295147573521e+00
6.215607803901951556e+00
6.233116558279139241e+00
6.250625312656327814e+00
6.268134067033517276e+00
6.268134067033517276e+00
6.268134067033517276e+00
6.250625312656327814e+00
6.215607803901951556e+00
6.145572786393197262e+00
6.075537768884442080e+00
6.005502751375686898e+00
5.952976488244122066e+00
5.882941470735366885e+00
5.830415207603802052e+00
5.777888944472236332e+00
5.742871435717859185e+00
5.707853926963481150e+00
5.707853926963481150e+00
5.742871435717859185e+00
5.830415207603802052e+00
5.970485242621311528e+00
6.110555277638820115e+00
6.233116558279139241e+00
6.338169084542272458e+00
6.425712856428214437e+00
6.530765382691344989e+00
6.635817908954477318e+00
6.705852926463230723e+00
6.723361680840420185e+00
6.740870435217609646e+00
6.740870435217609646e+00
6.723361680840420185e+00
6.723361680840420185e+00
6.723361680840420185e+00
6.723361680840420185e+00
6.740870435217609646e+00
6.775887943971985905e+00
6.810905452726363052e+00
6.863431715857929660e+00
6.915957978989495381e+00
6.985992996498248786e+00
7.073536768384192541e+00
7.126063031515758261e+00
7.196098049024512555e+00
7.248624312156078275e+00
7.248624312156078275e+00
7.213606803401700240e+00
7.231115557778888814e+00
7.266133066533266849e+00
7.283641820910455422e+00
7.283641820910455422e+00
7.301150575287643996e+00
7.301150575287643996e+00
7.283641820910455422e+00
7.248624312156078275e+00
7.213606803401700240e+00
7.178589294647323982e+00
7.161080540270135408e+00
7.126063031515758261e+00
7.091045522761381115e+00
7.038519259629814506e+00
6.950975487743872527e+00
6.793396698349175367e+00
6.513256628314157304e+00
6.215607803901951556e+00
6.040520260130064933e+00
6.005502751375686898e+00
5.935467733866934381e+00
5.882941470735366885e+00
5.882941470735366885e+00
5.900450225112556346e+00
5.935467733866934381e+00
6.005502751375686898e+00
6.075537768884442080e+00
6.145572786393197262e+00
6.233116558279139241e+00
6.285642821410704961e+00
6.303151575787894423e+00
6.320660330165082996e+00
6.303151575787894423e+00
6.285642821410704961e+00
6.233116558279139241e+00
6.180590295147573521e+00
6.128064032016007801e+00
6.075537768884442080e+00
5.987993996998500101e+00
5.865432716358179199e+00
5.830415207603802052e+00
5.830415207603802052e+00
5.865432716358179199e+00
5.865432716358179199e+00
5.917958979489744920e+00
5.935467733866934381e+00
5.952976488244122066e+00
5.970485242621311528e+00
6.023011505752876360e+00
6.075537768884442080e+00
6.093046523261631542e+00
6.128064032016007801e+00
6.145572786393197262e+00
6.180590295147573521e+00
6.198099049524762094e+00
6.215607803901951556e+00
6.233116558279139241e+00
6.215607803901951556e+00
6.215607803901951556e+00
6.215607803901951556e+00
6.163081540770386724e+00
6.093046523261631542e+00
6.023011505752876360e+00
5.952976488244122066e+00
5.882941470735366885e+00
5.830415207603802052e+00
5.777888944472236332e+00
5.725362681340669724e+00
5.690345172586293465e+00
5.655327663831916318e+00
5.655327663831916318e+00
5.672836418209104004e+00
5.742871435717859185e+00
5.865432716358179199e+00
6.005502751375686898e+00
6.163081540770386724e+00
6.285642821410704961e+00
6.373186593296647828e+00
6.495747873936969619e+00
6.600800400200100171e+00
6.653326663331665891e+00
6.670835417708855353e+00
6.670835417708855353e+00
6.670835417708855353e+00
6.653326663331665891e+00
6.635817908954477318e+00
6.618309154577289632e+00
6.635817908954477318e+00
6.653326663331665891e+00
6.670835417708855353e+00
6.705852926463230723e+00
6.758379189594797332e+00
6.810905452726363052e+00
6.863431715857929660e+00
6.950975487743872527e+00
7.021010505252625933e+00
7.073536768384192541e+00
7.143571785892947723e+00
7.143571785892947723e+00
7.108554277138568800e+00
7.126063031515758261e+00
7.161080540270135408e+00
7.178589294647323982e+00
7.178589294647323982e+00
7.178589294647323982e+00
7.178589294647323982e+00
7.178589294647323982e+00
7.196098049024512555e+00
7.178589294647323982e+00
7.143571785892947723e+00
7.073536768384192541e+00
7.038519259629814506e+00
7.021010505252625933e+00
6.968484242121061101e+00
6.915957978989495381e+00
6.793396698349175367e+00
6.583291645822910709e+00
6.268134067033517276e+00
6.058029014507253507e+00
5.970485242621311528e+00
5.847923961980989738e+00
5.760380190095048647e+00
5.725362681340669724e+00
5.707853926963481150e+00
5.707853926963481150e+00
5.742871435717859185e+00
5.812906453226614367e+00
5.882941470735366885e+00
5.952976488244122066e+00
6.040520260130064933e+00
6.110555277638820115e+00
6.163081540770386724e+00
6.163081540770386724e+00
6.163081540770386724e+00
6.128064032016007801e+00
6.093046523261631542e+00
6.040520260130064933e+00
5.987993996998500101e+00
5.900450225112556346e+00
5.777888944472236332e+00
5.742871435717859185e+00
5.742871435717859185e+00
5.760380190095048647e+00
5.760380190095048647e+00
5.795397698849424906e+00
5.812906453226614367e+00
5.830415207603802052e+00
5.847923961980989738e+00
5.882941470735366885e+00
5.917958979489744920e+00
5.952976488244122066e+00
5.987993996998500101e+00
6.005502751375686898e+00
6.040520260130064933e+00
6.058029014507253507e+00
6.093046523261631542e+00
6.110555277638820115e+00
6.110555277638820115e+00
6.110555277638820115e+00
6.110555277638820115e+00
6.093046523261631542e+00
6.040520260130064933e+00
5.970485242621311528e+00
5.900450225112556346e+00
5.847923961980989738e+00
5.777888944472236332e+00
5.725362681340669724e+00
5.672836418209104004e+00
5.637818909454728633e+00
5.602801400700350598e+00
5.567783891945973451e+00
5.550275137568783990e+00
5.567783891945973451e+00
5.585292646323162025e+00
5.620310155077539171e+00
5.707853926963481150e+00
5.830415207603802052e+00
5.987993996998500101e+00
6.233116558279139241e+00
6.478239119559780157e+00
6.583291645822910709e+00
6.635817908954477318e+00
6.688344172086043038e+00
6.705852926463230723e+00
6.705852926463230723e+00
6.688344172086043038e+00
6.653326663331665891e+00
6.635817908954477318e+00
6.618309154577289632e+00
6.618309154577289632e+00
6.618309154577289632e+00
6.635817908954477318e+00
6.670835417708855353e+00
6.723361680840420185e+00
6.775887943971985905e+00
6.828414207103552513e+00
6.898449224612305919e+00
6.968484242121061101e+00
6.950975487743872527e+00
6.898449224612305919e+00
6.933466733366683066e+00
6.985992996498248786e+00
7.038519259629814506e+00
7.073536768384192541e+00
7.091045522761381115e+00
7.091045522761381115e+00
7.073536768384192541e+00
7.091045522761381115e+00
7.091045522761381115e+00
7.126063031515758261e+00
7.126063031515758261e+00
7.108554277138568800e+00
7.056028014007003080e+00
6.985992996498248786e+00
6.950975487743872527e+00
6.915957978989495381e+00
6.880940470235117346e+00
6.758379189594797332e+00
6.618309154577289632e+00
6.513256628314157304e+00
6.250625312656327814e+00
6.040520260130064933e+00
5.882941470735366885e+00
5.760380190095048647e+00
5.690345172586293465e+00
5.672836418209104004e+00
5.672836418209104004e+00
5.690345172586293465e+00
5.725362681340669724e+00
5.795397698849424906e+00
5.865432716358179199e+00
5.935467733866934381e+00
6.005502751375686898e+00
6.058029014507253507e+00
6.075537768884442080e+00
6.058029014507253507e+00
6.023011505752876360e+00
5.987993996998500101e+00
5.900450225112556346e+00
5.795397698849424906e+00
5.725362681340669724e+00
5.707853926963481150e+00
5.690345172586293465e+00
5.672836418209104004e+00
5.690345172586293465e+00
5.707853926963481150e+00
5.725362681340669724e+00
5.742871435717859185e+00
5.760380190095048647e+00
5.777888944472236332e+00
5.830415207603802052e+00
5.847923961980989738e+00
5.882941470735366885e+00
5.900450225112556346e+00
5.935467733866934381e+00
5.970485242621311528e+00
6.005502751375686898e+00
6.023011505752876360e+00
6.023011505752876360e+00
6.005502751375686898e+00
6.005502751375686898e+00
6.005502751375686898e+00
5.987993996998500101e+00
5.935467733866934381e+00
5.882941470735366885e+00
5.830415207603802052e+00
5.760380190095048647e+00
5.707853926963481150e+00
5.655327663831916318e+00
5.602801400700350598e+00
5.567783891945973451e+00
5.532766383191595416e+00
5.497748874437218269e+00
5.480240120060030584e+00
5.480240120060030584e+00
5.480240120060030584e+00
5.497748874437218269e+00
5.515257628814406843e+00
5.637818909454728633e+00
5.900450225112556346e+00
6.110555277638820115e+00
6.285642821410704961e+00
6.425712856428214437e+00
6.513256628314157304e+00
6.565782891445723024e+00
6.583291645822910709e+00
6.600800400200100171e+00
6.583291645822910709e+00
6.548274137068534451e+00
6.530765382691344989e+00
6.495747873936969619e+00
6.478239119559780157e+00
6.460730365182591584e+00
6.478239119559780157e+00
6.478239119559780157e+00
6.513256628314157304e+00
6.565782891445723024e+00
6.618309154577289632e+00
6.548274137068534451e+00
6.460730365182591584e+00
6.495747873936969619e+00
6.583291645822910709e+00
6.670835417708855353e+00
6.740870435217609646e+00
6.810905452726363052e+00
6.863431715857929660e+00
6.915957978989495381e+00
6.933466733366683066e+00
6.950975487743872527e+00
6.950975487743872527e+00
6.950975487743872527e+00
6.968484242121061101e+00
6.985992996498248786e+00
7.003501750875438248e+00
7.003501750875438248e+00
6.968484242121061101e+00
6.933466733366683066e+00
6.863431715857929660e+00
6.863431715857929660e+00
6.880940470235117346e+00
6.810905452726363052e+00
6.670835417708855353e+00
6.478239119559780157e+00
6.250625312656327814e+00
6.093046523261631542e+00
5.970485242621311528e+00
5.830415207603802052e+00
5.725362681340669724e+00
5.620310155077539171e+00
5.567783891945973451e+00
5.532766383191595416e+00
5.532766383191595416e+00
5.532766383191595416e+00
5.550275137568783990e+00
5.585292646323162025e+00
5.637818909454728633e+00
5.690345172586293465e+00
5.707853926963481150e+00
5.742871435717859185e+00
5.742871435717859185e+00
5.725362681340669724e+00
5.690345172586293465e+00
5.655327663831916318e+00
5.637818909454728633e+00
5.620310155077539171e+00
5.585292646323162025e+00
5.585292646323162025e+00
5.585292646323162025e+00
5.585292646323162025e+00
5.585292646323162025e+00
5.602801400700350598e+00
5.602801400700350598e+00
5.602801400700350598e+00
5.620310155077539171e+00
5.655327663831916318e+00
5.672836418209104004e+00
5.707853926963481150e+00
5.725362681340669724e+00
5.690345172586293465e+00
5.637818909454728633e+00
5.655327663831916318e+00
5.690345172586293465e+00
5.707853926963481150e+00
5.725362681340669724e+00
5.725362681340669724e+00
5.725362681340669724e+00
5.707853926963481150e+00
5.672836418209104004e+00
5.637818909454728633e+00
5.585292646323162025e+00
5.550275137568783990e+00
5.515257628814406843e+00
5.480240120060030584e+00
5.445222611305653437e+00
5.410205102551276291e+00
5.375187593796898256e+00
5.357678839419710570e+00
5.357678839419710570e+00
5.392696348174086829e+00
5.480240120060030584e+00
5.515257628814406843e+00
5.532766383191595416e+00
5.550275137568783990e+00
5.567783891945973451e+00
5.602801400700350598e+00
5.672836418209104004e+00
5.812906453226614367e+00
6.005502751375686898e+00
6.198099049524762094e+00
6.338169084542272458e+00
6.425712856428214437e+00
6.460730365182591584e+00
6.460730365182591584e+00
6.443221610805403010e+00
6.408204102051024975e+00
6.390695347673837290e+00
6.355677838919459255e+00
6.338169084542272458e+00
6.250625312656327814e+00
6.145572786393197262e+00
6.145572786393197262e+00
6.163081540770386724e+00
6.198099049524762094e+00
6.250625312656327814e+00
6.303151575787894423e+00
6.355677838919459255e+00
6.425712856428214437e+00
6.495747873936969619e+00
6.565782891445723024e+00
6.635817908954477318e+00
6.688344172086043038e+00
6.740870435217609646e+00
6.793396698349175367e+00
6.810905452726363052e+00
6.828414207103552513e+00
6.845922961480741087e+00
6.863431715857929660e+00
6.880940470235117346e+00
6.898449224612305919e+00
6.898449224612305919e+00
6.880940470235117346e+00
6.880940470235117346e+00
6.880940470235117346e+00
6.845922961480741087e+00
6.810905452726363052e+00
6.723361680840420185e+00
6.583291645822910709e+00
6.425712856428214437e+00
6.268134067033517276e+00
6.128064032016007801e+00
6.023011505752876360e+00
5.935467733866934381e+00
5.882941470735366885e+00
5.795397698849424906e+00
5.690345172586293465e+00
5.585292646323162025e+00
5.515257628814406843e+00
5.445222611305653437e+00
5.462731365682842011e+00
5.515257628814406843e+00
5.550275137568783990e+00
5.567783891945973451e+00
5.585292646323162025e+00
5.620310155077539171e+00
5.655327663831916318e+00
5.655327663831916318e+00
5.637818909454728633e+00
5.620310155077539171e+00
5.602801400700350598e+00
5.602801400700350598e+00
5.585292646323162025e+00
5.567783891945973451e+00
5.567783891945973451e+00
5.567783891945973451e+00
5.567783891945973451e+00
5.567783891945973451e+00
5.567783891945973451e+00
5.567783891945973451e+00
5.497748874437218269e+00
5.445222611305653437e+00
5.445222611305653437e+00
5.462731365682842011e+00
5.480240120060030584e+00
5.497748874437218269e+00
5.515257628814406843e+00
5.532766383191595416e+00
5.550275137568783990e+00
5.567783891945973451e+00
5.585292646323162025e+00
5.602801400700350598e+00
5.620310155077539171e+00
5.602801400700350598e+00
5.585292646323162025e+00
5.567783891945973451e+00
5.515257628814406843e+00
5.480240120060030584e+00
5.445222611305653437e+00
5.410205102551276291e+00
5.427713856928463976e+00
5.462731365682842011e+00
5.445222611305653437e+00
5.410205102551276291e+00
5.375187593796898256e+00
5.357678839419710570e+00
5.340170085042521109e+00
5.340170085042521109e+00
5.340170085042521109e+00
5.357678839419710570e+00
5.375187593796898256e+00
5.392696348174086829e+00
5.392696348174086829e+00
5.410205102551276291e+00
5.410205102551276291e+00
5.410205102551276291e+00
5.427713856928463976e+00
5.445222611305653437e+00
5.550275137568783990e+00
5.690345172586293465e+00
5.970485242621311528e+00
6.128064032016007801e+00
6.145572786393197262e+00
6.145572786393197262e+00
6.145572786393197262e+00
6.128064032016007801e+00
6.110555277638820115e+00
6.110555277638820115e+00
6.093046523261631542e+00
6.093046523261631542e+00
6.093046523261631542e+00
6.110555277638820115e+00
6.128064032016007801e+00
6.163081540770386724e+00
6.198099049524762094e+00
6.233116558279139241e+00
6.285642821410704961e+00
6.338169084542272458e+00
6.408204102051024975e+00
6.443221610805403010e+00
6.425712856428214437e+00
6.373186593296647828e+00
6.408204102051024975e+00
6.460730365182591584e+00
6.495747873936969619e+00
6.530765382691344989e+00
6.565782891445723024e+00
6.600800400200100171e+00
6.635817908954477318e+00
6.635817908954477318e+00
6.635817908954477318e+00
6.618309154577289632e+00
6.618309154577289632e+00
6.600800400200100171e+00
6.583291645822910709e+00
6.530765382691344989e+00
6.443221610805403010e+00
6.285642821410704961e+00
6.058029014507253507e+00
5.882941470735366885e+00
5.882941470735366885e+00
5.952976488244122066e+00
5.935467733866934381e+00
5.900450225112556346e+00
5.865432716358179199e+00
5.830415207603802052e+00
5.777888944472236332e+00
5.672836418209104004e+00
5.550275137568783990e+00
5.445222611305653437e+00
5.357678839419710570e+00
5.287643821910956277e+00
5.252626313156578242e+00
5.200100050025012521e+00
5.147573786893446801e+00
5.112556278139070542e+00
5.077538769384692507e+00
5.060030015007503934e+00
5.077538769384692507e+00
5.095047523761881081e+00
5.112556278139070542e+00
5.147573786893446801e+00
5.182591295647823948e+00
5.235117558779390556e+00
5.287643821910956277e+00
5.322661330665333423e+00
5.340170085042521109e+00
5.357678839419710570e+00
5.357678839419710570e+00
5.357678839419710570e+00
5.357678839419710570e+00
5.357678839419710570e+00
5.375187593796898256e+00
5.375187593796898256e+00
5.375187593796898256e+00
5.392696348174086829e+00
5.392696348174086829e+00
5.427713856928463976e+00
5.445222611305653437e+00
5.462731365682842011e+00
5.427713856928463976e+00
5.392696348174086829e+00
5.375187593796898256e+00
5.375187593796898256e+00
5.375187593796898256e+00
5.357678839419710570e+00
5.322661330665333423e+00
5.305152576288143962e+00
5.270135067533766815e+00
5.235117558779390556e+00
5.217608804402201095e+00
5.200100050025012521e+00
5.182591295647823948e+00
5.182591295647823948e+00
5.165082541270635375e+00
5.165082541270635375e+00
5.165082541270635375e+00
5.182591295647823948e+00
5.182591295647823948e+00
5.200100050025012521e+00
5.270135067533766815e+00
5.340170085042521109e+00
5.375187593796898256e+00
5.392696348174086829e+00
5.410205102551276291e+00
5.410205102551276291e+00
5.427713856928463976e+00
5.410205102551276291e+00
5.410205102551276291e+00
5.410205102551276291e+00
5.427713856928463976e+00
5.497748874437218269e+00
5.637818909454728633e+00
5.830415207603802052e+00
5.970485242621311528e+00
6.040520260130064933e+00
6.075537768884442080e+00
6.075537768884442080e+00
6.075537768884442080e+00
6.058029014507253507e+00
5.987993996998500101e+00
5.917958979489744920e+00
5.917958979489744920e+00
5.952976488244122066e+00
5.952976488244122066e+00
5.970485242621311528e+00
6.005502751375686898e+00
6.023011505752876360e+00
6.058029014507253507e+00
6.093046523261631542e+00
6.145572786393197262e+00
6.180590295147573521e+00
6.215607803901951556e+00
6.250625312656327814e+00
6.285642821410704961e+00
6.320660330165082996e+00
6.355677838919459255e+00
6.408204102051024975e+00
6.460730365182591584e+00
6.495747873936969619e+00
6.495747873936969619e+00
6.478239119559780157e+00
6.478239119559780157e+00
6.478239119559780157e+00
6.478239119559780157e+00
6.460730365182591584e+00
6.443221610805403010e+00
6.390695347673837290e+00
6.320660330165082996e+00
6.233116558279139241e+00
6.110555277638820115e+00
5.970485242621311528e+00
5.882941470735366885e+00
5.795397698849424906e+00
5.725362681340669724e+00
5.690345172586293465e+00
5.672836418209104004e+00
5.672836418209104004e+00
5.655327663831916318e+00
5.637818909454728633e+00
5.707853926963481150e+00
5.760380190095048647e+00
5.655327663831916318e+00
5.515257628814406843e+00
5.357678839419710570e+00
5.217608804402201095e+00
5.095047523761881081e+00
5.007503751875937326e+00
4.884942471235617312e+00
4.797398699349674445e+00
4.692346173086543892e+00
4.622311155577788711e+00
4.622311155577788711e+00
4.692346173086543892e+00
4.779889944972485871e+00
4.867433716858428738e+00
5.007503751875937326e+00
5.130065032516258228e+00
5.200100050025012521e+00
5.252626313156578242e+00
5.252626313156578242e+00
5.217608804402201095e+00
5.217608804402201095e+00
5.235117558779390556e+00
5.235117558779390556e+00
5.252626313156578242e+00
5.252626313156578242e+00
5.252626313156578242e+00
5.252626313156578242e+00
5.252626313156578242e+00
5.252626313156578242e+00
5.270135067533766815e+00
5.270135067533766815e+00
5.287643821910956277e+00
5.287643821910956277e+00
5.287643821910956277e+00
5.287643821910956277e+00
5.270135067533766815e+00
5.235117558779390556e+00
5.200100050025012521e+00
5.165082541270635375e+00
5.147573786893446801e+00
5.112556278139070542e+00
5.095047523761881081e+00
5.060030015007503934e+00
5.042521260630315361e+00
5.025012506253126787e+00
5.025012506253126787e+00
5.025012506253126787e+00
5.042521260630315361e+00
5.060030015007503934e+00
5.077538769384692507e+00
5.112556278139070542e+00
5.147573786893446801e+00
5.165082541270635375e+00
5.182591295647823948e+00
5.200100050025012521e+00
5.217608804402201095e+00
5.235117558779390556e+00
5.235117558779390556e+00
5.287643821910956277e+00
5.357678839419710570e+00
5.357678839419710570e+00
5.322661330665333423e+00
5.287643821910956277e+00
5.235117558779390556e+00
5.200100050025012521e+00
5.200100050025012521e+00
5.287643821910956277e+00
5.480240120060030584e+00
5.690345172586293465e+00
5.812906453226614367e+00
5.882941470735366885e+00
5.917958979489744920e+00
5.935467733866934381e+00
5.935467733866934381e+00
5.935467733866934381e+00
5.952976488244122066e+00
5.952976488244122066e+00
5.952976488244122066e+00
5.900450225112556346e+00
5.830415207603802052e+00
5.847923961980989738e+00
5.865432716358179199e+00
5.882941470735366885e+00
5.900450225112556346e+00
5.935467733866934381e+00
5.970485242621311528e+00
5.987993996998500101e+00
6.023011505752876360e+00
6.040520260130064933e+00
6.075537768884442080e+00
6.128064032016007801e+00
6.180590295147573521e+00
6.233116558279139241e+00
6.285642821410704961e+00
6.303151575787894423e+00
6.320660330165082996e+00
6.320660330165082996e+00
6.338169084542272458e+00
6.338169084542272458e+00
6.338169084542272458e+00
6.303151575787894423e+00
6.250625312656327814e+00
6.163081540770386724e+00
6.040520260130064933e+00
5.935467733866934381e+00
5.865432716358179199e+00
5.795397698849424906e+00
5.760380190095048647e+00
5.707853926963481150e+00
5.655327663831916318e+00
5.637818909454728633e+00
5.637818909454728633e+00
5.620310155077539171e+00
5.620310155077539171e+00
5.602801400700350598e+00
5.585292646323162025e+00
5.532766383191595416e+00
5.427713856928463976e+00
5.357678839419710570e+00
5.235117558779390556e+00
5.095047523761881081e+00
4.937468734367183920e+00
4.814907453726863906e+00
4.674837418709355319e+00
4.552276138069034417e+00
4.447223611805902976e+00
4.377188594297148683e+00
4.377188594297148683e+00
4.447223611805902976e+00
4.534767383691845843e+00
4.657328664332165857e+00
4.814907453726863906e+00
4.937468734367183920e+00
5.042521260630315361e+00
5.112556278139070542e+00
5.147573786893446801e+00
5.182591295647823948e+00
5.200100050025012521e+00
5.182591295647823948e+00
5.165082541270635375e+00
5.165082541270635375e+00
5.165082541270635375e+00
5.165082541270635375e+00
5.165082541270635375e+00
5.165082541270635375e+00
5.182591295647823948e+00
5.182591295647823948e+00
5.182591295647823948e+00
5.182591295647823948e+00
5.182591295647823948e+00
5.182591295647823948e+00
5.165082541270635375e+00
5.147573786893446801e+00
5.095047523761881081e+00
5.060030015007503934e+00
5.025012506253126787e+00
4.989994997498748752e+00
4.954977488744372494e+00
4.954977488744372494e+00
4.954977488744372494e+00
4.937468734367183920e+00
4.919959979989995347e+00
4.919959979989995347e+00
4.937468734367183920e+00
4.954977488744372494e+00
4.972486243121561067e+00
5.007503751875937326e+00
5.060030015007503934e+00
5.095047523761881081e+00
5.130065032516258228e+00
5.165082541270635375e+00
5.182591295647823948e+00
5.200100050025012521e+00
5.217608804402201095e+00
5.235117558779390556e+00
5.235117558779390556e+00
5.235117558779390556e+00
5.235117558779390556e+00
5.270135067533766815e+00
5.305152576288143962e+00
5.270135067533766815e+00
5.217608804402201095e+00
5.147573786893446801e+00
5.130065032516258228e+00
5.165082541270635375e+00
5.322661330665333423e+00
5.550275137568783990e+00
5.742871435717859185e+00
5.830415207603802052e+00
5.882941470735366885e+00
5.900450225112556346e+00
5.917958979489744920e+00
5.917958979489744920e+00
5.935467733866934381e+00
5.935467733866934381e+00
5.935467733866934381e+00
5.952976488244122066e+00
5.952976488244122066e+00
5.882941470735366885e+00
5.830415207603802052e+00
5.830415207603802052e+00
5.847923961980989738e+00
5.865432716358179199e+00
5.882941470735366885e+00
5.900450225112556346e+00
5.917958979489744920e+00
5.952976488244122066e+00
5.970485242621311528e+00
6.023011505752876360e+00
6.058029014507253507e+00
6.110555277638820115e+00
6.145572786393197262e+00
6.163081540770386724e+00
6.180590295147573521e+00
6.198099049524762094e+00
6.198099049524762094e+00
6.198099049524762094e+00
6.180590295147573521e+00
6.163081540770386724e+00
6.110555277638820115e+00
6.005502751375686898e+00
5.900450225112556346e+00
5.812906453226614367e+00
5.760380190095048647e+00
5.725362681340669724e+00
5.690345172586293465e+00
5.672836418209104004e+00
5.637818909454728633e+00
5.602801400700350598e+00
5.585292646323162025e+00
5.567783891945973451e+00
5.550275137568783990e+00
5.550275137568783990e+00
5.532766383191595416e+00
5.480240120060030584e+00
5.427713856928463976e+00
5.322661330665333423e+00
5.217608804402201095e+00
5.095047523761881081e+00
4.902451225612806773e+00
4.692346173086543892e+00
4.499749874937469585e+00
4.324662331165582962e+00
4.202101050525262949e+00
4.114557278639319193e+00
4.062031015507754361e+00
4.062031015507754361e+00
4.114557278639319193e+00
4.219609804902451522e+00
4.342171085542771536e+00
4.464732366183091550e+00
4.604802401200601025e+00
4.762381190595298186e+00
4.849924962481241053e+00
4.937468734367183920e+00
4.989994997498748752e+00
5.042521260630315361e+00
5.077538769384692507e+00
5.060030015007503934e+00
5.060030015007503934e+00
5.060030015007503934e+00
5.060030015007503934e+00
5.060030015007503934e+00
5.060030015007503934e+00
5.060030015007503934e+00
5.042521260630315361e+00
5.042521260630315361e+00
5.025012506253126787e+00
5.025012506253126787e+00
5.007503751875937326e+00
4.972486243121561067e+00
4.937468734367183920e+00
4.902451225612806773e+00
4.867433716858428738e+00
4.814907453726863906e+00
4.762381190595298186e+00
4.727363681840921039e+00
4.709854927463731578e+00
4.709854927463731578e+00
4.727363681840921039e+00
4.727363681840921039e+00
4.727363681840921039e+00
4.744872436218108724e+00
4.762381190595298186e+00
4.797398699349674445e+00
4.849924962481241053e+00
4.902451225612806773e+00
4.954977488744372494e+00
5.007503751875937326e+00
5.060030015007503934e+00
5.077538769384692507e+00
5.112556278139070542e+00
5.130065032516258228e+00
5.147573786893446801e+00
5.147573786893446801e+00
5.147573786893446801e+00
5.147573786893446801e+00
5.130065032516258228e+00
5.130065032516258228e+00
5.130065032516258228e+00
5.060030015007503934e+00
4.972486243121561067e+00
4.902451225612806773e+00
4.849924962481241053e+00
4.814907453726863906e+00
4.814907453726863906e+00
4.867433716858428738e+00
4.989994997498748752e+00
5.200100050025012521e+00
5.427713856928463976e+00
5.585292646323162025e+00
5.672836418209104004e+00
5.725362681340669724e+00
5.742871435717859185e+00
5.777888944472236332e+00
5.795397698849424906e+00
5.795397698849424906e+00
5.795397698849424906e+00
5.742871435717859185e+00
5.707853926963481150e+00
5.707853926963481150e+00
5.707853926963481150e+00
5.707853926963481150e+00
5.707853926963481150e+00
5.707853926963481150e+00
5.725362681340669724e+00
5.742871435717859185e+00
5.760380190095048647e+00
5.795397698849424906e+00
5.830415207603802052e+00
5.865432716358179199e+00
5.882941470735366885e+00
5.900450225112556346e+00
5.935467733866934381e+00
5.952976488244122066e+00
5.970485242621311528e+00
5.987993996998500101e+00
5.987993996998500101e+00
5.952976488244122066e+00
5.900450225112556346e+00
5.812906453226614367e+00
5.725362681340669724e+00
5.655327663831916318e+00
5.602801400700350598e+00
5.567783891945973451e+00
5.550275137568783990e+00
5.532766383191595416e+00
5.532766383191595416e+00
5.532766383191595416e+00
5.532766383191595416e+00
5.515257628814406843e+00
5.497748874437218269e+00
5.480240120060030584e+00
5.445222611305653437e+00
5.445222611305653437e+00
5.427713856928463976e+00
5.375187593796898256e+00
5.322661330665333423e+00
5.322661330665333423e+00
5.252626313156578242e+00
5.077538769384692507e+00
4.867433716858428738e+00
4.622311155577788711e+00
4.394697348674337256e+00
4.202101050525262949e+00
4.062031015507754361e+00
3.956978489244622033e+00
3.904452226113056756e+00
3.886943471735868183e+00
3.904452226113056756e+00
3.939469734867433459e+00
4.009504752376188641e+00
4.132066033016507767e+00
4.272136068034017242e+00
4.377188594297148683e+00
4.499749874937469585e+00
4.622311155577788711e+00
4.744872436218108724e+00
4.814907453726863906e+00
4.867433716858428738e+00
4.902451225612806773e+00
4.919959979989995347e+00
4.937468734367183920e+00
4.937468734367183920e+00
4.954977488744372494e+00
4.954977488744372494e+00
4.937468734367183920e+00
4.937468734367183920e+00
4.919959979989995347e+00
4.902451225612806773e+00
4.884942471235617312e+00
4.849924962481241053e+00
4.797398699349674445e+00
4.727363681840921039e+00
4.674837418709355319e+00
4.622311155577788711e+00
4.569784892446222990e+00
4.517258629314657270e+00
4.517258629314657270e+00
4.499749874937469585e+00
4.464732366183091550e+00
4.429714857428714403e+00
4.429714857428714403e+00
4.464732366183091550e+00
4.482241120560280123e+00
4.517258629314657270e+00
4.552276138069034417e+00
4.604802401200601025e+00
4.657328664332165857e+00
4.727363681840921039e+00
4.779889944972485871e+00
4.849924962481241053e+00
4.884942471235617312e+00
4.919959979989995347e+00
4.954977488744372494e+00
4.989994997498748752e+00
4.989994997498748752e+00
5.007503751875937326e+00
5.025012506253126787e+00
5.025012506253126787e+00
4.972486243121561067e+00
4.919959979989995347e+00
4.849924962481241053e+00
4.779889944972485871e+00
4.727363681840921039e+00
4.674837418709355319e+00
4.639819909954977284e+00
4.604802401200601025e+00
4.569784892446222990e+00
4.552276138069034417e+00
4.552276138069034417e+00
4.569784892446222990e+00
4.622311155577788711e+00
4.709854927463731578e+00
4.902451225612806773e+00
5.112556278139070542e+00
5.287643821910956277e+00
5.410205102551276291e+00
5.462731365682842011e+00
5.462731365682842011e+00
5.480240120060030584e+00
5.515257628814406843e+00
5.532766383191595416e+00
5.532766383191595416e+00
5.550275137568783990e+00
5.550275137568783990e+00
5.550275137568783990e+00
5.532766383191595416e+00
5.532766383191595416e+00
5.532766383191595416e+00
5.550275137568783990e+00
5.567783891945973451e+00
5.585292646323162025e+00
5.602801400700350598e+00
5.620310155077539171e+00
5.637818909454728633e+00
5.655327663831916318e+00
5.672836418209104004e+00
5.637818909454728633e+00
5.637818909454728633e+00
5.637818909454728633e+00
5.620310155077539171e+00
5.602801400700350598e+00
5.550275137568783990e+00
5.480240120060030584e+00
5.410205102551276291e+00
5.375187593796898256e+00
5.340170085042521109e+00
5.322661330665333423e+00
5.322661330665333423e+00
5.322661330665333423e+00
5.322661330665333423e+00
5.340170085042521109e+00
5.340170085042521109e+00
5.357678839419710570e+00
5.375187593796898256e+00
5.392696348174086829e+00
5.392696348174086829e+00
5.462731365682842011e+00
5.497748874437218269e+00
5.462731365682842011e+00
5.375187593796898256e+00
5.305152576288143962e+00
5.235117558779390556e+00
5.130065032516258228e+00
5.007503751875937326e+00
4.849924962481241053e+00
4.692346173086543892e+00
4.534767383691845843e+00
4.377188594297148683e+00
4.254627313656828669e+00
4.114557278639319193e+00
3.991995997998999623e+00
3.904452226113056756e+00
3.851925962981490592e+00
3.816908454227113445e+00
3.799399699849925316e+00
3.799399699849925316e+00
3.886943471735868183e+00
3.974487243621811050e+00
4.062031015507754361e+00
4.149574787393697228e+00
4.254627313656828669e+00
4.342171085542771536e+00
4.429714857428714403e+00
4.517258629314657270e+00
4.604802401200601025e+00
4.657328664332165857e+00
4.709854927463731578e+00
4.744872436218108724e+00
4.762381190595298186e+00
4.779889944972485871e+00
4.779889944972485871e+00
4.779889944972485871e+00
4.779889944972485871e+00
4.762381190595298186e+00
4.727363681840921039e+00
4.692346173086543892e+00
4.657328664332165857e+00
4.604802401200601025e+00
4.552276138069034417e+00
4.499749874937469585e+00
4.447223611805902976e+00
4.377188594297148683e+00
4.324662331165582962e+00
4.307153576788394389e+00
4.272136068034017242e+00
4.254627313656828669e+00
4.254627313656828669e+00
4.237118559279640095e+00
4.254627313656828669e+00
4.272136068034017242e+00
4.307153576788394389e+00
4.377188594297148683e+00
4.447223611805902976e+00
4.499749874937469585e+00
4.569784892446222990e+00
4.622311155577788711e+00
4.657328664332165857e+00
4.709854927463731578e+00
4.762381190595298186e+00
4.832416208104052480e+00
4.902451225612806773e+00
4.937468734367183920e+00
4.972486243121561067e+00
4.989994997498748752e+00
5.007503751875937326e+00
4.989994997498748752e+00
4.954977488744372494e+00
4.919959979989995347e+00
4.867433716858428738e+00
4.797398699349674445e+00
4.744872436218108724e+00
4.709854927463731578e+00
4.657328664332165857e+00
4.639819909954977284e+00
4.604802401200601025e+00
4.587293646823412452e+00
4.552276138069034417e+00
4.517258629314657270e+00
4.517258629314657270e+00
4.534767383691845843e+00
4.552276138069034417e+00
4.604802401200601025e+00
4.674837418709355319e+00
4.814907453726863906e+00
4.989994997498748752e+00
5.147573786893446801e+00
5.270135067533766815e+00
5.340170085042521109e+00
5.392696348174086829e+00
5.410205102551276291e+00
5.427713856928463976e+00
5.427713856928463976e+00
5.427713856928463976e+00
5.410205102551276291e+00
5.410205102551276291e+00
5.392696348174086829e+00
5.340170085042521109e+00
5.322661330665333423e+00
5.305152576288143962e+00
5.305152576288143962e+00
5.305152576288143962e+00
5.305152576288143962e+00
5.287643821910956277e+00
5.287643821910956277e+00
5.287643821910956277e+00
5.287643821910956277e+00
5.287643821910956277e+00
5.270135067533766815e+00
5.235117558779390556e+00
5.165082541270635375e+00
5.095047523761881081e+00
5.007503751875937326e+00
4.954977488744372494e+00
4.954977488744372494e+00
4.972486243121561067e+00
4.989994997498748752e+00
5.007503751875937326e+00
5.025012506253126787e+00
5.060030015007503934e+00
5.095047523761881081e+00
5.112556278139070542e+00
5.147573786893446801e+00
5.165082541270635375e+00
5.200100050025012521e+00
5.217608804402201095e+00
5.252626313156578242e+00
5.270135067533766815e+00
5.287643821910956277e+00
5.287643821910956277e+00
5.270135067533766815e+00
5.235117558779390556e+00
5.147573786893446801e+00
5.042521260630315361e+00
4.937468734367183920e+00
4.814907453726863906e+00
4.709854927463731578e+00
4.622311155577788711e+00
4.499749874937469585e+00
4.394697348674337256e+00
4.272136068034017242e+00
4.184592296148074375e+00
4.097048524262131508e+00
4.009504752376188641e+00
3.921960980490245774e+00
3.816908454227113445e+00
3.729364682341170578e+00
3.676838419209605302e+00
3.606803401700850120e+00
3.571785892946473862e+00
3.554277138569284400e+00
3.554277138569284400e+00
3.571785892946473862e+00
3.589294647323661991e+00
3.624312156078039138e+00
3.694347173586792987e+00
3.799399699849925316e+00
4.009504752376188641e+00
4.167083541770885802e+00
4.237118559279640095e+00
4.324662331165582962e+00
4.377188594297148683e+00
4.429714857428714403e+00
4.464732366183091550e+00
4.499749874937469585e+00
4.499749874937469585e+00
4.499749874937469585e+00
4.482241120560280123e+00
4.447223611805902976e+00
4.412206103051525830e+00
4.359679839919959221e+00
4.289644822411205816e+00
4.219609804902451522e+00
4.149574787393697228e+00
4.079539769884942935e+00
4.027013506753376326e+00
3.974487243621811050e+00
3.991995997998999623e+00
3.991995997998999623e+00
3.956978489244622033e+00
3.939469734867433459e+00
3.939469734867433459e+00
3.939469734867433459e+00
3.974487243621811050e+00
4.027013506753376326e+00
4.062031015507754361e+00
4.114557278639319193e+00
4.167083541770885802e+00
4.237118559279640095e+00
4.307153576788394389e+00
4.377188594297148683e+00
4.447223611805902976e+00
4.499749874937469585e+00
4.552276138069034417e+00
4.587293646823412452e+00
4.639819909954977284e+00
4.674837418709355319e+00
4.692346173086543892e+00
4.709854927463731578e+00
4.727363681840921039e+00
4.727363681840921039e+00
4.709854927463731578e+00
4.692346173086543892e+00
4.657328664332165857e+00
4.604802401200601025e+00
4.569784892446222990e+00
4.552276138069034417e+00
4.517258629314657270e+00
4.499749874937469585e+00
4.482241120560280123e+00
4.464732366183091550e+00
4.447223611805902976e+00
4.447223611805902976e+00
4.464732366183091550e+00
4.482241120560280123e+00
4.499749874937469585e+00
4.499749874937469585e+00
4.499749874937469585e+00
4.552276138069034417e+00
4.569784892446222990e+00
4.604802401200601025e+00
4.674837418709355319e+00
4.779889944972485871e+00
4.902451225612806773e+00
5.042521260630315361e+00
5.147573786893446801e+00
5.200100050025012521e+00
5.235117558779390556e+00
5.252626313156578242e+00
5.252626313156578242e+00
5.252626313156578242e+00
5.252626313156578242e+00
5.252626313156578242e+00
5.252626313156578242e+00
5.252626313156578242e+00
5.235117558779390556e+00
5.217608804402201095e+00
5.165082541270635375e+00
5.147573786893446801e+00
5.130065032516258228e+00
5.112556278139070542e+00
5.095047523761881081e+00
5.077538769384692507e+00
5.042521260630315361e+00
4.989994997498748752e+00
4.902451225612806773e+00
4.797398699349674445e+00
4.692346173086543892e+00
4.604802401200601025e+00
4.552276138069034417e+00
4.569784892446222990e+00
4.604802401200601025e+00
4.657328664332165857e+00
4.709854927463731578e+00
4.762381190595298186e+00
4.797398699349674445e+00
4.849924962481241053e+00
4.884942471235617312e+00
4.919959979989995347e+00
4.972486243121561067e+00
5.007503751875937326e+00
5.060030015007503934e+00
5.095047523761881081e+00
5.130065032516258228e+00
5.147573786893446801e+00
5.165082541270635375e+00
5.147573786893446801e+00
5.130065032516258228e+00
5.095047523761881081e+00
5.042521260630315361e+00
4.972486243121561067e+00
4.884942471235617312e+00
4.762381190595298186e+00
4.622311155577788711e+00
4.517258629314657270e+00
4.412206103051525830e+00
4.324662331165582962e+00
4.237118559279640095e+00
4.167083541770885802e+00
4.132066033016507767e+00
4.097048524262131508e+00
4.044522261130564900e+00
3.991995997998999623e+00
3.939469734867433459e+00
3.869434717358679165e+00
3.764382191095547725e+00
3.659329664832416729e+00
3.571785892946473862e+00
3.501750875437719124e+00
3.449224612306152959e+00
3.396698349174587683e+00
3.379189594797398666e+00
3.361680840420210092e+00
3.361680840420210092e+00
3.379189594797398666e+00
3.396698349174587683e+00
3.449224612306152959e+00
3.694347173586792987e+00
3.834417208604302463e+00
3.904452226113056756e+00
3.956978489244622033e+00
4.009504752376188641e+00
4.062031015507754361e+00
4.097048524262131508e+00
4.114557278639319193e+00
4.114557278639319193e+00
4.114557278639319193e+00
4.079539769884942935e+00
4.044522261130564900e+00
4.009504752376188641e+00
3.974487243621811050e+00
3.904452226113056756e+00
3.869434717358679165e+00
3.816908454227113445e+00
3.764382191095547725e+00
3.729364682341170578e+00
3.694347173586792987e+00
3.729364682341170578e+00
3.729364682341170578e+00
3.711855927963982005e+00
3.711855927963982005e+00
3.711855927963982005e+00
3.729364682341170578e+00
3.781890945472735854e+00
3.816908454227113445e+00
3.869434717358679165e+00
3.921960980490245774e+00
3.991995997998999623e+00
4.027013506753376326e+00
4.062031015507754361e+00
4.114557278639319193e+00
4.184592296148074375e+00
4.237118559279640095e+00
4.289644822411205816e+00
4.342171085542771536e+00
4.377188594297148683e+00
4.394697348674337256e+00
4.324662331165582962e+00
4.237118559279640095e+00
4.237118559279640095e+00
4.237118559279640095e+00
4.254627313656828669e+00
4.254627313656828669e+00
4.272136068034017242e+00
4.289644822411205816e+00
4.307153576788394389e+00
4.342171085542771536e+00
4.359679839919959221e+00
4.359679839919959221e+00
4.359679839919959221e+00
4.377188594297148683e+00
4.377188594297148683e+00
4.394697348674337256e+00
4.394697348674337256e+00
4.412206103051525830e+00
4.429714857428714403e+00
4.447223611805902976e+00
4.429714857428714403e+00
4.447223611805902976e+00
4.447223611805902976e+00
4.464732366183091550e+00
4.464732366183091550e+00
4.499749874937469585e+00
4.534767383691845843e+00
4.604802401200601025e+00
4.692346173086543892e+00
4.832416208104052480e+00
4.954977488744372494e+00
5.042521260630315361e+00
5.112556278139070542e+00
5.147573786893446801e+00
5.165082541270635375e+00
5.182591295647823948e+00
5.200100050025012521e+00
5.200100050025012521e+00
5.200100050025012521e+00
5.182591295647823948e+00
5.147573786893446801e+00
5.112556278139070542e+00
5.095047523761881081e+00
5.077538769384692507e+00
5.060030015007503934e+00
5.042521260630315361e+00
5.025012506253126787e+00
4.989994997498748752e+00
4.919959979989995347e+00
4.849924962481241053e+00
4.744872436218108724e+00
4.622311155577788711e+00
4.517258629314657270e+00
4.429714857428714403e+00
4.394697348674337256e+00
4.394697348674337256e+00
4.429714857428714403e+00
4.482241120560280123e+00
4.534767383691845843e+00
4.604802401200601025e+00
4.622311155577788711e+00
4.674837418709355319e+00
4.744872436218108724e+00
4.797398699349674445e+00
4.849924962481241053e+00
4.902451225612806773e+00
4.954977488744372494e+00
4.989994997498748752e+00
5.042521260630315361e+00
5.060030015007503934e+00
5.077538769384692507e+00
5.077538769384692507e+00
5.077538769384692507e+00
5.042521260630315361e+00
5.007503751875937326e+00
4.954977488744372494e+00
4.884942471235617312e+00
4.814907453726863906e+00
4.727363681840921039e+00
4.639819909954977284e+00
4.517258629314657270e+00
4.359679839919959221e+00
4.219609804902451522e+00
4.132066033016507767e+00
4.044522261130564900e+00
4.009504752376188641e+00
3.974487243621811050e+00
3.939469734867433459e+00
3.904452226113056756e+00
3.869434717358679165e+00
3.816908454227113445e+00
3.746873436718359596e+00
3.676838419209605302e+00
3.606803401700850120e+00
3.519259629814907253e+00
3.431715857928964830e+00
3.344172086043021519e+00
3.256628314157078652e+00
3.169084542271136229e+00
3.116558279139569620e+00
3.169084542271136229e+00
3.169084542271136229e+00
3.134067033516758638e+00
3.099049524762381047e+00
3.081540770385193362e+00
3.064032016008003900e+00
3.064032016008003900e+00
3.064032016008003900e+00
3.081540770385193362e+00
3.116558279139569620e+00
3.134067033516758638e+00
3.151575787893947211e+00
3.169084542271136229e+00
3.186593296648323914e+00
3.221610805402701505e+00
3.256628314157078652e+00
3.291645822911455355e+00
3.326663331665832946e+00
3.361680840420210092e+00
3.379189594797398666e+00
3.501750875437719124e+00
3.536768384192096271e+00
3.519259629814907253e+00
3.501750875437719124e+00
3.484242121060530550e+00
3.484242121060530550e+00
3.466733366683341533e+00
3.466733366683341533e+00
3.466733366683341533e+00
3.484242121060530550e+00
3.501750875437719124e+00
3.519259629814907253e+00
3.536768384192096271e+00
3.554277138569284400e+00
3.571785892946473862e+00
3.606803401700850120e+00
3.624312156078039138e+00
3.659329664832416729e+00
3.694347173586792987e+00
3.711855927963982005e+00
3.659329664832416729e+00
3.641820910455227711e+00
3.659329664832416729e+00
3.641820910455227711e+00
3.606803401700850120e+00
3.571785892946473862e+00
3.554277138569284400e+00
3.536768384192096271e+00
3.554277138569284400e+00
3.571785892946473862e+00
3.589294647323661991e+00
3.624312156078039138e+00
3.659329664832416729e+00
3.711855927963982005e+00
3.764382191095547725e+00
3.816908454227113445e+00
3.886943471735868183e+00
3.974487243621811050e+00
4.044522261130564900e+00
4.097048524262131508e+00
3.974487243621811050e+00
3.974487243621811050e+00
4.044522261130564900e+00
4.097048524262131508e+00
4.149574787393697228e+00
4.202101050525262949e+00
4.237118559279640095e+00
4.237118559279640095e+00
4.254627313656828669e+00
4.254627313656828669e+00
4.272136068034017242e+00
4.272136068034017242e+00
4.272136068034017242e+00
4.272136068034017242e+00
4.272136068034017242e+00
4.254627313656828669e+00
4.219609804902451522e+00
4.202101050525262949e+00
4.167083541770885802e+00
4.149574787393697228e+00
4.237118559279640095e+00
4.324662331165582962e+00
4.377188594297148683e+00
4.464732366183091550e+00
4.552276138069034417e+00
4.657328664332165857e+00
4.727363681840921039e+00
4.779889944972485871e+00
4.797398699349674445e+00
4.814907453726863906e+00
4.814907453726863906e+00
4.814907453726863906e+00
4.814907453726863906e+00
4.797398699349674445e+00
4.762381190595298186e+00
4.727363681840921039e+00
4.674837418709355319e+00
4.587293646823412452e+00
4.482241120560280123e+00
4.359679839919959221e+00
4.272136068034017242e+00
4.184592296148074375e+00
4.097048524262131508e+00
4.027013506753376326e+00
3.974487243621811050e+00
3.939469734867433459e+00
3.939469734867433459e+00
3.939469734867433459e+00
3.974487243621811050e+00
4.009504752376188641e+00
4.062031015507754361e+00
4.132066033016507767e+00
4.202101050525262949e+00
4.289644822411205816e+00
4.377188594297148683e+00
4.447223611805902976e+00
4.534767383691845843e+00
4.622311155577788711e+00
4.692346173086543892e+00
4.744872436218108724e+00
4.779889944972485871e+00
4.832416208104052480e+00
4.884942471235617312e+00
4.919959979989995347e+00
4.937468734367183920e+00
4.937468734367183920e+00
4.919959979989995347e+00
4.884942471235617312e+00
4.832416208104052480e+00
4.762381190595298186e+00
4.692346173086543892e+00
4.604802401200601025e+00
4.534767383691845843e+00
4.464732366183091550e+00
4.412206103051525830e+00
4.359679839919959221e+00
4.324662331165582962e+00
4.307153576788394389e+00
4.289644822411205816e+00
4.237118559279640095e+00
4.114557278639319193e+00
4.044522261130564900e+00
3.974487243621811050e+00
3.886943471735868183e+00
3.816908454227113445e+00
3.764382191095547725e+00
3.711855927963982005e+00
3.659329664832416729e+00
3.589294647323661991e+00
3.519259629814907253e+00
3.431715857928964830e+00
3.344172086043021519e+00
3.274137068534267225e+00
3.186593296648323914e+00
3.116558279139569620e+00
3.046523261630815771e+00
2.976488244122061033e+00
2.906453226613307184e+00
2.836418209104552002e+00
2.783891945972986726e+00
2.853926963481740575e+00
2.853926963481740575e+00
2.818909454727364317e+00
2.783891945972986726e+00
2.748874437218609135e+00
2.731365682841421005e+00
2.696348174087043414e+00
2.696348174087043414e+00
2.713856928464231988e+00
2.731365682841421005e+00
2.766383191595797708e+00
2.818909454727364317e+00
2.853926963481740575e+00
2.906453226613307184e+00
2.941470735367683442e+00
2.993996998499250051e+00
3.029014507253626753e+00
3.064032016008003900e+00
3.099049524762381047e+00
3.134067033516758638e+00
3.221610805402701505e+00
3.256628314157078652e+00
3.274137068534267225e+00
3.291645822911455355e+00
3.326663331665832946e+00
3.344172086043021519e+00
3.361680840420210092e+00
3.379189594797398666e+00
3.396698349174587683e+00
3.414207103551776257e+00
3.414207103551776257e+00
3.431715857928964830e+00
3.449224612306152959e+00
3.449224612306152959e+00
3.449224612306152959e+00
3.466733366683341533e+00
3.449224612306152959e+00
3.449224612306152959e+00
3.449224612306152959e+00
3.431715857928964830e+00
3.291645822911455355e+00
3.186593296648323914e+00
3.151575787893947211e+00
3.134067033516758638e+00
3.116558279139569620e+00
3.099049524762381047e+00
3.081540770385193362e+00
3.099049524762381047e+00
3.116558279139569620e+00
3.169084542271136229e+00
3.221610805402701505e+00
3.291645822911455355e+00
3.344172086043021519e+00
3.431715857928964830e+00
3.501750875437719124e+00
3.589294647323661991e+00
3.694347173586792987e+00
3.799399699849925316e+00
3.904452226113056756e+00
3.974487243621811050e+00
3.869434717358679165e+00
3.869434717358679165e+00
3.974487243621811050e+00
4.079539769884942935e+00
4.149574787393697228e+00
4.202101050525262949e+00
4.219609804902451522e+00
4.237118559279640095e+00
4.237118559279640095e+00
4.237118559279640095e+00
4.237118559279640095e+00
4.219609804902451522e+00
4.219609804902451522e+00
4.184592296148074375e+00
4.167083541770885802e+00
4.132066033016507767e+00
4.097048524262131508e+00
4.079539769884942935e+00
4.044522261130564900e+00
4.044522261130564900e+00
4.079539769884942935e+00
4.079539769884942935e+00
4.062031015507754361e+00
4.044522261130564900e+00
4.027013506753376326e+00
4.009504752376188641e+00
4.009504752376188641e+00
4.044522261130564900e+00
4.114557278639319193e+00
4.184592296148074375e+00
4.272136068034017242e+00
4.342171085542771536e+00
4.377188594297148683e+00
4.412206103051525830e+00
4.394697348674337256e+00
4.359679839919959221e+00
4.307153576788394389e+00
4.237118559279640095e+00
4.132066033016507767e+00
4.027013506753376326e+00
4.009504752376188641e+00
3.956978489244622033e+00
3.869434717358679165e+00
3.816908454227113445e+00
3.764382191095547725e+00
3.729364682341170578e+00
3.711855927963982005e+00
3.694347173586792987e+00
3.676838419209605302e+00
3.676838419209605302e+00
3.694347173586792987e+00
3.711855927963982005e+00
3.729364682341170578e+00
3.764382191095547725e+00
3.816908454227113445e+00
3.869434717358679165e+00
3.921960980490245774e+00
3.991995997998999623e+00
4.062031015507754361e+00
4.132066033016507767e+00
4.132066033016507767e+00
4.184592296148074375e+00
4.254627313656828669e+00
4.324662331165582962e+00
4.377188594297148683e+00
4.429714857428714403e+00
4.482241120560280123e+00
4.517258629314657270e+00
4.517258629314657270e+00
4.517258629314657270e+00
4.517258629314657270e+00
4.499749874937469585e+00
4.464732366183091550e+00
4.429714857428714403e+00
4.394697348674337256e+00
4.359679839919959221e+00
4.324662331165582962e+00
4.307153576788394389e+00
4.289644822411205816e+00
4.272136068034017242e+00
4.184592296148074375e+00
4.149574787393697228e+00
4.149574787393697228e+00
4.149574787393697228e+00
4.167083541770885802e+00
4.149574787393697228e+00
4.114557278639319193e+00
4.097048524262131508e+00
4.044522261130564900e+00
3.991995997998999623e+00
3.921960980490245774e+00
3.834417208604302463e+00
3.746873436718359596e+00
3.659329664832416729e+00
3.589294647323661991e+00
3.536768384192096271e+00
3.466733366683341533e+00
3.396698349174587683e+00
3.309154577288644816e+00
3.256628314157078652e+00
3.379189594797398666e+00
3.344172086043021519e+00
3.256628314157078652e+00
3.151575787893947211e+00
3.046523261630815771e+00
2.958979489744872460e+00
2.853926963481740575e+00
2.748874437218609135e+00
2.661330665332666712e+00
2.573786893446723401e+00
2.486243121560780533e+00
2.433716858429214369e+00
2.381190595297649093e+00
2.346173086543271946e+00
2.328664332166082929e+00
2.311155577788894355e+00
2.293646823411706226e+00
2.293646823411706226e+00
2.293646823411706226e+00
2.311155577788894355e+00
2.416208104052026240e+00
2.486243121560780533e+00
2.521260630315157680e+00
2.573786893446723401e+00
2.626313156578289121e+00
2.678839419709855285e+00
2.731365682841421005e+00
2.783891945972986726e+00
2.853926963481740575e+00
2.923961980990494869e+00
2.993996998499250051e+00
3.064032016008003900e+00
3.116558279139569620e+00
3.169084542271136229e+00
3.204102051025512488e+00
3.239119559779890078e+00
3.256628314157078652e+00
3.291645822911455355e+00
3.309154577288644816e+00
3.326663331665832946e+00
3.344172086043021519e+00
3.361680840420210092e+00
3.361680840420210092e+00
3.344172086043021519e+00
3.326663331665832946e+00
3.309154577288644816e+00
3.274137068534267225e+00
3.239119559779890078e+00
3.204102051025512488e+00
3.169084542271136229e+00
3.134067033516758638e+00
3.099049524762381047e+00
3.081540770385193362e+00
3.064032016008003900e+00
3.081540770385193362e+00
3.099049524762381047e+00
3.116558279139569620e+00
3.134067033516758638e+00
3.169084542271136229e+00
3.151575787893947211e+00
2.923961980990494869e+00
2.871435717858929593e+00
2.888944472236118166e+00
2.941470735367683442e+00
3.011505752876438180e+00
3.099049524762381047e+00
3.204102051025512488e+00
3.291645822911455355e+00
3.379189594797398666e+00
3.484242121060530550e+00
3.589294647323661991e+00
3.711855927963982005e+00
3.834417208604302463e+00
3.921960980490245774e+00
4.009504752376188641e+00
4.079539769884942935e+00
4.149574787393697228e+00
4.202101050525262949e+00
4.237118559279640095e+00
4.254627313656828669e+00
4.219609804902451522e+00
4.202101050525262949e+00
4.202101050525262949e+00
4.167083541770885802e+00
4.132066033016507767e+00
4.079539769884942935e+00
4.044522261130564900e+00
3.991995997998999623e+00
3.991995997998999623e+00
3.974487243621811050e+00
3.974487243621811050e+00
3.956978489244622033e+00
3.956978489244622033e+00
3.956978489244622033e+00
3.939469734867433459e+00
3.904452226113056756e+00
3.869434717358679165e+00
3.834417208604302463e+00
3.799399699849925316e+00
3.781890945472735854e+00
3.851925962981490592e+00
3.886943471735868183e+00
3.851925962981490592e+00
3.834417208604302463e+00
3.816908454227113445e+00
3.816908454227113445e+00
3.799399699849925316e+00
3.799399699849925316e+00
3.781890945472735854e+00
3.746873436718359596e+00
3.694347173586792987e+00
3.641820910455227711e+00
3.589294647323661991e+00
3.536768384192096271e+00
3.501750875437719124e+00
3.484242121060530550e+00
3.466733366683341533e+00
3.466733366683341533e+00
3.466733366683341533e+00
3.466733366683341533e+00
3.501750875437719124e+00
3.501750875437719124e+00
3.519259629814907253e+00
3.519259629814907253e+00
3.536768384192096271e+00
3.536768384192096271e+00
3.554277138569284400e+00
3.571785892946473862e+00
3.589294647323661991e+00
3.606803401700850120e+00
3.641820910455227711e+00
3.676838419209605302e+00
3.711855927963982005e+00
3.746873436718359596e+00
3.781890945472735854e+00
3.834417208604302463e+00
3.869434717358679165e+00
3.904452226113056756e+00
3.939469734867433459e+00
3.956978489244622033e+00
3.799399699849925316e+00
3.711855927963982005e+00
3.694347173586792987e+00
3.694347173586792987e+00
3.694347173586792987e+00
3.711855927963982005e+00
3.746873436718359596e+00
3.781890945472735854e+00
3.834417208604302463e+00
3.869434717358679165e+00
3.886943471735868183e+00
3.921960980490245774e+00
3.974487243621811050e+00
4.009504752376188641e+00
4.062031015507754361e+00
4.097048524262131508e+00
4.114557278639319193e+00
4.132066033016507767e+00
4.167083541770885802e+00
4.149574787393697228e+00
4.079539769884942935e+00
4.027013506753376326e+00
4.009504752376188641e+00
3.991995997998999623e+00
3.991995997998999623e+00
3.991995997998999623e+00
3.974487243621811050e+00
3.956978489244622033e+00
3.939469734867433459e+00
3.921960980490245774e+00
3.886943471735868183e+00
3.851925962981490592e+00
3.799399699849925316e+00
3.711855927963982005e+00
3.624312156078039138e+00
3.501750875437719124e+00
3.396698349174587683e+00
3.274137068534267225e+00
3.151575787893947211e+00
3.081540770385193362e+00
3.186593296648323914e+00
3.169084542271136229e+00
3.064032016008003900e+00
2.958979489744872460e+00
2.853926963481740575e+00
2.731365682841421005e+00
2.643821910955478138e+00
2.556278139069535271e+00
2.486243121560780533e+00
2.433716858429214369e+00
2.398699349674837222e+00
2.346173086543271946e+00
2.311155577788894355e+00
2.276138069034517208e+00
2.223611805902951488e+00
2.188594297148574341e+00
2.153576788394197195e+00
2.136068034017008621e+00
2.101050525262631474e+00
2.101050525262631474e+00
2.136068034017008621e+00
2.153576788394197195e+00
2.153576788394197195e+00
2.153576788394197195e+00
2.153576788394197195e+00
2.171085542771385768e+00
2.188594297148574341e+00
2.206103051525762915e+00
2.241120560280140062e+00
2.276138069034517208e+00
2.346173086543271946e+00
2.416208104052026240e+00
2.486243121560780533e+00
2.573786893446723401e+00
2.678839419709855285e+00
2.783891945972986726e+00
2.888944472236118166e+00
2.976488244122061033e+00
3.064032016008003900e+00
3.134067033516758638e+00
3.239119559779890078e+00
7.213606803401700240e+00
7.196098049024512555e+00
3.326663331665832946e+00
3.326663331665832946e+00
3.326663331665832946e+00
3.309154577288644816e+00
3.291645822911455355e+00
3.256628314157078652e+00
3.204102051025512488e+00
3.134067033516758638e+00
3.081540770385193362e+00
3.011505752876438180e+00
2.958979489744872460e+00
2.923961980990494869e+00
2.888944472236118166e+00
2.871435717858929593e+00
2.853926963481740575e+00
2.853926963481740575e+00
2.818909454727364317e+00
2.678839419709855285e+00
2.626313156578289121e+00
2.661330665332666712e+00
2.678839419709855285e+00
2.731365682841421005e+00
2.766383191595797708e+00
2.818909454727364317e+00
2.871435717858929593e+00
2.958979489744872460e+00
3.011505752876438180e+00
3.081540770385193362e+00
3.134067033516758638e+00
3.186593296648323914e+00
3.291645822911455355e+00
3.396698349174587683e+00
3.501750875437719124e+00
3.624312156078039138e+00
3.729364682341170578e+00
3.816908454227113445e+00
3.869434717358679165e+00
3.764382191095547725e+00
3.781890945472735854e+00
3.869434717358679165e+00
3.956978489244622033e+00
4.009504752376188641e+00
4.044522261130564900e+00
4.079539769884942935e+00
4.097048524262131508e+00
4.097048524262131508e+00
4.097048524262131508e+00
4.079539769884942935e+00
4.062031015507754361e+00
4.044522261130564900e+00
4.044522261130564900e+00
4.044522261130564900e+00
4.044522261130564900e+00
4.027013506753376326e+00
4.009504752376188641e+00
3.991995997998999623e+00
3.956978489244622033e+00
3.939469734867433459e+00
3.904452226113056756e+00
3.869434717358679165e+00
3.834417208604302463e+00
3.799399699849925316e+00
3.746873436718359596e+00
3.729364682341170578e+00
3.694347173586792987e+00
3.641820910455227711e+00
3.606803401700850120e+00
3.554277138569284400e+00
3.501750875437719124e+00
3.431715857928964830e+00
3.344172086043021519e+00
3.239119559779890078e+00
3.099049524762381047e+00
2.976488244122061033e+00
2.836418209104552002e+00
2.731365682841421005e+00
2.678839419709855285e+00
2.766383191595797708e+00
2.836418209104552002e+00
2.871435717858929593e+00
2.923961980990494869e+00
2.993996998499250051e+00
3.064032016008003900e+00
3.116558279139569620e+00
3.151575787893947211e+00
3.204102051025512488e+00
3.239119559779890078e+00
3.274137068534267225e+00
3.291645822911455355e+00
3.326663331665832946e+00
3.344172086043021519e+00
3.361680840420210092e+00
3.379189594797398666e+00
3.396698349174587683e+00
3.431715857928964830e+00
3.449224612306152959e+00
3.466733366683341533e+00
3.466733366683341533e+00
3.484242121060530550e+00
3.484242121060530550e+00
3.501750875437719124e+00
3.484242121060530550e+00
3.484242121060530550e+00
3.466733366683341533e+00
3.449224612306152959e+00
3.431715857928964830e+00
3.396698349174587683e+00
3.379189594797398666e+00
3.361680840420210092e+00
3.326663331665832946e+00
3.309154577288644816e+00
3.309154577288644816e+00
3.309154577288644816e+00
3.326663331665832946e+00
3.326663331665832946e+00
3.361680840420210092e+00
3.344172086043021519e+00
3.064032016008003900e+00
3.029014507253626753e+00
3.116558279139569620e+00
3.204102051025512488e+00
3.309154577288644816e+00
3.396698349174587683e+00
3.484242121060530550e+00
3.606803401700850120e+00
3.694347173586792987e+00
3.764382191095547725e+00
3.816908454227113445e+00
3.851925962981490592e+00
3.886943471735868183e+00
3.921960980490245774e+00
3.939469734867433459e+00
3.974487243621811050e+00
3.991995997998999623e+00
4.009504752376188641e+00
4.027013506753376326e+00
4.009504752376188641e+00
3.991995997998999623e+00
3.974487243621811050e+00
3.956978489244622033e+00
3.939469734867433459e+00
3.904452226113056756e+00
3.886943471735868183e+00
3.851925962981490592e+00
3.816908454227113445e+00
3.799399699849925316e+00
3.746873436718359596e+00
3.711855927963982005e+00
3.676838419209605302e+00
3.624312156078039138e+00
3.554277138569284400e+00
3.466733366683341533e+00
3.361680840420210092e+00
3.221610805402701505e+00
3.064032016008003900e+00
2.906453226613307184e+00
2.766383191595797708e+00
2.801400700350175299e+00
2.713856928464231988e+00
2.608804402201100547e+00
2.521260630315157680e+00
2.468734367183591960e+00
2.416208104052026240e+00
2.363681840920460520e+00
2.328664332166082929e+00
2.293646823411706226e+00
2.276138069034517208e+00
2.241120560280140062e+00
2.223611805902951488e+00
2.206103051525762915e+00
2.171085542771385768e+00
2.171085542771385768e+00
2.153576788394197195e+00
2.136068034017008621e+00
2.101050525262631474e+00
2.083541770885442901e+00
2.066033016508253883e+00
2.066033016508253883e+00
2.031015507753877181e+00
2.013506753376688163e+00
1.978489244622311016e+00
1.960980490245122887e+00
1.943471735867934092e+00
1.943471735867934092e+00
1.943471735867934092e+00
1.943471735867934092e+00
1.943471735867934092e+00
1.943471735867934092e+00
1.960980490245122887e+00
1.960980490245122887e+00
1.978489244622311016e+00
1.995997998999499812e+00
2.013506753376688163e+00
2.048524262131065754e+00
2.101050525262631474e+00
2.153576788394197195e+00
2.258629314657328635e+00
6.740870435217609646e+00
6.915957978989495381e+00
7.003501750875438248e+00
7.073536768384192541e+00
7.091045522761381115e+00
7.091045522761381115e+00
7.073536768384192541e+00
7.021010505252625933e+00
6.950975487743872527e+00
6.845922961480741087e+00
6.705852926463230723e+00
6.548274137068534451e+00
6.373186593296647828e+00
6.233116558279139241e+00
6.110555277638820115e+00
6.023011505752876360e+00
5.952976488244122066e+00
5.900450225112556346e+00
5.847923961980989738e+00
5.760380190095048647e+00
5.602801400700350598e+00
5.532766383191595416e+00
2.643821910955478138e+00
2.643821910955478138e+00
2.661330665332666712e+00
2.696348174087043414e+00
2.713856928464231988e+00
2.748874437218609135e+00
2.801400700350175299e+00
2.853926963481740575e+00
2.888944472236118166e+00
2.941470735367683442e+00
2.993996998499250051e+00
3.064032016008003900e+00
3.151575787893947211e+00
3.239119559779890078e+00
3.291645822911455355e+00
3.361680840420210092e+00
3.431715857928964830e+00
3.466733366683341533e+00
3.291645822911455355e+00
3.256628314157078652e+00
3.309154577288644816e+00
3.379189594797398666e+00
3.466733366683341533e+00
3.571785892946473862e+00
3.659329664832416729e+00
3.729364682341170578e+00
3.781890945472735854e+00
3.834417208604302463e+00
3.869434717358679165e+00
3.904452226113056756e+00
3.921960980490245774e+00
3.939469734867433459e+00
3.956978489244622033e+00
3.991995997998999623e+00
4.009504752376188641e+00
4.044522261130564900e+00
4.079539769884942935e+00
4.114557278639319193e+00
4.097048524262131508e+00
4.114557278639319193e+00
4.114557278639319193e+00
4.114557278639319193e+00
4.079539769884942935e+00
4.027013506753376326e+00
3.991995997998999623e+00
3.939469734867433459e+00
3.886943471735868183e+00
3.834417208604302463e+00
3.781890945472735854e+00
3.729364682341170578e+00
3.676838419209605302e+00
3.624312156078039138e+00
3.589294647323661991e+00
3.554277138569284400e+00
3.501750875437719124e+00
3.466733366683341533e+00
3.396698349174587683e+00
3.344172086043021519e+00
3.309154577288644816e+00
3.204102051025512488e+00
3.081540770385193362e+00
2.941470735367683442e+00
2.818909454727364317e+00
2.696348174087043414e+00
2.608804402201100547e+00
2.538769384692346254e+00
2.486243121560780533e+00
2.433716858429214369e+00
2.398699349674837222e+00
2.363681840920460520e+00
2.346173086543271946e+00
2.328664332166082929e+00
2.311155577788894355e+00
2.311155577788894355e+00
2.311155577788894355e+00
2.328664332166082929e+00
2.346173086543271946e+00
2.416208104052026240e+00
2.591295647823911974e+00
2.748874437218609135e+00
2.853926963481740575e+00
2.976488244122061033e+00
3.064032016008003900e+00
3.151575787893947211e+00
3.221610805402701505e+00
3.291645822911455355e+00
3.326663331665832946e+00
3.361680840420210092e+00
3.396698349174587683e+00
3.414207103551776257e+00
3.414207103551776257e+00
3.414207103551776257e+00
3.396698349174587683e+00
3.361680840420210092e+00
3.344172086043021519e+00
3.309154577288644816e+00
3.274137068534267225e+00
3.221610805402701505e+00
3.081540770385193362e+00
2.976488244122061033e+00
2.923961980990494869e+00
2.871435717858929593e+00
2.836418209104552002e+00
2.801400700350175299e+00
2.766383191595797708e+00
2.748874437218609135e+00
2.731365682841421005e+00
2.713856928464231988e+00
2.731365682841421005e+00
2.731365682841421005e+00
2.748874437218609135e+00
2.783891945972986726e+00
2.818909454727364317e+00
2.871435717858929593e+00
2.906453226613307184e+00
2.958979489744872460e+00
3.029014507253626753e+00
3.046523261630815771e+00
2.888944472236118166e+00
2.871435717858929593e+00
2.923961980990494869e+00
2.993996998499250051e+00
3.064032016008003900e+00
3.134067033516758638e+00
3.239119559779890078e+00
3.326663331665832946e+00
3.414207103551776257e+00
3.484242121060530550e+00
3.536768384192096271e+00
3.589294647323661991e+00
3.624312156078039138e+00
3.676838419209605302e+00
3.711855927963982005e+00
3.729364682341170578e+00
3.764382191095547725e+00
3.781890945472735854e+00
3.799399699849925316e+00
3.816908454227113445e+00
3.816908454227113445e+00
3.816908454227113445e+00
3.816908454227113445e+00
3.799399699849925316e+00
3.799399699849925316e+00
3.781890945472735854e+00
3.764382191095547725e+00
3.729364682341170578e+00
3.694347173586792987e+00
3.659329664832416729e+00
3.606803401700850120e+00
3.536768384192096271e+00
3.449224612306152959e+00
3.326663331665832946e+00
3.221610805402701505e+00
3.099049524762381047e+00
2.976488244122061033e+00
2.853926963481740575e+00
2.731365682841421005e+00
2.661330665332666712e+00
2.766383191595797708e+00
2.713856928464231988e+00
2.626313156578289121e+00
2.556278139069535271e+00
2.486243121560780533e+00
2.416208104052026240e+00
2.363681840920460520e+00
2.328664332166082929e+00
2.276138069034517208e+00
2.241120560280140062e+00
2.206103051525762915e+00
2.171085542771385768e+00
2.153576788394197195e+00
2.136068034017008621e+00
2.118559279639820048e+00
2.118559279639820048e+00
2.101050525262631474e+00
2.101050525262631474e+00
2.101050525262631474e+00
2.136068034017008621e+00
2.223611805902951488e+00
2.258629314657328635e+00
2.258629314657328635e+00
2.258629314657328635e+00
2.258629314657328635e+00
2.258629314657328635e+00
2.258629314657328635e+00
2.258629314657328635e+00
2.241120560280140062e+00
2.206103051525762915e+00
2.171085542771385768e+00
2.118559279639820048e+00
2.066033016508253883e+00
2.013506753376688163e+00
1.978489244622311016e+00
1.943471735867934092e+00
1.925962981490745296e+00
1.908454227113556723e+00
1.908454227113556723e+00
1.908454227113556723e+00
1.978489244622311016e+00
2.013506753376688163e+00
2.031015507753877181e+00
2.048524262131065754e+00
2.083541770885442901e+00
2.118559279639820048e+00
2.188594297148574341e+00
2.276138069034517208e+00
2.433716858429214369e+00
2.696348174087043414e+00
2.976488244122061033e+00
3.134067033516758638e+00
3.239119559779890078e+00
3.274137068534267225e+00
3.291645822911455355e+00
3.291645822911455355e+00
3.309154577288644816e+00
3.291645822911455355e+00
3.291645822911455355e+00
3.309154577288644816e+00
6.880940470235117346e+00
6.635817908954477318e+00
6.355677838919459255e+00
6.093046523261631542e+00
5.865432716358179199e+00
5.742871435717859185e+00
5.655327663831916318e+00
5.602801400700350598e+00
5.550275137568783990e+00
5.515257628814406843e+00
5.480240120060030584e+00
5.445222611305653437e+00
2.731365682841421005e+00
2.731365682841421005e+00
2.731365682841421005e+00
2.731365682841421005e+00
2.731365682841421005e+00
2.731365682841421005e+00
2.731365682841421005e+00
2.713856928464231988e+00
2.591295647823911974e+00
2.591295647823911974e+00
2.608804402201100547e+00
2.643821910955478138e+00
2.678839419709855285e+00
2.696348174087043414e+00
2.731365682841421005e+00
2.748874437218609135e+00
2.801400700350175299e+00
2.836418209104552002e+00
2.888944472236118166e+00
2.941470735367683442e+00
3.011505752876438180e+00
3.081540770385193362e+00
3.134067033516758638e+00
3.204102051025512488e+00
3.256628314157078652e+00
3.309154577288644816e+00
3.379189594797398666e+00
3.396698349174587683e+00
3.274137068534267225e+00
3.256628314157078652e+00
3.291645822911455355e+00
3.326663331665832946e+00
3.379189594797398666e+00
3.431715857928964830e+00
3.484242121060530550e+00
3.554277138569284400e+00
3.624312156078039138e+00
3.711855927963982005e+00
3.799399699849925316e+00
3.869434717358679165e+00
3.921960980490245774e+00
3.991995997998999623e+00
4.027013506753376326e+00
4.062031015507754361e+00
4.062031015507754361e+00
4.062031015507754361e+00
4.044522261130564900e+00
4.027013506753376326e+00
4.027013506753376326e+00
4.009504752376188641e+00
3.974487243621811050e+00
3.939469734867433459e+00
3.886943471735868183e+00
3.851925962981490592e+00
3.816908454227113445e+00
3.781890945472735854e+00
3.729364682341170578e+00
3.694347173586792987e+00
3.641820910455227711e+00
3.589294647323661991e+00
3.536768384192096271e+00
3.449224612306152959e+00
3.326663331665832946e+00
3.204102051025512488e+00
3.046523261630815771e+00
2.888944472236118166e+00
2.731365682841421005e+00
2.626313156578289121e+00
2.608804402201100547e+00
2.556278139069535271e+00
2.486243121560780533e+00
2.433716858429214369e+00
2.381190595297649093e+00
2.346173086543271946e+00
2.311155577788894355e+00
2.293646823411706226e+00
2.258629314657328635e+00
2.241120560280140062e+00
2.223611805902951488e+00
2.223611805902951488e+00
2.206103051525762915e+00
2.206103051525762915e+00
2.188594297148574341e+00
2.188594297148574341e+00
2.171085542771385768e+00
2.171085542771385768e+00
2.153576788394197195e+00
2.171085542771385768e+00
2.206103051525762915e+00
2.223611805902951488e+00
2.241120560280140062e+00
2.241120560280140062e+00
2.258629314657328635e+00
2.258629314657328635e+00
2.293646823411706226e+00
2.328664332166082929e+00
2.433716858429214369e+00
2.643821910955478138e+00
3.046523261630815771e+00
3.274137068534267225e+00
3.291645822911455355e+00
3.239119559779890078e+00
3.186593296648323914e+00
3.134067033516758638e+00
3.081540770385193362e+00
3.029014507253626753e+00
2.976488244122061033e+00
2.906453226613307184e+00
2.748874437218609135e+00
2.678839419709855285e+00
2.643821910955478138e+00
2.608804402201100547e+00
2.591295647823911974e+00
2.573786893446723401e+00
2.556278139069535271e+00
2.538769384692346254e+00
2.538769384692346254e+00
2.538769384692346254e+00
2.538769384692346254e+00
2.538769384692346254e+00
2.556278139069535271e+00
2.573786893446723401e+00
2.573786893446723401e+00
2.591295647823911974e+00
2.591295647823911974e+00
2.608804402201100547e+00
2.626313156578289121e+00
2.608804402201100547e+00
2.503751875937968663e+00
2.486243121560780533e+00
2.486243121560780533e+00
2.486243121560780533e+00
2.503751875937968663e+00
2.503751875937968663e+00
2.521260630315157680e+00
2.538769384692346254e+00
2.556278139069535271e+00
2.573786893446723401e+00
2.608804402201100547e+00
2.626313156578289121e+00
2.661330665332666712e+00
2.678839419709855285e+00
2.713856928464231988e+00
2.748874437218609135e+00
2.783891945972986726e+00
2.836418209104552002e+00
2.888944472236118166e+00
2.923961980990494869e+00
2.853926963481740575e+00
2.871435717858929593e+00
2.941470735367683442e+00
3.011505752876438180e+00
3.099049524762381047e+00
3.169084542271136229e+00
3.239119559779890078e+00
3.309154577288644816e+00
3.361680840420210092e+00
3.431715857928964830e+00
3.484242121060530550e+00
3.536768384192096271e+00
3.571785892946473862e+00
3.606803401700850120e+00
3.641820910455227711e+00
3.676838419209605302e+00
3.694347173586792987e+00
3.711855927963982005e+00
3.711855927963982005e+00
3.729364682341170578e+00
3.746873436718359596e+00
3.746873436718359596e+00
3.729364682341170578e+00
3.694347173586792987e+00
3.659329664832416729e+00
3.606803401700850120e+00
3.554277138569284400e+00
3.466733366683341533e+00
3.379189594797398666e+00
3.274137068534267225e+00
3.134067033516758638e+00
2.993996998499250051e+00
2.853926963481740575e+00
2.713856928464231988e+00
2.591295647823911974e+00
2.486243121560780533e+00
2.416208104052026240e+00
2.346173086543271946e+00
2.293646823411706226e+00
2.276138069034517208e+00
2.381190595297649093e+00
2.363681840920460520e+00
2.328664332166082929e+00
2.293646823411706226e+00
2.258629314657328635e+00
2.241120560280140062e+00
2.223611805902951488e+00
2.223611805902951488e+00
2.206103051525762915e+00
2.206103051525762915e+00
2.206103051525762915e+00
2.188594297148574341e+00
2.188594297148574341e+00
2.188594297148574341e+00
2.171085542771385768e+00
2.153576788394197195e+00
2.153576788394197195e+00
2.136068034017008621e+00
2.136068034017008621e+00
2.136068034017008621e+00
2.206103051525762915e+00
2.241120560280140062e+00
2.241120560280140062e+00
2.241120560280140062e+00
2.241120560280140062e+00
2.241120560280140062e+00
2.241120560280140062e+00
2.241120560280140062e+00
2.241120560280140062e+00
2.223611805902951488e+00
2.223611805902951488e+00
2.223611805902951488e+00
2.206103051525762915e+00
2.206103051525762915e+00
2.188594297148574341e+00
2.171085542771385768e+00
2.153576788394197195e+00
2.118559279639820048e+00
2.066033016508253883e+00
2.048524262131065754e+00
2.101050525262631474e+00
2.066033016508253883e+00
2.031015507753877181e+00
1.995997998999499812e+00
1.960980490245122887e+00
1.960980490245122887e+00
1.960980490245122887e+00
1.960980490245122887e+00
1.978489244622311016e+00
2.013506753376688163e+00
2.048524262131065754e+00
2.083541770885442901e+00
2.171085542771385768e+00
2.276138069034517208e+00
2.416208104052026240e+00
2.678839419709855285e+00
3.064032016008003900e+00
3.326663331665832946e+00
3.431715857928964830e+00
3.466733366683341533e+00
2.941470735367683442e+00
6.688344172086043038e+00
6.898449224612305919e+00
6.950975487743872527e+00
6.950975487743872527e+00
6.880940470235117346e+00
6.758379189594797332e+00
6.530765382691344989e+00
6.233116558279139241e+00
5.970485242621311528e+00
5.795397698849424906e+00
5.690345172586293465e+00
5.620310155077539171e+00
5.550275137568783990e+00
5.515257628814406843e+00
5.462731365682842011e+00
5.427713856928463976e+00
5.392696348174086829e+00
5.340170085042521109e+00
5.270135067533766815e+00
5.200100050025012521e+00
5.147573786893446801e+00
2.783891945972986726e+00
2.783891945972986726e+00
2.783891945972986726e+00
2.801400700350175299e+00
2.818909454727364317e+00
2.836418209104552002e+00
2.853926963481740575e+00
2.853926963481740575e+00
2.871435717858929593e+00
2.888944472236118166e+00
2.906453226613307184e+00
2.923961980990494869e+00
2.958979489744872460e+00
2.976488244122061033e+00
3.011505752876438180e+00
3.046523261630815771e+00
3.081540770385193362e+00
3.081540770385193362e+00
2.976488244122061033e+00
2.976488244122061033e+00
3.011505752876438180e+00
3.046523261630815771e+00
3.081540770385193362e+00
3.116558279139569620e+00
3.151575787893947211e+00
3.186593296648323914e+00
3.221610805402701505e+00
3.239119559779890078e+00
3.291645822911455355e+00
3.344172086043021519e+00
3.396698349174587683e+00
3.449224612306152959e+00
3.536768384192096271e+00
3.606803401700850120e+00
3.676838419209605302e+00
3.746873436718359596e+00
3.816908454227113445e+00
3.869434717358679165e+00
3.851925962981490592e+00
3.869434717358679165e+00
3.886943471735868183e+00
3.886943471735868183e+00
3.886943471735868183e+00
3.886943471735868183e+00
3.886943471735868183e+00
3.886943471735868183e+00
3.886943471735868183e+00
3.886943471735868183e+00
3.886943471735868183e+00
3.886943471735868183e+00
3.886943471735868183e+00
3.869434717358679165e+00
3.869434717358679165e+00
3.851925962981490592e+00
3.834417208604302463e+00
3.816908454227113445e+00
3.781890945472735854e+00
3.746873436718359596e+00
3.729364682341170578e+00
3.641820910455227711e+00
3.536768384192096271e+00
3.379189594797398666e+00
3.221610805402701505e+00
3.046523261630815771e+00
2.871435717858929593e+00
2.731365682841421005e+00
2.626313156578289121e+00
2.538769384692346254e+00
2.468734367183591960e+00
2.416208104052026240e+00
2.381190595297649093e+00
2.346173086543271946e+00
2.311155577788894355e+00
2.258629314657328635e+00
2.241120560280140062e+00
2.206103051525762915e+00
2.188594297148574341e+00
2.171085542771385768e+00
2.188594297148574341e+00
2.171085542771385768e+00
2.153576788394197195e+00
2.136068034017008621e+00
2.118559279639820048e+00
2.118559279639820048e+00
2.101050525262631474e+00
2.101050525262631474e+00
2.101050525262631474e+00
2.083541770885442901e+00
2.083541770885442901e+00
2.083541770885442901e+00
2.083541770885442901e+00
2.083541770885442901e+00
2.083541770885442901e+00
2.083541770885442901e+00
2.083541770885442901e+00
2.101050525262631474e+00
2.101050525262631474e+00
2.118559279639820048e+00
2.171085542771385768e+00
2.206103051525762915e+00
2.206103051525762915e+00
2.223611805902951488e+00
2.241120560280140062e+00
2.241120560280140062e+00
2.241120560280140062e+00
2.258629314657328635e+00
2.241120560280140062e+00
2.206103051525762915e+00
2.206103051525762915e+00
2.241120560280140062e+00
2.258629314657328635e+00
2.258629314657328635e+00
2.258629314657328635e+00
2.241120560280140062e+00
2.241120560280140062e+00
2.241120560280140062e+00
2.258629314657328635e+00
2.241120560280140062e+00
2.171085542771385768e+00
2.153576788394197195e+00
2.171085542771385768e+00
2.188594297148574341e+00
2.223611805902951488e+00
2.241120560280140062e+00
2.276138069034517208e+00
2.293646823411706226e+00
2.311155577788894355e+00
2.328664332166082929e+00
2.346173086543271946e+00
2.381190595297649093e+00
2.398699349674837222e+00
2.416208104052026240e+00
2.433716858429214369e+00
2.433716858429214369e+00
2.451225612806403387e+00
2.451225612806403387e+00
2.468734367183591960e+00
2.451225612806403387e+00
2.381190595297649093e+00
2.363681840920460520e+00
2.381190595297649093e+00
2.398699349674837222e+00
2.416208104052026240e+00
2.416208104052026240e+00
2.433716858429214369e+00
2.451225612806403387e+00
2.451225612806403387e+00
2.468734367183591960e+00
2.468734367183591960e+00
2.468734367183591960e+00
2.486243121560780533e+00
2.486243121560780533e+00
2.486243121560780533e+00
2.503751875937968663e+00
2.503751875937968663e+00
2.521260630315157680e+00
2.521260630315157680e+00
2.521260630315157680e+00
2.451225612806403387e+00
2.451225612806403387e+00
2.468734367183591960e+00
2.503751875937968663e+00
2.521260630315157680e+00
2.556278139069535271e+00
2.591295647823911974e+00
2.626313156578289121e+00
2.678839419709855285e+00
2.731365682841421005e+00
2.783891945972986726e+00
2.853926963481740575e+00
2.923961980990494869e+00
3.011505752876438180e+00
3.099049524762381047e+00
3.169084542271136229e+00
3.256628314157078652e+00
3.344172086043021519e+00
3.414207103551776257e+00
3.466733366683341533e+00
3.484242121060530550e+00
3.536768384192096271e+00
3.589294647323661991e+00
3.624312156078039138e+00
3.659329664832416729e+00
3.676838419209605302e+00
3.694347173586792987e+00
3.694347173586792987e+00
3.711855927963982005e+00
3.694347173586792987e+00
3.694347173586792987e+00
3.676838419209605302e+00
3.641820910455227711e+00
3.606803401700850120e+00
3.554277138569284400e+00
3.501750875437719124e+00
3.414207103551776257e+00
3.291645822911455355e+00
3.151575787893947211e+00
3.064032016008003900e+00
3.186593296648323914e+00
3.064032016008003900e+00
2.888944472236118166e+00
2.748874437218609135e+00
2.608804402201100547e+00
2.521260630315157680e+00
2.433716858429214369e+00
2.381190595297649093e+00
2.328664332166082929e+00
2.293646823411706226e+00
2.258629314657328635e+00
2.223611805902951488e+00
2.206103051525762915e+00
2.188594297148574341e+00
2.171085542771385768e+00
2.153576788394197195e+00
2.153576788394197195e+00
2.136068034017008621e+00
2.136068034017008621e+00
2.153576788394197195e+00
2.223611805902951488e+00
2.241120560280140062e+00
2.241120560280140062e+00
2.241120560280140062e+00
2.241120560280140062e+00
2.223611805902951488e+00
2.223611805902951488e+00
2.206103051525762915e+00
2.206103051525762915e+00
2.188594297148574341e+00
2.171085542771385768e+00
2.171085542771385768e+00
2.153576788394197195e+00
2.153576788394197195e+00
2.153576788394197195e+00
2.136068034017008621e+00
2.153576788394197195e+00
2.153576788394197195e+00
2.153576788394197195e+00
2.188594297148574341e+00
2.276138069034517208e+00
2.293646823411706226e+00
2.293646823411706226e+00
2.293646823411706226e+00
2.276138069034517208e+00
2.276138069034517208e+00
2.276138069034517208e+00
2.258629314657328635e+00
2.258629314657328635e+00
2.241120560280140062e+00
2.206103051525762915e+00
2.171085542771385768e+00
2.136068034017008621e+00
2.083541770885442901e+00
2.031015507753877181e+00
1.995997998999499812e+00
1.960980490245122887e+00
1.943471735867934092e+00
1.925962981490745296e+00
1.943471735867934092e+00
1.995997998999499812e+00
1.995997998999499812e+00
2.013506753376688163e+00
2.031015507753877181e+00
2.048524262131065754e+00
2.083541770885442901e+00
2.118559279639820048e+00
2.171085542771385768e+00
2.223611805902951488e+00
2.293646823411706226e+00
2.398699349674837222e+00
2.521260630315157680e+00
2.678839419709855285e+00
2.871435717858929593e+00
3.029014507253626753e+00
3.151575787893947211e+00
3.256628314157078652e+00
3.326663331665832946e+00
3.291645822911455355e+00
3.309154577288644816e+00
6.898449224612305919e+00
6.810905452726363052e+00
6.618309154577289632e+00
6.250625312656327814e+00
5.497748874437218269e+00
5.305152576288143962e+00
5.252626313156578242e+00
5.217608804402201095e+00
5.165082541270635375e+00
5.130065032516258228e+00
5.077538769384692507e+00
5.007503751875937326e+00
4.919959979989995347e+00
4.797398699349674445e+00
4.569784892446222990e+00
3.606803401700850120e+00
3.326663331665832946e+00
3.204102051025512488e+00
3.116558279139569620e+00
2.993996998499250051e+00
2.801400700350175299e+00
2.748874437218609135e+00
2.748874437218609135e+00
2.748874437218609135e+00
2.748874437218609135e+00
2.748874437218609135e+00
2.748874437218609135e+00
2.766383191595797708e+00
2.766383191595797708e+00
2.766383191595797708e+00
2.766383191595797708e+00
2.766383191595797708e+00
2.766383191595797708e+00
2.766383191595797708e+00
2.766383191595797708e+00
2.766383191595797708e+00
2.766383191595797708e+00
2.766383191595797708e+00
2.766383191595797708e+00
2.731365682841421005e+00
2.661330665332666712e+00
2.643821910955478138e+00
2.661330665332666712e+00
2.661330665332666712e+00
2.678839419709855285e+00
2.696348174087043414e+00
2.731365682841421005e+00
2.766383191595797708e+00
2.818909454727364317e+00
2.871435717858929593e+00
2.923961980990494869e+00
2.976488244122061033e+00
3.046523261630815771e+00
3.099049524762381047e+00
3.151575787893947211e+00
3.186593296648323914e+00
3.239119559779890078e+00
3.274137068534267225e+00
3.309154577288644816e+00
3.326663331665832946e+00
3.291645822911455355e+00
3.309154577288644816e+00
3.344172086043021519e+00
3.379189594797398666e+00
3.396698349174587683e+00
3.431715857928964830e+00
3.466733366683341533e+00
3.484242121060530550e+00
3.519259629814907253e+00
3.554277138569284400e+00
3.589294647323661991e+00
3.624312156078039138e+00
3.659329664832416729e+00
3.694347173586792987e+00
3.729364682341170578e+00
3.746873436718359596e+00
3.746873436718359596e+00
3.729364682341170578e+00
3.711855927963982005e+00
3.694347173586792987e+00
3.676838419209605302e+00
3.606803401700850120e+00
3.501750875437719124e+00
3.396698349174587683e+00
3.256628314157078652e+00
3.116558279139569620e+00
2.976488244122061033e+00
2.853926963481740575e+00
2.731365682841421005e+00
2.643821910955478138e+00
2.573786893446723401e+00
2.503751875937968663e+00
2.468734367183591960e+00
2.416208104052026240e+00
2.381190595297649093e+00
2.346173086543271946e+00
2.328664332166082929e+00
2.311155577788894355e+00
2.293646823411706226e+00
2.293646823411706226e+00
2.311155577788894355e+00
2.311155577788894355e+00
2.293646823411706226e+00
2.276138069034517208e+00
2.258629314657328635e+00
2.241120560280140062e+00
2.223611805902951488e+00
2.206103051525762915e+00
2.206103051525762915e+00
2.188594297148574341e+00
2.171085542771385768e+00
2.171085542771385768e+00
2.153576788394197195e+00
2.153576788394197195e+00
2.153576788394197195e+00
2.136068034017008621e+00
2.136068034017008621e+00
2.136068034017008621e+00
2.118559279639820048e+00
2.136068034017008621e+00
2.171085542771385768e+00
2.171085542771385768e+00
2.171085542771385768e+00
2.153576788394197195e+00
2.136068034017008621e+00
2.118559279639820048e+00
2.101050525262631474e+00
2.083541770885442901e+00
2.066033016508253883e+00
2.066033016508253883e+00
2.048524262131065754e+00
2.031015507753877181e+00
2.031015507753877181e+00
2.013506753376688163e+00
2.013506753376688163e+00
2.013506753376688163e+00
2.013506753376688163e+00
2.031015507753877181e+00
2.031015507753877181e+00
2.066033016508253883e+00
2.136068034017008621e+00
2.171085542771385768e+00
2.188594297148574341e+00
2.188594297148574341e+00
2.206103051525762915e+00
2.223611805902951488e+00
2.241120560280140062e+00
2.241120560280140062e+00
2.258629314657328635e+00
2.258629314657328635e+00
2.258629314657328635e+00
2.258629314657328635e+00
2.276138069034517208e+00
2.276138069034517208e+00
2.276138069034517208e+00
2.276138069034517208e+00
2.258629314657328635e+00
2.258629314657328635e+00
2.258629314657328635e+00
2.276138069034517208e+00
2.241120560280140062e+00
2.223611805902951488e+00
2.188594297148574341e+00
2.171085542771385768e+00
2.136068034017008621e+00
2.101050525262631474e+00
2.083541770885442901e+00
2.066033016508253883e+00
2.048524262131065754e+00
2.048524262131065754e+00
2.066033016508253883e+00
2.066033016508253883e+00
2.083541770885442901e+00
2.083541770885442901e+00
2.101050525262631474e+00
2.118559279639820048e+00
2.136068034017008621e+00
2.153576788394197195e+00
2.188594297148574341e+00
2.188594297148574341e+00
2.153576788394197195e+00
2.171085542771385768e+00
2.206103051525762915e+00
2.223611805902951488e+00
2.241120560280140062e+00
2.258629314657328635e+00
2.276138069034517208e+00
2.293646823411706226e+00
2.311155577788894355e+00
2.311155577788894355e+00
2.328664332166082929e+00
2.328664332166082929e+00
2.328664332166082929e+00
2.346173086543271946e+00
2.346173086543271946e+00
2.363681840920460520e+00
2.363681840920460520e+00
2.363681840920460520e+00
2.381190595297649093e+00
2.346173086543271946e+00
2.293646823411706226e+00
2.293646823411706226e+00
2.293646823411706226e+00
2.293646823411706226e+00
2.311155577788894355e+00
2.311155577788894355e+00
2.328664332166082929e+00
2.328664332166082929e+00
2.346173086543271946e+00
2.346173086543271946e+00
2.363681840920460520e+00
2.363681840920460520e+00
2.363681840920460520e+00
2.381190595297649093e+00
2.381190595297649093e+00
2.398699349674837222e+00
2.398699349674837222e+00
2.416208104052026240e+00
2.433716858429214369e+00
2.416208104052026240e+00
2.363681840920460520e+00
2.363681840920460520e+00
2.381190595297649093e+00
2.398699349674837222e+00
2.416208104052026240e+00
2.451225612806403387e+00
2.468734367183591960e+00
2.503751875937968663e+00
2.538769384692346254e+00
2.591295647823911974e+00
2.643821910955478138e+00
2.696348174087043414e+00
2.748874437218609135e+00
2.818909454727364317e+00
2.888944472236118166e+00
2.976488244122061033e+00
3.064032016008003900e+00
3.134067033516758638e+00
3.204102051025512488e+00
3.256628314157078652e+00
3.274137068534267225e+00
3.309154577288644816e+00
3.379189594797398666e+00
3.431715857928964830e+00
3.466733366683341533e+00
3.519259629814907253e+00
3.554277138569284400e+00
3.589294647323661991e+00
3.624312156078039138e+00
3.641820910455227711e+00
3.659329664832416729e+00
3.676838419209605302e+00
3.676838419209605302e+00
3.659329664832416729e+00
3.624312156078039138e+00
3.571785892946473862e+00
3.466733366683341533e+00
3.326663331665832946e+00
3.134067033516758638e+00
3.064032016008003900e+00
3.239119559779890078e+00
3.099049524762381047e+00
2.923961980990494869e+00
2.766383191595797708e+00
2.643821910955478138e+00
2.538769384692346254e+00
2.468734367183591960e+00
2.416208104052026240e+00
2.363681840920460520e+00
2.328664332166082929e+00
2.293646823411706226e+00
2.258629314657328635e+00
2.241120560280140062e+00
2.223611805902951488e+00
2.188594297148574341e+00
2.171085542771385768e+00
2.171085542771385768e+00
2.153576788394197195e+00
2.136068034017008621e+00
2.153576788394197195e+00
2.206103051525762915e+00
2.223611805902951488e+00
2.223611805902951488e+00
2.223611805902951488e+00
2.223611805902951488e+00
2.223611805902951488e+00
2.223611805902951488e+00
2.223611805902951488e+00
2.223611805902951488e+00
2.223611805902951488e+00
2.241120560280140062e+00
2.241120560280140062e+00
2.241120560280140062e+00
2.241120560280140062e+00
2.241120560280140062e+00
2.241120560280140062e+00
2.223611805902951488e+00
2.223611805902951488e+00
2.206103051525762915e+00
2.223611805902951488e+00
2.276138069034517208e+00
2.276138069034517208e+00
2.258629314657328635e+00
2.223611805902951488e+00
2.206103051525762915e+00
2.206103051525762915e+00
2.188594297148574341e+00
2.171085542771385768e+00
2.171085542771385768e+00
2.153576788394197195e+00
2.153576788394197195e+00
2.171085542771385768e+00
2.171085542771385768e+00
2.171085542771385768e+00
2.171085542771385768e+00
2.188594297148574341e+00
2.188594297148574341e+00
2.188594297148574341e+00
2.188594297148574341e+00
2.223611805902951488e+00
2.311155577788894355e+00
2.311155577788894355e+00
2.311155577788894355e+00
2.293646823411706226e+00
2.276138069034517208e+00
2.136068034017008621e+00
1.803401700850425060e+00
5.182591295647823948e+00
1.925962981490745296e+00
2.013506753376688163e+00
2.083541770885442901e+00
2.136068034017008621e+00
2.171085542771385768e+00
2.206103051525762915e+00
2.223611805902951488e+00
2.241120560280140062e+00
2.241120560280140062e+00
2.258629314657328635e+00
2.258629314657328635e+00
2.276138069034517208e+00
2.311155577788894355e+00
2.328664332166082929e+00
2.328664332166082929e+00
2.328664332166082929e+00
2.346173086543271946e+00
2.346173086543271946e+00
2.346173086543271946e+00
2.346173086543271946e+00
2.346173086543271946e+00
2.346173086543271946e+00
2.346173086543271946e+00
2.346173086543271946e+00
2.346173086543271946e+00
2.346173086543271946e+00
2.346173086543271946e+00
2.346173086543271946e+00
2.346173086543271946e+00
2.346173086543271946e+00
2.346173086543271946e+00
2.363681840920460520e+00
2.363681840920460520e+00
2.363681840920460520e+00
2.363681840920460520e+00
2.363681840920460520e+00
2.363681840920460520e+00
2.363681840920460520e+00
2.363681840920460520e+00
2.363681840920460520e+00
2.363681840920460520e+00
2.363681840920460520e+00
2.363681840920460520e+00
2.363681840920460520e+00
2.363681840920460520e+00
