0
0.00100050721451904
0.00329305116108912
0.00587763183971023
0.00775424925038238
0.00992290339310556
0.0123835942678798
0.014136321874705
0.0161810862135813
0.0185178872845086
0.021146725087487
0.0230675996225163
0.0252805108895967
0.0277854588887282
0.0295824436199107
0.0316714650831442
0.0340525232784287
0.0367256182057643
0.038690749865151
0.0409479182565886
0.0434971233800773
0.046338365235617
0.0484716438232078
0.0508969591428496
0.0536143111945424
0.0566236999782863
0.0589251254940812
0.0615185877419271
0.0644040867218241
0.0675816224337721
0.0700511948777711
0.0728128040538212
0.0758664499619223
0.0782121326020744
0.0808498519742776
0.0837796080785318
0.087001400914837
0.0895152304831933
0.0923210967836006
0.0954189998160589
0.0978089395805683
0.100490916077129
0.10346492930574
0.106730979266403
0.109289065959116
0.112139189383881
0.115281349540696
0.117715546429563
0.120441780050481
0.123460050403449
0.126770357488469
0.12937270130554
0.132267081854661
0.135453499135834
0.137931953149058
0.140702443894333
0.143764971371659
0.146119535581036
0.148766136522464
0.151704774195943
0.154935448601473
0.157458159739054
0.160272907608686
0.163379692210369
0.165778513544103
0.168469371609889
0.171452266407725
0.174727197937612
0.177294166199551
0.18015317119354
0.18230421291958
0.184747291377672
0.187482406567814
0.189509558490008
0.191828747144252
0.194439972530548
0.196343234648894
0.198538533499292
0.201025869081741
0.20280524139624
0.204876650442791
0.207240096221393
0.208895578732046
0.210843097974749
0.213082653949504
0.21461424665631
0.216437876095167
0.218553542266075
0.220961245169034
0.222660984804044
0.224652761171105
0.226936574270217
0.228512424101381
0.230380310664595
0.23254023395986
0.233992193987176
0.235736190746543
0.237772224237962
0.239100294461431
0.240720401416952
0.242632545104523
0.244836725524145
0.246332942675819
0.248121196559543
0.250201487175319
0.251573814523146
0.253238178603023
0.255194579414952
0.256443016958932
0.257983491234962
0.259816002243044
0.261940549983177
0.263357134455361
0.265065755659596
0.267066413595882
0.269359108264218
0.270943839664607
0.272820607797046
0.274989412661536
0.277450254258077
0.279203132586669
0.281248047647312
0.283584999440006
0.286213987964751
0.288135013221548
0.290348075210395
0.292853173931293
0.295650309384243
0.297739481569243
0.300120690486294
0.302793936135397
0.30475921851655
0.307016537629755
0.30956589347501
0.312407286052317
0.315540715361675
0.317966181403083
0.320683684176543
0.323693223682054
0.326994799919616
0.329588412889228
0.332474062590892
0.335651749024607
0.339121472190373
0.34188323208819
0.344937028718058
0.348282862079977
0.351920732173947
0.354850638999968
0.35807258255804
0.361586562848163
0.364392579870337
0.367490633624563
0.370880724110839
0.374562851329166
0.378537015279544
0.381803215961974
0.385361453376454
0.389211727522985
0.392354038401568
0.395788386012201
0.399514770354886
0.402533191429622
0.405843649236408
0.409446143775246
0.413340675046134
0.416527243049074
0.420005847784065
0.423776489251107
0.426839167450199
0.430193882381343
0.433840634044538
0.437779422439784
0.441010247567081
0.444533109426429
0.448348008017828
0.451454943341278
0.454853915396779
0.458544924184331
0.462527969703934
0.465803051955588
0.469370170939293
0.47322932665505
0.476380519102857
0.479823748282715
0.483559014194625
0.486586316838585
0.489905656214596
0.493517032322659
0.496420445162772
0.499615894734937
0.503103381039152
0.506882904075419
0.509954463843737
0.513318060344105
0.515973693576525
0.518921363540996
0.522161070237517
0.52569281366609
0.528516593826714
0.531632410719389
0.535040264344115
0.537740154700892
0.54073208178972
0.544016045610599
0.546592046163529
0.54946008344851
0.552620157465542
0.555072268214625
0.557816415695759
0.560852599908944
0.563180820854181
0.565801078531468
0.568713372940806
0.570917704082195
0.573414071955636
0.576202476561127
0.57828291789867
0.580655395968263
0.583319910769908
0.586276462303603
0.58852505056935
0.591065675567147
0.593898337296996
0.596023035758896
0.598439770952846
0.601148542878848
0.603149351536901
0.605442196927005
0.608027079049159
0.609903997903365
0.612072953489622
0.61453394580793
0.616286974858289
0.618332040640699
0.62066914315516
0.623298282401673
0.625219458380236
0.62743267109085
0.629937920533515
0.632735206708231
0.635824529614998
0.639205889253817
0.641879285624686
0.644844718727606
0.648102188562578
0.6516516951296
0.654493238428674
0.657626818459798
0.661052435222974
0.6647700887182
0.667779778945478
0.671081505904807
0.674675269596186
0.678561070019617
0.681738907175099
0.685208781062631
0.688970691682215
0.69202463903385
0.695370623117536
0.699008643933273
0.702938701481061
0.7061607957609
0.70967492677279
0.713481094516731
0.717579298992723
0.720969540200766
0.72465181814086
0.728626132813005
0.731892484217201
0.735450872353449
0.739301297221747
0.743443758822096
0.746878257154497
0.750604792218948
0.75462336401545
0.758933972544004
0.762536617804608
0.766431299797264
0.77061801852197
0.775096773978728
0.778867566167537
0.782930395088396
0.787285260741307
0.790932163126269
0.794871102243281
0.799102078092345
0.80362509067346
0.807440139986626
0.811547226031843
0.815946348809111
0.81963750831843
0.8236207045598
0.827895937533221
0.832463207238693
0.836322513676216
0.84047385684579
0.844917236747415
0.848652653381091
0.852680106746819
0.856999596844597
0.860611123674426
0.864514687236307
0.868710287530238
0.87319792455622
0.876977598314254
0.881049308804338
0.885413056026474
0.88906883998066
0.893016660666898
0.897256518085187
0.900788412235526
0.904612343117917
0.908728310732359
0.912136315078851
0.915836356157395
0.91982843396799
0.923112548510636
0.926688699785333
0.930556887792081
0.93371711253088
0.93716937400173
0.940913672204631
0.943950007139583
0.947278378806586
0.95089878720564
0.954811232336745
0.958015714199901
0.961512232795109
0.965300788122367
0.968381380181676
0.971754008973037
0.975418674496448
0.97837537675191
0.981624115739424
0.985164891458988
0.987997703910604
0.99112255309427
0.994539439009988
0.998248361657756
1.00124932103758
1.00454231714945
1.00812734999337
1.01100441956934
1.01417352587736
1.01763466891744
1.02138784868957
1.02443306519374
1.02777031842997
1.03139960839825
1.03432093509858
1.03753429853096
1.04103969869539
1.04483713559188
1.04792660922041
1.051308119581
1.05498166667363
1.05894725049832
1.06220487105506
1.06575452834385
1.06959622236469
1.07272995311758
1.07615572060252
1.07987352481951
1.08388336576856
1.08718524344965
1.0907791578628
1.094665109008
1.09884309688525
1.10231312149455
1.1060751828359
1.1101292809093
1.11347541571475
1.11711358725225
1.12104379552181
1.12526604052342
1.12878032225707
1.13258664072278
1.13668499592054
1.14107538785035
1.14475781651221
1.14873228190612
1.15299878403209
1.1565573228901
1.16040789848016
1.16455051080228
1.16898515985645
1.17271184564267
1.17673056816094
1.18104132741126
1.18464412339363
1.18853895610805
1.19272582555452
1.19620473173305
1.19997567464362
1.20403865428625
1.20839367066093
1.21204072376766
1.21597981360644
1.22021094017727
1.22373410348015
1.22754930351508
1.23165654028206
1.2360558137811
1.23974712401218
1.24373047097532
1.24800585467051
1.25157327509775
1.25543273225704
1.25958422614838
1.26302775677177
1.26676332412721
1.27079092821471
1.27511056903425
1.27872224658585
1.2826259608695
1.28682171188519
1.29030949963294
1.29408932411274
1.2981611853246
1.3015250832685
1.30518101794445
1.30912898935246
1.31236899749251
1.31590104236462
1.31972512396878
1.32284124230498
1.32624939737324
1.32994958917355
1.33294181770592
1.33622608297033
1.33980238496679
1.34367072369531
1.34683109915587
1.35028351134849
1.35402796027316
1.35706444592988
1.36039296831865
1.36401352743947
1.36692612329234
1.37013075587726
1.37362742519424
1.37641613124326
1.37949687402434
1.38286965353746
1.38553446978264
1.38849132275987
1.39174021246915
1.39428113891048
1.39711410208387
1.4002391019893
1.40265613862678
1.40536521199632
1.40836632209791
1.41165946893154
1.41424465249723
1.41712187279497
1.42029112982476
1.4227524235866
1.4255057540805
1.42855112130644
1.43088852526444
1.43351796595448
1.43643944337658
1.43865295753073
1.44115850841693
1.44395609603518
1.44704572038548
1.44942738146783
1.45210107928223
1.45406681382869
1.45632458510719
1.45887439311775
1.46171623786035
1.46385011933501
1.46627603754172
1.46899399248048
1.47200398415129
1.47430601255416
1.47690007768907
1.47978617955603
1.48196431815505
1.48443449348612
1.48719670554923
1.4902509543444
1.49359723987162
1.49623556213089
1.49916592112221
1.50238831684559
1.50490274930101
1.50770921848849
1.51080772440801
1.51419826705959
1.51688084644322
1.51985546255889
1.52312211540662
1.52568080498641
1.52853153129824
1.53167429434212
1.53510909411805
1.53783593062604
1.54085480386608
1.54416571383816
1.5467686605423
1.54966364397849
1.55285066414673
1.55632972104702
1.55910081467936
1.56216394504376
1.5655191121402
1.5681663159687
1.57110555652924
1.57433683382184
1.57786014784649
1.58067549860319
1.58378288609194
1.58718231031274
1.5898737712656
1.5928572689505
1.59613280336745
1.59970037451646
1.60255998239752
1.60571162701062
1.60915530835578
1.61289102643299
1.61591878124225
1.61923857278357
1.62285040105693
1.62575426606234
1.62895016779981
1.63243810626932
1.63521808147089
1.63829009340451
1.64165414207018
1.6453102274679
1.64825834959767
1.65149850845949
1.65503070405337
1.65785493637929
1.66097120543727
1.66437951122729
1.66707985374937
1.6700722330035
1.67335664898968
1.67693310170791
1.67980159115819
1.68296211734052
1.68541468025491
1.68815927990134
1.69019591627983
1.69252458939037
1.69514529923295
1.69705804580759
1.69926282911428
1.70175964915302
1.70354850592382
1.70562939942666
1.70700232966155
1.7086672966285
1.71062430032749
1.71287334075854
1.71441441792164
1.71624753181679
1.71837268244399
1.72078986980324
1.72249909389454
1.7245003547179
1.7267936522733
1.72837898656076
1.73025635758026
1.73242576533182
1.73488720981543
1.73664069103109
1.7386862089788
1.74002376365856
1.74165335507037
1.74357498321424
1.74578864809015
1.74729434969812
1.74909208803813
1.7511818631102
1.75356367491432
1.75523752345049
1.75720340871871
1.75946133071898
1.76101128945131
1.76285328491568
1.76498731711211
1.76641338604058
1.76813149170111
1.77014163409369
1.77244381321832
1.774038029075
1.77592428166373
1.77810257098451
1.77957289703734
1.78133525982223
1.78338965933916
1.78573609558815
1.78837456856919
1.79030507828228
1.79252762472742
1.79504220790461
1.79684882781385
1.79894748445514
1.80133817782848
1.80402090793388
1.80599567477133
1.80826247834082
1.81082131864237
1.81267219567597
1.81481510944162
1.81725005993932
1.81997704716907
1.82299607113088
1.82530713182473
1.82791022925063
1.83080536340859
1.8329925342986
1.83547174192066
1.83824298627477
1.84130626736093
1.84366158517914
1.8463089397294
1.84924833101171
1.85247975902608
1.85500322377249
1.85781872525096
1.86092626346148
1.86332583840404
1.86601745007866
1.86900109848534
1.87127678362406
1.87384450549483
1.87670426409765
1.87985605943253
1.88229989149945
1.88503576029843
1.88806366582946
1.89138360809254
1.89399558708767
1.89689960281485
1.90009565527408
1.90258374446536
1.9053638703887
1.90843603304408
1.91180023243152
1.91445646855101
1.91740474140254
1.92064505098613
1.92317739730177
1.92600178034947
1.92911820012921
1.932526656641
1.93522714988485
1.93821967986074
1.94150424656869
1.94408085000868
1.94694949018073
1.95011016708483
1.95256288072098
1.95530763108919
1.95834441818944
1.96067324202174
1.9632941025861
1.9662069998825
1.96841193391096
1.97090890467147
1.97369791216403
1.97577895638864
1.9781520373453
1.98081715503401
1.98377430945477
1.98602350060759
1.98856472849245
1.99139799310937
1.99352329445834
1.99594063253935
1.99865000735242
2.00165141889754
2.00394486717471
2.00653035218394
2.00940787392521
2.01157743239853
2.01403902760391
2.01679265954134
2.01883832821081
2.02117603361234
2.02380577574592
2.02672755461155
2.02894137020923
2.03144722253897
2.03424511160075
2.03633503739459
2.03871699992047
2.04139099917841
2.0433570351684
2.04561510789044
2.04816521734453
2.05100736353067
2.05314154644886
2.0555677660991
2.0582860224814
2.06029631559574
2.06259864544214
2.06519301202059
2.06807941533108
2.07025785537363
2.07272833214823
2.07549084565488
2.07754539589359
2.07989198286434
2.08253060656714
2.085461267002
2.08868396416891
2.09119869806786
2.09400546869887
2.09710427606193
2.09949512015704
2.1021780009842
2.10515291854342
2.10841987283468
2.110978863858
2.11382989161336
2.11697295610078
2.12040805732025
2.12313519527176
2.12615436995533
2.12946558137096
2.13306882951863
2.13596411439835
2.13915143601012
2.14263079435395
2.14640218942983
2.14946562123775
2.15282108977773
2.15646859504976
2.15940813705384
2.16263971578997
2.16616333125815
2.16997898345839
2.17308667239067
2.17648639805501
2.18017816045139
2.18416195957983
2.18743779544032
2.19100566803286
2.19486557735745
2.19801752341409
2.20146150620279
2.20519752572353
2.20922558197632
2.21254567496117
2.21615780467807
2.22006197112701
2.22425817430801
2.22774641422106
2.23152669086616
2.23559900424332
2.23896335435252
2.24261974119377
2.24656816476708
2.25080862507243
2.25434112210984
2.2581656558793
2.26228222638081
2.26569083361437
2.26939147757998
2.27338415827764
2.27666887570736
2.28024562986912
2.28411442076294
2.2882752483888
2.29172811274672
2.29547301383669
2.29950995165871
2.30283892621278
2.3064599374989
2.31037298551707
2.3135780702673
2.31707519174957
2.3208643499639
2.32494554491027
2.3283187765887
2.33198404499918
2.33594135014171
2.33919069201629
2.34273207062292
2.34656548596161
2.35069093803234
2.35410842683513
2.35781795236996
2.36181951463685
2.36511311363579
2.36869874936678
2.37257642182982
2.37574613102491
2.37920787695205
2.38296165961124
2.38600747900249
2.38934533512578
2.39297522798113
2.39689715756853
2.40011112388798
2.40361712693948
2.40741516672303
2.41050524323863
2.41388735648628
2.41756150646599
2.42152769317774
2.42478591662155
2.4283361767974
2.43217847370531
2.43631280734527
2.43973917771728
2.44345758482134
2.44746802865745
2.45077050922562
2.45436502652583
2.45825158055809
2.46143017132241
2.46490079881878
2.4686634630472
2.47171816400766
2.47506490170019
2.47870367612476
2.48263448728138
2.48585733517005
2.48937221979078
2.49317914114355
2.49627809922838
2.49966909404526
2.50335212559418
2.50732719387516
2.51059429888819
2.51415344063328
2.51800461911041
2.52114783431959
2.52458308626083
2.52831037493411
2.53232970033945
2.53564106247684
2.53924446134628
2.54313989694777
2.54632736928131
2.5498068783469
2.55357842414454
2.55764200667424
2.56099762593598
2.56464528192978
2.56858497465562
2.57181670411352
2.57534047030347
2.57915627322547
2.58326411287952
2.58666398926563
2.59035590238378
2.59433985223398
2.59761583881624
2.60118386213055
2.6050439221769
2.60919601895531
2.61264015246577
2.61637632270828
2.62040452968284
2.62372477338946
2.62733705382812
2.63124137099883
2.6344377249016
2.63792611553642
2.64170654290329
2.6457790070022
2.64914350783317
2.65280004539619
2.65674861969127
2.66098923071839
2.66452187847756
2.66834656296879
2.67246328419206
2.67587204214739
2.67957283683477
2.6835656682542
2.68685053640568
2.69042744128921
2.69429638290479
2.69745736125243
2.70091037633211
2.70465542814385
2.70769251668763
2.71102164196347
2.71464280397136
2.7185560027113
2.72176123818329
2.72525851038733
2.72904781932342
2.73212916499157
2.73550254739176
2.73916796652401
2.7431254223883
2.74637491498465
2.74991644431305
2.7537500103735
2.756875613166
2.76029325269055
2.76400292894716
2.76800464193581
2.77129839165652
2.77488417810927
2.77876200129408
2.78193186121094
2.78539375785985
2.78914769124081
2.79219366135382
2.79553166819888
2.79916171177599
2.80208379208516
2.80529790912637
2.80880406289964
2.81160225340496
2.81469248064233
2.81807474461174
2.82074904531322
2.82371538274674
2.82697375691231
2.83052416780993
2.83336661543961
2.83650109980133
2.83992762089511
2.84264617872094
2.84565677327882
2.84895940456875
2.85255407259073
2.85544077734476
2.85861951883084
2.86209029704898
2.86585311199916
2.8689079636814
2.87225485209568
2.87589377724202
2.87982473912041
2.88304773773085
2.88656277307334
2.89036984514789
2.89346895395448
2.89686009949312
2.90054328176382
2.90351850076657
2.90678575650136
2.91034504896821
2.91419637816711
2.91733974409806
2.92077514676106
2.92450258615612
2.92752206228322
2.93083357514237
2.93443712473358
2.93833271105684
2.94152033411215
2.9449999938995
2.94877169041891
2.95183542367037
2.95519119365389
2.95883900036945
2.96177884381706
2.96501072399673
2.96853464090844
2.97235059455221
2.97545858492803
2.9788586120359
2.98255067587582
2.98553477644779
2.98881091375181
2.99237908778789
2.99523929855601
2.99839154605619
3.00183583028841
3.00557215125269
3.00860050894902
3.0119209033774
3.01553333453783
3.01843780243031
3.02163430705484
3.02512284841143
3.02890342650006
3.03197604132075
3.03534069287348
3.03899738115827
3.04194610617511
3.045186867924
3.04871966640494
3.05154450161793
3.05466137356298
3.05807028224007
3.06177122764921
3.06476420979041
3.06804922866366
3.07162628426896
3.0754953766063
3.0786565056757
3.08210967147716
3.08585487401066
3.08889211327621
3.09222138927382
3.09584270200347
3.09975605146518
3.10296143765893
3.10645886058474
3.1102483202426
3.11332981663251
3.11670334975447
3.12036891960849
3.12332652619455
3.12657616951267
3.13011784956283
3.13395156634505
3.13707731985932
3.14049511010563
3.144204937084
3.14720680079443
3.1505007012369
3.15408663841142
3.15796461231799
3.16113462295662
3.1645966703273
3.16835075443002
3.1723968752648
3.17573503283163
3.17936522713051
3.18328745816144
3.18650172592442
3.19000803041946
3.19380637164654
3.19689674960568
3.20027916429686
3.2039536157201
3.20792010387539
3.21117862876273
3.21472919038212
3.21857178873356
3.22170642381705
3.2251330956326
3.22885180418019
3.23186254945984
3.23516533147153
3.23876015021528
3.24164700569108
3.24482589789893
3.24829682683883
3.25105979251078
3.25411479491479
3.25746183405084
3.26010090991895
3.2630320225191
3.26625517185131
3.26977035791557
3.27257758071188
3.27567684024024
3.27906813650065
3.28175146949311
3.28472683921762
3.28799424567419
3.2905536888628
3.29340516878347
3.29654868543619
3.29898423882096
3.30171182893777
3.30473145578665
3.30804311936757
3.31064681968054
3.31354255672556
3.31573033050264
3.31821014101176
3.32098198825294
3.32404587222617
3.32640179293145
3.32904975036878
3.33198974453816
3.33422177543959
3.33674584307307
3.33956194743861
3.34167008853619
3.34407026636583
3.34676248092752
3.34974673222125
3.35202302024704
3.35459134500488
3.35745170649477
3.35960410471672
3.36204853967071
3.36478501135675
3.36681351977485
3.369134064925
3.37174664680719
3.37465126542144
3.37684792076774
3.37933661284609
3.38211734165649
3.38419010719895
3.38655490947345
3.38921174848
3.39216062421861
3.39440153668927
3.39693448589197
3.39975947182673
3.40287649449354
3.4052855538924
3.40798665002332
3.41097978288628
3.41426495248129
3.41684215880836
3.41971140186747
3.42287268165864
3.42632599818186
3.42907135143713
3.43210874142445
3.43543816814382
3.43805963159524
3.44097313177871
3.44417866869424
3.44767624234181
3.45046585272144
3.45354749983312
3.45692118367685
3.45958690425263
3.46254466156046
3.46579445560034
3.46933628637227
3.47217015387625
3.47529605811229
3.47871399908037
3.48142397678051
3.4844259912127
3.48772004237694
3.49130613027323
3.49418425490157
3.49735441626196
3.5008166143544
3.5035708491789
3.50661712073544
3.50995542902404
3.51358577404469
3.51650815579738
3.51972257428213
3.52322902949893
3.52602752144778
3.52911805012869
3.53250061554164
3.53517521768664
3.5381418565637
3.54140053217281
3.54495124451396
3.54779399358717
3.55092877939243
3.55435560192974
3.5580744611991
3.56108535720052
3.56438828993398
3.56798325939949
3.57087026559706
3.57404930852668
3.57752038818834
3.58028350458206
3.58333865770783
3.58668584756565
3.59032507415553
3.59325633747745
3.59647963753142
3.59999497431745
3.60280234783552
3.60590175808565
3.60929320506783
3.61197668878206
3.61495220922834
3.61821976640667
3.62177936031705
3.62463099095948
3.62777465833397
3.6312103624405
3.63393810327909
3.63695788084973
3.64026969515242
3.64287354618716
3.64576943395395
3.64895735845279
3.65243731968368
3.65520931764662
3.65827335234162
3.66162942376866
3.66427753192776
3.66721767681891
3.67044985844211
3.67397407679736
3.67679033188466
3.67989862370401
3.68329895225541
3.68599131753887
3.68897571955437
3.69225215830193
3.69482063378153
3.69768114599319
3.7008336949369
3.70427828061266
3.70701490302047
3.71004356216034
3.71336425803225
3.71697699063621
3.71988175997223
3.7230785660403
3.72656740884041
3.72934828837258
3.7324212046368
3.73578615763307
3.73944314736139
3.74239217382177
3.74563323701419
3.74916633693866
3.75299147359519
3.75610864698377
3.75951785710439
3.76321910395707
3.7662123875418
3.76949770785858
3.77307506490742
3.7769444586883
3.78010588920123
3.78355935644622
3.78730486042325
3.79034240113234
3.79367197857348
3.79729359274667
3.80020724365191
3.8034129312892
3.80691065565854
3.81070041675993
3.81378221459338
3.81715604915887
3.82082192045642
3.82477982848602
3.82802977324767
3.83157175474137
3.83540577296712
3.83853182792492
3.84194991961477
3.84566004803667
3.84966221319063
3.85295641507663
3.85654265369469
3.8604209290448
3.86359124112696
3.86705358994117
3.87080797548743
3.87485439776574
3.8781928567761
3.88182335251852
3.88574588499298
3.8889604541995
3.89246706013807
3.89626570280868
3.90035638221135
3.90373909834607
3.90741385121284
3.91138064081167
3.91463946714254
3.91819033020546
3.92203323000044
3.92616816652747
3.92959513978654
3.93331414977767
3.93732519650085
3.94062827995608
3.94422340014336
3.9481105570627
3.95228975071408
3.95576098109751
3.959524248213
3.96357955206054
3.96692689264012
3.97056626995176
3.97449768399545
3.97872113477119
3.98223662227899
3.98604414651883
3.99014370749072
3.99353530519467
3.99721893963066
4.00119461079871
4.00446231869881
4.00802206333096
4.01187384469516
4.01501766279141
4.01845351761971
4.02218140918006
4.02620133747247
4.02951330249692
4.03311730425343
4.03701334274199
4.04020141796259
4.04368152991525
4.04745367859996
4.05151786401673
4.05487408616554
4.0585223450464
4.06246264065932
4.06569497300428
4.0692193420813
4.07303574789037
4.07614419043148
4.07954466970465
4.08323718570987
4.08722173844715
4.09049832791647
4.09406695411784
4.09792761705127
4.10108031671674
4.10452505311427
4.10826182624385
4.11129063610548
4.11461148269916
4.11822436602489
4.12112928608267
4.1243262428725
4.12781523639439
4.13159626664832
4.13466933363431
4.13803443735235
4.14169157780244
4.14564075498458
4.14888196889877
4.15241521954501
4.1562405069233
4.16035783103364
4.16376719187604
4.16746858945048
4.17146202375698
4.17574749479553
4.17932500256613
4.18319454706878
4.18735612830348
4.19080974627023
4.19455540096903
4.19859309239989
4.20292282056279
4.20654458545775
4.21045838708476
4.21466422544382
4.21816210053492
4.22195201235809
4.2260339609133
4.22940794620056
4.23307396821987
4.23703202697124
4.24128212245465
4.24482425467012
4.24865842361764
4.25278462929721
4.25620287170883
4.2599131508525
4.26391546672822
4.26820981933599
4.27279620867581
4.27667463474769
4.28084509755161
4.28530759708759
4.28906213335562
4.2931087063557
4.29744731608783
4.30107796255201
4.30500064574824
4.30921536567652
4.31372212233686
4.31752091572924
4.32161174585368
4.32599461271016
4.3296695162987
4.33363645661929
4.33789543367193
4.34244644745662
4.34628949797337
4.35042458522216
4.354851709203
4.3585708699159
4.36258206736084
4.36688530153784
4.37048057244689
4.37436788008799
4.37854722446114
4.38201860556634
4.38578202340359
4.3898374779729
4.39418496927425
4.39782449730766
4.40175606207311
4.40597966357062
4.40949530180018
4.41330297676179
4.41740268845545
4.42079443688116
4.42447822203892
4.42845404392874
4.4327219025506
4.43628179790452
4.44013372999049
4.4442776988085
4.44771370435857
4.45144174664069
4.45546182565486
4.45977394140109
4.46337809387936
4.46727428308968
4.47146250903206
4.47494277170648
4.47871507111296
4.48277940725149
4.48613578012207
4.4897841897247
4.49372463605938
4.49695711912611
4.50048163892489
4.50429819545573
4.50740678871862
4.51080741871355
4.51450008544054
4.51848478889958
4.52176152909067
4.52533030601381
4.529191119669
4.53234397005624
4.53578885717554
4.53952578102688
4.54355474161028
4.54687573892572
4.55048877297322
4.55439384375277
4.55759095126437
4.56108009550802
4.56486127648372
4.56793449419147
4.57129974863128
4.57495703980313
4.57890636770704
4.582147732343
4.58568113371101
4.58950657181106
4.59262404664317
4.59603355820734
4.59973510650355
4.60372869153181
4.60701431329213
4.61059197178449
4.61346166700891
4.61662339896538
4.62007716765389
4.62382297307446
4.62686081522708
4.63019069411176
4.63381260972848
4.63672656207725
4.63993255115808
4.64343057697095
4.64722063951588
4.65030273879286
4.65367687480189
4.65734304754297
4.6603012570161
4.66355150322128
4.66709378615851
4.6699281058278
4.67305446222913
4.67647285536252
4.67918328522795
4.68218575182544
4.68548025515498
4.68906679521657
4.69194537201021
4.69511598553591
4.69857863579365
4.70133332278344
4.70438004650529
4.70771880695919
4.71034960414513
4.71327243806313
4.71648730871318
4.71899421609528
4.72179316020943
4.72488414105564
4.72826715863389
4.73094221294419
4.73390930398655
4.73716843176096
4.73971959626742
4.74256279750592
4.74569803547648
4.74812531017909
4.75084462161376
4.75385596978047
4.75715935467923
4.75975477631005
4.76264223467292
4.76582172976783
4.7682932615948
4.77105683015382
4.77411243544489
4.77646007746801
4.77909975622318
4.78203147171041
4.78425522392968
4.78677101288101
4.78957883856438
4.79167870097981
4.79407060012729
4.79675453600682
4.7997305086184
4.80199851796203
4.80455856403771
4.80741064684545
4.80955476638523
4.81199092265707
4.81471911566096
4.81773934539689
4.82005161186488
4.82265591506492
4.82555225499701
4.82774063166116
4.83022104505735
4.83299349518559
4.83505798204589
4.83741450563823
4.84006306596263
4.84300366301908
4.84623629680758
4.84876096732813
4.85157767458073
4.85468641856538
4.85808719928209
4.86078001673084
4.86376487091165
4.86704176182451
4.86961068946941
4.87247165384637
4.87562465495538
4.87806969279644
4.88080676736955
4.88383587867472
4.88615702671193
4.8887702114812
4.89167543298251
4.89487269121588
4.8983619861813
4.90114331787877
4.90421668630829
4.90758209146986
4.91023953336348
4.91318901198915
4.91643052734688
4.91996407943665
4.92278966825848
4.92590729381236
4.92831695609829
4.93101865511627
4.9340123908663
4.93629816334838
4.93887597256251
4.9417458185087
4.94390770118693
4.94636162059722
4.94910757673955
4.95114556961394
4.95347559922038
4.95609766555887
4.95901176862941
4.961217908432
4.96371608496665
4.96650629823334
4.96858854823208
4.97096283496288
4.97362915842573
4.97558751862063
4.97783791554757
4.98038034920658
4.98321481959763
4.98634132672073
4.98875987057588
4.99147045116309
4.99447306848234
4.99676772253365
4.99935441331701
5.00223314083242
5.00440390507987
5.00686670605939
5.00962154377095
5.01166841821456
5.01400732939022
5.01663827729794
5.0195612619377
5.02277628330952
5.02528334141339
5.02808243624931
5.03117356781728
5.0335567361173
5.03623194114937
5.03919918291349
5.04145846140967
5.04400977663789
5.04685312859817
5.0489885172905
5.05141594271487
5.0541354048713
5.05614690375978
5.05845043938031
5.0610460117329
5.06393362081753
5.06611326663421
5.06858494918295
5.07134866846374
5.07340442447657
5.07575221722146
5.0783920466984
5.08032391290739
5.08254781584843
5.08506375552153
5.08787173192667
5.08997174506386
5.09236379493311
5.09504788153441
5.09702400486775
5.09929216493315
5.1018523617306
5.1037045952601
5.10584886552166
5.10828517251526
5.11001351624091
5.11203389669862
5.11434631388837
5.11595076781018
5.11784725846404
5.12003578584995
5.12151634996791
5.12328895081792
5.12535358839998
5.12771026271409
5.12935897376026
5.13129972153847
5.13353250604874
5.13605732729106
5.13787418526543
5.13998307997185
5.14238401141032
5.14407697958084
5.14606198448341
5.14833902611803
5.15090810448471
5.15376921958343
5.15592237141421
5.15836755997704
5.16110478527191
5.16313404729884
5.16545534605782
5.16806868154886
5.17097405377194
5.17317146272707
5.17566090841426
5.17844239083349
5.18151590998478
5.18388146586812
5.18653905848351
5.18948868783095
5.19173035391044
5.19426405672198
5.19708979626557
5.20020757254122
5.20261738554891
5.20531923528866
5.20831312176046
5.2105990449643
5.2131770049002
5.21604700156815
5.21920903496815
5.22166310510021
5.22440921196431
5.22744735556047
5.22977753588867
5.23239975294893
5.23531400674123
5.23852029726559
5.241018624522
5.24380898851046
5.24689138923098
5.24926582668354
5.25193230086815
5.25489081178482
5.25714135943353
5.2596839438143
5.26251856492712
5.26564522277199
5.26806391734891
5.27077464865788
5.2737774166989
5.27607222147197
5.2786590629771
5.28153794121427
5.2837088561835
5.28617180788478
5.28892679631811
5.29197382148349
5.29431288338092
5.2969439820104
5.29986711737193
5.30208228946551
5.30458949829115
5.30738874384883
5.30948002613857
5.31186334516036
5.3145387009142
5.31750609340009
5.31976552261803
5.32231698856802
5.32516049125006
5.32729603066416
5.3297236068103
5.3324432196885
5.33445486929874
5.33675855564104
5.33935427871539
5.34124203852179
5.34342183506024
5.34589366833074
5.3476575383333
5.3497134450679
5.35206138853456
5.35370136873326
5.35563338566402
5.35785743932683
5.35937352972169
5.3611816568486
5.36328182070756
5.36567402129857
5.36735825862164
5.36933453267675
5.37160284346392
5.37416319098313
5.3760155752344
5.37815999621772
5.38059645393309
5.38232494838051
5.38434547955998
5.38665804747151
5.38826265211508
5.3901592934907
5.39234797159838
5.39482868643811
5.39660143800989
5.39866622631371
5.4010230513496
5.40367191311753
5.40561281161751
5.40784574684954
5.41037071881363
5.41318772750976
5.41529677293795
5.41769785509819
5.42039097399048
5.42237612961481
5.42465332197121
5.42722255105965
5.43008381688014
5.43323711943268
5.43568245871728
5.43841983473392
5.44144924748262
5.44377069696337
5.44638418317617
5.44928970612101
5.45248726579791
5.45497686220687
5.45775849534787
5.46083216522092
5.46419787182603
5.46685561516318
5.46980539523239
5.47304721203365
5.47558106556696
5.47840695583232
5.48152488282973
5.48493484655919
5.4876368470207
5.49063088421427
5.49391695813988
5.49649506879755
5.49936521618726
5.50252740030903
5.50598162116285
5.50872787874872
5.51176617306664
5.51509650411661
5.51871887189864
5.52163327641271
5.52483971765884
5.52833819563701
5.53212871034724
5.53521126178952
5.53858584996385
5.54225247487023
5.54521113650866
5.54846183487915
5.55200456998168
5.55583934181626
5.5589661503829
5.56238499568159
5.56609587771233
5.56909879647511
5.57239375196995
5.57598074419685
5.57985977315579
5.58303083884678
5.58649394126983
5.59024908042492
5.59329625631207
5.59663546893126
5.60026671828251
5.60319000436581
5.60640532718116
5.60991268672856
5.61271208300802
5.61580351601952
5.61918698576307
5.62186249223868
5.62483003544634
5.62808961538604
5.6316412320578
5.63448488546161
5.63762057559747
5.64104830246539
5.64376806606535
5.64677986639736
5.65008370346143
5.65267957725754
5.65556748778571
5.65874743504593
5.6622194190382
5.66498343976252
5.66803949721889
5.67138759140731
5.67402772232778
5.67695988998031
5.68018409436488
5.68270033548151
5.68550861333019
5.68860892791092
5.6920012792237
5.69468566726853
5.69766209204541
5.70093055355434
5.70349105179532
5.70634358676836
5.70948815847344
5.71192476691058
5.71465341207977
5.71767409398101
5.7209868126143
5.72359156797964
5.72648836007703
5.72967718890647
5.73215805446797
5.73493095676151
5.73799589578711
5.74135287154475
5.74400188403445
5.7469429332562
5.75017601921
5.75270114189585
5.75551830131376
5.75862749746371
5.76102873034571
5.76372199995977
5.76670730630588
5.76998464938403
5.77255402919424
5.7754154457365
5.77856889901081
5.78201438901717
5.78475191575559
5.78778147922605
5.79110307942856
5.79471671636313
5.79762239002975
5.80082010042841
5.80430984755913
5.8070916314219
5.81016545201672
5.81353130934359
5.81718920340252
5.82013913419349
5.82338110171652
5.82691510597159
5.83074114695872
5.8348592246779
5.83826933912912
5.8419714903124
5.84596567822773
5.84925190287512
5.85283016425455
5.85570046236603
5.85886279720957
5.86231716878515
5.86606357709279
5.86910202213248
5.87243250390422
5.87605502240801
5.87996957764385
5.88317616961174
5.88667479831169
5.89046546374368
5.89354816590772
5.89692290480382
5.90058968043197
5.90454849279217
5.90779934188442
5.91134222770872
5.91517715026507
5.91830410955347
5.92172310557392
5.92543413832643
5.92943720781099
5.93273231402759
5.93631945697625
5.94019863665696
5.94336985306972
5.94683310621453
5.95058839609139
5.9536357227003
5.95697508604127
5.96060648611428
5.96352992291935
5.96674539645647
5.97025290672563
5.97305245372685
5.97614403746012
5.97952765792544
5.98220331512282
5.98517100905224
5.98843073971371
5.99098250710724
5.99382631123282
5.99696215209044
6.00039002968012
6.00310994400185
6.00612189505563
6.00942588284146
6.01202190735935
6.01490996860928
6.01809006659126
6.0215622013053
6.02432637275139
6.02738258092952
6.03073082583971
6.03337110748195
6.03630342585624
6.03952778096259
6.04204417280098
6.04485260137142
6.04795306667392
6.05034556870846
6.05303010747506
6.05600668297371
6.05827529520441
6.06083594416716
6.06368862986196
6.06583335228881
6.06827011144771
6.07099890733867
6.07301973996167
6.07533260931673
6.07793751540384
6.079834458223
6.0820234377742
6.08450445405747
6.08727750707278
6.08934259682014
6.09169972329955
6.09434888651102
6.09629008645453
6.0985233231301
6.10104859653772
6.10286590667739
6.10497525354911
6.10737663715288
6.1100700574887
6.11205551455657
6.1143330083565
6.11690253888847
6.1187641061525
6.12091771014857
6.1233633508767
6.12610102833688
6.12813074252911
6.13045249345339
6.13306628110972
6.13597210549811
6.13816996661854
6.14065986447103
6.14344179905556
6.14551577037215
6.14788177842079
6.15053982320148
6.15248990471422
6.15473202295901
6.15726617793585
6.16009236964475
6.16221059808569
6.16462086325869
6.16732316516374
6.17031750380083
6.17260387916998
6.17518229127118
6.17805274010443
6.18021522566974
6.18266974796709
6.18541630699649
6.18845490275795
6.19078553525145
6.19340820447701
6.19632291043462
6.19952965312428
6.20202843254599
6.20481924869975
6.20790210158556
6.21127699120343
6.21394391755334
6.21690288063531
6.22015388044933
6.22269691699539
6.22553199027351
6.22865910028368
6.2310782470259
6.23378943050017
6.2367926507065
6.24008790764487
6.2426752013153
6.24555453171777
6.2487258988523
6.25118930271888
6.25394474331751
6.25699222064819
6.26033173471092
6.2629632855057
6.26588687303253
6.26910249729142
6.27161015828235
6.27440985600534
6.27750159046038
6.27988536164747
6.28256116956661
6.2855290142178
6.28878889560104
6.29134081371633
6.29418476856367
6.29732076014307
6.29974878845452
6.30246885349801
6.30548095527356
6.30778509378116
6.31038126902081
6.31326948099251
6.31544972969626
6.31792201513206
6.32068633729992
6.32274269619982
6.32509109183178
6.32773152419579
6.32966399329185
6.33188849911995
6.33440504168011
6.33621362097233
6.33831423699659
6.3407068897529
6.34339157924127
6.34536830546168
6.34763706841415
6.35019786809867
6.35205070451523
6.35419557766385
6.35663248754452
6.35836143415725
6.36038241750202
6.36269543757884
6.36430049438772
6.36619758792864
6.36838671820162
6.37086788520665
6.37264108894373
6.37470632941286
6.37706360661404
6.37871292054727
6.38065427121255
6.38288765860989
6.38441308273927
6.38623054360071
6.38834004119419
6.39074157551973
6.39243514657732
6.39442075436696
6.39669839888865
6.3982680801424
6.40012979812819
6.40228355284603
6.40472934429593
6.40646717247787
6.40849703739187
6.41081893903792
6.41243287741602
6.41433885252617
6.41653686436837
6.41902691294262
6.42080899824893
6.42288312028728
6.42524927905769
6.42690747456014
6.42885770679465
6.43109997576121
6.43363428145982
6.43546062389048
6.43757900305319
6.43998941894796
6.44169187157477
6.44368636093363
6.44597288702455
6.44855144984752
6.45042204940254
6.4525846856896
6.45503935870872
6.45778606845989
6.45982481494312
6.46215559815839
6.46477841810571
6.46669327478509
6.46890016819651
6.47139909833999
6.47419006521552
6.4762730688231
6.47864810916273
6.48131518623441
6.48427430003814
6.48652545057392
6.48906863784176
6.49190386184164
6.49403112257358
6.49645042003757
6.49916175423361
6.5011651251617
6.50346053282184
6.50604797721403
6.50892745833827
6.51109897619456
6.51356253078291
6.5163181221033
6.51936575015575
6.52170541494025
6.5243371164568
6.5272608547054
6.52947662968605
6.53198444139875
6.5347842898435
6.53687617502031
6.53926009692916
6.54193605557007
6.54490405094303
6.54716408304803
6.54971615188509
6.5525602574542
6.55469639975537
6.55712457878858
6.55984479455384
6.56285704705116
6.56516133628052
6.56775766224194
6.57064602493541
6.57282642436092
6.57529886051849
6.57806333340811
6.58111984302979
6.58346838938351
6.58610897246928
6.58904159228711
6.59126624883698
6.59378294211891
6.59659167213289
6.59869243887892
6.601085242357
6.60377008256713
6.60574695950931
6.60801587318354
6.61057682358983
6.61242981072816
6.61457483459855
6.61701189520099
6.61874099253547
6.62076212660201
6.6230752974006
6.62468050493125
6.62657774919394
6.62876703018868
6.63024834791548
6.63202170237432
6.63408709356522
6.63644452148817
6.63809398614316
6.64003548753021
6.64226902564931
6.64379460050047
6.64561221208367
6.64772186039892
6.65012354544623
6.65181726722558
6.65380302573699
6.65608082098045
6.65765065295596
6.65951252166352
6.66166642710313
6.66311236927479
6.6648503481785
6.66688036381427
6.66820241618208
6.66981650528195
6.67172263111387
6.67392079367783
6.67541099297385
6.67719322900192
6.67826750176205
6.67963381125422
6.68129215747844
6.68324254043472
6.68448496012304
6.68601941654342
6.68784590969585
6.68896443958032
6.69037500619685
6.69207760954543
6.69407224962607
6.69535892643875
6.69693763998348
6.69880839026027
6.7009711772691
6.70242600100999
6.70417286148293
6.70621175868792
6.70854269262496
6.71016566329405
6.71208067069519
6.71428771482838
6.71678679569363
6.71857791329092
6.72066106762027
6.72303625868167
6.72570348647512
6.72766275100062
6.72991405225817
6.73245739024777
6.73529276496942
6.73842017642312
6.74083962460888
6.74355110952668
6.74655463117654
6.74885018955845
6.7514377846724
6.75431741651841
6.75748908509647
6.75995279040659
6.76270853244875
6.76575631122296
6.76809612672923
6.77072797896754
6.77365186793791
6.77686779364033
6.77937575607479
6.78217575524131
6.78526779113989
6.78865186377051
6.79132797313318
6.7942961192279
6.79755630205468
6.80110852161351
6.80395277790438
6.80708907092731
6.81051740068229
6.81323776716932
6.8162501703884
6.81955461033953
6.82215108702272
6.82503960043795
6.82822015058524
6.83169273746457
6.83445736107596
6.8375140214194
6.84086271849489
6.84350345230243
6.84643622284202
6.84966103011366
6.85317787411736
6.8559867548531
6.8590876723209
6.86248062652075
6.86516561745264
6.86814264511659
6.87141170951259
6.87497281064064
6.87782594850075
6.8809711230929
6.8844083344171
6.88713758247336
6.89015886726166
6.89347218878202
6.89707754703443
6.89997494201889
6.9031643737354
6.90664584218396
6.90941934736457
6.91248488927724
6.91584246792195
6.91849208329872
6.92143373540753
6.9246674242484
6.92819314982132
6.93101091212629
6.93412071116331
6.93752254693238
6.94021641943351
6.94320232866668
6.9464802746319
6.94905025732918
6.95191227675851
6.95506633291988
6.95851242581331
6.96125055543879
6.96428072179633
6.96760292488591
6.97021716470754
6.97312344126123
6.97632175454696
6.97881210456475
6.98159449131458
6.98466891479647
6.98703537501041
6.9896938719564
6.99264440563444
6.99488697604454
6.99742158318668
7.00024822706087
7.00336690766712
7.00577762500542
7.00848037907576
7.01147516987816
7.01376199741261
7.01634086167911
7.01921176267767
7.02237470040827
7.02482967487092
7.02757668606563
7.03061573399238
7.03394681865119
7.03656994004205
7.03948509816496
7.04269229301992
7.04619152460693
7.04898279292599
7.0520660979771
7.05544143976027
7.05910881827548
7.06206823352275
7.06531968550207
7.06886317421343
7.07269869965685
7.07582626183232
7.07924586073984
7.08295749637942
7.08596116875104
7.08925687785471
7.09284462369044
7.09672440625822
7.09989622555804
7.10336008158992
7.10711597435385
7.11016390384983
7.11350387007786
7.11713587303795
7.12005991273008
7.12327598915426
7.1267841023105
7.13058425219879
7.13367643881912
7.13706066217151
7.14073692225595
7.14370521907244
7.14696555262098
7.15051792290158
7.15436232991422
7.15749877365892
7.16092725413566
7.16464777134446
7.16766032528531
7.17096491595821
7.17456154336316
7.17845020750016
7.18163090836921
7.18510364597031
7.18886842030347
7.19292523136867
7.19627407916593
7.19991496369524
7.20384788495659
7.20707284295
7.21058983767546
7.21439886913298
7.21849993732254
7.22189304224415
7.22557818389782
7.22955536228353
7.2328245774013
7.23638582925112
7.24023911783299
7.24438444314691
7.24782180519288
7.2515512039709
7.25557263948097
7.2598861117231
7.26349162069727
7.2673891664035
7.27157874884178
7.2750603680121
7.27883402391448
7.28289971654891
7.2872574459154
7.29090721201393
7.29484901484451
7.29908285440715
7.30260873070183
7.30642664372857
7.31053659348736
7.31393857997819
7.31763260320108
7.32161866315603
7.32489675984302
7.32846689326206
7.33232906341315
7.3354832702963
7.33892951391149
7.34266779425874
7.34669811133804
7.35002046514939
7.35363485569279
7.35754128296824
7.36073974697574
7.36423024771529
7.3680127851869
7.37108735939055
7.37445397032626
7.37811261799402
7.38206330239383
7.38530602352569
7.3888407813896
7.39266757598556
7.39578640731357
7.39919727537363
7.40290018016575
7.40589512168991
7.40918209994613
7.4127611149344
7.41563216665472
7.41879525510709
7.42225038029151
7.42599754220798
7.4290367408565
7.43236797623708
7.4359912483497
7.43890655719438
7.4421139027711
7.44561328507988
7.44840470412071
7.45148815989359
7.45486365239852
7.4585311816355
7.46149074760454
7.46474235030562
7.46828598973876
7.47112166590394
7.47424937880118
7.47766912843047
7.48038091479181
7.4833847378852
7.48668059771064
7.48926849426813
7.49214842755768
7.49532039757927
7.49778440433292
7.50054044781861
7.50358852803636
7.50592864498616
7.50856079866801
7.51148498908191
7.51470121622786
7.51720948010586
7.52000978071592
7.52310211805802
7.52548649213218
7.52816290293839
7.53113135047664
7.53339183474695
7.53594435574931
7.53878891348372
7.54192550795019
7.5443541391487
7.54707480707926
7.55008751174188
7.55239225313654
7.55498903126326
7.55787784612203
7.56105869771285
7.56453158603572
7.56729651109064
7.57035347287761
7.57370247139664
7.57734350664771
7.58027657863084
7.58350168734601
7.58701883279324
7.58982801497252
7.59292923388385
7.59632248952723
7.59900778190266
7.60198511101015
7.60525447684968
7.60881587942126
7.6116693187249
7.61481479476059
7.61825230752832
7.62198185702811
7.62500344325995
7.62831706622384
7.63192272591979
7.63482042234778
7.63801015550782
7.64149192539992
7.64426573202406
7.64733157538026
7.65068945546851
7.65433937228881
7.65728132584116
7.66051531612556
7.66404134314201
7.66685940689051
7.66996950737107
7.67337164458367
7.67706581852833
7.68005202920504
7.6833302766138
7.68690056075461
7.68976288162747
7.69291723923238
7.69636363356934
7.69910206463835
7.70213253243942
7.70545503697253
7.7080695782377
7.71097615623492
7.71417477096419
7.71666542242551
7.71944811061888
7.7225228355443
7.72588959720177
7.72854839559129
7.73149923071287
7.7347421025665
7.73727701115217
7.7401039564699
7.74322293851968
7.74563395730151
7.74833701281539
7.75133210506132
7.75461923403931
7.75719839974934
7.76006960219143
7.76323284136556
7.76568811727175
7.76843542990999
7.77147477928028
7.77380616538262
7.77642958821701
7.77934504778345
7.78155254408194
7.78405207711249
7.78684364687508
7.78892725336973
7.79130289659643
7.79397057655518
7.79593029324598
7.79818204666883
7.80072583682373
7.80256166371068
7.80468952732969
7.80710942768074
7.80982136476385
7.81182533857901
7.81412134912621
7.81670939640547
7.81858948041678
7.82076160116014
7.82322575863556
7.82498195284302
7.82703018378253
7.8293704514541
7.83200275585772
7.83392709699338
7.8361434748611
7.83865188946087
7.84045234079269
7.84254482885656
7.84492935365248
7.84760591518046
7.84957451344048
7.85183514843256
7.85438782015668
7.85623252861286
7.85836927380109
7.86079805572137
7.8635188743737
7.86553172975808
7.86783662187452
7.870433550723
7.87332251630353
7.87550351861612
7.87797655766076
7.88074163343745
7.88379874594619
7.88614789518698
7.88878908115982
7.89172230386471
7.89394756330165
7.89646485947065
7.89927419237169
7.90237556200479
7.90476896836994
7.90745441146713
7.91043189129638
7.91270140785768
7.91526296115104
7.91811655117644
7.92126217793389
7.9236998414234
7.92642954164495
7.92945127859856
7.93176505228422
7.93437086270193
7.93726870985169
7.9404585937335
7.94294051434736
7.94571447169327
7.94878046577124
7.95113849658125
7.95378856412332
7.95673066839744
7.9599648094036
7.96249098714182
7.96530920161209
7.96841945281442
7.97082174074879
7.97351606541521
7.97650242681369
7.97878082494421
7.98135125980679
7.98421373140142
7.98636823972809
7.98881478478682
7.99155336657761
7.99458398510044
7.99690664035532
7.99952133234225
8.00242806106124
8.00462682651227
8.00711762869536
8.0099004676105
8.01197534325769
8.01434225563693
8.01700120474822
8.01895219059156
8.02119521316695
8.0237302724744
8.02655736851389
8.02867650128544
8.03108767078903
8.03379087702468
8.03578611999238
8.03807339969213
8.04065271612393
8.04252406928778
8.04468745918368
8.04714288581164
8.04989034917164
8.0519298492637
8.05426138608781
8.05688495964397
8.05880056993218
8.06100821695244
8.06350790070475
8.06529962118911
8.06738337840552
8.06975917235399
8.0714270030345
8.07338687044707
8.07563877459169
8.07818271546836
8.08001869307708
8.08214670741785
8.08456675849067
8.08727884629554
8.08928297083247
8.09157913210144
8.09416733010247
8.09604756483554
8.09821983630067
8.10068414449785
8.10244048942708
8.10448887108836
8.10682928948169
8.10946174460708
8.11138623646451
8.113602765054
8.11611133037553
8.11791193242912
8.12000457121476
8.12238924673245
8.12406595898219
8.12603470796398
8.12829549367782
8.13084831612372
8.13269317530166
8.13483007121166
8.1372590038537
8.1389799732278
8.14099297933395
8.14329802217215
8.1458951017424
8.1477842180447
8.14996537107906
8.15243856084546
8.15420378734391
8.15626105057442
8.15861035053698
8.16025168723158
8.16218506065824
8.16441047081695
8.16692791770772
8.16873740133053
8.17083892168539
8.17323247877231
8.17591807259127
8.17789570314229
8.18016537042535
8.18272707444047
8.18558081518764
8.18772659266686
8.19016440687814
8.19289425782146
8.19591614549683
8.19823006990426
8.20083603104373
8.20373402891526
8.20592406351884
8.20840613485447
8.20840613485447
8.20840613485447
8.20840613485447
8.20840613485447
8.20840613485447
8.20840613485447
8.20840613485447
8.20840613485447
8.20840613485447
8.20840613485447
8.20840613485447
8.20893617850723
8.20999626581277
8.21158639677107
8.21370657138213
8.21635678964597
8.21929904464185
8.22253333636979
8.22505966482977
8.22787803002181
8.2309884319459
8.23439087060204
8.23708534599023
8.24007185811047
8.24335040696276
8.2459209925471
8.2487836148635
8.25193827391194
8.25438496969244
8.25712370220499
8.26015447144959
8.26347727742623
8.26609212013494
8.26899899957569
8.27219791574849
8.27468886865334
8.27747185829025
8.2805468846592
8.28391394776021
8.28657304759327
8.28952418415838
8.29276735745554
8.29530256748475
8.29812981424601
8.30124909773932
8.30366041796469
8.3063637749221
8.30935916861157
8.31264659903309
8.31522606618665
8.31809757007227
8.32126111068994
8.32371668803966
8.32646430212144
8.32950395293526
8.33283564048113
8.33545936475906
8.33837512576903
8.34158292351106
8.34508275798514
8.34787462919127
8.35095853712945
8.35433448179968
8.35700246320196
8.3599624813363
8.36321453620268
8.36675862780112
8.3695947561316
8.37272292119414
8.37614312298873
8.37885536151537
8.38185963677406
8.3851559487648
8.38774429748759
8.39062468294244
8.39379710512933
8.39726156404828
8.40001805969928
8.40306659208232
8.40640716119742
8.40903976704457
8.41196440962377
8.41518108893503
8.41768980497833
8.42049055775368
8.42358334726109
8.42696817350055
8.43064503647205
8.43361393617561
8.43687487261122
8.44042784577888
8.44327285567859
8.44640990231036
8.44983898567417
8.45356010577004
8.45657326259795
8.45987845615792
8.46347568644994
8.466364953474
8.46954625723012
8.4730195977183
8.47678497493852
8.47984238889079
8.48319183957511
8.48683332699149
8.48976685113992
8.49299241202039
8.49651000963292
8.5003196439775
8.50342131505413
8.50681502286281
8.51050076740355
8.51347854867633
8.51674836668116
8.52031022141805
8.52416411288699
8.52731004108797
8.53074800602101
8.5344780076861
8.53850004608324
8.54181412121243
8.54542023307368
8.54931838166697
8.55250856699232
8.55599078904971
8.55976504783916
8.56383134336066
8.56718967561421
8.57084004459981
8.57478245031746
8.57801689276716
8.58154337194891
8.58536188786271
8.58947244050857
8.59287502988647
8.59656965599643
8.60055631883844
8.6038350184125
8.60740575471861
8.61126852775677
8.61442333752698
8.61787018402925
8.62160906726356
8.62563998722993
8.62896294392834
8.63257793735881
8.63648496752133
8.6396840344159
8.64317513804252
8.64695827840119
8.65003345549191
8.65340066931469
8.65705991986951
8.66101120715639
8.66425453117531
8.66778989192629
8.67161728940932
8.6747367236244
8.67814819457153
8.68185170225071
8.68484724666195
8.68813482780523
8.69171444568057
8.69558610028795
8.69874979162739
8.70220551969888
8.70595328450242
8.70899308603801
8.71232492430565
8.71594879930534
8.71986471103708
8.72307265950088
8.72657264469672
8.73036466662462
8.73344872528457
8.73682482067656
8.74049295280061
8.74345312165671
8.74670532724486
8.75024956956507
8.75308584861732
8.75621416440162
8.75963451691798
8.76334690616639
8.76635133214684
8.76964779485935
8.77323629430391
8.77611683048052
8.77928940338918
8.7827540130299
8.78551065940266
8.78855934250748
8.79190006234434
8.79553281891326
8.79845761221423
8.80167444224725
8.80518330901232
8.80898421250944
8.81207715273861
8.81546212969983
8.81913914339311
8.82310819381843
8.82636928097581
8.82992240486523
8.83376756548671
8.83690476284024
8.84033399692582
8.84405526774345
8.84706857529314
8.85037391957487
8.85397130058866
8.85786071833449
8.86104217281238
8.86451566402232
8.8682811919643
8.87233875663834
8.87568835804444
8.87932999618258
8.88326367105277
8.88648938265501
8.89000713098931
8.89381691605566
8.89691873785405
8.9003125963845
8.903998491647
8.90797642364155
8.91124639236815
8.9148083978268
8.91866244001751
8.92280851894026
8.92624663459507
8.92997678698192
8.93399897610083
8.93831320195179
8.9419194645348
8.94581776384986
8.95000809989697
8.95349047267613
8.95726488218735
8.96133132843061
8.96468981140593
8.96834033111329
8.97228288755271
8.97651748072418
8.9800441106277
8.98386277726327
8.9879734806309
8.99137622073057
8.99507099756229
8.99905781112607
9.00333666142189
9.00690754844977
9.0107704722097
9.01492543270168
9.01837242992571
9.02211146388179
9.02614253456992
9.02946564199011
9.03308078614234
9.03698796702663
9.04018718464296
9.04367843899135
9.04746173007179
9.05153705788428
9.05490442242882
9.05856382370541
9.06251526171405
9.06575873645475
9.06929424792749
9.07312179613229
9.07624138106914
9.07965300273803
9.08335666113898
9.08735235627198
9.09064008813703
9.09421985673414
9.09809166206329
9.10125550412449
9.10471138291775
9.10845929844306
9.11149925070041
9.11483123968982
9.11845526541128
9.12237132786479
9.12557942705035
9.12907956296796
9.13287173561763
9.13595594499934
9.13933219111311
9.14300047395893
9.14696079353679
9.15021314984671
9.15375754288868
9.1575939726627
9.16072243916877
9.1641429424069
9.16785548237707
9.1708600590793
9.17415667251357
9.1777453226799
9.18062600957828
9.18379873320871
9.18626349357119
9.18902029066572
9.1920691244923
9.19540999505093
9.19804290234162
9.20096784636435
9.20418482711914
9.20769384460597
9.21049489882486
9.2135879897758
9.21697311745879
9.21965028187383
9.22261948302093
9.22588072090007
9.22943399551126
9.23227930685451
9.23541665492981
9.23884603973715
9.24156746127655
9.244580919548
9.2478864145515
9.25148394628705
9.25437351475466
9.25755511995431
9.26102876188602
9.26379444054977
9.26685215594558
9.27020190807344
9.27384369693334
9.2767775225253
9.28000338484931
9.28352128390538
9.28733121969349
9.29043319221365
9.29382720146587
9.29751324745013
9.30049133016645
9.30376144961482
9.30732360579524
9.31117779870771
9.31432402835223
9.3177622947288
9.32149259783742
9.3255149376781
9.32882931425082
9.3324357275556
9.33633417759243
9.3395246643613
9.34300718786223
9.34678174809521
9.34984834506024
9.35320697875733
9.35685764918646
9.36080035634764
9.36403510024088
9.36756188086617
9.3713806982235
9.37449155231289
9.37789444313433
9.38158937068782
9.38457633497337
9.38785533599096
9.3914263737406
9.3952894482223
9.39844455943604
9.40189170738184
9.40563089205969
9.40866211346959
9.41198537161154
9.41560066648554
9.41850799809159
9.42170736642969
9.42519877149985
9.42898221330205
9.43205769183631
9.43542520710261
9.43908475910097
9.44203634783138
9.44527997329384
9.44881563548836
9.45164333441492
9.45476307007353
9.4581748424642
9.46087865158691
9.46387449744168
9.4671623800285
9.46974229934736
9.47261425539828
9.47577824818126
9.47923427769628
9.48198234394335
9.48502244692247
9.48835458663365
9.49097876307687
9.49389497625215
9.49710322615948
9.49960351279886
9.50239583617029
9.50448019627377
9.5068565931093
9.50952502667688
9.51248549697652
9.5147380040082
9.51728254777194
9.52011912826772
9.52224774549556
9.52466839945545
9.52738109014739
9.53038581757138
9.53268258172743
9.53527138261552
9.53815222023566
9.54032509458786
9.54279000567211
9.5455469534884
9.54759593803675
9.54993695931715
9.5525700173296
9.55449511207411
9.55671224355066
9.55922141175926
9.56202261669992
9.56511585837262
9.56750113677738
9.57017845191419
9.57314780378305
9.57540919238396
9.57796261771692
9.58080807978193
9.58294557857899
9.58537511410811
9.58809668636927
9.59111029536249
9.59341594108776
9.59601362354508
9.59890334273445
9.60108509865587
9.60355889130934
9.60632472069486
9.60938258681243
9.61173248966206
9.61437442924373
9.61730840555746
9.62053441860324
9.62305246838107
9.62586255489095
9.62896467813288
9.63135883810686
9.63404503481289
9.63702326825098
9.64029353842111
9.6428558453233
9.64571018895754
9.64885656932382
9.65229498642216
9.65502544025255
9.65804793081499
9.66136245810949
9.66496902213603
9.66786762289462
9.67105826038527
9.67454093460797
9.67731564556271
9.68038239324951
9.68374117766836
9.68739199881926
9.69033485670221
9.69356975131722
9.69709668266427
9.69991565074338
9.70302665555453
9.70642969709774
9.710124775373
9.71311189038031
9.71639104211967
9.71996223059108
9.72282545579454
9.72598071773005
9.72942801639761
9.73316735179723
9.7361987239289
9.73952213279261
9.74313757838838
9.7470450607162
9.75024457977607
9.75373613556799
9.75751972809196
9.76059535734798
9.76396302333606
9.76762272605618
9.77057446550836
9.77381824169259
9.77735405460887
9.7811819042572
9.78430179063758
9.78771371375001
9.79141767359449
9.79441367017102
9.79770170347961
9.80128177352024
9.80415388029293
9.80731802379767
9.81077420403446
9.81452242100329
9.81756267470418
9.81756267470418
9.81846875649543
9.82028092007793
9.82299916545167
9.82662349261667
9.83016463447448
9.83362259102511
9.83699736226857
9.84028894820484
9.84349734883394
9.84662256415585
9.84966459417059
9.85262343887814
9.85549909827852
9.85829157237172
9.86137608319697
9.86475263075426
9.86842121504361
9.87138183606502
9.87463449381847
9.87817918830397
9.88101591952153
9.88414468747113
9.88756549215279
9.89127833356649
9.89428321171225
9.89758012659006
9.90116907819992
9.90405006654183
9.90722309161579
9.91068815342181
9.91444525195987
9.91749438722999
9.92083555923215
9.92446876796637
9.92739401343264
9.93061129563096
9.93412061456133
9.93792197022375
9.94101536261823
9.94440079174475
9.94807825760332
9.95204776019395
9.95530929951663
9.95886287557136
9.96270848835814
9.96684613787697
9.97027582412785
9.97399754711078
9.97801130682576
9.9813171032728
9.98491493645188
9.98880480636302
9.9919867130062
9.99546065638144
9.99922663648873
10.0032846533281
10.0066347068995
10.0102767972029
10.0142109242384
10.0174370880059
10.0209552885055
10.0247655257372
10.0288677997009
10.0322621103966
10.0359484578244
10.0399268419843
10.0431972628762
10.0467597205001
10.0506142148561
10.0547607459442
10.0581993137643
10.0619299183165
10.0659525596007
10.0702672376169
10.0738739523652
10.0777727038456
10.081963492058
10.0854463170025
10.089221178679
10.0932880770876
10.0976470122282
10.1012979841008
10.1052409927056
10.1094760380423
10.1130031201112
10.116822238912
10.1209333944449
10.1243365867099
10.1280318157069
10.132019081436
10.1362983838971
10.1398697230903
10.1437330990156
10.1478885116728
10.1523359610622
10.1560754471835
10.160106970037
10.1644305296225
10.16804612594
10.1719537589896
10.1761534287712
10.1806451352849
10.1844288785306
10.1885046585084
10.1928724752183
10.1965323286602
10.2004842188341
10.2047281457401
10.2082641093782
10.2120921097483
10.2162121468504
10.2206242206846
10.2243283312508
10.2283244785491
10.2326126625795
10.2361928833419
10.2400651408364
10.2442294350629
10.2476857660214
10.251434133712
10.2554745381347
10.2598069792894
10.2634314571761
10.267347971795
10.2715565231458
10.2750571112287
10.2788497360437
10.2829343975907
10.2863110958698
10.2899798308809
10.2939406026241
10.2981934110993
10.3027382563066
10.3065751382459
10.3107040569172
10.3151250123207
10.3198380044561
10.3238430333237
10.3281400989232
10.3327292012549
10.3366103403185
10.3407835161143
10.3452487286421
10.3490059779019
10.3530552638938
10.3573965866177
10.3610299460737
10.3649553422617
10.3691727751818
10.3736822448339
10.3774837512181
10.3815772943344
10.3859628741827
10.389640490763
10.3936101440754
10.3978718341198
10.4024255608963
10.4062713244049
10.4104091246455
10.4148389616181
10.4185608353228
10.4225747457596
10.4268806929284
10.4314786768292
10.4353686974621
10.4395507548271
10.4440248489241
10.4477909797532
10.4518491473143
10.4561993516074
10.4608415926326
10.4647758703899
10.4690021848792
10.4735205361006
10.477330924054
10.4814333487394
10.485827810157
10.4905143083065
10.4944928431881
10.4987634148018
10.5033260231475
10.5071806682253
10.5113273500351
10.515766068577
10.5204968238509
10.5245196158569
10.5288344445949
10.533441310065
10.5383402122671
10.5425311512013
10.5470141268675
10.5517891392658
10.5558561883962
10.5602152742585
10.564866396853
10.5688095561795
10.573044752238
10.5775719850286
10.5823912545512
10.5865025608059
10.5909059037926
10.5956012835114
10.5995886999623
10.6038681531452
10.6084396430601
10.6133031697071
10.6174587330862
10.6219063331973
10.6266459700404
10.6306776436156
10.6350013539229
10.6396171009622
10.6445248847335
10.6487247052369
10.6532165624724
10.6580004564399
10.6620763871394
10.666444354571
10.6711043587347
10.6760563996304
10.6803004772582
10.684836591618
10.6896647427099
10.6937849305338
10.6981971550897
10.7029014163777
10.7068977143978
10.7111860491499
10.7157664206341
10.7196388288503
10.7238032737986
10.7282597554789
10.7330082738913
10.7370488290357
10.7413814209122
10.7460060495207
10.7499227148613
10.7541314169339
10.7586321557386
10.7634249312753
10.7675097435441
10.771886592545
10.7765554782778
10.7815164007428
10.7857693599398
10.7903143558688
10.7951513885299
10.799280457923
10.8037015640482
10.8084147069054
10.8124198864947
10.8167171028161
10.8213063558695
10.8261876456549
10.8303609721724
10.834826335422
10.8395837354036
10.8436331721172
10.8479746455629
10.8526081557407
10.8565337026505
10.8607512862923
10.8652609066662
10.8690625637722
10.8731562576102
10.8775419881802
10.8812197554824
10.8851895595165
10.8894514002827
10.894005277781
10.8978511920113
10.9019891429737
10.9064191306681
10.9101411550945
10.9141552162531
10.9184613141436
10.9230594487662
10.9269496201209
10.9311318282076
10.9356060730264
10.9393723545772
10.9434306728601
10.947781027875
10.951423419622
10.955357848101
10.9595843133121
10.9631028152552
10.9669133539304
10.9710159293376
10.9754105414769
10.9790971903483
10.9830758759516
10.9873465982871
10.9909093573546
10.9947641531541
10.9989109856857
11.0033498549493
11.008080760945
11.0121037036728
11.0164186831326
11.0210256993244
11.0259247522483
11.0301158419042
11.0345989682922
11.0393741314123
11.0434413312644
11.0478005678485
11.0524518411647
11.057395151213
11.0616304979933
11.0661578815057
11.0709773017501
11.0750887587265
11.079492252435
11.0841877828756
11.0881753500482
11.0924549539528
11.0970265945896
11.1018902719583
11.1060459860591
11.110493736892
11.1152335244569
11.1202653487539
11.1245892097829
11.129205107544
11.1341130420371
11.1383130132623
11.1428050212195
11.1475890659088
11.1526651473301
11.1570332654835
11.1616934203689
11.1666456119864
11.1708898403359
11.1754261054175
11.1802544072311
11.1853747457768
11.1897871210545
11.1944915330643
11.1994879818061
11.20477646728
11.209356989486
11.2142295484239
11.219394144094
11.2238507764961
11.2285994456302
11.2336401514964
11.2379728940946
11.2425976734249
11.2475144894873
11.2527233422817
11.2572242318081
11.2620171580666
11.2671021210572
11.2724791207798
11.2771481572344
11.2821092304211
11.2873623403399
11.2919074869907
11.2967446703735
11.3018738904884
11.3072951473354
11.3120084409144
11.3170137712255
11.3223111382686
11.3269005420437
11.3317819825509
11.3369554597902
11.3424209737615
11.3471785244649
11.3522281119003
11.3575697360678
11.3622033969673
11.3671290945989
11.3723468289625
11.3778566000581
11.3826584078859
11.3877522524456
11.3931381337375
11.3978160517613
11.4027860065173
11.4080479980052
11.4126020262253
11.4174480911774
11.4225861928615
11.4280163312777
11.4327385064259
11.4377527183062
11.4430589669185
11.4486572522629
11.4535475743393
11.4587299331478
11.4642043286884
11.468970760961
11.4740292299656
11.4793797357023
11.485022278171
11.4899568573718
11.4951834733047
11.5007021259696
11.5055128153665
11.5106155414955
11.5160103043566
11.5206971039497
11.5256759402748
11.530946813332
11.5365097231213
11.5413646696426
11.5465116528959
11.5519506728813
11.5566817295988
11.5617048230483
11.5670199532299
11.5716271201435
11.5765263237891
11.5817175641668
11.5862008412766
11.5909761551184
11.5960435056923
11.6004028929982
11.6050543170362
11.6099977778062
11.6152332753083
11.6197608095424
11.6245803805086
11.6296919882068
11.6350956326371
11.6407913137994
11.6457790316938
11.6510587863202
11.6566305776787
11.6624944057692
11.6686502705918
11.6740981721464
11.6798381104331
11.6858700854518
11.6911940972026
11.6968101456854
11.7027182309003
11.7079183528473
11.7134105115263
11.7191947069373
11.7252709390804
11.7306392079555
11.7362995135627
11.742251855902
11.7484962349733
11.7540326507766
11.759861103312
11.7659815925795
11.771394118579
11.7770986813105
11.7830952807741
11.7883839169698
11.7939645898975
11.7998372995572
11.806002045949
11.8124588290729
11.8182076489288
11.8242485055167
11.8295813988367
11.8352063288888
11.8411232956729
11.8473322991891
11.8538333394373
11.8596264164176
11.8657115301299
11.8720886805742
11.8787578677507
11.8847190916591
11.8909723522996
11.8975176496722
11.9033549837768
11.9094843546135
11.9159057621822
11.922619206483
11.9296246875158
11.9359222052807
11.9425117597776
11.9493933510066
11.9565669789676
11.9630326436607
11.9697903450859
11.976840083243
11.9831818581323
11.9898156697536
11.9967415181069
12.0039594031923
12.0104693250097
12.0172712835592
12.0243652788408
12.0307513108543
12.0374293796
12.0443994850777
12.0516616272874
12.0582158062292
12.0650620219031
12.072200274309
12.0786305634469
12.0853528893169
12.092367251919
12.0996736512531
12.1062720873192
12.1131625601174
12.1203450696477
12.12681961591
12.1335861989043
12.1406448186308
12.1469954750892
12.1536381682797
12.1605728982023
12.1667996648569
12.1733184682436
12.1801293083623
12.186232185213
12.1926270987959
12.1993140491107
12.2062930361576
12.2125640599366
12.2191271204476
12.2249822176907
12.2311293516658
12.237568522373
12.237568522373
12.2390743334158
12.2420859555015
12.2466033886299
12.2526266328012
12.2589419137045
12.2645492313399
12.2704485857073
12.2766399768068
12.2821234046383
12.2878988692019
12.2939663704975
12.3003259085252
12.305977483285
12.3119210947767
12.3181567430006
12.3236844279565
12.3295041496444
12.3356159080644
12.3410197032164
12.3467155351005
12.3527034037167
12.3579833090649
12.3635552511451
12.3694192299574
12.3755752455018
12.3810232977782
12.3867633867866
12.3917955125271
12.3971196749997
12.4027358742043
12.4086441101409
12.4138443828096
12.4193366922104
12.4251210383432
12.430197421208
12.4355658408049
12.4412262971339
12.4471787901949
12.452423319988
12.4579598865131
12.4637884897703
12.4699091297595
12.4753218064807
12.4810265199341
12.4870232701194
12.4923120570368
12.4978928806863
12.5037657410678
12.5099306381814
12.515387572027
12.5211365426047
12.5271775499144
12.5325105939562
12.53813567473
12.5440527922359
12.5492619464738
12.5547631374438
12.5605563651459
12.5666416295799
12.5720189307461
12.5776882686443
12.5836496432745
12.5899030546368
12.5954485027311
12.6012859875575
12.6074155091159
12.6128370674064
12.618550662429
12.6245562941836
12.6298539626702
12.6354436678889
12.6413254098397
12.6474991885225
12.6529650039373
12.6587228560842
12.6647727449631
12.6711146705742
12.6767486329172
12.6826746319923
12.6888926677995
12.6944027403387
12.7002048496099
12.7062989956132
12.7126851783486
12.718363397816
12.7243336540155
12.730595946947
12.7361502766105
12.7419966430061
12.7481350461338
12.7535654859935
12.7592879625853
12.7653024759091
12.770609025965
12.7762076127529
12.7820982362729
12.7882808965249
12.793755593509
12.7995223272251
12.8055810976733
12.8109319048535
12.8165747487658
12.8225096294101
12.8277365467865
12.8332555008949
12.8390664917354
12.8451695193079
12.8505645836125
12.8562516846491
12.8622308224178
12.8675019969186
12.8730652081513
12.8789204561162
12.8840677408131
12.889507062242
12.895238420403
12.900261815296
12.9055772469211
12.9111847152783
12.9160842203675
12.9212757621887
12.926759340742
12.9315349560274
12.9366026080448
12.9419622967942
12.9466140222757
12.9515577844893
12.9567935834349
12.9623214191125
12.9671412915222
12.972253200664
12.9776571465378
12.9823531291437
12.9873411484816
12.9926212045515
12.9981932973535
13.0030574268876
13.0082135931537
13.0136617961519
13.0184020358821
13.0234343123444
13.0287586255387
13.0343749754651
13.0392833621235
13.0444837855139
13.0499762456365
13.055760742491
13.0608372760777
13.0662058463963
13.0718664534471
13.0778190972298
13.0830637777447
13.0886004949916
13.0944292489705
13.1005500396815
13.1059628671245
13.1116677312996
13.1176646322067
13.1239535698459
13.1295345442171
13.1354075553204
13.1415726031558
13.1480296877232
13.1537788090226
13.1598199670541
13.1661531618176
13.1727783933132
13.1786956615409
13.1849049665006
13.1914063081923
13.1981996866161
13.204285101772
13.2106625536599
13.2173320422798
13.2242935676318
13.2315471297159
13.238092728532
13.2449303640801
13.2520600363603
13.2594817453726
13.2661954911169
13.2732012735933
13.2804990928017
13.2880889487421
13.2959708414147
13.3031447708192
13.3106107369558
13.3183687398245
13.3264187794252
13.333760855758
13.3413949688228
13.3493211186197
13.3575393051486
13.3660495284096
13.3738517884026
13.3819460851277
13.3903324185848
13.399010788774
13.4069811956952
13.4152436393485
13.4237981197338
13.4316446368512
13.4397831907006
13.4482137812821
13.4569364085956
13.4649510726412
13.4732577734188
13.4818565109285
13.4907472851703
13.4989300961441
13.5074049438499
13.5161718282878
13.5242307494577
13.5325817073597
13.5412247019938
13.5501597333599
13.558386801458
13.5669059062882
13.5757170478505
13.5838202261448
13.5922154411711
13.6009026929295
13.60888198142
13.6171533066425
13.625716668597
13.6335720672836
13.6417195027023
13.650158974853
13.6588904837357
13.6669140293505
13.6752296116974
13.6828372307763
13.6907368865873
13.6989285791303
13.7074123084054
13.7151880744125
13.7232558771516
13.7306157166229
13.7382675928261
13.7462115057614
13.7534474554288
13.7609754418282
13.7687954649597
13.7759075248232
13.7833116214188
13.7910077547464
13.7979959248061
13.8052761315978
13.8118483751216
13.8187126553775
13.8258689723653
13.8323173260853
13.8390577165372
13.8460901437213
13.8524146076374
13.8590311082855
13.8659396456657
13.8721402197779
13.8786328306222
13.8854174781986
13.8914941625069
13.8978628835474
13.9045236413199
13.9104764358244
13.916721267061
13.9232581350297
13.9290870397304
13.9352079811631
13.9416209593279
13.9473259742248
13.9533230258537
13.9596121142146
13.9651932393076
13.9710664011327
13.9772315996898
13.9826888349789
13.9884381070001
13.9944794157534
14.0008127612387
14.0064381434561
14.0123555624055
14.018565018087
14.0240665105005
14.029860039646
14.0359456055236
14.0423232081333
14.047992847475
14.0539545235488
14.0602082363546
14.0657539858925
14.0715917721624
14.0777215951644
14.0841434548984
14.0908573513645
14.0968632845626
14.1031612544928
14.109751261155
14.1156333045493
14.1218073846756
14.128273501534
14.1350316551244
14.1410818454469
14.1474240725015
14.1540583362881
14.1609846368067
14.1682029740574
14.1747133480401
14.1815157587549
14.1886102062017
14.1949966903806
14.2016752112916
14.2086457689346
14.2149083633096
14.2214629944167
14.2283096622559
14.2354483668271
14.2418791081303
14.2486018861656
14.254616700933
14.2609235524324
14.2675224406638
14.2744133656273
14.2805963273229
14.2870713257505
14.2938383609101
14.2998974328019
14.3062485414256
14.3128916867814
14.3198268688693
14.3260540876892
14.3325733432412
14.3393846355252
14.3454879645412
14.3518833302894
14.3585707327695
14.3655501719817
14.371821647926
14.3783851606023
14.3852407100107
14.3923882961511
14.3988279190236
14.4055595786281
14.4125832749647
14.4188990080333
14.425506777834
14.4324065843667
14.4385984276315
14.4450823076284
14.4518582243572
14.4579261778182
14.4642861680112
14.4709381949362
14.4778822585933
14.4841183589824
14.4906464961036
14.4974666699568
14.5035788805421
14.5099831278595
14.5166794119089
14.5226677326903
14.5289480902038
14.5355204844494
14.542384915427
14.5485413831366
14.5549898875783
14.5617304287521
14.5687630066579
14.5750876212957
14.5817042726656
14.5876129607676
14.5938136856016
14.6003064471676
14.6070912454657
14.6131680804959
14.6195369522581
14.6261978607524
14.6331508059787
14.639395787937
14.6459328066274
14.6527618620499
14.6598829542044
14.666296083091
14.6730012487096
14.6799984510603
14.687287690143
14.6938689659578
14.7007422785046
14.7079076277835
14.7153650137944
14.7221144365374
14.7291558960124
14.7364893922195
14.7441149251586
14.7510324948298
14.758242101233
14.7657437443683
14.7735374242356
14.781623140835
14.7890008941664
14.7966706842299
14.8046325110254
14.812886374553
14.8204322748127
14.8282702118044
14.8364001855281
14.8448221959839
14.8525362431717
14.8605423270916
14.8688404477436
14.8764306051276
14.8843127992436
14.8924870300917
14.9009532976719
14.9097116019841
14.9177619430283
14.9261043208046
14.934738735313
14.9436651865534
14.9518836745258
14.9603941992303
14.9691967606669
14.9782913588355
14.9866779937362
14.9953566653689
15.0043273737336
15.0125901188304
15.0211449006593
15.0289917192202
15.0381305745132
15.0465614665382
15.0552843952953
15.0642993607844
15.0736063630056
15.0822054019588
15.091096477644
15.1002795900614
15.1087547392107
15.1175219250922
15.1265811477056
15.1359324070512
15.1455757031287
15.1545110359384
15.16373840548
15.1732578117538
15.1820692547596
15.1911727344974
15.2005682509673
15.2092558041692
15.2182353941032
15.2275070207692
15.2360706841673
15.2449263842975
15.2540741211596
15.2625138947539
15.2712457050802
15.2802695521385
15.2895854359289
15.2991933564514
15.3080933137059
15.3172853076924
15.325769338411
15.3345454058617
15.3436135100444
15.3529736509591
15.3616258286059
15.3705700429848
15.3798062940957
15.3883345819386
15.3971549065136
15.4062672678207
15.4146716658598
15.423368100631
15.4323565721342
15.4416370803694
15.4502096253367
15.4590742070361
15.4682308254675
15.476679480631
15.4854201725265
15.4944529011541
15.5027776665137
15.5113944686054
15.5203033074291
15.5285041829849
15.5369970952727
15.5457820442925
15.5538590300445
15.5622280525284
15.5708891117445
15.5788422076926
15.5870873403727
15.5956245097849
15.6044537159291
15.6125749588054
15.6209882384137
15.6296935547541
15.6386909078265
15.646980297631
15.6555617241676
15.6644351874361
15.6726006874368
15.6810582241695
15.6898077976342
15.697849407831
15.7061830547599
15.7148087384207
15.7227264588137
15.7309362159387
15.7394380097957
15.7472318403848
15.755317707706
15.7636956117592
15.7713655525444
15.7793275300617
15.7875815443111
15.7951275952925
15.802965683006
15.8110958074515
15.818517968629
15.8262321665386
15.8342384011803
15.842536672554
15.8501269806598
15.8580093254976
15.8661837070674
15.8736501253694
15.8814085804033
15.8894590721693
15.8968016006674
15.9044361658975
15.9123627678597
15.9195814065539
15.9270920819802
15.9348947941385
15.9429895430289
15.9429895430289
15.9449092486175
15.9487486597948
15.9545077765606
15.9621865989151
15.9621865989151
15.9640023228697
15.967633770779
15.973080942643
15.9803438384615
15.9878987710122
15.9957457402948
16.0028847463096
16.0103157890564
16.0180388685352
16.0250539847461
16.032361137689
16.039960327364
16.047851553771
16.0550348169101
16.0625101167813
16.0702774533845
16.0773368267197
16.084688236787
16.0923316835863
16.0992671671177
16.1064946873812
16.1140142443767
16.1208258381042
16.1279294685638
16.1353251357555
16.1430128396792
16.1509925803349
16.1582643577227
16.1658281718426
16.1736840226945
16.1808319102785
16.1882718345945
16.1960037956425
16.2030277934226
16.2103438279348
16.217951899179
16.2248520071553
16.2320441518636
16.2395283333039
16.2473045514764
16.2543728063808
16.2617330980174
16.2693854263859
16.2773297914865
16.2845661933192
16.2920946318839
16.2999151071807
16.3080276192095
16.3154321679704
16.3231287534633
16.3311173756883
16.3383980346453
16.3459707303344
16.3538354627556
16.3619922319087
16.369441037794
16.3771818804112
16.3852147597606
16.392539675842
16.4001566286554
16.4080656182009
16.4162666444784
16.423759707488
16.4315448072297
16.4396219437034
16.4479911169091
16.4556523268469
16.4636055735167
16.4718508569186
16.4803881770526
16.4882175339186
16.4963389275166
16.5047523578467
16.5124578249089
16.5204553287031
16.5287448692293
16.5373264464876
16.545200060478
16.5533657112004
16.5618233986549
16.5705731228414
16.5786148837599
16.5869486814105
16.5955745157932
16.6044923869079
16.6127022947547
16.6212042393335
16.6299982206444
16.6390842386873
16.6474622934622
16.6561323849693
16.6650945132083
16.6743486781795
16.6838948798826
16.6927331183179
16.7018633934851
16.7112857053844
16.7210000540158
16.7300064393793
16.7393048614747
16.7488953203023
16.7587778158618
16.7689523481535
16.7784189171772
16.7881775229329
16.7982281654207
16.8085708446405
16.8192055605924
16.8291323132763
16.8393511026923
16.8498619288404
16.8596647917205
16.8697596913326
16.8801466276768
16.890825600753
16.9017966105613
16.9120596571017
16.9226147403741
16.9334618603785
16.944601017115
16.9550322105836
16.9657554407842
16.9767707077168
16.9870780113815
16.9976773517783
17.0085687289071
17.0187521427679
17.0302275933608
17.0409950806858
17.0520546047428
17.0634061655319
17.074049763053
17.0849853973061
17.0962130682914
17.1077327760086
17.1185445204579
17.1296483016393
17.1410441195527
17.1517319741982
17.1627118655757
17.1739837936853
17.1845477585269
17.1954037601006
17.2065517984063
17.2179918734441
17.2287239852139
17.2397481337158
17.2510643189497
17.2616725409157
17.2725727996137
17.2837650950438
17.2952494272059
17.3060257961001
17.3170942017263
17.3274546440846
17.338107123175
17.3490516389973
17.3592881915518
17.3698167808383
17.3806374068568
17.3907500696074
17.40115476909
17.4118515053047
17.4218402782515
17.4321210879303
17.4426939343411
17.452558817484
17.462715737359
17.473164693966
17.482905687305
17.4929387173761
17.5032637841793
17.5128808877145
17.5227900279817
17.532991204981
17.5424844187124
17.5522696691758
17.5623469563713
17.5717162802988
17.5813776409583
17.5913310383499
17.6015764724736
17.6111139433293
17.6209434509171
17.6310649952369
17.6404785762888
17.6501841940727
17.6601818485887
17.6694715398367
17.6790532678168
17.6879270325289
17.697092833973
17.7065506721493
17.7163005470575
17.7263424586979
17.7356764070702
17.7453023921747
17.7552204140112
17.7644304725797
17.7739325678803
17.7837266999129
17.7938128686776
17.8031910741743
17.8128613164031
17.8228235953639
17.8320779110568
17.8416242634818
17.8514626526388
17.8605930785278
17.8700155411489
17.879730040502
17.8887365765872
17.8980351494045
17.9076257589538
17.9175084052351
17.9266830882485
17.936149807994
17.9459085644715
17.954959357681
17.9643021876226
17.9739370542963
17.983863957702
17.9930828978397
18.0025938747095
18.0123968883114
18.0214919386453
18.0308790257113
18.0405581495093
18.0495293100393
18.0587925073015
18.0683477412956
18.0781950120218
18.0873343194801
18.0967656636704
18.1064890445928
18.1165044622472
18.1258119166337
18.1354114077522
18.1453029356028
18.1554865001854
18.1649621015001
18.1747297395468
18.1847894143256
18.1951411258364
18.2047848740793
18.2147206590542
18.2249484807612
18.2354683392002
18.2452802343713
18.2553841662744
18.2647801349096
18.2744681402768
18.2844481823761
18.2947202612075
18.3052843767709
18.3151405290663
18.3252887180938
18.3357289438533
18.3464612063449
18.3564855055686
18.3668018415243
18.377410214212
18.3883106236318
18.3985030697837
18.4089875526676
18.4187640722835
18.4288326286315
18.4391932217116
18.4498458515237
18.4597905180678
18.470027221344
18.4805559613523
18.4913767380926
18.5014895515649
18.5118944017693
18.5225912887058
18.5325802123743
18.5428611727749
18.5534341699075
18.5632992037722
18.5734562743689
18.5839053816976
18.5936465257585
18.6036797065513
18.6140049240762
18.6246221783332
18.6345314693222
18.6447327970433
18.6552261614964
18.6660115626816
18.6770890005988
18.6874584752481
18.6981199866294
18.7090735347428
18.7193191195882
18.7298567411657
18.7406863994753
18.7518080945168
18.7622218262905
18.7729275947962
18.7839254000339
18.7942152420037
18.8047971207055
18.8156710361394
18.8268369883053
18.8372949772033
18.8480450028334
18.8590870651955
18.8694211642896
18.8800473001158
18.8909654726741
18.9021756819644
18.9136779279867
18.9244722107411
18.9355585302276
18.9469368864461
18.9586072793966
18.9695697090792
18.9808241754939
18.9923706786406
19.0042092185193
19.0153397951301
19.026762408473
19.0384770585479
19.0504837453549
19.0627824688939
19.0743732291649
19.0862560261681
19.0984308599032
19.1108977303704
19.1226566375697
19.134707581501
19.1470505621644
19.1586855795598
19.1706126336873
19.1828317245468
19.1953428521384
19.208146016462
19.2202412175177
19.2326284553054
19.2453077298252
19.257279041077
19.2695423890609
19.2820977737768
19.2949451952248
19.3070846534048
19.3195161483169
19.3322396799611
19.3442552483372
19.3565628534455
19.3691624952858
19.3810541738581
19.3932378891625
19.4057136411989
19.4184814299674
19.430541255468
19.4428931177006
19.4555370166652
19.4674729523619
19.4797009247906
19.4922209339514
19.5040329798443
19.5161370624692
19.5285331818261
19.5412213379152
19.5532015307362
19.5654737602893
19.5780380265745
19.5898943295917
19.6020426693409
19.6144830458222
19.6262154590356
19.638239908981
19.6505563956585
19.663164919068
19.6750654792095
19.6872580760832
19.6987427096888
19.7105193800265
19.7225880870963
19.7339488308981
19.745601611432
19.7575464286979
19.7697832826959
19.7813121734259
19.793133100888
19.8042460650821
19.8156510660083
19.8273481036665
19.8383371780568
19.8496182891791
19.8611914370335
19.8720566216199
19.8832138429384
19.894663100989
19.9054043957715
19.9164377272862
19.9277630955329
19.9393805005116
19.9502899422224
19.9614914206652
19.9729849358401
19.9837704877471
19.994848076386
20.0062177017571
20.0168793638602
20.0278330626953
20.0390787982625
20.0496165705618
20.0604463795931
20.0715682253564
20.0819821078518
20.0926880270793
20.1036859830388
20.1149759757303
20.1255580051539
20.1364320713096
20.1475981741973
20.1590563138171
20.1698064901689
20.1808487032527
20.1921829530686
20.2028092396166
20.2137275628966
20.2249379229087
20.2364403196528
20.247234753129
20.2583212233372
20.2686997302774
20.2803702739498
20.2913328543541
20.3025874714906
20.314134125359
20.3249728159595
20.3361035432921
20.3475263073567
20.3592411081534
20.3702479456822
20.3815468199429
20.3931377309358
20.4050206786606
20.4171956631176
20.4296626843066
20.4414217422276
20.4534728368807
20.4658159682658
20.477451136383
20.4903783412322
20.5025975828135
20.5151088611269
20.5279121761723
20.5410075279497
20.5533949164592
20.5660743417007
20.5790458036743
20.59230930238
20.6048648378177
20.6177124099874
20.6308520188892
20.6442836645231
20.657007346889
20.6700230659869
20.6833308218169
20.695930614379
20.7088224436731
20.7220063096992
20.7354822124575
20.7492501519477
20.76231012817
20.7756621411244
20.7893061908108
20.8022422772293
20.8154704003798
20.8289905602623
20.841802756877
20.8549069902236
20.8683032603023
20.8819915671131
20.8949719106559
20.9082442909308
20.9218087079377
20.9346651616767
20.9478136521477
20.9612541793508
20.9749867432859
20.9880113439531
21.0013279813523
21.0149366554836
21.0288373663469
21.0420301139423
21.0555148982698
21.0692917193292
21.0823605771208
21.0957214716444
21.1093744029
21.1233193708877
21.1365563756074
21.1500854170592
21.1639064952431
21.1780196101589
21.1914247618069
21.2051219501869
21.2191111752989
21.232392437143
21.2459657357192
21.2598310710274
21.2729884430676
21.2874378518399
21.3011792973443
21.3142127795807
21.3275382985491
21.3411558542496
21.3550654466822
21.3682670758468
21.3817607417435
21.3955464443722
21.4086241837329
21.4219939598257
21.4356557726506
21.4486096222075
21.4618555084965
21.4753934315175
21.4892233912705
21.5023453877557
21.5157594209728
21.5294654909221
21.5424635976033
21.5557537410166
21.569335921162
21.5822101380394
21.5953763916489
21.6088346819904
21.622585009064
21.6356273728696
21.6489617734073
21.6625882106771
21.6765066846788
21.6897171954127
21.7032197428785
21.7160143270765
21.7291009480065
21.7424796056685
21.7551503000626
21.7681130311887
21.7813677990469
21.7939146036372
21.8067534449594
21.8198843230138
21.8323072378002
21.8450221893186
21.8580291775691
21.8713282025517
21.8839192642663
21.8968023627129
21.9099774978916
21.9234446698024
21.9372038784452
21.95025512382
21.9635984059269
21.9772337247659
21.9901610803369
22.0033804726399
22.016891901675
22.0306953674422
22.0447908699414
22.0581784091727
22.071857985136
22.0858295978313
22.0990932472587
22.1126489334182
22.1264966563097
22.1406364159333
22.1540682122889
22.1677920453766
22.1818079151963
22.1951158217481
22.2087157650319
22.2226077450478
22.2367917617957
22.2502678152757
22.2640359054877
22.2780960324318
22.2924481961079
22.3060923965161
22.3200286336563
22.3342569075286
22.3477772181329
22.3615895654693
22.3756939495377
22.3900903703382
22.4047788278707
22.4197593221353
22.434031853132
22.4485964208607
22.4634530253214
22.4776016665142
22.492042344439
22.5067750590959
22.5207998104849
22.5351165986059
22.5497254234589
22.563626285044
22.5778191833612
22.5923041184104
22.6070810901916
22.6221500987049
22.6365111439503
22.6511642259277
22.6661093446371
22.6803465000786
22.6948756922522
22.7096969211578
22.7248101867955
22.7392154891652
22.7539128282669
22.7689022041007
22.7831836166666
22.7977570659645
22.8126225519945
22.8277800747565
22.8422296342506
22.8569712304767
22.8720048634348
22.8863305331251
22.9009482395473
22.9158579827017
22.930059762588
22.9455535792065
22.9603394325569
22.9754173226395
22.989787249454
23.0044492130007
23.0194032132793
23.0336492502901
23.0481873240329
23.0620174345077
23.0761395817146
23.0905537656535
23.1052599863245
23.1192582437275
23.1335485378626
23.1481308687298
23.1620052363289
23.1761716406602
23.1906300817235
23.2043805595188
23.2184230740462
23.2327576253057
23.2463842132972
23.2603028380207
23.2745134994763
23.288016197664
23.3018109325837
23.3158977042354
23.3292765126192
23.3429473577351
23.356910239583
23.3701651581629
23.3837121134749
23.396551105519
23.4096821342951
23.4231051998033
23.4368203020435
23.4508274410157
23.46412661672
23.4777178291564
23.4916010783248
23.5057763642253
23.5192436868578
23.5330030462224
23.547054442319
23.5603978751477
23.5740333447084
23.5879608510011
23.601180394026
23.6146919737828
23.6284955902718
23.6425912434927
23.6569789334458
23.6706586601309
23.684630423548
23.6988942236972
23.7134500605784
23.7272979341917
23.741437844537
23.7548697916144
23.7685937754238
23.7836097959653
23.7979178532389
23.8125179472444
23.8264100779821
23.8405942454518
23.8550704496535
23.8698386905873
23.8838989682531
23.898251282651
23.912895633781
23.927832021643
23.943060446237
23.9575809075631
23.9723934056213
23.9874979404115
24.0028945119337
24.017583120188
24.0325637651744
24.0478364468928
24.0624011653433
24.0772579205258
24.0924067124403
24.1078475410869
24.1225804064656
24.1376053085763
24.1529222474191
24.1685312229939
24.1834322353007
24.1986252843397
24.2141103701106
24.2298874926136
24.2459566518487
24.2623178478158
24.277971080515
24.2939163499462
24.3101536561095
24.3256829990048
24.3415043786322
24.3576177949916
24.3740232480831
24.3907207379066
24.4067102644622
24.4229918277498
24.4395654277695
24.4554310645212
24.471588738005
24.4880384482209
24.5037801951687
24.5198139788487
24.5361397992607
24.5517576564047
24.5676675502808
24.5838694808889
24.5993634482291
24.6151494523014
24.6312274931057
24.647597570642
24.6632596849104
24.6792138359108
24.6944600236433
24.7099982481079
24.7248285093045
24.7409508072331
24.7563651418938
24.7720715132866
24.7870699214114
24.8023603662683
24.8179428478572
24.8338173661781
24.8489839212311
24.8644425130162
24.8801931415333
24.8952358067825
24.9105705087637
24.9261972474769
24.9411160229222
24.9563268350996
24.971829684009
24.9866245696505
25.001711492024
25.0170904511296
25.0317614469672
25.0467244795369
25.0619795488386
25.0765266548724
25.0913657976382
25.1064969771361
25.121920193366
25.136635446328
25.151642736022
25.1669420624481
25.1815334256062
25.1964168254964
25.2115922621186
25.2260597354729
25.2408192455592
25.2558707923776
25.2702143759281
25.2848499962105
25.2987776532251
25.3139973469717
25.3285090774503
25.343312844661
25.3574086486037
25.3717964892785
25.3864763666854
25.4004482808243
25.4147122316952
25.4292682192982
25.4431162436333
25.4572563047004
25.4716884024995
25.4854125370307
25.499428708294
25.5137369162893
25.5273371610166
25.541229442476
25.5554137606675
25.569890115591
25.5836585072466
25.5977189356342
25.6110714007539
25.6247159026056
25.6386524411893
25.6528810165051
25.667401628553
25.6812142773329
25.6953189628449
25.7097156850889
25.724404444065
25.7383852397731
25.7526580722133
25.7672229413855
25.7820798472898
25.7962287899261
25.8106697692945
25.8254027853949
25.8404278382274
25.8557449277919
25.8703540540885
25.8862552171171
25.9014484168778
25.9169336533705
25.9317109265953
25.9467802365521
25.962141583241
25.977794966662
25.993740386815
26.0089778437
26.0245073373171
26.0403288676662
26.0554424347474
26.0718480385607
26.087545679106
26.1035353563833
26.1198170703927
26.1353908211342
26.1512566086077
26.1674144328132
26.1828642937508
26.1996061914205
26.2156401258222
26.2319660969559
26.2485841048217
26.2644941494196
26.2806962307495
26.2971903488114
26.3129765036054
26.3290546951315
26.3454249233896
26.3620871883798
26.378041490102
26.3942878285563
26.4108262037426
26.4276566156609
26.4437790643114
26.4601935496938
26.4769000718083
26.4928986306549
26.5091892262335
26.5257718585442
26.5416465275869
26.5578132333617
26.5742719758685
26.5910227551074
26.6080655710783
26.6244004237813
26.6410273132163
26.6579462393834
26.6741572022826
26.6906602019137
26.707455238277
26.7235423113723
26.7399214211996
26.756592567759
26.7725557510504
26.7888109710739
26.8053582278294
26.821197521317
26.8373288515367
26.8537522184884
26.8694676221721
26.8854750625879
26.9017745397358
26.9183660536157
26.9342496042276
26.9504251915716
26.9668928156477
26.9826524764558
26.9987041739959
27.0150479082681
27.0306836792724
27.0466114870087
27.062831331477
27.0783432126774
27.0941471306099
27.1102430852744
27.126631076671
27.1423111047996
27.1582831696602
27.1745472712529
27.1901034095777
27.2059515846345
27.2220917964234
27.2385240449443
27.2542483301973
27.2702646521823
27.2865730108994
27.3021734063485
27.3180658385297
27.3342503074429
27.3507268130882
27.3664953554655
27.3825559345749
27.3989085504163
27.4145532029898
27.4304898922953
27.4467186183329
27.4622393811025
27.4780521806042
27.4941570168379
27.5095538898037
27.5252427995016
27.5412237459315
27.5564967290934
27.5720617489874
27.5879188056134
27.6030678989715
27.6185090290617
27.6342421958838
27.6492673994381
27.6645846397244
27.6801939167427
27.6960952304931
27.7112885809756
27.7267739681901
27.7425513921366
27.7576208528152
27.7729823502259
27.7886358843686
27.8045814552433
27.8198190628502
27.835348707189
27.8511703882599
27.8662841060629
27.8816898605979
27.8973876518649
27.9133774798641
27.9296593445952
27.9452332460584
27.9610991842537
27.977257159181
27.9927071708404
28.0084492192318
28.0244833043553
28.0408094262108
28.0564275847984
28.072337780118
28.0885400121697
28.1050342809534
28.1218205864692
28.137898928717
28.1542693076969
28.1709317234088
28.1878861758528
28.2041326650288
28.2206711909369
28.237501753577
28.2546243529492
28.2710389890535
28.2877456618897
28.3047443714581
28.3220351177585
28.3386179007909
28.3554927205554
28.3726595770519
28.3901184702805
28.4068694002412
28.4239123669339
28.4412473703586
28.4588744105154
28.4757934874043
28.4930046010252
28.5105077513781
28.5273029384631
28.5443901622802
28.5617694228293
28.5784407201104
28.5954040541236
28.6126594248689
28.6302068323462
28.6480462765555
28.6651777574969
28.6826012751704
28.7003168295759
28.7173244207135
28.7346240485831
28.7522157131848
28.7700994145185
28.7872751525842
28.8047429273821
28.8225027389119
28.8405545871738
28.8578984721678
28.8755343938938
28.8934623523519
28.910682347542
28.9281943794642
28.9449984481184
28.9620945535047
28.979482695623
28.9971628744734
29.0141350900558
29.0313993423703
29.0489556314169
29.0658039571954
29.0829443197061
29.1003767189488
29.1171011549235
29.1341176276303
29.1514261370691
29.16802668324
29.184919266143
29.2011038857779
29.217580542145
29.2343492352441
29.2514099650752
29.2677627316384
29.2844075349337
29.301344374961
29.3185732517203
29.3350941652117
29.3519071154352
29.3690121023907
29.3854091260782
29.4020981864978
29.4190792836495
29.4353524175332
29.4519175881489
29.4687747954967
29.4849240395766
29.5013653203885
29.5180986379325
29.5351239922085
29.5514413832165
29.5680508109567
29.5849522754288
29.601145776633
29.6176313145693
29.6344088892376
29.651478500638
29.6678401487704
29.6844938336349
29.7014395552314
29.71767731356
29.7342071086206
29.7510289404133
29.768142808938
29.7845487141948
29.8012466561836
29.8182366349045
29.8345186503574
29.8510927025424
29.8679587914594
29.8841169171085
29.9005670794897
29.9173092786028
29.9343435144481
29.9506697870254
29.9672880963347
29.9841984423761
30.0014008251495
30.017895244655
30.0346817008926
30.0517601938622
30.0681307235638
30.0847932899975
30.1017478931633
30.1189945330611
30.1365332096909
30.1543639230528
30.1714866731467
30.1889014599728
30.2066082835308
30.2236071438209
30.2408980408431
30.2584809745973
30.2753559450835
30.2925229523018
30.3099819962522
30.3277330769346
30.3457761943491
30.3631113484956
30.3807385393741
30.3986577669848
30.4168690313274
30.4343723324021
30.4521676702089
30.4702550447477
30.4886344560186
30.5063059040215
30.5242693887565
30.5425249102235
30.5610724684226
30.5789120633537
30.5970436950169
30.6154673634121
30.6341830685394
30.6521908103987
30.6704905889901
30.6880824043135
30.705966256369
30.7241421451565
30.7426100706761
30.7603700329278
30.7784220319114
30.7967660676272
30.814402140075
30.8323302492548
30.8505503951667
30.8690625778106
30.8868667971866
30.9049630532947
30.9233513461348
30.9420316757069
30.9600040420111
30.9782684450474
30.9958248848157
31.013673361316
31.0318138745484
31.0502464245129
31.0689710112094
31.0869876346379
31.1052962947985
31.1238969916912
31.1417897253159
31.1599744956726
31.1774513027615
31.1952201465823
31.2132810271352
31.2316339444202
31.2492788984372
31.2672158891863
31.2854449166674
31.3029659808806
31.3207790818258
31.338884219503
31.3562813939124
31.3739706050537
31.3919518529271
31.4092251375326
31.4267904588701
31.4446478169397
31.4617972117413
31.479238643275
31.4969721115407
31.5139976165385
31.5313151582684
31.5479247367302
31.5658263519242
31.5830200038502
31.6005056925082
31.6182834178983
31.6363531800204
31.6537149788746
31.6713688144608
31.6883146867791
31.7055525958295
31.7230825416119
31.7409045241263
31.7580185433728
31.7754245993513
31.7931226920619
31.8111128215046
31.8283949876793
31.845969190586
31.8638354302248
31.8809937065957
31.8984440196986
31.9161863695335
31.9342207561005
31.9515471793996
31.9691656394307
31.9870761361938
32.0042786696891
32.0217732399163
32.0395598468756
32.057638490567
32.0750091709904
32.0926718881459
32.1106266420334
32.1288734326529
32.1464122600045
32.1642431240882
32.1823660249039
32.2007809624517
32.2184879367315
32.2364869477434
32.2537779954873
32.2713610799633
32.2892362011713
32.3074033591114
32.3248625537835
32.3426137851877
32.3606570533239
32.3789923581922
32.3976196997925
32.4165390781249
32.4347504931893
32.4532539449858
32.4720494335144
32.491136958775
32.5095165207676
32.5281881194923
32.547151754949
32.5654074271378
32.5839551360586
32.6027948817115
32.6209266640965
32.6403504832135
32.6590663390625
32.6780742316436
32.6973741609568
32.716966127002
32.7358501297792
32.7550261692885
32.7744942455299
32.7942543585033
32.8133065082087
32.8326506946462
32.8522869178158
32.8712151777174
32.890435474351
32.9099478077167
32.9287521778145
32.9478485846443
32.9672370282062
32.9859175085001
33.004890025526
33.0241545792841
33.0437111697741
33.0625597969962
33.0817004609504
33.1011331616366
33.1208578990549
33.1398746732052
33.1591834840876
33.178784331702
33.1976772160485
33.216862137127
33.2363390949376
33.2551080894802
33.2741691207549
33.2935221887616
33.3121672935004
33.3311044349712
33.3503336131741
33.3698548281091
33.388668079776
33.4077733681751
33.4261706933062
33.4448600551693
33.4638414537645
33.4831148890917
33.501680361151
33.5205378699424
33.5396874154657
33.5591289977212
33.5778626167087
33.5968882724282
33.6152059648798
33.6338156940635
33.6527174599792
33.6709112626269
33.6893971020067
33.7071749781186
33.7252448909625
33.7436068405384
33.7612608268464
33.7792068498865
33.7974449096586
33.8159750061628
33.834797139399
33.8539113093672
33.8723175160675
33.8910157594999
33.9100060396643
33.9282883565608
33.9468627101893
33.9647291005499
33.9828875276425
34.0013379914672
34.0200804920239
34.0391150293126
34.0574416033335
34.0760602140863
34.0949708615713
34.1141735457882
34.1326682667373
34.1514550244183
34.1695338188315
34.1879046499766
34.2065675178539
34.2255224224632
34.2447693638045
34.2643083418779
34.2831393566833
34.3022624082208
34.3216774964903
34.3403846214919
34.3593837832255
34.3786749816912
34.397258216889
34.4161334888188
34.4353007974806
34.4547601428745
34.4745115250004
34.4935549438584
34.5118903994485
34.5315178917706
34.5504374208247
34.5696489866109
34.5891525891292
34.6089482283795
34.6280359043618
34.6474156170762
34.6670873665227
34.6860511527012
34.7053069756117
34.7248548352544
34.744694731629
34.7638266647357
34.7832506345745
34.8029666411453
34.8229746844482
34.8432747644831
34.86286688125
34.882751034749
34.9019272249801
34.9223954519432
34.9421557156384
34.9622080160656
34.9825523532249
35.0031887271162
35.0231171377396
35.043337585095
35.0628500691825
35.082654590002
35.1027511475536
35.1221397418372
35.1418203728529
35.1617930406006
35.1820577450804
35.2016144862922
35.2214632642361
35.2416040789121
35.26103693032
35.2807618184601
35.2997787433322
35.3200877049363
35.3396887032725
35.3595817383407
35.379766810141
35.3992439186734
35.4190130639378
35.4390742459342
35.4584274646627
35.4780727201233
35.4980100123159
35.5172393412405
35.5367607068972
35.556574109286
35.5766795484068
35.5960770242596
35.6157665368445
35.6357480861615
35.6550216722105
35.6745872949915
35.6934449545046
35.7135946507498
35.733036383727
35.7517701534363
35.7707959598776
35.790113803051
35.8097236829564
35.8286255995938
35.8478195529634
35.8663055430649
35.8850835698985
35.9041536334642
35.9235157337619
35.9421698707917
35.9611160445535
35.9803542550474
35.9988845022733
36.0177067862313
36.0368211069213
36.0562274643434
36.0749258584975
36.0949162893837
36.1141987570019
36.1337732613522
36.1526398024346
36.1717983802489
36.1912489947954
36.2109916460739
36.2310263340844
36.250353058827
36.2699718203016
36.2898826185083
36.3090854534471
36.3285803251179
36.3483672335207
36.3684461786556
36.3878171605225
36.4074801791215
36.4274352344526
36.4476823265157
36.4672214553108
36.488052620838
36.5081758230973
36.5275910620886
36.5472983378119
36.5672976502673
36.5865889994548
36.6061723853743
36.6260478080259
36.6462152674095
36.6666747635251
36.6864262963728
36.7064698659526
36.7268054722644
36.7464331153083
36.7663527950842
36.7865645115922
36.8070682648322
36.8278640548042
36.8489518815084
36.8693317449445
36.8900036451127
36.909967582013
36.9302235556453
36.9507715660097
36.9716116131061
36.9917436969346
37.0121678174952
37.0328839747877
37.0538921688124
37.074192399569
37.0947846670578
37.1156689712786
37.1358453122314
37.1563136899163
37.1770741043332
37.1981265554822
37.2184710433632
37.2391075679763
37.2600361293215
37.2802567273987
37.3007693622079
37.3215740337492
37.3416707420225
37.3620594870279
37.3827402687654
37.4037130872349
37.4239779424364
37.44453483437
37.4643837630357
37.4845247284334
37.5049577305631
37.5256827694249
37.5456998450188
37.5660089573447
37.5866101064027
37.6075032921927
37.6276885147147
37.6481657739688
37.668935069955
37.6889964026732
37.7103497721235
37.7309951783058
37.7509326212201
37.7711621008666
37.791683617245
37.8124971703555
37.8326027601981
37.8530003867727
37.8726900500794
37.8926717501181
37.9129454868889
37.9325112603917
37.9523690706266
37.9725189175935
37.9929608012925
38.0136947217235
38.0337206788866
38.0540386727817
38.0746487034089
38.0945507707682
38.1147448748594
38.1342310156828
38.1540091932382
38.1740794075256
38.1944416585451
38.2140959462966
38.2340422707802
38.2542806319958
38.2738110299435
38.2946334646233
38.3147479360351
38.3351544441789
38.3558529890548
38.3758435706628
38.3961261890028
38.4167008440748
38.4365675358789
38.4567262644151
38.4771770296833
38.4979198316835
38.5189546704158
38.5392815458802
38.5599004580766
38.580811407005
38.6020143926655
38.6225094150581
38.6432964741827
38.6643755700394
38.6857467026281
38.7074098719488
38.7283650780017
38.7496123207865
38.7711516003034
38.7919829165524
38.8131062695334
38.8345216592465
38.8552290856916
38.8762285488688
38.897520048778
38.9181035854193
38.9389791587926
38.959146768898
38.9796064157354
39.0003580993049
39.0214018196064
39.04273757664
39.0643653704056
39.0852852009033
39.106497068133
39.1270009720948
39.1477969127887
39.1688848902145
39.1902649043725
39.2109369552625
39.2319010428845
39.2531571672386
39.2747053283247
39.2955455261429
39.3166777606932
39.3371020319755
39.3588183399898
39.3798266847362
39.4011270662147
39.4227194844252
39.4436039393677
39.4647804310423
39.486248959449
39.5070095245877
39.5280621264584
39.5484067650612
39.5690434403961
39.589972152463
39.6111929012619
39.631705686793
39.652510509056
39.6736073680511
39.6939962637783
39.7146771962375
39.7356501654288
39.7559151713521
39.7774722140074
39.7983212933949
39.8194624095143
39.8398955623658
39.8606207519494
39.881637978265
39.9029472413127
39.9235485410924
39.9444418776042
39.965627250848
39.9871046608239
40.0078741075318
40.0289355909718
40.0502891111438
40.0709346680479
40.091872261684
40.1131018920522
40.1336235591525
40.1544372629847
40.1755430035491
40.1969407808455
40.2186305948739
40.2396124456344
40.2608863331269
40.2824522573515
40.3033102183082
40.3244602159969
40.3459022504176
40.3666363215704
40.3876624294552
40.4089805740721
40.4305907554211
40.4514929735021
40.4726872283151
40.4941735198602
40.5159518481374
40.5370222131466
40.5583846148878
40.5800390533611
40.6009855285665
40.6232240405039
40.6447545891734
40.6665771745749
40.6886917967084
40.7110984555741
40.7327971511717
40.7547878835014
40.7760706525632
40.797645458357
40.8195123008829
40.8416711801408
40.8631220961308
40.8848650488528
40.9069000383069
40.928227064493
40.9498461274111
40.9717572270614
40.9939603634436
41.015455536558
41.0372427464043
41.0593219929828
41.0806932762933
41.1023565963358
41.1243119531104
41.146559346617
41.1680987768557
41.1899302438264
41.2120537475292
41.234469287964
41.2561768651309
41.2781764790299
41.3004681296608
41.3230518170239
41.344927541119
41.3670953019461
41.3895550995053
41.4113069337966
41.4333508048199
41.4556867125752
41.4773146570626
41.499234638282
41.5204466562335
41.5419507109171
41.5637468023327
41.5858349304804
41.6072150953601
41.6288872969718
41.6508515353156
41.6731078103915
41.6946561221994
41.7164964707393
41.7376288560113
41.7590532780154
41.7807697367515
41.8027782322197
41.8240787644199
41.8456713333522
41.8675559390165
41.8887325814129
41.9092012605413
41.9309619764017
41.9520147289943
41.9733595183188
41.9949963443755
42.0169252071641
42.0381461066849
42.0596590429376
42.0814640159225
42.1025610256393
42.1239500720883
42.1456311552692
42.1676042751823
42.1898694318274
42.2114266252045
42.2332758553137
42.2544171221549
42.2758504257282
42.2975757660335
42.3195931430709
42.3409025568404
42.3635040073418
42.3853974945754
42.407583018541
42.4290605792386
42.4508301766683
42.4728918108301
42.4952454817238
42.5178911893497
42.5398289337076
42.5620587147975
42.5835805326195
42.6053943871736
42.6275002784597
42.6498982064779
42.6715881712281
42.6935701727103
42.7158442109246
42.738410285871
42.7612683975494
42.7834185459598
42.8058607311023
42.8275949529769
42.8496212115835
42.8719395069222
42.8945498389929
42.9174522077957
42.9406466133305
42.9631330555974
42.9859115345963
43.0089820503272
43.0313446027903
43.0539991919853
43.0769458179125
43.1001844805716
43.1227151799629
43.1455379160861
43.1686526889415
43.1920594985288
43.2147583448483
43.2367492278998
43.2600321476833
43.2826071041989
43.3054740974465
43.3286331274262
43.3520841941379
43.3748272975817
43.3978624377575
43.4211896146654
43.4438088283054
43.4667200786774
43.4899233657814
43.5134186896175
43.5362060501856
43.5592854474858
43.5826568815181
43.6053203522824
43.6282758597787
43.6515234040071
43.6740629849676
43.6968946026601
43.7200182570846
43.7424339482412
43.7651416761299
43.7881414407506
43.8104332421034
43.8330170801882
43.855892955005
43.8780608665539
43.9005208148349
43.9222727998479
43.944316821593
43.9666528800701
43.9882809752793
44.0102011072205
44.0324132758937
44.0549174812991
44.0767137234364
44.0988020023058
44.1201823179073
44.1418546702408
44.1638190593064
44.185075485104
44.2066239476337
44.2284644468954
44.2505969828892
44.272021555615
44.2937381650729
44.3157468112628
44.3380474941848
44.3596402138389
44.3815249702249
44.4037017633431
44.4261705931933
44.4489314597755
44.4709843630898
44.4933293031361
44.5149662799145
44.5368952934249
44.5591163436674
44.580629430642
44.6034345543486
44.6255317147872
44.6479209119579
44.6706021458607
44.6935754164955
44.7168407238623
44.7393980679612
44.7622474487922
44.7853888663552
44.8088223206502
44.8315478116773
44.8545653394365
44.8778749039277
44.9004765051509
44.9233701431062
44.9465558177936
44.970033529213
44.9938032773645
45.016865062248
45.0392188838635
45.0628647422112
45.0858026372908
45.1090325691025
45.1325545376463
45.1563685429221
45.17947458493
45.2028726636699
45.2265627791419
45.2495449313459
45.272819120282
45.2963853459501
45.3202436083503
45.3443939074825
45.3678362433468
45.3915706159431
45.4155970252715
45.4389154713319
45.4625259541244
45.4864284736489
45.5096230299055
45.5331096228942
45.5558882526148
45.5789589190676
45.6023216222524
45.6259763621692
45.6489231388181
45.672161952199
45.695692802312
45.7195156891571
45.7436306127342
45.7670375730433
45.7907365700845
45.8147276038577
45.838010674363
45.8615857816004
45.8854529255698
45.9086121062712
45.9320633237047
45.9548065778703
45.9778418687679
46.0011691963976
46.0247885607593
46.047699961853
46.0719033996788
46.0953988742367
46.1191863855266
46.1422659335486
46.1656375183026
46.1883011397886
46.2112567980068
46.2345044929569
46.2570442246391
46.2798759930534
46.3029997981997
46.3254156400781
46.3481235186885
46.371123434031
46.3944153861055
46.4169993749121
46.4398754004507
46.4630434627214
46.4855035617241
46.5082556974589
46.5312998699257
46.5546360791246
46.5772643250555
46.6001846077185
46.6233969271136
46.6459012832406
46.6686976760998
46.690786105691
46.7131665720142
46.7358390750695
46.7588036148568
46.7820601913762
46.8056088046277
46.8294494546112
46.8525821413267
46.8760068647743
46.8987236249539
46.9227324218656
46.9460332555094
46.9696261258852
46.992511032993
47.0156879768329
47.0391569574049
47.0629179747089
47.0859710287449
47.109316119513
47.1329532470132
47.1568824112454
47.1811036122097
47.204616849906
47.2284221243343
47.2525194354947
47.2759087833872
47.2995901680117
47.3235635893683
47.3478290474569
47.3713865422776
47.3962360738303
47.4193776421151
47.4428112471319
47.4665368888807
47.4905545673617
47.5148642825746
47.5394660345197
47.5633598231967
47.5875456486059
47.612023510747
47.6367934096203
47.6608553452255
47.6852093175629
47.7088553266323
47.7327933724337
47.7570234549672
47.7815455742327
47.8053597302303
47.8294659229599
47.8528641524216
47.8775544186153
47.9015367215411
47.925811061199
47.9503774375889
47.9742358507108
47.9983863005648
48.0228287871508
48.0475633104689
48.0715898705191
48.0959084673013
48.1205191008155
48.1454217710618
48.1696164780402
48.1941032217506
48.217882002193
48.2419528193675
48.2663156732741
48.2909705639127
48.3149174912834
48.3391564553861
48.3636874562208
48.3875104937876
48.4116255680865
48.4360326791174
48.4597318268804
48.4837230113754
48.5070062326024
48.5305814905616
48.5544487852527
48.5776081166759
48.6010594848312
48.6248028897185
48.6478383313379
48.6721658096893
48.6957853247728
48.7196968765883
48.7429004651359
48.7663960904155
48.7901837524272
48.8142634511709
48.8386351866467
48.8622989588546
48.8862547677944
48.9095026134664
48.9330424958703
48.9568744150064
48.9809983708745
49.0054143634746
49.0301223928068
49.054122458871
49.0784145616673
49.1019987011957
49.1258748774561
49.1500430904485
49.174503340173
49.1982556266295
49.2222999498181
49.2466363097388
49.2702647063915
49.2941851397762
49.318397609893
49.3419021167419
49.3666986603228
49.3907872406357
49.4151678576807
49.4398405114578
49.4638052019669
49.4880619292081
49.5126106931813
49.5364514938865
49.5605843313238
49.5850092054932
49.6097261163946
49.6347350640281
49.6590360483936
49.6836290694912
49.7085141273208
49.7336912218824
49.7581603531762
49.7829215212019
49.8079747259598
49.8323199674496
49.8569572456716
49.8808865606255
49.9051079123115
49.9296213007296
49.9544267258798
49.9795241877619
50.0039136863762
50.0285952217224
50.0525687938008
50.0768344026112
50.1013920481536
50.1262417304281
50.1513834494346
50.1768172051732
50.2015429976438
50.2265608268465
50.2508706927813
50.2754725954481
50.3013665348469
50.3255525109778
50.3500305238407
50.3748005734357
50.3998626597628
50.4242167828219
50.448862942613
50.4738011391362
50.4980313723915
50.5225536423788
50.5473679490981
50.5714742925495
50.595872672733
50.6205630896485
50.644545543296
50.6688200336756
50.6933865607873
50.718245124631
50.7423957252068
50.7658383625146
50.7905730365544
50.8145997473263
50.8389184948303
50.8635292790663
50.8884321000344
50.9126269577345
50.9371138521667
50.9618927833309
50.9859637512272
51.0103267558555
51.0349817972159
51.0599288753083
51.0851679901328
51.1096991416893
51.1345223299779
51.1586375549985
51.1830448167512
51.2077441152359
51.2327354504527
51.2570188224015
51.2825942310824
51.3074616764953
51.3326211586403
51.3570726775174
51.3818162331264
51.4068518254676
51.4311794545408
51.455799120346
51.4807108228833
51.5059145621526
51.530410338154
51.5551981508875
51.580278000353
51.6056498865505
51.6313138094801
51.6562697691418
51.6815177655355
51.7070577986612
51.731889868519
51.7570139751089
51.7834301184308
51.8081382984847
51.8331385152707
51.8584307687888
51.8840150590389
51.9088913860211
51.9340597497353
51.9595201501815
51.9852725873599
52.0103170612702
52.0356535719126
52.0602821192871
52.0852027033936
52.1104153242322
52.1359199818028
52.1607166761055
52.1858054071402
52.211186174907
52.2358589794058
52.2608238206367
52.2870806985996
52.3116296132945
52.3374705647216
52.3626035528807
52.3880285777718
52.413745639395
52.4387547377502
52.4640558728375
52.4896490446568
52.5155342532082
52.5417114984916
52.5671807805071
52.5929420992546
52.6179954547342
52.6433408469459
52.6689782758896
52.6949077415653
52.7201292439731
52.7456427831129
52.7714483589848
52.7975459715888
52.8229356209248
52.8486173069928
52.8745910297929
52.8998567893251
52.9254145855893
52.9512644185855
52.9764062883138
53.0018401947742
53.0275661379666
53.053584117891
53.0798941345475
53.1054961879361
53.1313902780567
53.1575764049094
53.1830545684941
53.2088247688108
53.2348870058596
53.2602412796405
53.2858875901534
53.3118259373984
53.3370563213754
53.3625787420845
53.3883931995256
53.4144996936988
53.439898224604
53.4655887922413
53.4915713966106
53.517846037712
53.5434127155454
53.5692714301109
53.5954221814084
53.620864969438
53.6465997941996
53.6726266556933
53.697945553919
53.7235564888768
53.7484594605666
53.7736544689885
53.7991415141424
53.8259205960284
53.8509917146465
53.8763548699965
53.9020100620787
53.9279572908929
53.9531965564391
53.9787278587174
54.0045511977278
54.0306665734701
54.0570739859446
54.0827734351511
54.1087649210896
54.1350484437602
54.1606240031629
54.1864915992976
54.2126512321643
54.2391029017631
54.264846608094
54.2908823511569
54.3162101309519
54.3428299474789
54.3687418007379
54.394945690729
54.4204416174522
54.4462295809074
54.4723095810947
54.497681618014
54.5233456916654
54.5493018020488
54.5755499491642
54.6020901330118
54.6279223535913
54.6540466109029
54.6794629049466
54.7051712357223
54.7311716032301
54.7574640074699
54.7840484484418
54.8099249261457
54.8360934405817
54.8635539917497
54.8893065796498
54.9153512042819
54.9416878656461
54.9683165637424
54.9952372985706
55.021450070131
55.0479548784234
55.0747517234478
55.1008406052043
55.1272215236928
55.1538944789134
55.179859470866
55.2061164995507
55.2326655649675
55.2595066671163
55.2866398059971
55.31306498161
55.339782193955
55.365791443032
55.393092728841
55.4196860513821
55.4465714106553
55.4737488066605
55.5002182393977
55.526979708867
55.5540332150684
55.5803787580018
55.6070163376672
55.6339459540647
55.6601676071943
55.6866812970559
55.7134870236496
55.7405847869753
55.766974587033
55.7936564238229
55.8206302973447
55.8468962075986
55.8734541545846
55.8993041383026
55.9264461587527
55.9528802159348
55.978606309849
56.0046244404952
56.0309346078735
56.0575368119838
56.0834310528262
56.1096173304006
56.1360956447071
56.1628659957456
56.1889283835162
56.2152828080188
56.2419292692535
56.2678677672202
56.294098301919
56.3196208733499
56.3454354815127
56.3715421264077
56.3979408080347
56.4236315263937
56.4506142814848
56.4768890733079
56.5034559018631
56.5293147671504
56.5554656691697
56.581908607921
56.6076435834044
56.6336705956198
56.6599896445673
56.6856007302469
56.7115038526585
56.7376990118021
56.7641862076779
56.7899654402856
56.8160367096254
56.8424000156973
56.8690553585012
56.8960027380371
56.9222421543051
56.9487736073052
56.9765970970373
57.0027126235015
57.0291201866977
57.0558197866259
57.0828114232863
57.1100950966786
57.136670806803
57.1635385536595
57.190698337248
57.2181501575686
57.2448940146212
57.2719299084059
57.2992578389226
57.3258778061714
57.3527898101522
57.3799938508651
57.40748992831
57.434278042487
57.461358193396
57.4887303810371
57.5173946054102
57.5443508665154
57.5715991643527
57.5991394989219
57.6269718702233
57.6540962782567
57.6815127230221
57.7092212045196
57.7372217227491
57.7645142777107
57.7920988694044
57.81897549783
57.8461441629878
57.8736048648776
57.9013576034994
57.9284023788533
57.9557391909393
57.9833680397573
58.0102889253073
58.0375018475894
58.0650068066036
58.0918038023498
58.118892834828
58.1462739040383
58.1739470099807
58.2009121526551
58.2281693320616
58.2557185482001
58.2835598010706
58.3106930906732
58.3381184170079
58.3658357800746
58.3938451798734
58.4211466164042
58.4487400896671
58.475625599662
58.5028031463889
58.529272729848
58.556034350039
58.5830880069622
58.6114337006173
58.6380714310045
58.6650011981238
58.6922230019752
58.7197368425585
58.746542719874
58.7736406339214
58.801030584701
58.8277125722125
58.8546865964562
58.8819526574319
58.9085107551396
58.9353608895794
58.9625030607512
58.9899372686551
59.016663513291
59.043681794659
59.0699921127591
59.0965944675912
59.1224888591553
59.1496752874515
59.1761537524797
59.20292425424
59.2299867927324
59.2573413679568
59.2839879799132
59.3109266286017
59.3381573140223
59.3656800361749
59.3934947950595
59.4206015906762
59.448000423025
59.4756912921058
59.5026741979186
59.5299491404636
59.5575161197405
59.5853751357495
59.6125261884906
59.6399692779637
59.6667044041689
59.6947315671061
59.7220507667753
59.7496620031766
59.77756527631
59.8047605861754
59.8322479327729
59.8600273161024
59.888098736164
59.9154621929576
59.9431176864833
59.971065216741
59.9993047837308
60.0268363874526
60.0546600279065
60.0827757050924
60.1111834190104
60.1388831696604
60.1668749570425
60.1941587811567
60.2217346420028
60.2496025395811
60.2767624738914
60.3042144449337
60.3319584527081
60.3599944972145
60.387322578453
60.4149426964235
60.4428548511261
60.4710590425608
60.4985552707275
60.5263435356262
60.553423837257
60.5807961756199
60.6084605507148
60.6364169625417
60.6646654111007
60.6932058963918
60.7210384184149
60.74916297717
60.7765795726572
60.8052882048765
60.8332888738278
60.8615815795111
60.8891663219266
60.917043101074
60.9452119169535
60.9726727695651
61.0004256589087
61.0284705849844
61.0558075477921
61.0834365473318
61.1113575836037
61.1385706566075
61.1660757663434
61.1928729128114
61.2199620960114
61.2473433159435
61.2740165726076
61.3009818660038
61.328239196132
61.3557885629923
61.3826299665846
61.410763406909
61.4381888839654
61.4659063977539
61.4929159482745
61.520217535527
61.5478111595117
61.5756968202284
61.6038745176771
61.6313442518579
61.6591060227707
61.6871598304156
61.7155056747925
61.7431435559015
61.7710734737426
61.7992954283157
61.8268094196208
61.854615447658
61.8817135124272
61.9101036139285
61.9377857521619
61.9657599271273
61.9940261388247
62.0225843872542
62.0504346724158
62.0785769943094
62.107011352935
62.1357377482927
62.1637561803825
62.1920666492043
62.2206691547582
62.2485636970441
62.276750276062
62.305228891812
62.3339995442941
62.3620622335082
62.3904169594544
62.4190637221326
62.4470025215429
62.4762333576852
62.5037562305596
62.531571140166
62.5596780865044
62.587077069575
62.6147680893775
62.6427511459122
62.6710262391788
62.6995933691776
62.7284525359083
62.7566037393712
62.785046979566
62.813782256493
62.8428095701519
62.871128920543
62.8997403076661
62.9286437315212
62.9568391921084
62.9843266894276
63.0121062234789
63.0411777942622
63.0695414017776
63.0981970460251
63.1271447270046
63.1553844447161
63.1839161991597
63.2117399903353
63.239855818243
63.2682636828828
63.2959635842546
63.3239555223584
63.3512394971943
63.3788155087623
63.4066835570623
63.4348436420943
63.4632957638584
63.4910399223546
63.5190761175828
63.546404349543
63.5740246182354
63.6029369236597
63.6301412658161
63.6586376447046
63.6864260603251
63.7145065126777
63.7418790017623
63.7695435275789
63.7975000901277
63.8257486894084
63.8542893254212
63.8831219981661
63.911246707643
63.939663453852
63.967372236793
63.9953730564661
64.0246659128712
64.0532508060084
64.0821277358776
64.1102967024789
64.1387577058122
64.1685107458776
64.197555822675
64.2258929362045
64.2545220864661
64.2834432734596
64.3126564971853
64.341161757643
64.3699590548327
64.3990483887545
64.4284297594083
64.4571031667942
64.4860686109122
64.5143260917622
64.5428756093442
64.5717171636583
64.6008507547044
64.6302763824826
64.6589940469929
64.6880037482352
64.7163054862095
64.7458992609159
64.7737850723544
64.8019629205249
64.8304328054274
64.859194727062
64.8882486854287
64.9175946805274
64.9472327123582
64.977162780921
65.0063848862158
65.0348990282427
65.0637052070017
65.0928034224927
65.1221936747158
65.1508759636709
65.179850289358
65.2091166517773
65.2376750509285
65.2665254868118
65.2956679594272
65.3261024687746
65.3548290148541
65.3838475976656
65.4131582172092
65.4417608734848
65.4706555664925
65.4988422962322
65.527321062704
65.5560918659078
65.5841547058437
65.6125095825116
65.6411564959116
65.6700954460437
65.6983264329077
65.7268494565039
65.7556645168321
65.7847716138923
65.8131707476846
65.8418619182089
65.8708451254653
65.9001203694538
65.9286876501743
65.9575469676268
65.9866983218114
66.015141712728
66.0438771403767
66.0729046047575
66.1022241058703
66.1308356437151
66.159739218292
66.188934829601
66.217422477642
66.246202162415
66.2752738839201
66.3036376421573
66.3322934371265
66.3612412688278
66.3904811372611
66.4190130424265
66.4478369843239
66.4769529629533
66.5053609783148
66.5340610304084
66.563053119234
66.5923372447917
66.6219134070814
66.6507816061032
66.679941841857
66.7093941143429
66.7391384235608
66.7691747695108
66.7985031521928
66.8281235716069
66.858036027753
66.8882405206311
66.9177370502414
66.9475256165836
66.976606219658
67.0049788594644
67.0336435360028
67.0626002492733
67.0908489992758
67.1193897860104
67.148222609477
67.1773474696757
67.2067643666064
67.2354733002692
67.2644742706641
67.293767277791
67.3233523216499
67.3532294022409
67.383398519564
67.4128596736191
67.4426128644062
67.4726580919254
67.5029953561766
67.5326246571599
67.5625459948753
67.5927593693227
67.6222647805021
67.6520622284137
67.6821517130572
67.7115332344328
67.7412067925405
67.7711723873802
67.8004300189519
67.8299796872558
67.8598213922916
67.8899551340595
67.9203809125595
67.9500987277915
67.9801085797556
68.0104104684517
68.0400043938799
68.0698903560401
68.1000683549324
68.1305383905567
68.1603004629131
68.1893545720015
68.2187007178219
68.2493389003745
68.279269119659
68.3094913756757
68.3390056684243
68.3688119979051
68.3979103641179
68.4273007670627
68.4559832067396
68.4849576831485
68.5142241962895
68.5437827461625
68.5736333327676
68.6027759561047
68.6322106161739
68.6619373129752
68.6919560465085
68.7212668167738
68.7508696237712
68.7807644675006
68.8109513479621
68.8414302651557
68.8712012190813
68.9012642097389
68.9306192371286
68.9602663012503
68.9902054021041
69.02043653969
69.0509597140079
69.0807749250579
69.1098821728399
69.1392814573539
69.1689727786
69.1989561365782
69.2292315312884
69.2587989627306
69.2886584309049
69.3178099358113
69.3482534774497
69.3779890558202
69.4080166709227
69.4393363227573
69.4689480113239
69.4988517366226
69.5290474986533
69.558535297416
69.5883151329109
69.6183870051377
69.6477509140967
69.6774068597876
69.7073548422107
69.7375948613657
69.7671269172529
69.796951009872
69.8270671392233
69.8574753053066
69.8881755081219
69.9181677476693
69.9484520239487
69.9790283369602
70.0098966867037
70.0410570731793
70.0715094963869
70.1022539563266
70.1322904529984
70.1626189864022
70.193239556538
70.2241521634059
70.2553568070058
70.2858534873378
70.3166422044019
70.3477229581979
70.3780957487261
70.4087605759863
70.4397174399785
70.4709663407028
70.5015072781592
70.5323402523476
70.563465263268
70.5938823109205
70.6245913953051
70.6555925164217
70.6858856742704
70.7164708688511
70.7473481001638
70.7775173682086
70.8079786729855
70.8387320144944
70.8687773927354
70.8991148077084
70.9287442594135
70.9586657478506
70.9888792730198
71.019384834921
71.0501824335543
71.0812720689196
71.111653741017
71.1423274498464
71.1722931954078
71.2025509777014
71.233100796727
71.2639426524846
71.2940765449743
71.324502474196
71.3552204401498
71.3852304428356
71.4155324822535
71.4461265584034
71.4760126712854
71.5051908208994
71.5346610072455
71.5644232303237
71.5954774901339
71.6258237866761
71.6554621199504
71.6853924899567
71.7156148966951
71.7461293401656
71.7769358203681
71.8070343373026
71.8374248909692
71.8681074813678
71.8980821084985
71.9283487723613
71.9589074729561
71.9897582102829
72.0209009843418
72.0513357951328
72.0820626426558
72.1130815269109
72.144392447898
72.1749954056171
72.2068904000683
72.2380774312516
72.2685564991669
72.2993276038143
72.3303907451937
72.3617459233052
72.3923931381487
72.4233323897242
72.4545636780318
72.4860870030715
72.5169023648432
72.548009763347
72.5794091985828
72.6111006705507
72.6420841792506
72.6733597246826
72.7049273068466
72.7357869257427
72.7669385813708
72.798382273731
72.8291180028233
72.8601457686475
72.8914655712039
72.9220774104922
72.9529812865127
72.9841771992652
73.0146651487497
73.0454451349663
73.0765171579149
73.1078812175956
73.1385373140083
73.1694854471531
73.20072561703
73.2312578236389
73.2620820669798
73.2931983470528
73.3236066638579
73.354307017395
73.3852994076641
73.4155838346653
73.4461602983986
73.4770287988639
73.5091893360612
73.5416419099906
73.5723865206521
73.6034231680456
73.6337518521712
73.6643725730288
73.6962853306184
73.7264901249401
73.7569869559939
73.7877758237797
73.8188567282976
73.8492296695475
73.8798946475295
73.9098516622435
73.9421007136896
73.9746418018677
74.0064749267778
74.0386000884201
74.0710172867943
74.1037265219007
74.133727793739
74.1640211023095
74.1946064476119
74.2254838296465
74.256653248413
74.2871147039117
74.3178681961424
74.3489137251051
74.3792512907999
74.4098808932267
74.4408025323856
74.4720162082765
74.5035219208995
74.5343196702545
74.5654094563416
74.5967912791608
74.628465138712
74.6594310349952
74.6906889680105
74.7222389377579
74.7530809442373
74.7842149874487
74.8156410673922
74.8473591840678
74.8783693374753
74.909671527615
74.9422657544867
74.9731520180904
75.0043303184262
75.0358006554941
75.067563029294
75.098617439826
75.12996388709
75.161602371086
75.1925328918141
75.2237554492743
75.2552700434665
75.2860766743908
75.3171753420471
75.3485660464354
75.3802487875559
75.4112235654083
75.4424903799928
75.4740492313094
75.504900119358
75.5370430441387
75.5694780056514
75.6012050038962
75.632224038873
75.6635351105819
75.6951382190228
75.7260333641958
75.7572205461008
75.7886997647379
75.819471020107
75.8505343122082
75.8818896410414
75.9135370066067
75.944476408904
75.9757078479334
76.0072313236949
76.0380468361883
76.0691543854139
76.1005539713715
76.1322455940611
76.1632292534828
76.1955049496365
76.2270726825223
76.2579324521402
76.2890842584901
76.320528101572
76.351263981386
76.3822918979321
76.4136118512102
76.4452238412203
76.4761278679625
76.5073239314368
76.5388120316431
76.5695921685815
76.6006643422519
76.6320285526543
76.6636847997888
76.6946330836554
76.725873404254
76.7574057615847
76.7882301556474
76.8193465864421
76.850755053969
76.8824555582278
76.9134480992187
76.9447326769417
76.9763092913967
77.0071779425838
77.0383386305029
77.0697913551541
77.1015361165373
77.1325729146526
77.1639017494999
77.1955226210793
77.2264355293907
77.2576404744342
77.2891374562097
77.3199264747173
77.3510075299569
77.3823806219286
77.4140457506324
77.4470029160681
77.478252118236
77.5097933571359
77.5406266327678
77.5717519451318
77.6031692942278
77.6348786800559
77.6658801026161
77.6971735619082
77.7287590579325
77.7596365906888
77.7908061601771
77.8222677663975
77.85402140935
77.8870670890345
77.918404805451
77.9500345585996
77.9809563484803
78.013170175093
78.0446760384377
78.0774739385145
78.1085638753234
78.1389458488643
78.1706198591372
78.2015859061422
78.2328439898793
78.2643941103484
78.2952362675496
78.3263704614828
78.357796692148
78.3905149595454
78.4225252636747
78.4538276045361
78.4854219821296
78.5173083964551
78.5494868475127
78.5809573353023
78.613719859824
78.6467744210777
78.6781210190635
78.7107596537813
78.7416903252312
78.7729130334131
78.8044277783271
78.8352345599731
78.8663333783512
78.8977242334613
78.9294071253035
78.9603820538778
78.9916490191841
79.0232080212224
79.0540590599928
79.0852021354952
79.1176372477297
79.1503643966963
79.1833835823949
79.2156948048255
79.2482980639882
79.2811933598829
79.3123806925097
79.3438600618686
79.3746314679595
79.4056949107824
79.4370503903374
79.4686979066245
79.5016374596436
79.5338690493947
79.5653926758779
79.5962083390932
79.6273160390405
79.6587157757199
79.6904075491313
79.7213913592747
79.7526672061502
79.7842350897578
79.8150950100974
79.8462469671691
79.8776909609728
79.9094269915086
79.9404550587764
79.9727751627762
80.0043873035082
80.0352914809721
80.0684876951681
80.1009759460962
80.1337562337563
80.1648285581485
80.1961929192727
80.227849317129
80.2587977517173
80.2900382230377
80.3225707310901
80.3553952758746
80.3885118573911
80.4209204756397
80.4536211306203
80.485613822333
80.5178985507778
80.5494753159545
80.5823441178634
80.6165049565043
80.6479578318772
80.6797027439822
80.7107396928192
80.7420686783883
80.7736897006894
80.8046027597226
80.8358078554879
80.8673049879852
80.9000941572145
80.9331753631759
80.9645486058694
80.9962138852949
81.0291712014524
81.062420554342
81.0949619439637
81.1287953703174
81.1599208334031
81.1913383332209
81.2230478697708
81.2540494430527
81.2853430530667
81.3169286998127
81.3498063832907
81.3829761035009
81.414437860443
81.4461916541172
81.4772374845235
81.5085753516618
81.5402052555322
81.5741271961346
81.6073411734691
81.6388471875356
81.6696452383342
81.7007353258648
81.7321174501275
81.7637916111222
81.794757808849
81.8260160433078
81.8575663144987
81.8914086224216
81.9225429670766
81.9539693484636
81.9856877665827
82.0186982214338
82.052000713017
82.0835952413322
82.1144818063795
82.1456604081589
82.1771310466703
82.2088937219137
82.2429484338892
82.2742951825967
82.3059339680363
82.339864790208
82.3730876491117
82.4066025447474
82.4404094771152
82.474508446215
82.5058994520469
82.5395824946109
82.5705575739069
82.6018246899349
82.633383842695
82.6662350321872
82.6993782584114
82.7328135213676
82.7665408210559
82.8005601574763
82.8338715306287
82.8674749405132
82.9013703871297
82.9345578704782
82.9680373905589
83.0018089473715
83.0348725409162
83.068228171193
83.1018758382018
83.1358155419427
83.1690472824156
83.2035710596206
83.2373868735576
83.2704947242267
83.3018946116278
83.333586535761
83.3665704966262
83.3978464942235
83.4294145285528
83.4632745996142
83.4974267074076
83.5318708519331
83.5656070331906
83.5996352511802
83.6339555059018
83.6685677973555
83.7034721255413
83.737668490459
83.7721568921089
83.8059373304908
83.8390098056047
83.8733743174507
83.9050308660287
83.9359794513388
83.967220073381
83.9987527321552
84.0325774276614
84.0636941598997
84.0951029288701
84.1268037345725
84.1577965770069
84.1920814561734
84.226658372072
84.2615273247026
84.2956883140652
84.3291413401599
84.3628864029867
84.3969235025455
84.4312526388364
84.4648738118593
84.4987870216142
84.5329922681012
84.5644895513203
84.5952788712714
84.6293602279546
84.6627336213698
84.6943990515171
84.7253565183964
84.7566060220077
84.7881475623512
84.8219811394266
84.8561067532342
84.8905244037737
84.9242340910453
84.958235815049
84.9925295757847
85.0271153732525
85.0609932074523
85.0951630783842
85.1296249860481
85.1633789304441
85.1984249115722
85.2327629294322
85.2663929840244
85.3003150753486
85.3345292034048
85.3690353681931
85.4038335697134
85.4379238079658
85.4723060829502
85.5069803946667
85.5419467431153
85.5732051282959
85.6047555502085
85.6385980088532
85.66973250423
85.7041590363388
85.7358776051796
85.7698882107525
85.8031908530574
85.8367855320945
85.8716722478635
85.9058510003646
85.9403217895978
85.975084615563
86.0091394782602
86.0404863776895
86.0721253138509
86.1060562867443
86.1372792963698
86.1687943427273
86.2026014258169
86.2367005456385
86.2710917021921
86.3047748954778
86.3397501254956
86.3740173922454
86.4085766957273
86.4434280359412
86.4785714128872
86.5130068265652
86.5477342769753
86.5827537641174
86.6170652879916
86.6516688485978
86.6865644459361
86.7217520800064
86.7562317508088
86.7910034583432
86.8250672026097
86.8594229836083
86.8940708013388
86.9280106558015
86.9622425469962
86.9967664749229
87.0315824395817
87.0626904409725
87.0970904790954
87.1317825539504
87.1657666655373
87.2000428138564
87.2356109989075
87.2694712206906
87.3036234792058
87.3380677744531
87.3728041064324
87.4078324751437
87.4431528805871
87.4777653227626
87.5126698016701
87.5478663173096
87.5833548696812
87.6181354587849
87.6532080846206
87.6875727471884
87.7222294464882
87.75717818252
87.7914189552839
87.8259517647799
87.8607766110079
87.895893493968
87.9313024136601
87.9660033700843
88.0009963632405
88.0352813931287
88.0698584597491
88.1047275631014
88.1398887031858
88.1753418800023
88.2100870935508
88.2451243438314
88.276453630844
88.3080749545887
88.3429883150654
88.3741937122742
88.405691146215
88.4404806168879
88.4755621242928
88.5109356684298
88.5456012492989
88.5795588669
88.6148085212331
88.6463502122983
88.6811839400955
88.7163097046248
88.7507275058861
88.7854373438795
88.820439218605
88.8557331300625
88.891319078252
88.9261970631736
88.9613670848272
88.9968291432129
89.0315832383307
89.0666293701805
89.1009675387623
89.1345977440762
89.1685199861222
89.2027342649002
89.2372405804103
89.2710389326524
89.3061293216265
89.3415117473327
89.376186209771
89.4111527089413
89.4464112448436
89.4819618174781
89.5168044268445
89.551939072943
89.5873657557736
89.6230844753362
89.6590952316309
89.6943980246576
89.7299928544164
89.7658797209072
89.80105862413
89.836529564085
89.8712925407719
89.906347554191
89.941694604342
89.9763336912252
90.0122648148403
90.0474879751876
90.0830031722668
90.1188104060782
90.1549096766215
90.190300983897
90.2249843279045
90.259959708644
90.2942271261156
90.3297865803192
90.3646380712549
90.3997815989227
90.4342171633224
90.4689447644543
90.5039644023182
90.5382760769141
90.5728797882421
90.6077755363022
90.6419633210943
90.6734431426184
90.7092150008746
90.7452788958628
90.7766348275831
90.8082827960355
90.8442228012199
90.8794548431363
90.9149789217849
90.9507950371654
90.985903189278
91.0213033781227
91.0569956036994
91.0919798660081
91.127256165049
91.1628245008218
91.1976848733267
91.2328372825637
91.2682817285327
91.3040182112338
91.3390467306669
91.3733672868321
91.4089798797293
91.4448845093586
91.4800811757199
91.5155698788133
91.5503506186387
91.5854233951961
91.6207882084857
91.6564450585072
91.6923939452609
91.7276348687465
91.7631678289643
91.7989928259141
91.8341098595959
91.8695189300098
91.9052200371557
91.9412131810337
91.9764983616437
92.0120755789858
92.0479448330599
92.0831061238661
92.1195594514044
92.1513048156747
92.187342216677
92.2226716544114
92.2582931288778
92.2942066400763
92.3304121880069
92.3659097726695
92.4016993940641
92.4377810521908
92.4731547470496
92.5088204786404
92.5447782469632
92.5810280520181
92.6165698938051
92.6524037723241
92.6885296875751
92.7249476395583
92.7606576282734
92.7956596537206
92.8319537158999
92.8635398148112
92.8994179504545
92.93458812283
92.9700503319374
93.0058045777769
93.0408508603485
93.0761891796521
93.1118195356878
93.1477419284555
93.1839563579553
93.2194628241871
93.255261327151
93.2913518668469
93.3277344432749
93.3644090564349
93.401375706327
93.4376343929511
93.4741851163073
93.5100278763955
93.5461626732158
93.5815895067681
93.6163083770525
93.6523192840689
93.6876222278174
93.723217208298
93.7591042255106
93.7952832794552
93.8317543701319
93.8675174975406
93.9035726616814
93.9399198625542
93.9755591001591
94.0114903744961
94.0477136855651
94.0842290333661
94.1210364178992
94.1571358391644
94.1935272971616
94.2292107918908
94.2661863233521
94.3014538915455
94.3370134964709
94.3728651381283
94.4090088165178
94.4454445316394
94.482172283493
94.5181920720787
94.5545038973964
94.5911077594461
94.6280036582279
94.6651915937418
94.7016715659877
94.7384435749657
94.7745076206757
94.8108637031178
94.8475118222919
94.884451978198
94.9206841708363
94.9562084002065
94.9930246663089
95.0291329691432
95.0645333087097
95.1002256850081
95.1362100980387
95.1734865478012
95.2100550342959
95.2469155575225
95.2830681174813
95.3195127141721
95.3562493475949
95.3932780177498
95.4295987246367
95.4662114682557
95.5031162486067
95.5403130656898
95.576801919505
95.6135828100522
95.6506557373314
95.6870207013427
95.724677702086
95.7606267395614
95.7968678137689
95.8324009247084
95.8682260723799
95.9053432567835
95.9427524779192
95.9794537357869
96.0164470303866
96.0527323617184
96.0893097297823
96.1261791345782
96.1633405761061
96.1997940543661
96.2365395693582
96.2735771210823
96.3099067095385
96.3465283347267
96.3834419966469
96.4196476952992
96.4571454306836
96.4939352028
96.5310170116485
96.567390857229
96.6040567395416
96.6410146585862
96.6772646143629
96.7138066068716
96.7496406361124
96.7857667020852
96.8221848047901
96.858894944227
96.895897120396
96.932191333297
96.9687775829301
97.0056558692952
97.0428261923924
97.0802885522216
97.1170429487829
97.1530893820762
97.1904278521016
97.227058358859
97.2639809023485
97.3001954825701
97.3367020995236
97.3735007532093
97.410591443627
97.4469741707767
97.4836489346585
97.5196157352724
97.5558745726183
97.5924254466962
97.6292683575062
97.6664033050482
97.7028302893223
97.7395493103285
97.7765603680667
97.8128634625369
97.8494585937392
97.8863457616736
97.92352496634
97.9599962077385
97.996759485869
98.0328148007315
98.0691621523261
98.1058015406528
98.1427329657115
98.1799564275023
98.2164719260251
98.2532794612799
98.2903790332669
98.3277706419858
98.3654542874368
98.4024299696199
98.439697688535
98.4762574441822
98.5131092365614
98.5502530656727
98.587688931516
98.6244168340914
98.6624367733988
98.6997487494383
98.7373527622098
98.7752488117134
98.812436897949
98.8489170209167
98.8856891806164
98.9227533770482
98.9601096102121
98.9967578801079
99.0336981867359
99.0709305300959
99.1084549101879
99.146271327012
99.1833797805681
99.2207802708563
99.2584727978766
99.2954573616289
99.3327339621132
99.3693025993296
99.4071632732781
99.4443159839586
99.4817607313711
99.5194975155157
99.5565263363924
99.5938471940011
99.6314600883418
99.6683650194146
99.7055619872195
99.7420509917564
99.7788320330253
99.8159051110264
99.8532702257594
99.8909273772245
99.9278765654217
99.9641177903509
100.001651052012
100.039476350405
100.076593685531
100.113003057388
100.150704465978
100.187697911299
100.224983393353
100.262560912138
100.300430467656
100.337592059906
100.375045688888
100.412791354601
100.450829057047
100.488158796225
100.525780572135
100.563694384777
100.601900234151
100.639398120257
100.677188043096
100.714270002666
100.751643998968
100.789310032002
100.827268101769
100.864518208267
100.903060351498
100.94089453146
100.978020748155
101.015439001582
101.05314929174
101.090151618631
101.127445982254
101.166032382609
101.203910819696
101.241081293514
101.278543804065
101.316298351349
101.354344935364
101.392683556111
101.43031421359
101.467236907801
101.504451638745
101.54195840642
101.579757210827
101.616848051967
101.655230929838
101.692905844442
101.729872795777
101.767131783845
101.804682808645
101.842525870177
101.87966096844
101.917088103436
101.954807275164
101.991818483624
102.029121728816
102.06671701074
102.104604329396
102.142783684785
102.180255076905
102.217018505757
102.255073971341
102.293421473658
102.332061012706
102.369992588487
102.409216200999
102.446731850244
102.48453953622
102.522639258929
102.56003101837
102.597714814543
102.635690647447
102.673958517084
102.711518423453
102.749370366554
102.787514346387
102.825950362952
102.863678416249
102.901698506279
102.93901063304
102.976614796533
103.014510996759
103.052699233716
103.091179507405
103.128951817827
103.16801616498
103.205372548866
103.243020969484
103.280961426833
103.318193920915
103.355718451729
103.393535019275
103.431643623553
103.470044264563
103.507736942305
103.545721656779
103.583998407985
103.622567195923
103.660428020593
103.697580881996
103.73602578013
103.773762714996
103.811791686595
103.850112694925
103.887725739988
103.926630821782
103.963827940309
104.001317095567
104.039098287558
104.077171516281
104.115536781736
104.154194083923
104.192143422842
104.230384798493
104.268918210876
104.306743659991
104.345861145838
104.384270668417
104.421972227728
104.459965823772
104.498251456547
104.536829126054
104.575698832294
104.613860575265
104.652314354969
104.691060171404
104.729098024572
104.767427914472
104.805049841103
104.842963804467
104.881169804563
104.919667841391
104.958457914951
104.996540025243
105.034914172267
105.073580356023
105.111538576511
105.149788833731
105.188331127684
105.227165458368
105.265291825784
105.303710229933
105.342420670813
105.380423148426
105.41771766277
105.456304213847
105.494182801656
105.532353426196
105.570816087469
105.609570785474
105.647617520211
105.68595629168
105.724587099881
105.762509944814
105.800724826479
105.838231744876
105.876030700005
105.914121691866
105.952504720459
105.990179785785
106.028146887842
106.066406026632
106.104957202153
106.142800414407
106.180935663392
106.22036294911
106.25808227156
106.296093630741
106.334397026655
106.372992459301
106.411879928679
106.451059434789
106.489530977631
106.528294557205
106.566350173511
106.604697826549
106.643337516319
106.681269242821
106.719493006056
106.758008806022
106.79581664272
106.833916516151
106.872308426313
106.910992373208
106.948968356835
106.988236377193
107.025796434284
107.063648528107
107.101792658661
107.140228825948
107.177957029967
107.215977270718
107.254289548201
107.291893862416
107.329790213363
107.367978601043
107.405459025454
107.443231486597
107.481295984472
107.51965251908
107.558301090419
107.597241698491
107.635474343294
107.67399902483
107.711815743097
107.750924498097
107.788325289829
107.826018118293
107.864002983488
107.902279885416
107.940848824076
107.978709799468
108.016862811592
108.054307860448
108.092044946036
108.130074068357
108.167395227409
108.205008423193
108.242913655709
108.281110924958
108.319600230938
108.357381573651
108.395454953095
108.433820369272
108.471477822181
108.510427311821
108.547668838194
108.585202401299
108.623028001136
108.661145637704
108.698555311005
108.736257021038
108.774250767804
108.812536551301
108.85111437153
108.888984228491
108.927146122184
108.96560005261
109.004346019767
109.043384023656
109.082714064278
109.121336141631
109.160250255717
109.198456406534
109.235954594084
109.274744818366
109.31182707938
109.350201377125
109.387867711603
109.425826082813
109.464076490755
109.502618935429
109.540453416835
109.578579934973
109.616998489844
109.654709081446
109.69271170978
109.731006374846
109.768593076645
109.806471815175
109.844642590438
109.882105402432
109.919860251159
109.957907136617
109.995246058808
110.033877017731
110.070800013386
110.109015045772
110.146522114891
110.184321220742
110.221412363325
110.25879554264
110.296470758687
110.334438011467
110.372697300978
110.410248627221
110.448091990196
110.486227389904
110.524654826343
110.563374299515
110.601385809418
110.639689356054
110.677284939421
110.715172559521
110.752352216353
110.790823909916
110.827587640212
110.86564340724
110.903991211
110.941631051492
110.979562928716
111.017786842672
111.05630279336
111.09511078078
111.133210804932
111.170602865817
111.208286963433
111.246263097781
111.284531268862
111.322091476674
111.359943721219
111.398088002495
111.435524320504
111.473252675245
111.511273066717
111.549585494922
111.587189959859
111.625086461528
111.662274999929
111.699755575062
111.737528186927
111.774592835524
111.811949520853
111.849598242914
111.887539001707
111.925771797233
111.96329662949
112.001113498479
112.039222404201
112.077623346654
112.11531632584
112.153301341758
112.190578394407
112.228147483789
112.265008609903
112.303161772748
112.340606972326
112.378344208636
112.416373481678
112.453694791452
112.490308137958
112.527213521196
112.564410941166
112.601900397869
112.638681891303
112.675755421469
112.712120988368
112.748778591998
112.78572823236
112.822969909455
112.860503623282
112.89732937384
112.934447161131
112.971856985154
113.008558845908
113.046552743395
113.082838677614
113.120416648565
113.157286656248
113.194448700663
113.23190278181
113.269648899689
113.3066870543
113.344017245644
113.380639473719
113.417553738526
113.454760040066
113.492258378337
113.53004875334
113.568131165076
113.605505613544
113.643172098743
113.680130620675
113.717381179339
113.753923774734
113.791758406862
113.827885075722
113.865303781314
113.902014523638
113.939017302694
113.976312118482
114.012898971002
114.049777860255
114.086948786239
114.124411748955
114.161166748403
114.198213784584
114.235552857496
114.273183967141
114.311107113517
114.348322296626
114.385829516467
114.422628773039
114.459720066344
114.496103396381
114.53377876315
114.569746166651
114.606005606884
114.642557083849
114.679400597546
114.716536147975
114.752963735136
114.789683359029
114.826695019655
114.863998717012
114.900594451101
114.937482221923
114.974662029476
115.012133873762
115.049897754779
115.086953672529
115.123301627011
115.159941618224
115.19687364617
115.233097710848
115.270613812258
115.3064219504
115.343522125274
115.37991433688
115.416598585218
115.453574870288
115.48984319209
115.526403550624
115.563255945891
115.600400377889
115.636836846619
115.673565352082
115.710585894276
115.747898473203
115.785503088861
115.823399741252
115.860588430375
115.89806915623
115.934841918816
115.971906718135
116.009263554186
116.044912426969
116.081853336484
116.119086282731
116.15561126571
116.192428285421
116.229537341865
116.26693843504
116.303631564947
116.340616731587
116.376893934958
116.413463175061
116.450324451897
116.487477765464
116.524923115764
116.561660502796
116.598689926559
116.635011387055
116.671624884283
116.708530418243
116.745727988935
116.782217596359
116.818999240515
116.856072921403
116.893438639023
116.930096393375
116.966046184459
117.002288012276
117.038821876824
117.075647778104
117.111765716117
117.148175690861
117.184877702338
117.221871750547
117.259157835487
117.29573595716
117.332606115565
117.368768310701
117.40522254257
117.440968811171
117.479007116504
117.515337458569
117.551959837366
117.588874252895
117.625080705156
117.66157919415
117.697369719875
117.733452282332
117.769826881521
117.806493517443
117.843452190096
117.880702899482
117.917245645599
117.954080428449
117.991207248031
118.028626104344
118.06533699739
118.102339927168
118.139634893678
118.17622189692
118.214100936894
118.2502720136
118.286735127038
118.323490277208
118.36053746411
118.396876687744
118.433507948111
118.470431245209
118.507646579039
118.544153949602
118.580953356896
118.618044800923
118.654428281681
118.691103799172
118.727071353395
118.763330944349
118.799882572036
118.836726236455
118.872861937606
118.909289675489
118.947009450104
118.983021261451
119.01932510953
119.054920994341
119.090808915884
119.126988874159
119.163460869167
119.199224900906
119.235280969377
119.271629074581
119.308269216516
119.345201395184
119.381425610583
119.417941862715
119.454750151579
119.490850477175
119.527242839502
119.563927238562
119.599903674354
119.636172146878
119.672732656134
119.708585202122
119.743729784842
119.779166404294
119.814895060479
119.850915753395
119.887228483043
119.922833249424
119.958730052536
119.99491889238
120.031399768957
120.068172682266
120.104237632306
120.140594619079
120.177243642584
120.21418470282
120.251417799789
120.28794293349
120.324760103923
120.360869311088
120.398270554985
120.434963835614
120.471949152975
120.508226507068
120.543795897894
120.579657325451
120.61581078974
120.652256290762
120.687993828515
120.725023403
120.761345014218
120.797958662168
120.833864346849
120.870062068263
120.905551826409
120.941333621286
120.977407452896
121.013773321238
121.049431226312
121.085381168118
121.121623146656
121.157157161926
121.192983213928
121.228101302663
121.263511428129
121.299213590327
121.335207789258
121.37149402492
121.403072297314
121.438942606441
121.475104952299
121.51055933489
121.546305754213
121.582344210267
121.617674703054
121.653297232573
121.689211798824
121.725418401807
121.761917041522
121.797707717969
121.834790431148
121.870165181059
121.905831967702
121.941790791077
121.978041651185
122.013584548024
122.049419481595
122.085546451899
122.120965458934
122.156676502702
122.191679583201
122.226974700433
122.262561854397
122.298441045092
122.33461227252
122.37007553668
122.405830837572
122.441878175196
122.478217549552
122.51384896064
122.55077240846
122.585987893012
122.621495414296
122.657294972312
122.693386567061
122.729770198541
122.765445866754
122.801413571698
122.837673313374
122.874225091783
122.910068906924
122.946204758796
122.982632647401
123.018352572738
123.054364534806
123.089668533607
123.12526456914
123.161152641405
123.197332750402
123.233804896131
123.270569078592
123.305625297786
123.340973553711
123.376613846368
123.412546175757
123.448770541879
123.484286944732
123.519095384318
123.554195860635
123.589588373685
123.625272923466
123.66024950998
123.695518133226
123.731078793203
123.766931489913
123.802076223355
123.837512993529
123.872241800435
123.907262644073
123.942575524443
123.979180441545
124.015077395379
124.050266385946
124.086747413244
124.122520477274
124.158585578037
124.193942715531
124.229591889758
124.264533100716
124.299766348407
124.335291632829
124.371108953984
124.406218311871
124.44161970649
124.47731313784
124.513298605923
124.549576110738
124.585145652285
124.621007230564
124.656160845575
124.692606497319
124.728344185794
124.764373911001
124.79969567294
124.835309471612
124.871215307015
124.906413179151
124.941903088018
124.977685033618
125.012759015949
125.048125035013
125.083783090809
125.119733183336
125.155975312596
125.191509478588
125.227335681312
125.263453920768
125.299864196956
125.335566509876
125.370560859528
125.406847245912
125.441425669029
125.477296128877
125.513458625457
125.54891315877
125.583659728814
125.61869833559
125.654028979099
125.68865165934
125.723566376312
125.757773130017
125.793271920454
125.828062747622
125.863145611523
125.898520512156
125.933187449521
125.968146423618
126.003397434447
126.038940482008
126.072775566301
126.108902687327
126.143321845084
126.178033039573
126.213036270794
126.248331538748
126.282918843433
126.317798184851
126.352969563
126.388432977882
126.424188429496
126.459235917841
126.493575442919
126.528207004729
126.563130603271
126.598346238545
126.63285391055
126.667653619289
126.702745364759
126.737129146961
126.771804965895
126.807772821561
126.842032713959
126.87658464309
126.911428608952
126.946564611546
126.981992650873
127.016712726931
127.051724839722
127.083028989245
127.114625175499
127.150513398486
127.185693658205
127.221165954656
127.256930287838
127.291986657753
127.3273350644
127.358975507779
127.39390798789
127.429132504734
127.463649058309
127.499457648616
127.534558275655
127.568950939427
127.60363563993
127.638612377165
127.673881151133
127.708441961833
127.743294809264
127.778439693428
127.813876614323
127.848605571951
127.883626566311
127.917939597403
127.952544665227
127.986441769783
128.021630911071
128.056112089091
128.090885303843
128.121950555327
128.156307843543
128.191957168491
128.225898530172
128.261131928584
128.295657363729
128.330474835605
128.365584344213
128.400985889554
128.435679471627
128.470665090431
128.505942745968
128.541512438237
128.576374167238
128.61152793297
128.646973735435
128.681711574632
128.712741450561
128.748063363222
128.779677312616
128.814583298741
128.848781321598
128.884271381187
128.918053477509
128.953127610562
128.988493780347
129.023151986865
129.058102230114
129.093344510096
129.12887882681
129.164705180255
129.199823570433
129.235233997343
129.266936460985
129.301930961359
129.336217498464
129.370796072302
129.405666682872
129.439829330175
129.474284014209
129.506030734975
129.541069492473
129.576400286703
129.608023117666
129.64293798536
129.678144889787
129.713643830945
129.749434808836
129.784517823458
129.819892874813
129.8555599629
129.890519087718
129.925770249269
129.961313447552
129.996148682567
130.030275954314
130.064695262793
130.099406608004
130.133409989947
130.164705408622
130.19629286403
130.230172356169
130.26534388504
130.296807450643
130.330563052979
130.364610692046
130.398950367846
130.433582080377
130.468505829641
130.502721615637
130.536229438364
130.570029297824
130.605121194016
130.63950512694
130.674181096596
130.709149102984
130.743409146104
130.777961225956
130.81180534254
130.845941495856
130.880369685904
130.914089912685
130.949102176197
130.983406476442
131.018002813418
131.052891187126
131.087071597567
131.12154404474
131.156308528644
131.191365049281
131.22671360665
131.26135420075
131.296286831583
131.330511499148
131.365028203445
131.399836944474
131.434937722235
131.469330536728
131.504015387953
131.538992275911
131.5732612006
131.604822162021
131.639675160175
131.67082019506
131.705257266677
131.739986375027
131.775007520109
131.806320701922
131.837925920468
131.872823175746
131.908012467755
131.943493796497
131.978267161971
132.012332564177
132.046690003115
132.081339478785
132.116280991187
132.150514540321
132.185040126187
132.218857748785
132.252967408116
132.287369104178
132.322062836972
132.356048606499
132.389326412757
132.422896255748
132.45675813547
132.490912051925
132.522358005112
132.554095995031
132.585126021681
132.616448085064
132.650062185179
132.683968322026
132.717166495605
132.750656705916
132.783438952959
132.816513236734
132.850879557241
132.885537914481
132.919488308452
132.953730739155
132.989265206591
133.020091710758
133.054210251658
133.088620829289
133.123323443653
133.157318094749
133.191604782576
133.226183507136
133.260054268428
133.294217066452
133.327671901208
133.361418772696
133.395457680916
133.428788625868
133.462411607552
133.496326625968
133.530533681116
133.565032772996
133.599823901609
133.633907066953
133.669282269029
133.700949507838
133.734908783378
133.766160095651
133.797703444656
133.828538830392
133.859666252861
133.891085712062
133.924797207995
133.95880074066
133.993096310057
134.024683916185
134.055563559047
134.08973523864
134.124198954965
134.158954708022
134.193002497811
134.227342324332
134.260974187586
134.294898087571
134.330114024289
134.364621997738
134.39942200792
134.433514054833
134.467898138479
134.502574258857
134.533542415966
134.564802609808
134.596354840382
134.627199107688
134.661335411726
134.695763752496
134.729484129998
134.762496544232
134.795800995198
134.829397482896
134.863286007327
134.897466568489
134.930939166383
134.96470380101
134.999760472368
135.031109180459
135.062749925281
135.096682706836
135.127907525123
135.159424380141
135.193233271892
135.227334200375
135.26072716559
135.292412167537
135.326389206216
135.357658281627
135.38921939377
135.420072542645
135.454217728252
135.488654950591
135.522384209662
135.557405505466
135.591718838001
135.626324207269
135.661221613268
135.692411056
135.723892535463
135.754666051659
135.785731604587
135.817089194246
135.848738820638
135.879680483762
135.910914183618
135.942439920206
135.973257693526
136.007367503578
136.040769350362
136.072463233878
136.106449154126
136.137727111106
136.169297104819
136.200159135263
136.23131320244
136.265759306348
136.300497446989
136.334527624361
136.368849838466
136.400464089302
136.434370376871
136.467568701172
136.501059062205
136.53484145997
136.568915894466
136.602282365695
136.635940873656
136.668891418349
136.702133999775
136.733668617932
136.766495272821
136.799613964442
136.833024692796
136.866727457881
136.899722259698
136.933009098248
136.966587973529
136.997458885543
137.030621834289
137.064076819766
137.097823841976
137.130862900918
137.162193996592
137.194817128997
137.227732298135
137.260939504005
137.294438746607
137.327230025941
137.360313342008
137.391688694806
137.423356084336
137.454315510598
137.485566973593
137.517110473319
137.547946009777
137.582073582968
137.613493192891
137.645204839545
137.676208522932
137.70750424305
137.739091999901
137.772971793484
137.806143623799
137.839607490846
137.873363394625
137.906411335136
137.939751312379
137.973383326354
138.007307377061
138.0415234645
138.075031588671
138.108831749575
138.14292394721
138.176308181578
138.207984452677
138.240952760509
138.272213105072
138.303765486368
138.334609904395
138.365746359155
138.397174850647
138.428895378871
138.459907943827
138.491212545514
138.522809183934
138.555697859087
138.588878570971
138.621351319587
138.653116104935
138.684172927015
138.715521785827
138.749162681372
138.783095613648
138.816320582657
138.849837588397
138.88264663087
138.916747710074
138.948140826011
138.979825978679
139.01280316808
139.046072394213
139.077633657078
139.109486956675
139.140632293004
139.173069666065
139.205799075858
139.238820522383
139.27213400564
139.304739525629
139.33763708235
139.370826675804
139.404308305989
139.437081972906
139.468147676556
139.499505416937
139.532155194051
139.563097007897
139.594330858474
139.625856745784
139.656674669826
139.6877846306
139.719186628105
139.750880662343
139.781866733313
139.813144841015
139.844714985449
139.877577166615
139.910731384514
139.944177639144
139.977915930506
140.0109462586
140.042268623427
140.073883024985
140.104789463276
140.135987938298
140.167478450053
140.198260998539
140.229335583758
140.260702205709
140.292360864392
140.323311559806
140.354554291953
140.386089060832
140.416915866443
140.450034708786
140.483445587861
140.517148503669
140.548143456208
140.579430445479
140.611009471482
140.641880534218
140.673043633685
140.704498769884
140.738245942816
140.771285152479
140.803616398875
140.837239682003
140.870155001862
140.903362358454
140.935861751778
140.968653181834
140.999736648622
141.031112152142
141.062779692394
141.093739269378
141.124990883094
141.156534533542
141.187370220722
141.218497944634
141.249917705279
141.281629502655
141.312633336764
141.343929207604
141.375517115177
141.406397059481
141.437569040518
141.469033058286
141.500789112787
141.53183720402
141.564177331985
141.595809496682
141.62873369811
141.659949936271
141.691458211164
141.72425852279
141.755350871147
141.786735256236
141.818411678057
141.84938013661
141.880640631896
141.913193163913
141.946037732662
141.977174338144
142.008602980358
142.040323659303
142.073336374981
142.10464112739
142.136237916532
142.169126742406
142.201307605012
142.23278050435
142.26454544042
142.297602413222
142.330951422756
142.362592469022
142.39352555202
142.42675067175
142.458267828212
142.489077021407
142.520178251333
142.551571517991
142.583256821382
142.614234161504
142.645503538359
142.677064951946
142.709918402264
142.741063889315
142.772501413098
142.804230973613
142.837252570859
142.868566204838
142.901171875549
142.932069582992
142.963259327167
142.994741108074
143.025514925714
143.056580780085
143.087938671188
143.119588599023
143.150530563591
143.18176456489
143.213290602922
143.244108677685
143.276218789181
143.308620937408
143.341315122368
143.37230134406
143.403579602484
143.435149897639
143.466012229527
143.497166598147
143.528613003499
143.561351445583
143.593381924399
143.625704439948
143.658318992228
143.69022558124
143.722424206984
143.754914869461
143.787697568669
143.819772304609
143.852139077282
143.884797886686
143.916748732823
143.947991615692
143.980526535292
144.011353491625
144.04247248469
144.073883514487
144.105586581016
144.136581684277
144.16786882427
144.199448000995
144.230319214452
144.261482464641
144.292937751562
144.324685075215
144.355724435601
144.387055832718
144.418679266568
144.449594737149
144.480802244463
144.512301788508
144.543093369286
144.574176986795
144.606552641037
144.638220332011
144.669180059717
144.700431824155
144.731975625325
144.762811463227
144.793939337861
144.825359249227
144.857071197325
144.888075182155
144.919371203717
144.950959262011
144.981839357038
145.013011488796
145.045475657287
145.077231862509
145.108280104464
145.13962038315
145.170252698569
145.20117705072
145.233393439602
145.264901865217
145.295702327564
145.326794826643
145.358179362454
145.389855934997
145.420824544272
145.452085190279
145.482637873018
145.514482592489
145.546619348693
145.579048141628
145.611768971295
145.643781837695
145.676086740826
145.70868368069
145.740572657285
145.772753670613
145.804226720672
145.835991807464
145.867048930988
145.898398091244
145.929039288232
145.959972521951
145.991197792403
146.022715099587
146.053524443503
146.084625824152
146.116019241532
146.147704695644
146.178682186488
146.209951714065
146.241513278373
146.272366879413
146.303512517186
146.33495019169
146.366679902927
146.397701650896
146.429015435596
146.460621257029
146.492519115194
146.523709010091
146.55519094172
146.58596491008
146.617030915173
146.648388956998
146.680039035556
146.711981150845
146.744215302866
146.775741491619
146.806559717104
146.837669979322
146.869072278271
146.900766613953
146.931752986366
146.963031395512
146.994601841389
147.025464323999
147.056618843341
147.088065399414
147.11980399222
147.150834621758
147.182157288028
147.21377199103
147.244678730764
147.27587750723
147.307368320428
147.338151170358
147.36922605702
147.400592980415
147.432251940541
147.463202937399
147.49444597099
147.524981041312
147.555808148367
147.586927292153
147.617338472672
147.648041689923
147.679036943905
147.70932423462
147.739903562067
147.770774926246
147.801938327157
147.8323937648
147.863141239175
147.894180750282
147.924512298121
147.955135882692
147.986051503995
148.017259162031
148.048758856798
148.079550588297
148.110634356529
148.142010161492
148.173678003188
148.204637881615
148.235889796775
148.266433748667
148.29726973729
148.327397762646
148.359817824734
148.391529923554
148.421534059106
148.45183023139
148.482418440406
148.513298686154
148.543470968634
148.573935287846
148.604691643791
148.635740036467
148.667080465875
148.667080465875
148.674811591593
148.69027384303
148.713467220184
148.744391723057
148.775433040622
148.80659117288
148.837866119831
148.869257881475
148.900766457811
148.927773808957
148.950279934911
148.968284835675
148.981788511248
148.99079096163
148.995292186821
148.995292186821
148.995292186821
148.995292186821
148.995292186821
148.995292186821
148.995292186821
149.00303437682
149.018518756818
149.041745326816
149.072714086813
149.072714086813
149.080602295178
149.096378711908
149.120043337004
149.151596170465
149.182441040658
149.213577947583
149.24500689124
149.275727871629
149.30574088875
149.336045942604
149.366643033189
149.397532160506
149.427713324556
149.458186525337
149.488951762851
149.520009037096
149.550358348074
149.580999695783
149.610933080225
149.641158501399
149.671675959304
149.702485453942
149.733586985312
149.764980553414
149.795666158248
149.826643799814
149.856913478112
149.887475193142
149.918328944905
149.949474733399
149.980912558625
150.011642420583
150.043664319274
150.073978254696
150.104584226851
150.135482235737
150.165672281356
150.196154363707
150.226928482789
150.257994638604
150.289352831151
150.32000306043
150.350945326441
150.382179629184
150.412705968659
150.443524344866
150.474634757805
150.505037207476
150.534731693879
150.564718217014
150.594996776882
150.625567373481
150.656430006813
150.686584676876
150.717031383672
150.746770127199
150.776800907459
150.80712372445
150.836738578174
150.86764546863
150.898844395818
150.929335359738
150.96111836039
150.992193397773
151.02356047189
151.054219582738
151.085170730318
151.11641391463
151.146949135674
151.17777639345
151.208895687959
151.240307019199
151.271010387172
151.302005791876
151.332293233313
151.362872711481
151.393744226382
151.424907778015
151.455363366379
151.486110991476
151.517150653305
151.547482351866
151.578106087159
151.608021859184
151.637229667941
151.66672951343
151.696521395651
151.726605314604
151.75698127029
151.786649262707
151.816609291856
151.845861357738
151.875405460351
151.905241599697
151.935369775774
151.965789988584
151.996502238125
152.026506524399
152.056802847405
152.086391207143
152.116271603613
152.146444036815
152.176908506749
152.207665013415
152.237713556813
152.268054136943
152.298686753805
152.328611407399
152.358828097725
152.389336824784
152.419137588574
152.449230389097
152.479615226351
152.510292100338
152.540261011056
152.570521958507
152.60107494269
152.631919963604
152.662057021251
152.69248611563
152.723207246741
152.753220414584
152.783525619159
152.814122860466
152.844012138505
152.874193453276
152.904666804779
152.935432193014
152.965489617982
152.995839079681
153.026480578112
153.057414113276
153.087639685171
153.118157293799
153.148966939159
153.17906862125
153.209462340074
153.24014809563
153.271125887917
153.301395716937
153.331957582689
153.361811485173
153.392957424389
153.423395400337
153.454125413017
153.48414746243
153.514461548574
153.54506767145
153.574965831058
153.605156027399
153.635638260471
153.665412530276
153.695478836812
153.725837180081
153.755487560081
153.785429976814
153.815664430279
153.845190920475
153.875009447404
153.904120011065
153.933522611458
153.963217248583
153.99520392244
154.024482633029
154.05305338035
154.081916164404
154.111070985189
154.140517842706
154.170256736955
154.200287667937
154.22961063565
154.259225640096
154.289132681273
154.319331759183
154.349822873825
154.379606025198
154.409681213304
154.439048438142
154.468707699712
154.498658998014
154.528902333047
154.558437704813
154.589265113312
154.619384558542
154.648796040504
154.678499559198
154.708495114624
154.737782706783
154.767362335673
154.797234001295
154.82739770365
154.857853442736
154.888601218555
154.918641031105
154.948972880388
154.978596766403
155.00851268915
155.038720648628
155.068220644839
155.098012677782
155.127096747457
155.156472853864
155.189140997003
155.218101176874
155.247353393478
155.276897646813
155.30673393688
155.335862263679
155.365282627211
155.394995027474
155.42499946447
155.455295938197
155.485884448657
155.515764995848
155.545937579772
155.576402200428
155.606158857816
155.636207551935
155.666548282787
155.696181050371
155.726105854687
155.755322695735
155.785831573515
155.815632488028
155.844725439272
155.874110427248
155.903787451956
155.933756513397
155.963017611569
155.992570746474
156.02241591811
156.051553126479
156.080982371579
156.109703653412
156.138716971977
156.168022327273
156.197619719302
156.227509148063
156.256690613556
156.286164115781
156.314929654738
156.343987230427
156.376336842848
156.404978492001
156.433912177886
156.463137900504
156.491655659853
156.520465455934
156.549567288748
156.578961158293
156.608647064571
156.63762500758
156.666894987322
156.696457003796
156.726311057001
156.755457146939
156.784895273609
156.814625437011
156.843647637145
156.872961874011
156.902568147609
156.931466457939
156.961656805001
156.991139188795
157.020913609321
157.05098006658
157.08033856057
157.109989091292
157.139931658747
157.170166262933
157.199692903852
157.229511581503
157.259622295885
157.290025047
157.319719834847
157.349706659425
157.379985520736
157.409556418779
157.439419353554
157.468574325061
157.4980213333
157.526760378271
157.555791459974
157.58511457841
157.613729733577
157.643636925476
157.672836154108
157.702327419471
157.732110721566
157.761186060394
157.790553435954
157.820212848245
157.849164297269
157.878407783025
157.907943305512
157.936770864732
157.965890460684
157.995302093368
158.025005762784
158.054001468932
158.083289211812
158.111868991424
158.141740807768
158.170904660845
158.200360550653
158.230108477193
158.259148440465
158.28748044047
158.316104477206
158.345020550675
158.374228660876
158.403728807808
158.432520991473
158.46160521187
158.489981468998
158.518649762859
158.547610093452
158.576862460777
158.605406864834
158.634243305623
158.663371783144
158.691792297397
158.720504848383
158.7495094361
158.778806060549
158.80839472173
158.837275419644
158.866448154289
158.894912925667
158.923669733776
158.952718578618
158.982059460192
159.011692378497
159.040617333535
159.069834325305
159.098343353807
159.127144419041
159.156237521007
159.185622659705
159.214299835135
159.243269047297
159.272530296191
159.303083581817
159.332928904175
159.362066263266
159.391495659088
159.420217091643
159.449230560929
159.478536066948
159.508133609698
159.538023189181
159.567204805395
159.596678458342
159.625444148021
159.654501874432
159.683851637575
159.71249343745
159.741427274057
159.769653147396
159.798171057467
159.82698100427
159.855082987805
159.884477008072
159.913163065072
159.942141158803
159.970411289266
159.998973456462
160.027827660389
160.056973901049
160.08541217844
160.114142492564
160.14316484342
160.171479231007
160.200085655327
160.228984116379
160.258174614163
160.286657148679
160.315431719927
160.344498327907
160.372856972619
160.401507654063
160.429450372239
160.457685127148
160.485211918788
160.51303074716
160.541141612265
160.569544514101
160.59823945267
160.62622642797
160.654505440003
160.683076488768
160.710939574264
160.739094696493
160.767541855454
160.796281051147
160.825312283572
160.853635552729
160.882250858618
160.910158201239
160.938357580592
160.966848996677
160.994632449494
161.023707939044
161.052075465325
161.079735028338
161.107686628084
161.135930264561
161.164465937771
161.192293647712
161.220413394386
161.248825177792
161.277528997929
161.305524854799
161.333812748401
161.362392678735
161.391264645801
161.420428649599
161.448884690129
161.477632767391
161.506672881385
161.536005032111
161.56462921957
161.59454544376
161.623753704682
161.652254002337
161.681046336723
161.710130707842
161.739507115692
161.768175560275
161.797136041589
161.826388559636
161.854933114415
161.883769705926
161.912898334169
161.941318999143
161.97003170085
161.999036439289
162.027333214461
162.055922026364
162.084802874999
162.112975760366
162.140440682465
162.169197641297
162.19724663686
162.224587669155
162.252220738183
162.280145843942
162.308362986434
162.335872165658
162.363673381613
162.391766634301
162.419151923721
162.446829249873
162.474798612757
162.503060012372
162.53161344872
162.5604589218
162.588596431613
162.617025978157
162.644747561433
162.672761181441
162.700066838181
162.728664531654
162.756554261858
162.783736028795
162.811209832463
162.838975672864
162.867033549996
162.894383463861
162.922025414458
162.949959401786
162.978185425847
163.00570348664
163.033513584165
163.061615718422
163.090009889411
163.117696097132
163.145674341585
163.17394462277
163.202506940687
163.231361295337
163.259507686718
163.287946114831
163.315676579677
163.343699081254
163.372013619564
163.399620194605
163.427518806379
163.455709454885
163.483192140122
163.510966862092
163.539033620794
163.567392416228
163.596043248394
163.624986117292
163.653221022922
163.681747965284
163.710566944378
163.738677960204
163.768081012762
163.796776102053
163.824763228075
163.854042390829
163.882613590316
163.911476826534
163.939632099485
163.968079409167
163.996818755582
164.024850138729
164.053173558607
164.080789015218
164.108696508561
164.136896038636
164.165387605443
164.193171208982
164.221246849253
164.249614526256
164.278274239991
164.306225990458
164.334469777658
164.363005601589
164.390833462252
164.419953359648
164.448365293775
164.476069264635
164.504065272226
164.53235331655
164.560933397605
164.588805515393
164.616969669913
164.644425861165
164.672174089149
164.700214353864
164.728546655312
164.757170993492
164.785087368405
164.813295780049
164.840796228425
164.868588713533
164.895673235373
164.923049793946
164.94971838925
164.977679021286
165.004931690055
165.032476395555
165.060313137788
165.087441916753
165.114862732449
165.141575584878
165.168580474039
165.195877399932
165.223466362557
165.251347361914
165.279520398002
165.306985470824
165.333742580377
165.360791726662
165.388132909679
165.415766129428
165.443691385909
165.470908679123
165.498418009068
165.526219375746
165.553312779155
165.580698219297
165.60837569617
165.636345209776
165.663606760114
165.691160347183
165.719005970985
165.746143631519
165.773573328785
165.801295062783
165.829308833513
165.857614640975
165.885212485169
165.913102366095
165.941284283754
165.969758238144
165.998524229266
166.02658225712
166.053932321707
166.082574423025
166.110508561076
166.138734735858
166.167252947373
166.19506319562
166.223165480598
166.250559802309
166.278246160752
166.306224555927
166.333494987834
166.361057456473
166.388911961844
166.417058503947
166.444497082782
166.472227698349
166.500250350648
166.52856503968
166.557171765443
166.585070527938
166.612261327166
166.640744163125
166.668519035817
166.69558594524
166.722944891396
166.750595874284
166.778538893904
166.805773950255
166.833301043339
166.860120173155
166.887231339703
166.914634542983
166.942329782995
166.970317059739
166.997596373215
167.025167723423
167.053031110364
167.081186534036
167.10863399444
167.135373491577
167.161405025445
167.188728596046
167.215344203378
167.242251847443
167.26945152824
167.296943245768
167.323727000029
167.350802791022
167.377170618747
167.403830483204
167.430782384393
167.458026322314
167.485562296967
167.512390308352
167.539510356469
167.566922441318
167.5936265629
167.620622721213
167.647910916258
167.675491148036
167.702363416545
167.730527721787
167.75798406376
167.784732442466
167.811772857904
167.839105310073
167.866729798975
167.893646324609
167.920854886975
167.948355486073
167.975148121903
168.002232794465
168.029609503759
168.057278249785
168.084239032543
168.111491852033
168.139036708256
168.16687360121
168.194002530896
168.221423497315
168.248136500465
168.276141540348
168.303438616962
168.331027730309
168.358908880388
168.386082067199
168.413547290741
168.441304551016
168.469353848023
168.496695181762
168.524328552233
168.552253959436
168.579471403371
168.606980884038
168.634782401438
168.661875955569
168.689261546432
168.715939174028
168.742908838355
168.770170539414
168.796724277206
168.82457005173
168.851707862985
168.879137710973
168.906859595693
168.933873517144
168.961179475328
168.988777470244
169.015667501892
169.042849570272
169.070323675384
169.098089817228
169.125147995804
169.152498211112
169.179140463153
169.206074751925
169.232301077429
169.258819439666
169.285629838634
169.311732274335
169.338126746767
169.364813255932
169.390791801828
169.417062384457
169.443625003818
169.47047965991
169.497626352735
169.524065082292
169.550795848581
169.576818651602
169.603133491355
169.62974036784
169.656639281057
169.683830231007
169.710313217688
169.737088241101
169.763155301247
169.789514398124
169.816165531733
169.843108702075
169.869343909149
169.896871152954
169.923690433492
169.950801750762
169.977205104763
170.003900495497
170.030887922963
170.058167387161
170.084738888091
170.111602425753
170.138758000147
170.166205611273
170.192945259131
170.219976943721
170.247300665044
170.274916423098
170.301824217884
170.329024049403
170.356515917653
170.384299822636
170.41137576435
170.439743742797
170.466403757976
170.493355809886
170.520599898529
170.547136023904
170.573964186011
170.60108438485
170.628496620421
170.655200892724
170.682197201759
170.709485547526
170.736065930025
170.762938349257
170.79010280522
170.816559297915
170.843307827343
170.870348393502
170.896680996394
170.923305636017
170.950222312373
170.97743102546
171.00393177528
171.030724561832
171.057809385116
171.085186245132
171.111855141879
171.138816075359
171.166069045571
171.192614052515
171.219451096192
171.2455801766
171.27200129374
171.298714447612
171.325719638217
171.352016865553
171.378606129621
171.405487430422
171.431660767954
171.458126142219
171.483883553215
171.510933000944
171.536274485405
171.561908006598
171.587833564522
171.613051159179
171.638560790568
171.664362458689
171.690456163542
171.716841905127
171.743519683445
171.769489498494
171.795751350275
171.821305238788
171.847151164034
171.873289126011
171.89971912472
171.926441160162
171.953455232335
171.979761341241
172.005359486879
172.032249669248
172.05843188835
172.084906144184
172.11167243675
172.137730766048
172.164081132078
172.19072353484
172.216657974334
172.24288445056
172.269402963518
172.296213513208
172.32231609963
172.348710722785
172.375397382671
172.401376079289
172.42764681264
172.454209582722
172.481064389537
172.507211233084
172.532650113362
172.559381030373
172.585403984116
172.612718974591
172.639326001797
172.666225065736
172.692416166407
172.71889930381
172.745674477945
172.771741688813
172.798100936412
172.824752220743
172.851695541806
172.878930899601
172.905458294129
172.932277725388
172.95838919338
172.984792698103
173.011488239559
173.038475817747
173.064755432666
173.091327084318
173.117190772702
173.143346497818
173.169794259665
173.196534058245
173.222565893557
173.248889765601
173.274505674378
173.300413619886
173.326613602126
173.353105621098
173.378889676802
173.404965769239
173.431333898407
173.456994064308
173.48294626694
173.509190506305
173.534726782401
173.56055509523
173.586675444791
173.614087831083
173.639792254108
173.665788713865
173.692077210354
173.717657743575
173.743530313528
173.769694920213
173.79515156363
173.820900243779
173.84594096066
173.871273714274
173.896898504619
173.921815331696
173.947024195506
173.972525096047
173.997318033321
174.022403007326
174.047780018064
174.073449065534
174.098410149735
174.124663270669
174.150208428335
174.176045622733
174.201174853863
174.226596121725
174.252309426319
174.278314767645
174.304612145703
174.330201560493
174.356083012015
174.38125650027
174.406722025256
174.432479586974
174.458529185425
174.483870820607
174.509504492522
174.535430201169
174.561647946547
174.587157728658
174.612959547501
174.640053403075
174.665439295382
174.691117224421
174.717087190192
174.743349192695
174.76990323193
174.796749307897
174.822887420596
174.849317570028
174.876039756191
174.903053979086
174.929360238714
174.955958535073
174.981848868164
175.008031237988
175.034505644543
175.060272087831
175.086330567851
175.112681084602
175.138323638086
175.165258228302
175.19048485525
175.21600351893
175.241814219342
175.267916956486
175.294311730362
175.31999854097
175.34597738831
175.372248272382
175.398811193187
175.424666150723
175.450813144991
175.476252175992
175.501983243724
175.528006348189
175.553321489385
175.579928667314
175.605827881975
175.632019133368
175.657502421492
175.683277746349
175.708345107938
175.733704506259
175.759355941312
175.785299413097
175.810534921614
175.836062466863
175.861882048844
175.886993667558
175.912397323003
175.93709301518
175.96208074409
175.987360509731
176.012932312105
176.03779615121
176.062952027048
176.088399939617
176.113139888919
176.138171874953
176.163495897719
176.189111957217
176.214020053447
176.239220186408
176.264712356103
176.290496562529
176.315572805687
176.340941085577
176.366601402199
176.391553755553
176.41679814564
176.442334572458
176.467163036008
176.492283536291
176.517696073305
176.543400647052
176.569397257531
176.594685904741
176.620266588684
176.645139309359
176.670304066766
176.695760860905
176.720509691775
176.745550559378
176.770883463713
176.796508404781
176.82242538258
176.847634397111
176.873135448374
176.898928536369
176.925013661097
176.950390822556
176.976060020748
177.002021255671
177.028274527327
177.053819835714
177.079657180834
177.105786562686
177.131207981269
177.156921436585
177.181926928633
177.208224457413
177.233814022925
177.259695625169
177.285869264145
177.311334939853
177.337092652293
177.362142401465
177.38748418737
177.413118010006
177.438043869374
177.463261765475
177.488771698307
177.513573667872
177.538667674168
177.563053717197
177.587731796957
177.61370191345
177.638964066675
177.664518256632
177.689364483321
177.715502746742
177.739933046895
177.76465538378
177.789669757397
177.814976167746
177.840574614827
177.86546509864
177.890647619185
177.915122176463
177.939888770472
177.964947401214
177.989298068687
178.013940772893
178.03887551383
178.0641022915
178.088621105902
178.113431957035
178.138534844901
178.163929769499
178.188616730829
178.214595728891
178.238866763685
178.263429835211
178.288284943469
178.312432088459
178.336871270181
178.361602488635
178.386625743822
178.41194103574
178.43654836439
178.461447729773
178.485639131887
178.510122570734
178.534898046313
178.559965558623
178.585325107666
178.609976693441
178.634920315948
178.659155975186
178.683683671157
178.70950340386
178.734615173295
178.760018979462
178.785714822361
178.810702701993
178.835982618356
178.861554571451
178.886418561278
178.911574587838
178.937022651129
178.961762751153
178.986794887908
179.012119061396
179.037735271615
179.062643518567
179.087843802251
179.113336122667
179.139120479814
179.164196873694
179.188565304306
179.21422577165
179.239178275726
179.264422816534
179.289959394074
179.315788008347
179.341908659351
179.367321347087
179.393026071555
179.418022832756
179.443311630688
179.468892465353
179.494765336749
179.519930244878
179.545387189739
179.570136171331
179.595177189656
179.619510244713
179.644135336502
179.669052465023
179.693261630276
179.718762832261
179.742556070978
179.766641346427
179.791018658608
179.814688007521
179.838649393166
179.862902815544
179.887448274653
179.911285770494
179.935415303068
179.959836872373
179.984550478411
180.008556121181
180.032853800682
180.057443516916
180.082325269882
180.10649905958
180.130964886009
180.155722749171
180.179772649065
180.205114585691
180.228748559049
180.253674569139
180.277892615962
180.302402699516
180.326204819802
180.350298976821
180.374685170571
180.398363401053
180.422333668268
180.446595972214
180.470150312893
180.493996690304
180.518135104446
180.542565555321
180.567288042928
180.591302567267
180.615609128338
180.64020772614
180.664098360675
180.689281031942
180.713755739942
180.738522484673
180.762581266136
180.786932084331
180.811574939258
180.835509830918
180.859736759309
180.884255724433
180.908066726288
180.932169764876
180.956564840195
180.981251952247
181.005231101031
181.029502286546
181.054065508794
181.078920767774
181.103068063486
181.12750739593
181.152238765106
181.177262171014
181.201577613654
181.226185093026
181.251084609131
181.275276161967
181.299759751535
181.324535377836
181.349603040868
181.374962740632
181.399614477129
181.424558250358
181.449794060318
181.474321907011
181.499141790436
181.524253710592
181.549657667481
181.574353661102
181.599341691455
181.62362175854
181.648193862357
181.673058002906
181.697214180187
181.721662394201
181.746402644946
181.770434932423
181.794759256632
181.819375617574
181.844284015247
181.868484449653
181.89297692079
181.91676142866
181.940837973262
181.965206554595
181.989867172661
182.013819827459
182.038064518989
182.062601247251
182.086430012244
182.11055081397
182.133963652429
182.158668527619
182.182665439541
182.206954388195
182.231535373581
182.2554083957
182.27957345455
182.304030550132
182.327779682447
182.351820851493
182.375154057272
182.398779299783
182.422696579025
182.446905895
182.470407247707
182.494200637146
182.518286063316
182.542663526219
182.566333025854
182.589294562221
182.61254813532
182.636093745152
182.658931391715
182.68206107501
182.705482795037
182.729196551797
182.752202345288
182.775500175511
182.799090042467
182.822971946154
182.847145886574
182.870611863726
182.894369877609
182.918419928225
182.941762015573
182.965396139653
182.989322300465
183.013540498008
183.037050732284
183.060853003293
183.083947311033
183.108333655505
183.132012036709
183.155982454645
183.180244909314
183.203799400714
183.227645928846
183.251784493711
183.276215095307
183.299937733636
183.323952408696
183.348259120489
183.371857869014
183.395748654271
183.419931476259
183.44440633498
183.468173230433
183.492232162618
183.516583131535
183.541226137184
183.565161179565
183.590388258678
183.613907374524
183.638718527101
183.66282171641
183.687216942452
183.711904205225
183.735883504731
183.760154840968
183.784718213938
183.808573623639
183.832721070073
183.857160553239
183.880892073136
183.904915629766
183.929231223128
183.953838853222
183.977738520048
184.001930223606
184.025413963896
184.049189740918
184.073257554673
184.096617405159
184.120269292377
184.144213216327
184.16744917701
184.190977174424
184.214797208571
184.237909279449
184.26131338706
184.285009531403
184.308997712477
184.332277930284
184.355850184823
184.378714476094
184.401870804097
184.425319168831
184.449059570298
184.473092008498
184.496416483429
184.520032995092
184.543941543487
184.567142128614
184.590634750474
184.614419409065
184.638496104388
184.661864836444
184.685525605231
184.708478410751
184.731723253003
184.755260131986
184.778089047702
184.80121000015
184.82362298933
184.846328015241
184.869325077885
184.891614177261
184.914195313369
184.937068486209
184.960233695782
184.982690942086
185.006440225122
185.02848154489
185.051814901391
185.074440294623
185.097357724587
185.120567191284
185.144068694712
185.167862234873
185.191947811766
185.21532542539
185.238995075747
185.262956762836
185.286210486657
185.30975624721
185.333594044495
185.357723878512
185.381145749261
185.404859656742
185.428865600955
185.4531635819
185.477753599577
185.501635653987
185.525809745128
185.549275873001
185.573034037607
185.596084238944
185.619426477014
185.643060751815
185.666987063349
185.690205411615
185.713715796613
185.737518218342
185.761612676804
185.784999171998
185.808677703924
185.831648272582
185.854910877972
185.878465520094
185.901312198949
185.924450914535
185.948881666853
185.972604455903
185.995619281686
186.0189261442
186.042525043447
186.065415979425
186.088598952136
186.112073961578
186.135841007753
186.15990009066
186.183251210299
186.206894366669
186.229829559772
186.253056789607
186.276576056174
186.299387359473
186.322490699504
186.345886076267
186.368573489763
186.39055293999
186.413824426949
186.43638795064
186.459243511064
186.482391108219
186.505830742107
186.528562412726
186.551586120078
186.573901864162
186.596509644977
186.619409462525
186.642601316805
186.666085207817
186.688861135561
186.711929100037
186.735289101245
186.757941139185
186.780885213857
186.803121325261
186.825649473397
186.848469658265
186.872581879866
186.894986138198
186.917682433263
186.940670765059
186.962951133587
186.985523538848
187.008387980841
187.030544459565
187.052992975022
187.075733527211
187.097766116132
187.120090741785
187.142707404169
187.164616103286
187.186816839136
187.209309611717
187.23209442103
187.255171267075
187.277540149852
187.300201069361
187.323154025603
187.345399018576
187.367936048282
187.390765114719
187.413886217889
187.43729935779
187.460004534424
187.48300174779
187.505290997887
187.527872284717
187.550745608279
187.573910968573
187.596368365599
187.619117799357
187.642159269847
187.665492777069
187.688118321023
187.711035901709
187.734245519127
187.757747173278
187.78154086416
187.804626591775
187.828004356121
187.8516741572
187.87463599501
187.897889869553
187.920435780827
187.943273728834
187.966403713573
187.989825735044
188.013539793247
188.036545888181
188.059844019848
188.083434188247
188.107316393378
188.130490635242
188.153956913837
188.176715229164
188.199765581223
188.222107970015
188.245742395538
188.267668857793
188.289887356781
188.3123978925
188.335200464952
188.358295074136
188.381681720051
188.404360402699
188.427331122079
188.449593878191
188.472148671035
188.49499550061
188.518134366918
188.540565269958
188.563288209731
188.586303186235
188.608610199471
188.631209249439
188.654100336139
188.676283459572
188.699758619736
188.722525816633
188.745585050261
188.767936320622
188.790579627714
188.812514971539
188.834742352096
188.857261769384
188.880073223405
188.902176714158
188.924572241643
188.94625980586
188.968239406809
188.99051104449
189.012074718903
189.033930430048
189.056078177925
189.078517962535
189.100249783876
189.122273641949
189.144589536755
189.166197468292
189.188097436562
189.210289441563
189.232773483297
189.254549561763
189.27661767696
189.29797782889
189.319630017552
189.341574242946
189.363810505072
189.38533880393
189.40715913952
189.429271511842
189.451675920896
189.474372366682
189.4963608492
189.518641368451
189.541213924433
189.563078517147
189.586235146594
189.608683812772
189.630424515683
189.652457255325
189.6747820317
189.697398844807
189.719307694646
189.741508581216
189.764001504519
189.785786464554
189.807863461321
189.83023249482
189.852893565051
189.875846672014
189.898091815709
189.920628996137
189.943458213296
189.965579467187
189.98799275781
190.010698085166
190.033695449253
190.055984850073
190.078566287624
190.101439761908
190.123605272924
190.146062820671
190.168812405151
190.191854026363
190.215187684307
190.237813378983
190.260731110391
190.282940878531
190.305442683403
190.328236525007
190.351322403343
190.373700318411
190.396370270212
190.419332258744
190.441586284008
190.463132346005
190.485970444733
190.508100580194
190.530522752386
190.553236961311
190.575243206968
190.597541489356
190.620131808477
190.64201416433
190.664188556915
190.685654986232
190.707413452281
190.729463955062
190.750806494575
190.77244107082
190.794367683797
190.816586333506
190.838097019948
190.859899743121
190.880994503026
190.903381299664
190.926060133033
190.948031003135
190.970293909969
190.991848853534
191.013695833832
191.035834850862
191.057265904623
191.078988995117
191.101004122343
191.123311286301
191.144910486991
191.166801724413
191.188984998567
191.210460309454
191.232227657072
191.254287041422
191.275638462504
191.297281920319
191.318217414865
191.339444946144
191.361964514154
191.383776118897
191.405879760371
191.427275438578
191.447963153517
191.468942905188
191.49021469359
191.511778518725
191.532634380592
191.553782279191
191.575222214522
191.595954186585
191.61697819538
191.638294240908
191.659902323167
191.681802442158
191.702994597881
191.724478790337
191.745255019524
191.766323285444
191.788683588095
191.810335927479
191.832280303594
191.853516716442
191.875045166022
191.896865652334
191.918978175378
191.940382735153
191.962079331661
191.984067964901
192.006348634873
192.027921341578
192.049786085014
192.071942865182
192.093391682082
192.115132535714
192.137165426079
192.159490353175
192.181107317004
192.203016317564
192.225217354857
192.246710428881
192.268495539638
192.290572687127
192.312941871348
192.3346030923
192.356556349985
192.378801644402
192.401338975551
192.424168343432
192.446289748045
192.46870318939
192.490408667468
192.512406182277
192.534695733818
192.556277322091
192.578150947097
192.600316608834
192.621774307304
192.643524042505
192.665565814439
192.686899623104
192.708525468502
192.730443350632
192.752653269494
192.774155225087
192.795949217413
192.818035246471
192.839413312261
192.861083414783
192.883045554037
192.904299730024
192.925845942742
192.946684192192
192.967814478374
192.989236801289
193.009951160935
193.030957557313
193.052255990424
193.072846460267
193.093728966841
193.114903510148
193.136370090186
193.158128706957
193.17917936046
193.200522050695
193.221156777662
193.242083541361
193.263302341792
193.284813178955
193.30561605285
193.326710963477
193.348097910836
193.369776894928
193.391747915751
193.413010973306
193.434566067594
193.455413198613
193.476552366365
193.497983570848
193.519706812064
193.540722090012
193.562029404691
193.583628756103
193.605520144247
193.626703569123
193.648179030731
193.668946529071
193.690006064143
193.710357635947
193.731001244483
193.751936889751
193.773164571751
193.793684290484
193.814496045948
193.835599838144
193.855995667073
193.876683532733
193.897663435126
193.91793537425
193.939499350107
193.960355362696
193.980503412017
194.000943498069
194.022675620854
194.043699780371
194.06501597662
194.086624209601
194.107524479314
194.128716785759
194.150201128936
194.171977508846
194.193045925487
194.21440637886
194.236058868965
194.257003395803
194.278239959372
194.299768559674
194.321589196707
194.342701870473
194.364106580971
194.3848033282
194.405792112162
194.427072932856
194.448645790282
194.47051068444
194.49166761533
194.513116582952
194.534857587306
194.555890628392
194.57721570621
194.59883282076
194.620741972043
194.641943160057
194.663436384803
194.685221646282
194.706298944492
194.727668279435
194.749329651109
194.771283059516
194.793528504655
194.815065986525
194.836895505128
194.858017060463
194.87943065253
194.901136281329
194.92213394686
194.943423649123
194.964005388118
194.984879163845
195.006044976304
195.026502825496
195.047252711419
195.068294634074
195.088628593462
195.109254589581
195.130172622433
195.150382692016
195.170884798332
195.191678941379
195.212765121159
195.233143337671
195.253813590915
195.273775880891
195.294030207599
195.314576571038
195.33541497121
195.356545408115
195.376967881751
195.397682392119
195.417688939219
195.437987523051
195.458578143616
195.478460800912
195.49863549494
195.519102225701
195.539860993193
195.560911797418
195.581254638375
195.601889516063
195.622816430484
195.643035381637
195.663546369522
195.684349394138
195.704444455487
195.724831553568
195.745510688381
195.765481859927
195.785745068204
195.806300313213
195.826147594954
195.846286913427
195.866718268633
195.88644166057
195.90645708924
195.926764554641
195.947364056775
195.96725559564
195.987439171238
196.006914783568
196.026682432629
196.046742118423
196.067093840949
196.087737600207
196.107673396197
196.127901228919
196.148421098373
196.169233004559
196.189336947477
196.209732927127
196.23042094351
196.251400996624
196.27167308647
196.292237213049
196.313093376359
196.334241576402
196.354681813176
196.375414086683
196.396438396921
196.416754743892
196.438363127595
196.45926354803
196.480456005197
196.500940499096
196.521717029727
196.54278559709
196.563146201185
196.583798842012
196.604743519571
196.624980233862
196.645508984886
196.666329772641
196.687442597128
196.707847458348
196.728544356299
196.749533290983
196.770814262398
196.791387270546
196.812252315426
196.833409397037
196.854858515381
196.875599670457
196.896632862265
196.916958090805
196.937575356077
196.958484658081
196.978685996817
196.999179372285
197.019964784485
197.041042233418
197.061411719082
197.082073241478
197.102026800607
197.122272396467
197.14281002906
197.162639698384
197.182761404441
197.203175147229
197.22388092675
197.244878743003
197.265168595988
197.285750485704
197.305624412153
197.325790375334
197.346248375247
197.365998411892
197.38604048527
197.406374595379
197.42700074222
197.446918925793
197.467129146099
197.486631403136
197.506425696905
197.526512027407
197.54689039464
197.566560798606
197.586523239304
197.606777716733
197.626324230895
197.646162781789
197.666293369415
197.685715993772
197.705430654862
197.725437352684
197.744736087238
197.764326858524
197.784209666543
197.803384511293
197.822851392775
197.842610310989
197.861661265936
197.881004257614
197.900639286025
197.920566351167
197.940785453042
197.961296591648
197.981099766987
198.001194979057
198.02058222786
198.040261513395
198.060232835662
198.079496194661
198.099051590392
198.118899022855
198.13903849205
198.158469997977
198.178193540636
198.198209120027
198.217516736151
198.237116389006
198.257008078593
198.277191804913
198.296667567964
198.316435367748
198.336495204263
198.356847077511
198.37649098749
198.396426934202
198.416654917646
198.437174937822
198.45698699473
198.47709108837
198.497487218742
198.518175385846
198.538155589682
198.55842783025
198.57899210755
198.598848421582
198.618996772346
198.639437159843
198.660169584071
198.681194045032
198.701510542724
198.722119077149
198.742019648305
198.762212256194
198.782696900815
198.803473582167
198.823542300252
198.843903055069
198.864555846618
198.884500674899
198.904737539912
198.925266441657
198.946087380134
198.966200355343
198.986605367284
199.007302415957
199.028291501363
199.0495726235
199.07014578237
199.091010977971
199.111168210304
199.13161747937
199.151358785168
199.171392127697
199.191717506959
199.212334922953
199.212334922953
199.217385295317
199.227486040046
199.24263715714
199.262838646597
199.282956950748
199.302992069592
199.322944003128
199.342812751357
199.362598314279
199.378426764617
199.39029810237
199.398212327539
199.402169440123
199.402169440123
199.402169440123
199.402169440123
199.402169440123
199.402169440123
199.402169440123
199.402169440123
199.402169440123
199.402169440123
199.402169440123
199.402169440123
199.402169440123
199.402169440123
199.402169440123
199.402169440123
199.402169440123
199.406076996786
199.413892110112
199.4256147801
199.441245006752
199.460782790066
199.479612610112
199.498734466891
199.518148360401
199.536854290643
199.555852257618
199.575142261325
199.594724301763
199.613598378934
199.632764492837
199.652222643471
199.670972830838
199.690015054937
199.709349315768
199.728975613331
199.747893947626
199.767104318653
199.786606726412
199.805401170903
199.824487652127
199.843866170082
199.862536724769
199.881499316189
199.90075394434
199.919300609224
199.938139310839
199.957270049187
199.976692824266
199.995407636078
200.014414484622
200.033713369898
200.053304291906
200.072187250645
200.091362246117
200.110829278321
200.129588347257
200.148639452926
200.167982595326
200.187617774458
200.206544990322
200.225764242919
200.245275532247
200.265078858307
200.2841742211
200.303561620624
200.323241056881
200.342212529869
200.36147603959
200.381031586043
200.399879169228
200.419018789144
200.438450445793
200.458174139174
200.477189869287
200.496497636132
200.516097439709
200.535989280018
200.55517315706
200.574649070833
200.594417021338
200.613477008575
200.632829032545
200.652473093246
200.67240919068
200.691637324845
200.711157495743
200.729969703373
200.750073947734
200.769470228828
200.789158546654
200.809138901212
200.829411292502
200.848975720523
200.868832185277
200.887980686763
200.907421224982
200.927153799932
200.947178411614
200.966495060028
200.986103745174
201.006004467053
201.025197225663
201.044682021006
201.06445885308
201.083527721887
201.102888627425
201.121541569696
201.140486548699
201.159723564434
201.1792526169
201.198073706099
201.21718683203
201.236591994693
201.255289194088
201.274278430215
201.293559703074
201.312133012665
201.330998358989
201.350155742044
201.368605161831
201.387346618351
201.406380111602
201.424705641586
201.443323208301
201.462232811749
201.480434451928
201.49892812884
201.517713842484
201.536791592859
201.555161379967
201.573823203807
201.592777064379
201.611022961683
201.629560895719
201.647390866487
201.665512873987
201.68392691822
201.702632999184
201.72163111688
201.740921271308
201.759503462469
201.778377690361
201.797543954986
201.816002256342
201.834752594431
201.852794969252
201.871129380804
201.889755829089
201.908674314106
201.926884835855
201.945387394336
201.964181989549
201.983268621494
202.001647290171
202.02031799558
202.038280737721
202.056535516594
202.075082332199
202.093921184537
202.112052073606
202.130474999407
202.149189961941
202.168196961206
202.186495997204
202.205087069934
202.223970179395
202.242145325589
202.260612508515
202.279371728173
202.298422984563
202.317766277684
202.336401607538
202.355328974124
202.374548377443
202.393059817493
202.411863294275
202.430958807789
202.450346358035
202.469025945014
202.487997568724
202.507261229167
202.526816926341
202.545664660248
202.564804430886
202.584236238257
202.602960082359
202.621975963194
202.641283880761
202.65988383506
202.678775826091
202.697959853854
202.716435918349
202.735204019576
202.754264157535
202.772616332226
202.791260543649
202.810196791804
202.829425076692
202.847945398311
202.866757756662
202.885862151746
202.904258583561
202.922947052109
202.941927557389
202.9612000994
202.979764678144
202.99862129362
203.017769945828
203.037210634767
203.055943360439
203.074968122843
203.094284921979
203.112893757847
203.131794630448
203.15098753978
203.169472485844
203.18824946864
203.207318488169
203.225679544429
203.244332637421
203.263277767146
203.281514933602
203.300044136791
203.318865376712
203.336978653364
203.355383966749
203.373081316866
203.392070703715
203.410352127295
203.428925587608
203.447791084653
203.46594861843
203.48439818894
203.503139796181
203.521173440154
203.539499120859
203.557116838296
203.575026592466
203.593228383367
203.610722211001
203.628508075366
203.646585976464
203.664955914293
203.682617888855
203.700571900149
203.717817948174
203.735356032932
203.753186154422
203.771308312644
203.788722507598
203.806428739284
203.824427007702
203.841717312852
203.859299654734
203.877174033348
203.895340448695
203.912798900773
203.930549389583
203.948591915126
203.9669264774
203.984553076407
204.002471712145
204.020682384616
204.038185093819
204.055979839753
204.07406662242
204.091445441819
204.10911629795
204.127079190813
204.145334120408
204.163881086735
204.181720089794
204.199851129585
204.218274206108
204.235989319363
204.253996469351
204.27129565607
204.288886879521
204.306770139705
204.32394543662
204.341412770268
204.359172140647
204.377223547759
204.394566991603
204.412202472179
204.430129989486
204.447349543526
204.465861134298
204.483664761802
204.501760426038
204.520148127006
204.537827864706
204.555799639138
204.574063450302
204.591619298199
204.609467182827
204.627607104187
204.64603906228
204.663763057104
204.681779088661
204.700087156949
204.71868726197
204.736579403723
204.754763582207
204.773239797424
204.791008049373
204.809068338054
204.827420663467
204.846065025612
204.864001424489
204.882229860098
204.900750332439
204.918562841512
204.936667387317
204.955063969855
204.973752589124
204.991733245125
205.010005937859
205.028570667324
205.046427433522
205.064576236451
205.083017076113
205.101749952507
205.119774865632
205.13809181549
205.15570080208
205.173601825402
205.191794885456
205.210279982242
205.22905711576
205.24812628601
205.266487492992
205.285140736706
205.303086017152
205.321323334331
205.338852688241
205.356674078883
205.374787506258
205.393192970364
205.410890471203
205.428880008774
205.447161583076
205.465735194111
205.483600841878
205.501758526376
205.519208247607
205.53695000557
205.554983800265
205.572309631692
205.589927499851
205.607837404742
205.626039346366
205.643533324721
205.661319339808
205.679397391627
205.696767480179
205.714429605462
205.732383767478
205.749629966225
205.767168201705
205.784998473916
205.80212078286
205.819535128536
205.837241510943
205.854239930083
205.871530385955
205.888112878559
205.905987407895
205.923153973963
205.939612576763
205.956363216295
205.973405892559
205.990740605556
206.007367355284
206.024286141744
206.041496964937
206.057999824861
206.074794721518
206.091881654906
206.109260625027
206.125931631879
206.142894675464
206.160149755781
206.17669687283
206.193536026611
206.210667217123
206.228090444368
206.245805708345
206.262813009054
206.280112346496
206.296703720669
206.313587131574
206.330762579211
206.34823006358
206.364989584682
206.382041142515
206.399384737081
206.417020368378
206.433948036408
206.451167741169
206.468679482663
206.485483260889
206.502579075846
206.519966927536
206.536646815958
206.553618741112
206.570882702998
206.588438701616
206.606286736966
206.623426809048
206.640858917862
206.658583063409
206.675599245687
206.692907464697
206.71050772044
206.728400012914
206.745584342121
206.763060708059
206.78082911073
206.798889550132
206.816242026267
206.833886539134
206.851823088732
206.869051675063
206.886572298126
206.904384957921
206.921489654448
206.939886387707
206.957575157698
206.975555964421
206.992828807877
207.010393688064
207.028250604983
207.045399558634
207.062840549018
207.080573576133
207.098598639981
207.11591574056
207.133524877872
207.151426051916
207.169619262691
207.187104510199
207.204881794439
207.221951115411
207.239312473115
207.256965867551
207.273911298719
207.292148766619
207.309678271251
207.327499812615
207.345613390711
207.363019005539
207.3807166571
207.398706345392
207.415988070417
207.433561832173
207.451427630662
207.469585465882
207.487035337835
207.504777246519
207.522811191936
207.540137174085
207.557755192966
207.574665248579
207.591867340924
207.609361470001
207.62614763581
207.644225838351
207.661596077624
207.679258353629
207.696212666366
207.713459015835
207.730997402037
207.74782782497
207.764950284636
207.782364781033
207.799071314163
207.816069884024
207.833360490618
207.849943133944
207.866817814001
207.883984530791
207.901443284313
207.918194074567
207.935236901553
207.952571765271
207.969198665721
207.986117602903
208.002328576817
208.018831587463
208.035626634842
208.051713718952
208.068092839794
208.084763997369
208.101727191675
208.117982422714
208.134529690484
208.150368994987
208.166500336222
208.182923714188
208.199639128887
208.215646580318
208.231946068481
208.248537593376
208.264421155003
208.280596753362
208.296064388453
208.312824060276
208.328875768831
208.345219514118
208.361855296138
208.377783114889
208.394002970372
208.410514862588
208.426318791535
208.442414757215
208.458802759626
208.47448279877
208.490454874646
208.506718987253
208.523275136593
208.540123322665
208.556263545469
208.572695805005
208.589420101273
208.605436434273
208.605436434273
208.605436434273
208.605436434273
208.605436434273
208.605436434273
208.605436434273
208.605436434273
208.605436434273
208.605436434273
208.605436434273
208.605436434273
208.605436434273
208.605436434273
208.605436434273
208.605436434273
208.605436434273
208.605436434273
208.605436434273
208.605436434273
208.605436434273
208.605436434273
208.608706959644
208.615248010387
208.6250595865
208.638141687986
208.654494314842
208.671138978431
208.688075678751
208.705304415804
208.721825189588
208.738638000105
208.755742847354
208.773139731335
208.789828652048
208.806809609492
208.824082603669
208.840647634578
208.857504702219
208.874653806593
208.892094947698
208.908828125535
208.925853340104
208.943170591406
208.959779879439
208.976681204204
208.993874565702
209.011359963931
209.028137398893
209.045206870587
209.062568379012
209.07922192417
209.09616750606
209.113405124682
209.130934780035
209.147756472121
209.164870200939
209.181275966489
209.197973768771
209.214963607786
209.231245483532
209.24781939601
209.26468534522
209.280843331163
209.297293353837
209.314035413243
209.331069509382
209.347395642253
209.364013811855
209.38092401819
209.397126261256
209.413620541055
209.430406857586
209.447485210849
209.463855600844
209.480518027571
209.49747249103
209.513718991221
209.530257528144
209.547088101799
209.563210712186
209.579625359306
209.596332043157
209.61233076374
209.628621521056
209.645204315103
209.661079145883
209.677246013394
209.693704917638
209.709455858613
209.725498836321
209.741833850761
209.757460901933
209.773379989837
209.789591114473
209.805094275841
209.820889473941
209.836976708773
209.852355980337
209.868027288633
209.882990633661
209.898246015421
209.913793433914
209.928632889138
209.943764381095
209.959187909783
209.974903475204
209.989911077356
210.005210716241
210.020802391857
210.036686104206
210.051861853287
210.0673296391
210.083089461645
210.098141320922
210.113485216931
210.129121149672
210.144049119145
210.15926912535
210.174781168287
210.189585247956
210.204681364358
210.221069517491
210.236749707356
210.252721933954
210.267986197283
210.283542497345
210.299390834139
210.314531207664
210.329963617922
210.345688064912
210.361704548633
210.377013069087
210.392613626273
210.408506220191
210.423690850841
210.439167518223
210.454936222337
210.470996963184
210.486349740762
210.501994555072
210.516931406114
210.533160293889
210.548681218395
210.564494179634
210.580599177604
210.595996212307
210.611685283741
210.627666391908
210.643939536807
210.659504718438
210.6753619368
210.691511191895
210.707952483722
210.723685812281
210.739711177572
210.756028579595
210.77263801835
210.789539493838
210.805733006057
210.822218555008
210.837996140692
210.855065763107
210.871427422254
210.888081118134
210.905026850745
210.922264620089
210.938794426165
210.955616268972
210.972730148512
210.989136064784
211.005834017788
211.022824007524
211.039106033992
211.055680097192
211.071546197124
211.087704333788
211.104154507184
211.120896717312
211.136930964172
211.153257247765
211.169875568089
211.186785925145
211.202988318934
211.219482749454
211.236269216707
211.252347720692
211.268718261408
211.285380838857
211.301335453038
211.317582103951
211.334120791595
211.349951515972
211.366074277081
211.382489074922
211.398195909495
211.414194780801
211.430485688838
211.446068633607
211.461943615108
211.478110633342
211.493569688307
211.510320780004
211.526363908434
211.542699073595
211.558326275489
211.574245514115
211.590456789472
211.605960101562
211.621755450384
211.637842835938
211.653222258224
211.668893717242
211.684857212992
211.701112745474
211.716660314688
211.732499920634
211.748631563312
211.764055242722
211.779770958865
211.794778711739
211.809078501345
211.824670327684
211.839554190754
211.854730090557
211.870198027091
211.885958000358
211.901010010357
211.916354057088
211.93099014055
211.945918260745
211.961138417672
211.975650611331
211.990454841722
212.005551108845
212.0209394127
212.035619753287
212.050592130607
212.064856544658
212.079412995441
212.094261482957
212.108402007204
212.122834568184
212.137559165895
212.151575800339
212.165884471514
212.180485179422
212.194377924062
212.208562705433
212.223039523537
212.237808378373
212.251869269941
212.266222198241
212.280867163273
212.295804165037
212.310033203533
212.324554278762
212.339367390722
212.353472539414
212.367869724838
212.382558946995
212.396540205883
212.411813501504
212.426378833856
212.441236202941
212.456385608758
212.470827051306
212.485560530587
212.5005860466
212.514903599345
212.529513188822
212.544414815031
212.559608477972
212.575094177645
212.58987191405
212.604941687187
212.620303497056
212.635957343657
212.650903226991
212.666141147056
212.681671103853
212.696493097383
212.711607127644
212.727013194638
212.742711298364
212.757701438821
212.772983616011
212.788557829933
212.803424080587
212.818582367972
212.83403269209
212.84977505294
212.864809450522
212.880135884836
212.895754355883
212.911664863661
212.926867408171
212.942361989413
212.958148607388
212.974227262094
212.989597953532
213.005260681703
213.021215446605
213.03746224824
213.053001086607
213.068831961705
213.084954873536
213.101369822099
213.117076807394
213.133075829421
213.14936688818
213.165949983671
213.181825115894
213.197992284849
213.214451490536
213.230202732955
213.246246012106
213.26258132799
213.278208680605
213.294128069952
213.309339496032
213.324842958843
213.340638458387
213.355725994663
213.37110556767
213.38677717741
213.402740823882
213.417996507085
213.433544227021
213.449383983689
213.464515777089
213.479939607221
213.495655474085
213.510663377681
213.52596331801
213.54155529507
213.557439308862
213.572615359386
213.588083446643
213.602843570631
213.617895731352
213.632239928804
213.647876162989
213.662804433905
213.678024741554
213.692537085935
213.707341467048
213.722437884892
213.737826339469
213.752506830778
213.767479358819
213.781743923592
213.796300525097
213.811149163335
213.825289838304
213.839722550005
213.854447298438
213.869464083604
213.883772905501
213.89837376413
213.913266659492
213.927451591585
213.941928560411
213.955697565969
213.969758608258
213.98411168728
213.997756803034
214.01169395552
214.025923144738
214.040444370688
214.05425763337
214.068362932784
214.08176026893
214.095449641808
214.109431051418
214.123704497761
214.137269980835
214.151127500641
214.16527705718
214.17871865045
214.192452280453
214.205477947187
214.219795650654
214.233405390852
214.247307167783
214.260500981446
214.273986831841
214.287764718968
214.300834642827
214.314196603418
214.327850600741
214.340796634796
214.354034705583
214.367564813102
214.381386957353
214.394501138336
214.407907356052
214.421605610499
214.434595901679
214.44787822959
214.461452594234
214.475318995609
214.489477433717
214.502927908557
214.516670420128
214.530704968432
214.544031553468
214.557650175236
214.571560833736
214.585763528968
214.599258260932
214.613045029628
214.627123835056
214.641494677216
214.655157556109
214.669112471733
214.683359424089
214.697898413178
214.712729438998
214.726852501551
214.741267600835
214.754974736852
214.7699739096
214.784265119081
214.798848365294
214.813723648239
214.827890967916
214.842350324324
214.857101717465
214.872145147338
214.886480613944
214.901108117281
214.91602765735
214.931239234151
214.945742847684
214.96053849795
214.975626184947
214.990005908676
215.004677669138
215.019641466331
215.034897300257
215.049445170915
215.064285078304
215.078417022426
215.09284100328
215.107557020866
215.122565075184
215.136865166234
215.151457294016
215.16634145853
215.181517659776
215.196985897754
215.211746172464
215.226798483906
215.242142832081
215.256779216987
215.271707638625
215.286928096996
215.301440592098
215.316245123933
215.331341692499
215.346730297798
215.362410939829
215.377383618591
215.392648334086
215.408205086313
215.423053875272
215.438194700963
215.453627563386
215.468352462541
215.483369398428
215.498678371047
215.513279380399
215.528172426482
215.543357509297
215.557834628844
215.572603785124
215.587664978135
215.602018207879
215.616663474354
215.631600777562
215.645830117502
215.660351494173
215.674164907577
215.688270357713
215.702667844581
215.716357368181
215.730338928513
215.744612525577
215.758178159373
215.772035829901
215.786185537161
215.799627281153
215.813361061878
215.827386879334
215.840704733523
215.854314624443
215.868216552095
215.88141051648
215.894896517597
215.908674555445
215.921744630026
215.935106741339
215.948760889383
215.96270707416
215.975945295669
215.98947555391
216.003297848883
216.016412180588
216.029818549025
216.043516954194
216.056507396096
216.069789874729
216.083364390094
216.097230942192
216.110389531021
216.123840156582
216.137582818876
216.150617517901
216.163944253659
216.177563026149
216.19047383537
216.203676681324
216.21717156401
216.229958483428
216.243037439578
216.25640843246
216.270071462074
216.28402652842
216.297273631498
216.310812771308
216.32364394785
216.336767161125
216.350182411131
216.362889697869
216.37588902134
216.389180381542
216.401763778477
216.414639212143
216.427806682542
216.441266189673
216.454017733535
216.46706131413
216.479396931457
216.479396931457
216.482626854155
216.48908669955
216.498776467643
216.511696158434
216.524732663918
216.537885984095
216.551156118964
216.564543068526
216.578046832781
216.590842633768
216.603930471488
216.617310345939
216.630982257122
216.643946205037
216.657202189685
216.670750211064
216.683590269176
216.697722364019
216.711146495595
216.724862663902
216.737870868942
216.751171110714
216.764763389217
216.778647704453
216.791824056421
216.805292445121
216.819052870553
216.833105332717
216.846449831613
216.860086367241
216.874014939601
216.888235548693
216.901748194518
216.915552877074
216.929649596362
216.943038352383
216.956719145135
216.97069197462
216.983956840836
216.997513743785
217.011362683466
217.025503659878
217.038936673023
217.0526617229
217.066678809509
217.08098793285
217.094589092923
217.108482289728
217.122667523265
217.136144793534
217.149914100535
217.163975444268
217.178328824734
217.191974241931
217.20591169586
217.220141186522
217.233662713915
217.247476278041
217.261581878899
217.275979516488
217.28966919081
217.303650901864
217.317924649649
217.331490434167
217.345348255417
217.359498113399
217.373940008113
217.387673939559
217.401699907737
217.416017912647
217.42962795429
217.443530032664
217.45772414777
217.471210299608
217.484988488179
217.499058713481
217.512420975516
217.526075274282
217.540021609781
217.553259982012
217.566790390974
217.580612836669
217.594727319096
217.608133838255
217.621832394146
217.635822986769
217.649105616124
217.662680282211
217.67654698503
217.689705724581
217.703156500864
217.71689931388
217.729934163627
217.743261050106
217.756879973318
217.770790933261
217.783993929937
217.797488963344
217.810276033484
217.823355140356
217.836726283959
217.850389464295
217.863344681363
217.876591935163
217.889131225695
217.901962552959
217.915085916955
217.928501317683
217.941208755143
217.954208229335
217.96749974026
217.980083287916
217.992958872304
218.006126493425
218.018586151277
218.031337845862
218.043381577178
218.056717345227
218.069345150007
218.08226499152
218.094476869765
218.106980784742
218.11977673645
218.132864724891
218.145244750064
218.157916811969
218.170880910606
218.183137045976
218.195685218077
218.20852542691
218.221657672475
218.234081954773
218.246798273802
218.259806629563
218.272107022057
218.284699451282
218.29758391724
218.310760419929
218.323228959351
218.335989535505
218.349042148391
218.361386798009
218.374023484358
218.38595220744
218.398172967254
218.4106857638
218.422490597078
218.434587467089
218.446976373831
218.458657317305
218.470630297511
218.48289531445
218.49545236812
218.507301458522
218.519442585657
218.530875749523
218.542600950122
218.554618187453
218.565927461515
218.57752877231
218.589422119837
218.601607504096
218.613084925087
218.62485438281
218.636915877265
218.649269408452
218.660914976371
218.672852581022
218.685082222405
218.69660390052
218.708417615368
218.720523366947
218.731921155258
218.743610980302
218.755592842077
218.766866740585
218.778432675825
218.790290647796
218.8024406565
218.813882701936
218.825616784104
218.837642903003
218.849961058635
218.862571250999
218.874473480095
218.886667745923
218.899154048484
218.910932387776
218.9230027638
218.935365176556
218.947019626045
218.958966112265
218.971204635217
218.983735194902
218.995557791318
219.007672424467
219.020079094348
219.03277780096
219.044768544305
219.057051324382
219.069626141191
219.082492994732
219.095651885004
219.108102812009
219.120845775747
219.133880776216
219.146207813417
219.15882688735
219.171737998015
219.183941145413
219.196436329542
219.209223550403
219.222302807997
219.235674102322
219.24833743338
219.261292801169
219.273540205691
219.287079646945
219.299911124931
219.313034639648
219.326450191098
219.33915777928
219.352157404194
219.36544906584
219.378032764218
219.390908499328
219.40407627117
219.417536079745
219.431287925051
219.444331807089
219.45766772586
219.471295681362
219.484215673596
219.497427702563
219.510931768262
219.523727870692
219.536816009855
219.55019618575
219.562868398376
219.575832647735
219.589088933826
219.602637256649
219.615477616204
219.628610012491
219.64203444551
219.654750915261
219.667759421744
219.68105996496
219.693652544907
219.706537161586
219.719713814998
219.732182505141
219.744943232017
219.757995995624
219.771340795964
219.783977633035
219.796906506839
219.810127417375
219.822640364643
219.835445348643
219.848542369374
219.860931426838
219.873612521034
219.886585651962
219.898850819623
219.911408024015
219.924257265139
219.936398542995
219.948831857583
219.961557208904
219.973574596956
219.985884021741
219.998485483257
220.011378981506
220.023564516486
220.036042088199
220.047811696644
220.059873341821
220.071227023729
220.08287274237
220.094810497743
220.107040289848
220.118562118685
220.130375984254
220.142481886555
220.153879825589
220.165569801354
220.177551813851
220.18982586308
220.201391949042
220.213250071735
220.224400231161
220.235842427318
220.247576660208
220.259602929829
220.270921236183
220.282531579269
220.294433959087
220.305628375636
220.317114828918
220.328893318932
220.340963845678
220.352326409156
220.363981009366
220.374927646309
220.386166319983
220.397697030389
220.409519777527
220.420634561398
220.432041382
220.443740239335
220.454731133401
220.4660140642
220.47758903173
220.488456035993
220.499615076988
220.511066154714
220.522809269173
220.533844420364
220.545171608287
220.556790832942
220.567702094329
220.578905392448
220.590400727299
220.601188098882
220.612267507197
220.623638952245
220.635302434024
220.646257952535
220.657505507779
220.668045099754
220.678876728462
220.690000393901
220.700416096073
220.711123834977
220.722123610612
220.73241542298
220.74399927208
220.754875157912
220.766043080476
220.776503039772
220.7872550358
220.79829906856
220.809635138052
220.820263244276
220.831183387233
220.842395566921
220.852899783341
220.863696036494
220.874784326378
220.886164652994
220.896837016343
220.907801416424
220.919057853236
220.929606326781
220.940446837058
220.951579384067
220.963003967807
220.97372058828
220.984729245485
220.996029939422
221.006622670091
221.017507437492
221.028684241626
221.040153082491
221.051913960088
221.063966874417
221.075311825479
221.086948813272
221.098877837798
221.111098899055
221.122611997045
221.134417131766
221.14651430322
221.158903511406
221.170584756323
221.182558037973
221.194823356355
221.207380711469
221.219230103315
221.231371531893
221.243804997203
221.256530499245
221.268548038019
221.280857613526
221.293459225764
221.306352874734
221.318538560437
221.331016282871
221.343786042038
221.355847837936
221.368201670567
221.380847539929
221.393785446024
221.406015388851
221.41853736841
221.4313513847
221.444457437723
221.456855527478
221.469545653965
221.482527817184
221.494802017135
221.507368253819
221.520226527234
221.532376837381
221.54481918426
221.557553567872
221.569579988215
221.581898445291
221.594508939098
221.606411469638
221.618606036909
221.631092640913
221.643871281649
221.655941959116
221.668304673316
221.680959424248
221.692906211912
221.705145036308
221.717675897436
221.729498795296
221.741613729888
221.754020701212
221.765719709268
221.777710754057
221.789993835577
221.802568953829
221.814436108814
221.82659530053
221.839046528979
221.850789794159
221.862825096072
221.875152434717
221.886771810093
221.898683222202
221.910886671043
221.922382156616
221.934169678921
221.946249237958
221.958620833727
221.970284466228
221.982240135461
221.994487841426
222.006027584124
222.017859363553
222.029983179714
222.041399032608
222.053106922233
222.065106848591
222.07639881168
222.087982811502
222.099858848055
222.111026921341
222.122487031359
222.134239178109
222.14528336159
222.156619581804
222.16824783875
222.179168132428
222.190380462838
222.20188482998
222.212681233855
222.223769674461
222.235150151799
222.246822665869
222.257787216672
222.269043804206
222.279592428473
222.290433089471
222.301565787202
222.312990521664
222.323707292859
222.334716100786
222.346016945444
222.356609826835
222.367494744958
222.378671699813
222.3901406914
222.400901719719
222.41195478477
222.423299886553
222.434937025068
222.445866200316
222.457087412295
222.468600661006
222.47940594645
222.490503268625
222.501892627533
222.512574023172
222.523547455544
222.534812924647
222.546370430483
222.557219973051
222.568361552351
222.579795168382
222.590520821146
222.601538510642
222.61284823687
222.62344999983
222.634343799522
222.645529635947
222.657007509103
222.667777418991
222.678839365611
222.690193348964
222.700839369048
222.711777425865
222.723007519413
222.734529649694
222.745343816706
222.756450020451
222.767848260928
222.778538538136
222.789520852077
222.80079520275
222.811361590155
222.822220014292
222.833370475161
222.843812972762
222.854547507095
222.86557407816
222.876892685958
222.887503330487
222.898406011748
222.909600729741
222.920087484467
222.930866275924
222.941937104114
222.953299969035
222.963954870689
222.974901809075
222.986140784193
222.996671796042
223.007494844624
223.018609929938
223.029017051984
223.039716210762
223.050707406272
223.060990638514
223.071565907488
223.082433213194
223.093592555633
223.105043934803
223.115787350705
223.12682280334
223.138150292706
223.148769818805
223.159681381635
223.170884981198
223.182380617492
223.193168290519
223.204248000278
223.215619746769
223.227283529992
223.238239349946
223.249487206633
223.261027100052
223.272859030204
223.283982997087
223.295399000702
223.307107041049
223.319107118128
223.33139923194
223.342983382483
223.354859569758
223.367027793766
223.378488054505
223.390240351977
223.40228468618
223.414621057116
223.426249464784
223.438169909184
223.450382390315
223.462886908179
223.474683462775
223.486772054103
223.499152682163
223.511825346955
223.523790048479
223.536046786736
223.548595561724
223.561436373444
223.573569221896
223.585994107081
223.598711028997
223.611719987646
223.624020983026
223.636614015139
223.649499083984
223.66167618956
223.674145331869
223.68690651091
223.698959726683
223.711304979188
223.723942268424
223.735871594393
223.748092957095
223.760606356528
223.772411792693
223.78450926559
223.796898775219
223.809580321581
223.821553904674
223.833819524499
223.846377181057
223.858226874346
223.870368604368
223.882802371121
223.894528174607
223.906546014825
223.918855891775
223.930457805456
223.94235175587
223.954537743016
223.966015766894
223.977785827504
223.989847924846
224.00220205892
224.013848229727
224.025786437265
224.038016681535
224.049538962537
224.061353280272
224.073459634738
224.084858025937
224.096548453867
224.10853091853
224.119805419924
224.131371958051
224.14323053291
224.154381144501
224.165823792823
224.177558477878
224.188585199665
224.199903958184
224.211514753435
224.222417585418
224.233612454133
224.245099359581
224.25587830176
224.266949280671
224.278312296315
224.28996734869
224.300914437797
224.312153563637
224.323684726208
224.334507925512
224.345623161548
224.357030434315
224.367729743815
224.378721090047
224.390004473011
224.400579892707
224.411447349135
224.422606842295
224.433058372187
224.443801938811
224.454837542167
224.465165182255
224.475784859075
224.486696572628
224.497900322912
224.508396109929
224.519183933677
224.530263794158
224.54063569137
224.551299625315
224.562255595991
224.5725036034
224.583043647541
224.593875728414
224.604999846019
224.615416000356
224.626124191425
224.637124419226
224.647416683759
224.658000985024
224.668877323021
224.67904569775
224.689506109211
224.700258557405
224.71130304233
224.722639563988
224.733268122377
224.744188717499
224.755401349352
224.765906017938
224.776702723256
224.787791465305
224.799172244087
224.809845059601
224.820809911847
224.832066800825
224.842615726535
224.853456688977
224.864589688151
224.876014724057
224.887731796695
224.898740906066
224.910042052168
224.921635235002
224.933520454569
224.945697710867
224.957167003898
224.96892833366
224.980981700155
224.992327103381
225.00396454334
225.015894020031
225.028115533454
225.039629083609
225.051434670495
225.063532294114
225.074921954465
225.086603651549
225.098577385364
225.110843155911
225.12340096319
225.135250807201
225.147392687945
225.15982660542
225.171552559627
225.183570550567
225.195880578238
225.208482642642
225.220376743778
225.232562881645
225.245041056245
225.256811267577
225.268873515641
225.281227800437
225.293874121965
225.305812480224
225.318042875217
225.330565306941
225.342379775397
225.354486280585
225.366884822505
225.379575401157
225.392558016542
225.404832668658
225.417399357507
225.430258083087
225.4424088454
225.454851644444
225.467586480221
225.48061335273
225.49393226197
225.506543207943
225.519446190648
225.532641210085
225.545128266254
225.557907359155
225.570978488788
225.583341655153
225.59599685825
225.608944098079
225.622183374641
225.634714687934
225.647538037959
225.660653424717
225.674060848206
225.686760308428
225.699751805381
225.713035339067
225.725610909485
225.738478516634
225.751638160516
225.76508984113
225.777833558476
225.790869312554
225.804197103364
225.816816930906
225.82972879518
225.842932696186
225.855428633924
225.868216608394
225.881296619597
225.893668667531
225.906332752197
225.919288873596
225.932537031726
225.945077226589
225.957909458184
225.97103372651
225.984450031569
225.99715837336
226.010158751882
226.022451167137
226.035035619124
226.047912107843
226.060080633294
226.072541195477
226.085293794392
226.098338430039
226.110675102419
226.12330381153
226.136224557373
226.148437339949
226.160942159256
226.173739015295
226.185827908067
226.19820883757
226.210881803806
226.222846806774
226.235103846473
226.247652922905
226.259494036069
226.271627185965
226.284052372593
226.295769595953
226.307778856045
226.320080152869
226.331673486425
226.343558856713
226.355736263733
226.368205707486
226.38096718797
226.393020705186
226.405366259135
226.417003849815
226.428933477228
226.441155141372
226.453668842249
226.465474579858
226.477572354198
226.488962165271
226.500644013076
226.512617897613
226.523883818882
226.535441776883
226.547291771616
226.559433803081
226.570867871278
226.582593976207
226.594612117869
226.605922296262
226.617524511387
226.629418763245
226.641605051834
226.653083377156
226.664853739209
226.676916137995
226.688270573512
226.699917045762
226.711855554744
226.723086100458
226.734608682904
226.745423302081
226.756529957991
226.767928650633
226.779619380008
226.790602146114
226.801876948952
226.813443788522
226.825302664824
226.837453577859
226.848896527625
226.860631514123
226.872658537354
226.883977597316
226.895588694011
226.907491827438
226.918686997596
226.930174204487
226.94195344811
226.954024728465
226.966388045551
226.97804339937
226.989990789921
227.002230217204
227.014761681219
227.026585181967
227.038700719446
227.051108293657
227.0628079046
227.074799552276
227.087083236683
227.099658957822
227.112526715694
227.124686510297
227.137138341633
227.149882209701
227.1629181145
227.175246056032
227.187866034296
227.200778049292
227.21398210102
227.22647818948
227.239266314672
227.252346476596
227.265718675252
227.27838291064
227.29133918276
227.304587491612
227.317127837197
227.329960219513
227.343084638562
227.355501094342
227.368209586854
227.381210116099
227.394502682076
227.407087284784
227.419963924225
227.433132600398
227.446593313303
227.459346062939
227.472390849308
227.485727672409
227.498356532242
227.511277428807
227.524490362105
227.537995332134
227.550792338895
227.563881382388
227.577262462614
227.590935579571
227.60490073326
227.618157923682
227.631707150835
227.645548414721
227.658681715339
227.672107052688
227.68582442677
227.699833837584
227.71313528513
227.726728769408
227.740614290418
227.754791848159
227.768261442634
227.78202307384
227.796076741778
227.809422446448
227.82306018785
227.836989965985
227.850211780851
227.863725632449
227.87753152078
227.891629445842
227.906019407637
227.919701406163
227.933675441422
227.947941513413
227.961499622135
227.97534976759
227.989491949777
228.002926168696
228.016652424347
228.03067071673
228.044981045845
228.058583411692
228.072477814271
228.086664253583
228.100142729626
228.113913242401
228.127975791909
228.141330378148
228.154977001119
228.168915660823
228.182146357259
228.195669090426
228.209483860326
228.222590666958
228.235989510321
228.249680390417
228.262663307245
228.275938260805
228.289505251097
228.302364278121
228.315515341877
228.328958442365
228.341693579585
228.354720753538
228.368039964222
228.381651211638
228.394554495787
228.407749816667
228.42123717428
228.434016568624
228.447087999701
228.460451467509
228.47310697205
228.486054513323
228.499294091328
228.511825706064
228.524649357533
228.536765045734
228.549172770667
228.561872532332
228.574864330729
228.588148165859
228.60072403772
228.613591946313
228.626751891638
228.640203873696
228.652947892485
228.665983948007
228.67931204026
228.691932169246
228.704844334963
228.718048537413
228.730544776595
228.743333052508
228.755413365154
228.767785714532
228.780450100642
228.793406523484
228.805654983058
228.818195479364
228.831028012402
228.844152582172
228.856569188675
228.869277831909
228.882278511875
228.894571228574
228.907155982004
228.920032772167
228.933201599061
228.945662462688
228.958415363046
228.971460300137
228.98379727396
228.996426284515
229.009347331801
229.02256041582
229.035065536571
229.047862694054
229.060951888269
229.073333119216
229.086006386896
229.098971691307
229.11222903245
229.124778410325
229.137619824933
229.150753276272
229.164178764343
229.177896289147
229.191905850683
229.20520744895
229.21880108395
229.232686755682
229.245864464145
229.259334209341
229.273095991269
229.287149809929
229.301495665321
229.315133557445
229.329063486301
229.343285451889
229.357799454209
229.371605493261
229.385703569046
229.400093681562
229.41377583081
229.427750016791
229.441016239503
229.454574498948
229.468424795124
229.482567128033
229.496001497674
229.509727904046
229.523746347151
229.538056826988
229.551659343557
229.565553896858
229.579740486891
229.593219113656
229.606989777153
229.621052477382
229.635407214343
229.649053988036
229.662992798462
229.677223645619
229.690746529508
229.70456145013
229.718668407483
229.733067401569
229.747758432387
229.761741499936
229.776016604218
229.790583745232
229.804442922977
229.818594137455
229.832037388665
229.845772676607
229.845772676607
229.849352516959
229.856512197662
229.867251718716
229.881571080122
229.881571080122
229.88504693884
229.891998656275
229.902426232428
229.916329667298
229.9305251389
229.945012647234
229.959792192301
229.973863774099
229.988227392629
230.002883047892
230.016830739886
230.031070468613
230.045602234071
230.059426036262
230.073541875185
230.08794975084
230.101649663226
230.115641612345
230.129925598196
230.143501620779
230.157369680094
230.171529776141
230.18598190892
230.199726078432
230.213762284675
230.22809052765
230.241710807357
230.255623123797
230.269827476968
230.283323866872
230.297112293507
230.310192756875
230.323565256974
230.337229793806
230.35118636737
230.364434977666
230.377975624694
230.390808308453
230.403933028945
230.417349786169
230.430058580125
230.443059410814
230.456352278234
230.469937182386
230.48281412327
230.495983100886
230.509444115235
230.522197166315
230.535242254128
230.548579378672
230.562208539949
230.575129737957
230.588342972698
230.601848244171
230.614645552375
230.627734897312
230.641116278981
230.653789697382
230.666755152515
230.68001264438
230.692562172977
230.705403738306
230.718537340367
230.731962979161
230.744680654686
230.757690366943
230.770992115932
230.783585901654
230.796471724107
230.809649583293
230.823119479211
230.83588141186
230.848935381242
230.862281387356
230.875919430201
230.888849509779
230.902071626089
230.915585779131
230.928391968905
230.941490195411
230.954880458649
230.968562758619
230.982537095321
230.995803468756
231.009361878922
231.02321232582
231.036354809451
231.049789329813
231.063515886908
231.077534480734
231.090845111293
231.104447778583
231.118342482606
231.131529223361
231.145008000848
231.158778815066
231.172841666017
231.1871965537
231.200843478115
231.214782439262
231.229013437141
231.243536471753
231.257351543096
231.271458651171
231.285857795978
231.300548977518
231.315532195789
231.329807450793
231.344374742528
231.359234070996
231.373385436195
231.387828838127
231.402564276791
231.417591752186
231.432911264314
231.447522813174
231.462426398766
231.47762202109
231.493109680146
231.507889375934
231.522961108454
231.538324877707
231.553980683691
231.568928526407
231.584168405855
231.599700322036
231.614524274948
231.628640264593
231.644048290969
231.658748354078
231.673740453918
231.689024590491
231.704600763796
231.719468973833
231.734629220601
231.750081504102
231.764825824335
231.7798621813
231.794190574997
231.808811005426
231.823723472588
231.838927976481
231.853424517106
231.868213094463
231.883293708553
231.897666359374
231.912331046928
231.927287771213
231.942536532231
231.95707732998
231.971910164462
231.987035035676
232.001451943621
232.016160888299
232.031161869709
232.045454887851
232.060039942725
232.074917034331
232.090086162669
232.104547327739
232.119300529541
232.133345768076
232.147683043342
232.16231235534
232.176233704071
232.190447089533
232.204952511727
232.218749970654
232.232839466312
232.247220998703
232.261894567826
232.275860173681
232.290117816267
232.303667495586
232.317509211637
232.33164296442
232.346068753935
232.359786580182
232.373796443161
232.388098342872
232.401692279315
232.415578252491
232.429756262398
232.444226309037
232.457988392409
232.472042512512
232.486388669348
232.500026862915
232.513957093215
232.528179360246
232.54169366401
232.555500004506
232.569598381734
232.582988795694
232.596671246385
232.610645733809
232.623912257965
232.637470818853
232.651321416474
232.664464050826
232.67789872191
232.691625429726
232.705644174275
232.718954955555
232.732557773567
232.746452628312
232.759639519788
232.773118447997
232.786889412937
232.80095241461
232.815307453015
232.828954528152
232.84289364002
232.857124788621
232.870647973954
232.884463196019
232.898570454816
232.911969750345
232.925661082606
232.9396444516
232.953919857325
232.968487299782
232.982346778972
232.996498294893
233.010941847546
233.025677436932
233.039705063049
233.054024725899
233.068636425481
233.082540161794
233.09673593484
233.111223744618
233.126003591128
233.14107547437
233.155439394343
233.170095351049
233.185043344488
233.200283374658
233.21481544156
233.229639545194
233.24475568556
233.259163862659
233.273864076489
233.288856327051
233.303140614346
233.317716938372
233.332585299131
233.346745696621
233.362198130844
233.376942601799
233.391979109486
233.407307653904
233.422928235055
233.437840852938
233.453045507553
233.4685421989
233.484330926979
233.49941169179
233.514784493334
233.530449331609
233.546406206616
233.562655118355
233.578196066827
233.59402905203
233.610154073966
233.625571132633
233.641280228033
233.657281360164
233.673574529028
233.689159734624
233.705036976952
233.721206256011
233.737667571803
233.753420924327
233.769466313583
233.785803739571
233.801433202291
233.817354701743
233.833568237928
233.849073810844
233.864871420492
233.880961066873
233.897342749985
233.913016469829
233.928982226406
233.945240019714
233.960789849755
233.976631716528
233.991765620032
234.007191560269
234.022909537238
234.038919550939
234.054221601372
234.069815688537
234.085701812434
234.100879973063
234.116350170424
234.132112404517
234.147166675342
234.162512982899
234.178151327189
234.19308170821
234.208304125964
234.223818580449
234.238625071667
234.253723599616
234.269114164298
234.283796765711
234.298771403857
234.314038078735
234.329596790345
234.344447538687
234.359590323761
234.374025145567
234.388752004105
234.403770899375
234.419081831377
234.433684800111
234.448579805577
234.463766847776
234.478245926706
234.493017042368
234.508080194763
234.522435383889
234.537082609748
234.552021872338
234.567253171661
234.581776507716
234.596591880502
234.611699290021
234.626098736272
234.640790219255
234.65577373897
234.671049295417
234.685616888596
234.700476518507
234.71562818515
234.730071888525
234.744807628633
234.759835405472
234.775155219043
234.789767069347
234.804670956382
234.81986688015
234.834354840649
234.849134837881
234.864206871844
234.87857094254
234.893227049968
234.908175194128
234.92341537502
234.937947592644
234.952771847
234.967888138088
234.983296465908
234.99799683046
235.012989231744
235.02827366976
235.043850144508
235.058718655989
235.073879204201
235.089331789146
235.105076410822
235.121113069231
235.136441764371
235.152062496244
235.167975264848
235.183180070185
235.198676912254
235.214465791055
235.230546706588
235.246919658853
235.26258464785
235.278541673579
235.29479073604
235.310331835233
235.326164971158
235.342290143815
235.358707353205
235.375416599326
235.391417882179
235.407711201765
235.424296558082
235.440173951132
235.456343380913
235.472804847427
235.489558350673
235.505603890651
235.52194146736
235.538571080802
235.555492730976
235.571706417882
235.58821214152
235.60500990189
235.621099698992
235.637481532826
235.654155403393
235.670121310691
235.686379254721
235.702929235484
235.719771252978
235.736905307205
235.753331398163
235.770049525854
235.786059690276
235.802361891431
235.818956129318
235.835842403936
235.852020715287
235.86849106337
235.885253448185
235.902307869732
235.919654328011
235.936292823022
235.953223354765
235.97044592324
235.986960528448
236.003767170387
236.020865849058
236.037256564462
236.053939316597
236.070914105465
236.087180931064
236.103739793396
236.119590692459
236.136733628255
236.153168600783
236.169895610043
236.185914656035
236.202225738758
236.217828858214
236.233724014402
236.249911207322
236.266390436975
236.282161703359
236.298225006475
236.314580346323
236.330227722903
236.346167136216
236.36239858626
236.377922073037
236.393737596545
236.409845156786
236.425244753758
236.440936387463
236.4569200579
236.473195765069
236.488763508969
236.504623289602
236.520775106967
236.536218961064
236.551954851893
236.567982779454
236.583302743747
236.598914744773
236.61481878253
236.631014857019
236.64650296824
236.662283116194
236.678355300879
236.694719522297
236.710375780446
236.726324075328
236.742564406941
236.758096775287
236.773921180365
236.790037622175
236.805446100716
236.82114661599
236.82114661599
236.824461941084
236.831092591272
236.841038566554
236.85429986693
236.8708764924
236.886745154602
236.902905853537
236.919358589203
236.935103361601
236.951140170731
236.967469016594
236.984089899188
237.000002818515
237.016207774573
237.016207774573
237.020405031954
237.028799546715
237.041391318857
237.05818034838
237.074261414634
237.090634517621
237.10729965734
237.12425683379
237.140506046973
237.157047296888
237.173880583535
237.191005906914
237.207423267025
237.224132663868
237.241134097444
237.258427567751
237.27501307479
237.291890618561
237.309060199065
237.3255218163
237.343275470268
237.360321160967
237.377658888399
237.395288652562
237.412210453458
237.429424291086
237.446930165446
237.464728076537
237.481818024361
237.499200008917
237.516874030205
237.534840088225
237.552098182977
237.569648314461
237.587490482678
237.605624687626
237.623050929306
237.640769207718
237.657779522863
237.675081874739
237.692676263348
237.710562688688
237.727741150761
237.745211649566
237.762974185102
237.781028757371
237.798375366372
237.816014012105
237.83394469457
237.851167413767
237.868682169696
237.886488962357
237.90358779175
237.920978657875
237.938661560732
237.955636500321
237.972903476643
237.990462489696
238.008313539481
238.025456625999
238.042891749248
238.06061890923
238.077638105943
238.094949339389
238.112552609567
238.130447916477
238.147635260118
238.165114640492
238.182886057598
238.199949511436
238.217305002006
238.234952529308
238.251892093342
238.269123694109
238.286647331607
238.303463005837
238.320570716799
238.337970464494
238.35466224892
238.371646070079
238.388921927969
238.405489822592
238.422349753946
238.439501722033
238.455945726852
238.472681768403
238.489709846686
238.5060299617
238.522642113447
238.539546301926
238.555742527137
238.572230789081
238.589011087756
238.606083423163
238.622447795302
238.639104204173
238.656052649777
238.672293132112
238.68882565118
238.704650206979
238.721766799511
238.738175428774
238.75487609477
238.771868797498
238.789153536957
238.805730313149
238.822599126073
238.839759975729
238.857212862117
238.873957785237
238.890994745089
238.908323741673
238.924944774989
238.941857845037
238.959062951818
238.97656009533
238.994349275574
239.012430492551
239.029803746259
239.0474690367
239.065426363872
239.082675727777
239.100217128414
239.117050565782
239.134176039883
239.151593550716
239.169303098281
239.186304682578
239.203598303607
239.221183961368
239.239061655861
239.256231387086
239.273693155043
239.291446959733
239.309492801154
239.326830679307
239.344460594193
239.36238254581
239.380596534159
239.398102559241
239.415900621055
239.4339907196
239.451372854878
239.469047026888
239.48701323563
239.505271481103
239.523821763309
239.541664082247
239.559798437917
239.578224830319
239.596943259453
239.61495372532
239.633256227918
239.651850767248
239.66973734331
239.687915956105
239.706386605631
239.72514929189
239.74420401488
239.762550774603
239.781189571057
239.800120404244
239.818343274163
239.836858180813
239.855665124196
239.873764104311
239.892155121158
239.910838174737
239.929813265048
239.948080392091
239.966639555866
239.985490756373
240.003633993613
240.022069267584
240.040796578287
240.059815925723
240.07812730989
240.09673073079
240.115626188421
240.133813682785
240.15329321388
240.171064781708
240.189128386268
240.20748402756
240.226131705583
240.244071420339
240.262303171827
240.280826960047
240.298642784999
240.316750646683
240.335150545099
240.353842480248
240.371826452128
240.39010246074
240.407670506085
240.425530588161
240.443682706969
240.46112686251
240.478863054782
240.495891283787
240.514211549524
240.531823851992
240.548728191193
240.565924567126
240.583412979791
240.601193429188
240.618265915317
240.635630438178
240.653286997771
240.670235594096
240.687476227153
240.705008896942
240.721833603464
240.738950346717
240.756359126702
240.77305994342
240.790052796869
240.807337687051
240.824914613964
240.84178357761
240.858944577988
240.876397615097
240.894142688939
240.911179799513
240.928508946819
240.946130130857
240.963043351627
240.980248609129
240.997745903363
241.015535234329
241.032616602027
241.049990006457
241.06765544762
241.085612925514
241.10286244014
241.120403991499
241.138237579589
241.156363204412
241.173780865966
241.191490564253
241.209492299272
241.226786071023
241.244371879505
241.26224972472
241.280419606667
241.298881525346
241.316635480757
241.3346814729
241.353019501775
241.371649567382
241.389571669722
241.407785808793
241.426291984596
241.444090197131
241.462180446399
241.480562732398
241.49823705513
241.516203414593
241.534461810789
241.552012243717
241.570854713376
241.588989219768
241.607415762892
241.626134342748
241.645144959336
241.663447612656
241.682042302708
241.700929029492
241.720107793008
241.738578593256
241.757341430236
241.776396303949
241.795743214393
241.814382161569
241.833313145478
241.851536166118
241.870051223491
241.888858317595
241.907957448432
241.926348616001
241.946031820301
241.965007061334
241.983274339099
242.001833653596
242.020685004825
242.039828392786
242.059263817479
242.077991278904
242.097010777061
242.11532231195
242.133925883572
242.152821491925
242.17100913701
242.189488818828
242.208260537377
242.227324292659
242.245680084672
242.264327913418
242.283267778895
242.301499681105
242.321023620047
242.339839595721
242.358947608127
242.377347657265
242.396039743135
242.414023865737
242.432300025071
242.450868221137
242.469728453935
242.487880723465
242.506325029727
242.525061372722
242.543089752448
242.561410168907
242.580022622097
242.59792711202
242.616123638674
242.634612202061
242.652392802179
242.67046543903
242.688830112613
242.706486822928
242.724435569975
242.742676353754
242.761209174265
242.779034031508
242.797150925483
242.81555985619
242.833260823629
242.8512538278
242.869538868704
242.887115946339
242.904985060706
242.923146211806
242.940599399637
242.958344624201
242.975381885496
242.992711183524
243.010332518284
243.027245889775
243.045451297999
243.062948742955
243.080738224643
243.098819743063
243.116193298215
243.133858890099
243.151816518715
243.169066184063
243.186607886143
243.204441624956
243.2225674005
243.240985212776
243.258695061785
243.276696947525
243.294990869998
243.312576829202
243.330454825139
243.348624857808
243.367086927208
243.384841033341
243.403887176206
243.422225355803
243.440855572132
243.459777825193
243.477992114986
243.496498441511
243.515296804768
243.534387204757
243.552769641478
243.571444114932
243.590410625117
243.608669172034
243.627219755684
243.646062376065
243.665197033179
243.683623727024
243.702342457602
243.720353224912
243.738656028953
243.757250869727
243.776137747233
243.794316661471
243.812787612441
243.831550600143
243.850605624577
243.868952685743
243.887591783641
243.906522918271
243.925746089634
243.944261297728
243.963068542554
243.982167824113
244.001559142403
244.021242497426
244.04021788918
244.059485317667
244.078044782886
244.096896284836
244.116039823519
244.134475398934
244.154203011081
244.17322265996
244.192534345571
244.211138067914
244.230033826989
244.249221622796
244.268701455335
244.287473324606
244.305537230609
244.323893173345
244.342541152812
244.361481169012
244.379713221943
244.398237311607
244.417053438002
244.43516160113
244.453561800989
244.472254037581
244.490238310905
244.508514620961
244.528082967749
244.546943351269
244.566095771521
244.584540228505
244.603276722221
244.622305252669
244.640625819849
244.659238423761
244.678143064406
244.697339741782
244.71582845589
244.734609206731
244.753681994303
244.772046818608
244.790703679644
244.809652577413
244.827893511914
244.846426483146
244.865251491111
244.883368535808
244.901777617237
244.920478735398
244.939471890291
244.957757081916
244.976334310273
244.994203575362
245.012364877184
245.030818215737
245.048563591022
245.066601003039
245.084930451789
245.10255193727
245.120465459484
245.138671018429
245.156168614107
245.173958246517
245.192039915658
245.209413621532
245.227079364138
245.245037143476
245.263286959546
245.280828812348
245.298662701882
245.316788628148
245.334206591146
245.351916590876
245.369918627338
245.388212700533
245.406798810459
245.424676957117
245.442847140508
245.46130936063
245.480063617485
245.498109911071
245.51644824139
245.535078608441
245.554001012224
245.572215452738
245.590721929985
245.608520443964
245.627610994675
245.645993582118
245.664668206293
245.6836348672
245.701893564839
245.72044429921
245.739287070314
245.758421878149
245.776848722716
245.795567604016
245.814578522047
245.833881476811
245.852476468306
245.871363496534
245.890542561494
245.909013663185
245.927776801609
245.946831976765
245.966179188653
245.984818437273
246.004749722625
246.023973044709
246.043488403525
246.062295799073
246.081395231353
246.100786700365
246.11947020611
246.138445748586
246.157713327794
246.177272943735
246.196124596407
246.215268285812
246.234704011948
246.253431774817
246.272451574418
246.29176341075
246.311367283815
246.330263193612
246.349451140141
246.367931123402
246.387703143395
246.40676720012
246.426123293577
246.444771423766
246.463711590687
246.48294379434
246.501468034726
246.520284311843
246.539392625692
246.557792976274
246.576485363587
246.595469787633
246.614746248411
246.63331474592
246.652175280162
246.671327851136
246.689772458841
246.708509103279
246.727537784449
246.745858502351
246.765471256985
246.784376048351
246.803572876449
246.82306174128
246.841842642842
246.860915581136
246.860915581136
246.864705390834
246.87228501023
246.883654439324
246.898813678117
246.917762726607
246.93700381183
246.956161711745
246.975236426353
246.994227955654
247.013136299648
247.031961458334
247.051078653753
247.069487885904
247.088189154786
247.106182460401
247.124467802748
247.143045181827
247.143045181827
247.146735879682
247.154117275392
247.165189368957
247.179952160377
247.198405649652
247.216151175659
247.234188738398
247.252518337869
247.270139974073
247.288053647008
247.306259356675
247.323757103075
247.323757103075
247.323757103075
247.323757103075
247.323757103075
247.323757103075
247.323757103075
247.327548689086
247.33513186111
247.346506619146
247.361672963194
247.380630893253
247.398880860045
247.417422863569
247.436256903825
247.455382980813
247.473801094532
247.492511244984
247.511513432168
247.529807656084
247.548393916733
247.567272214113
247.586442548225
247.604904919069
247.624659326645
247.643705770954
247.663044251994
247.681674769767
247.700597324271
247.719811915508
247.739318543476
247.758117208177
247.77720790961
247.796590647774
247.816265422671
247.8352322343
247.854491082661
247.874041967754
247.892884889579
247.912019848136
247.931446843425
247.950165875446
247.9691769442
247.988480049685
248.008075191902
248.026962370852
248.046141586533
248.065612838946
248.084376128092
248.10343145397
248.122778816579
248.142418215921
248.162349651995
248.1815731248
248.201088634338
248.220896180608
248.23999576361
248.259387383344
248.27807103981
248.297046733008
248.316314462938
248.335874229601
248.354726032995
248.373869873121
248.393305749979
248.41203366357
248.431053613892
248.450365600947
248.469969624733
248.488865685252
248.508053782503
248.527533916485
248.5463060872
248.565370294647
248.584726538826
248.603374819737
248.62231513738
248.641547491755
248.660071882862
248.678888310701
248.697996775272
248.717397276575
248.73608981461
248.755074389378
248.774351000877
248.792919649108
248.811780334072
248.830933055767
248.849377814195
248.868114609355
248.887143441246
248.90646430987
248.925077215226
248.943982157314
248.963179136134
248.981668151685
249.000449203969
249.019522292985
249.038887418734
249.057544581214
249.076493780426
249.09573501637
249.115268289046
249.134093598455
249.153210944595
249.171620327468
249.190321747072
249.209315203409
249.227600696477
249.246178226278
249.26504779281
249.283209396075
249.301663036072
249.320408712801
249.339446426262
249.357776176455
249.37639796338
249.394311787037
249.412517647426
249.431015544547
249.4498054784
249.468887448986
249.487261456303
249.505927500352
249.524885581134
249.543135698647
249.561677852893
249.58051204387
249.59963827158
249.619056536021
249.637766837195
249.656769175101
249.676063549739
249.695649961109
249.71452840921
249.733698894044
249.75316141561
249.771915973909
249.790962568939
249.810301200701
249.829931869195
249.848854574421
249.86806931638
249.88657609507
249.906374910493
249.925465762647
249.944848651534
249.964523577152
249.983490539503
250.002749538585
250.0223005744
250.042143646947
250.061278756226
250.080705902237
250.10042508498
250.119436304455
250.138739560662
250.158334853601
250.178222183272
250.197401549675
250.21687295281
250.236636392678
250.256691869277
250.276039382608
250.296678932672
250.315610519467
250.334834142995
250.354349803254
250.374157500246
250.39325723397
250.412649004426
250.432332811613
250.451308655533
250.470576536185
250.490136453569
250.508988407685
250.528132398533
250.547568426113
250.567296490425
250.58631659147
250.605628729246
250.625232903754
250.644129114995
250.663317362967
250.682797647671
250.701569969108
250.720634327277
250.739990722177
250.75863915381
250.777579622175
250.796812127271
250.8153366691
250.834153247661
250.853261862954
250.872662514979
250.891355203736
250.910339929225
250.929616691446
250.949185490399
250.968046326085
250.987199198502
251.006644107651
251.025381053533
251.044410036146
251.063731055492
251.083344111569
251.102249204379
251.12144633392
251.140935500194
251.1607167032
251.179789942938
251.199155219407
251.218812532609
251.238761882543
251.259003269209
251.278536692607
251.298362152737
251.3184796496
251.338889183194
251.35859075352
251.378584360578
251.397870004369
251.417447684891
251.436317402146
251.456479156132
251.475932946851
251.495678774301
251.514716638484
251.534046539399
251.553668477045
251.572582451424
251.591788462535
251.611286510378
251.631076594953
251.65015871626
251.669532874299
251.68919906907
251.709157300573
251.728407568809
251.747949873776
251.767784215475
251.786910593907
251.80632900907
251.826039460966
251.846041949593
251.865336474953
251.884923037044
251.904801635868
251.923972271424
251.943434943712
251.962189652731
251.981236398483
252.000575180967
252.020206000183
252.039128856131
252.058343748811
252.077850678223
252.097649644368
252.116740647244
252.136123686852
252.155798763193
252.174765876265
252.194025026069
252.213576212606
252.233419435874
252.252554695875
252.271981992608
252.290701326072
252.309712696269
252.329016103198
252.348611546859
252.367499027252
252.386678544377
252.406150098234
252.425913688823
252.444969316144
252.464316980197
252.483956680982
252.503888418499
252.523112192749
252.54262800373
252.562435851444
252.581535735889
252.600927657067
252.620611614976
252.639587609618
252.658855640991
252.678415709097
252.697267813935
252.716411955505
252.735848133807
252.754576348841
252.773596600607
252.792908889105
252.812513214335
252.831409576297
252.850597974991
252.870078410417
252.888850882576
252.907915391466
252.927271937088
252.945920519443
252.964861138529
252.984093794348
253.003618486898
253.022435216181
253.041543982196
253.059944784942
253.078637624421
253.097622500632
253.116899413575
253.13646836325
253.156329349657
253.175482372796
253.194927432667
253.21366452927
253.232693662605
253.252014832673
253.271628039472
253.291533283003
253.310730563267
253.330219880262
253.35000123399
253.369074624449
253.389440051641
253.408097515565
253.42704701622
253.446288553608
253.465822127728
253.48564773858
253.505765386164
253.52517507048
253.544876791528
253.564870549308
253.58415634382
253.603734175064
253.62360404304
253.642765947749
253.662219889189
253.681965867361
253.701003882266
253.720333933902
253.739956022271
253.758870147371
253.779076309204
253.798574507769
253.818364743065
253.837447015094
253.856821323855
253.876487669348
253.896446051573
253.91669647053
253.936238926219
253.95607341864
253.976199947793
253.996618513678
254.016329116296
254.036331755645
254.056626431726
254.07721314454
254.097091894085
254.117262680363
254.136725503372
254.155480363114
254.175527259587
254.194866192793
254.214497162731
254.234420169401
254.253635212802
254.273142292936
254.292941409802
254.3130325634
254.33241575373
254.352090980793
254.371058244587
254.390317545113
254.409868882371
254.428712256362
254.447847667084
254.467275114538
254.485994598725
254.505006119643
254.524309677294
254.542905271677
254.562792902791
254.581972570638
254.601444275217
254.621208016528
254.64026379457
254.659611609345
254.679251460852
254.698183349091
254.717407274062
254.736923235766
254.756731234201
254.775831269368
254.795223341267
254.814907449899
254.833883595262
254.853151777357
254.872711996185
254.891564251744
254.910708544036
254.92914487306
254.948873238815
254.967893641303
254.987206080523
255.005810556475
255.024707069159
255.043895618575
255.063376204723
255.082148827603
255.101213487215
255.119570183559
255.138218916635
255.157159686443
255.176392492984
255.194917336256
255.213734216261
255.232843132997
255.251244086466
255.269937076666
255.288922103599
255.307199167263
255.32676826766
255.345629404789
255.36478257865
255.384227789243
255.403965036567
255.422994320624
255.442315641414
255.461928998935
255.481834393188
255.501031824173
255.52052129189
255.540302796339
255.560376337521
255.580741915434
255.60039953008
255.620349181457
255.639590869567
255.659124594408
255.678950355982
255.699068154287
255.719477989325
255.739179861095
255.759173769597
255.779459714831
255.799037696797
255.818907715495
255.839069770925
255.858523863087
255.878269991981
255.898308157607
255.917638359965
255.937260599056
255.957174874878
255.977381187432
255.996879536719
256.016669922737
256.036752345488
256.05712680497
256.076793301185
256.096751834132
256.117002403811
256.136545010221
256.156379653364
256.176506333239
256.196925049846
256.216635803185
256.236638593256
256.256933420059
256.276520283595
256.296399183862
256.316570120861
256.337033094592
256.356788105056
256.376835152251
256.397174236179
256.416805356838
256.43672851423
256.456943708353
256.477450939209
256.497250206797
256.517341511117
256.536724852168
256.556400229952
256.576367644468
256.595627095716
256.615178583696
256.634022108408
256.653157669853
256.672585268029
256.691304902937
256.710316574577
256.72962028295
256.749216028054
256.76810380989
256.787283628459
256.806755483759
256.826519375792
256.846575304557
256.865923270053
256.885563272282
256.905495311243
256.924719386936
256.944235499361
256.964043648518
256.984143834407
257.003536057028
257.023220316381
257.043196612466
257.062464945283
257.082025314832
257.100877721114
257.120022164127
257.139458643873
257.15918716035
257.17820771356
257.197520303501
257.216124930175
257.23502159358
257.254210293718
257.273691030588
257.29346380419
257.311528614524
257.329885461589
257.348534345387
257.367475265918
257.38670822318
257.405233217174
257.4240502479
257.443159315358
257.462560419548
257.481253560471
257.500238738125
257.519515952511
257.53908520363
257.55894649148
257.578099816063
257.597545177378
257.617282575424
257.636312010203
257.655633481714
257.675246989957
257.695152534932
257.715350116639
257.734839735078
257.754621390249
257.774695082152
257.795060810787
257.814718576154
257.834668378253
257.854910217085
257.874444092648
257.894270004943
257.914387953971
257.93479793973
257.955499962222
257.976494021446
257.996780117401
258.017358250089
258.037228419509
258.057390625661
258.077844868544
258.09759114816
258.117629464508
258.137959817588
258.1585822074
258.179496633944
258.199703097221
258.220201597229
258.240992133969
258.261074707441
258.281449317646
258.302115964582
258.322074648251
258.342325368651
258.362868125784
258.383702919648
258.403829750245
258.424248617574
258.444959521635
258.464962462427
258.486257439952
258.505844454209
258.526723505198
258.546894592919
258.567357717372
258.587112878557
258.607160076475
258.627499311124
258.647130582505
258.667053890618
258.687269235464
258.706776617041
258.726576035351
258.746667490392
258.766050982166
258.785726510672
258.805694075909
258.824953677879
258.844505316581
258.863348992015
258.883484704181
258.902912453079
258.922632238709
258.941644061071
258.960947920165
258.980543815991
259.000431748549
259.019611717839
259.039083723862
259.058847766616
259.077903846103
259.097251962321
259.116892115272
259.135824304954
259.155048531369
259.174564794515
259.194373094394
259.214473431005
259.233865804348
259.253550214423
259.27352666123
259.292795144768
259.312355665039
259.331208222043
259.350352815778
259.369789446245
259.389518113444
259.408538817375
259.427851558039
259.447456335434
259.466353149562
259.485542000421
259.504022888013
259.522795812336
259.541860773392
259.561217771179
259.579866805699
259.598807876951
259.618040984935
259.637566129651
259.657383311099
259.676492529279
259.695893784191
259.715587075835
259.734572404211
259.753849769319
259.773419171159
259.793280609732
259.813434085036
259.832879597073
259.852617145841
259.872646731341
259.891968353574
259.911582012539
259.931487708235
259.951685440664
259.971175209825
259.990957015718
260.011030858342
260.030396737699
260.051054653788
260.071004606609
260.091246596162
260.111780622448
260.132606685465
260.153724785214
260.174134921695
260.194837094909
260.215831304854
260.236117551531
260.256695834941
260.277566155082
260.297728511956
260.318182905562
260.338929335899
260.359967802969
260.381298306771
260.401920847305
260.42183542457
260.442042038568
260.463540689298
260.48433137676
260.505414100955
260.526788861881
260.547455659539
260.568414493929
260.588665365051
260.609208272906
260.630043217492
260.651170198811
260.672589216861
260.693300271644
260.714303363158
260.735598491405
260.756185656384
260.777064858094
260.797236096537
260.817699371712
260.838454683619
260.858502032258
260.879841417629
260.899472839732
260.919396298567
260.939611794134
260.960119326433
260.979918895465
261.000010501228
261.019394143723
261.039069822951
261.05903753891
261.079297291602
261.098849081025
261.118692907181
261.138828770069
261.158256669688
261.17797660604
261.197988579124
261.21729258894
261.236888635488
261.256776718768
261.27695683878
261.296428995524
261.316193189
261.336249419208
261.355597686148
261.375237989821
261.395170330225
261.414394707361
261.43391112123
261.45371957183
261.473820059163
261.493212583227
261.512897144024
261.531873741553
261.551142375813
261.570703046806
261.589555754531
261.608700498988
261.628137280177
261.647866098098
261.667886952751
261.687199844136
261.706804772253
261.726701737102
261.745890738684
261.765371776997
261.785144852042
261.80420996382
261.823567112329
261.843216297571
261.863157519544
261.88239077825
261.901916073688
261.921733405857
261.941842774759
261.962244180393
261.981937622759
262.001923101857
262.022200617687
262.041770170249
262.062631759543
262.081785385569
262.102231048327
262.121968747817
262.14199848404
262.162320256994
262.18293406668
262.203839913099
262.224037796249
262.244527716132
262.265309672746
262.285383666093
262.305749696172
262.326407762982
262.347357866525
262.3686000068
262.389134183807
262.409960397546
262.431078648017
262.45148893522
262.473191259155
262.493185619822
262.513472017221
262.534050451352
262.554920922216
262.576083429811
262.597537974139
262.618284555198
262.639323172989
262.660653827513
262.681276518769
262.702191246756
262.723398011476
262.743896812928
262.764687651111
262.785770526027
262.807145437675
262.827812386055
262.848771371167
262.870022393011
262.891565451587
262.912400546896
262.933527678936
262.954946847708
262.975658053212
262.996661295449
263.016956574417
263.037543890118
263.05842324255
263.079594631715
263.100058057611
263.12081352024
263.141861019601
263.162200555694
263.182832128518
263.203755738075
263.223971384364
263.244479067385
263.264278787138
263.284370543623
263.30475433684
263.32443016679
263.344398033471
263.364657936884
263.384209877029
263.404053853907
263.424189867516
263.444617917858
263.464338004931
263.484350128737
263.504654289274
263.524250486544
263.544138720546
263.56431899128
263.583791298746
263.603555642943
263.623612023873
263.643960441535
263.663600895929
263.683533387056
263.703757914914
263.723274479504
263.743083080826
263.76318371888
263.782576393667
263.802261105185
263.822237853436
263.841506638418
263.861067460133
263.880920318579
263.901065213758
263.921502145669
263.941231114311
263.961252119686
263.980565161793
264.000170240632
264.020067356203
264.040256508506
264.059737697541
264.079510923308
264.099576185807
264.118933485039
264.138582821002
264.158524193697
264.178757603125
264.199283049284
264.219100532175
264.239210051799
264.259611608155
264.279305201242
264.299290831062
264.319568497614
264.340138200897
264.360999940913
264.381153717661
264.401599531141
264.422337381353
264.442367268297
264.462689191973
264.483303152381
264.504209149522
264.524407183394
264.544897253998
264.565679361334
264.586753505403
264.607119686203
264.627777903736
264.648728158
264.668970448997
264.689504776726
264.710331141186
264.731449542379
264.751859980304
264.772562454961
264.79355696635
264.814843514471
264.835422099324
264.856292720909
264.877455379226
264.897910074275
264.919656806056
264.940695574569
264.962026379815
264.983649221792
265.004564100502
265.025771015943
265.047269968117
265.068060957022
265.08914398266
265.110519045029
265.132186144131
265.153145279965
265.174396452531
265.195939661829
265.216774907859
265.237902190621
265.258321510115
265.279032866341
265.300036259299
265.320331688989
265.340919155411
265.361798658565
265.381970198452
265.40243377507
265.423189388421
265.443237038503
265.463576725318
265.484208448864
265.504132209143
265.524348006154
265.544855839896
265.564655710371
265.584747617578
265.605131561517
265.624807542188
265.644775559591
265.665035613726
265.685587704593
265.705431832192
265.725567996523
265.745996197587
265.765716435382
265.785728709909
265.806033021169
265.82562936916
265.845517753884
265.865698175339
265.886170633527
265.905935128446
265.925991660098
265.946340228482
265.965980833598
265.985913475446
266.006138154026
266.025654869337
266.045463621381
266.065564410158
266.085957235666
266.105642097906
266.125618996878
266.145887932582
266.166448905019
266.186301914187
266.206446960088
266.22688404272
266.246613162085
266.266634318181
266.28694751101
266.30755274057
266.327450006863
266.347639309888
266.368120649645
266.388894026134
266.409959439355
266.430316889308
266.450966375993
266.47190789941
266.492141459559
266.51266705644
266.533484690053
266.554594360399
266.574996067476
266.595689811285
266.616675591827
266.6379534091
266.658523263106
266.679385153843
266.699539081313
266.719985045515
266.740723046449
266.761753084114
266.782075158512
266.802689269642
266.823595417504
266.843793602098
266.864283823424
266.885066081482
266.906140376272
266.926506707795
266.947165076049
266.968115481035
266.988357922754
267.008892401204
267.029718916386
267.050837468301
267.071248056948
267.091950682326
267.112945344437
267.13423204328
267.154810778854
267.175681551161
267.1968443602
267.217299205971
267.238046088474
267.259085007709
267.280415963676
267.301038956375
267.321953985806
267.34316105197
267.363660154865
267.384451294492
267.404534470852
267.424909683943
267.445576933767
267.466536220322
267.48778754361
267.508330903629
267.529166300381
267.550293733865
267.571713204081
267.592424711028
267.613428254708
267.63372383512
267.654311452264
267.67419110614
267.694362796748
267.714826524089
267.734582288161
267.754630088965
267.774969926501
267.79560180077
267.81552571177
267.835741659503
267.856249643967
267.877049665164
267.897141723092
267.917525817753
267.938201949146
267.95817011727
267.978430322127
267.998982563716
268.019826842037
268.03996315709
268.060391508875
268.081111897392
268.102124322641
268.123428784622
268.144025283336
268.164913818781
268.185094390958
268.206566999868
268.227331645509
268.248388327882
268.269737046988
268.290377802826
268.311310595395
268.332535424697
268.353052290731
268.373861193496
268.394962132994
268.415355109224
268.436040122186
268.45701717188
268.477286258306
268.497847381464
268.518700541354
268.538845737977
268.559282971331
268.580012241417
268.601033548235
268.622346891786
268.642952272068
268.663849689083
268.685039142829
268.705520633308
268.726294160519
268.747359724461
268.768717325136
268.790366962543
268.812308636682
268.833542347553
268.855068095156
268.876885879491
268.897995700558
268.919397558357
268.940091452888
268.961077384151
268.982355352147
269.003925356874
269.024787398333
269.045941476525
269.067387591448
269.088125743104
269.109155931491
269.130478156611
269.152092418463
269.172998717046
269.194197052362
269.21468742441
269.23546983319
269.256544278702
269.276910760946
269.297569279922
269.31851983563
269.33976242807
269.361297057242
269.382123723146
269.403242425783
269.423653165151
269.444355941251
269.465350754084
269.486637603648
269.508216489945
269.529087412973
269.550250372734
269.571705369227
269.593452402452
269.614491472408
269.635822579097
269.657445722518
269.678360902671
269.699568119556
269.721067373173
269.742858663522
269.763941990603
269.785317354417
269.806984754962
269.827944192239
269.848195666249
269.86873917699
269.889574724463
269.909702308669
269.930121929606
269.950833587276
269.971837281678
269.993133012811
270.013720780677
270.034600585275
270.055772426605
270.077236304667
270.097992219461
270.119040170987
270.140380159245
270.161012184235
270.181936245957
270.203152344411
270.224660479598
270.245460651516
270.266552860166
270.287937105549
270.309613387663
270.33058170651
270.351842062088
270.373394454399
270.394238883442
270.415375349216
270.436803851723
270.457524390962
270.478536966933
270.499841579636
270.521438229071
270.543326915238
270.564507638137
270.585980397768
270.607745194131
270.629802027227
270.651150897054
270.672791803613
270.693724746905
270.714949726928
270.737466743684
270.759275797171
270.781376887391
270.803770014342
270.826455178026
270.848432378442
270.87070161559
270.89326288947
270.915116200081
270.937261547425
270.959698931501
270.981428352309
271.00344980985
271.025763304122
271.048368835126
271.070266402862
271.092456007331
271.113937648531
271.135711326463
271.157777041128
271.180134792524
271.201784580653
271.223726405514
271.245960267106
271.267486165431
271.289304100488
271.311414072277
271.333816080797
271.35551012605
271.377496208035
271.398774326752
271.420344482201
271.442206674383
271.463360903296
271.484807168941
271.506545471318
271.527575810428
271.548898186269
271.570512598843
271.592419048148
271.614617534186
271.636108056955
271.656890616457
271.67796521269
271.699331845656
271.720990515354
271.742941221784
271.764183964946
271.78571874484
271.807545561466
271.828664414824
271.850075304914
271.871778231736
271.89277319529
271.914060195576
271.935639232595
271.957510306345
271.978673416828
272.000128564042
272.021875747989
272.043914968667
272.065246226078
272.08686952022
272.108784851095
272.129992218702
272.151491623041
272.173283064112
272.194366541915
272.215742056449
272.237409607716
272.258369195716
272.279620820447
272.30116448191
272.323000180105
272.345127915032
272.366547686692
272.388259495083
272.410263340206
272.431559222062
272.45314714065
272.475027095969
272.496199088021
272.517663116804
272.53941918232
272.561467284568
272.582807423548
272.60443959926
272.626363811704
272.64858006088
272.671088346788
272.693888669428
272.7159810288
272.738365424904
272.76104185774
272.783010327309
272.805270833609
272.827823376641
272.850667956406
272.872804572902
272.895233226131
272.917953916091
272.939966642784
272.962271406209
272.984868206366
273.006757043254
273.028937916875
273.051410827228
273.074175774313
273.09723275813
273.119581778679
273.14222283596
273.165155929974
273.188381060719
273.210898228196
273.233707432405
273.256808673347
273.27920195102
273.301887265426
273.323864616563
273.346134004433
273.368695429034
273.390548890368
273.412694388434
273.435131923232
273.457861494761
273.479883103023
273.502196748017
273.524802429743
273.547700148201
273.569889903391
273.592371695313
273.614145523968
273.636211389354
273.658569291472
273.680219230323
273.702161205905
273.724395218219
273.745921267266
273.767739353044
273.789849475555
273.812251634798
273.833945830772
273.855932063479
273.877210332918
273.898780639089
273.920642981992
273.942797361627
273.964243777994
273.985982231093
274.008012720924
274.029335247487
274.050949810782
274.072856410809
274.094055047569
274.11554572106
274.137328431283
274.158403178239
274.179769961926
274.201428782346
274.223379639498
274.245622533381
274.267157463997
274.288984431345
274.311103435425
274.333514476236
274.35521755378
274.377212668056
274.399499819064
274.421079006804
274.442950231277
274.465113492481
274.486568790417
274.508316125085
274.530355496486
274.552686904618
274.575310349483
274.598225831079
274.620433349408
274.642932904468
274.665724496261
274.688808124785
274.711183790042
274.733851492031
274.756811230752
274.779063006205
274.80060681839
274.822442667307
274.844570552956
274.866990475337
274.88970243445
274.912706430295
274.935002462872
274.957590532182
274.980470638223
275.002642780996
275.025106960502
275.047863176739
275.070911429709
275.093251719411
275.115884045844
275.13880840901
275.161024808908
275.183533245538
275.206333718899
275.229426228993
275.251810775819
275.274487359377
275.297455979667
275.320716636689
275.343269330444
275.36611406093
275.389250828148
275.412679632098
275.435400472781
275.458413350195
275.481718264342
275.50531521522
275.528204202831
275.551385227174
275.574858288248
275.598623386055
275.621680520594
275.645029691865
275.668670899867
275.691604144602
275.714829426069
275.737346744268
275.760156099199
275.783257490863
275.805650919258
275.828336384385
275.851313886244
275.873583424836
275.896145000159
275.918998612215
275.941144261002
275.963581946522
275.986311668773
276.009333427757
276.032647223473
276.05525305592
276.0781509251
276.100340831012
276.122822773656
276.145596753032
276.16866276914
276.19102082198
276.213670911552
276.235613037856
276.257847200892
276.280373400661
276.302191637161
276.324301910393
276.346704220358
276.368398567054
276.390384950483
276.412663370643
276.435233827536
276.457096321161
276.479250851517
276.501697418606
276.524436022427
276.54746666298
276.569789340265
276.592404054282
276.615310805031
276.637509592512
276.660000416725
276.68278327767
276.705858175347
276.729225109757
276.751884080898
276.774835088771
276.798078133377
276.820613214714
276.843440332784
276.866559487585
276.889970679119
276.912673907385
276.935669172382
276.958956474112
276.981535812574
277.004407187768
277.027570599694
277.050026048352
277.072773533742
277.095813055864
277.119144614718
277.142768210304
277.166683842623
277.190891511673
277.214391217455
277.23818295997
277.261266739216
277.284642555195
277.308310407905
277.331270297348
277.354522223523
277.377066186429
277.399902186068
277.423030222439
277.446450295542
277.470162405376
277.494166551943
277.517462735242
277.541050955274
277.563931212037
277.587103505532
277.610567835759
277.634324202718
277.65737260641
277.680713046833
277.704345523989
277.727270037876
277.750486588496
277.773995175847
277.797795799931
277.820888460746
277.844273158294
277.867949892574
277.891918663586
277.91517947133
277.938732315806
277.961577197014
277.984714114954
278.008143069626
278.03186406103
278.054877089166
278.078182154034
278.100779255635
278.123668393967
278.146849569031
278.170322780828
278.193088029356
278.216145314617
278.239494636609
278.262135995334
278.285069390791
278.30829482298
278.3318122919
278.354621797553
278.377723339938
278.401116919055
278.423802534904
278.446780187485
278.470049876798
278.492611602843
278.515465365621
278.53861116513
278.561049001371
278.583778874345
278.60680078405
278.630114730487
278.653720713657
278.676618733558
278.699808790192
278.722290883558
278.745065013656
278.768131180485
278.791489384047
278.815139624341
278.838081901367
278.861316215125
278.884842565615
278.907660952837
278.930771376791
278.954173837477
278.977868334896
279.000854869046
279.024133439928
279.047704047542
279.070566691889
279.093721372967
279.117168090778
279.140906845321
279.164937636595
279.188260464602
279.211875329341
279.234782230811
279.257981169014
279.281472143949
279.305255155616
279.329330204015
279.353697289146
279.377356411009
279.401307569604
279.425550764932
279.449085996991
279.472913265782
279.497032571306
279.520443913561
279.543147292548
279.566142708268
279.589430160719
279.613009649903
279.635881175819
279.659044738466
279.682500337846
279.705247973958
279.728287646802
279.751619356378
279.774243102686
279.797158885726
279.820366705498
279.842866562002
279.865658455238
279.888742385206
279.912118351907
279.935786355339
279.958746395503
279.9819984724
280.005542586028
280.028378736389
280.051506923481
280.074927147306
280.098639407863
280.121643705151
280.144940039172
280.167528409925
280.19040881741
280.213581261627
280.236045742576
280.258802260257
280.28185081467
280.305191405815
280.327824033692
280.350748698302
280.373965399643
280.397474137716
280.421274912522
280.445367724059
280.468752572329
280.49242945733
280.515398379064
280.538659337529
280.562212332727
280.586057364657
280.610194433319
280.633623538712
280.657344680838
280.680357859696
280.702663075286
280.725260327608
280.748149616662
280.771330942449
280.794804304967
280.818569704217
280.841627140199
280.864976612914
280.88861812236
280.911551668539
280.934777251449
280.958294871092
280.982104527466
281.006206220573
281.029599950412
281.053285716982
281.076263520285
281.09953336032
281.123095237087
281.146949150586
281.170095100817
281.19353308778
281.217263111475
281.241285171902
281.264599269062
281.288205402953
281.312103573576
281.336293780932
281.360776025019
281.385550305839
281.40961662339
281.433974977674
281.457625368689
281.481567796437
281.505802260917
281.530328762129
281.554147300072
281.578257874748
281.602660486156
281.626355134296
281.650341819168
281.674620540772
281.698191299109
281.722054094177
281.746208925977
281.769655794509
281.793394699774
281.81742564177
281.840748620499
281.864363635959
281.888270688152
281.912469777076
281.935960902733
281.959744065122
281.982819264242
282.006186500095
282.02984577268
282.052797081997
282.077040428046
282.100575810827
282.12440323034
282.147522686585
282.170934179562
282.193637709272
282.216633275713
282.239920878886
282.262500518792
282.285372195429
282.308535908798
282.3319916589
282.354739445734
282.377779269299
282.401111129597
282.423735026627
282.446650960388
282.469858930882
282.492358938108
282.515150982066
282.538235062756
282.561611180178
282.584279334332
282.607239525218
282.630491752837
282.654036017187
282.677872318269
282.701000656083
282.72442103063
282.748133441908
282.771137889919
282.794434374661
282.818022896136
282.840903454343
282.864076049281
282.887540680952
282.910297349355
282.93334605449
282.956686796357
282.980319574956
283.004244390287
283.02746124235
283.050970131145
283.074771056672
283.097864018931
283.121249017922
283.144926053646
283.167895126101
283.191156235289
283.214709381208
283.23855456386
283.261691783243
283.285121039359
283.308842332206
283.332855661786
283.357161028098
283.380758431142
283.404647870918
283.428829347425
283.452302860665
283.476068410637
283.500125997342
283.524475620778
283.548117280946
283.572050977846
283.596276711478
283.620794481843
283.645604288939
283.669706132768
283.694100013328
283.718785930621
283.743763884645
283.768033875402
283.792595902891
283.816449967111
283.840596068064
283.865034205749
283.888764380166
283.912786591315
283.936100839196
283.960707123809
283.984605445154
284.008795803231
284.03227819804
284.056052629582
284.080119097855
284.10347760286
284.127128144598
284.151070723067
284.175305338269
284.198831990202
284.222650678868
284.245761404266
284.269164166395
284.292858965257
284.316845800851
284.340124673177
284.363695582235
284.387558528025
284.410713510547
284.434160529801
284.457899585787
284.481930678505
284.505253807955
284.528868974138
284.552776177052
284.575975416698
284.599466693077
284.623250006187
284.64632535603
284.669692742604
284.692352165911
284.71530362595
284.73854712272
284.762082656223
284.784910226458
284.808029833425
284.831441477124
284.855145157555
284.878140874718
284.901428628613
284.92500841924
284.947880246599
284.97104411069
284.994500011514
285.018247949069
285.042287923357
285.065619934376
285.089243982128
285.113160066611
285.136368187827
285.159868345774
285.183660540454
285.207744771866
285.23112104001
285.255789344885
285.279749686493
285.304002064833
285.327546479905
285.351382931709
285.375511420245
285.398931945514
285.422644507514
285.446649106246
285.46994574171
285.493534413907
285.516415122835
285.539587868496
285.563052650888
285.586809470013
285.610858325869
285.634199218458
285.657832147779
285.681757113832
285.704974116616
285.728483156133
285.752284232382
285.776377345363
285.800762495076
285.824439681521
285.848408904699
285.871670164608
285.895223461249
285.919068794622
285.943206164728
285.967635571565
285.992357015134
286.016370495436
286.040676012469
286.065273566235
286.089163156733
286.113344783962
286.137818447924
286.162584148618
286.186641886044
286.210991660202
286.235633471092
286.259567318714
286.283793203068
286.307311124154
286.332121081972
286.356223076522
286.380617107804
286.404303175819
286.428281280565
286.452551422044
286.476113600254
286.499967815196
286.524114066871
286.548552355278
286.572282680416
286.596305042287
286.61961944089
286.643225876225
286.667124348292
286.691314857091
286.714797402621
286.738571984884
286.76263860388
286.785997259607
286.809647952066
286.833590681257
286.85682544718
286.880352249836
286.904171089223
286.927281965342
286.950684878194
286.974379827778
286.997366814093
287.020645837141
287.04421689692
287.068079993432
287.092235126676
287.116682296652
287.14042150336
287.164452746799
287.188776026971
287.212391343876
287.236298697512
287.26049808788
287.28498951498
287.308772978812
287.332848479377
287.356216016673
287.379875590701
287.403827201462
287.428070848954
287.452606533179
287.476434254135
287.500554011824
287.524965806245
287.548669637397
287.572665505282
287.596953409899
287.621533351248
287.645405329329
287.669569344142
287.694025395687
287.717773483964
287.741813608973
287.766145770715
287.790769969188
287.814686204393
287.838894476331
287.863394785
287.887187130402
287.911271512535
287.935647931401
287.960316386998
287.984276879328
288.00852940839
288.033073974183
288.056910576709
288.080039215967
288.103459891957
288.127172604679
288.151177354133
288.175474140319
288.199062963237
288.222943822888
288.24711671927
288.271581652384
288.29533862223
288.319387628809
288.342728672119
288.366361752162
288.390286868936
288.413504022443
288.437013212682
288.460814439652
288.484907703355
288.50829300379
288.531970340957
288.555939714856
288.580201125487
288.60475457285
288.628600056945
288.652737577772
288.676167135331
288.699888729622
288.723902360645
288.747208028401
288.770805732888
288.794695474107
288.817877252059
288.841351066742
288.864116918158
288.887174806306
288.910524731185
288.934166692797
288.957100691141
288.980326726217
289.003844798024
289.026654906564
289.049757051836
289.07315123384
289.096837452576
289.119815708045
289.143086000245
289.165648329177
289.189502694841
289.212649097238
289.236087536366
289.259818012226
289.283840524819
289.307155074143
289.3307616602
289.353660282989
289.376850942509
289.400333638762
289.424108371747
289.448175141464
289.472533947913
289.497184791094
289.521127671007
289.545362587652
289.568889541029
289.592708531138
289.616819557979
289.641222621552
289.665917721858
289.689904858895
289.714184032664
289.738755243166
289.763618490399
289.787773774365
289.812221095063
289.836960452492
289.861991846654
289.886315277548
289.910930745174
289.934838249531
289.959037790621
289.983529368443
290.008312982997
290.033388634283
290.057756322301
290.082416047052
290.107367808534
290.131611606748
290.156147441694
290.180975313373
290.206095221783
290.230507166926
290.2552111488
290.280207167407
290.304495222745
290.329075314816
290.352947443619
290.377111609154
290.40156781142
290.426316050419
290.45035632615
290.474688638613
290.498312987808
290.522229373735
290.545437796394
290.568938255786
290.592730751909
290.615815284764
290.640191854352
290.663860460671
290.686821103722
290.710073783506
290.733618500021
290.757455253269
290.781584043249
290.80500486996
290.828717733404
290.85172263358
290.875019570488
290.898608544128
290.9224895545
290.946662601604
290.97012768544
290.993884806008
291.017933963308
291.04127515734
291.064908388104
291.087833655601
291.112050959829
291.13556030079
291.159361678482
291.183455092906
291.206840544063
291.230518031952
291.254487556572
291.277749117925
291.30130271601
291.325148350827
291.349286022376
291.372715730656
291.396437475669
291.420451257414
291.443757075892
291.467354931101
291.491244823042
291.515426751715
291.53990071712
291.563666719258
291.587724758127
291.612074833728
291.635716946062
291.659651095128
291.683877280925
291.708395503455
291.733205762716
291.75730805871
291.781702391436
291.806388760894
291.830367167084
291.854637610006
291.87920008966
291.904054606046
291.929201159164
291.953639749014
291.978370375596
292.00339303891
292.027707738957
292.052314475735
292.077213249245
292.102404059488
292.126886906462
292.151661790169
292.176728710608
292.202087667778
292.227738661681
292.252681692316
292.277916759683
292.302443863781
292.327263004612
292.352374182175
292.37677739647
292.401472647497
292.426459935257
292.451739259748
292.476310620971
292.501174018926
292.526329453614
292.550776925033
292.575516433184
292.600547978068
292.624871559683
292.649487178031
292.674394833111
292.698594524922
292.723086253466
292.747870018742
292.77194582075
292.796313659489
292.819973534961
292.843925447165
292.868169396101
292.891705381769
292.91553340417
292.939653463302
292.964065559166
292.988769691762
293.013765861091
293.038054067151
293.062634309944
293.086506589468
293.110670905725
293.135127258713
293.159875648434
293.184916074887
293.210248538071
293.234873037988
293.258789574637
293.282998148018
293.307498758131
293.332291404976
293.356376088553
293.380752808862
293.405421565903
293.429382359676
293.453635190182
293.478180057419
293.502016961388
293.52614590209
293.550566879523
293.574279893689
293.599284944586
293.624582032216
293.649171156578
293.674052317671
293.699225515497
293.724690750055
293.749448021345
293.774497329367
293.799838674121
293.825472055607
293.850397473825
293.875614928775
293.901124420457
293.925925948871
293.951019514018
293.976405115896
294.001082754506
294.026052429849
294.051314141923
294.07586789073
294.100713676268
294.125851498539
294.151281357542
294.176003253277
294.201017185743
294.226323154942
294.250921160873
294.275811203536
294.300993282931
294.326467399058
294.351233551917
294.376291741508
294.401641967831
294.427284230887
294.453218530674
294.478444867193
294.503963240445
294.528773650428
294.554876097144
294.580270580591
294.605957100771
294.631935657683
294.657206251326
294.682768881702
294.70862354881
294.73377025265
294.759208993222
294.783939770526
294.808962584562
294.83427743533
294.85888432283
294.883783247062
294.908974208026
294.933457205722
294.958232240151
294.983299311311
295.007658419204
295.031309563828
295.056252745185
295.080487963273
295.105015218094
295.129834509646
295.153945837931
295.178349202948
295.203044604697
295.228032043178
295.253311518391
295.277883030336
295.302746579013
295.326902164422
295.351349786563
295.376089445436
295.401121141041
295.426444873379
295.452060642448
295.476968448249
295.502168290783
295.526660170048
295.552444086046
295.578520038775
295.603888028237
295.629548054431
295.654500117357
295.679744217014
295.705280353404
295.731108526526
295.75622873638
295.781640982966
295.807345266284
295.832341586334
295.857629943116
295.883210336631
295.909082766877
295.935247233855
295.960703737566
295.986452278008
296.011492855182
296.035825469089
296.061450119728
296.086366807098
296.111575531201
296.138076292036
296.163869089602
296.189953923901
296.215330794932
296.240999702695
296.26696064719
296.293213628417
296.319758646376
296.345595701067
296.37172479249
296.397145920646
296.422859085533
296.448864287152
296.474161525504
296.499750800587
296.525632112403
296.55080546095
296.57727084623
296.603028268241
296.628077726985
296.654419222461
296.680052754669
296.705978323608
296.73219592928
296.757705571684
296.78350725082
296.809600966688
296.834986719288
296.860664508621
296.886634334685
296.912896197481
296.938450097009
296.96429603327
296.990434006262
297.016864015986
297.042586062443
297.067600145632
297.093906265552
297.119504422205
297.14439461559
297.169576845706
297.195051112555
297.220817416136
297.245875756449
297.271226133494
297.295868547271
297.32080299778
297.346029485021
297.371548008994
297.396358569699
297.421461167137
297.446855801306
297.471542472207
297.496521179841
297.521791924206
297.546354705304
297.571209523133
297.597356377695
297.622795268989
297.648526197014
297.674549161772
297.699864163262
297.725471201484
297.751370276438
297.777561388124
297.804044536542
297.829819721692
297.855886943574
297.882246202188
297.907897497535
297.933840829613
297.960076198423
297.986603603966
298.01242304624
298.038534525247
298.064938040985
298.090633593456
298.117621182658
298.143900808593
298.17047247126
298.197336170659
298.223491906789
298.249939679652
298.276679489247
298.302711335574
298.329035218633
298.355651138424
298.382559094948
298.408759088203
298.43525111819
298.462035184909
298.488111288361
298.514479428544
298.54113960546
298.568091819107
298.594336069487
298.620872356598
298.647700680442
298.673821041018
298.700233438326
298.726937872365
298.753934343137
298.780222850641
298.806803394877
298.833675975845
298.859840593545
298.886297247977
298.913045939142
298.940086667038
298.967419431666
298.994044233027
299.020961071119
299.048169945943
299.0756708575
299.102463805788
299.129548790809
299.155925812562
299.183594871046
299.209555966263
299.235809098212
299.262354266893
299.289191472306
299.315320714451
299.341741993328
299.368455308937
299.394460661278
299.420758050351
299.447347476156
299.474228938693
299.500402437963
299.526867973964
299.553625546697
299.579675156163
299.60601680236
299.63265048529
299.658576204952
299.683793961345
299.710303754471
299.736105584329
299.762199450919
299.78858535424
299.814263294294
299.84023327108
299.866495284598
299.893049334848
299.91889542183
299.945033545545
299.971463705991
299.998185903169
300.02420013708
300.050506407722
300.077104715096
300.103995059203
300.130177440041
300.156651857612
300.183418311915
300.209476802949
300.236827330716
300.263469895215
300.290404496446
300.316631134408
300.343149809103
300.36996052053
300.397063268689
300.424458053581
300.451144875204
300.478123733559
300.505394628646
300.532957560465
300.560812529017
300.5879595343
300.615398576316
300.642129655063
300.669152770543
300.695467922754
300.722075111698
300.748974337374
300.776165599782
300.802648898921
300.829424234793
300.856491607397
300.883851016733
300.910502462801
300.937445945601
300.964681465133
300.991209021397
301.018028614394
301.045140244122
301.071543910582
301.098239613775
301.125227353699
301.152507130355
301.180078943744
301.207942793865
301.235098680717
301.262546604302
301.289286564619
301.317318561667
301.344642595448
301.372258665961
301.400166773206
301.427366917183
301.454859097892
301.482643315333
301.510719569506
301.538087860411
301.565748188049
301.592700552418
301.619944953519
301.647481391353
301.674309865918
301.701430377216
301.728842925245
301.755547510007
301.7825441315
301.808832789726
301.835413484684
301.863286216374
301.889450984795
301.915907789949
301.942656631835
301.969697510453
301.997030425803
302.023655377885
302.050572366699
302.076781392246
302.103282454524
302.130075553534
302.156160689277
302.182537861751
302.209207070957
302.236168316896
302.263421599567
302.289966918969
302.316804275104
302.343933667971
302.370355097569
302.3980685639
302.425074066963
302.452371606758
302.478961183285
302.505842796544
302.533016446535
302.559482133258
302.586239856713
302.6132896169
302.64063141382
302.667265247471
302.694191117854
302.72140902497
302.748918968817
302.776720949397
302.804814966708
302.832201020752
302.859879111528
302.886849239035
302.913111403275
302.941665604247
302.969511841951
302.996650116387
303.024080427555
303.051802775455
303.078817160087
303.106123581451
303.133722039547
303.160612534376
303.187795065936
303.215269634228
303.242036239253
303.269094881009
303.296445559498
303.323088274718
303.350023026671
303.377249815355
303.404768640772
303.431579502921
303.458682401802
303.487077337415
303.514764309759
303.542743318836
303.570014364645
303.597577447186
303.62543256646
303.653579722465
303.681018915202
303.708750144671
303.735773410873
303.763088713806
303.790696053471
303.818595429869
303.845786842998
303.87327029286
303.900045779453
303.927113302779
303.954472862837
303.981124459627
304.008068093149
304.035303763402
304.061831470388
304.088651214106
304.115762994556
304.143166811738
304.169862665653
304.196850556299
304.224130483677
304.251702447787
304.27856644863
304.305722486204
304.33317056051
304.359910671549
304.386942819319
304.414267003822
304.441883225057
304.468791483023
304.495991777722
304.523484109153
304.550268477316
304.577344882211
304.603713323838
304.630373802197
304.657326317288
304.684570869111
304.711107457666
304.737936082953
304.765056744972
304.792469443724
304.820174179207
304.847170951423
304.87445976037
304.90204060605
304.929913488461
304.957078407605
304.98453536348
305.012284356088
305.040325385428
305.0676584515
305.095283554304
305.123200693839
305.150409870107
305.177911083107
305.20570433284
305.233789619304
305.2611669425
305.288836302428
305.316797699088
305.344051132481
305.371596602605
305.398434109462
305.42556365305
305.452985233371
305.479698850423
305.506704504208
305.534002194724
305.561591921973
305.589473685954
305.616647486667
305.643113324112
305.670871198289
305.697921109198
305.725263056839
305.752897041212
305.779823062317
305.807041120154
305.833551214723
305.860353346025
305.887447514058
305.914833718823
305.941511960321
305.96848223855
305.995744553512
306.023298905205
306.050145293631
306.077283718789
306.103714180679
306.1304366793
306.157451214654
306.18375778674
306.211356395558
306.238247041108
306.26542972339
306.292904442404
306.32067119815
306.347729990629
306.374080819839
306.400723685781
306.427658588456
306.454885527862
306.482404504001
306.509215516871
306.536318566474
306.562713652808
306.589400775875
306.616379935674
306.642651132204
306.669214365467
306.696069635462
306.722216942189
306.749656285648
306.776387665839
306.803411082762
306.830726536417
306.857334026805
306.884233553924
306.911425117775
306.937908718358
306.964684355674
306.991752029721
307.019111740501
307.046763488012
307.073707272256
307.100943093231
307.128470950939
307.155290845379
307.182402776551
307.209806744455
307.237502749091
307.264490790458
307.292770868558
307.319342983391
307.346207134955
307.373363323251
307.400811548279
307.428551810039
307.455584108532
307.482908443756
307.510524815712
307.537433224401
307.564633669821
307.592126151974
307.618910670858
307.645987226475
307.672355818824
307.699016447905
307.725969113717
307.753213816262
307.779750555539
307.806579331548
307.833700144289
307.860112993762
307.886817879968
307.913814802905
307.941103762574
307.967684758975
307.994557792109
308.021722861974
308.048179968571
308.074929111901
308.100970291962
308.127303508756
308.153928762282
308.180846052539
308.207055379529
308.233556743251
308.260350143705
308.286435580891
308.312813054808
308.338482565458
308.365444112841
308.391697696955
308.418243317801
308.444080975379
308.470210669689
308.496632400732
308.523346168506
308.549351973012
308.575649814251
308.601239692221
308.627121606924
308.653295558358
308.679761546525
308.706519571424
308.732569633055
308.758911731417
308.784545866512
308.810472038339
308.835690246898
308.861200492189
308.888002774212
308.914097092967
308.940483448454
308.967161840674
308.993132269625
309.018394735308
309.044949237724
309.070795776871
309.096934352751
309.123364965362
309.149087614706
309.175102300781
309.201409023589
309.228007783129
309.253898579401
309.280081412404
309.30655628214
309.332323188608
309.358382131808
309.38473311174
309.412376128404
309.4393111818
309.466538271929
309.494057398789
309.520868562381
309.547971762705
309.575366999762
309.60205427355
309.629033584071
309.656304931323
309.683868315308
309.710723736025
309.737871193473
309.764310687654
309.791042218567
309.818065786212
309.844381390589
309.870989031698
309.897888709539
309.924080424112
309.950564175417
309.976339963454
310.002407788223
310.028767649724
310.055419547958
310.081363482923
310.10759945462
310.13412746305
310.159947508211
310.186059590105
310.212463708731
310.239159864088
310.265148056178
310.291428285
310.317000550554
310.342864852839
310.369021191857
310.394469567607
310.420209980089
310.445242429303
310.47156691525
310.497183437928
310.523091997338
310.54929259348
310.574785226355
310.600569895961
310.626646602299
310.65201534537
310.677676125172
310.703628941707
310.729873794974
310.756410684972
310.782239611703
310.808360575166
310.834773575361
310.860478612288
310.886475685947
310.912764796338
310.938345943461
310.964219127316
310.990384347903
311.015841605222
311.041590899273
311.067632230057
311.093965597572
311.120591001819
311.146508442799
311.17271792051
311.198219434954
311.224012986129
311.250098574037
311.276476198677
311.302145860049
311.328107558152
311.354361292988
311.379907064556
311.405744872856
311.431874717888
311.458296599652
311.484010518148
311.511016473377
311.536314465337
311.561904494029
311.587786559453
311.61396066161
311.639426800498
311.665184976119
311.691235188471
311.717577437556
311.743211723372
311.769138045921
311.795356405202
311.821866801214
311.848669233959
311.874763703436
311.901150209645
311.927828752586
311.953799332259
311.980061948664
312.005616601801
312.032463291671
312.058602018272
312.085032781605
312.11075558167
312.136770418468
312.163077291997
312.189676202259
312.215567149252
312.241750132978
312.267225153436
312.292992210625
312.319051304547
312.344402435201
312.370045602587
312.395980806705
312.422208047555
312.448727325137
312.474538639451
312.500641990497
312.526037378275
312.552724802785
312.577704264027
312.602975762002
312.628539296708
312.654394868146
312.679542476317
312.704982121219
312.730713802854
312.755737521221
312.780053276319
312.80466106815
312.829560896713
312.854752762007
312.880236664034
312.905012602793
312.930080578284
312.955440590507
312.981092639462
313.006036725149
313.030272847569
313.05580100672
313.080621202603
313.105733435218
313.131137704566
313.156834010645
313.182822353457
313.208102733
313.233675149276
313.259539602284
313.284696092023
313.310144618495
313.335885181699
313.361917781635
313.387242418302
313.412859091702
313.438767801834
313.464968548698
313.490461332295
313.515246152623
313.540323009683
313.565691903475
313.590352833999
313.615305801256
313.640550805244
313.666087845965
313.691916923417
313.717038037602
313.742451188518
313.768156376167
313.793153600548
313.818442861661
313.844024159505
313.869897494082
313.895062865391
313.920520273432
313.946269718205
313.97131119971
313.996644717947
314.022270272916
314.047187864618
314.073397493051
314.098899158216
314.124692860114
314.150778598743
314.177156374105
314.202826186198
314.228788035024
314.255041920581
314.280587842871
314.306425801893
314.331555797647
314.356977830132
314.38269189935
314.4086980053
314.434996147982
314.460586327396
314.486468543542
314.51164279642
314.537109086031
314.561867412373
314.587917775447
314.613260175254
314.638894611792
314.663821085062
314.689039595065
314.713550141799
314.738352725266
314.763447345465
314.788834002395
314.813512696058
314.838483426453
314.86374619358
314.888300997439
314.91314783803
314.937286715353
314.961717629408
314.986440580195
315.011455567714
315.035762591965
315.059361652948
315.084252750664
315.108435885111
315.132911056291
315.157678264202
315.182737508846
315.207088790221
315.231732108329
315.256667463168
315.28189485474
315.306414283044
315.33122574808
315.356329249848
315.381724788348
315.40741236358
315.432391975544
315.45766362424
315.483227309668
315.508083031828
315.53323079072
315.557670586345
315.583402418701
315.608426287789
315.63374219361
315.659350136162
315.685250115447
315.710442131463
315.735926184212
315.760702273693
315.785770399905
315.81113056285
315.836782762527
315.861726998936
315.886963272077
315.91249158195
315.937311928555
315.962424311892
315.987828731961
316.012525188762
316.037513682296
316.062794212561
316.088366779558
316.113231383288
316.138388023749
316.162836700943
316.187577414868
316.212610165526
316.236934952915
316.261551777037
316.286460637891
316.311661535477
316.337154469795
316.361939440845
316.387016448627
316.412385493141
316.437046574387
316.461999692365
316.487244847075
316.511782038517
316.536611266691
316.561732531598
316.587145833236
316.611851171607
316.636848546709
316.662137958544
316.68671940711
316.711592892409
316.73675841444
316.762215973202
316.786965568697
316.812007200924
316.837340869883
316.861966575574
316.886884317997
316.911094097152
316.935595913039
316.960389765658
316.985475655009
317.010853581092
317.035523543908
317.060485543455
317.085739579734
317.110285652746
317.135123762489
317.159253908965
317.183676092173
317.208390312112
317.232396568784
317.256694862188
317.280285192324
317.304167559191
317.328341962791
317.352808403123
317.376566880187
317.400617393983
317.424959944511
317.448594531772
317.472521155764
317.496739816488
317.521250513944
317.546053248133
317.571148019053
317.595534826706
317.62021367109
317.644184552207
317.668447470055
317.693002424636
317.717849415949
317.741988443993
317.76641950877
317.791142610279
317.81615774852
317.840464923493
317.865064135198
317.889955383635
317.914138668804
317.938613990706
317.963381349339
317.988440744704
318.012792176801
318.036435645631
318.061371151192
318.085598693486
318.110118272511
318.134929888269
318.160033540758
318.18442922998
318.209116955934
318.23409671862
318.258368518038
318.282932354187
318.307788227069
318.332936136683
318.35737608303
318.382108066108
318.406132085918
318.43044814246
318.455056235734
318.479956365741
318.505148532479
318.529632735949
318.555408976152
318.579477253086
318.603837566753
318.628489917151
318.653434304282
318.677670728145
318.70219918874
318.726019686066
318.750132220125
318.774536790916
318.799233398439
318.824222042694
318.849502723681
318.8740754414
318.898940195852
318.923096987035
318.94754581495
318.972286679597
318.996319580977
319.020644519088
319.046261493932
319.070170505507
319.094371553815
319.118864638854
319.142649760626
319.16672691913
319.191096114366
319.215757346333
319.240710615033
319.264955920465
319.289493262629
319.313322641525
319.337444057153
319.361857509514
319.385562998606
319.40956052443
319.432850086986
319.456431686275
319.480305322295
319.503470995047
319.526928704532
319.549678450749
319.573720233697
319.597054053378
319.62067990979
319.644597802935
319.668807732812
319.692309699421
319.716103702762
319.739189742835
319.76256781964
319.786237933177
319.810200083446
319.834454270447
319.85800049418
319.881838754646
319.905969051843
319.929391385772
319.953105756434
319.977112163827
320.001410607953
320.02500108881
320.0488836064
320.073058160722
320.097524751775
320.122283379561
320.146334044079
320.170676745329
320.195311483311
320.219238258025
320.243457069471
320.267967917649
320.292770802559
320.317865724201
320.342252682575
320.366931677682
320.39190270952
320.41616577809
320.440720883393
320.464568025427
320.489707204194
320.514138419692
320.538861671923
320.562876960886
320.58718428658
320.611783649007
320.635675048166
320.659858484057
320.68433395668
320.709101466035
320.733161012122
320.757512594941
320.781156214492
320.805091870775
320.829319563791
320.853839293538
320.877651060017
320.901754863229
320.926150703172
320.949838579848
320.974818493255
320.998090443395
321.021654430266
321.04551045387
321.069658514206
321.094098611274
321.118830745074
321.142854915606
321.16717112287
321.190779366866
321.214679647594
321.238871965054
321.263356319246
321.28813271017
321.312201137826
321.336561602215
321.360214103335
321.384158641188
321.408395215772
321.432923827089
321.457744475137
321.481857159918
321.506261881431
321.529958639675
321.553947434652
321.578228266361
321.602801134802
321.626666039975
321.64982298188
321.673271960517
321.697012975886
321.720046027987
321.74337111682
321.766988242385
321.790897404683
321.814098603712
321.837591839473
321.861377111967
321.884454421192
321.90782376715
321.93148514984
321.954438569261
321.977684025415
322.001221518301
322.025051047918
322.048172614268
322.07158621735
322.094291857164
322.11728953371
322.141579246988
322.166160996998
322.190034783741
322.214200607215
322.237658467421
322.261408364359
322.28545029803
322.308784268432
322.332410275567
322.356328319433
322.380538400032
322.405040517362
322.428834671425
322.45292086222
322.477299089746
322.501969354005
322.525931654996
322.550185992719
322.574732367174
322.598570778361
322.62270122628
322.647123710931
322.671838232315
322.69584479043
322.720143385277
322.744734016856
322.768616685168
322.792791390211
322.817258131987
322.841016910494
322.864067725734
322.888410577705
322.912045466409
322.935972391845
322.960191354013
322.983702352913
323.007505388544
323.031600460908
323.055987570004
323.079666715832
323.103637898393
323.126901117685
323.150456373709
323.174303666465
323.197442995954
323.220874362174
323.244597765126
323.268613204811
323.292920681227
323.316520194376
323.340411744256
323.364595330869
323.388070954214
323.411838614291
323.435898311099
323.45925004464
323.482893814913
323.506829621918
323.531057465655
323.554577346124
323.578389263325
323.602493217259
323.625889207924
323.649577235321
323.67355729945
323.696829400312
323.720393537905
323.744249712231
323.767397923288
323.790838171078
323.814570455599
323.838594776853
323.861911134839
323.885519529557
323.908419961007
323.931612429188
323.954096934102
323.976873475748
323.999942054126
324.023302669237
324.045955321079
324.068900009653
324.092136734959
324.114665496997
324.137486295768
324.16059913127
324.184004003505
324.207700912471
324.23168985817
324.2549708406
324.277543859763
324.301408915658
324.324566008284
324.348015137643
324.371756303734
324.394789506557
324.418114746112
324.441732022399
324.465641335418
324.488842685169
324.512336071652
324.535121494867
324.558198954815
324.581568451494
324.605229984905
324.629183555049
324.652429161924
324.675966805532
324.699796485872
324.722918202943
324.746331956747
324.771037747282
324.79503557455
324.81932543855
324.842907339282
324.866781276746
324.890947250942
324.91440526187
324.93915530953
324.963197393922
324.987531515046
325.011157672903
325.035075867491
325.059286098811
325.082788366864
325.106582671648
325.130669013164
325.154047391413
325.177717806394
325.201680258106
325.224934746551
325.249481271728
325.272319833637
325.295450432277
325.31887306765
325.342587739755
325.365594448592
325.388893194161
325.412483976462
325.435366795496
325.458541651261
325.482008543758
325.505767472987
325.529818438949
325.553161441642
325.576796481068
325.599723557225
325.622942670115
325.646453819736
325.67025700609
325.693352229176
325.717739488993
325.740418785543
325.763390118825
325.786653488839
325.810208895585
325.833056339063
325.856195819273
325.879627336215
325.90335088989
325.927366480296
325.950674107434
325.974273771304
325.997165471907
326.020349209241
326.043824983308
326.066592794106
326.089652641637
326.113004525899
326.135648446894
326.158584404621
326.18181239908
326.20433243027
326.227144498193
326.250248602848
326.272644744235
326.295332922354
326.318313137205
326.341585388789
326.364149677104
326.387006002151
326.41015436393
326.432594762442
326.455327197685
326.478351669661
326.500668178368
326.523276723808
326.546177305979
326.569369924883
326.592854580519
326.615631272886
326.639700001986
326.662060767818
326.684713570382
326.707658409678
326.730895285706
326.754424198466
326.777245147958
326.800358134182
326.823763157139
326.847460216827
326.870449313247
326.8937304464
326.917303616284
326.9411688229
326.964326066249
326.987775346329
327.011516663142
327.035550016687
327.058875406963
327.082492833972
327.107402297713
327.131603798186
327.156097335391
327.179882909328
327.203960519997
327.228330167398
327.251991851531
327.275945572396
327.299191329994
327.322729124323
327.346558955384
327.370680823178
327.394094727703
327.417800668961
327.44179864695
327.466088661672
327.489670713125
327.513544801311
327.536710926229
327.560169087879
327.58391928626
327.606961521374
327.63029579322
327.652922101798
327.675840447108
327.699050829151
327.722553247925
327.746347703431
327.769434195669
327.791812724639
327.814483290342
327.837445892776
327.860700531943
327.884247207841
327.907085920472
327.930216669834
327.953639455929
327.976354278756
327.999361138315
328.022660034605
328.046250967628
328.069133937383
328.09230894387
328.115775987089
328.13953506704
328.162586183723
328.185929337138
328.209564527286
328.232491754165
328.255711017776
328.27922231812
328.302025655195
328.325121029003
328.348508439542
328.371187886814
328.394159370817
328.416422891553
328.438978449021
328.461826043221
328.484965674152
328.508397341816
328.531121046212
328.55413678734
328.5774445652
328.601044379792
328.623936231117
328.647120119173
328.670596043961
328.694364005481
328.717424003734
328.740776038718
328.764420110435
328.764420110435
328.77022714673
328.78184121932
328.799262328205
328.822490473386
328.822490473386
328.828193528047
328.83959963737
328.856708801353
328.879521019998
328.902450053335
328.925495901365
328.948658564089
328.971938041505
328.995334333613
329.0140513673
329.028089142566
329.037447659409
329.042126917831
329.042126917831
329.042126917831
329.042126917831
329.042126917831
329.042126917831
329.042126917831
329.042126917831
329.042126917831
329.042126917831
329.042126917831
329.042126917831
329.042126917831
329.042126917831
329.042126917831
329.042126917831
329.042126917831
329.046756620331
329.056016025331
329.069905132832
329.088423942833
329.111572455334
329.135013004567
329.158745590532
329.181770213229
329.205086872659
329.22869556882
329.251596301713
329.274789071339
329.298273877696
329.322050720786
329.345119600607
329.368480517161
329.392133470447
329.415078460464
329.438315487214
329.460844550696
329.48366565091
329.506778787856
329.530183961534
329.552881171944
329.575870419086
329.59915170296
329.621725023566
329.644590380905
329.666747774975
329.689197205777
329.711938673312
329.734972177578
329.757297718577
329.780915296307
329.80382491077
329.827026561964
329.849520249891
329.87230597455
329.895383735941
329.917753534064
329.940415368918
329.963369240505
329.985615148824
330.008153093875
330.029983075659
330.053105094174
330.075519149421
330.0982252414
330.121223370112
330.143513535555
330.16609573773
330.188969976638
330.212136252277
330.235594564649
330.258344913753
330.281387299588
330.304721722156
330.328348181456
330.351266677487
330.374477210251
330.396979779747
330.419774385975
330.442861028935
330.466239708627
330.488910425051
330.511873178208
330.535127968096
330.558674794716
330.581513658069
330.604644558153
330.628067494969
330.650782468518
330.673789478798
330.698088525811
330.720679609556
330.743562730032
330.766737887241
330.790205081182
330.813964311855
330.83801557926
330.861358883397
330.884994224266
330.908921601867
330.9321410162
330.955652467265
330.979455955062
331.003551479591
331.026939040853
331.050618638846
331.073590273571
331.096853945029
331.120409653218
331.14325739814
331.167397179794
331.190828998179
331.214552853297
331.238568745147
331.261876673729
331.285476639042
331.309368641088
331.332552679866
331.356028755376
331.379796867618
331.402857016592
331.426209202299
331.448853424737
331.471789683907
331.495017979809
331.518538312444
331.54135068181
331.564455087909
331.586851530739
331.609540010302
331.632520526596
331.654793079623
331.677357669382
331.700214295873
331.722362959095
331.74480365905
331.767536395737
331.789561169156
331.811877979307
331.83448682619
331.856387709806
331.878580630153
331.901065587232
331.923842581043
331.946911611587
331.969272678862
331.991925782869
332.014870923609
332.037108101081
332.059637315284
332.08245856622
332.104571853887
332.126977178287
332.149674539419
332.172663937283
332.194945371879
332.217518843207
332.240384351267
332.263541896059
332.286991477583
332.309733095839
332.332766750827
332.355092442548
332.377710171
332.400619936184
332.423821738101
332.446315576749
332.46910145213
332.492179364242
332.514549313087
332.538211298664
332.561165320972
332.583411380013
332.605949475786
332.628779608291
332.651901777528
332.675315983497
332.699022226198
332.722020505631
332.745310821796
332.767893174693
332.790767564322
332.813933990684
332.837392453777
332.860142953602
332.88318549016
332.905520063449
332.928146673471
332.951065320224
332.97427600371
332.997778723928
333.020573480877
333.043660274559
333.067039104973
333.090709972119
333.113672875997
333.136927816607
333.159474793949
333.182313808023
333.205444858829
333.228867946367
333.251583070638
333.27459023164
333.296889429374
333.319480663841
333.342363935039
333.36553924297
333.389006587632
333.411765969027
333.434817387153
333.458160842012
333.480796333603
333.503723861926
333.526943426981
333.549455028768
333.572258667287
333.595354342538
333.617742054521
333.640421803236
333.663393588683
333.685657410862
333.708213269773
333.731061165417
333.754201097792
333.7766330669
333.799357072739
333.822373115311
333.844681194614
333.86628131065
333.888173463417
333.911357652917
333.933833879149
333.956602142113
333.978662441809
334.001014778237
334.023659151397
334.045595561289
334.067824007913
334.089344491269
334.111157011357
334.133261568177
334.15565816173
334.178346792014
334.20032745903
334.222600162779
334.245164903259
334.267021680472
334.289170494417
334.311611345093
334.333344232502
334.356369156643
334.378686117515
334.40129511512
334.423196149457
334.445389220526
334.467874328327
334.49065147286
334.512720654125
334.535081872122
334.557735126852
334.579680418313
334.601917746506
334.624447111432
334.647268513089
334.670381951479
334.6927874266
334.715484938454
334.738474487039
334.760756072357
334.783329694407
334.806195353188
334.828353048702
334.850802780948
334.873544549926
334.896578355636
334.918904198078
334.941522077252
334.964431993158
334.987633945797
335.010127935167
335.032913961269
335.055992024103
335.07836212367
335.101024259968
335.123978432999
335.146224642761
335.168762889256
335.191593172482
335.214715492441
335.238129849132
335.261836242555
335.28483467271
335.308125139597
335.330707643215
335.353582183566
335.376748760649
335.400207374465
335.422958025012
335.446000712291
335.468335436302
335.490962197046
335.513880994521
335.536091828728
335.558594699668
335.581389607339
335.603476551743
335.625855532878
335.648526550746
335.671489605346
335.693744696677
335.717291824741
335.739130989537
335.761262191065
335.783685429325
335.806400704317
335.829408016041
335.851707364497
335.874298749685
335.896182171606
335.918357630258
335.940825125642
335.963584657759
335.985636226607
336.007979832188
336.0306154745
336.052543153545
336.074762869321
336.09627462183
336.118078411071
336.140174237044
336.162562099748
336.184241999185
336.206213935354
336.228477908255
336.251033917888
336.272881964253
336.29502204735
336.31745416718
336.339178323741
336.361194517034
336.38350274706
336.406103013817
336.428995317306
336.451179657528
336.473656034481
336.496424448167
336.518484898585
336.540837385734
336.562481909616
336.58441847023
336.606647067576
336.628167701654
336.649980372464
336.672085080006
336.69448182428
336.717170605286
336.739151423024
336.761424277494
336.783989168696
336.806846096631
336.828995061297
336.851436062696
336.874169100826
336.897194175689
336.919511287283
336.94212043561
336.965021620668
336.987214842459
337.009700100982
337.031477396237
337.054546728224
337.076908096943
337.099561502393
337.122506944577
337.145744423492
337.168273939139
337.191095491518
337.213209080629
337.235614706472
337.258312369048
337.281302068355
337.304583804395
337.328157577166
337.35102338667
337.374181232905
337.396631115873
337.419373035573
337.442406992004
337.464732985168
337.487351015064
337.510261081692
337.532463185052
337.554957325144
337.577743501968
337.599821715524
337.622191965812
337.644854252832
337.667808576585
337.690054937069
337.712593334285
337.735423768234
337.757546238914
337.779960746327
337.802667290471
337.824665871348
337.846956488957
337.869539143297
337.89241383437
337.914580562175
337.937039326712
337.959790127981
337.981832965982
338.004167840715
338.02679475218
338.048713700377
338.070924685306
338.093427706967
338.11522276536
338.137309860486
338.159688992343
338.182360160933
338.205323366254
338.227578608308
338.250125887093
338.271965202611
338.294096554861
338.316519943842
338.339235369556
338.361242832002
338.38354233118
338.40613386709
338.428017439732
338.450193049106
338.472660695212
338.49542037805
338.51747209762
338.539815853922
338.562451646957
338.584379476723
338.606599343221
338.629111246452
338.650915186414
338.673011163109
338.695399176536
338.717079226694
338.739051313585
338.761315437208
338.783871597562
338.805719794649
338.827860028468
338.850292299019
338.872016606302
338.894032950317
338.916341331064
338.938941748544
338.961834202755
338.984018693698
339.006495221373
339.029263785781
339.05132438692
339.073677024792
339.096321699395
339.119258410731
339.142487158798
339.165007943598
339.18782076513
339.210925623394
339.233322518389
339.256011450117
339.278992418577
339.302265423769
339.324830465693
339.347687544349
339.370836659737
339.393277811858
339.41601100071
339.439036226294
339.46135348861
339.483962787659
339.506864123439
339.530057495952
339.552542905196
339.575320351173
339.598389833882
339.620751353322
339.643404909495
339.6663505024
339.689588132037
339.712117798406
339.734939501507
339.758053241339
339.780459017905
339.803156831202
339.826146681231
339.849428567992
339.872002491485
339.894868451711
339.918026448668
339.940476482357
339.963218552779
339.986252659932
340.008578803818
340.031196984436
340.054107201785
340.077309455867
340.099803746681
340.122590074226
340.144668438504
340.167038839514
340.189701277256
340.21265575173
340.234902262936
340.257440810874
340.279271395545
340.301394016947
340.323808675081
340.345515369947
340.367514101546
340.389804869876
340.412387674939
340.434262516733
340.45642939526
340.478888310519
340.500639262509
340.522682251232
340.545017276687
340.567644338874
340.589563437792
340.611774573443
340.634277745826
340.657072954941
340.679160200788
340.701539483368
340.723210802679
340.745174158722
340.767429551497
340.789976981005
340.811816447244
340.833947950216
340.856371489919
340.878087066355
340.900094679522
340.921394329422
340.942986016054
340.964869739417
340.987045499513
341.009513296341
341.031273129901
341.053325000193
341.075668907217
341.098304850973
341.120232831461
341.142452848681
341.164964902634
341.187768993318
341.209865120734
341.232253284883
341.254933485763
341.277905723375
341.30116999772
341.323726308796
341.346574656605
341.369715041146
341.392147462419
341.414871920423
341.43788841516
341.460196946629
341.48279751483
341.505690119763
341.528874761428
341.552351439825
341.575120154954
341.598180906815
341.620533695409
341.643178520734
341.666115382791
341.688344281581
341.710865217102
341.733678189356
341.756783198341
341.779180244059
341.801869326508
341.82485044569
341.848123601604
341.87068879425
341.893546023627
341.916695289737
341.939136592579
341.961869932153
341.984895308459
342.008212721498
342.030822171268
342.05372365777
342.076917181004
342.09940274097
342.122180337669
342.144249971099
342.166611641262
342.189265348156
342.212211091783
342.234448872141
342.256978689232
342.279800543055
342.30191443361
342.324320360896
342.347018324915
342.369008325666
342.391290363149
342.413864437364
342.436730548311
342.45888869599
342.481338880401
342.503081101545
342.52511535942
342.547441654027
342.570059985367
342.592970353438
342.615172758242
342.637667199777
342.660453678045
342.682532193044
342.704902744776
342.72756533324
342.749519958436
342.771766620364
342.794305319023
342.817136054415
342.839258826539
342.861673635395
342.883380480984
342.905379363304
342.927670282356
342.94925323814
342.971128230656
342.993295259905
343.015754325885
343.038505428598
343.060548568042
343.082883744219
343.105510957127
343.127430206768
343.149641493141
343.172144816245
343.194940176082
343.217027572651
343.239407005952
343.262078475985
343.28404198275
343.306297526247
343.328845106476
343.351684723437
343.373816377131
343.396240067556
343.417955794713
343.439963558602
343.462263359224
343.484855196577
343.507739070663
343.52991498148
343.55238292903
343.575142913312
343.598194934325
343.620538992071
343.643175086549
343.666103217759
343.689323385701
343.711835590375
343.734639831781
343.757736109919
343.781124424789
343.803804776391
343.826777164726
343.849041589792
343.87159805159
343.894446550121
343.917587085383
343.941019657377
343.963744266104
343.986760911563
344.009069593753
344.031670312676
344.054563068331
344.077747860718
344.100224689836
344.122993555687
344.14605445827
344.168407397585
344.191052373632
344.213989386411
344.237218435923
344.259739522166
344.282552645141
344.305657804848
344.328055001288
344.350744234459
344.373725504363
344.395998810998
344.418564154366
344.441421534465
344.463570951297
344.486012404861
344.508745895156
344.531771422184
344.554088985944
344.576698586436
344.59860022366
344.620793897616
344.643279608304
344.665057355724
344.687127139876
344.709488960761
344.731142818377
344.753088712725
344.775326643806
344.796856611618
344.818678616163
344.840792657439
344.863198735448
344.884896850188
344.906887001661
344.929169189866
344.951743414803
344.974609676471
344.996767974872
345.019218310005
345.04196068187
345.063995090467
345.086321535796
345.108940017857
345.130850536651
345.153053092176
345.175547684433
345.198334313423
345.220412979144
345.242783681597
345.265446420783
345.287401196701
345.30964800935
345.332186858732
345.355017744845
345.377140667691
345.399555627269
345.422262623579
345.444261656621
345.466552726395
345.489135832901
345.512010976139
345.535178156109
345.557637372811
345.580388626245
345.603431916412
345.62576724331
345.64839460694
345.671314007303
345.693525444397
345.716028918224
345.738824428782
345.761911976073
345.785291560096
345.80796318085
345.830926838337
345.854182532556
345.876730263507
345.89957003119
345.922701835605
345.945125676752
345.967841554631
345.990849469242
346.013149420585
346.03574140866
346.058625433468
346.080801495007
346.103269593279
346.126029728282
346.149081900018
346.171426108485
346.194062353685
346.216990635616
346.23921095428
346.261723309676
346.284527701803
346.307624130663
346.331012596255
346.353693098579
346.376665637635
346.398930213423
346.421486825943
346.444335475196
346.46647616118
346.488908883896
346.511633643344
346.533650439525
346.555959272437
346.577560142082
346.599453048458
346.621637991567
346.644114971407
346.66588398798
346.687945041285
346.710298131321
346.73194325809
346.753880421591
346.776109621824
346.797630858789
346.819444132486
346.841549442915
346.863946790076
346.885636173969
346.907617594595
346.929891051952
346.951456546041
346.973314076863
346.995463644416
347.017905248702
347.040638889719
347.062664567469
347.08498228195
347.107592033164
347.12949382111
347.151687645788
347.174173507197
347.196951405339
347.220021340213
347.242383311819
347.265037320157
347.287983365227
347.31022144703
347.332751565564
347.35457372083
347.376687912828
347.399094141559
347.421792407021
347.444782709215
347.467065048142
347.489639423801
347.512505836191
347.534664285314
347.557114771169
347.579857293755
347.601891853074
347.624218449125
347.646837081908
347.669747751423
347.69195045767
347.714445200649
347.73723198036
347.760310796803
347.783681649978
347.806344539886
347.829299466525
347.852546429896
347.87508543
347.897916466835
347.921039540403
347.944454650702
347.967161797734
347.990160981498
348.013452201993
348.036035459221
348.058910753181
348.081078083873
348.103537451297
348.126288855453
348.149332296341
348.172667773961
348.195295288313
348.218214839397
348.241426427214
348.263930051762
348.286725713042
348.309813411055
348.332193145799
348.354864917276
348.377828725484
348.401084570425
348.423632452097
348.446472370502
348.469604325639
348.493028317508
348.515744346109
348.538752411442
348.561052513506
348.583644652303
348.605528827833
348.627705040094
348.650173289087
348.672933574812
348.694985897269
348.717330256459
348.73996665238
348.762895085033
348.785115554419
348.807628060536
348.829432603386
348.851529182968
348.873917799281
348.896598452327
348.918571142105
348.940835868615
348.963392631856
348.98624143183
349.008382268536
349.030815141974
349.052540052144
349.074556999047
349.096865982681
349.119467003047
349.141360060145
349.162545153976
349.185022284538
349.206791451832
349.228852655859
349.251205896617
349.272851174108
349.294788488331
349.316017839285
349.337539226972
349.359352651391
349.381458112542
349.403855610425
349.42554514504
349.447526716387
349.469800324466
349.492365969277
349.51422365082
349.536373369095
349.558815124102
349.581548915842
349.604574744313
349.627892609516
349.650502511452
349.673404450119
349.696598425519
349.719084437651
349.741862486514
349.76493257211
349.787294694438
349.809948853498
349.831895049289
349.854133281813
349.876663551069
349.899485857057
349.921600199777
349.944006579229
349.966704995414
349.98969544833
350.012977937978
350.035552464359
350.058419027471
350.081577627315
350.104028263892
350.1267709372
350.149805647241
350.173132394014
350.195751177518
350.218661997755
350.241864854724
350.265359748425
350.288146678857
350.311225646022
350.334596649919
350.357259690548
350.38021476791
350.403461882003
350.427001032828
350.449832220385
350.472955444674
350.495370705696
350.518078003449
350.541077337935
350.563368709152
350.585952117102
350.608827561783
350.630995043197
350.653454561343
350.67620611622
350.69824970783
350.720585336172
350.743213001246
350.766132703052
350.78834444159
350.81084821686
350.833644028862
350.856731877596
350.879111763062
350.901783685261
350.924747644191
350.947003639853
350.969551672248
350.992391741374
351.014523847233
351.036947989823
351.059664169146
351.081672385201
351.103972637987
351.126564927506
351.149449253757
351.17162561674
351.194094016455
351.215854452902
351.237906926081
351.260251435992
351.281887982635
351.30381656601
351.326037186117
351.347549842957
351.369354536528
351.391451266831
351.412840033867
351.434520837634
351.456493678134
351.478758555365
351.501315469329
351.523164420025
351.545305407452
351.567738431612
351.589463492504
351.611480590128
351.633789724484
351.656390895572
351.678284103392
351.700469347944
351.722946629228
351.745715947244
351.767777301993
351.790130693473
351.812776121685
351.83571358663
351.857943088306
351.880464626715
351.903278201855
351.925383813728
351.947781462333
351.970471147669
351.993452869738
352.015726628539
352.038292424072
352.061150256337
352.083300125334
352.105742031063
352.128475973524
352.151501952717
352.174819968642
352.197430021299
352.220332110688
352.24352623681
352.267012399663
352.289790599249
352.311860835566
352.335223108616
352.357877418397
352.380823764911
352.404062148156
352.426592568134
352.449415024844
352.472529518286
352.49493604846
352.517634615366
352.540625219004
352.563907859374
352.586482536476
352.60934925031
352.632508000876
352.654958788174
352.677701612205
352.699736472967
352.722063370461
352.744682304688
352.766593275646
352.788796283337
352.811291327759
352.833078408914
352.855157526801
352.87752868142
352.90019187277
352.923147100853
352.945394365668
352.967933667215
352.990765005494
353.012888380505
353.035303792248
353.058011240723
353.080010725931
353.10230224787
353.124885806541
353.147761401945
353.16992903408
353.192388702947
353.214140408547
353.237184150879
353.259519929942
353.281147745738
353.303067598266
353.325279487525
353.347783413517
353.369579376241
353.391667375697
353.414047411885
353.436719484805
353.458683594457
353.480939740841
353.503487923957
353.525328143806
353.547460400386
353.569884693698
353.591601023743
353.613609390519
353.635909794028
353.657502234268
353.679386711241
353.701563224945
353.724031775382
353.745792362551
353.767844986452
353.790189647085
353.811826344449
353.833755078546
353.855975849375
353.878488656936
353.901293501229
353.923390382255
353.945779300012
353.968460254501
353.991433245722
354.014698273676
354.038255338361
354.061104439779
354.084245577928
354.10767875281
354.130403964423
354.153421212769
354.175730497847
354.198331819656
354.221225178198
354.243410573472
354.265888005478
354.288657474216
354.311718979686
354.334072521888
354.356718100822
354.379655716489
354.402885368887
354.425407058017
354.448220783879
354.471326546474
354.4937243458
354.516414181859
354.539396054649
354.562669964172
354.586235910426
354.609093893413
354.632243913132
354.655685969583
354.678420062765
354.70144619268
354.723764359327
354.746374562706
354.769276802817
354.79147107966
354.813957393235
354.836735743543
354.859806130582
354.882168554353
354.904823014857
354.927769512092
354.950008046059
354.972538616759
354.99436122419
355.016475868354
355.03888254925
355.060581266877
355.082572021237
355.104854812329
355.127429640153
355.149296504709
355.171455405997
355.193906344017
355.215649318769
355.237684330253
355.260011378469
355.282630463417
355.304541585097
355.32674474351
355.349239938654
355.372027170531
355.394106439139
355.41647774448
355.438141086552
355.460096465357
355.482343880893
355.504883333162
355.526714822163
355.548838347896
355.571253910361
355.593961509558
355.615961145487
355.638252818148
355.660836527541
355.682712273666
355.704880056523
355.727339876112
355.750091732434
355.772135625487
355.794471555272
355.81609952179
355.838019525039
355.860231565021
355.882735641734
355.90453175518
355.927619905358
355.950000092267
355.971672315909
355.993636576283
356.015892873389
356.038441207227
356.061281577797
356.083413985099
356.105838429133
356.128554909899
356.151563427398
356.173863981628
356.19645657259
356.219341200284
356.242517864711
356.264986565869
356.28774730376
356.310800078382
356.333144889737
356.355781737824
356.378710622642
356.400931544193
356.423444502476
356.446249497491
356.469346529238
356.492735597717
356.515416702928
356.538389844871
356.560655023546
356.583212238953
356.606061491092
356.629202779964
356.652636105567
356.675361467902
356.69837886697
356.720688302769
356.743289775301
356.766183284564
356.78936883056
356.811846413288
356.834616032747
356.857677688939
356.880031381863
356.902677111519
356.925614877907
356.947844681027
356.970366520879
356.993180397463
357.016286310779
357.038684260827
357.061374247608
357.08435627112
357.106630331364
357.129196428341
357.152054562049
357.17420473249
357.196646939662
357.218381183567
357.240407464203
357.262725781572
357.285336135673
357.307238526506
357.329432954071
357.351919418367
357.374697919396
357.397768457157
357.42013103165
357.442785642876
357.464732290833
357.486970975522
357.509501696943
357.531324455097
357.553439249982
357.575846081599
357.598544949949
357.62153585503
357.643818796844
357.66639377539
357.688260790667
357.710419842677
357.732870931419
357.755614056893
357.777649219098
357.799976418036
357.822595653706
357.844506926108
357.866710235242
357.889205581109
357.910992963707
357.933072383037
357.955443839099
357.977107331894
357.99906286142
358.021310427678
358.043850030669
358.065681670392
358.087805346846
358.110221060033
358.132928809952
358.154928596602
358.177220419985
358.1998042801
358.221680176947
358.243848110526
358.266308080837
358.28906008788
358.312104131655
358.334440212162
358.357068329401
358.378988483372
358.401200674076
358.423704901511
358.445501165679
358.467589466578
358.48996980421
358.512642178573
358.535606589669
358.558863037496
358.581411522056
358.603252043348
358.626384601372
358.648809196128
358.671525827615
358.694534495835
358.717835200787
358.740427942472
358.763312720888
358.786489536036
358.809958387916
358.832719276528
358.855772201873
358.879117163949
358.901754162758
358.924683198298
358.947904270571
358.970417379575
358.993222525312
359.01631970778
359.039708926981
359.062390182914
359.085363475579
359.107628804976
359.130186171105
359.153035573966
359.175177013559
359.197610489884
359.220336002941
359.24335355273
359.265663139251
359.288264762505
359.31115842249
359.333344119207
359.355821852657
359.377591622838
359.399653429752
359.422007273398
359.444653153775
359.466591070885
359.488821024727
359.5103430153
359.533157042606
359.555263106644
359.577661207414
359.600351344916
359.62233351915
359.644607730116
359.666173977815
359.688032262245
359.710182583407
359.732624941301
359.755359335928
359.777385767286
359.799704235377
359.822314740199
359.844217281754
359.86641186004
359.888898475059
359.91067712681
359.932747815292
359.955110540507
359.977765302454
360.000712101133
360.022950936544
360.045481808687
360.068304717562
360.090419663169
360.112826645509
360.13552566458
360.157516720383
360.179799812918
360.202374942186
360.224242108185
360.246401310917
360.26885255038
360.291595826576
360.314631139503
360.336958489163
360.359577875555
360.382489298679
360.404692758535
360.427188255122
360.449975788442
360.472055358494
360.494426965279
360.517090608795
360.540046289043
360.562294006023
360.584833759735
360.60766555018
360.630789377356
360.653205241264
360.675913141905
360.698913079277
360.722205053382
360.745789064218
360.768665111787
360.791833196088
360.814293317121
360.837045474885
360.859089669382
360.881425900611
360.904054168572
360.925974473265
360.94818681469
360.970691192847
360.993487607737
361.016576059358
361.038956547711
361.061629072796
361.084593634614
361.106850233163
361.129398868445
361.152239540458
361.174372249204
361.196796994682
361.219513776891
361.242522595833
361.264823451507
361.287416343913
361.30930127305
361.33247823892
361.354947241522
361.376708280856
361.399761356923
361.422106469721
361.444743619251
361.467672805513
361.490894028507
361.513407288234
361.536212584692
361.558309917883
361.580699287805
361.60338069446
361.625354137846
361.647619617965
361.670177134816
361.692026688398
361.714168278713
361.73560190576
361.757327569539
361.77934527005
361.801655007293
361.824256781268
361.846150591975
361.868336439414
361.890814323586
361.912584244489
361.934646202124
361.957000196492
361.979646227591
362.002584295423
362.024814399986
362.047336541282
362.070150719309
362.092256934069
362.114655185561
362.136345473784
362.15832779874
362.180602160428
362.203168558848
362.226026994
362.248177465884
362.2706199745
362.293354519848
362.315381101929
362.337699720741
362.360310376285
362.383213068561
362.40540779757
362.42789456331
362.450673365783
362.472744204987
362.495107080924
362.517761993593
362.540708942993
362.563947929126
362.586478951991
362.609302011588
362.631417107917
362.653824240977
362.67652341077
362.699514617296
362.721797860553
362.744373140542
362.767240457263
362.789399810716
362.811851200902
362.834594627819
362.857630091468
362.88095759185
362.903577128963
362.926488702809
362.949692313387
362.972187960696
362.994975644738
363.018055365512
363.040427123018
363.063090917255
363.086046748225
363.108294615927
363.130834520361
363.153666461527
363.175790439426
363.198206454056
363.220914505418
363.243914593512
363.266206718339
363.288790879897
363.311667078187
363.33483531321
363.357295584964
363.380047893451
363.40309223867
363.42642862062
363.449057039303
363.471977494718
363.495189986865
363.517694515744
363.540491081355
363.562579683697
363.584960322773
363.60763299858
363.629597711119
363.65185446039
363.674403246393
363.697244069129
363.719376928596
363.741801824795
363.764518757727
363.78652772739
363.808828733786
363.831421776913
363.853306856773
363.875483973365
363.897953126689
363.919714316744
363.941767543532
363.964112807052
363.986750107304
364.008679444288
364.030900818004
364.052414228452
364.074219675633
364.096317159545
364.118706680189
364.141388237565
364.163361831674
364.185627462514
364.208185130087
364.230034834391
364.252176575428
364.274610353196
364.296336167697
364.31835401893
364.340663906895
364.362265831591
364.38415979302
364.406345791181
364.428823826074
364.450593897699
364.473656006056
364.496010151145
364.518656332967
364.54159455152
364.563824806805
364.586347098822
364.609161427572
364.631267793053
364.653666195267
364.676356634212
364.69833910989
364.7206136223
364.743180171441
364.766038757315
364.789189379921
364.811632039259
364.834366735329
364.85739346813
364.880712237664
364.903323043931
364.926225886929
364.948420766659
364.970907683121
364.993686636315
365.016757626242
365.0391206529
365.06177571629
365.084722816413
365.107961953267
365.130493126854
365.153316337172
365.176431584223
365.199838868006
365.222538188521
365.245529545768
365.268812939746
365.292388370457
365.3152558379
365.337415342075
365.359866882982
365.382610460621
365.405646074993
365.427973726096
365.450593413931
365.473505138499
365.495708899798
365.518204697829
365.539992532593
365.562072404088
365.584444312316
365.607108257276
365.630064238967
365.652312257391
365.674852312547
365.697684404435
365.719808533055
365.742224698406
365.76493290049
365.786933139307
365.809225414855
365.831809727135
365.854686076147
365.876854461891
365.899314884368
365.922067343576
365.944111839516
365.966448372189
365.989076941593
366.01099754773
366.033210190598
366.055714870199
366.077511586532
366.099600339597
366.121981129393
366.143653955922
366.165618819183
366.187875719176
366.210424655901
366.233265629358
366.255398639547
366.277823686468
366.299540770122
366.321549890507
366.343851047624
366.366444241474
366.388329472055
366.410506739369
366.432976043414
366.455737384192
366.477790761701
366.500136175943
366.521773626917
366.543703114623
366.56592463906
366.58843820023
366.611243798132
366.633341432766
366.655731104132
366.67841281223
366.70038655706
366.722652338623
366.745210156917
366.767060011943
366.789201903701
366.811635832192
366.834361797414
366.856379799369
366.878689838055
366.901291913474
366.924186025625
366.946372174507
366.968850360122
366.991620582469
367.014682841548
367.037037137359
367.059683469902
367.082621839177
367.105852245184
367.129374687923
367.152189167394
367.175295683597
367.197694236532
367.2203848262
367.243367452599
367.266642115731
367.289208815594
367.31206755219
367.335218325517
367.358661135577
367.381395982368
367.404422865892
367.427741786148
367.450352743136
367.473255736856
367.496450767308
367.518937834492
367.541716938408
367.564788079056
367.587151256436
367.609806470548
367.632753721392
367.654993008969
367.677524333277
367.700347694317
367.72346309209
367.745870526594
367.768569997831
367.791561505799
367.8138450505
367.836420631933
367.859288250097
367.881447904994
367.903899596623
367.926643324984
367.948679090077
367.971006891902
367.993626730459
368.015538605748
368.037742517769
368.060238466522
368.083026452008
368.105106474225
368.127478533174
368.150142628856
368.173098761269
368.195346930415
368.217887136292
368.239719378902
368.261843658243
368.284259974317
368.305968327123
368.327968716661
368.350261142931
368.372845605933
368.394722105667
368.416890642133
368.439351215331
368.462103825261
368.484148471923
368.505485155317
368.528113875443
368.550034632302
368.572247425892
368.594752256215
368.617549123269
368.639638027056
368.662018967574
368.684691944825
368.707656958807
368.729914009522
368.752463096969
368.775304221148
368.797437382059
368.819862579702
368.842579814077
368.865589085184
368.887890393023
368.910483737594
368.932369118897
368.954546536932
368.9770159917
368.999777483199
369.02183101143
369.044176576394
369.066814178089
369.088743816517
369.110965491676
369.133479203568
369.156284952192
369.179382737548
369.202772559635
369.225454418455
369.248428314007
369.271694246291
369.294252215307
369.317102221055
369.340244263535
369.363678342747
369.387404458692
369.410422611368
369.433732800776
369.456335026917
369.479229289789
369.502415589393
369.52589392573
369.548664298798
369.571726708599
369.595081155132
369.617727638397
369.640666158393
369.662896715122
369.685419308583
369.708233938776
369.731340605701
369.753739309358
369.776430049747
369.798412826868
369.820687640721
369.843254491307
369.866113378624
369.889264302673
369.911707263455
369.934442260968
369.957469295214
369.979788366191
370.002399473901
370.025302618342
370.047497799516
370.069985017422
370.09276427206
370.114835563429
370.137198891531
370.159854256365
370.181801657931
370.204041096229
370.225572571259
370.247396083022
370.269511631516
370.291919216742
370.3136188387
370.336610497391
370.358894192813
370.381469924967
370.403337693854
370.425497499473
370.447949341823
370.469693220906
370.491729136721
370.514057089267
370.535677078546
370.557589104557
370.5797931673
370.602289266775
370.625077402982
370.647157575921
370.669529785592
370.692194031995
370.71415031513
370.736398634998
370.757938991597
370.780771384928
370.802895814992
370.825312281787
370.848020785315
370.870021325575
370.892313902566
370.91489851629
370.936775166746
370.958943853933
370.981404577853
371.004157338505
371.026202135889
371.048538970005
371.048538970005
371.048538970005
371.048538970005
371.048538970005
371.048538970005
371.048538970005
371.052981558867
371.061866736592
371.07519450318
371.092964858629
371.115177802941
371.137682783986
371.160479801762
371.18356885627
371.205949947511
371.228623075483
371.251588240187
371.273845441624
371.296394679792
371.319235954693
371.342369266326
371.36579461469
371.388511999787
371.411521421616
371.434822880177
371.45741637547
371.479301907495
371.502479476252
371.524949081741
371.547710723962
371.570764402915
371.5941101186
371.616747871017
371.639677660167
371.662899486048
371.685413348662
371.708219248007
371.731317184085
371.753707156894
371.776389166436
371.799363212709
371.821629295715
371.844187415453
371.867037571923
371.890179765125
371.913613995059
371.936340261725
371.959358565123
371.981668905253
372.004271282115
372.027165695709
372.049352146035
372.071830633093
372.094601156884
372.117663717406
372.140018314661
372.162664948647
372.184603619366
372.206834326816
372.229357070999
372.251171851914
372.27327866956
372.295677523939
372.31736841505
372.339351342893
372.361626307468
372.383193308775
372.406052346814
372.428203421585
372.449646533088
372.471381681323
372.493408866291
372.51572808799
372.538339346421
372.560242641585
372.58243797348
372.604925342108
372.626704747467
372.648776189559
372.671139668383
372.693795183938
372.716742736226
372.738982325246
372.761513950998
372.784337613482
372.806453312698
372.828861048646
372.851560821326
372.873552630738
372.895836476882
372.918412359758
372.940280279366
372.962440235707
372.984892228779
373.007636258584
373.03067232512
373.053000428389
373.075620568389
373.098532745122
373.121736958586
373.144233208783
373.167021495712
373.189101819373
373.211474179766
373.234138576891
373.257095010748
373.279343481337
373.301883988658
373.323716532711
373.345841113496
373.368257731013
373.390966385263
373.413967076244
373.437259803957
373.459844568403
373.48272136958
373.50489020749
373.527351082131
373.550103993505
373.572148941611
373.594485926449
373.617114948018
373.64003600632
373.662249101354
373.68475423312
373.707551401618
373.729640606848
373.75302184881
373.775695127504
373.798660442931
373.821917795089
373.844467183979
373.867308609602
373.890442071956
373.912867571043
373.935585106861
373.958594679412
373.980896288694
374.003489934709
374.026375617456
374.049553336934
374.072023093145
374.094784886088
374.117838715763
374.14118458217
374.163822485309
374.18675242518
374.209974401783
374.231488415119
374.253294465186
374.275392551985
374.297782675516
374.32046483578
374.343439032775
374.365705266503
374.387263536962
374.409113844154
374.431256188077
374.453690568733
374.475416986121
374.497435440241
374.519745931093
374.542348458676
374.564243022992
374.58642962404
374.607908261821
374.629678936333
374.651741647577
374.673096395553
374.694743180261
374.716682001701
374.738912859874
374.761435754778
374.783250686415
374.805357654783
374.826756659884
374.848447701716
374.870430780281
374.892705895578
374.914273047607
374.936132236367
374.95828346186
374.979726724085
375.001462023042
375.023489358731
375.045808731152
375.067420140305
375.090323586191
375.112519068808
375.135006588157
375.156786144238
375.178857737052
375.201221366597
375.223877032875
375.246824735884
375.269064475626
375.2915962521
375.314420065305
375.337535915243
375.359943801913
375.382643725314
375.404635685448
375.426919682314
375.449495715912
375.472363786242
375.494523893305
375.516976037099
375.539720217625
375.561756434883
375.584084688873
375.606704979596
375.62961730705
375.651821671237
375.674318072155
375.697106509806
375.719186984188
375.741559495303
375.76422404315
375.786180627728
375.808429249039
375.830969907082
375.853802601857
375.875927333364
375.898344101603
375.920052906574
375.942053748277
375.963346626712
375.98593154188
376.007808493779
376.02997748241
376.052438507774
376.074191569869
376.096236668696
376.118573804256
376.140202976547
376.162124185571
376.184337431327
376.206842713814
376.228640033034
376.250729388986
376.27311078167
376.294784211086
376.316749677234
376.339007180114
376.361556719726
376.38439829607
376.406531909146
376.428957558955
376.450675245495
376.472684968767
376.494986728772
376.516580525508
376.538466358977
376.560644229177
376.58211413611
376.603876079774
376.624930060171
376.6462760773
376.666914131161
376.687844221753
376.709066349078
376.730580513135
376.752386713924
376.774484951445
376.795875225699
376.817557536684
376.838531884401
376.85979826885
376.880356690031
376.901207147945
376.92234964259
376.943784173968
376.964510742077
376.985529346919
377.006839988492
377.028442666798
377.049337381836
377.070524133606
377.092002922107
377.113773747341
377.135836609307
377.157191508005
377.178838443435
377.200777415597
377.222008424491
377.243531470117
377.265346552476
377.287453671566
377.308852827388
377.330544019943
377.352527249229
377.373802515248
377.395369817998
377.417229157481
377.439380533695
377.461823946642
377.483559396321
377.505586882732
377.527906405874
377.550517965749
377.572421562356
377.594617195695
377.616104865766
377.637884572569
377.659956316105
377.682320096372
377.703975913371
377.726923767102
377.748163657566
377.769695584761
377.791519548689
377.813635549348
377.83604358674
377.857743660863
377.879735771719
377.902019919306
377.923596103626
377.945464324678
377.967624582462
377.990076876978
378.011821208226
378.033857576206
378.056185980918
378.077806422362
378.099718900538
378.120923415446
378.142419967087
378.164208555459
378.185289180563
378.2066618424
378.228326540968
378.250283276269
378.272532048301
378.294072857066
378.315905702563
378.338030584792
378.359447503752
378.381156459445
378.40315745187
378.424450481027
378.446035546916
378.467912649537
378.48908178889
378.510542964975
378.532296177792
378.554341427342
378.575678713623
378.598308036636
378.619229396382
378.640442792859
378.661948226069
378.68274569601
378.703835202684
378.725216746089
378.746890326227
378.768855943097
378.790113596699
378.811663287033
378.832505014098
378.853638777896
378.875064578426
378.895782415688
378.916792289683
378.938094200409
378.959688147867
378.980574132057
379.001752152979
379.023222210634
379.04398430502
379.065038436139
379.086384603989
379.107022808572
379.127953049886
379.149175327933
379.170689642712
379.191495994223
379.212594382465
379.23398480744
379.254667269147
379.275641767586
379.296908302757
379.31846687466
379.339317483295
379.360460128663
379.380894810762
379.401621529593
379.422640285156
379.444951077452
379.465553906479
379.487448772239
379.50863567473
379.531114613954
379.552885589909
379.574948602597
379.596303652017
379.617950738169
379.639889861053
379.662121020668
379.683644217016
379.705459450096
379.727566719909
379.749966026453
379.771657369729
379.793640749737
379.815916166477
379.838483619949
379.860343110154
379.88249463709
379.903938200759
379.925673801159
379.947701438292
379.969021112156
379.990632822753
380.012536570082
380.034732354143
380.057220174935
380.07900003246
380.101071926717
380.122435857706
380.144091825427
380.16603982988
380.188279871065
380.209811948982
380.231636063632
380.253752215013
380.275160403126
380.296860627972
380.318852889549
380.340137187859
380.3617135229
380.383581894674
380.405742303179
380.427194748417
380.448939230387
380.470975749088
380.492304304522
380.513924896688
380.535837525586
380.557042191216
380.578538893578
380.599327632672
380.620408408498
380.641781221057
380.663446070347
380.684402956369
380.705651879123
380.72619283861
380.748025834828
380.769150867779
380.790567937461
380.811277043876
380.832278187023
380.853571366901
380.874156583512
380.895033836855
380.91620312693
380.937664453737
380.958417817276
380.979463217547
381.00080065455
381.022430128285
381.043351638752
381.064565185951
381.085070769882
381.105868390546
381.126958047941
381.147339742068
381.169013472928
381.189979240519
381.211237044843
381.232786885899
381.253628763686
381.274762678206
381.295188629458
381.315906617442
381.336916642157
381.357218703605
381.377812801785
381.398698936697
381.419877108341
381.440347316718
381.461109561826
381.482163843666
381.502510162238
381.523148517543
381.544078909579
381.564301338347
381.585815803848
381.60562230608
381.625720845045
381.646111420742
381.66679403317
381.687768682331
381.708035368224
381.728594090849
381.749444850206
381.770587646295
381.791022479116
381.811749348669
381.832768254954
381.854079197971
381.87468217772
381.895577194201
381.916764247415
381.93824333736
381.959014464037
381.980077627447
382.001432827588
382.022080064462
382.043019338068
382.064250648405
382.085773995475
382.107589379277
382.128696799811
382.150096257076
382.171787751074
382.192771281804
382.214046849266
382.23561445346
382.256474094387
382.277625772045
382.299069486435
382.320805237557
382.341833025412
382.363152849998
382.384764711316
382.405668609367
382.426864544149
382.447352515664
382.468132523911
382.489204568889
382.5105686506
382.531224769043
382.552172924218
382.573413116124
382.593945344763
382.614769610134
382.635885912237
382.656294251072
382.67699462664
382.697987038939
382.71827148797
382.738847973733
382.759716496229
382.779877055456
382.800329651415
382.820074284107
382.841110953531
382.861439659686
382.882060402574
382.901973182194
382.922177998545
382.942674851629
382.963463741445
382.984544667993
383.004917631273
383.025582631285
383.045539668029
383.065788741505
383.086329851713
383.106162998653
383.126288182325
383.14670540273
383.167414659866
383.188415953735
383.208709284335
383.228294651668
383.249172055732
383.269341496529
383.289802974057
383.309556488318
383.329602039311
383.349939627036
383.370569251493
383.390490912682
383.410704610603
383.431210345256
383.452008116641
383.472097924758
383.492479769607
383.512153651188
383.532119569502
383.552377524547
383.572927516324
383.592769544834
383.612903610075
383.632329712049
383.653047850754
383.673058026192
383.693360238362
383.713954487263
383.733840772897
383.754019095263
383.774489454361
383.795251850191
383.815306282753
383.835652752047
383.855291258073
383.875221800831
383.895444380321
383.915958996544
383.936765649498
383.956864339184
383.977255065603
383.997937828753
384.017912628636
384.03817946525
384.058738338597
384.078589248675
384.098732195486
384.119167179029
384.139894199304
384.159913256311
384.18022435005
384.200827480521
384.221722647724
384.241909851659
384.262389092326
384.283160369725
384.304223683856
384.325579034719
384.346226422315
384.367165846642
384.387397307702
384.407920805493
384.428736340017
384.448843911272
384.47024351926
384.490935163979
384.511918845431
384.532194563615
384.552762318531
384.573622110179
384.594773938559
384.615217803671
384.635953705515
384.656981644091
384.677301619399
384.697913631439
384.718817680211
384.739013765716
384.759501887952
384.78028204692
384.800354242621
384.820718475053
384.841374744218
384.861323050114
384.882563392743
384.902095772104
384.921920188197
384.942036641021
384.962445130578
384.982145656867
385.002138219888
385.022422819641
385.041999456126
385.061868129343
385.082028839292
385.101481585974
385.121226369387
385.141263189532
385.16059204641
385.180212940019
385.200125870361
385.219330837434
385.23882784124
385.258616881777
385.278697959047
385.298071073049
385.317736223782
385.337693411248
385.356942635446
385.376483896376
385.396317194038
385.416442528432
385.435859899558
385.455569307416
385.475570752006
385.494864233329
385.514449751383
385.534327306169
385.554496897688
385.573958525938
385.593712190921
385.613757892635
385.634095631082
385.65372540626
385.673647218171
385.692861066814
385.712366952189
385.732164874295
385.752254833134
385.771636828705
385.791310861008
385.810276930043
385.82953503581
385.84908517831
385.868927357541
385.888061573504
385.907487826199
385.927206115627
385.947216441786
385.966518804678
385.986113204301
386.005999640657
386.025178113744
386.044648623564
386.064411170116
386.083465753399
386.102812373415
386.122451030163
386.142381723643
386.161604453855
386.181119220799
386.200926024475
386.221024864883
386.241415742023
386.261098655896
386.2810736065
386.301340593836
386.320899617905
386.340750678705
386.360893776237
386.381328910502
386.401056081499
386.421075289227
386.440386533688
386.459989814881
386.479885132805
386.500072487462
386.519551878851
386.539323306972
386.559386771825
386.57974227341
386.599389811727
386.619329386776
386.639560998557
386.660084647071
386.680900332316
386.701008054293
386.721407813003
386.742099608444
386.762083440618
386.782359309523
386.802927215161
386.823787157531
386.843939136632
386.864383152466
386.884119205032
386.90414729433
386.92446742036
386.945079583122
386.964983782616
386.985180018842
387.0056682918
387.02544860149
387.045520947912
387.065885331066
387.085541750953
387.105490207571
387.124730700922
387.144263231004
387.164087797819
387.183204401365
387.202613041644
387.222313718654
387.241306432397
387.261591182872
387.280167970079
387.299036794018
387.318197654689
387.337650552092
387.357395486227
387.376432457094
387.395761464693
387.415382509024
387.434295590087
387.453500707883
387.47299786241
387.491787053669
387.510868281661
387.530241546384
387.54890684784
387.567864186027
387.587113560947
387.605654972599
387.624488420982
387.643613906098
387.662031427946
387.680740986526
387.699742581838
387.718036213882
387.736621882658
387.755499588166
387.774669330406
387.793131109378
387.811884925083
387.830930777519
387.849268666687
387.867898592588
387.88682055522
387.906034554585
387.924540590681
387.94333866351
387.96242877307
387.980810919363
387.999485102388
388.018451322145
388.036709578634
388.055259871855
388.074102201808
388.093236568493
388.11266297191
388.132381412059
388.15139188894
388.170694402553
388.190288952898
388.209175539976
388.228354163785
388.247824824327
388.2675875216
388.286642255606
388.305989026343
388.325627833813
388.345558678014
388.364781558948
388.384296476614
388.404103431012
388.423202422142
388.442593450004
388.461276514598
388.480251615924
388.499518753982
388.519077928772
388.537929140294
388.557072388548
388.576507673535
388.596234995253
388.615254353703
388.634565748886
388.6541691808
388.673064649447
388.692252154825
388.711731696936
388.731503275779
388.750566891354
388.76992254366
388.789570232699
388.80850995847
388.827741720973
388.847265520208
388.867081356175
388.887189228874
388.906589138305
388.926281084469
388.946265067364
388.965541086991
388.985109143351
389.004969236442
389.024121366266
389.043565532821
389.063301736109
389.082329976128
389.10165025288
389.121262566364
389.141166916579
389.160363303527
389.179851727207
389.198632187619
389.217704684763
389.237069218639
389.256725789247
389.275674396587
389.294915040659
389.314447721464
389.333272439
389.352389193268
389.370797984269
389.389498812001
389.408491676466
389.427776577662
389.446353515591
389.465222490251
389.484383501644
389.502836549769
389.521581634626
389.539618756215
389.558947914535
389.577569109588
389.596482341373
389.61568760989
389.63418491514
389.652974257121
389.672055635834
389.690429051279
389.709094503456
389.728051992366
389.746301518007
389.764843080381
389.783676679486
389.802802315324
389.821219987893
389.839929697195
389.858931443229
389.877225225995
389.895811045492
389.913688901722
389.932858794684
389.951320724378
389.970074690804
389.988120693962
390.006458733852
390.025088810475
390.044010923829
390.062225073915
390.080731260733
390.099529484284
390.118619744566
390.137002041581
390.155676375327
390.174642745806
390.192901153016
390.211451596959
390.230294077634
390.249428595041
390.267855149179
390.28557374005
390.304584367653
390.322887031988
390.341481733055
390.360368470854
390.379547245386
390.398018056649
390.416780904644
390.435835789371
390.454182710831
390.472821669022
390.491752663946
390.510975695601
390.529490763989
390.548297869108
390.56739701096
390.586788189544
390.606471404859
390.625446656907
390.644713945687
390.663273271199
390.683124633443
390.702268032419
390.721703468127
390.741430940567
390.760450449739
390.779761995643
390.79936557828
390.818261197648
390.837448853748
390.856928546581
390.875700276145
390.894764042442
390.91411984547
390.932767685231
390.951707561724
390.970939474948
390.990463424905
391.009279411594
391.028387435015
391.047787495168
391.067479592053
391.08646372567
391.105739896019
391.1243081031
391.143168346913
391.162320627459
391.181764944736
391.200501298745
391.219529689487
391.23885011696
391.258462581165
391.278367082103
391.297563619773
391.297563619773
391.301378149346
391.309007208492
391.320450797211
391.335708915504
391.35478156337
391.374146247968
391.393802969297
391.412751727359
391.431992522153
391.450525353679
391.469350221937
391.488467126928
391.50687606865
391.525577047104
391.54457006229
391.562855114208
391.581432202859
391.600301328241
391.618462490356
391.636915689202
391.655660924781
391.673698197091
391.692027506134
391.710648851909
391.728562234416
391.746767653654
391.765265109625
391.783054602328
391.801136131763
391.81950969793
391.838175300829
391.85613294046
391.874382616824
391.892924329919
391.910758079746
391.928883866305
391.947301689597
391.96601154962
391.984013446376
392.002307379863
392.020893350083
392.038771357034
392.056941400718
392.075403481134
392.093157598282
392.111203752161
392.129541942773
392.147172170117
392.165094434193
392.183308735001
392.200815072541
392.218613446814
392.236703857818
392.255086305554
392.272760790022
392.290727311223
392.308985869155
392.32753646382
392.345379095216
392.363513763345
392.380940468205
392.398659209798
392.416669988123
392.434972803179
392.452567654968
392.470454543489
392.489633468742
392.508104430727
392.526867429444
392.545922464893
392.564269537074
392.582908645987
392.601839791633
392.62006297401
392.638578193119
392.657385448961
392.676484741534
392.695876070839
392.714559436877
392.733534839646
392.752802279148
392.771361755382
392.790213268348
392.809356818045
392.827792404475
392.846520027637
392.865539687531
392.883851384157
392.902455117515
392.921350887605
392.939538694427
392.958018537981
392.976790418268
392.994854335286
393.013210289036
393.031858279519
393.049798306733
393.06803037068
393.086554471358
393.105370608769
393.123478782911
393.141878993786
393.160571241393
393.178555525732
393.196831846803
393.215400204605
393.23426059914
393.252413030407
393.270857498406
393.289594003138
393.307622544601
393.325943122796
393.344555737723
393.363460389382
393.382657077774
393.401145802897
393.419926564753
393.43899936334
393.45736419866
393.476021070711
393.494969979495
393.514210925011
393.532743907259
393.551568926238
393.56968598195
393.588095074394
393.60679620357
393.624789369478
393.643074572118
393.66165181149
393.680521087595
393.698682400431
393.717135749999
393.735881136299
393.753918559332
393.772248019096
393.789869515593
393.807783048821
393.825988618782
393.844486225474
393.862275868899
393.880357549056
393.898731265945
393.916397019566
393.934354809918
393.951604637003
393.97014650082
393.987980401369
394.00610633865
394.023524312664
394.041234323409
394.059236370886
394.077530455095
394.095116576037
394.11299473371
394.131164928116
394.148627159253
394.166381427123
394.184427731724
394.201766073058
394.219396451124
394.237318865921
394.255533317451
394.273039805713
394.290838330707
394.307928892433
394.326311490891
394.343986126081
394.361952798003
394.379211506657
394.396762252044
394.414605034162
394.431739853012
394.449166708594
394.466885600909
394.483896529955
394.501199495734
394.518794498244
394.536681537487
394.553860613462
394.571331726169
394.589094875607
394.606150061778
394.623497284681
394.641136544316
394.658067840683
394.676291173782
394.693806543613
394.711613950176
394.729713393471
394.747104873499
394.764788390258
394.782763943749
394.801031533973
394.818591160928
394.836442824616
394.854586525035
394.873022262187
394.89075003607
394.908769846686
394.927081694034
394.945685578114
394.963581498926
394.981769456469
395.000249450745
395.018021481753
395.036085549493
395.054441653966
395.07208979517
395.090029973106
395.108262187774
395.126786439175
395.145602727307
395.163711052171
395.182111413768
395.200803812096
395.218788247157
395.23706471895
395.254633227474
395.272493772731
395.29064635472
395.309090973441
395.326827628893
395.344856321078
395.363177049995
395.380789815644
395.398694618025
395.416891457138
395.435380332984
395.453161245561
395.47123419487
395.489599180912
395.507256203685
395.52520526319
395.543446359428
395.560979492397
395.578804662099
395.596921868533
395.614331111698
395.632032391596
395.650025708226
395.668311061588
395.685888451682
395.703757878507
395.721919342065
395.739372842356
395.757118379378
395.774155953132
395.791485563618
395.809107210836
395.827020894787
395.844226615469
395.861724372883
395.87951416703
395.897595997908
395.914969865519
395.932635769861
395.950593710936
395.967843688743
395.985385703282
396.002219754552
396.019345842555
396.03676396729
396.054474128757
396.071476326956
396.088770561887
396.10635683355
396.123235141945
396.140405487073
396.157867868932
396.174622287523
396.191668742847
396.209007234902
396.22563776369
396.242560329209
396.259774931461
396.276281570444
396.29308024616
396.310170958608
396.327553707787
396.344228493699
396.361195316343
396.378454175719
396.396005071827
396.412848004667
396.429982974239
396.447409980543
396.46412902358
396.481140103348
396.497443219848
396.51403837308
396.530925563045
396.548104789741
396.56457605317
396.58133935333
396.598394690223
396.615742063848
396.632381474204
396.649312921293
396.666536405114
396.683051925667
396.699859482952
396.716959076969
396.733350707718
396.750034375199
396.767010079412
396.784277820357
396.800837598034
396.817689412443
396.833833263585
396.850269151458
396.866997076064
396.883017037401
396.89932903547
396.915933070272
396.932829141806
396.950017250071
396.966497395069
396.983269576799
397.000333795261
397.017690050455
397.03433834238
397.051278671038
397.068511036429
397.086035438551
397.102851877405
397.120960352991
397.138360865309
397.156053414359
397.174038000142
397.191314622656
397.208883281903
397.226743977881
397.243896710592
397.261341480034
397.279078286209
397.297107129115
397.315428008754
397.333040925125
397.350945878228
397.368142868063
397.38563189463
397.403412957929
397.42048605796
397.437851194723
397.455508368218
397.473457578445
397.490698825404
397.508232109096
397.526057429519
397.543174786675
397.560584180562
397.578285611182
397.595279078533
397.612564582617
397.630142123432
397.64801170098
397.66517331526
397.682626966272
397.700372654015
397.718410378491
397.735740139699
397.753361937639
397.771275772311
397.788481643715
397.805979551852
397.82376949672
397.84085147832
397.858225496652
397.875891551717
397.892849643513
397.910099772042
397.927641937302
397.944476139295
397.96160237802
397.979020653476
397.995730965665
398.012733314586
398.030027700239
398.047614122623
398.06449258174
398.081663077589
398.09812561017
398.114880179484
398.131926785529
398.148265428306
398.164896107815
398.180818824056
398.19703357703
398.213540366735
398.230339193173
398.246430056342
398.262812956244
398.279487892877
398.295454866243
398.311713876341
398.32826492317
398.345108006732
398.361243127026
398.377670284052
398.39338947781
398.4094007083
398.425703975522
398.442299279476
398.458186620162
398.47436599758
398.490837411731
398.506600862613
398.522656350227
398.539003874574
398.554643435652
398.570575033463
398.586798668005
398.60331433928
398.619122047287
398.635221792025
398.651613573496
398.668297391699
398.684273246634
398.700541138301
398.7161010667
398.731953031831
398.748097033694
398.763533072289
398.779261147616
398.795281259675
398.811593408467
398.82719759399
398.843093816245
398.859282075233
398.874762370952
398.890534703404
398.906599072587
398.921955478503
398.937603921151
398.953544400531
398.969776916642
398.985301469486
399.001118059062
399.01722668537
399.03362734841
399.049320048182
399.065304784686
399.081581557922
399.09815036789
399.114011214591
399.130164098023
399.146609018187
399.163345975084
399.180374968712
399.196695999073
399.213309066165
399.22921416999
399.245411310547
399.261900487835
399.278681701856
399.294754952609
399.311120240094
399.327777564311
399.34472692526
399.360968322941
399.377501757354
399.394327228499
399.411444736376
399.427854280985
399.444555862326
399.4615494804
399.477835135205
399.494412826743
399.511282555012
399.528444320014
399.544898121747
399.561643960213
399.57868183541
399.59601174734
399.612633696002
399.629547681396
399.646753703522
399.66325176238
399.68004185797
399.697123990292
399.713498159346
399.730164365132
399.74712260765
399.7633728869
399.779915202883
399.796749555597
399.812875945043
399.829294371222
399.846004834132
399.863007333775
399.880301870149
399.896888443256
399.913767053095
399.930937699666
399.947400382968
399.964155103003
399.98120185977
399.997540653269
400.0141714835
400.031094350463
400.047309254158
400.063816194586
400.080615171745
400.096706185636
400.113089236259
400.129764323615
400.145731447702
400.161990608522
400.178541806073
400.194385040357
400.210520311372
400.22694761912
400.2426669636
400.258678344811
400.273981762755
400.289577217431
400.305464708839
400.320644236979
400.336115801851
400.351879403455
400.367935041791
400.383282716859
400.39892242866
400.413854177192
400.429077962456
400.444593784453
400.459401643181
400.474501538642
400.489893470834
400.505577439759
400.520553445415
400.535821487804
400.551381566925
400.566233682778
400.581377835363
400.596814024679
400.612542250728
400.628562513509
400.643874813022
400.659479149267
400.675375522245
400.690563931954
400.706044378395
400.721816861568
400.736881381474
400.752237938111
400.766886531481
400.781827161582
400.797059828416
400.812584531981
400.828401272279
400.844510049309
400.859910863071
400.875603713564
400.89058860079
400.905865524748
400.921434485438
400.93629548286
400.951448517014
400.9668935879
400.982630695519
400.998659839869
401.013981020951
401.029594238765
401.045499493312
401.06169678459
401.077186112601
401.092967477343
401.108040878818
401.123406317024
401.139063791963
401.155013303634
401.170254852037
401.185788437171
401.201614059038
401.216731717637
401.232141412968
401.247843145031
401.262836913827
401.278122719354
401.293700561613
401.309570440604
401.324732356327
401.340186308783
401.35593229797
401.37197032389
401.388300386541
401.404922485925
401.42083662204
401.437042794888
401.453541004468
401.469331250779
401.485413533823
401.501787853599
401.518454210107
401.534412603347
401.550663033319
401.567205500023
401.583040003459
401.599166543627
401.615585120527
401.63129573416
401.647298384524
401.66359307162
401.680179795449
401.697058556009
401.713229353302
401.729692187326
401.746447058083
401.762493965572
401.778832909792
401.795463890745
401.81138690843
401.827601962847
401.844109053996
401.859908181877
401.87599934649
401.892382547835
401.908057785912
401.924025060721
401.940284372263
401.956835720536
401.972679105541
401.988814527279
402.004241985748
402.020961480949
402.035973012883
402.051276581549
402.066872186946
402.082759829076
402.097939507938
402.113411223532
402.129174975857
402.145230764915
402.160578590705
402.176218453227
402.192150352481
402.207374288467
402.222890261185
402.238698270636
402.253798316818
402.269190399732
402.284874519379
402.299850675757
402.315118868868
402.33067909871
402.345531365285
402.361675668591
402.37711200863
402.392840385401
402.407860798903
402.423173249138
402.437777736105
402.452674259804
402.467862820235
402.483343417398
402.498116051293
402.51318072192
402.528537429279
402.54318617337
402.558126954194
402.572359771749
402.586884626037
402.601701517056
402.616810444807
402.632211409291
402.646904410507
402.661889448454
402.677166523134
402.691735634546
402.706596782689
402.721749967565
402.736195189173
402.750932447513
402.765961742585
402.781283074389
402.795896442925
402.810801848193
402.825999290194
402.841488768926
402.85627028439
402.871343836586
402.886709425515
402.902367051175
402.917316713568
402.932558412692
402.948092148549
402.963917921138
402.979035730458
402.994445576511
403.010147459296
403.026141378813
403.041427335062
403.057005328043
403.072875357756
403.089037424201
403.104491527378
403.120237667287
403.136275843928
403.152606057301
403.168228307407
403.184142594244
403.200348917813
403.215847278115
403.231637675148
403.247720108914
403.263094579412
403.278761086641
403.294719630603
403.309970211297
403.325512828723
403.341347482881
403.35747417377
403.372892901392
403.388603665746
403.404606466833
403.419901304651
403.435488179201
403.450367090483
403.465538038497
403.481001023244
403.495756044722
403.510803102933
403.526142197875
403.54177332955
403.557696497956
403.572911703095
403.588418944965
403.604218223568
403.619309538903
403.63469289097
403.650368279769
403.6653357053
403.680595167563
403.696146666558
403.710990202285
403.726125774744
403.741553383935
403.756273029859
403.771284712514
403.786588431901
403.802184188021
403.817071980872
403.832251810456
403.846723676771
403.861487579819
403.876543519598
403.89089149611
403.905531509354
403.92046355933
403.934687646038
403.949203769478
403.96401192965
403.979112126554
403.99350436019
404.008188630558
404.023164937658
404.03743328149
404.051993662054
404.066846079351
404.080990533379
404.09542702414
404.110155551632
404.124176115857
404.138488716813
404.153093354502
404.166990028923
404.181178740075
404.19565948796
404.209432272577
404.223497093926
404.237853952007
404.25150284682
404.265443778365
404.279676746642
404.293201751651
404.307018793392
404.321127871866
404.334528987071
404.348222139008
404.362207327678
404.375484553079
404.389053815212
404.402915114078
404.416068449676
404.429513822005
404.443251231067
404.457280676861
404.470602159387
404.484215678644
404.498121234634
404.511318827356
404.52480845681
404.538590122996
404.552663825915
404.566029565565
404.579687341947
404.592637155061
404.605879004908
404.619412891486
404.632238814796
404.645356774839
404.658766771613
404.67246880512
404.685462875358
404.698748982329
404.712327126032
404.726197306467
404.739359523633
404.752813777532
404.766560068163
404.779598395526
404.792928759621
404.806551160448
404.820465598008
404.833672072299
404.847170583322
404.860961131077
404.875043715565
404.888418336784
404.902084994735
404.916043689419
404.930294420834
404.943837188982
404.957671993862
404.971798835473
404.986217713817
405.000928628893
405.014931580701
405.029226569241
405.043813594513
405.058692656517
405.072863755253
405.087326890721
405.102082062921
405.117129271853
405.131468517518
405.146099799914
405.161023119042
405.176238474903
405.191745867495
405.20654529682
405.221636762876
405.237020265665
405.251695805185
405.266663381438
405.281922994423
405.29747464414
405.312318330589
405.32745405377
405.342881813683
405.357601610328
405.372613443705
405.387917313814
405.402513220655
405.417401164228
405.432581144533
405.448053161571
405.46381721534
405.478873305842
405.494221433075
405.508861597041
405.523793797738
405.539018035168
405.55353430933
405.568342620223
405.583442967849
405.598835352207
405.613519773297
405.628496231119
405.642764725673
405.657325256959
405.672177824977
405.687322429727
405.701759071209
405.716487749423
405.73050846437
405.744821216048
405.759426004458
405.773322829601
405.787511691475
405.801992590082
405.815765525421
405.829830497491
405.844187506294
405.858836551829
405.872777634096
405.887010753094
405.901535908825
405.915353101288
405.929462330483
405.94386359641
405.95755689907
405.971542238461
405.985819614584
405.999389027439
406.013250477026
406.027403963346
406.040849486397
406.054587046181
406.068616642696
406.081938275944
406.095551945923
406.108457652635
406.121655396079
406.135145176255
406.147926993163
406.161000846802
406.174366737174
406.188024664278
406.200974628114
406.214216628682
406.227750665983
406.240576740015
406.253694850779
406.267104998275
406.279807182504
406.292801403464
406.305087661156
406.317665955581
406.330536286737
406.343698654626
406.356153059247
406.368899500599
406.381937978684
406.395268493501
406.40789104505
406.420805633331
406.434012258344
406.446510920089
406.459301618566
406.472384353775
406.485759125716
406.498425934389
406.511384779794
406.524635661932
406.537178580801
406.550013536403
406.563140528736
406.575559557802
406.588270623599
406.601273726129
406.61356886539
406.626156041384
406.63903525411
406.652206503568
406.664669789758
406.677425112679
406.690472472333
406.702811868719
406.715443301838
406.728366771688
406.74158227827
406.755089821584
406.76788940163
406.780981018409
406.794364671919
406.807040362162
406.820008089136
406.833267852843
406.846819653281
406.859663490452
406.872799364354
406.886227274989
406.899947222356
406.913959206455
406.927263227286
406.940859284849
406.953747379144
406.966927510171
406.98039967793
406.994163882421
407.007220123644
407.020568401599
407.034208716287
407.047141067706
407.060365455857
407.073881880741
407.087690342356
407.100790840704
407.114183375784
407.127867947595
407.141844556139
407.155113201415
407.168673883423
407.182526602163
407.195671357634
407.209108149838
407.222836978774
407.236857844442
407.251170746842
407.264775685975
407.278672661839
407.292861674435
407.307342723763
407.321115809824
407.335180932616
407.349538092141
407.363187288397
407.377128521386
407.391361791107
407.405887097559
407.419704440744
407.433813820661
407.44821523731
407.46290869069
407.476894180803
407.491171707648
407.505741271225
407.519602871534
407.533756508576
407.548202182349
407.561939892854
407.575969640091
407.590291424061
407.603905244762
407.617811102196
407.632008996361
407.646498927259
407.660280894888
407.67435489925
407.688720940343
407.702379018169
407.716329132727
407.730571284017
407.744105472039
407.757931696793
407.772049958279
407.785460256497
407.799162591447
407.812156963129
407.825443371543
407.83902181669
407.851892298568
407.865054817178
407.878509372521
407.891255964595
407.904294593402
407.91662525894
407.929247961211
407.942162700214
407.955369475948
407.967868288415
407.980659137614
407.993742023545
408.007116946208
408.019783905603
408.03274290173
408.045993934589
408.05853700418
408.071372110503
408.084499253558
408.096918433346
408.109629649865
408.122632903116
408.1349281931
408.147515519815
408.160394883263
408.173566283442
408.186029720354
408.198785193998
408.211832704374
408.224172251481
408.236803835321
408.249727455893
408.262943113197
408.275450807233
408.288250538001
408.300342305501
408.312726109733
408.325401950698
408.338369828394
408.350629742822
408.363181693982
408.376025681875
408.388161706499
408.400589767856
408.413309865944
408.425322000765
408.437626172318
408.450222380602
408.462110625619
408.474290907368
408.486763225849
408.498527581062
408.510583973007
408.522932401684
408.534572867093
408.546505369234
408.558729908107
408.570246483712
408.58205509605
408.594155745119
408.60654843092
408.618233153454
408.630209912719
408.642478708717
408.654039541446
408.665892410908
408.678037317102
408.690474260027
408.702203239685
408.714224256075
408.725537309197
408.737142399051
408.749039525637
408.761228688955
408.773709889005
408.785483125787
408.797548399301
408.809905709547
408.821555056526
408.833496440236
408.845729860678
408.858255317853
408.870072811759
408.882182342398
408.894583909769
408.907277513871
408.919263154706
408.931540832273
408.944110546572
408.955972297602
408.968126085365
408.98057190986
408.993309771087
409.005339669046
409.017661603737
409.03027557516
409.042181583316
409.054379628203
409.066869709822
409.078651828174
409.090725983257
409.103092175073
409.11475040362
409.1267006689
409.138942970911
409.151477309655
409.163303685131
409.175422097338
409.187832546278
409.20053503195
409.212529554354
409.22481611349
409.237394709358
409.249265341958
409.26142801129
409.273882717355
409.286629460151
409.298668239679
409.310999055939
409.323621908932
409.335536798656
409.347743725113
409.360242688301
409.373033688222
409.385116724874
409.397491798259
409.410158908376
409.422118055225
409.434369238806
409.446912459118
409.459747716163
409.47287500994
409.486294340449
409.499005707691
409.512009111664
409.525304552369
409.537892029806
409.550771543975
409.563943094877
409.57640668251
409.589162306876
409.602209967973
409.614549665803
409.627181400364
409.640105171658
409.653320979684
409.666828824442
409.680628705931
409.693720624153
409.707104579107
409.719780570793
409.732748599211
409.746008664361
409.758560766243
409.771404904858
409.784541080204
409.797969292282
409.810689541092
409.823701826635
409.836006148909
409.848602507916
409.861490903654
409.874671336125
409.888143805327
409.900908311262
409.913964853929
409.926313433328
409.938954049458
409.951886702321
409.964111391916
409.976628118243
409.989436881302
410.002537681093
410.014930517617
410.027615390872
410.040592300859
410.052861247578
410.06542223103
410.078275251213
410.090420308128
410.102857401776
410.115586532156
410.127607699267
410.139920903111
410.152526143686
410.164423420994
410.176612735034
410.189094085806
410.20086747331
410.212932897546
410.225290358514
410.237939856214
410.249881390646
410.26211496181
410.273640569706
410.285458214335
410.297567895695
410.309969613787
410.321663368612
410.333649160168
410.345926988457
410.357496853477
410.36935875523
410.381512693715
410.393958668931
410.40569668088
410.417726729561
410.430048814974
410.441662937119
410.453569095996
410.464767291605
410.476257523946
410.488039793019
410.499114098824
410.510480441361
410.522138820631
410.533089236632
410.544331689365
410.555866178831
410.566692705028
410.577811267958
410.589221867619
410.600924504013
410.611919177139
410.623205886997
410.634784633586
410.645655416908
410.656818236962
410.667273093748
410.678019987266
410.689058917516
410.700389884498
410.711012888212
410.721927928658
410.733135005837
410.743634119747
410.754425270389
410.765508457764
410.77588368187
410.786550942709
410.797510240279
410.807761574582
410.818304945617
410.829140353383
410.840267797882
410.850687279113
410.861398797076
410.871402351771
410.881697943198
410.892285571357
410.902165236248
410.912336937871
410.922800676226
410.932556451313
410.942604263133
410.952944111684
410.963575996967
410.974499918983
410.98471587773
410.99522387321
411.006023905421
411.016115974365
411.026500080041
411.037176222448
411.048144401588
411.05840461746
411.068956870064
411.0798011594
411.090937485468
411.101365848268
411.1120862478
411.123098684064
411.13440315706
411.144999666789
411.155888213249
411.167068796441
411.178541416366
411.189306073022
411.200362766411
411.211711496531
411.223352263384
411.234285066968
411.245509907285
411.257026784334
411.267835698115
411.278936648628
411.290329635872
411.302014659849
411.312991720558
411.324260817999
411.335821952173
411.347675123078
411.359820330715
411.371257575084
411.382986856186
411.395008174019
411.406321528584
411.417926919882
411.429824347911
411.441013812673
411.452495314167
411.464268852392
411.47633442735
411.48769203904
411.499341687462
411.511283372615
411.522517094501
411.534042853119
411.545860648469
411.557970480552
411.569372349366
411.581066254912
411.59305219719
411.6053301762
411.617900191943
411.629762244417
411.641916333623
411.654362459562
411.666100622232
411.678130821635
411.69045305777
411.703067330636
411.714973640235
411.727171986566
411.739662369629
411.751444789424
411.763519245951
411.77588573921
411.788544269201
411.800494835924
411.812737439379
411.825272079566
411.838098756485
411.850217470137
411.86262822052
411.875331007636
411.888325831483
411.900612692063
411.913191589374
411.926062523418
411.938225494193
411.950680501701
411.963427545941
411.975466626913
411.987797744617
411.999420899052
412.01133609022
412.02354331812
412.035042582753
412.046833884117
412.057917222213
412.069292597041
412.080960008601
412.092919456894
412.104170941918
412.115714463674
412.126550022163
412.137677617383
412.149097249336
412.159808918021
412.170812623437
412.182108365586
412.192696144467
412.20357596008
412.214747812425
412.225211701502
412.235967627311
412.247015589852
412.257355589125
412.26798762513
412.278911697867
412.289127807336
412.299635953538
412.310436136471
412.320528356136
412.330912612534
412.341588905663
412.351557235525
412.361817602118
412.372370005444
412.382214445502
412.392350922292
412.402779435813
412.413499986067
412.423512573053
412.433817196771
412.444413857221
412.455302554403
412.465483288317
412.475956058963
412.485720866342
412.495777710452
412.506126591294
412.515767508869
412.525700463175
412.535925454213
412.545442481984
412.555251546487
412.565352647721
412.575745785688
412.585430960387
412.595408171817
412.60567741998
412.615238704875
412.625092026502
412.635237384861
412.645674779952
412.656404211775
412.66642568033
412.676739185617
412.686344727637
412.696242306388
412.706431921871
412.715913574087
412.725687263034
412.735752988714
412.746110751125
412.755760550269
412.765702386144
412.775936258752
412.785462168092
412.795280114164
412.805390096967
412.815792116503
412.825486172771
412.835472265771
412.845750395503
412.855320561968
412.865182765164
412.875337005092
412.884783281752
412.894521595144
412.904551945269
412.913874332125
412.923488755714
412.933395216034
412.942593713087
412.952084246871
412.961866817388
412.971941424637
412.981308068618
412.99096674933
413.000917466775
413.010160220952
413.019695011861
413.029521839502
413.038640703875
413.04805160498
413.057754542818
413.066749517387
413.076036528688
413.085615576721
413.094486661487
413.103649782984
413.113104941214
413.122852136175
413.131891367869
413.141222636294
413.150845941452
413.160761283342
413.169968661964
413.179468077317
413.189259529403
413.199343018221
413.208718543771
413.218386106053
413.228345705067
413.237597340814
413.247141013292
413.256976722502
413.266104468444
413.275524251119
413.285236070525
413.295239926663
413.304535819534
413.314123749137
413.324003715471
413.334175718538
413.344639758336
413.354395834867
413.36444394813
413.373784098125
413.383416284852
413.393340508311
413.403556768502
413.414065065425
413.42386539908
413.433957769467
413.444342176586
413.454018620438
413.463987101021
413.474247618336
413.484800172384
413.494644763163
413.504781390675
413.515210054918
413.524930755894
413.534943493602
413.545248268041
413.555845079213
413.565733927117
413.575914811753
413.586387733121
413.597152691221
413.608209686053
413.618558717617
413.629199785913
413.640132890941
413.651358032701
413.661875211194
413.672684426418
413.683785678374
413.694178967063
413.704864292483
413.715841654636
413.72711105352
413.737672489137
413.748525961486
413.759671470567
413.771109016379
413.781838598924
413.792860218201
413.80417387421
413.814779566951
413.825677296424
413.836867062629
413.847348865566
413.858122705236
413.869188581637
413.88054649477
413.891196444635
413.902138431233
413.913372454562
413.923898514624
413.934716611417
413.945826744943
413.957228915201
413.96792312219
413.978909365912
413.990187646366
414.001757963552
414.01262031747
414.02377470812
414.035221135502
414.045959599616
414.056990100462
414.06831263804
414.07992721235
414.090833823393
414.102032471167
414.112523155673
414.123305876912
414.134380634882
414.144747429585
414.155406261019
414.166357129186
414.176600034085
414.187134975715
414.197961954078
414.208080969173
414.218492021
414.228195109559
414.23819023485
414.248477396873
414.259056595628
414.268927831115
414.279091103334
414.288546412286
414.298293757969
414.308333140384
414.317664559532
414.327288015411
414.337203508023
414.346411037366
414.355910603442
414.36570220625
414.374785845789
414.384161522061
414.392829235065
414.401788984801
414.411040771269
414.419584594469
414.428420454401
414.437548351065
414.445968284461
414.454680254589
414.463684261449
414.472980305041
414.481568385366
414.490448502422
414.498620656211
414.507084846731
414.515841073984
414.523889337968
414.532229638685
414.540861976133
414.548786350314
414.557002761227
414.565511208872
414.574311693249
414.582404214358
414.590788772199
414.599465366772
414.607433998077
414.615694666114
414.624247370883
414.633092112384
414.641228890618
414.649657705583
414.65837855728
414.66639144571
414.674696370871
414.683293332765
414.69218233139
414.700363366748
414.708836438838
414.71760154766
414.725658693213
414.734007875499
414.742649094517
414.751582350267
414.759807642749
414.768324971963
414.777134337909
414.785235740587
414.793629179998
414.80231465614
414.811292169014
414.82056171862
414.829123304959
414.837976928029
414.847122587832
414.855560284366
414.864290017633
414.872311787632
414.880625594362
414.889231437825
414.89812931802
414.906319234947
414.914801188606
414.923575178997
414.93164120612
414.939999269975
414.948649370562
414.956591507881
414.964825681932
414.973351892716
414.981170140231
414.989280424478
414.997682745458
415.005377103169
415.013363497613
415.021641928788
415.030212396696
415.038074901336
415.046229442708
415.054676020811
415.062414635647
415.070445287215
415.078767975515
415.086382700547
415.094289462311
415.102488260807
415.110979096035
415.118761967996
415.126836876688
415.135203822112
415.142862804268
415.150813823157
415.159056878777
415.16659197113
415.174419100214
415.182538266031
415.19094946858
415.19865270786
415.206647983873
415.214935296618
415.222514646095
415.230386032304
415.238549455245
415.246004914918
415.253752411323
415.26179194446
415.270123514329
415.27774712093
415.285662764263
415.293870444329
415.302370161126
415.310161914656
415.318245704917
415.326621531911
415.335289395636
415.343249296094
415.351501233283
415.360045207205
415.368881217859
415.378009265245
415.386429349363
415.395141470213
415.404145627795
415.412441822109
415.421030053155
415.429910320933
415.438082625443
415.446546966685
415.45530334466
415.464351759366
415.472692210804
415.481324698975
415.490249223877
415.498465785512
415.506974383879
415.515775018977
415.524867690808
415.534252399371
415.542929144665
415.551897926692
415.561158745451
415.569711600942
415.578556493165
415.58769342212
415.596122387807
415.604843390227
415.613856429378
415.623161505261
415.632758617876
415.641647767224
415.650828953303
415.660302176115
415.669067435658
415.678124731934
415.687474064941
415.697115434681
415.706048841153
415.716274284356
415.725791764292
415.73560128096
415.74470283436
415.754096424492
415.763782051356
415.773759714952
415.78302941528
415.79259115234
415.802444926133
415.811590736657
415.821028583913
415.830758467902
415.840780388622
415.850094346075
415.859700340259
415.869598371176
415.879788438824
415.889270543205
415.899044684318
415.909110862163
415.918469076739
415.928119328048
415.938061616089
415.947295940862
415.956822302367
415.966640700604
415.976751135573
415.986153607275
415.995848115708
416.005834660873
416.015113242771
416.0246838614
416.034546516762
416.044701208855
416.054147937681
416.063886703238
416.073917505528
416.083240344549
416.092855220303
416.102762132789
416.111961082007
416.121452067957
416.131235090639
416.140310150053
416.149677246199
416.158336379077
416.167287548687
416.176530755029
416.186065998104
416.19489327791
416.204012594448
416.213423947719
416.222127337721
416.231122764456
416.240410227922
416.248989728121
416.257861265052
416.267024838714
416.275480449109
416.284228096236
416.293267780095
416.301599500686
416.310223258009
416.318139052064
416.326346882851
416.33484675037
416.342638654621
416.350722595605
416.35909857332
416.366766587767
416.374726638947
416.382978726858
416.390522851502
416.398359012877
416.406487210985
416.413907445824
416.421619717396
416.4286240257
416.435920370736
416.443508752503
416.450389171003
416.457561626235
416.465026118199
416.472782646895
416.479831212324
416.487171814484
416.494804453376
416.501729129
416.508945841357
416.516454590445
416.523255376265
416.530348198818
416.536733058102
416.543409954119
416.550378886868
416.556639856348
416.563192862561
416.570037905506
416.576174985182
416.582604101591
416.589325254732
416.596338444605
416.60264367121
416.609240934547
416.616130234616
416.623311571418
416.629784944951
416.636550355216
416.643607802214
416.649957285943
416.656598806404
416.663532363598
416.670757957523
416.677275588181
416.68408525557
416.691186959692
416.698580700546
416.705266478132
416.71224429245
416.719514143499
416.726076031281
416.732929955795
416.740075917042
416.74751391502
416.75524394973
416.762266021172
416.769580129346
416.777186274253
416.784084455891
416.791274674261
416.798756929364
416.805531221198
416.812597549765
416.819955915063
416.827606317094
416.834548755857
416.841783231352
416.849309743578
416.856128292537
416.863238878228
416.870641500651
416.878336159806
416.885322855693
416.892601588312
416.900172357663
416.908035163747
416.915190006562
416.922636886109
416.930375802389
416.9384067554
416.945729745144
416.953344771619
416.961251834827
416.968450934766
416.975942071438
416.983725244842
416.991800454977
416.999167701845
417.006826985445
417.013778305777
417.021021662841
417.028557056637
417.036384487165
417.043503954425
417.050915458418
417.058618999142
417.065614576598
417.072902190787
417.080481841707
417.087353529359
417.094517253744
417.10197301486
417.109720812709
417.11676064729
417.124092518602
417.131716426647
417.138632371424
417.145840352933
417.153340371174
417.160132426147
417.167216517852
417.174592646289
417.181260811458
417.188221013359
417.195473251992
417.203017527357
417.209853839455
417.216982188284
417.223402573846
417.230114996139
417.237119455165
417.244415950922
417.251004483412
417.257885052633
417.265057658587
417.271522301273
417.278278980691
417.285327696841
417.292668449722
417.299301239337
417.306226065683
417.313442928761
417.319951828571
417.326752765113
417.333845738387
417.341230748393
417.347907795132
417.354876878602
417.362137998805
417.369691155739
417.376536349406
417.383673579804
417.391102846935
417.398824150798
417.405837491392
417.413142868719
417.420740282778
417.428629733569
417.435811221092
417.443284745347
417.451050306334
417.459107904053
417.467457538504
417.475099209687
417.483032917603
417.49125866225
417.499776443629
417.507586261741
417.515688116584
417.52408200816
417.532767936467
417.540745901507
417.549015903278
417.557577941782
417.566432017018
417.574578128986
417.583016277686
417.591746463118
417.599768685282
417.608082944178
417.616689239806
417.625587572166
417.634777941258
417.643260347082
417.652034789638
417.661101268927
417.670459784947
417.679110337699
417.688052927184
417.6972875534
417.705814216349
417.71463291603
417.723743652442
417.733146425587
417.741841235464
417.750828082073
417.760106965414
417.768677885487
417.777540842292
417.786695835829
417.796142866098
417.804881933099
417.813913036832
417.823236177297
417.832851354495
417.841758568424
417.850957819085
417.860449106479
417.869232430604
417.878307791462
417.887675189051
417.896334623373
417.905286094427
417.914529602213
417.92306514673
417.93189272798
417.941012345962
417.949424000676
417.958127692122
417.9671234203
417.97641118521
417.984990986852
417.993862825227
418.002026700333
418.010482612171
418.019230560742
418.027270546044
418.035602568079
418.044226626845
418.052142722344
418.060350854574
418.067851023537
418.075643229232
418.083727471659
418.092103750817
418.099772066708
418.107732419331
418.115984808686
418.123529234773
418.131365697592
418.139494197143
418.146914733427
418.154627306442
418.162631916189
418.169928562668
418.17751724588
418.185397965823
418.192570722499
418.200035515906
418.207792346046
418.214841212918
418.222182116521
418.229815056857
418.236740033925
418.243957047725
418.250466098257
418.257267185521
418.264360309517
418.270745470245
418.277422667705
418.284391901897
418.290653172821
418.297206480477
418.304051824865
418.310189205986
418.316618623838
418.323340078423
418.329353569739
418.335659097788
418.342256662569
418.349146264081
418.355327902326
418.361801577303
418.368567289011
418.374625037452
418.380974822625
418.38761664453
418.393550503167
418.399776398536
418.406294330637
418.412104299471
418.418206305036
418.424600347333
418.430286426362
418.436264542124
418.442534694617
418.449096883843
418.4549511098
418.46109737249
418.467535671911
418.473266008065
418.479288380951
418.485602790569
418.491209236919
418.49710772
418.503298239814
418.50878079636
418.514555389638
418.520622019648
418.526980686391
418.532631389865
418.538574130071
418.543808907009
418.54933572068
418.555154571082
418.561265458217
418.566668382083
418.572363342682
418.578350340012
418.583629374075
418.59020044487
418.596063552396
418.602218696655
418.608665877646
418.614405095369
418.620436349824
418.626759641011
418.63237496893
418.638282333581
418.644481734964
418.650973173079
418.656756647927
418.662832159506
418.669199707817
418.674859292861
418.680810914636
418.687054573144
418.693590268383
418.699418000355
418.705537769059
418.711949574494
418.718653416662
418.724649295562
418.730937211194
418.737517163558
418.743389152654
418.749553178482
418.756009241042
418.761757340334
418.767797476358
418.774129649114
418.780753858603
418.786670104823
418.792878387775
418.79937870746
418.805171063876
418.811255457025
418.817631886906
418.824300353518
418.830260856863
418.83651339694
418.843057973749
418.849894587289
418.856023237562
418.862443924567
418.869156648304
418.876161408773
418.882458205974
418.889047039907
418.895927910573
418.90210081797
418.908565762099
418.915322742961
418.921371760554
418.92771281488
418.934345905937
418.941271033727
418.947488198248
418.953997399502
418.960798637488
418.967891912205
418.974277223655
418.980954571837
418.987923956751
418.995185378397
419.001738836775
419.008584331885
419.014721863727
419.021151432301
419.027873037608
419.034886679646
419.041192358416
419.047790073919
419.054679826153
419.06086161512
419.067335440818
419.074101303249
419.081159202411
419.087509138306
419.094151110933
419.101085120291
419.107311166382
419.113829249205
419.12063936876
419.126741525047
419.133135718066
419.139821947817
419.1458002143
419.152070517516
419.158632857463
419.165487234142
419.172633647554
419.179072097697
419.185802584572
419.19182510818
419.198139668519
419.204746265591
419.211644899395
419.21883556993
419.225318277198
419.232093021198
419.23915980193
419.246518619394
419.25316947359
419.260112364518
419.266347292178
419.27287425657
419.279693257694
419.28680429555
419.294207370139
419.300902481459
419.307889629511
419.315168814296
419.322740035812
419.329603294061
419.336758589041
419.344205920754
419.351945289198
419.358976694375
419.366300136284
419.373915614925
419.381823130298
419.389022682403
419.39651427124
419.404297896809
419.41137355911
419.418741258143
419.426400993908
419.434352766405
419.441596575635
419.449132421596
419.456960304289
419.465080223715
419.472492179872
419.480196172762
419.488192202383
419.496480268737
419.504060371823
419.511932511641
419.52009668819
419.528552901472
419.536301151486
419.544341438232
419.55267376171
419.56129812192
419.569214518862
419.577422952536
419.585923422943
419.593715930081
419.601800473951
419.610177054554
419.618845671888
419.627806325954
419.636059016753
419.644603744284
419.652440508546
419.660569309541
419.668990147267
419.676703021726
419.684707932917
419.69300488084
419.701593865495
419.709474886882
419.717647945001
419.726113039852
419.733870171435
419.74191933975
419.750260544797
419.757893786577
419.765819065088
419.774036380331
419.781545732307
419.789347121014
419.797440546454
419.804826008626
419.812503507529
419.820473043165
419.827734615533
419.835288224632
419.842133870464
419.849271553028
419.856701272324
419.863423028352
419.870436821112
419.877742650604
419.884340516828
419.891230419785
419.897412359473
419.903886335893
419.910652349045
419.91771039893
419.924060485546
419.930702608895
419.937636768975
419.943862965788
419.950381199333
419.956191469609
419.962293776618
419.968688120359
419.974374500832
419.980352918037
419.986623371974
419.992185862643
419.998040390044
420.003186954177
420.008625555042
420.014356192639
420.019378866969
420.02469357803
420.030300325823
420.036199110349
420.041389931606
420.046872789596
420.051647684317
420.056714615771
420.062073583957
420.067724588874
420.072667630524
420.077902708906
420.08342982402
420.088248975866
420.093360164444
420.098763389754
420.103458651796
420.10844595057
420.113725286076
420.118296658314
420.123160067285
420.128315512987
420.133762995421
420.138502514588
420.143534070486
420.148857663117
420.153473292479
420.158380958574
420.163580661401
420.16807240096
420.17285617725
420.177931990273
420.183299840028
420.187959726515
420.192911649734
420.198155609685
420.203691606368
420.208519639783
420.213639709931
420.21905181681
420.223755960421
420.228752140765
420.23404035784
420.239620611647
420.244492902187
420.249657229459
420.255113593462
420.260861994198
420.265902431666
420.271234905865
420.276859416797
420.281775964461
420.286984548857
420.292485169985
420.298277827845
420.303362522437
420.308739253761
420.314408021817
420.319368826606
420.324621668126
420.330166546378
420.336003461363
420.341132413079
420.346553401527
420.352266426708
420.357271488621
420.362568587265
420.368157722642
420.374038894751
420.379212103591
420.384677349164
420.390434631469
420.395483950506
420.400825306275
420.406458698776
420.411384128009
420.416601593974
420.422111096672
420.426912636101
420.432006212262
420.437391825155
420.443069474781
420.448039161138
420.453300884228
420.458854644049
420.463700440603
420.468838273889
420.474268143906
420.478990050656
420.484003994138
420.489309974352
420.493907991298
420.498798044976
420.503980135386
420.508454262528
420.513220426402
420.518278627008
420.522628864346
420.527271138417
420.532205449219
420.536431796753
420.54095018102
420.545760602018
420.550863059749
420.555257554211
420.559944085406
420.563922653333
420.568193257991
420.572755899382
420.577610577505
420.58175729236
420.586196043947
420.590926832266
420.594949657317
420.5992645191
420.603871417615
420.607770352862
420.611961324842
420.616444333553
420.621219378996
420.625286461172
420.629645580079
420.634296735719
420.63823992809
420.642475157194
420.647002423029
420.651821725597
420.655933064897
420.660336440929
420.665031853692
420.669019303188
420.673298789416
420.677870312376
420.682733872068
420.686889468492
420.691337101649
420.696076771537
420.700108478157
420.704432221509
420.709048001594
420.71395581841
420.718155671959
420.722647562239
420.727431489252
420.732507452996
420.737875453473
420.742535490682
420.747487564622
420.752731675295
420.7572678227
420.762096006837
420.767216227706
420.772628485307
420.77733277964
420.782329110705
420.787617478502
420.793197883032
420.798070324293
420.803234802286
420.808691317012
420.814439868469
420.819480456659
420.82481308158
420.830437743234
420.836354441619
420.841563176737
420.847063948587
420.852856757169
420.858941602483
420.864318484528
420.869987403306
420.875948358816
420.882201351058
420.888746380032
420.894583445739
420.900712548177
420.907133687347
420.913846863249
420.919852075884
420.92614932525
420.932738611349
420.939619934179
420.946793293742
420.953258690036
420.960016123063
420.967065592822
420.973407099312
420.980040642535
420.98696622249
420.993183839177
420.999693492596
421.006495182747
421.01358890963
421.019974673245
421.026652473592
421.033622310671
421.040884184483
421.047438095026
421.054284042302
421.061422026309
421.067852047048
421.07457410452
421.081588198723
421.088894329659
421.095492497327
421.102382701726
421.109564942858
421.116039220722
421.122805535318
421.129863886646
421.136214274706
421.142856699498
421.149791161022
421.156017659278
421.162536194266
421.169346765987
421.175449374439
421.181844019623
421.18753070154
421.193509420188
421.199780175569
421.205342967681
421.211197796526
421.217344662102
421.222783564411
421.228514503452
421.234537479225
421.239852491729
421.245459540966
421.251358626935
421.256549749636
421.262032909069
421.267808105235
421.272875338132
421.278234607761
421.283885914122
421.288829257216
421.294064637041
421.299592053598
421.305411506888
421.310522996909
421.315926523663
421.320622087148
421.325609687366
421.330889324316
421.335460997998
421.340324708411
421.345480455557
421.350928239435
421.355668060045
421.360699917387
421.366023811461
421.371639742267
421.376547709806
421.381747714076
421.387239755078
421.392023832813
421.397099947279
421.402468098477
421.408128286408
421.41308051107
421.418324772465
421.423861070592
421.42968940545
421.434809777041
421.440222185364
421.444926630419
421.449923112206
421.455211630725
421.460792185976
421.465664777959
421.470829406674
421.476286072121
421.4820347743
421.487075513211
421.492408288855
421.49803310123
421.503949950337
421.509158836177
421.514659758748
421.520452718052
421.525537714087
421.530914746855
421.536583816355
421.542544922587
421.54779806555
421.553343245246
421.559180461674
421.565309714834
421.570731004726
421.57644433135
421.582449694706
421.587747094794
421.593336531615
421.599218005167
421.605391515451
421.610857062468
421.616614646216
421.621664266697
421.627005923909
421.632639617854
421.63856534853
421.643783115939
