0
0.00800405771615234
0.0173001521643557
0.0248882833446101
0.0337684512569156
0.041940655901272
0.0504048972776795
0.0591611753861381
0.0682094902266477
0.0765498417992083
0.0851822301038199
0.0931066551404826
0.100323116909196
0.107831615409961
0.115632150642777
0.123724722607644
0.131109331304561
0.13878597673353
0.14575465889455
0.153015377787621
0.160568133412743
0.167412925769916
0.17454975485914
0.181978620680415
0.188699523233741
0.195712462519119
0.203017438536547
0.210614451286026
0.217503500767556
0.224684586981138
0.23215770992677
0.239922869604453
0.246980066014188
0.254329299155973
0.26097056902981
0.267903875635697
0.274129218973636
0.281646599043625
0.288456015845666
0.295557469379757
0.3019509596459
0.308636486644094
0.314614050374339
0.320883650836634
0.327445288030981
0.334298961957379
0.340444672615828
0.346882420006328
0.352612204128879
0.358634024983481
0.365947882570134
0.371553776888838
0.377451707939593
0.383641675722399
0.390123680237256
0.395897721484164
0.401963799463124
0.408321914174134
0.414972065617195
0.420914253792308
0.427148478699471
0.433674740338685
0.440493038709951
0.447603373813267
0.454005745648635
0.460700154216053
0.467686599515523
0.474965081547043
0.481535600310615
0.488398155806238
0.496552748033911
0.503999376993636
0.511738042685412
0.518768745109239
0.526091484265117
0.533706260153046
0.540613072773026
0.547811922125056
0.555302808209138
0.563085731025271
0.570160690573456
0.577527686853691
0.584186719865977
0.591137789610314
0.598380896086702
0.605916039295141
0.613743219235631
0.620862435908173
0.628273689312765
0.635976979449408
0.643972306318103
0.651259669918848
0.658839070251645
0.666710507316492
0.674873981113391
0.68332949164234
0.691077038903341
0.699116622896393
0.707448243621495
0.715071901078649
0.723987595267854
0.73219532618911
0.740695093842416
0.749486898227774
0.757570739345183
0.765946617194643
0.774614531776154
0.783574483089716
0.791826471135329
0.800370495912993
0.810206557422708
0.819334655664474
0.827754790638291
0.83646696234416
0.845471170782079
0.853767415952049
0.86335569785407
0.872236016488143
0.880408371854266
0.889872763952441
0.898629192782666
0.907677658344942
0.91701816063927
0.925650699665648
0.934575275424078
0.943791887914558
0.95230053713709
0.961101223091673
0.970193945778307
0.979578705196991
0.989255501347727
0.999224334230514
1.00848520384535
1.01803811019224
1.02788305327118
1.03802003308217
1.04744904962521
1.05717010290031
1.06618319290745
1.07548831964665
1.08508548311789
1.09497468332119
1.10415592025654
1.11362919392394
1.12339450432339
1.13245185145489
1.14280123531844
1.15244265591404
1.1623761132417
1.1726016073014
1.18311913809316
1.19292870561697
1.20303030987283
1.21242395086074
1.2221096285807
1.23108734303271
1.24135709421677
1.25091888213288
1.26077270678105
1.27091856816126
1.28135646627353
1.29208640111785
1.30210837269422
1.31242238100264
1.32302842604311
1.33392650781563
1.3441166263202
1.35459878155683
1.3653729735255
1.37643920222623
1.38879746765901
1.39944776982383
1.41039010872071
1.42162448434964
1.43215089671062
1.44296934580366
1.45407983162874
1.46548235418587
1.47717691347506
1.4881635094963
1.50044214224958
1.51301281173492
1.52487551795231
1.53703026090175
1.54947704058324
1.56221585699679
1.57524671014238
1.58856960002003
1.60218452662972
1.61709148997147
1.63129049004527
1.64478152685111
1.65856460038901
1.67263971065897
1.68700685766097
1.70166604139502
1.71661726186112
1.73086051905928
1.74639581298949
1.76122314365174
1.77634251104605
1.79075391517241
1.80545735603082
1.81945283362128
1.83474034794379
1.84931989899836
1.86319148678497
1.87835511130364
1.89381077255435
1.91055847053712
1.92659820525194
1.94192997669881
1.95755378487773
1.9724696297887
1.98767751143172
2.0031774298068
2.01896938491392
2.0340533767531
2.04942940532433
2.0650974706276
2.08005757266293
2.09530971143031
2.11185388692974
2.12769009916122
2.14381834812476
2.15923863382034
2.17495095624798
2.19095531540766
2.2062517112994
2.22384014392319
2.24172061327903
2.25689311936692
2.27235766218686
2.28711424173885
2.30316285802289
2.31850351103899
2.33413620078713
2.35006092726733
2.36527769047958
2.38078649042388
2.39658732710023
2.41368020050863
2.43006511064908
2.44574205752158
2.46171104112613
2.47797206146274
2.49352511853139
2.5093702123321
2.52450734286486
2.54193651012967
2.55765771412653
2.57267095485544
2.5889762323164
2.60457354650941
2.62046289743448
2.63664428509159
2.65311770948076
2.66988317060198
2.68594066845524
2.70129020304056
2.71693177435793
2.73286538240735
2.75009102718883
2.76660870870235
2.78241842694792
2.79952018192555
2.81591397363523
2.83359980207695
2.85157766725073
2.87184756915656
2.88940950779444
2.90626348316437
2.92240949526636
2.93984754410039
2.95657762966647
2.97459975196461
2.9929139109948
3.01152010675704
3.02941833925132
3.04660860847766
3.06509091443605
3.0828652571265
3.09993163654899
3.11729005270353
3.13394050559013
3.15088299520877
3.16811752155947
3.18564408464222
3.20446268445702
3.22457332100387
3.24197599428277
3.25967070429372
3.27665745103673
3.29393623451178
3.31250705471889
3.33136991165804
3.35052480532925
3.36897173573251
3.38771070286782
3.40574170673518
3.42406474733459
3.44267982466605
3.46058693872957
3.47978608952513
3.50027727705275
3.52006050131241
3.53813576230413
3.5565030600279
3.57616239448372
3.59811376567159
3.61535717359151
3.63289261824348
3.65072009962751
3.66883961774358
3.68725117259171
3.70495476417189
3.72195039248412
3.73923805752839
3.75681775930472
3.77268949781311
3.78985327305354
3.80730908502602
3.82405693373056
3.84009681916714
3.85642874133578
3.87205270023647
3.8889686958692
3.90617672823399
3.92367679733083
3.94246890315973
3.95755304572067
3.97392922501366
3.99059744103871
4.0065576937958
4.02180998328495
4.03735430950615
4.0531906724594
4.0693190721447
4.08373950856205
4.09845198171145
4.1124564915929
4.12675303820641
4.14034162155196
4.15222224162957
4.16539489843922
4.17785959198093
4.18961632225469
4.2026650892605
4.21600589299836
4.22963873346828
4.24056361067024
4.25178052460425
4.26328947527032
4.27409046266843
4.2841834867986
4.29556854766082
4.30624564525509
4.31721477958141
4.32747595063978
4.3390291584302
4.34987440295268
4.3610116842072
4.37144100219378
4.38216235691241
4.39317574836308
4.40348117654581
4.41407864146059
4.42496814310742
4.43614968148631
4.44862325659724
4.45938886844022
4.47044651701526
4.48079620232234
4.49043792436148
4.49937168313267
4.50859747863591
4.5181153108712
4.52692517983854
4.53602708553793
4.54442102796938
4.55310700713287
4.56208502302841
4.57135507565601
4.58091716501566
4.58977129110736
4.59991745393111
4.60935565348691
4.61808588977476
4.62810816279466
4.63742247254662
4.64602881903062
4.65492720224668
4.66411762219478
4.67360007887494
4.68237457228715
4.69144110243141
4.70079966930772
4.71045027291608
4.71939291325649
4.72962759032896
4.73915430413347
4.74897305467004
4.75808384193866
4.76848666593933
4.77818152667204
4.78816842413682
4.79744735833364
4.80701832926251
4.81688133692343
4.82803638131641
4.83748346244143
4.84722258029851
4.85625373488764
4.86557692620882
4.87519215426205
4.88509941904733
4.89429872056466
4.90379005881404
4.91257343379547
4.92164884550896
4.9310162939545
4.93967577913208
4.94862730104172
4.95787085968341
4.96740645505715
4.97623408716294
4.98535375600078
4.99476546157068
5.00446920387262
5.01546498290661
5.02475279867266
5.03433265117076
5.04320454040091
5.05236846636311
5.06182442905736
5.07057242848366
5.07961246464201
5.08894453753241
5.09856864715487
5.10748479350937
5.11669297659593
5.12619319641454
5.1359854529652
5.14506974624791
5.15444607626267
5.16311444300948
5.17207484648834
5.18132728669926
5.19087176364222
5.20170827731724
5.2108368277243
5.22025741486342
5.22997003873459
5.23997469933781
5.25027139667308
5.2598601307404
5.26974090153977
5.2789137090712
5.28937855333467
5.3001354343302
5.31018435205778
5.3205253065174
5.33015829770908
5.34008332563281
5.35030039028859
5.36080949167643
5.37061062979631
5.38070380464824
5.39108901623223
5.40176626454827
5.41173554959635
5.42199687137649
5.43155022988868
5.44139562513292
5.45053305710921
5.45996252581755
5.46968403125795
5.47969757343039
5.48900315233489
5.49760076797143
5.50749042034003
5.51767210944068
5.52814583527338
5.53891159783813
5.54996939713493
5.56031923316379
5.57196110592469
5.58289501541765
5.59412096164265
5.60863894459971
5.62044896428882
5.63155102070998
5.64294511386319
5.65563124374845
5.66760941036576
5.67887961371512
5.69144185379654
5.70329613061
5.71444244415552
5.72588079443309
5.7376111814427
5.74863360518437
5.75994806565809
5.77255456286387
5.78545309680169
5.79664366747156
5.80812627487349
5.82090091900746
5.83396759987349
5.84732631747157
5.8579770718017
5.86891986286388
5.88015469065811
5.89168155518439
5.90350045644272
5.91461139443311
5.92601436915554
5.93670938061003
5.94769642879656
5.95897551371515
5.96954663536579
5.98140979374848
5.99256498886322
6.00401222071001
6.01475148928886
6.02578279459975
6.0361061366427
6.04672151541769
6.05862893092474
6.07182838316384
6.08331987213499
6.09510339783819
6.10617896027344
6.11754655944074
6.1292061953401
6.1411578679715
6.15240157733496
6.16393732343046
6.17576510625802
6.18688492581763
6.19829678210929
6.209000675133
6.21999660488876
6.23228457137657
6.24486457459644
6.25573661454835
6.26690069123232
6.27835680464834
6.2901049547964
6.30214514167652
6.31347736528869
6.32410162563291
6.33501792270919
6.34522625651751
6.35572662705788
6.36651903433031
6.37660347833479
6.38697995907131
6.39764847653989
6.40760903074052
6.4178616216732
6.42740624933793
6.43724291373472
6.44837161486355
6.45779235272443
6.46850512731737
6.47850993864236
6.48880678669939
6.49939567148848
6.51027659300962
6.52044955126281
6.53091454624805
6.54167157796535
6.55272064641469
6.56306175159609
6.57369489350953
6.58462007215503
6.59583728753258
6.60634653964217
6.61614782848383
6.62724115405753
6.63862651636328
6.64930391540108
6.66027335117094
6.67153482367284
6.6820883329068
6.6929338788728
6.70407146157086
6.71650108100097
6.72822273716313
6.73923643005735
6.75054215968361
6.76213992604192
6.77402972913229
6.7862115689547
6.79768544550917
6.81045135879569
6.82250930881426
6.83385929556488
6.84650131904755
6.85743537926227
6.86866147620904
6.88017960988787
6.89098978029874
6.90209198744167
6.91348623131664
6.92417251192367
6.93515082926275
6.94742118333388
6.95898357413706
6.96983800167229
6.97998446593958
6.99042296693891
7.0001535046703
7.01117607913373
7.02149069032922
7.03209733825676
7.04199602291635
7.05218674430799
7.06266950243168
7.07244429728742
7.08351112887522
7.09386999719506
7.10452090224696
7.1144638440309
7.1246988225469
7.13522583779495
7.14604488977505
7.1571559784872
7.1685591039314
7.17925426610766
7.19024146501596
7.20052070065631
7.21109197302872
7.22195528213318
7.23311062796969
7.24455801053825
7.25529742983886
7.26632888587152
7.27765237863623
7.28826790813299
7.29917547436181
7.31037507732267
7.32086671701559
7.33165039344056
7.34272610659758
7.35409385648665
7.36575364310777
7.37870546646094
7.39094932654616
7.40148522336343
7.41331315691276
7.42543312719413
7.43784513420756
7.44954917795304
7.46154525843057
7.47283337564015
7.48441352958178
7.49628572025546
7.50844994766119
7.51990621179897
7.53165451266881
7.5436948502707
7.55602722460463
7.56765163567062
7.58056808346866
7.59177656799875
7.60427708926089
7.61706964725508
7.62915424198133
7.64053087343962
7.65119954162996
7.66216024655236
7.67341298820681
7.68395776659331
7.69479458171186
7.70592343356246
7.71634432214511
7.72705724745981
7.73806220950657
7.74835920828537
7.75894824379623
7.76982931603913
7.78100242501409
7.7914675707211
7.80222475316016
7.81227397233127
7.82261522823443
7.83324852086965
7.84317385023691
7.85439121633623
7.86490061916759
7.87570205873101
7.88579553502648
7.896181048054
7.90585859781357
7.91682818430519
7.92708980752886
7.93764346748458
7.94748916417236
7.95762689759218
7.96705666774406
7.97677847462799
7.98579231824397
7.996098198592
8.00669611567208
8.01658606948421
8.02576806002839
8.03524208730462
8.04500815131291
8.05506625205324
8.06441638952563
8.07405856373007
8.08399277466656
8.0932190223351
8.10273730673569
8.11254762786833
8.12264998573302
8.13204438032976
8.14073081165856
8.1507092797194
8.1599797845123
8.16954232603725
8.17839690429425
8.1875435192833
8.1969821710044
8.20671285945755
8.21573558464275
8.22505034656001
8.23365714520931
8.24255598059067
8.25174685270408
8.26022976154953
8.26800470712704
8.2760716894366
8.28443070847822
8.29208176425188
8.30002485675759
8.30825998599536
8.31578715196517
8.32360635466704
8.33271759410096
8.34112087026693
8.34881618316495
8.35680353279502
8.36508291915714
8.37365434225131
8.38251780207754
8.39067329863581
8.39912083192614
8.40786040194851
8.41689200870294
8.42621565218942
8.43483133240795
8.44373904935853
8.45293880304116
8.46243059345585
8.47121442060258
8.48029028448136
8.4896581850922
8.49931812243509
8.50827009651003
8.51751410731702
8.52605015485606
8.53587823912715
8.54599836013029
8.55541051786548
8.56511471233273
8.57411094353203
8.58439921146337
8.59497951612677
8.60485185752222
8.61401623564972
8.62447265050927
8.63422110210087
8.64426159042452
8.65459411548023
8.66521867726798
8.67613527578779
8.68634391103964
8.69684458302355
8.70763729173951
8.71872203718752
8.73009881936758
8.7407676382797
8.75172849392386
8.76298138630007
8.77452631540834
8.78636328124865
8.79849228382102
8.81091332312544
8.82162639916191
8.83263151193043
8.844928661431
8.85651784766362
8.8673990706283
8.87857233032502
8.8900376267538
8.90179495991462
8.9128443298075
8.92418573643243
8.93581917978941
8.94774465987844
8.95996217669952
8.97247173025266
8.98427332053784
8.99636694755508
9.00775261130436
9.0204303117857
9.03340004899909
9.04566182294453
9.05721563362202
9.06906148103156
9.08119936517315
9.09362928604679
9.10635124365249
9.11836523799023
9.13067126906003
9.14326933686188
9.15515944139577
9.16734158266172
9.17981576065973
9.19158197538978
9.20364022685188
9.21599051504603
9.22863283997224
9.24056720163049
9.2527936000208
9.26531203514316
9.27912250699757
9.29222501558403
9.30461956090254
9.3173061429531
9.32928476173571
9.34155541725038
9.35411810949709
9.36797283847586
9.38011960418667
9.39455840662954
9.40728924580446
9.42131212171143
9.43462703435045
9.44823398372153
9.46313296982465
9.47832399265982
9.49280705222705
9.50758214852632
9.52264928155765
9.53800845132103
9.55565965781646
9.57160290104394
9.58783818100347
9.60336549769505
9.61918485111869
9.63529624127437
9.65169966816211
9.66739513178189
9.68338263213373
9.69966216921762
9.71523374303356
9.73109735358155
9.74625300086159
9.76170068487369
9.77744040561783
9.79347216309402
9.80979595730227
9.82741178824257
9.84331965591492
9.86051956031931
9.87901150145576
9.89579547932427
9.91187149392482
9.92923954525742
9.94589963332207
9.96185175811878
9.97909591964754
9.99563211790834
10.0114603529012
10.0275806246261
10.0449929330831
10.0616972782721
10.0786936601931
10.0959820788463
10.1125625342314
10.1284350263486
10.1455995551979
10.1610561207792
10.1768047230926
10.192845362138
10.2111780379155
10.227802750425
10.2437194996666
10.2599282856402
10.2764291083459
10.2922219677836
10.3083068639534
10.3236837968552
10.3393527664891
10.355313772855
10.371566815953
10.388111895783
10.4049490123451
10.4210781656392
10.4364993556654
10.4532125824237
10.470217845914
10.4875151461363
10.5051044830907
10.5219858567771
10.5381592671956
10.5546247143462
10.5713821982288
10.5884317188434
10.6047732761901
10.6224068702688
10.6393325010796
10.6565501686225
10.6730598728974
10.6898616139043
10.7069553916433
10.7233412061144
10.7400190573175
10.7569889452526
10.7752508699199
10.7918048313191
10.8086508294504
10.8247888643138
10.8412189359092
10.8599410442366
10.8769551892962
10.8942613710877
10.9118595896113
10.929749844867
10.9479321368547
10.9654064655745
10.9821728310263
10.9992312332102
11.0165816721261
11.0342241477741
11.0501586601541
11.0663852092662
11.0819037951103
11.0977144176865
11.1138170769947
11.130211773035
11.1458985058073
11.1618772753117
11.1791480815481
11.1977109245166
11.2145658042171
11.2297127206497
11.2471516738143
11.264882663711
11.2819056903398
11.2992207537005
11.3158278537934
11.3337269906183
11.3509181641752
11.3694013744642
11.3871766214853
11.4042439052384
11.4226032257235
11.4392545829407
11.4561979768899
11.4724334075712
11.4889608749846
11.50478037913
11.5208919200074
11.5392954976169
11.5569911119585
11.5709787630321
11.5862584508378
11.6018301753755
11.6166939366452
11.630849734647
11.6462975693809
11.6610374408468
11.6760693490448
11.6913932939748
11.7060092756368
11.720917294031
11.7351173491571
11.7486094410153
11.7613935696056
11.7754697349279
11.7898379369823
11.8054981757687
11.8204504512872
11.8376947635377
11.8522311125203
11.8650594982349
11.8791799206816
11.8935923798603
11.9072968757711
11.9212934084139
11.9335819777888
11.9471625838957
11.9600352267347
11.9721999063057
11.9836566226088
11.994405375644
12.0054461654112
12.0177789919104
12.0294038551417
12.041320755105
12.0525296918004
12.0640306652279
12.0748236753873
12.0869087222789
12.0972858059025
12.1069549262581
12.1169160833458
12.1271692771656
12.1377145077174
12.1475517750012
12.1566810790171
12.1661024197651
12.1758157972451
12.1848212114571
12.1941186624012
12.2037081500774
12.2135896744856
12.2227632356259
12.2322288334982
12.2419864681025
12.2510361394389
12.2603778475074
12.2700115923079
12.2799373738405
12.2911551921051
12.3006650471018
12.3104669388305
12.3195608672912
12.3289468324841
12.3386248344089
12.3485948730659
12.3568569484548
12.3664110605759
12.3752572094289
12.3833953950141
12.3918256173312
12.3995478763805
12.4075621721617
12.4158685046751
12.4234668739205
12.4313572798979
12.4395397226074
12.4470142020489
12.4557807182225
12.4638392711281
12.4721898607658
12.4798324871356
12.4887671502373
12.4969938500712
12.5055125866371
12.514323359935
12.523426169965
12.5318210167271
12.5405079002211
12.5484868204473
12.5567577774055
12.5653207710957
12.574175801518
12.5823228686724
12.5907619725588
12.5994931131772
12.6075162905277
12.6158315046103
12.6244387554249
12.6323380429716
12.6405293672503
12.649012728261
12.6577881260038
12.6658555604787
12.6732150316856
12.6818665396246
12.6898100842956
12.6970456656987
12.7055732838338
12.7143929387009
12.7225046303002
12.7299083586314
12.7376041236948
12.7455919254901
12.7538717640175
12.761443639277
12.7693075512685
12.7784634999921
12.7869114854477
12.7956515076354
12.8036835665552
12.8130076622069
12.8216237945908
12.8295319637066
12.8387321695546
12.8472244121346
12.8550086914466
12.8640850074907
12.8724533602668
12.881113749775
12.8900661760152
12.8983106389875
12.9068471386919
12.9156756751283
12.9237962482967
12.9322088581972
12.9409135048297
12.9499101881943
12.958198908291
12.9667796651197
12.9746524586804
12.9828172889732
12.9912741559981
13.000023059755
13.0090640002439
13.0173969774649
13.026021991418
13.0349390421031
13.0431481295203
13.0516492536695
13.0604424145507
13.068527612164
13.0769048465094
13.0855741175868
13.0945354253963
13.1027887699378
13.1113341512114
13.120171569217
13.1293010239547
13.1377225154244
13.1464360436261
13.15444160856
13.1627392102258
13.1713288486238
13.1802105237537
13.1893842356158
13.1988499842098
13.208607769536
13.2176575915941
13.2269994503844
13.2366333459067
13.245559278161
13.2547772471474
13.2642872528658
13.2740892953163
13.2831833744988
13.2935694904134
13.30224764306
13.3112178324387
13.3214800585495
13.3320343213923
13.3408806209671
13.350018957274
13.3594493303129
13.3691717400839
13.379186186587
13.3884926698221
13.3990911897892
13.4099817464884
13.4201643399197
13.430638970083
13.4414056369783
13.4524643406057
13.4638150809652
13.4754578580567
13.4863926718802
13.4976195224359
13.5101384097235
13.5239493337432
13.538052294495
13.5504472919788
13.5631343261947
13.5761133971426
13.5883845048225
13.6009476492346
13.6138028303786
13.6269500482547
13.6393893028629
13.6521205942031
13.6661439222754
13.6794592870797
13.6920666886161
13.7039661268845
13.717157601885
13.7296411136175
13.7424166620821
13.7554842472787
13.7678438692074
13.7824955278681
13.7964392232609
13.8086749553857
13.8212027242426
13.8330225298316
13.8441343721525
13.8555382512056
13.8672341669907
13.8802221195078
13.891502108757
13.9040741347382
13.9169381974515
13.9290942968969
13.9415424330743
13.9542826059837
13.9663148156252
13.9786390619987
13.9922553451043
14.006163664942
14.0193640215117
14.0348564148134
14.0476408448472
14.0597173116131
14.072085815111
14.084746355341
14.098698932303
14.111943545997
14.1244801964231
14.1383088835813
14.1524296074715
14.1658423680938
14.1795471654481
14.1935439995344
14.2058328703528
14.2194137779033
14.2322867221858
14.2454517032004
14.258908720947
14.2716577754257
14.2846988666364
14.2990319945792
14.311657159254
14.3225743606609
14.3347835987998
14.3472848736708
14.3590781852738
14.3721635336089
14.384540918676
14.3972103404752
14.4091717990064
14.4224252942697
14.435970826265
14.4498083949924
14.4639380004519
14.4773596426433
14.4910733215669
14.5050790372225
14.5203767896101
14.5349665787298
14.5508484045815
14.5680222671653
14.5804881664812
14.5952461025291
14.610296075309
14.625638084821
14.640272131065
14.6561982140411
14.6724163337493
14.6879264901895
14.7027286833617
14.7178229132661
14.7332091799024
14.7478874832708
14.7638578233713
14.7791202002038
14.7946746137683
14.8095210640649
14.8236595510936
14.8390900748543
14.8538126353471
14.8698272325719
14.8851338665287
14.8997325372177
14.9136232446386
14.9288059887916
14.9432807696767
14.9580475872938
14.972106441643
14.9864573327242
15.0011002605375
15.0150352250828
15.0292622263602
15.0447812643696
15.0595923391111
15.0746954505846
15.0900905987902
15.1047777837278
15.1197570053975
15.1350282637992
15.149591558933
15.1654468907989
15.1805942593967
15.1950336647267
15.2097651067887
15.2247885855827
15.2401041011088
15.2557116533669
15.2716112423571
15.2868028680794
15.3022865305337
15.31706222972
15.3321299656384
15.3474897382888
15.3611415476713
15.3750853937859
15.3903212766325
15.4058491962111
15.4216691525218
15.4357811455646
15.4501851753394
15.4668812418462
15.4818693450851
15.4961494850561
15.5097216617591
15.5235858751942
15.5377421253613
15.5511904122604
15.5639307358917
15.5769630962549
15.5892874933502
15.6019039271776
15.614812397737
15.6280129050285
15.640505449052
15.6542900298076
15.6683666472952
15.6817353015149
15.6943959924666
15.7073487201503
15.7195934845662
15.732130285714
15.743959123594
15.7560799982059
15.76849290955
15.7811978576261
15.7931948424342
15.8064838639744
15.8190649222466
15.8309380172509
15.8441031489872
15.8565603174556
15.869309522656
15.8813507645885
15.8926840432531
15.9053093586496
15.9172267107783
15.929436099639
15.9409375252317
15.9527309875565
15.9638164866134
15.9761940224023
15.9888635949232
15.9998252041762
16.0110788501612
16.0226245328783
16.0344622523275
16.0455920085087
16.057013801422
16.0687276310673
16.0797334974446
16.090031400554
16.1006213403955
16.110503316969
16.1206773302745
16.1311433803121
16.1419014670818
16.1519515905835
16.1612937508173
16.1709279477831
16.180854181481
16.1900724519109
16.2005827590729
16.2103851029669
16.2204794835929
16.2308659009511
16.2415443550412
16.2505148458635
16.2607773734177
16.2713319377041
16.2821785387224
16.2933171764729
16.3037478509553
16.3144705621699
16.3254853101164
16.3357920947951
16.3463909162058
16.3572817743485
16.3684646692233
16.3789396008301
16.388706569169
16.3987655742399
16.4111166160429
16.422759694578
16.433694809845
16.4439219618442
16.4554411505754
16.4662523760386
16.4773556382339
16.4887509371613
16.5004382728207
16.5124176452121
16.5246890543356
16.5362525001912
16.5481079827787
16.5602555020984
16.5726950581501
16.5844266509339
16.5964502804497
16.6077659466975
16.6203736496774
16.6332733893894
16.6454651658334
16.6579489790095
16.6697248289176
16.6817927155577
16.6941526389299
16.7058045990342
16.7167485958705
16.7289846294389
16.7405126997393
16.7523328067718
16.7644449505363
16.7758491310329
16.7875453482615
16.7995336022222
16.8118138929149
16.8243862203396
16.8362505844965
16.8484069853853
16.8598554230063
16.8715958973593
16.8846284084443
16.8959529562614
16.9075695408105
16.9194781620917
16.9316788201049
16.9431715148502
16.9549562463275
16.9670330145369
16.9794018194784
16.9910626611518
17.0030155395574
17.015260454695
17.0267974065646
17.0376263951663
17.0487474205001
17.0611604825658
17.0728655813637
17.0848627168936
17.0971518891555
17.1097330981495
17.1226063438756
17.1347716263337
17.1462289455238
17.157978301446
17.1700196941003
17.1813531234866
17.193978589605
17.2048960924554
17.2171056320378
17.2296072083523
17.2414008213989
17.2544864711775
17.2668641576882
17.2785338809309
17.2904956409056
17.3037494376125
17.3152952710513
17.3281331412222
17.3412630481252
17.3536849917602
17.3693989721273
17.3834049892264
17.3967030430576
17.4102931336208
17.4241752609161
17.4383494249434
17.4528156257028
17.4665738631942
17.4806241374177
17.4949664483732
17.5096007960608
17.5225271804804
17.5377456016321
17.5522560595159
17.5650585541316
17.5781530854795
17.5915396535594
17.6062182583713
17.6191888999153
17.6344515781913
17.6500062931994
17.6648530449396
17.6789918334118
17.693422658616
17.7081455205523
17.7211604192206
17.735467354621
17.7500663267535
17.764957335618
17.7801403812145
17.7946154635431
17.8083825826038
17.8224417383965
17.8377929309213
17.8514361601781
17.8653714261669
17.8795987288878
17.8931180683408
17.9069294445258
17.9220328574429
17.937428307092
17.9531157934731
17.9680953165863
17.9823668764316
17.9969304730089
18.0117861063183
18.0259337763597
18.0403734831332
18.0551052266387
18.0691290068763
18.0834448238459
18.0980526775476
18.1119525679813
18.1251444951471
18.1386284590449
18.1534044596748
18.1664724970367
18.1798325711307
18.1934846819567
18.2084288295148
18.2236650138049
18.2381932348271
18.2520134925813
18.2651257870676
18.279530118286
18.2932264862363
18.3082148909188
18.3214953323333
18.3350678104798
18.3499323253584
18.3640888769691
18.3785374653117
18.3932780903865
18.4073107521933
18.4216354507321
18.436252186003
18.450160958006
18.464361766741
18.479854612208
18.4946394944071
18.5087164133383
18.5230853690015
18.5367463613967
18.5516993905241
18.5669444563834
18.5814815589748
18.5973106982983
18.6134318743538
18.6288450871414
18.643550336661
18.6595476229126
18.6748369458963
18.6904183056121
18.7052917020599
18.7204571352398
18.7359146051517
18.7516641117957
18.7667056551717
18.7820392352798
18.7996648521199
18.8145825056921
18.8297921959963
18.8452939230326
18.8610876868009
18.8761734873013
18.8915513245337
18.9072211984982
18.9221831091947
18.9374370566233
18.9519830407839
18.9668210616766
18.9809511193014
18.9943732136582
19.008087344747
19.0230935125679
19.0383917171208
19.0519819584058
19.0678642364228
19.0820385511719
19.0995049026531
19.1122632908663
19.1263137158115
19.1416561774888
19.1572906758982
19.1712172110396
19.186435782913
19.2019463915185
19.2167490368561
19.2328437189257
19.2482304377273
19.263909193261
19.2798799855268
19.2951428145246
19.3106976802544
19.3265445827164
19.3426835219103
19.3581144978363
19.3758375104944
19.3928525598845
19.4131596460067
19.4277587688609
19.4426499284472
19.4578331247655
19.4733083578158
19.4880756275983
19.5031349341127
19.5174862773593
19.5311296573378
19.5460650740484
19.5602925274911
19.5738120176659
19.5866235445726
19.5987271082115
19.6121227085823
19.6248103456853
19.6367900195202
19.6490617300873
19.6606254773864
19.6724812614175
19.6876290821807
19.6990689396759
19.7098008339032
19.7218247648625
19.7331407325539
19.7447487369774
19.7556487781329
19.7668408560204
19.77832497064
19.7891011219916
19.8001693100753
19.8115295348911
19.8221817964389
19.8331260947187
19.8443624297306
19.8558908014746
19.8667112099506
19.8778236551586
19.8892281370987
19.8999246557709
19.9129132111751
19.9231938033114
19.9337664321797
19.94463109778
19.9547878001124
19.9662365391769
19.9769773149734
19.987010127502
19.9973349767626
20.0079518627552
20.01886078548
20.0290617449367
20.0395547411256
20.0483397740464
20.0574168436993
20.0667859500843
20.0754470932013
20.0854002730504
20.0946454896315
20.1031827429447
20.1130120329899
20.1211333597672
20.1295467232765
20.1382521235179
20.1462495604914
20.1545390341968
20.1631205446344
20.1719940918039
20.1801596757056
20.1886172963393
20.196366953705
20.2044086478028
20.2127423786326
20.2213681461945
20.2292859504885
20.2374957915145
20.2459976692725
20.2537915837626
20.2618775349847
20.2702555229389
20.2789255476252
20.2868876090435
20.2941417071938
20.3026878420762
20.3105260136907
20.3176562220372
20.3250784671157
20.3327927489263
20.340799067469
20.3480974227437
20.3556878147505
20.3635702434893
20.3717447089601
20.379211211163
20.386969750098
20.395020325765
20.4033629381641
20.4119975872952
20.4199242731584
20.4281429957536
20.4376537550808
20.4454565511402
20.4525513839315
20.4599382534549
20.4676171597104
20.4745881026979
20.4818510824175
20.4884060988691
20.4952531520528
20.5023922419685
20.5098233686163
20.5165465319961
20.523561732108
20.530868968952
20.5374682425279
20.543359552836
20.5495428998761
20.5560182836482
20.5627857041524
20.5698451613886
20.5771966553569
20.5848401860572
20.5917757534896
20.5990033576541
20.6065229985506
20.6143346761791
20.6224383905397
20.6298341416324
20.6375219294571
20.6445017540138
20.6517736153026
20.6593375133234
20.6671934480763
20.6743414195613
20.6817814277783
20.6895134727274
20.6965375544085
20.7038536728216
20.7114618279668
20.7193620198441
20.7265542484534
20.7340385137948
20.7418148158682
20.7488831546736
20.7562435302111
20.7638959424807
20.7708403914823
20.778076877216
20.7856053996817
20.7934259588795
20.8005385548093
20.8079431874712
20.8156398568651
20.8236285629911
20.8309093058491
20.8384820854391
20.8463469017613
20.8545037548155
20.8619526446017
20.86969357112
20.8787265343703
20.8870515343527
20.8946685710671
20.9025776445136
20.9117787546921
20.9192719016027
20.9280570852453
20.93613430562
20.9445035627268
20.9521648565656
20.9601181871364
20.9683635544393
20.9759009584742
20.9837303992412
20.9918518767403
20.9992653909714
21.0069709419345
21.0159685296297
21.024258154057
21.0328398152163
21.0417135131076
21.049879247731
21.0573370190865
21.066086827174
21.0741286719935
21.0824625535451
21.0910884718288
21.1000064268445
21.1082164185922
21.1177184470721
21.1265125122839
21.1355986142278
21.1439767529038
21.1526469283118
21.1616091404519
21.170863389324
21.1794096749282
21.1882479972644
21.1973783563326
21.206800752133
21.2155151846653
21.2245216539298
21.2338201599262
21.2434107026548
21.2532932821153
21.262467898308
21.2719345512326
21.2816932408894
21.2907439672781
21.300086730399
21.3097215302519
21.3196483668368
21.3288672401538
21.3383781502028
21.3481810969839
21.358276080497
21.3686631007422
21.3783421577194
21.3883132514287
21.3975763818701
21.4081315490435
21.4179787529489
21.4271179935864
21.437549270956
21.4472725850576
21.4572879358912
21.4675953234569
21.4781947477546
21.4880862087844
21.4982697065463
21.5087452410402
21.5195128122662
21.5305724202242
21.5419240649142
21.5525677463363
21.5635034644905
21.5757312193767
21.5882510109949
21.6000628393453
21.6131667044276
21.627562606242
21.6402505447885
21.653230520067
21.6665025320776
21.6790665808202
21.6919226662949
21.7040707885016
21.7165109474403
21.7292431431112
21.741267375514
21.753583644649
21.7661919505159
21.779092293115
21.791284672446
21.8037690885092
21.8155455413043
21.8286140308316
21.8409745570909
21.8526271200822
21.8655717198056
21.878808356261
21.8923370294485
21.904157739368
21.9162704860196
21.9286752694032
21.9403720895189
21.9523609463667
21.9636418399465
21.9752147702583
21.9880797373022
22.0002367410781
22.0126857815861
22.0254268588262
22.0384599727983
22.0507851235024
22.0634023109386
22.0743115351069
22.0865127960072
22.0980060936395
22.1107914280039
22.1238687991004
22.1352382069289
22.1488996514894
22.160853132782
22.1730986508067
22.1856362055634
22.1974657970522
22.209587425273
22.2220010902258
22.2337067919108
22.2457045303277
22.2579943054767
22.2705761173578
22.2834499659709
22.2956158513161
22.3080737733933
22.3208237322026
22.3328657277439
22.3441997600173
22.3548258290227
22.3667439347602
22.3779540772297
22.3894562564313
22.4002504723649
22.4113367250306
22.4237150144283
22.4363853405581
22.4473477034199
22.4586021030138
22.4711485393397
22.4829870123977
22.4951175221878
22.5075400687099
22.519254651964
22.5312612719502
22.5435599286684
22.5561506221187
22.5690333523011
22.5822081192154
22.5956749228619
22.6104337632404
22.6234846403509
22.6368275541935
22.6504625047682
22.6643894920749
22.6776085161136
22.6931195768844
22.7079226743873
22.7210178086222
22.7364049795891
22.7500841872881
22.7650554317192
22.7793187128823
22.7928740307775
22.8057213854047
22.8178607767639
22.8302922048552
22.8420156696786
22.854031171234
22.8673387095215
22.881938284541
22.8928298962926
22.9050135447762
22.9164892299918
22.9282569519396
22.9393167106193
22.9516685060312
22.964312338175
22.976248207051
22.9874761126589
22.999996054999
23.011808034071
23.0229120498752
23.0343081024113
23.0469961916796
23.0599763176799
23.0722484804122
23.0848126798766
23.095668916073
23.1078171890015
23.119257498662
23.1299898450546
23.1410142281793
23.1523306480359
23.1639391046247
23.1758395979455
23.1880321279983
23.1995166947832
23.2122932983002
23.2233619385492
23.2357226155302
23.2473753292433
23.2583200796884
23.2695568668656
23.2810856907749
23.2919065514162
23.3030194487896
23.314424382895
23.3251213537324
23.3371103613019
23.3493914056035
23.3599644866371
23.3708296044028
23.3809867589005
23.3914359501302
23.402177178092
23.4132104427859
23.4245357442118
23.4351530823698
23.4450624572598
23.4552638688819
23.465757317236
23.4765428023222
23.4866203241404
23.4969898826906
23.507651477973
23.5186051099873
23.5298507787338
23.5403884842122
23.5502182264228
23.5603400053654
23.56975382104
23.5794596734467
23.5894575625854
23.5987474884562
23.609329451059
23.6192034503939
23.6283694864608
23.6378275592598
23.6475776687909
23.6576198150539
23.6669539980491
23.6765802177763
23.6864984742355
23.6957087674268
23.7052110973502
23.7150054640055
23.725091867393
23.7354703075125
23.745140784364
23.7541032979476
23.7633578482633
23.772904435311
23.7817430590907
23.7908737196025
23.8002964168464
23.8100111508223
23.8190179215303
23.8283167289703
23.8369075731423
23.8467904540464
23.8559653716826
23.8654323260508
23.8741913171511
23.8832423449834
23.8925854095477
23.9022205108442
23.9111476488726
23.9203668236331
23.9298780351257
23.9396812833503
23.948776568307
23.9581638899957
23.9668432484165
23.9758146435693
23.9840780754542
23.9926335440711
24.0014810494201
24.0096205915011
24.0180521703142
24.0267757858593
24.0357914381365
24.0440991271457
24.052698852887
24.0605906153604
24.0687744145657
24.0772502505032
24.0850181231727
24.0930780325742
24.1014299787078
24.1100739615734
24.1190099811711
24.1272380375009
24.1347581305627
24.1425702603565
24.1506744268824
24.1580706301403
24.1657588701303
24.1727391468524
24.1800114603065
24.1865758104926
24.1924321974108
24.1995806210611
24.2060210814434
24.2127535785578
24.2187781124042
24.2250946829826
24.2307032902931
24.2366039343357
24.2427966151103
24.248281332617
24.2550580868557
24.2611268778264
24.2674877055292
24.2731405699641
24.279085471131
24.28532240903
24.290851383661
24.2966723950241
24.3027854431192
24.3091905279464
24.3148876495056
24.3208768077969
24.3271580028202
24.3327312345756
24.338596503063
24.3447538082825
24.351203150234
24.3569445289176
24.3639779443332
24.3703033964809
24.3779208853606
24.3848304109724
24.3920319733162
24.3985255723921
24.4053112082001
24.41238888074
24.4197585900121
24.4264203360162
24.4333741187523
24.4406199382205
24.4481577944207
24.455987687353
24.4631096170174
24.4705235834138
24.4782295865422
24.4852276264027
24.4925177029953
24.5000998163199
24.5069739663765
24.5141401531652
24.522598376686
24.5303486369388
24.5373909339236
24.5447252676405
24.5523516380895
24.5602700452705
24.5684804891836
24.5769829698287
24.5847774872058
24.5928640413151
24.6012426321563
24.6099132597296
24.617875924035
24.6261306250724
24.6346773628419
24.6425161373434
24.650646948577
24.6590697965426
24.6667846812403
24.67479160267
24.6840905608318
24.6926815557256
24.7005645873515
24.7087396557094
24.7172067607994
24.7259659026214
24.7350170811755
24.7433602964616
24.7519955484798
24.76092283723
24.7691421627123
24.7776535249266
24.785456923873
24.7945523595515
24.802939831962
24.8116193411045
24.8195908869791
24.8278544695857
24.8364100889244
24.8452577449952
24.854397437798
24.8638291673328
24.8725529335997
24.8815687365986
24.8908765763296
24.8994764527927
24.9083683659878
24.9175523159149
24.9270283025742
24.9357963259654
24.9448563860887
24.9542084829441
24.9628526165315
24.9717887868509
24.9800169939024
24.988537237686
24.9973495182016
25.0064538354493
25.014850189429
25.0245385801407
25.0335190075846
25.0427914717604
25.0513559726683
25.0602125103083
25.0693610846803
25.0778016957844
25.0865343436205
25.0955590281887
25.1038757494889
25.1134845075212
25.1223853022855
25.1315781337819
25.1400630020103
25.1488399069708
25.1579088486633
25.1672698270879
25.1759228422445
25.1848678941332
25.194104982754
25.2046341081068
25.2144552701916
25.2245684690085
25.2339737045574
25.2436709768384
25.2536602858514
25.2629416315965
25.2725150140737
25.2813804332829
25.2905378892241
25.2999873818974
25.3087289113028
25.3177624774402
25.3270880803096
25.3367057199111
25.3466153962447
25.3558171093103
25.3653108591079
25.3750966456376
25.3851744688994
25.3955443288932
25.406206225619
25.4171601590769
25.4274061292669
25.4379441361889
25.448774179843
25.4588962602291
25.4703103773472
25.4810165311975
25.4920147217797
25.503304949094
25.5138872131404
25.5247615139188
25.5359278514293
25.5473862256718
25.5591366366464
25.571179084353
25.5835135687917
25.5951400899624
25.6070586478652
25.6222692425
25.6347718738669
25.6465665419658
25.6596532467968
25.6720319883598
25.6847027666549
25.697665581682
25.7109204334412
25.7244673219324
25.7363062471557
25.7484372091111
25.7618602077985
25.7745752432179
25.7875823153694
25.7998814242529
25.8134725698685
25.8263557522162
25.8395309712959
25.8519982271076
25.8657575196514
25.8808088489272
25.8951522149351
25.9087876176751
25.9217150571471
25.9349345333511
25.9484460462872
25.9622495959554
25.9763451823556
25.9897328054879
26.0044124653522
26.0183841619485
26.0326478952769
26.0472036653374
26.0610514721299
26.0751913156545
26.0896231959111
26.1053471128997
26.1203630666204
26.1346710570732
26.150271084258
26.1661631481749
26.1813472488238
26.1978233862048
26.2125915603178
26.2276517711629
26.24300401874
26.2586483030492
26.2725846240904
26.2878129818637
26.303333376369
26.3191458076064
26.3332502755758
26.3476467802773
26.3613353217108
26.3753158998764
26.388588514774
26.4031531664037
26.4170098547655
26.4311585798592
26.4465993416851
26.463332140243
26.4793569755329
26.4946738475549
26.5102827563089
26.526183701795
26.5413766840132
26.5568617029634
26.5726387586456
26.5887078510599
26.6040689802063
26.6197221460847
26.6366673486951
26.6529045880376
26.6684338641122
26.6842551769188
26.6993685264574
26.7147739127281
26.7304713357309
26.7464607954657
26.7637422919325
26.7823158251315
26.7991813950624
26.8163390017254
26.8327886451205
26.8495303252476
26.8665640421068
26.882889795698
26.8985075860212
26.9154174130766
26.9336192768639
26.9501131773834
26.9668991146348
26.9839770886183
27.0013470993339
27.0180091467815
27.0349632309612
27.0522093518729
27.0687475095167
27.0855777038925
27.1036999350004
27.1231142028404
27.1388205074123
27.1548188487164
27.1701092267525
27.1866916415206
27.2015660930208
27.216732581253
27.2321911062173
27.2489416679136
27.265984266342
27.2823189015025
27.298945573395
27.3158642820195
27.3330750273761
27.3495778094647
27.3653726282854
27.3814594838382
27.398838376123
27.4165093051398
27.4354722708887
27.4547272733697
27.4712743125827
27.4881133885277
27.5052445012048
27.522667650614
27.5393828367552
27.5563900596284
27.5746893192337
27.5932806155711
27.6111639486405
27.628339318442
27.6448067249755
27.662566168241
27.6786176482387
27.6959611649683
27.71159671843
27.7275243086238
27.7437439355496
27.7592555992075
27.7760592995974
27.7941550367194
27.8075428105734
27.8232226211595
27.8391944684776
27.8544583525278
27.87001427331
27.8858622308243
27.9020022250706
27.917434256049
27.9321583237594
27.9471744282019
27.9614825693764
27.976082747283
27.9909749619217
28.0061592132923
28.0216355013951
28.0364038262299
28.0514641877967
28.0658165860956
28.0824610211265
28.0983974928895
28.1116260013846
28.1251465466117
28.1399591285708
28.155063747262
28.1694604026852
28.1831490948405
28.1961298237279
28.2094025893473
28.2219673916987
28.2348242307822
28.2469731065978
28.2574140191454
28.2701469684251
28.2811719544368
28.2924889771805
28.3050980366563
28.3159991328642
28.3271922658041
28.3396774354761
28.3504546418801
28.3605238850161
28.3708851648842
28.3815384814844
28.3914838348166
28.4017212248809
28.4122506516772
28.4230721152056
28.433185615466
28.4435911524585
28.453288726183
28.4632783366396
28.4735599838282
28.4841336677489
28.4939993884016
28.5041571457864
28.5146069399032
28.5253487707521
28.536382638333
28.547708542646
28.559326483691
28.5692364614681
28.5794384759773
28.5889325272184
28.5977186151917
28.606796739897
28.6161669013343
28.6238290995037
28.6327833344051
28.6420296060386
28.6505679144042
28.6593982595018
28.6675206413314
28.6769350598931
28.6856415151869
28.6946400072127
28.7029305359705
28.7115131014604
28.7203877036824
28.7305543426364
28.7400130183224
28.7487637307405
28.7578064798907
28.7661412657729
28.7757680883871
28.7846869477335
28.7938978438118
28.8024007766222
28.8111957461647
28.8202827524392
28.8286617954458
28.8373328751844
28.8462959916551
28.8555511448578
28.8640983347925
28.8729375614594
28.8820688248582
28.8904921249891
28.8992074618521
28.9082148354471
28.9175142457742
28.9251056928333
28.9339891766245
28.9421646971477
28.950632254403
28.9593918483904
28.9684434791097
28.9767871465612
28.9854228507446
28.9943505916602
29.0035703693078
29.0120821836874
29.0208860347991
29.0289819226428
29.0373698472186
29.0460498085265
29.0550218065663
29.0642858413383
29.0728419128423
29.0816900210783
29.0908301660464
29.0992623477466
29.1079865661788
29.117002821343
29.1253111132393
29.1349114418677
29.1438038072281
29.1519882093205
29.160464648145
29.1692331237016
29.1782936359902
29.1876461850108
29.1962907707635
29.2052273932483
29.2144560524651
29.222976748414
29.2327894810949
29.2408942505078
29.2502910566529
29.2599798995299
29.269960779139
29.2792336954802
29.2887986485534
29.2976556383587
29.306804664896
29.3152457281654
29.3239788281668
29.3340039649003
29.3433211383658
29.3519303485634
29.360831595493
29.3700248791547
29.3795101995484
29.3882875566742
29.397356950532
29.4077183811219
29.4173718484438
29.4273173524978
29.4365548932839
29.4460844708019
29.4559060850521
29.4650197360343
29.4744254237485
29.4831231481948
29.4931129093731
29.5023947072835
29.510968541926
29.5198344133005
29.528992321407
29.5384422662456
29.5471842478163
29.556218266119
29.5655443211537
29.5741624129205
29.5840725414194
29.5942747066503
29.6037689086132
29.6145551473082
29.6246334227353
29.6350037348944
29.6456660837855
29.6566204694087
29.667866891764
29.6784053508513
29.6902358466707
29.7013583792221
29.7117729485055
29.7244795545211
29.7364781972686
29.7487688767482
29.7613515929599
29.7742263459036
29.7863931355794
29.7978519619872
29.8106028251271
29.823645724999
29.834980661603
29.847607634939
29.8605266450071
29.8747376918072
29.8872407753394
29.9000358956036
29.9111230525999
29.9225022463282
29.9341734767886
29.945136743981
29.9563920479055
29.9679393885621
29.9787787659507
29.9899101800713
30.001333630924
30.0120491185087
30.0230566428255
30.0343562038743
30.0459478016552
30.0568314361682
30.0680071074132
30.0794748153902
30.0902345600993
30.1032863415405
30.1156301597137
30.1272660146189
30.1381939062562
30.1504138346256
30.161925799727
30.1727298015604
30.1838258401259
30.1942139154235
30.2058940274531
30.2168661762148
30.2281303617085
30.2386865839342
30.249534842892
30.2596751385819
30.2711074710038
30.2818318401578
30.2928482460438
30.3031566886619
30.313757168012
30.3246496840941
30.3358342369084
30.3463108264546
30.3570794527329
30.3681401157433
30.3784928154857
30.3891375519602
30.4000743251667
30.4113031351053
30.4218239817759
30.4326368651786
30.4427417853134
30.4531387421801
30.463827735779
30.4748087661098
30.4840818331728
30.4946469369678
30.5045040774948
30.5146532547539
30.525094468745
30.5358277194682
30.5458530069235
30.5551703311107
30.5647796920301
30.5746810896815
30.5838745240649
30.5943599951804
30.604137503028
30.6142070476076
30.6235686289192
30.6342222469629
30.6451679017387
30.6564055932465
30.6659353214863
30.6757570864582
30.6858708881622
30.6962767265982
30.7069746017662
30.7189645136663
30.7312464622985
30.7448204476627
30.756686469759
30.7688445285873
30.7812946241476
30.7940367564401
30.8070709254645
30.820397131221
30.8330153737096
30.8459256529302
30.8591279688829
30.8726223215676
30.8864087109844
30.8994871371332
30.9118576000141
30.924520099627
30.936474635972
30.947721209049
30.9602598188581
30.9730904653992
30.9862131486724
30.9996278686776
31.0113346254149
31.0223334188842
31.0346242490856
31.0462071160191
31.0570820196845
31.0682489600821
31.0787079372117
31.0904589510733
31.101502001667
31.1128370889927
31.1244642130505
31.1353833738404
31.1455945713623
31.1570978056162
31.1678930766022
31.1789803843202
31.1903597287703
31.2020311099525
31.2129945278667
31.2252499825129
31.2357974738912
31.2466370020016
31.256768566844
31.2681921684185
31.278907806725
31.2899154817635
31.3022151935341
31.3138069420368
31.3246907272715
31.3358665492383
31.3473344079371
31.3580943033679
31.3691462355308
31.3804902044258
31.3911262100528
31.4020542524119
31.413274331503
31.4247864473262
31.4365905998814
31.4486867891687
31.460075015188
31.4717552779394
31.4837275774228
31.4949919136383
31.5055482865858
31.5163966962654
31.527537142677
31.5389696258207
31.5496941456964
31.5607107023042
31.571019295644
31.5816199257159
31.5915125925199
31.6016972960558
31.6121740363239
31.622942813324
31.6340036270561
31.6443564775203
31.6550013647165
31.6659382886448
31.6771672493052
31.6876882466976
31.697501280822
31.7076063516785
31.7180034592671
31.7286926035877
31.7396737846403
31.749947002425
31.7605122569418
31.7713695481906
31.7825188761714
31.7929602408843
31.8036936423293
31.8147190805063
31.8250365554153
31.8356460670565
31.8465476154296
31.8567412005348
31.8672268223721
31.8672268223721
31.8672268223721
31.8672268223721
31.8672268223721
31.8672268223721
31.8672268223721
31.8672268223721
31.8672268223721
31.8672268223721
31.8672268223721
31.8672268223721
31.8691575761252
31.8730190836314
31.8788113448906
31.886534359903
31.8961881286685
31.906133934166
31.9153717763956
31.9259016553572
31.9357235710509
31.9458375234766
31.9552435126344
31.9649415385242
31.9749316011461
31.9862137005
31.995787836586
32.005654009404
32.0158122189541
32.0252624652362
32.0350047482504
32.0450390679966
32.0553654244749
32.0649838176852
32.0748942476276
32.084096714302
32.0935912177085
32.1023777578471
32.1114563347176
32.1208269483203
32.130489598655
32.1394442857217
32.1496910095205
32.1592297700514
32.1680605673142
32.1771834013092
32.1865982720362
32.1953051794952
32.2043041236863
32.2135951046095
32.2231781222647
32.2320531766519
32.2412202677712
32.2506793956226
32.259430560206
32.2684737615215
32.277808999569
32.2874362743485
32.2963555858601
32.3045669341038
32.3130703190795
32.3218657407873
32.3299531992271
32.337332694399
32.3450042263029
32.3529677949388
32.3602234003069
32.3677710424069
32.3746107212391
32.3827424368032
32.3901661890994
32.3978819781277
32.404889803888
32.4121896663804
32.4197815656048
32.4276655015613
32.4348414742498
32.4423094836704
32.4500695298231
32.4581216127077
32.4664657323245
32.4741018886732
32.4830300817541
32.492250311567
32.5007625781119
32.5095668813889
32.5186632213979
32.527051598139
32.5357320116122
32.5447044618173
32.5529689487546
32.5625254724239
32.5713740328252
32.5805146299586
32.5899472638241
32.5996719344216
32.6086886417511
32.6179973858127
32.6265981666064
32.6364909841321
32.6456758383898
32.6551527293796
32.6659216571015
32.6759826215554
32.6853356227413
32.6959806606594
32.7059177353094
32.7161468466915
32.7266679948057
32.7374811796519
32.7475864012302
32.7579836595405
32.7686729545828
32.7786542863573
32.7899276548637
32.8004930601022
32.8113505020728
32.8214999807754
32.8329414962101
32.8436750483768
32.8547006372756
32.8660182629064
32.8776279252693
32.8885296243642
32.8997233601912
32.9102091327502
32.9209869420413
32.9320567880645
32.9434186708196
32.9540725903069
32.9650185465262
32.9762565394775
32.9867865691609
32.9976086355763
33.0087227387238
33.0201288786033
33.0318270552149
33.0428172685586
33.0540995186343
33.065673805442
33.0775401289818
33.0896984892536
33.1021488862575
33.1128913199935
33.1249257904615
33.1362522976615
33.1488708415936
33.1607814222578
33.172984039654
33.1854786937823
33.1972653846426
33.2093441122349
33.2217148765593
33.2343776776158
33.2463325154043
33.2585793899248
33.2711183011775
33.2829492491621
33.2950722338788
33.3074872553276
33.3201943135084
33.3331934084213
33.3464845400662
33.3590677084432
33.3709429135522
33.3831101553933
33.3955694339664
33.4083207492715
33.4223641013088
33.435699490078
33.4483269155794
33.4622463778127
33.4764578767782
33.4899614124757
33.5037569849052
33.5178445940668
33.5322242399604
33.5468959225861
33.5618596419438
33.5771153980336
33.5926631908554
33.6085030204093
33.6256348866953
33.6410587897132
33.6567747294633
33.6727827059454
33.6880827191595
33.7036747691057
33.719558855784
33.7347349791943
33.7512031393366
33.766963336211
33.7820155698174
33.7973598401559
33.8129961472265
33.8289244910291
33.8441448715637
33.8596572888304
33.8764617428292
33.89355823356
33.9089467610229
33.9266273252178
33.9425999261447
33.9588645638037
33.9754212381948
33.9912699493179
34.0074106971731
34.0238434817603
34.0405683030795
34.0565851611309
34.0738940559142
34.0914949874296
34.1073879556771
34.1245729606566
34.1420500023682
34.1598190808118
34.1758801959875
34.1932333478952
34.209878536535
34.2278157619068
34.2440450240107
34.2615663228466
34.2783796584146
34.2944850307147
34.3098824397467
34.3255718855109
34.341553368007
34.3568268872353
34.3723924431956
34.3892500358879
34.4053996653123
34.4228413314687
34.4395750343572
34.4566007739778
34.4749185503304
34.492528363415
34.5094302132317
34.5266240997804
34.5441100230612
34.5618879830741
34.578957979819
34.5973200132959
34.6139740835049
34.630920190446
34.6481583341191
34.6656885145242
34.6835107316614
34.7016249855307
34.720031276132
34.7367296034654
34.7537199675308
34.7720023683282
34.7925768058577
34.8104432801193
34.8296017911129
34.8470523388386
34.8657949232963
34.883829544486
34.9021562024079
34.9197748970617
34.9366856284477
34.9568883965656
34.9753832014156
34.9931700429977
35.0112489213118
35.028619836358
35.0472827881362
35.0652377766465
35.0824848018888
35.1000238638632
35.1178549625696
35.1359780980081
35.1543932701787
35.1721004790812
35.1910997247159
35.2083910070825
35.2269743261813
35.2458496820121
35.2640170745749
35.2834765038698
35.3012279698967
35.3222714726557
35.3396070121468
35.3572345883699
35.376154201325
35.3953658510122
35.4148695374314
35.4356652605827
35.4537530204661
35.4731328170815
35.4918046504289
35.5097685205084
35.52902442732
35.5485723708636
35.5664123511392
35.5845443681469
35.6019684218867
35.6196845123585
35.6366926395624
35.6529928034983
35.6695850041662
35.6894692415662
35.7056455156983
35.7211138265624
35.7368741741586
35.7529265584868
35.7682709795471
35.7839074373394
35.7988359318637
35.8140564631202
35.8295690311086
35.8453736358292
35.8604702772817
35.8748589554664
35.889539670383
35.9045124220318
35.9197772104125
35.9343340355254
35.9481828973702
35.9633237959472
35.9787567312561
35.9944817032972
36.0084987120703
36.0218077575754
36.0354088398126
36.0503019587818
36.0644871144831
36.0789643069164
36.0927335360818
36.1067948019793
36.1201481046088
36.1327934439703
36.1447308200639
36.1569602328895
36.1694816824472
36.180295168737
36.1914006917588
36.2017982515126
36.2124878479985
36.2234694812165
36.2337431511665
36.2453088578485
36.2561666012626
36.2653163814088
36.274758198287
36.2844920518972
36.2945179422396
36.3048358693139
36.3144458331203
36.3243478336588
36.3345418709293
36.3440279449319
36.3538060556665
36.3638762031331
36.3742383873319
36.3838926082626
36.3938388659254
36.4030771603203
36.4126074914472
36.4224298593062
36.4315442638972
36.4409507052203
36.4506491832754
36.4596396980626
36.4689222495818
36.4784968378331
36.4873634628164
36.4975221245318
36.5069728229792
36.5167155581587
36.5257503300702
36.5340771387138
36.5426959840895
36.5506068661971
36.5588097850369
36.5663047406087
36.5740917329125
36.5821707619484
36.5895418277163
36.5972049302163
36.6051600694484
36.6124072454125
36.6209464581086
36.6277777075368
36.634900993697
36.6423163165893
36.6500236762137
36.6580230725701
36.6663145056585
36.674897975479
36.6827734820316
36.6909410253162
36.6994006053329
36.7071522220816
36.7151958755623
36.7235315657751
36.73215929272
36.7400790563969
36.7482908568059
36.7567946939469
36.7655905678199
36.774678478425
36.7830584257622
36.7907304098314
36.7986944306327
36.806950488166
36.8144985824314
36.8233387134288
36.8314708811583
36.8398950856198
36.8476113268134
36.856619604739
36.8649199193967
36.8735122707864
36.8813966589082
36.889573083762
36.8970415453479
36.9048020436658
36.9128545787158
36.9211991504978
36.9298357590119
36.938764404258
36.9469850862362
36.9544978049465
36.9633025603888
36.9713993525631
36.9797881814695
36.9884690471079
36.9964419494784
37.004706888581
37.0132638644156
37.0221128769822
37.0302539262809
37.0386870123116
37.0474121350744
37.0554292945693
37.0637384907962
37.0723397237551
37.0812329934462
37.0904182998692
37.0988956430243
37.1086650229115
37.1177264395307
37.1260798928819
37.1347253829652
37.1436629097806
37.151892473328
37.1614140736075
37.170227710619
37.1793333843625
37.1877310948382
37.1964208420458
37.2044026259855
37.2126764466573
37.2222423040611
37.231100198197
37.2402501290649
37.2496920966649
37.2584261009969
37.267452142061
37.2767702198571
37.2863803343853
37.2952824856455
37.3044766736378
37.3139628983621
37.3237411598185
37.3338114580069
37.3421737929274
37.35182816458
37.3607745729645
37.3700130180812
37.3795434999299
37.3893660185106
37.3984805738234
37.4078871658682
37.4175857946451
37.4265764601541
37.4358591623951
37.4454339013681
37.4553006770732
37.4654594895103
37.4759103386795
37.4866532245808
37.4966881472141
37.5060151065794
37.5166341026768
37.5265451355063
37.5367482050678
37.5472433113614
37.558030454387
37.5691096341446
37.5814808506343
37.5931441038561
37.6040993938099
37.6163467204957
37.6288860839137
37.6427174840636
37.6558409209456
37.6682563945597
37.6829639049058
37.694963451984
37.7102550357942
37.7248386563365
37.7387143136108
37.7518820076171
37.7663417383556
37.779093505826
37.7931373100286
37.7931373100286
37.7965442794452
37.8033582182785
37.8135791265285
37.8272070041951
37.8405516965546
37.8536132036068
37.8663915253519
37.8788866617898
37.8910986129206
37.9036273787441
37.9164729592605
37.9296353544697
37.9431145643717
37.9569105889665
37.9709986502934
37.9843787483523
37.9970508831433
38.0110150546664
38.0242712629214
38.0368195079086
38.0506597896278
38.063792108079
38.0782164632623
38.0909328551776
38.103941283825
38.1182417492045
38.132834251316
38.1457187901595
38.1578953657351
38.1703639780427
38.1831246270824
38.1961773128542
38.211522035358
38.2251587945938
38.2380875905617
38.2523084232617
38.2658212926937
38.2796261988578
38.2947231417539
38.309112121382
38.3217931377422
38.3357661908345
38.3490312806588
38.3625884072152
38.3754375705036
38.388578770524
38.4010120072766
38.4137372807611
38.4267545909777
38.4400639379264
38.4526653216071
38.4665587420199
38.4807441991647
38.4932216930416
38.5069912236505
38.5210527909915
38.5344063950645
38.5480520358696
38.5619897134067
38.5762194276759
38.5897411786771
38.6045549664104
38.6186607908757
38.6340586520731
38.6487485500025
38.664730484664
38.6800044560576
38.6955704641831
38.7114285090408
38.7265785906305
38.7420207089522
38.757754864006
38.7747810557918
38.7890992843097
38.8047095495597
38.8206118515417
38.8368061902557
38.8522925657018
38.86807097788
38.8821414267902
38.8975039124324
38.9131584348067
38.9281049939131
38.9433435897515
38.9588742223219
38.9736968916244
38.988811597659
39.0042183404256
39.0189171199242
39.0339079361549
39.0491907891177
39.0647656788125
39.0806326052394
39.0957915683983
39.1112425682892
39.1269856049123
39.1420206782673
39.1573477883544
39.1729669351736
39.1878781187248
39.2030813390081
39.2185765960234
39.2343638897708
39.2494432202502
39.2648145874617
39.2814779914052
39.2974334320808
39.3136809094884
39.3292204236281
39.3450519744998
39.3611755621036
39.3775911864394
39.3942988475073
39.4092985453073
39.4235902798392
39.4391740511033
39.4550498590994
39.4702177038275
39.4856775852877
39.5014295034799
39.5174734584042
39.5338094500606
39.549437478449
39.5643575435694
39.5795696454219
39.5950737840064
39.609869959323
39.6249581713717
39.6393384201524
39.6540107056651
39.6679750279099
39.6822313868868
39.6967797825957
39.7116202150366
39.7267526842097
39.7421771901147
39.7568937327518
39.771902312121
39.7862029282222
39.8007955810554
39.8146802706208
39.8288569969181
39.8433257599475
39.858086559709
39.8721393962025
39.8854842694281
39.8991211793857
39.9130501260754
39.9262711094971
39.9397841296509
39.9535891865367
39.9676862801545
39.9810754105045
39.9957565775864
40.0097297814005
40.0229950219465
40.0365522992247
40.0494016132348
40.0625429639771
40.0759763514514
40.0887017756577
40.1027192365961
40.1160287342665
40.129630268669
40.1425238398035
40.1547094476701
40.1671870922687
40.1779567735994
40.1890184916622
40.200372246457
40.2110180379838
40.2219558662427
40.2331857312336
40.2447076329566
40.2555215714117
40.2666275465988
40.2780255585179
40.2897156071691
40.3016976925524
40.3129718146677
40.325537973515
40.3373961690944
40.3485464014059
40.3599886704494
40.372722976225
40.3847493187326
40.3970676979722
40.4096781139439
40.4225805666477
40.4347750560835
40.4472615822514
40.4600401451513
40.4721107447833
40.4864733811473
40.5001280542434
40.5130747640715
40.5263135106316
40.5398442939239
40.5536671139481
40.5677819707045
40.5831888641928
40.5968877944133
40.6118787613657
40.6261617650503
40.6397368054668
40.6546038826155
40.6687629964961
40.6832141471089
40.6979573344537
40.7119925585305
40.7273198193394
40.7409391168803
40.7558504511533
40.7710538221583
40.7855492298954
40.7993366743646
40.8134161555657
40.827787673499
40.8424512281643
40.8574068195616
40.872654447691
40.8871941125525
40.902025814146
40.9171495524715
40.9315653275291
40.9472731393188
40.9612729878405
40.9755648730942
40.99114879508
41.0060247537979
41.0211927492478
41.0366527814297
41.0514048503437
41.0684489559898
41.0837850983679
41.0984132774781
41.1133334933203
41.1285457458945
41.1440500352008
41.1598463612392
41.1759347240096
41.1913151235121
41.2069875597466
41.2229520327132
41.2382085424118
41.2547570888425
41.2715976720052
41.2887302919
41.3061549485268
41.3218716418857
41.3388803719766
41.3551811387996
41.3737739423546
41.3926587826417
41.4108356596608
41.428304573412
41.4470655238952
41.4651185111105
41.4834635350578
41.5021005957372
41.5200296931486
41.5382508272921
41.5557639981677
41.5735692057753
41.5916664501149
41.6100557311866
41.6287370489903
41.6477104035261
41.665975794794
41.6845332227939
41.7033826875258
41.7225241889898
41.7429577271859
41.761683302114
41.7797009137741
41.7980105621663
41.8166122472906
41.8365059691469
41.8556917277352
41.8751695230556
41.8949393551081
41.9140012238926
41.9343551294091
41.9550010716577
41.9729390506384
41.9911690663511
42.0096911187959
42.0295052079727
42.0486113338816
42.0670094965225
42.0856996958954
42.1036819320005
42.1239562048375
42.1435225144067
42.1623808607078
42.181531243741
42.2009736635063
42.2207081200036
42.241734613233
42.2620531431944
42.2826637098879
42.3025663133135
42.322760953471
42.3432476303607
42.3640263439823
42.3850970943361
42.4054598814219
42.4261147052397
42.4480615657896
42.4693004630715
42.4908313970855
42.5126543678315
42.5357693753096
42.5571764195198
42.577875500462
42.5998666181362
42.6211497725425
42.6427249636808
42.6635921915512
42.6847514561537
42.7062027574882
42.7269460955547
42.7479814703533
42.769308881884
42.7899283301467
42.8118398151414
42.8320433368682
42.8535388953271
42.874326490518
42.895406122441
42.916777791096
42.938441496483
42.9633972386021
42.9856450174533
43.0071848330365
43.0290166853518
43.0511405743991
43.0735565001784
43.0962644626899
43.1192644619333
43.1425564979088
43.1651405706164
43.188016680056
43.2101848262277
43.2306450091314
43.2523972287672
43.273441485135
43.2937777782349
43.3144061080668
43.3353264746308
43.3555388779268
43.3760433179549
43.397839794715
43.4169283082072
43.4363088584315
43.4559814453877
43.4759460690761
43.4952027294965
43.5157514266489
43.5355921605334
43.5557249311499
43.5761497384985
43.5958665825792
43.6158754633918
43.6351763809366
43.6557693352134
43.6746543262222
43.6928313539631
43.7113004184361
43.7290615196411
43.7471146575781
43.7654598322472
43.7840970436484
43.8000262917816
43.8162475766468
43.8327608982441
43.8485662565735
43.8636636516349
43.8800530834283
43.8957345519538
43.9117080572114
43.927973599201
43.9445311779227
43.9603807933764
43.9765224455622
43.99295613448
44.0096818601298
44.0256996225117
44.0420094216257
44.0586112574717
44.0755051300498
44.0906910393599
44.1061689854021
44.1209389681763
44.1340009876826
44.1493550439209
44.1630011368913
44.1779392665937
44.1931694330282
44.2076916361947
44.2225058760933
44.2366121527239
44.2520104660866
44.2677008161814
44.2826832030081
44.297957626567
44.3135240868579
44.3293825838808
44.3445331176358
44.3599756881228
44.3757102953419
44.3907369392931
44.4060556199763
44.4216663373915
44.4365690915388
44.4517638824181
44.4672507100295
44.484029574373
44.5001004754485
44.515463413256
44.5321183877956
44.5490653990673
44.566304447071
44.5818355318068
44.5986586532746
44.6147738114744
44.6311810064063
44.6478802380703
44.6638715064663
44.6811548115943
44.6977301534545
44.7145975320466
44.7327569473708
44.7502083994271
44.7679518882154
44.7849874137358
44.8023149759882
44.8199345749727
44.8378462106892
44.8560498831378
44.8735455923184
44.891333338231
44.9094131208758
44.9277849402525
44.9464487963614
44.9654046892022
44.9836526187752
45.0021925850802
45.0200245881172
45.0381486278863
45.0565647043874
45.0742728176206
45.0932729675858
45.1115651542831
45.1301493777124
45.1490256378738
45.1681939347673
45.1876542683928
45.2074066387503
45.2274510458399
45.2477874896615
45.2684159702152
45.288336487501
45.3085490415188
45.3290536322686
45.3488502597505
45.3689389239645
45.3893196249105
45.4099923625885
45.4299571369986
45.4512139481408
45.471762796015
45.4946036806212
45.5157366019595
45.5361615600299
45.5578785548323
45.5788875863667
45.5991886546333
45.6197817596318
45.6406669013624
45.6608440798251
45.6823132950198
45.7030745469466
45.7251278356054
45.7454731609963
45.7651105231192
45.7840399219741
45.8042613575612
45.8247748298802
45.8455803389314
45.8656778847145
45.8860674672298
45.908749086477
45.9287227424564
45.9499884351677
45.9705461646112
45.9923959307866
46.0155377336942
46.0379715733338
46.0606974497054
46.0847153628091
46.1080253126448
46.1326272992126
46.1565213225124
46.1807073825443
46.2031854793083
46.2259556128042
46.2490177830323
46.2713719899924
46.2940182336845
46.3169565141087
46.339186831265
46.3627091851533
46.3855235757736
46.408630003126
46.4320284672105
46.454718968027
46.4777015055755
46.5019760798561
46.5255426908688
46.5484013386135
46.5705520230902
46.593994744299
46.593994744299
46.5995014429673
46.6105148403037
46.6270349363084
46.6490617309813
46.6713805623863
46.6939914305233
46.7168943353923
46.7390892769935
46.7635762553266
46.7843552703918
46.8054263221891
46.8267894107184
46.8484445359798
46.8683916979732
46.8886308966987
46.9091621321562
46.9289854043458
46.9501007132674
46.9705080589211
46.9912074413068
47.0111988604246
47.0304823162744
47.0500578088563
47.0699253381702
47.0890849042162
47.1075365069942
47.1262801465043
47.1453158227464
47.1636435357206
47.1822632854268
47.2011750718651
47.2193788950355
47.2368747549379
47.2546626515723
47.2727425849388
47.2911145550373
47.3087785618679
47.3267346054306
47.3439826857253
47.360522802752
47.3773549565108
47.3934791470017
47.4088953742246
47.4246036381795
47.4396039388665
47.4548962762856
47.4704806504367
47.4863570613198
47.502525508935
47.5199859932823
47.5367385143616
47.5517830721729
47.5691196667163
47.5857482979918
47.6026689659993
47.6198816707389
47.6373864122105
47.6551831904142
47.6722720053499
47.6896528570176
47.7073257454175
47.7252906705493
47.7425476324132
47.7600966310092
47.7779376663372
47.7960707383973
47.8144958471894
47.8332129927136
47.8522221749698
47.8715233939581
47.8901166496784
47.9080019421308
47.9261792713152
47.9446486372317
47.9624100398803
47.9804634792608
47.9988089553735
48.0174464682182
48.0353760177949
48.0545976041037
48.0731112271445
48.0919168869174
48.1110145834224
48.1294043166593
48.1480860866284
48.1670598933295
48.1863257367626
48.2048836169278
48.2247335338251
48.2438754874544
48.2633094778157
48.2820355049091
48.3010535687346
48.3213636692921
48.3399658065816
48.3598599806032
48.3790461913569
48.3985244388426
48.4182947230603
48.4383570440101
48.458711401692
48.4783577961059
48.4982962272519
48.5185266951299
48.5390491997399
48.5608637410821
48.5819703191562
48.6033689339625
48.6270595855007
48.650042273771
48.6713169987734
48.6938837605078
48.7157425589743
48.7378933941728
48.7613362661034
48.783071174766
48.8060981201607
48.8284171022874
48.8510281211462
48.873931176737
48.8971262690599
48.9196133981148
48.9423925639018
48.9664637664208
48.9898270056719
49.0154822816551
49.0394295943702
49.0626689438175
49.0882003299968
49.1130237529081
49.1381392125515
49.1625467089269
49.1862462420344
49.209237811874
49.2325214184456
49.2560970617492
49.2789647417849
49.3021244585527
49.3265762120525
49.3503200022843
49.3743558292482
49.3996836929442
49.4253035933722
49.4502155305322
49.4754195044243
49.5009155150485
49.5257035624047
49.5507836464929
49.5791557673132
49.6048199248656
49.63177611915
49.6580243501665
49.684564617915
49.7123969223955
49.7395212636082
49.7649376415528
49.7916460562295
49.8176465076383
49.8439389957791
49.870523520652
49.8964000822569
49.9235686805939
49.9500293156629
49.975781987464
50.0018266959971
50.0281634412623
50.0547922232595
50.0827130419888
50.1139258974501
50.1404307896435
50.1682277185689
50.1963166842264
50.2236976866159
50.2503707257375
50.2773358015912
50.3035929141769
50.3291420634946
50.3549832495444
50.3811164723262
50.4065417318401
50.4322590280861
50.457268361064
50.4815697307741
50.5071631372162
50.5320485803903
50.5582260602965
50.5836955769348
50.6094571303051
50.6355107204074
50.6588563472418
50.6824940108083
50.7054237111068
50.7276454481373
50.7501592218999
50.7729650323946
50.7960628796213
50.8174527635801
50.8401346842709
50.8611086416937
50.8823746358486
50.9039326667356
50.9247827343546
50.9459248387057
50.9663589797888
50.988085157604
51.0101033721512
51.0324136234305
51.0530159114418
51.0739102361851
51.0940965976606
51.114574995868
51.1353454308076
51.1554079024791
51.1757624108828
51.1964089560184
51.2173475378862
51.2385781564859
51.2601008118178
51.2809155038817
51.3020222326776
51.3234209982056
51.3441118004656
51.3650946394577
51.3863695151818
51.407936427638
51.4297953768262
51.4509463627465
51.4723893853989
51.4951244447833
51.5161515408997
51.5374706737482
51.5590818433287
51.5809850496413
51.602180292686
51.6236675724627
51.6454468889714
51.6675182422122
51.6888816321851
51.71053705889
51.7314845223269
51.7537240224959
51.775255559397
51.7970791330301
51.8181947433953
51.8406023904925
51.8623020743217
51.884293794883
51.9065775521764
51.9291533462018
51.9500211769593
51.9721810444488
51.9926329486704
52.014376889624
52.0364128673096
52.0587408817274
52.0803609328771
52.1032730207589
52.1264771453728
52.1499733067187
52.1737615047967
52.1958417396067
52.2202140111488
52.2428783194229
52.2668346644291
52.2890830461673
52.3116234646376
52.33445591984
52.3555804117743
52.3799969404408
52.4027055058393
52.4247061079698
52.4469987468324
52.469583422427
52.4914601347537
52.5136288838124
52.5350896696032
52.5568424921261
52.577887351381
52.5982242473679
52.6178531800869
52.6387741495379
52.659987155721
52.6804921986362
52.7002892782834
52.7203783946626
52.7407595477739
52.7614327376173
52.7823979641927
52.8036552275001
52.8232045275396
52.8440458643112
52.8651792378148
52.8866046480505
52.9073220950182
52.9283315787179
52.9496330991497
52.9712266563136
52.9921122502095
53.0142898808375
53.0367595481975
53.0595212522896
53.0815749931137
53.1029207706698
53.1245585849581
53.1464884359783
53.1677103237307
53.188224248215
53.2100302094314
53.2321282073799
53.2515182420604
53.272200313473
53.2931744216176
53.3144405664943
53.3359987481031
53.3578489664438
53.3799912215167
53.4004255133215
53.4221518418585
53.4441702071275
53.4654806091285
53.4870830478616
53.5089775233267
53.5301640355239
53.5516425844531
53.5734131701144
53.5954757925078
53.6168304516332
53.6384771474906
53.6604158800801
53.6816466494017
53.7031694554553
53.7239842982409
53.7450911777586
53.7664900940084
53.7871810469902
53.808164036704
53.8284390631499
53.8490061263279
53.8688652262379
53.8890163628799
53.909459536254
53.9301947463602
53.9502219931984
53.9705412767687
53.991152597071
54.0110559541053
54.0312513478717
54.0507387783702
54.0705182456007
54.0905897495633
54.1099532902579
54.1296088676846
54.1485564818433
54.1677961327341
54.1873278203569
54.2071515447118
54.2272673057987
54.2466751036177
54.2663749381687
54.2853668094518
54.3046507174669
54.3232266622141
54.3420946436933
54.3602546619046
54.3787067168479
54.3964508085233
54.4144869369307
54.4328151020702
54.4514353039418
54.4713475425453
54.489551817881
54.5080481299487
54.5268364787484
54.5459168642802
54.566289286544
54.5869537455399
54.6069102412679
54.6271587737279
54.6476993429199
54.668531948844
54.6906565915002
54.7120732708884
54.7337819870086
54.7557827398609
54.7780755294453
54.8006603557617
54.8225372188101
54.8447061185906
54.8681670551032
54.8919200283478
54.9149650383245
54.9383020850332
54.9609311684739
54.9848522886467
55.0080654455516
55.0325706391885
55.0563678695575
55.0804571366585
55.1048384404916
55.1285117810567
55.1534771583539
55.1777345723831
55.2022840231444
55.2271255106377
55.252259034863
55.2776845958205
55.3024021935099
55.3264118279315
55.352713499085
55.3793072069707
55.4061929515884
55.4333707329381
55.4598405510199
55.4866024058337
55.5136562973796
55.5410022256575
55.5696401906675
55.5985701924095
55.6267922308836
55.6563063060898
55.684112418028
55.7132105666982
55.7426007521005
55.7732829742348
55.8032572331012
55.8325235286997
55.8630818610302
55.8939322300927
55.9290746358873
55.960509078414
55.9942355576727
56.0272540736634
56.0605646263862
56.0911672158411
56.121061842028
56.1512485049469
56.1827272045979
56.214497940981
56.2475607140961
56.2809155239433
56.3145623705225
56.3485012538337
56.3817321738771
56.4142551306524
56.4470701241598
56.4811771543993
56.5155762213708
56.5492673250744
56.58325046551
56.6165256426777
56.6510928565774
56.6849521072092
56.718103394573
56.7515467186689
56.7852820794968
56.8193094770568
56.8536289113488
56.8872403823729
56.922143890129
56.9563394346172
56.9898270158374
57.0226066337897
57.055678288474
57.0880419798904
57.1196977080388
57.1516454729193
57.1828852745319
57.2144171128765
57.2462409879531
57.2743568997618
57.3037648483025
57.3344648335753
57.3654568555802
57.3947409143171
57.423317009786
57.453185141987
57.48134531092
57.5097975165851
57.5375417589823
57.5645780381115
57.5909063539727
57.616526706566
57.6414390958914
57.6666435219488
57.6911399847382
57.7149284842598
57.7390090205133
57.7643815934989
57.7910462032166
57.8160028496663
57.8412515328481
57.8657922527619
57.8886250094077
57.9107498027857
57.9331666328956
57.9548754997376
57.9768764033117
57.9981693436178
58.019754320656
58.0416313344262
58.0638003849285
58.0852614721628
58.1070145961292
58.1280597568276
58.1503969542581
58.1720261884206
58.1939474593152
58.2161607669418
58.2386661113005
58.2604634923912
58.282552910214
58.3039343647689
58.3256078560557
58.3475733840747
58.3698309488257
58.3913805503087
58.4132221885238
58.4343558634709
58.4567815751501
58.4784993235614
58.5005091087047
58.52281093058
58.5454047891874
58.5662906845268
58.5874686165983
58.6099385854019
58.6317005909375
58.6547546332051
58.6791007122048
58.7007388279366
58.7216689804004
58.7428911695962
58.7634053955242
58.7842116581841
58.8053099575761
58.8053099575761
58.8109805507901
58.8223217372182
58.8393335168603
58.8620158897164
58.8620158897164
58.8678325012964
58.8794657244566
58.8969155591967
58.9201820055169
58.9427404885692
58.9655910083535
58.9887335648699
59.0131681581183
59.0358947880988
59.0579134548113
59.0812241582558
59.1038268984325
59.1267216753411
59.1489084889819
59.1713873393546
59.1941582264595
59.2162211502963
59.2385761108653
59.2602231081662
59.2831621421993
59.3063932129643
59.3289163204615
59.3517314646907
59.3738386456519
59.3962378633452
59.4179291177705
59.4399124089279
59.4621877368173
59.4837551014388
59.5056145027924
59.528765940878
59.5522094156956
59.5749449272453
59.598972475527
59.6222920605408
59.6469036822867
59.6718073407646
59.6960030359745
59.7204907679165
59.7452705365906
59.7693423419967
59.7937061841348
59.817362063005
59.8413099786073
59.8645499309416
59.8880819200079
59.9139059458063
59.9400220083368
59.9644301075993
59.9891302435939
60.0141224163205
60.0394066257791
60.0649828719698
60.0908511548926
60.1180114745474
60.1434638309343
60.1692082240532
60.1952446539042
60.2205731204872
60.2461936238023
60.2721061638494
60.2973107406286
60.3228073541398
60.3485960043831
60.3746766913584
60.4000494150658
60.4257141755052
60.4506709726767
60.4749198065802
60.4994606772158
60.5242935845834
60.5494185286831
60.5748355095148
60.5995445270786
60.6245455813744
60.6488386724023
60.6734238001623
60.6973009646542
60.7214701658783
60.7459314038344
60.7686846785225
60.7927299899427
60.816067338095
60.8406967229793
60.8646181445956
60.889831602944
60.9143370980244
60.9391346298369
60.9632241983815
60.9866058036581
61.0092794456667
61.0322451244074
61.0555028398802
61.080052592085
61.1038943810219
61.1270282066908
61.1524540690917
61.1771719682247
61.2021819040898
61.2274838766869
61.2530778860161
61.2789639320773
61.3051420148705
61.3326121343959
61.3603742906532
61.3884284836426
61.4147747133641
61.4434129798176
61.4723432830032
61.5005656229208
61.5280799995705
61.5568864129522
61.584984863066
61.6133753499118
61.6420578734897
61.6760324337996
61.7052990308416
61.7348576646156
61.7687083351217
61.8028510423598
61.83728578633
61.8720125670323
61.9070313844665
61.9413422386329
61.9759451295313
62.0118400571617
62.0470270215242
62.0835060226187
62.1192770604453
62.154340135004
62.1906952462947
62.2273423943174
62.2642815790722
62.301512800559
62.3380360587779
62.3758513537289
62.4139586854119
62.4513580538269
62.488049458974
62.5250329008532
62.5623083794644
62.5988758948077
62.635735446883
62.6718870356903
62.7083306612297
62.7430663235012
62.7790940225047
62.8154137582403
62.8520255307079
62.8879293399075
62.9241251858392
62.961613068503
62.9983929878988
63.0354649440267
63.0728289368866
63.1114849664786
63.1504330328026
63.1876731358587
63.2242052756468
63.262029452167
63.2991456654192
63.3355539154035
63.3712542021198
63.4072465255682
63.4455308857486
63.4841072826611
63.5219757163056
63.5591361866822
63.5955886937908
63.6323332376315
63.6683698182042
63.702698435509
63.7373190895459
63.7702317803148
63.8024365078157
63.8349332720487
63.8667220730137
63.8978029107108
63.93017578514
63.9618406963012
63.9937976441944
64.0250466288197
64.056587650177
64.0874207082664
64.1175458030879
64.1459629346414
64.1746721029269
64.2046733079445
64.2309665496942
64.2585518281759
64.2854291433896
64.3125984953354
64.3410598840133
64.3678133094232
64.3948587715652
64.4221962704392
64.4488258060452
64.4737473783833
64.4979609874535
64.5224666332557
64.54726431579
64.5713540350563
64.5957357910547
64.6214095837851
64.6473754132475
64.6726332794421
64.6981831823686
64.7250251220272
64.7501590984179
64.7755851115407
64.8003031613954
64.8263132479822
64.8506153713011
64.875209531352
64.900095728135
64.9252739616501
64.9497442318971
64.9755065388763
65.0005608825875
65.0259072630307
65.050545680206
65.0754761341133
65.1006986247527
65.1272131521242
65.1530197162276
65.1781183170632
65.2045089546308
65.2311916289304
65.2561663399621
65.2824330877259
65.3079918722217
65.3338426934495
65.3599855514094
65.3864204461014
65.4131473775253
65.4401663456814
65.4674773505695
65.4960803921897
65.5229754705419
65.5511625856261
65.5776417374424
65.6054129259908
65.6324761512712
65.6588314132837
65.6854787120282
65.7124180475047
65.7406494197133
65.769172828654
65.7979882743267
65.8260957567315
65.8544952758683
65.8811868317372
65.9081704243381
65.9354460536711
65.9640137197361
65.9918734225331
66.0180251620623
66.0444689383234
66.0712047513167
66.0982326010419
66.1255524874993
66.1541644106887
66.1830683706101
66.2112643672636
66.2447524006491
66.2785324707667
66.3146045776163
66.344968721198
66.3756249015117
66.4095731185575
66.4428133723354
66.4723456628453
66.5061699900872
66.5422863540612
66.5776947547672
66.6123951922053
66.6473876663755
66.6826721772777
66.7192487249119
66.7541173092782
66.7892779303765
66.8247305882069
66.8604752827694
66.8965120140639
66.9318407820905
66.9674615868491
67.0043744283397
67.0395793065624
67.0740762215172
67.107865173204
67.1429461616228
67.1773191867738
67.2119842486567
67.2469413472717
67.2811904826188
67.3117316546979
67.3415648635091
67.3716901090523
67.4011073913276
67.4298167103349
67.4588180660742
67.4881114585457
67.5166968877491
67.5455743536847
67.5747438563522
67.6042053957518
67.6329589718835
67.6620045847473
67.690342234343
67.7189719206709
67.7468936437307
67.7761074035227
67.8056132000467
67.8394110333027
67.8735009032908
67.9088828100109
67.9445567534631
67.9805227336473
68.0157807505636
68.0523308042119
68.0891728945923
68.1263070217048
68.1637331855492
68.2004513861258
68.2384616234344
68.275763897475
68.3133582082477
68.3522445557525
68.3904229399893
68.4288933609581
68.467655818659
68.506710313092
68.546056844257
68.584695412154
68.6246260167831
68.6628486581443
68.7013633362375
68.7401700510627
68.7802688026201
68.8206595909094
68.8603424159308
68.9023172776843
68.9425841761698
68.9831431113874
69.022994083337
69.0631370920186
69.1035721374324
69.1472992195781
69.187318338456
69.2276294940658
69.2682326864077
69.3091279154817
69.3483151812877
69.3877944838258
69.4275658230959
69.4676291990981
69.5059846118323
69.5466320612986
69.5875715474969
69.6278030704273
69.6683266300898
69.7091422264842
69.7482498596108
69.7876495294694
69.82834123606
69.8673249793827
69.9086007594374
69.9491685762242
69.9880284297431
70.028180319994
70.0676242469769
70.1073602106919
70.1473882111389
70.187708248318
70.2293203222292
70.2702244328724
70.3084205802476
70.3469087643549
70.3846889851942
70.4227612427656
70.4591255370691
70.4957818681046
70.5297302358722
70.5629706403718
70.5955030816034
70.6293275595671
70.6634440742629
70.6968526256907
70.7285532138505
70.7605458387425
70.7918305003664
70.8234071987224
70.8542759338105
70.8854367056306
70.9148895141828
70.945634359467
70.9766712414833
71.0070001602316
71.037621115712
71.0685341079244
71.0997391368688
71.1282362025454
71.1560253049539
71.1841064440946
71.2114796199672
71.239144832572
71.2671020819088
71.2963513679776
71.3248926907785
71.3537260503114
71.3828514465764
71.4122688795734
71.4409783493025
71.4699798557637
71.4992733989568
71.5288589788821
71.5587365955394
71.5869062489287
71.6153679390501
71.6451216659035
71.674167429489
71.7035052298066
71.7331350668562
71.7630569406378
71.7932708511515
71.8237767983973
71.8555747823751
71.8876648030849
71.9200468605268
71.9517209547008
71.9836870856068
72.0139452532448
72.0444954576149
72.0763376987171
72.1084719765513
72.1408982911176
72.1756166424159
72.2096270304462
72.2449294552086
72.2805239167031
72.3154104149296
72.3485889498882
72.3830595215788
72.4178221300015
72.4528767751562
72.489223457043
72.5248621756618
72.5597929310127
72.5950157230956
72.6315305519105
72.6673374174576
72.7024363197366
72.7358272587478
72.770510234491
72.8064852469662
72.8417522961735
72.8793113821128
72.9191625047842
72.9583056641876
72.9977408603231
73.0374680931906
73.0764873627902
73.1157986691219
73.1554020121856
73.1932973919813
73.2334848085091
73.2739642617689
73.3147357517608
73.3547992784848
73.3951548419408
73.4358024421288
73.4767420790489
73.516973752701
73.5574974630852
73.5983132102015
73.6394209940498
73.6808208146302
73.7205126719426
73.760496565987
73.7997724967635
73.8383404642721
73.8782004685127
73.9163525094853
73.9527965871901
73.9895327016268
74.0265608527956
74.0638810406965
74.1004932653294
74.1383975266944
74.1745938247914
74.2120821596204
74.2498625311815
74.2869349394747
74.3232993844999
74.3599558662572
74.3969043847465
74.4351449399679
74.4736775319213
74.5115021606068
74.5496188260243
74.5880275281739
74.6267282670555
74.6667210426692
74.707005855015
74.7485827040927
74.7894515899026
74.8306125124444
74.8730654717184
74.9138104677244
74.9558475004624
74.9971765699325
75.0407976761346
75.0837108190688
75.125915998735
75.1694132151333
75.2132024682637
75.2562837581261
75.3006570847205
75.343322448047
75.3862798481055
75.4305292848961
75.4730707584188
75.5159042686735
75.5600298156602
75.604447399379
75.6491570198299
75.6941586770128
75.7404523709277
75.7860381015747
75.8309158689538
75.8740856730649
75.9185475139081
75.9633013914833
76.0073473057905
76.0516852568298
76.0943152446012
76.1372372691046
76.1804513303401
76.2249574283076
76.2697555630071
76.3148457344388
76.3592279426024
76.4029021874982
76.4488684691259
76.4931267874857
76.5366771425776
76.5815195344015
76.6246539629575
76.6680804282455
76.7127989302656
76.7578094690177
76.8031120445019
76.8487066567182
76.8935933056664
76.9367719913468
76.9812427137591
77.0250054729036
77.0670602687801
77.1074071013886
77.1470459707292
77.1849768768018
77.2231998196065
77.2607147991432
77.298521815412
77.3356208684129
77.3710119581458
77.4056950846107
77.4406702478077
77.4729374477368
77.5064966843978
77.538347957791
77.5704912679162
77.6039266147734
77.6376539983628
77.6716734186841
77.7039848757375
77.735588369523
77.7674839000405
77.79967146729
77.8321510712716
77.8649227119853
77.897986389431
77.9303421036088
77.9629898545186
77.9969296421605
78.0311614665344
78.0626853276403
78.0975012254784
78.1296091600484
78.1630091313505
78.1977011393847
78.2326851841509
78.2679612656492
78.3055293838795
78.3433895388419
78.3805417305363
78.4179859589628
78.4567222241213
78.4937505260119
78.5310708646345
78.5686832399892
78.605587652076
78.6437841008947
78.6812725864456
78.7190531087285
78.7571256677434
78.7964902634904
78.8371468959694
78.8770955651805
78.9173362711236
78.9568690137988
78.9976937932061
79.0378106093454
79.0762194622167
79.1169203518201
79.1569132781556
79.1961982412231
79.2347752410226
79.2726442775542
79.3128053508179
79.3542584608136
79.3950036075413
79.4370407910011
79.480370011193
79.5229912681169
79.5659045617728
79.6091098921608
79.6496072592809
79.692396663133
79.7364781037172
79.7798515810334
79.8235170950816
79.8674746458619
79.9127242333743
79.9562658576187
80.0000995185952
80.0422252163037
80.0846429507443
80.1293527219169
80.1723545298215
80.2156483744583
80.257234255827
80.3001121739279
80.3422821287607
80.3837441203257
80.4234981486227
80.4625442136517
80.5018823154128
80.5415124539059
80.5804346291311
80.6196488410883
80.6591550897776
80.6989533751989
80.7380436973523
80.7754260562377
80.8141004518552
80.8530668842048
80.8913253532863
80.9298758591
80.9697184016457
81.0098529809234
81.0502795969332
81.0919982496751
81.134008939149
81.1763116653549
81.2189064282929
81.2607932279629
81.304972064365
81.3474429374992
81.3912058473654
81.4342607939636
81.4796077772939
81.5242467973563
81.5681778541507
81.6144009476772
81.6599160779357
81.7047232449262
81.7508224486488
81.7972136891035
81.8428969662902
81.888872280209
81.9351396308598
81.9816990182426
82.0285504423576
82.0746939032045
82.1221294007835
82.1688569350946
82.2198765061377
82.2681881139129
82.3157917584201
82.3636874396594
82.4118751576307
82.4583549123341
82.5061267037695
82.553190531937
82.6005463968365
82.6491942984681
82.6971342368317
82.7463662119274
82.7948902237551
82.8427062723149
82.8918143576068
82.9402144796307
82.9889066383866
83.0368908338746
83.0841670660946
83.1357353350467
83.1835956407309
83.231747983147
83.2811923622953
83.3279287781756
83.3739572307879
83.4222777201323
83.4688902462088
83.5147948090173
83.5589914085578
83.6024800448304
83.6452607178351
83.6883334275718
83.7306981740405
83.7723549572413
83.8123037771742
83.8515446338391
83.8900775272361
83.9269024573651
83.9640194242261
84.0034284278192
84.0431294681444
84.0811225452016
84.1194076589909
84.1559848095122
84.1908539967655
84.226015220751
84.2614684814684
84.2992137789179
84.3372511130995
84.3735804840131
84.4102018916588
84.4481153360365
84.4853208171463
84.5228183349881
84.561607889562
84.5996894808679
84.6390631089059
84.6787287736759
84.718686475178
84.7599362134121
84.8014779883783
84.8423118000765
84.8834376485068
84.9238555336692
84.9635654555636
85.00556741419
85.0478614095485
85.088447441639
85.1293255104616
85.1714956160163
85.213957758303
85.2557119373217
85.2967581530725
85.3370964055553
85.3797266947702
85.4206490207172
85.4628633833962
85.5033697828072
85.5441682189503
85.5862586918255
85.6256412014327
85.665315747772
85.7062823308433
85.7455409506466
85.786091607182
85.8299343004495
85.873069030449
85.9184957971806
85.9622146006442
86.0062254408398
86.0495283177676
86.0931232314273
86.1370101818191
86.181189168943
86.2256601927989
86.2714232533869
86.3164783507069
86.360825484759
86.4064646555431
86.4513958630593
86.4946191073075
86.5381343882878
86.5829417060001
86.6260410604445
86.6694324516209
86.7131158795294
86.7560913441699
86.7993588455425
86.8399183836471
86.8807699584838
86.9209135700525
86.9603492183533
87.0000769033862
87.0400966251511
87.080408383648
87.121012178877
87.161908010838
87.2010958795311
87.2405757849562
87.2783477271134
87.3194117060027
87.360767721624
87.4024157739773
87.4443558630627
87.4875879888802
87.5311121514297
87.5739283507112
87.6180365867248
87.6624368594705
87.7061291689482
87.7511135151579
87.7963898980997
87.8419583177736
87.8878187741795
87.9349712673175
87.9814157971875
88.0291523637895
88.0771809671237
88.1245016071898
88.172114283988
88.2210189975183
88.2692157477806
88.318704534775
88.3674853585014
88.4165582189599
88.4659231161504
88.5165800500729
88.5675290207276
88.6177700281142
88.669303072233
88.7181281530837
88.7682452706666
88.8196544249815
88.8693556160284
88.9193488438074
88.9686341083184
89.0192114095615
89.0690807475366
89.1182421222438
89.169695533683
89.2204409818543
89.2694784667577
89.321807988393
89.3714295467605
89.42134314186
89.4735487736915
89.5230464422551
89.5758361475507
89.6269178895784
89.6772916683382
89.72795748383
89.7779153360538
89.8271652250097
89.8767071506977
89.9255411131177
89.9716671122697
90.0150851481538
90.05979522077
90.1047973301182
90.1510914761984
90.1926776590107
90.2315558785551
90.2717261348315
90.31118842784
90.3509427575805
90.390989124053
90.4313275272577
90.4719579671943
90.510880443863
90.5480949572638
90.5866015073966
90.6234000942615
90.6614907178584
90.7008733781874
90.7395480752484
90.7785148090415
90.8177735795666
90.8583243868238
90.898167230813
90.9383021115343
90.9787290289876
91.018447983173
91.0604589740904
91.1027620017399
91.1463570661214
91.187244167235
91.2294233050806
91.2708944796583
91.3136576909681
91.3567129390098
91.3990602237837
91.4416995452896
91.4856309035275
91.5288542984975
91.5723697301995
91.6151771986336
91.6592767037998
91.702668245698
91.7473518243282
91.7933274396905
91.8385950917849
91.8831547806112
91.9280065061697
91.9721502684602
92.0145860674828
92.0563139032374
92.098333775724
92.1416456849427
92.1862496308935
92.2311456135763
92.2773336329911
92.322813689138
92.367585782017
92.411649911628
92.4570060779711
92.5026542810462
92.5485945208534
92.5948267973926
92.6413511106638
92.6881674606671
92.7342758474025
92.7806762708699
92.8263687310694
92.8733532280009
92.9196297616645
92.9651983320601
93.0090589391878
93.0532115830475
93.0976562636393
93.1423929809631
93.185421735019
93.2277425258069
93.2693553533269
93.311260217579
93.353457118563
93.3949460562792
93.4377270307274
93.4808000419076
93.5221650898199
93.5638221744642
93.6067712958406
93.6500124539491
93.6935456487896
93.7383708803621
93.7834881486667
93.8288974537034
93.8755987954721
93.9215921739728
93.9688775892056
94.0154550411704
94.0623245298673
94.1094860552963
94.1579396174573
94.2066852163503
94.2567228519754
94.3070525243326
94.3576742334218
94.4085879792431
94.4587937617964
94.5112915810817
94.5630814370991
94.6141633298486
94.6665372593301
94.7182032255437
94.7711612284893
94.822411268167
94.8759533445767
94.9287874577184
94.9829136075923
95.0363317941981
95.090042017536
95.143044277606
95.1943385744081
95.2449249079421
95.2958032782082
95.3479736852064
95.4014361289366
95.4551906093989
95.5092371265932
95.5635756805196
95.616206271178
95.6691288985685
95.7213435626911
95.7728502635456
95.8266490011323
95.880739775451
95.9351225865017
95.9897974342845
96.0437643187993
96.0980232400462
96.1515741980252
96.2034171927362
96.2545522241792
96.3019792923543
96.3486983972614
96.3967095389006
96.4440127172719
96.4896079323752
96.5334951842105
96.5776744727779
96.6201457980774
96.6609091601089
96.7019645588724
96.744311994368
96.7879514665957
96.8288829755554
96.8681065212471
96.9076221036709
96.9484297228268
96.9895293787147
97.0309210713347
97.0726048006867
97.1145805667707
97.1558483695868
97.197408209135
97.2392600854152
97.2804039984275
97.3228399481718
97.3655679346482
97.4085879578566
97.4539000177971
97.4975041144696
97.5424002478742
97.5875884180108
97.6320686248795
97.6758408684802
97.720905148813
97.7652614658778
97.8089098196747
97.8528502102036
97.8980826374646
97.9416071014576
97.9864236021827
98.0325321396399
98.0779327138291
98.1236253247503
98.1696099724036
98.2148866567889
98.2604553779063
98.3053161357557
98.3474689303372
98.3899137616508
98.4336506296964
98.479679534474
98.5280004759837
98.5746134542255
98.6225184691993
98.6697155209051
98.716204609343
98.763985734513
98.811058896415
98.858424095049
98.9070813304151
98.9550306025133
99.0032719113435
99.0518052569058
99.1006306392001
99.1487480582264
99.1971575139848
99.2448590064753
99.2898525356978
99.3361381016524
99.383715704339
99.4315853437577
99.4777470199084
99.5232007327912
99.566946482406
99.6109842687528
99.6563140918318
99.7009359516427
99.7468498481858
99.7930557814608
99.837553751468
99.8843437582071
99.9304258016784
99.9767998818816
100.024465998817
100.072424152484
100.121674342884
100.172216570015
100.224050833879
100.275177134474
100.326595471802
100.379305845862
100.432308256653
100.485602704177
100.540189188433
100.594067709421
100.648238267141
100.702700861593
100.757455492777
100.813502160693
100.868840865341
100.925471606721
100.980394384834
101.036609199678
101.092116051254
101.149914939563
101.205005864603
101.265388826376
101.32406382488
101.381030860117
101.437289932085
101.492841040786
101.548684186219
101.605819368384
101.663246587281
101.71896584291
101.77697713527
101.832280464363
101.887875830189
101.943763232746
101.999942672035
102.056414148056
102.113177660809
102.171233210295
102.229580796512
102.285220419461
102.341152079143
102.401375775556
102.454891508702
102.50869927858
102.560799085189
102.610190928531
102.659874808605
102.709850725411
102.758118678949
102.803678669218
102.84853069622
102.892674759954
102.935110860421
102.977838997619
103.022859171549
103.068171382211
103.109775629605
103.151671913732
103.19286023459
103.234340592181
103.278112986503
103.322177417558
103.364533885344
103.407182389863
103.450122931114
103.494355509096
103.536880123811
103.581696775258
103.624805463437
103.670206188348
103.716898949991
103.761883748366
103.807160583473
103.852729455312
103.897590363883
103.941743309187
103.988188291222
104.034925309989
104.080954365489
104.12727545772
104.173888586684
104.221793752379
104.267990954807
104.314480193967
104.361261469858
104.408334782482
104.454700131838
104.501357517926
104.547306940746
104.593548400298
104.638081896582
104.684907429598
104.731024999346
104.779434605826
104.827136249038
104.875129928983
104.924415645659
104.970993399067
105.018863189208
105.06902501608
105.117478879685
105.170224780021
105.22026271709
105.270592690891
105.322214701423
105.371128748688
105.421334832685
105.472832953414
105.523623110875
105.574705305068
105.625079535993
105.67474580365
105.723704108039
105.77095444916
105.818496827014
105.864331241599
105.911457692916
105.960876180966
106.010586705747
106.059589267261
106.107883865506
106.155470500484
106.205349172193
106.256519880635
106.307982625809
106.359737407715
106.412784226353
106.467123081723
106.520753973824
106.575676902659
106.629891868225
106.685398870523
106.741197909553
106.798288985315
106.855672097809
106.913347247036
106.971314432994
107.030573655684
107.090124915107
107.149968211261
107.207103544148
107.268530913767
107.329250320117
107.3902617632
107.450565243015
107.512160759562
107.572048312841
107.633227902852
107.691699529594
107.75146319307
107.810518893277
107.869866630216
107.928506403887
107.99043821429
108.048662061425
108.107177945293
108.165985865892
108.224085823224
108.282477817287
108.342161848083
108.40213791561
108.46640601987
108.524966160862
108.583818338585
108.642962553041
108.701398804229
108.756127092149
108.807147416801
108.858459778185
108.911064176301
108.962960611149
109.012149082729
109.059629591041
109.105402136086
109.151466717862
109.19682333637
109.242471991611
109.288412683583
109.330645412288
109.373170177724
109.415986979893
109.460095818794
109.504496694426
109.548189606791
109.592174555888
109.636451541717
109.681020564278
109.725881623571
109.771034719596
109.816479852353
109.862217021842
109.909246228063
109.956567471016
110.003180750702
110.051086067119
110.097283420268
110.14477281015
110.192554236763
110.239627700109
110.286993200186
110.334650736996
110.383600310538
110.430841920811
110.478375567817
110.526201251555
110.573318972025
110.622728729227
110.670430523161
110.717424353827
110.764710221225
110.811288125355
110.858158066217
110.907320043812
110.957774058138
111.008520109196
111.058558196987
111.108888321509
111.158510482764
111.20842468075
111.260630915469
111.31312918692
111.365919495102
111.418001840017
111.470376221664
111.523042640043
111.576001095154
111.629251586997
111.682794115572
111.734628680879
111.786755282918
111.840173921689
111.891884597192
111.942887309427
111.992182058395
112.041768844094
112.092647666526
112.144818525689
112.196281421585
112.247036354212
112.299083323572
112.348422329663
112.401053372487
112.454976452043
112.510191568331
112.565698721351
112.621497911103
112.678589137587
112.735972400803
112.793647700751
112.851615037431
112.909874410843
112.969425820987
113.029269267864
113.090404751472
113.150832271812
113.212551828885
113.273563422689
113.335867053226
113.396462720494
113.459350424495
113.520530165228
113.588001942693
113.652765756889
113.715821607818
113.780169495479
113.841809419872
113.901741380997
113.962965378854
114.024481413443
114.086289484764
114.148389592818
114.209781737603
114.26946591912
114.33044213737
114.390710392351
114.451270684064
114.51212301251
114.573267377687
114.634703779597
114.695432218239
114.754452693613
114.816765205718
114.874369754556
114.927266340126
114.981454962428
115.035935621462
115.089708317228
115.141773049726
115.191129818956
115.239778624918
115.286719467613
115.332952347039
115.379477263197
115.427294216088
115.47440320571
115.517804232064
115.561497295151
115.60448239497
115.64975953152
115.695328704803
115.741189914818
115.789343161564
115.835788445043
115.881525765254
115.928555122197
115.975876515872
116.023489946279
116.072395413418
116.121592917289
116.171082457893
116.220864035228
116.269937649295
116.319303300095
116.367960987626
116.415910711889
116.465152472885
116.514686270612
116.564512105072
116.613629976264
116.663039884187
116.713741828843
116.765735810231
116.816021828351
116.864599883203
116.913469974787
116.962632103103
117.012086268151
117.062832469931
117.113870708443
117.167200983687
117.220823295664
117.272737644372
117.325944029812
117.379442451985
117.433232910889
117.488315406526
117.543689938894
117.598356507995
117.653315113828
117.707565756392
117.763108435689
117.818943151718
117.873069904479
117.928488693972
117.983199520197
118.036202383154
118.089497282843
118.141084219264
118.192963192417
118.247134202303
118.30059724892
118.354352332269
118.407399452351
118.460738609164
118.51436980271
118.569293032987
118.625508299997
118.683015603738
118.740814944212
118.799906321418
118.858289735356
118.919965186025
118.980932673427
119.043192197561
119.104743758427
119.166587356025
119.229722990355
119.292150661418
119.355870369212
119.419882113738
119.485185894996
119.547781712987
119.609669567709
119.676849459164
119.74132138735
119.809085352269
119.873141353919
119.937489392302
120.000129467417
120.062061579264
120.125285727842
120.190801913153
120.254610135196
120.317710393971
120.379102689478
120.440787021717
120.501763390688
120.564031796392
120.626592238827
120.689444717994
120.752589233893
120.814025786525
120.874754375888
120.933775001984
120.995087664811
121.051692364371
121.106589100663
121.161777873686
121.215258683442
121.26703152993
121.31609641315
121.367453333102
121.414102289785
121.461043283201
121.50927631335
121.55780138023
121.603618483842
121.648727624186
121.694128801262
121.739822015071
121.786807265611
121.834084552883
121.882653876888
121.930515237624
121.978668635093
122.027114069293
122.075851540226
122.126881047891
122.177202592288
122.227816173416
122.277721791277
122.32991944587
122.380409137195
122.432190865252
122.483264630041
122.533630431562
122.584288269816
122.635238144801
122.686480056518
122.738014004967
122.791839990149
122.843958012062
122.896368070708
122.948070166085
123.001064298195
123.052350467036
123.10392867261
123.155798914916
123.208961193954
123.264415509723
123.319161862225
123.376200251459
123.430530677425
123.486153140123
123.543067639553
123.599274175716
123.65777274861
123.715563358236
123.772646004594
123.830020687685
123.888687407507
123.945646164061
124.001896957348
124.059439787366
124.117274654117
124.1744015576
124.228820497814
124.282531474761
124.33853448844
124.394829538851
124.451416625994
124.507295749869
124.563466910476
124.619930107815
124.676685341886
124.735732612689
124.795071920224
124.856703264492
124.918626645491
124.979842063222
125.042349517686
125.105149008881
125.168240536809
125.232624101468
125.29729970286
125.362267340983
125.428527015839
125.494078727427
125.560922475747
125.625058260799
125.689486082583
125.758205941099
125.826217836347
125.895521768327
125.962117737039
126.030005742483
126.093185784659
126.157657863568
126.222421979208
126.28647813158
126.350826320685
126.414466546521
126.47739880909
126.54062310839
126.603139444423
126.664947817188
126.727048226684
126.790440672913
126.855125155874
126.917101675567
126.978370231992
127.043930825149
127.101783455038
127.157928121659
127.213364825012
127.270093565097
127.324114341915
127.376427155464
127.428032005745
127.477928892759
127.527117816504
127.576598776982
127.627371774191
127.676436808133
127.722793878807
127.768442986212
127.81538413035
127.86461731122
127.915142528822
127.963959783156
128.014069074222
128.06547040202
128.11516376655
128.165149167812
128.217426605806
128.270996080532
128.323857591991
128.377011140181
128.430456725103
128.484194346758
128.537224005144
128.589545700263
128.642159432113
128.695065200696
128.748263006011
128.800752848057
128.856534726836
128.910608642347
128.96597459459
129.019632583565
129.072582609272
129.126824671711
129.180358770882
129.234184906785
129.28830307942
129.343713288787
129.400415534887
129.457409817718
129.514696137281
129.573274493577
129.632144886604
129.692307316364
129.750761782856
129.809508286079
129.868546826035
129.928877402723
129.988500016142
130.047414666294
130.106621353178
130.165120076794
130.220910837142
130.277993634222
130.334368468034
130.392035338578
130.450994245855
130.509245189863
130.567788170603
130.624623188076
130.68275024228
130.742169333217
130.804880460885
130.866883625286
130.930178826418
130.994766064283
131.05964533888
131.124816650209
131.190279998269
131.257035383062
131.323082804587
131.389422262844
131.456053757833
131.523977289554
131.593192858007
131.659700463193
131.72750010511
131.795591783759
131.86497549914
131.934651251254
132.002619040099
132.070878865677
132.136430727986
132.202274627028
132.269410562802
132.335838535307
132.403558544545
132.469570590515
132.533874673217
132.598470792651
132.662358948816
132.727539141714
132.793011371345
132.865775637707
132.928831940801
132.991180280627
133.053820657185
133.116753070476
133.175977520498
133.235494007252
133.293302530739
133.349403090957
133.405795687908
133.45848032159
133.510456992005
133.561725699152
133.613286443031
133.666139223641
133.717284040984
133.766720895059
133.816449785866
133.866470713405
133.917783677676
133.970388678679
134.021285716415
134.073474790882
134.124955902081
134.177729050012
134.230794234676
134.285151456071
134.339800714199
134.395742009058
134.44997534065
134.505500708973
134.561318114029
134.616427555817
134.671829034337
134.726522549588
134.781508101572
134.835785690288
134.893355315736
134.951216977916
135.008370676828
135.063816412473
135.118554184849
135.172583993957
135.225905839797
135.28251972237
135.339425641674
135.396623597711
135.454113590479
135.51289561998
135.570969686212
135.632335789177
135.694993928874
135.754944105302
135.816186318463
135.876720568356
135.937546854981
135.999665178338
136.061075538427
136.122777935248
136.183772368801
136.243058839086
136.301637346103
136.358507889853
136.417670470334
136.477125087547
136.537871741493
136.59691043217
136.65624115958
136.716863923721
136.778778724595
136.841985562201
136.905484436538
136.971275347608
137.03635829541
137.101733279944
137.16840030121
137.235359359208
137.303610453938
137.3721535854
137.439988753594
137.51011595852
137.578535200179
137.648246478569
137.717249793691
137.785545145546
137.856132534132
137.92801195945
138.000183421501
138.068646920284
138.136402455798
138.204450028045
138.271789637024
138.339421282734
138.408344965177
138.477560684352
138.544068440259
138.610868232898
138.677960062269
138.745343928372
138.816019831208
138.889987770775
138.954247747074
139.018799760105
139.083643809869
139.149779896364
139.212208019592
139.271928179551
139.331940376243
139.390244609666
139.446840879822
139.50172918671
139.556909530329
139.611381910681
139.665146327765
139.720202781581
139.771551272129
139.822191799409
139.873124363421
139.925348964165
139.978865601641
140.03367427585
140.08677498679
140.141167734462
140.194852518867
140.250829340003
140.306098197871
140.362659092472
140.419512023805
140.475656991869
140.533093996666
140.591823038195
140.649844116455
140.707157231448
140.762762383173
140.81965957163
140.876848796819
140.93533005874
140.994103357393
141.052168692778
141.109526064896
141.167175473745
141.223116919326
141.28135040164
141.339875920685
141.399693476462
141.458803068972
141.519204698213
141.578898364187
141.640884066893
141.70316180633
141.7667315825
141.829593395402
141.891747245036
141.955193131402
142.0199310545
142.08196101433
142.145283010892
142.207897044186
142.268803114212
142.32900122097
142.387491364461
142.448273544683
142.510347761637
142.571714015324
142.632372305742
142.692322632893
142.754564996775
142.81909939739
142.883925834737
142.950044308815
143.016454819626
143.083157367169
143.150151951444
143.218438572451
143.28901723019
143.359887924661
143.430050655864
143.499505423799
143.569252228466
143.639291069865
143.709621947997
143.78224486286
143.853159814455
143.924366802783
143.998865827842
144.070656889634
144.140739988158
144.210115123413
144.279782295401
144.349741504121
144.418992749572
144.490536031756
144.558371350672
144.62649870632
144.6929180987
144.760629527812
144.831632993656
144.903928496232
144.971516035541
145.037395611581
145.112567224353
145.176030873858
145.238786560094
145.299834283063
145.362174042763
145.420805839196
145.47872967236
145.534945542257
145.590453448886
145.645253392246
145.701345372339
145.757729389164
145.811405442721
145.86337353301
145.915633660031
145.971185823784
146.025030024269
146.080166261486
146.134594535436
146.191314846117
146.24832719353
146.304631577676
146.361227998553
146.419116456162
146.477296950504
146.534769481578
146.593534049383
146.652590653921
146.710939295191
146.769579973192
146.827512687926
146.885737439392
146.94625422759
147.00606305252
147.066163914182
147.124556812576
147.183241747702
147.243218719561
147.303487728151
147.366048773473
147.426901855527
147.487046974314
147.548484129832
147.612213322083
147.676234551065
147.74054781678
147.814153119227
147.878050458405
147.942239834316
148.007721246959
148.073494696334
148.137560182441
148.20391770528
148.268567264851
148.332508861154
148.394742494189
148.457268163956
148.521085870455
148.584195613687
148.64659739365
148.710291210345
148.774277063773
148.840554953932
148.912124880824
148.978986844447
149.051140844803
149.122586881891
149.19532495571
149.267355066262
149.340677213546
149.413291397562
149.48519761831
149.55739587579
149.628886170002
149.701668500946
149.773742868622
149.84710927303
149.92276771417
149.998718192043
150.073960706647
150.148495257983
150.218321846052
150.289440470852
150.360851132385
150.43355383065
150.506548565646
150.574835337375
150.647414145836
150.718284991028
150.790447872953
150.86290279161
150.935649746999
151.00668873912
151.074019767973
151.145642833558
151.219557935876
151.283765074925
151.347264250706
151.410055463219
151.472138712465
151.532513998442
151.589181321152
151.645140680593
151.701392076767
151.758935509672
151.81577097931
151.86889848568
151.923318028781
151.979029608615
152.035033225181
152.090328878479
152.144916568509
152.201796295271
152.257968058765
152.316431858991
152.375187695949
152.43423556964
152.493575480062
152.552207427216
152.613131411103
152.674347431721
152.734855489072
152.794655583154
152.853747713969
152.913131881515
152.973808085794
153.035776326805
153.096036604548
153.154588919022
153.213433270229
153.274569658168
153.335998082839
153.398718544242
153.458731042377
153.522035577244
153.585632148844
153.659520757175
153.733701402238
153.809174084034
153.883938802561
153.94899555782
154.011344349812
154.085985178536
154.157918043991
154.231142946179
154.303659885098
154.36746886075
154.430569873134
154.49296292225
154.556648008098
154.621625130678
154.68489428999
154.748455486034
154.81230871881
154.879453988318
154.951891294558
155.025620637531
155.098642017235
155.171955433671
155.24556088684
155.32045837674
155.396647903373
155.471129466737
155.545903066834
155.620968703663
155.694326377223
155.768976087516
155.842917834541
155.918151618298
155.996677438787
156.075495296008
156.152605189961
156.228007120646
156.301701088063
156.376687092212
156.451965133094
156.525535210707
156.600397325052
156.67355147613
156.747997663939
156.823735888481
156.897766149754
156.97308844776
157.048702782497
157.121609153967
157.196807562169
157.271298007103
157.342080488768
157.406155007166
157.472521562296
157.537180154158
157.598130782752
157.658373448079
157.716908150137
157.775734888927
157.835853664449
157.893264476703
157.94796732569
158.003962211408
158.062249133859
158.120828093041
158.177699088956
158.234862121602
158.293317190981
158.353064297092
158.413103439935
158.473434619509
158.533057835816
158.592973088855
158.654180378626
158.714679705129
158.775471068364
158.834554468331
158.893929905031
158.954597378462
159.015556888625
159.078808435521
159.140352019148
159.201187639507
159.262315296599
159.323734990422
159.384446720978
159.447450488266
159.509746292285
159.571334133037
159.635214010521
159.700385924737
159.773849875685
159.849605863365
159.924653887776
159.997993948921
160.071626046797
160.146550181405
160.220766352745
160.295274560817
160.369074805622
160.434167087158
160.498551405426
160.561227760427
160.626196152159
160.699456580624
160.76600904582
160.830853547749
160.90399008641
160.978418661803
161.053139273927
161.128151922784
161.204456608373
161.281053330694
161.357942089747
161.435122885532
161.513595718049
161.591360587299
161.66841749328
161.747766435993
161.826407415438
161.901340431616
161.979565484525
162.059082574167
162.13889170054
162.219992863646
162.297386063483
162.374071300053
162.451048573355
162.529317883389
162.607879230154
162.685732613652
162.761878033882
162.838315490844
162.917044984538
162.995066514964
163.074380082123
163.150985686013
163.229883326635
163.309073003989
163.387554718076
163.459328468894
163.532394256444
163.604752080727
163.676401941742
163.742343839488
163.802577773967
163.864103745177
163.92692175312
163.986031797795
164.043433879202
164.101127997341
164.160114152212
164.219392343815
164.27896257215
164.340824837217
164.401979139016
164.463425477547
164.52616385281
164.590194264806
164.652516713533
164.715131198993
164.779037721184
164.842236280108
164.904726875763
164.967509508151
165.03158417727
165.095950883122
165.169609625706
165.232560405022
165.29380322107
165.35533807385
165.419164963361
165.482283889605
165.545694852582
165.60839785229
165.67139288873
165.735679961902
165.812259071806
165.889130218443
165.964293401811
166.040748621912
166.116495878744
166.190535172309
166.267866502605
166.340489869634
166.414405273395
166.489612713887
166.562112191112
166.625903705069
166.690987255758
166.757362843179
166.830030467332
166.901990128217
166.968241825834
167.042785560183
167.118621331264
167.194749139078
167.271168983623
167.3478808649
167.42588478291
167.504180737651
167.582768729125
167.66064875733
167.739820822268
167.821284923937
167.900041062339
167.980089237473
168.059429449339
168.139061697937
168.220985983267
168.303202305329
168.383710664123
168.463511059649
168.543603491907
168.623987960897
168.702664466619
168.782633009073
168.86089358826
168.939446204178
169.020290856829
169.099427546211
169.179856272326
169.259577035172
169.340589834751
169.422894671061
169.500491544104
169.575380453879
169.651561400386
169.727034383625
169.800799403596
169.866856460299
169.930205553734
169.994846683901
170.0607798508
170.122005054431
170.182522294794
170.24433157189
170.306432885717
170.367826236276
170.430511623568
170.492489047591
170.555758508347
170.620320005834
170.686173540054
170.752319111006
170.81775671869
170.891486363105
170.965508044253
171.027821762133
171.090427516745
171.155325308089
171.219515136165
171.295997000973
171.372770902513
171.436836840786
171.50219481579
171.578844827526
171.654786875995
171.718020961195
171.781547083127
171.859365241792
171.936475437189
172.013877669317
172.092571938178
172.169558243771
172.246836586095
172.323406965152
172.400269380941
172.477423833462
172.552870322715
172.6296088487
172.703639411417
172.778962010866
172.851576647047
172.925483319961
172.998682029606
173.072172775983
173.144955559093
173.219030378934
173.295397235508
173.372056128813
173.449007058851
173.52625002562
173.603785029122
173.683612069356
173.763731146322
173.844142260019
173.924845410449
174.003840597611
174.084127821505
174.163707082131
174.242578379489
174.32374171358
174.408197084402
174.491944491956
174.571983936242
174.653315417261
174.734938935011
174.815854489494
174.897062080708
174.978561708655
175.058353373333
175.137437074744
175.219812812887
175.302480587761
175.382440399368
175.463692247707
175.543236132778
175.626072054581
175.705200013116
175.781620008383
175.859332040382
175.935336109113
176.008632214577
176.081220356772
176.145100535699
176.210272751359
176.27673700375
176.337493292873
176.399541618729
176.463881981317
176.527514380636
176.590438816688
176.655655289472
176.728163798987
176.792964345235
176.866056928215
176.940441547927
177.007118204371
177.081086897547
177.155347627455
177.228900394095
177.293745197468
177.368882037572
177.445310914408
177.524031827976
177.602044778277
177.666349765309
177.740946789074
177.81683584957
177.895016946799
177.97049008076
178.048255251452
178.126312458877
178.202661703034
178.280302983923
178.358236301544
178.436461655897
178.514979046982
178.591788474799
178.668889939348
178.747283440629
178.824968978642
178.901946553387
178.978216164865
179.052777813074
179.127631498016
179.202777219689
179.278214978094
179.352944773232
179.426966605102
179.503280473703
179.581886379037
179.659784321103
179.738974299901
179.818456315431
179.898230367693
179.978296456687
180.059654582413
180.140304744871
180.221246944061
180.302481179983
180.383007452637
180.463825762024
180.545936108142
180.630338490992
180.716032910575
180.800019366889
180.883297859936
180.964868389714
181.046730956225
181.130885559468
181.212332199442
181.294070876149
181.377101589588
181.458424339759
181.540039126662
181.621945950297
181.703144810664
181.784635707763
181.868418641594
181.952493612157
182.028860619453
182.10751966348
182.184470744239
182.258713861731
182.331249015954
182.40307620691
182.476195434597
182.548606699017
182.610310000169
182.673305338052
182.738592712668
182.804172124016
182.869043572096
182.934207056908
183.007662578452
183.081410136728
183.155449731736
183.229781363476
183.304405031948
183.379320737152
183.453528479089
183.528028257757
183.602820073157
183.67890392529
183.756279814154
183.834947739751
183.911907702079
183.98815970114
184.066703736933
184.143539809457
184.223667918714
184.303088064703
184.380800247424
184.458804466877
184.539100723062
184.619689015979
184.698569345628
184.777741712009
184.856206115122
184.934962554967
185.016011031545
185.093351544854
185.170984094896
185.248908681669
185.325125305175
185.400633965412
185.477434662382
185.553527396083
185.628912166517
185.704588973683
185.780557817581
185.85881869821
185.940371615572
186.020216569666
186.100353560492
186.18178258805
186.263503652341
186.346516753363
186.428821891117
186.510419065603
186.593308276822
186.674489524772
186.756962809454
186.840728130869
186.926785489015
187.014134883894
187.097776315504
187.182709783847
187.266935288922
187.351452830729
187.437262409268
187.522364024538
187.606757676541
187.689443365276
187.773421090743
187.856690852942
187.941252651874
188.024106487537
188.108252359932
188.193690269059
188.275420214919
188.35344219751
188.432756216833
188.510362272889
188.585260365676
188.658450495196
188.731932661448
188.806706864431
188.872773104147
188.938131380595
189.002781693775
189.077724043687
189.150958430331
189.224484853707
189.299303313815
189.374413810655
189.450816344227
189.526510914531
189.602497521567
189.679776165336
189.756346845836
189.830209563068
189.906364317033
189.983811107729
190.061549935158
190.140580799319
190.219903700211
190.297518637836
190.375425612193
190.454624623282
190.534115671103
190.613898755655
190.69197387694
190.771341034957
190.852000229707
190.933951461188
191.015194729401
191.096730034346
191.176557376023
191.256676754433
191.338088169574
191.417791621447
191.496787110053
191.57607463539
191.65265419746
191.728525796262
191.806689431795
191.885145104061
191.961892813059
192.039932558789
192.120264341251
192.199888160445
192.281804016371
192.363011909029
192.446511838419
192.529303804541
192.612387807395
192.695763846981
192.7794319233
192.86239203635
192.944644186132
193.028188372647
193.112024595893
193.197152855872
193.284573152582
193.374285486025
193.4592898562
193.543586263107
193.628174706745
193.714055187116
193.800227704219
193.885692258054
193.971448848621
194.05549747592
194.140838139951
194.224470840715
194.30839557821
194.391612352437
194.477121163396
194.559922011088
194.639014895511
194.718399816667
194.798076774554
194.876045769174
194.951306800525
195.026859868609
195.102704973425
195.175842114973
195.247271293252
195.319992508264
195.393005760008
195.467311048484
195.542908373692
195.618797735632
195.695979134304
195.773452569709
195.851218041845
195.929275550713
196.008625096313
196.086266678646
196.16320029771
196.239425953507
196.317943646035
196.397753375296
196.478855141289
196.559248944013
196.63893478347
196.717912659659
196.79918257258
196.879744522233
196.961598508617
197.045744531734
197.126182591584
197.208912688165
197.291934821478
197.374248991523
197.4558551983
197.53675344181
197.620943722051
197.701426039024
197.78420039273
197.864266783167
197.942625210337
198.020275674239
198.100218174872
198.180452712238
198.259979286336
198.338797897166
198.419908544727
198.501311229021
198.583005950047
198.665992707805
198.751271502295
198.835842333518
198.921705201472
199.007860106158
199.093307047576
199.179046025727
199.264077040609
199.348400092223
199.43401518057
199.522922305648
199.613121467459
199.700612666002
199.788395901276
199.874471173283
199.961838482022
200.049497827493
200.137449209696
200.222692628631
200.307228084298
200.396055576697
200.482175105828
200.568586671691
200.653290274286
200.739285913613
200.826573589673
200.906153302464
200.987025051987
201.068188838243
201.14564466123
201.22239252095
201.298432417401
201.375764350585
201.451388320501
201.525304327149
201.598512370528
201.67301245064
201.747804567484
201.82388872106
201.900264911368
201.978933138408
202.05789340218
202.136145702685
202.215690039921
202.295526413889
202.373654824589
202.451075272022
202.527787756186
202.608792277083
202.690088834711
202.770677429072
202.851558060164
202.932730727989
203.015195432546
203.096952173835
203.177000951855
203.259341766608
203.344974618093
203.42889950631
203.514116431259
203.59862539294
203.682426391354
203.766519426499
203.850904498376
203.934581606985
204.017550752327
204.0998119344
204.181365153205
204.262210408743
204.344347701012
204.425777030014
204.507498395748
204.589511798213
204.671817237411
204.755414713341
204.840304226003
204.926485775397
205.012959361523
205.100724984381
205.188782643971
205.277132340293
205.365774073347
205.454707843133
205.541933649651
205.628451492902
205.718261372884
205.810363289599
205.901757243045
205.990443233223
206.080421260134
206.169691323777
206.259253424151
206.349107561258
206.435253735097
206.524691945668
206.612422192971
206.700444477006
206.786758797772
206.873365155272
206.960263549503
207.052453980466
207.137936448161
207.217710952588
207.300777493747
207.381136071639
207.458786686262
207.534729337618
207.611964025705
207.689490750525
207.763309512076
207.83742031036
207.912823145376
207.987518017123
208.065504925603
208.143783870815
208.222354852759
208.301217871435
208.381372926843
208.461820018983
208.543559147855
208.624590313459
208.703913515795
208.783528754864
208.864436030664
208.946635343196
209.027126692461
209.107910078457
209.189985501186
209.272352960646
209.355012456839
209.435963989763
209.51820755942
209.603743165809
209.68857080893
209.775690488783
209.862102205367
209.948805958684
210.033801748733
210.121089575515
210.205669439028
210.289541339273
210.37370527625
210.457161249959
210.538909260401
210.621949307574
210.706281391479
210.788905512117
210.872821669486
210.958029863588
211.043530094422
211.130322361987
211.218406666285
211.307783007315
211.396451385077
211.48641179957
211.576664250796
211.666208738754
211.756045263444
211.847173824867
211.936594423021
212.030307057907
212.127311729525
212.217608437875
212.309197182958
212.400077964772
212.491250783319
212.581715638597
212.671472530608
212.76252145935
212.852862424825
212.940495427032
213.02942046597
213.116637541641
213.207146654044
213.298947803179
213.383040989046
213.465426211645
213.548103470976
213.630072767039
213.709334099834
213.789887469361
213.870732875621
213.948870318612
214.024299798335
214.099021314791
214.175034867978
214.252340457898
214.329938084549
214.408827747933
214.488009448049
214.568483184896
214.650248958476
214.730306768788
214.813656615832
214.894298499608
214.975232420116
215.056458377356
215.136976371328
215.218786402032
215.300888469468
215.383282573636
215.464968714537
215.548946892169
215.630217106533
215.71377935763
215.799633645458
215.886779970019
215.974218331311
216.060948729336
216.147971164093
216.235285635581
216.322892143802
216.409790688755
216.49498127044
216.581463888857
216.665238544006
216.749305235887
216.8336639645
216.919314729845
217.004257531922
217.088492370732
217.176019246273
217.263838158546
217.350949107552
217.440352093289
217.532047115759
217.62303417496
217.715313270894
217.806884403559
217.897747572957
217.987902779087
218.080350021949
218.173089301543
218.271120617869
218.366443970927
218.459059360717
218.551966787239
218.646166250493
218.738657750479
218.831441287197
218.924516860647
219.01888447083
219.108544117744
219.198495801391
219.290739521769
219.38127527888
219.473103072722
219.566222903297
219.650634770603
219.735338674642
219.820334615413
219.902622592916
219.982202607151
220.061074658118
220.140238745817
220.216694870248
220.291443031411
220.368483229306
220.445815463933
220.523439735292
220.603356043384
220.684564388207
220.765064769762
220.84785718805
220.930941643069
221.015318134821
221.096986663305
221.17794722852
221.258199830468
221.340744469148
221.421581144559
221.503709856703
221.586130605579
221.670843391187
221.755848213527
221.838145072599
221.922733968403
222.00761490094
222.095787870208
222.184252876208
222.27300991894
222.360058998405
222.447400114601
222.53503326753
222.62395845719
222.710175683583
222.796684946707
222.882486246564
222.966579583153
223.050964956473
223.136642366526
223.221611813311
223.306873296828
223.393426817077
223.481272374058
223.570409967771
223.661839598216
223.753561265393
223.844574969303
223.936880709944
224.030478487317
224.124368301423
224.21655015226
224.31002403983
224.401789964131
224.500847925165
224.59819792293
224.689839957428
224.783774028658
224.87700013662
224.971518281313
225.067328462739
225.159430680897
225.253824935787
225.346511227409
225.438489555763
225.53275992085
225.624322322668
225.717176761218
225.8083232365
225.894761748515
225.979492297261
226.06351488274
226.14482950495
226.223436163893
226.303334859567
226.384525591974
226.461008361113
226.537783166983
226.615850009586
226.694208888921
226.774859804988
226.855802757787
226.937037747318
227.019564773581
227.103383836576
227.186494936303
227.269898072763
227.351593245954
227.432580455877
227.516859702533
227.59943098592
227.68029430604
227.763449662891
227.846897056475
227.93063648679
228.014667953838
228.096991457618
228.18260699813
228.270514575373
228.357714189349
228.446205840057
228.535989527497
228.626065251669
228.714433012573
228.804092810209
228.891044644578
228.980288515678
229.06782442351
229.152652368075
229.237772349371
229.325184367399
229.41188842216
229.496884513652
229.584172641877
229.673752806834
229.763625008522
229.854789246943
229.947245522096
230.040993833981
230.140034182598
230.240366567947
230.333990990028
230.427907448841
230.522115944386
230.616616476663
230.718409045672
230.818493651413
230.912870293887
231.007538973092
231.10649968903
231.203752441699
231.300297231101
231.396134057234
231.4902629201
231.582683819697
231.676396756027
231.770401729089
231.862698738883
231.959287785409
232.048168868667
232.134341988657
232.219807145379
232.305564338833
232.388613569019
232.467954835937
232.549588139587
232.628513479969
232.706730857084
232.78524027093
232.865041721509
232.944135208819
233.025520732862
233.108198293636
233.191167891143
233.275429525382
233.360983196352
233.446828904055
233.53096664849
233.613396429657
233.697118247556
233.781132102187
233.86343799355
233.948035921645
234.030925886472
234.115107888031
234.197581926323
234.282348001346
234.368406113101
234.456756261589
234.545398446808
234.63333266876
234.722558927443
234.813077222859
234.902887555006
234.993989923886
235.084384329498
235.173070771842
235.261049250918
235.347319766726
235.433882319266
235.520736908538
235.607883534542
235.694322197278
235.782052896746
235.872075632946
235.963390405878
236.055997215543
236.148896061939
236.243086945068
236.344569864928
236.446344821521
236.547411814845
236.641770844902
236.73542191169
236.837365015211
236.939600155464
237.041127332449
237.138946546166
237.236057796615
237.332461083796
237.428156407709
237.526143768354
237.624423165731
237.71999459984
237.814858070681
237.912013578255
238.00846112256
238.103200703597
238.199232321367
238.288555975868
238.376171667102
238.465079395068
238.550279159765
238.632770961195
238.715554799357
238.79863067425
238.878998585876
238.958658534234
239.039610519324
239.119854541146
239.2033905997
239.287218694986
239.370338827005
239.456750995755
239.544455201237
239.631451443451
239.717739722398
239.802320038076
239.885192390487
239.972356779629
240.055813205504
240.14056166811
240.225602167449
240.31193470352
240.396559276323
240.480475885857
240.566684532124
240.655185215123
240.742977934854
240.832062691317
240.923439484512
241.014108314439
241.104069181099
241.19632208449
241.284867024613
241.374704001468
241.464833015056
241.552254065375
241.640967152427
241.72997227621
241.819269436726
241.906858633974
241.995739867953
242.085913138665
242.177378446109
242.272135790285
242.372185171193
242.473526588832
242.576160043204
242.677085534309
242.778303062145
242.878812626713
242.978614228013
243.078707866045
243.18209354081
243.281771252306
243.381741000534
243.480002785495
243.576556607187
243.676402465612
243.773540360768
243.871970292657
243.967692261278
244.064706266631
244.163012308715
244.258610387532
244.356500503081
244.448682655362
244.538156844375
244.62992307012
244.717981332597
244.803331631807
244.887973967748
244.973908340421
245.056134749826
245.136653195964
245.218463678833
245.300566198435
245.384960754768
245.471647347834
245.556625977631
245.643896644161
245.733459347423
245.823314087417
245.912460864143
245.9988996776
246.08563052779
246.172653414712
246.257968338366
246.345575298753
246.433474295871
246.520665329721
246.605148400303
246.690923507617
246.779990651664
246.869349832442
246.958001049953
247.048944304195
247.14117959517
247.239706922876
247.330526287315
247.422637688486
247.514041126388
247.606736601023
247.69672411239
247.786003660489
247.87657524532
247.968438866883
248.057594525178
248.146042220205
248.236781951964
248.328813720456
248.428137525679
248.527753367634
248.629661246321
248.732861161741
248.836353113892
248.939137102776
249.040213128391
249.143581190739
249.249241289819
249.35319342563
249.457437598174
249.55797380745
249.656802053458
249.755922336198
249.85433465567
249.953039011874
250.05203540481
250.149323834478
250.246904300878
250.344776804011
250.441941343875
250.539397920471
250.6361465338
250.72818718386
250.820519870653
250.912144594177
250.998061354434
251.086270151422
251.173770985143
251.257563855596
251.339648762781
251.422025706697
251.503694687346
251.587655704727
251.67390875884
251.759453849685
251.849290977262
251.939420141572
252.030841342613
252.118554580386
252.208559854891
252.296857166129
252.384446514098
252.4723278988
252.562501320233
252.650966778399
252.739724273296
252.826773804926
252.913115373288
253.004748978381
253.098674620207
253.189892298765
253.281402014055
253.380203766077
253.474297554831
253.573683380317
253.666361242535
253.759331141485
253.851593077168
253.942147049582
254.032993058728
254.124131104607
254.215561187217
254.30428330656
254.396297462634
254.490603655441
254.590201884979
254.69309215125
254.797274454253
254.900748793988
255.005515170454
255.110573583653
255.214924033584
255.317566520247
255.422501043642
255.526727603769
255.633246200629
255.73605683422
255.838159504543
255.937554211598
256.038240955386
256.139219735905
256.238490553157
256.33605340714
256.433908297856
256.533055225303
256.629494189483
256.730225190395
256.825248228038
256.915563302414
257.010170413522
257.101069561362
257.188260745934
257.273743967238
257.362519225274
257.446586520042
257.528945851542
257.612597219775
257.696540624739
257.782776066435
257.870303544864
257.958123060024
258.049234611916
258.140638200541
258.232333825898
258.322321487986
258.410601186807
258.50317292236
258.592036694644
258.681192503661
258.77164034941
258.859380231891
258.946412151104
259.033736107049
259.123352099726
259.215260129135
259.306460195276
259.39895229815
259.498736437755
259.599812614092
259.694180827162
259.788841076963
259.882793363497
259.982037686762
260.07457404676
260.166402443489
260.258522876951
260.358935347145
260.450639854071
260.541636397728
260.641924978118
260.74350559524
260.846378249094
260.95054293968
261.054999666999
261.160748431049
261.266789231831
261.373122069345
261.478746943591
261.58166385457
261.68687280228
261.793373786723
261.897166807897
262.000251865804
262.101628960442
262.203298091813
262.305259259916
262.409512464751
262.507057706317
262.605894984616
262.707024299647
262.80644565141
262.905159039905
263.002164465132
263.094461927091
263.189051425782
263.281932961206
263.370106533361
263.456572142248
263.546329787868
263.632379470219
263.716721189303
263.801354945118
263.887280737666
263.974498566945
264.062008432957
264.151810335701
264.244904275177
264.336290251384
264.428968264324
264.519938313996
264.6112004004
264.702754523536
264.792600683404
264.882738880005
264.971169113337
265.059891383401
265.147905690197
265.238212033726
265.329810413986
265.424700830979
265.517883284703
265.61835777516
265.719124302348
265.820182866269
265.919533466922
266.019176104306
266.114110778423
266.213337489272
266.305856236853
266.398667021166
266.492769842211
266.586164699988
266.676851594497
266.769830525738
266.871101493712
266.973664498417
267.078519539854
267.183666618024
267.291105732925
267.397836884558
267.504860072924
267.612175298022
267.717782559851
267.823681858413
267.933873193707
268.039356565732
268.14713197449
268.25119941998
268.354558902202
268.459210421156
268.560153976842
268.66038956926
268.76091719841
268.862736864292
268.960848566907
269.060252306253
269.159948082331
269.254935895142
269.351215744684
269.446787630959
269.536651553965
269.624807513704
269.716255510175
269.803995543377
269.890027613312
269.977351719979
270.066967863378
270.154876043509
270.243076260371
270.335568513967
270.428352804294
270.520429131353
270.613797495144
270.705457895667
270.796410332922
270.88865480691
270.979191317629
271.07101986508
271.163140449264
271.253553070179
271.342257727827
271.432254422207
271.523543153318
271.622123921162
271.719996725738
271.820161567046
271.921618445085
272.021367359857
272.122408311361
272.222741299597
272.325366324565
272.426283386266
272.520492484698
272.619993619862
272.718786791758
272.812872000387
272.905249245747
273.006918527839
273.110879846664
273.21513320222
273.321678594509
273.42851602353
273.538645489282
273.647066991767
273.755780530984
273.862786106933
273.971083719614
274.082673369027
274.193555055171
274.298728778049
274.402194537658
274.506952333999
274.612002167072
274.714344036877
274.816977943415
274.918903886684
275.021121866685
275.124631883419
275.223433936884
275.326528027082
275.422914154011
275.519592317673
275.615562518067
275.707824755193
275.79837902905
275.89222533964
275.984363686962
276.070794071016
276.157516491802
276.24553094932
276.33483744357
276.425435974552
276.517326542267
276.612509146713
276.705983787891
276.799750465802
276.891809180444
276.983159931819
277.075802719925
277.167737544764
277.260964406334
277.353483304637
277.443294239672
277.534397211438
277.625792219937
277.720479265168
277.815458347131
277.907729465826
278.010292621253
278.113147813412
278.214295042303
278.316734307927
278.418465610282
278.521488949369
278.621804325189
278.71641173774
278.817311187023
278.918502673039
279.017986195786
279.112761755266
279.215829351478
279.319188984421
279.425840654097
279.532784360505
279.641020103645
279.749547883517
279.859367700121
279.969479553457
280.076883443525
280.187579370325
280.300567333857
280.411847334121
280.518419371117
280.624283444846
280.730439555306
280.837887702499
280.940627886423
281.044660107079
281.146984364468
281.251600658589
281.354508989441
281.456709357026
281.557201761343
281.652986202392
281.750062680173
281.846431194685
281.94109174593
282.033044333907
282.125288958616
282.212825620058
282.300654318231
282.390775053136
282.480187824773
282.570892633143
282.664889478244
282.759178360077
282.853759278643
282.94863223394
283.04279722597
283.135254254732
283.227003320225
283.318044422451
283.412377561409
283.506002737099
283.598919949521
283.691129198675
283.786630484561
283.880423807179
283.979509166529
284.077886562611
284.181555995425
284.286517464971
284.38877097125
284.49231651426
284.595154094002
284.698283710477
284.800705363683
284.900419053622
285.001424780293
285.103722543695
285.20531234383
285.306194180697
285.410368054296
285.515833964626
285.623591911689
285.731641895484
285.841983916011
285.95361797327
286.064544067261
286.174762197985
286.28327236544
286.395074569627
286.509168810546
286.620555088198
286.729233402581
286.837203753697
286.944466141544
287.051020566124
287.155867027435
287.258005525479
287.362436060255
287.468158631763
287.571173240003
287.676479884974
287.774078566678
287.870969285114
287.969152040282
288.063626832182
288.157393660815
288.251452526179
288.343803428275
288.432446367103
288.522381342664
288.611608354956
288.703127403981
288.794938489737
288.889041612226
288.984436771446
289.079123967399
289.174103200084
289.2683744695
289.362937775649
289.45579311853
289.549940498143
289.649379914488
289.742111367565
289.836134857374
289.927450383915
290.023057947188
290.121957547193
290.223149183931
290.3256328574
290.430408567601
290.533476314535
290.6368360982
290.741487918598
290.846431775727
290.950667669589
291.051195600183
291.152015567508
291.254127571566
291.355531612356
291.455227689878
291.560215804132
291.666495955118
291.773068142836
291.882932367286
291.995088628468
292.106536926382
292.218277261028
292.329309632407
292.438634040517
292.549250485359
292.664158966934
292.77735948524
292.887852040279
292.99563663205
293.104713260552
293.213081925787
293.319742627754
293.422695366452
293.525940141883
293.633476954046
293.734305802941
293.840426688568
293.937839610927
294.038544570018
294.134541565841
294.229830598397
294.323411667684
294.418284773703
294.510449916454
294.599907095938
294.691656312153
294.783697565101
294.87703085478
294.970656181192
295.065573544336
295.161782944211
295.257284380819
295.352077854159
295.448163364231
295.540540911035
295.634210494571
295.732172114839
295.830425771839
295.924971465571
296.017809196035
296.112938963231
296.21236076716
296.31307460782
296.414080485212
296.518378399337
296.621968350193
296.725850337782
296.832024362102
296.936490423155
297.04224852094
297.145298655456
297.244640826705
297.347275034686
297.451201279399
297.551419560844
297.655929879021
297.76273223393
297.870826625571
297.981213053944
298.093891519049
298.207862020887
298.320124559456
298.432679134757
298.543525746791
298.654664395556
298.770095081054
298.886817803283
298.998832562245
299.109139357938
299.218738190364
299.328629059522
299.431811965412
299.536286908033
299.642053887387
299.749112903473
299.853463956291
299.959107045841
300.059042172123
300.159269335138
300.255788534884
300.351599771362
300.444703044572
300.540098354515
300.634785701189
300.724765084596
300.817036504734
300.909599961605
301.003455455207
301.098602985542
301.197042552609
301.293774156408
301.389797796938
301.486113474201
301.581721188196
301.675620938923
301.770812726382
301.870296550573
301.966072411496
302.064140309152
302.158500243539
302.257152214658
302.357096222509
302.459332267093
302.563860348408
302.669680466456
302.775792621235
302.881196812747
302.98889304099
303.095881305966
303.203161607674
303.305733946114
303.409598321286
303.51375473319
303.617203181825
303.718943667193
303.825976189293
303.934300748126
304.04391734369
304.156825975986
304.271026645014
304.385519350775
304.499304093267
304.613380872491
304.723749688448
304.837410541136
304.956363430557
305.070608356709
305.183145319594
305.294974319211
305.40609535556
305.51350842864
305.620213538453
305.727210684998
305.835499868275
305.940081088284
306.041954345025
306.149119638498
306.246576968704
306.348326335641
306.44436773931
306.539701179711
306.636326656845
306.73224417071
306.824453721308
306.915955308637
307.010748932699
307.103834593493
307.199212291018
307.294882025276
307.393843796266
307.490097603988
307.587643448441
307.684481329627
307.780611247545
307.876033202195
307.973747193577
308.071753221692
308.167051286538
308.264641388116
308.359523526426
308.458697701469
308.561163913243
308.66492216175
308.770972446988
308.875314768959
308.981949127661
309.088875523096
309.194093955262
309.300604424161
309.404406929792
309.505501472155
309.60988805125
309.715566667077
309.818537319636
309.923800008927
310.03135473495
310.141201497705
310.250340297192
310.364771133412
310.479494006363
310.592508916046
310.705815862462
310.817414845609
310.931305865489
311.0504889221
311.166964015444
311.27973114552
311.391790312327
311.505141515867
311.616784756139
311.724720033143
311.831947346879
311.939466697347
312.048278084547
312.152381508479
312.259776969143
312.358464466539
312.457444000667
312.558715571528
312.65527917912
312.750134823444
312.846282504501
312.937722222289
313.02945397681
313.123477768062
313.215793596047
313.310401460764
313.406301362213
313.504493300393
313.599977275306
313.697753286951
313.794821335328
313.889181420437
313.985833542278
314.085777700851
314.186013896156
314.280542128194
314.380362396963
314.478474702464
314.577879044697
314.678575423663
314.78156383936
314.88784429179
314.993416780951
315.100281306845
315.205437869471
315.310886468828
315.417627104918
315.52265977774
315.624984487294
315.72760123358
315.833510016598
315.937710836348
316.04320369283
316.149988586044
316.25806551599
316.368434482668
316.479095486079
316.594048526221
316.708293603095
316.823830716702
316.93665986704
317.048781054111
317.165194277913
317.284899538448
317.397896835715
317.510186169714
317.623767540444
317.736640947907
317.844806392102
317.953263873029
318.060013390688
318.168054945079
318.271388536202
318.377014164057
318.478931828644
318.576141529964
318.675643268015
318.774437042798
318.869522854314
318.965900702561
319.060570587541
319.152532509252
319.246786467696
319.340332462871
319.435170494779
319.529300563419
319.626722668791
319.723436810895
319.821442989731
319.919741205299
320.012331457599
320.106213746631
320.204388072395
320.302854434891
320.396612834119
320.490663270079
320.588005742772
320.688640252196
320.785566798352
320.888785381241
320.993296000861
321.099098657214
321.203193350299
321.307580080115
321.415258846664
321.519229649945
321.625492489958
321.729047366702
321.828894280179
321.933033230388
322.036464217329
322.138187241002
322.242202301408
322.348509398545
322.456108532414
322.566999703015
322.677182910349
322.791658154414
322.905425435211
323.018484752741
323.128836107003
323.238479497996
323.354414925722
323.46964239018
323.581161891369
323.691973429291
323.803077003945
323.914472615331
324.021160263449
324.127139948299
324.234411669881
324.338975428195
324.438831223241
324.546979055019
324.644418923529
324.742150828772
324.839174770746
324.936490749453
325.030098764891
325.123998817062
325.217190905964
325.307675031599
325.401451193965
325.493519393064
325.587879628895
325.683531901458
325.778476210753
325.87371255678
325.971240939539
326.06606135903
326.158173815253
326.251578308208
326.346274837895
326.441263404314
326.535544007465
326.631116647349
326.728981323964
326.824138037312
326.918586787391
327.021327574203
327.125360397746
327.229685258022
327.334302155029
327.438211088769
327.544412059241
327.646905066445
327.751690110381
327.854767191049
327.954136308449
328.056797462581
328.159750653445
328.261995881041
328.365533145369
328.470362446429
328.576483784222
328.684897158746
328.794602570002
328.907600017991
329.019889502711
329.130471024164
329.240344582349
329.349510177265
329.462967808914
329.578717477295
329.690759182408
329.800092924252
329.909718702829
330.019636518138
330.125846370179
330.233348258952
330.339142184457
330.442228146695
330.546606145664
330.648276181365
330.753238253798
330.849492362964
330.947038508861
331.044876691491
331.139006910852
331.231429166946
331.326143459771
331.417149789329
331.507448155619
331.599038558641
331.691920998394
331.78609547488
331.880561988098
331.975320538048
332.07037112473
332.165713748144
332.26234840829
332.354275105169
332.448493838779
332.542004609121
332.636807416196
332.729902260002
332.82728914054
332.920968057811
333.014939011813
333.114202002548
333.216757030015
333.320604094213
333.421743195144
333.527174332807
333.631897507202
333.735912718329
333.839219966188
333.943819250779
334.046710572102
334.146893930157
334.248369324944
334.351136756463
334.451196224714
334.554547729698
334.658191271413
334.763126849861
334.87035446504
334.982874116952
335.094685805595
335.206789530971
335.318185293078
335.428873091918
335.53685292749
335.648124799794
335.76268870883
335.872544654598
335.982692637098
336.09213265633
336.201864712294
336.30788880499
336.415204934418
336.521813100578
336.62571330347
336.728905543095
336.830389819451
336.93516613254
337.03223448236
337.130594868913
337.226247292197
337.320191752214
337.414428248963
337.507956782443
337.597777352656
337.686889959601
337.777294603278
337.867991283687
337.959980000828
338.053260754701
338.147833545306
338.241698372643
338.336855236712
338.431304137514
338.523045075047
338.615078049312
338.70940306031
338.802020108039
338.895929192501
338.990130313694
339.08362347162
339.176408666277
339.270485897667
339.371855165789
339.473516470643
339.575469812228
339.678715190546
339.783252605596
339.888082057378
339.991203545892
340.093617071139
340.195322633117
340.294320231827
340.394609867269
340.496191539444
340.59706524835
340.696230993988
340.799688776359
340.901438595461
341.010480451296
341.118814343862
341.229440273161
341.340358239192
341.450568241955
341.560070281449
341.667864357676
341.776950470635
341.890328620326
342.001998806749
342.110961029904
342.218215289792
342.326761586411
342.433599919762
342.537730289845
342.642152696661
342.746867140208
342.850873620487
342.951172137499
343.055762691242
343.156645281718
343.250819908926
343.347286572865
343.443045273537
343.535096010941
343.626438785077
343.719073595945
343.809000443545
343.897219327876
343.987730248941
344.077533206737
344.170628201265
344.264015232525
344.357694300517
344.451665405241
344.545928546698
344.638483724886
344.728330939807
344.820470191459
344.913901479844
345.00562480496
345.096640166809
345.18994756539
345.282547000703
345.373438472747
345.466621981524
345.568097527033
345.670865109274
345.771924728247
345.873276383952
345.974920076389
346.078855805559
346.18108357146
346.283603374093
346.384415213458
346.478519089556
346.578915002385
346.679602951947
346.77958293824
346.871854961266
346.974419021023
347.077275117513
347.183423250735
347.290863420689
347.400595627375
347.510619870792
347.619936150942
347.728544467824
347.835444821438
347.943637211785
348.055121638863
348.165898102673
348.273966603215
348.381327140489
348.488979714496
348.596924325234
348.701160972705
348.807689656907
348.910510377842
349.013623135508
349.119027929907
349.218724761038
349.3207136289
349.416994533495
349.513567474822
349.609432452881
349.701589467672
349.792038519195
349.88377960745
349.972812732437
350.060137894156
350.148755092608
350.237664327791
350.327865599706
350.419358908354
350.511144253733
350.605221635844
350.698591054688
350.790252510264
350.881206002571
350.974451531611
351.066989097383
351.157818699886
351.249940339122
351.34135401509
351.43405972779
351.524057477222
351.616347263386
351.716929086282
351.81880294591
351.91896884227
352.021426775363
352.124176745187
352.225218751743
352.328552795032
352.429178875052
352.532096991805
352.631307145289
352.723809335506
352.822603562454
352.923689826135
353.016068126548
353.109738463693
353.21070083757
353.312955248178
353.418501695519
353.525340179592
353.634470700398
353.742893257935
353.851607852204
353.959614483205
354.065913150938
354.174503855404
354.285386596601
354.39456137453
354.502028189192
354.608787040585
354.713837928711
354.819180853568
354.920815815158
355.02574281348
355.125961848534
355.229472920319
355.330276028837
355.432371174087
355.532758356069
355.628437574783
355.724408830229
355.818672122408
355.910227451318
356.00007481696
356.091214219334
356.177645658441
356.264369134279
356.352384646849
356.439692196152
356.530291782186
356.620183404953
356.711367064452
356.804842760682
356.899610493645
356.99167026334
357.082022069767
357.172665912926
357.263601792817
357.35382970944
357.445349662795
357.536161652882
357.628265679701
357.718661743252
357.810349843535
357.904329980551
358.003602154298
358.104166364777
358.205022611989
358.307170895932
358.406611216608
358.507343574016
358.601367968155
358.700684399027
358.794292866631
358.887193370967
358.980385912034
359.079870489834
359.172647104366
359.26471575563
359.364076443626
359.464729168354
359.569673929815
359.674910728007
359.782439562931
359.890260434587
359.997373342976
360.104778288096
360.211475269949
360.318464288533
360.42674534385
360.536318435898
360.642183564679
360.748340730192
360.854789932437
360.959531171413
361.061564447122
361.165889759563
361.266507108736
361.367416494641
361.470617917278
361.570111376648
361.671896872749
361.766974405582
361.863343975147
361.959005581445
362.049959224474
362.139204904235
362.228742620729
362.318572373955
362.404694163912
362.490107990602
362.576813854023
362.667811754177
362.757101691063
362.847683664681
362.939557675031
363.031723722113
363.125181805927
363.214931926473
363.303974083751
363.394308277761
363.481934508503
363.571852775978
363.662063080184
363.751565421122
363.840359798793
363.930446213195
364.02282466433
364.117495152196
364.211457676795
364.311712238125
364.412258836188
364.514097470983
364.61422814251
364.708650850769
364.80336559576
364.904372377483
364.997671195938
365.087262051125
365.180144943044
365.273319871695
365.364786837078
365.455545839194
365.549596878041
365.65093995362
365.755575065932
365.860502214975
365.966721400751
366.074232623258
366.181035882498
366.28713117847
366.392518511173
366.498197880609
366.609169286777
366.716432729677
366.820988209309
366.923835725673
367.026975278769
367.131406868597
367.232130495157
367.333146158449
367.431453858474
367.53205359523
367.634945368718
367.734129178939
367.835605025891
367.931372909576
368.026432829992
368.121784787141
368.212428781022
368.300364811634
368.388592878979
368.481112983056
368.566925123865
368.652029301406
368.738425515679
368.825113766684
368.912094054421
369.00136637889
369.091930740091
369.184787138024
369.275935572689
369.365376044087
369.456108552216
369.545133097077
369.634449678671
369.724058296997
369.815958952054
369.906151643844
369.994636372365
370.082413137619
370.172481939605
370.264842778323
370.357495653773
370.451440565955
370.546677514869
370.646206500515
370.745027522893
370.845140582003
370.937545677845
371.031242810419
371.124231979726
371.214513185764
371.307086428534
371.398951708037
371.490109024271
371.579558377238
371.672299766936
371.771333193367
371.87365865653
371.977276156425
372.081185693051
372.18738726641
372.294880876501
372.400666523324
372.505744206879
372.609113927166
372.714775684185
372.821729477936
372.92697530842
373.031513175635
373.134343079582
373.236465020262
373.339878997673
373.438585011816
373.538583062692
373.6368731503
373.737455274639
373.836329435711
373.933495633515
374.03395386805
374.124704139318
374.220746447318
374.31608079205
374.404707173514
374.49062559171
374.579836046638
374.666338538298
374.75013306669
374.835219631815
374.921598233671
375.008268872259
375.09623154758
375.185486259632
375.275033008417
375.365871793933
375.456002616182
375.545425475162
375.634140370875
375.72414730332
375.812446272497
375.902037278405
375.992920321046
376.082095400419
376.169562516524
376.257321669361
376.34837285893
376.439716085232
376.532351348265
376.62627864803
376.719497984527
376.814009357757
376.913812767718
377.013908214412
377.106295697837
377.199975217995
377.292946774884
377.382210368506
377.47276599886
377.563613665945
377.654753369763
377.743185110313
377.834908887595
377.935924701609
378.037232552355
378.139832439833
378.244724364043
378.349908324985
378.455384322659
378.560152357066
378.666212428204
378.769564536074
378.875208680677
378.982144862011
379.088373080078
379.191893334876
379.291705626407
379.39180995467
379.492206319664
379.592894721391
379.69087515985
379.789147635041
379.886712146964
379.988568695619
380.085717281006
380.185157903125
380.278890561976
380.370915257559
380.465231989875
380.555840758922
380.643741564701
380.729934407213
380.817419286456
380.901196202432
380.983265155139
381.067626144579
381.15227917075
381.238224233654
381.32446133329
381.411990469658
381.501811642758
381.59192485259
381.683330099153
381.772027382449
381.861016702478
381.949298059238
382.03687145273
382.125736882954
382.21389434991
382.302343853599
382.389085394019
382.477118971171
382.568444585056
382.660062235672
382.751971923021
382.844173647102
382.937667407914
383.036453205459
383.128531039736
383.222900910745
383.314562818485
383.406516762958
383.497762744163
383.5883007621
383.679130816769
383.769252908171
383.858667036304
383.947373201169
384.037371402766
384.130661641096
384.231243916157
384.333118227951
384.436284576476
384.540742961734
384.645493383723
384.750535842445
384.854870337899
384.958496870084
385.062415439002
385.169626044652
385.275128687034
385.377923366148
385.478010081994
385.578388834572
385.676059623882
385.774022449924
385.871277312698
385.967824212205
386.064663148443
386.163794121413
386.261217131116
386.35893217755
386.452939260717
386.544238380615
386.638829537246
386.728712730608
386.815887960703
386.90235522753
386.991114531089
387.07416587138
387.157509248403
387.241144662158
387.326072112645
387.410291599864
387.494803123815
387.580606684498
387.668702281913
387.75608991606
387.84376958694
387.931741294551
388.018005038895
388.10456081997
388.191408637778
388.279548492317
388.368980383589
388.455704311593
388.540720276328
388.627028277796
388.713628315996
388.802520390928
388.892704502592
388.982180650988
389.074948836116
389.165009057976
389.257361316568
389.349005611892
389.440941943948
389.531170312737
389.622690718257
389.71250316051
389.800607639494
389.889004155211
389.979692707659
390.06967329684
390.158945922752
390.250510585397
390.343367284774
390.443516020883
390.544956793723
390.647689603296
390.750714449601
390.853031332638
390.955640252407
391.059541208908
391.159734202142
391.262219232107
391.368996298804
391.474065402233
391.574426542395
391.672079719288
391.770024932914
391.869262183271
391.965791470361
392.061612794182
392.157726154736
392.255131552022
392.35282898604
392.448818456789
392.546099964271
392.639673508485
392.731539089431
392.823696707109
392.915146361519
393.001888052662
393.085921780536
393.173247545142
393.25586534648
393.336775184551
393.419977059353
393.503470970887
393.587256919154
393.671334904153
393.755704925883
393.842366984346
393.92932107954
394.016567211467
394.102105380126
394.188935585517
394.27405782764
394.360472106495
394.447178422082
394.535176774401
394.624467163452
394.708049589235
394.79392405175
394.882090550997
394.971549086977
395.060299659688
395.149342269132
395.241676915307
395.334303598215
395.426222317854
395.516433074226
395.606935867329
395.696730697165
395.787817563733
395.877196467033
395.963867407065
396.051830383829
396.141085397325
396.229632447553
396.315471534513
396.405602658205
396.500025818629
396.593741015785
396.693748249673
396.795047520294
396.897638827646
397.00052217173
397.102697552547
397.205164970096
397.306924424376
397.406975915389
397.511319443133
397.61695500761
397.716882608819
397.81610224676
397.913613921433
398.011417632838
398.109513380975
398.203901165844
398.299580987445
398.397552845778
398.494816740843
398.59137267264
398.68422064117
398.781360646431
398.871792688424
398.96551676715
399.056532882607
399.144841034797
399.228441223719
399.313333449372
399.397517711758
399.479994010876
399.559762346726
399.641822719307
399.724175128621
399.806819574667
399.889756057445
399.973984576955
400.059505133197
400.146317726172
400.233422355878
400.319819022316
400.406507725486
400.489488465389
400.574761242023
400.66132605539
400.749182905488
400.834331792319
400.917772715881
401.003505676176
401.092530673203
401.180847706962
401.270456777452
401.360357884675
401.45155102863
401.543036209317
401.633813426736
401.722882680887
401.81324397177
401.901897299386
401.991842663733
402.080080064812
402.166609502623
402.255430977167
402.343544488442
402.43095003645
402.516647621189
402.606637242661
402.697918900865
402.7894925958
402.882358327468
402.982516095868
403.082965901
403.184707742864
403.285741621459
403.388067536787
403.488685488848
403.58359547764
403.684797503164
403.78929156542
403.893077664408
403.992155800129
404.088525972581
404.183188181765
404.281142427682
404.37538871033
404.469927029711
404.564757385823
404.660879778668
404.755294208245
404.848000674554
404.942999177594
405.036289717367
405.124872293872
405.213746907109
405.299913557078
405.384372243779
405.468122967212
405.553165727378
405.636500524275
405.716127357904
405.798046228265
405.879257135359
405.960760079184
406.043555059742
406.126642077031
406.212021131053
406.295692221806
406.378655349292
406.46491051351
406.55145771446
406.634296952142
406.718428226555
406.804851537701
406.891566885579
406.977574270189
407.061873691532
407.147465149606
407.234348644412
407.32252417595
407.40699174422
407.494751349223
407.583802990957
407.673146669424
407.761782384622
407.851710136553
407.938929925215
408.02744175061
408.115245612737
408.204341511595
408.291729447186
408.378409419509
408.465381428564
408.552645474351
408.64020155687
408.724049676121
408.813189832104
408.903622024819
408.994346254267
409.088362520446
409.189670823357
409.284271163001
409.386163539376
409.486347952483
409.586824402323
409.687592888895
409.781653412198
409.883005972234
409.986650569002
410.088587202501
410.186815872733
410.281336579697
410.378149323393
410.474254103821
410.567650920981
410.661339774873
410.754320665497
410.848593592853
410.943158556942
411.039015557762
411.134164595314
411.225605669599
411.314338780615
411.402363928364
411.489681112844
411.573290334057
411.656191592001
411.739384886678
411.822870218087
411.901647586228
411.9807169911
412.062078432705
412.143731911042
412.226677426111
412.308914977912
412.392444566445
412.477266191711
412.560379853708
412.644785552437
412.731483287898
412.814473060092
412.896754869017
412.982328714675
413.066194597064
413.152352516186
413.235802472039
413.320544464625
413.407578493943
413.495904559992
413.579522662774
413.665432802288
413.752634978534
413.841129191512
413.929915441222
414.017993727664
414.105364050838
414.193026410744
414.281980807383
414.370227240753
414.457765710855
414.54359621769
414.627718761256
414.714133341555
414.801839958585
414.887838612348
414.973129302842
415.061712030069
415.151586794028
415.242753594719
415.334212432141
415.426963306296
415.520006217183
415.613341164802
415.706968149153
415.806887170236
415.901098228052
415.994601322599
416.095396453878
416.196483621889
416.295862826633
416.395534068108
416.489497346315
416.586752661255
416.682300012927
416.77413940133
416.867270826466
416.959694288334
417.052409786933
417.144417322265
417.236716894329
417.330308503125
417.424192148653
417.511367830913
417.600835549905
417.688595305629
417.772647098085
417.853990927273
417.935626793194
418.019554695846
418.09977463523
418.178286611347
418.257090624195
418.337186673776
418.417574760088
418.499254883133
418.58222704291
418.665491239418
418.748047472659
418.830895742632
418.915036049337
418.997468392774
419.079192772943
419.162209189844
419.246517643477
419.332118133842
419.415010660939
419.497195224768
419.58167182533
419.667440462623
419.754501136649
419.839853847406
419.925498594895
420.012435379117
420.098664200071
420.186185057756
420.273997952174
420.360102883324
420.448499851205
420.535188855819
420.623169897165
420.709442975243
420.794008090053
420.877865241595
420.963014429869
421.048455654876
421.134188916614
421.221214215084
421.309531550286
421.397140922221
421.487042330887
421.579235776286
421.671721258416
421.764498777279
421.856568332873
421.9489299252
422.041583554259
422.13352922005
422.225766922572
422.324296661827
422.424118437814
422.518232250533
422.612638099984
422.707335986167
422.801325909082
422.89560786873
422.987181865109
423.08004789822
423.172205968063
423.263656074639
423.357398217946
423.448432397986
423.538758614757
423.631376868261
423.716287158497
423.802489485464
423.887983849164
423.970770249596
424.05084868676
424.131219160656
424.211881671283
424.289836218643
424.367082802736
424.44562142356
424.525452081116
424.605574775404
424.686989506424
424.768696274176
424.849695078661
424.929985919877
425.013568797826
425.096443712506
425.177610663919
425.257069652063
425.33782067694
425.419863738549
425.50419883689
425.586825971962
425.668745143767
425.750956352304
425.834459597573
425.919254879574
426.004342198307
426.089721553772
426.17639294597
426.265356374899
426.35261184056
426.439159342953
426.523998882079
426.612130457936
426.698554070526
426.783269719847
426.869277405901
426.953577128686
427.037168888204
427.122052684454
427.208228517436
427.292696387149
427.377456293595
427.465508236773
427.552852216683
427.552852216683
427.575834230027
427.621798256714
427.690744296744
427.782672350118
427.875317218185
427.968678900945
428.062757398398
428.157552710543
428.253064837381
428.334932374671
428.403155322413
428.457733680606
428.498667449251
428.525956628347
428.539601217896
428.539601217896
428.539601217896
428.539601217896
428.539601217896
428.539601217896
428.539601217896
428.56059429552
428.602580450769
428.665559683643
428.749531994142
428.749531994142
428.769921090132
428.810699282114
428.871866570086
428.953422954048
429.033271374743
429.108411832169
429.183844326328
429.260568857219
429.337585424842
429.416894029196
429.495494670283
429.576387348102
429.657572062653
429.739048813936
429.819817601952
429.902878426699
429.984231288178
430.063876186389
430.143813121332
430.225042093008
430.308563101415
430.391376146555
430.475481228426
430.55787834703
430.642567502366
430.725548694433
430.809821923233
430.895387188765
430.981244491029
431.066393830024
431.151835205752
431.238568618212
431.323594067404
431.409911553328
431.496521075985
431.581422635373
431.666616231493
431.750101864345
431.83287953393
431.917949240246
432.002310983294
432.085964763075
432.169910579588
432.257148432832
432.343678322809
432.430500249517
432.518614212958
432.608020213131
432.698718250036
432.789708323673
432.880990434042
432.971564581143
433.063430764976
433.153588985541
433.243039242838
433.334781536867
433.429815867628
433.524142235122
433.616760639347
433.708671080304
433.800873557994
433.892368072415
433.986154623569
434.077233211455
434.166603836072
434.257266497422
434.346221195504
434.435467930317
434.524006701863
434.616837510141
434.703960355151
434.788375236893
434.873082155367
434.955081110573
435.034372102512
435.112955131182
435.190830196584
435.268997298718
435.344456437585
435.419207613183
435.497250825514
435.572586074576
435.651213360371
435.730132682898
435.809344042156
435.889847438147
435.97064287087
436.050730340325
436.133109846511
436.21278138943
436.291744969081
436.371000585464
436.450548238579
436.532387928427
436.613519655006
436.694943418317
436.77565921836
436.857667055136
436.936966928643
437.017558838883
437.098442785854
437.184618769558
437.271086789993
437.354846847161
437.439898941061
437.525243071692
437.610879239056
437.699807443152
437.78402768398
437.86853996154
437.952344275832
438.033440626856
438.114829014612
438.1985094391
438.28248190032
438.364746398273
438.448302932957
438.533151504373
438.619292112522
438.705724757402
438.793449439015
438.881466157359
438.971774912436
439.063375704245
439.153268532785
439.243453398058
439.332930300063
439.4226992388
439.513760214269
439.60611322647
439.700758275403
439.791695361068
439.881924483465
439.973445642594
440.065258838455
440.154364071049
440.243761340374
440.333450646431
440.422431989221
440.512705368742
440.601270784996
440.689128237981
440.782277727699
440.871719254149
440.953452817331
441.037478417244
441.12079605389
441.201405727268
441.280307437378
441.35750118422
441.434986967794
441.5117647881
441.585834645138
441.659196538909
441.734850469411
441.810796436645
441.888034440612
441.96556448131
442.04338655874
442.122500672903
442.201906823798
442.281605011424
442.363595235783
442.443877496873
442.521451794696
442.601318129251
442.680476500538
442.761926908557
442.841669353308
442.920703834791
443.002030353006
443.085648907953
443.166559499632
443.246762128043
443.329256793187
443.415043495062
443.499122233669
443.583493009009
443.66915582108
443.754110669884
443.838357555419
443.924896477687
444.007727436687
444.089850432418
444.172265464882
444.254972534078
444.335971640006
444.419262782666
444.500845962058
444.583721178182
444.665888431038
444.748347720626
444.833099046946
444.918142409999
445.004477809783
445.092105246299
445.180024719548
445.269236229528
445.357739776241
445.446535359685
445.534622979862
445.623002636771
445.711674330411
445.802638060784
445.894893827889
445.988441631726
446.077281472295
446.166413349596
446.255837263629
446.345553214394
446.437561201891
446.52686122612
446.616453287081
446.705337384775
446.7925135192
446.880981690357
446.966741898247
447.053794142868
447.145138424222
447.224774742307
447.306703097125
447.387923488675
447.470435916956
447.54824038197
447.624336883716
447.701725422194
447.776405997404
447.850378609346
447.92364325802
447.996199943426
448.071048665564
448.147189424434
448.224622220036
448.301347052371
448.379363921437
448.457672827235
448.537273769766
448.616166749028
448.695351765023
448.773828817749
448.852597907208
448.932659033399
449.014012196322
449.093657395976
449.173594632363
449.252823905482
449.334345215333
449.415158561916
449.495263945231
449.576661365278
449.660350822057
449.744332315569
449.827605845812
449.913171412787
449.998029016495
450.083178656934
450.167620334105
450.252354048009
450.334379798644
450.417697586012
450.498307410112
450.579209270943
450.660403168507
450.741889102803
450.823667073831
450.904737081591
450.986099126083
451.069753207307
451.153699325263
451.237937479951
451.323467671371
451.410289899523
451.497404164408
451.585810466024
451.673508804372
451.761499179453
451.848781591265
451.93635603981
452.024222525087
452.114381047095
452.204831605836
452.292574201309
452.385608833513
452.47393550245
452.562554208119
452.65146495052
452.740667729653
452.828162545518
452.917949398115
453.006028287444
453.092399213506
453.180062176299
453.266017175824
453.354264212082
453.440803285071
453.520634394792
453.601757541246
453.683172724431
453.760879944349
453.835879200999
453.91017049438
453.985753824494
454.06262919134
454.128796594918
454.194256035228
454.26800751227
454.341051026044
454.41638657655
454.493014163788
454.568933787758
454.64514544846
454.723649145895
454.803444880061
454.881532650959
454.95891245859
455.034584302952
455.110548184047
455.187804101873
455.267352056432
455.346192047723
455.426324075745
455.5067481405
455.589464241987
455.666472380206
455.744772555157
455.82436476684
455.906249015255
455.990425300402
456.073893622281
456.155653980892
456.238706376235
456.322050808311
456.404687277118
456.489615782657
456.571836324929
456.654348903932
456.736153519668
456.816250172135
456.895638861335
456.975319587267
457.055292349931
457.134557149326
457.214113985454
457.295962858314
457.379103767906
457.46253671423
457.548261697286
457.633278717074
457.719587773594
457.806188866847
457.893081996831
457.980267163547
458.066744366996
458.153513607176
458.238574884088
458.327928197733
458.417573548109
458.507510935218
458.593740359059
458.681261819631
458.770075316936
458.856180850973
458.945578421742
459.032268029243
459.118249673476
459.205523354441
459.291089072138
459.375946826567
459.462096617728
459.546538445622
459.633272310247
459.717298211604
459.795616149694
459.876226124515
459.956128136068
460.032322184354
460.108808269371
460.182586391121
460.256656549603
460.330018744817
460.394672976762
460.45761924544
460.53185755085
460.597387892992
460.670210271866
460.745324687472
460.81973113981
460.89542962888
460.973420154682
461.051702717217
461.130277316483
461.206143952481
461.281302625212
461.357753334674
461.435496080869
461.513530863795
461.589857683454
461.666476539845
461.743387432967
461.823590362822
461.904085329409
461.982872332728
462.062951372779
462.142322449562
462.223985563077
462.305940713324
462.387187900303
462.469727124014
462.552558384457
462.636681681632
462.72009701554
462.802804386179
462.883803793551
462.965095237654
463.04467871849
463.123554236057
463.202721790357
463.282181381388
463.362933009152
463.441976673648
463.521312374876
463.601940112836
463.684859887528
463.768071698952
463.852575547108
463.937371431996
464.022459353616
464.107839311968
464.193511307052
464.278475338869
464.364731407417
464.450279512697
464.53511965471
464.621251833454
464.710676048931
464.799392301139
464.88440059008
464.968700915753
465.055293278157
465.141177677294
465.226354113163
465.311822585764
465.401583095097
465.485635641162
465.569980223959
465.654616843488
465.738545499749
465.822766192742
465.908278922468
465.994083688925
466.072180492114
466.150569332036
466.228250208689
466.304223122075
466.377488072192
466.449045059042
466.521894082623
466.595035142937
466.658468239983
466.722193373761
466.788210544271
466.852519751513
466.925120995487
466.998014276193
467.071199593631
467.145676947801
467.220446338703
467.297507766337
467.374861230704
467.451506731802
467.527444269632
467.601673844195
467.677195455489
467.755009103516
467.832114788274
467.909512509765
467.988202267988
468.065184062942
468.142457894629
468.219023763048
468.296881668199
468.376031610082
468.455473588697
468.534207604044
468.613233656123
468.693551744934
468.775161870477
468.857064032753
468.93825823176
469.020744467499
469.101522739971
469.181593049174
469.26195539511
469.340609777777
469.418556197177
469.496794653308
469.575325146172
469.654147675768
469.732262242096
469.809668845156
469.890367484947
469.970358161471
470.053640874727
470.137215624716
470.220082411436
470.303241234888
470.387692095072
470.471434991988
470.555469925637
470.638796896017
470.722415903129
470.805326946974
470.89053002755
470.977025144859
471.0648122989
471.148891489672
471.234262717177
471.318925981414
471.402881282383
471.487128620084
471.572667994517
471.656499405681
471.744622853579
471.826038338208
471.908745859569
471.992745417662
472.076037012487
472.159620644044
472.245496312334
472.321664017355
472.398123759109
472.475875537594
472.551919352812
472.626255204761
472.690883093443
472.756803018857
472.830014981002
472.89351897988
472.95531501549
473.017403087832
473.080783196906
473.144455342712
473.21741952525
473.28267574452
473.355224000522
473.429064293256
473.505196622723
473.580620988921
473.658337391851
473.734345831514
473.808646307908
473.882238821035
473.957123370893
474.032299957484
474.107768580807
474.184529240861
474.259581937648
474.335926671167
474.413563441418
474.488492248401
474.565713092116
474.644225972563
474.725030889742
474.803127843653
474.881516834296
474.962197861671
475.044170925779
475.125436026618
475.204993164189
475.286842338493
475.365983549528
475.445416797296
475.525142081795
475.604159403027
475.680468760991
475.757070155687
475.833963587114
475.912149055274
475.988626560166
476.06639610179
476.144457680146
476.222811295234
476.303456947054
476.386394635606
476.46862436089
476.551146122907
476.634959921655
476.718065757135
476.801463629348
476.885153538292
476.967135483969
477.050409466377
477.133975485518
477.21683354139
477.301983633995
477.386425763332
477.470159929401
477.553186132202
477.634504371734
477.718114647999
477.803016960996
477.885211310726
477.971697697187
478.05247612038
478.135546580305
478.217909076962
478.301563610352
478.384510180473
478.467748787326
478.550279430912
478.624102111229
478.699216828279
478.775623582061
478.849322372574
478.91431319982
478.977596063798
479.042170964508
479.107037901949
479.167196876123
479.227647887029
479.289390934667
479.351426019038
479.41475314014
479.478372297974
479.54228349254
479.605486723838
479.678981991869
479.754769296631
479.829848638126
479.904220016352
479.979883431311
480.052838883001
480.118086371424
480.190625896579
480.254457458465
480.318581057084
480.393996692435
480.470704364518
480.546704073333
480.60999581888
480.683579601159
480.75945542017
480.836623275913
480.913083168388
480.991835097596
481.069879063535
481.149215066206
481.22884310561
481.308763181745
481.388975294613
481.469479444212
481.549275630544
481.627363853608
481.704744113403
481.782416409931
481.859380743191
481.934637113183
482.011185519907
482.089025963363
482.165158443551
482.240582960471
482.317299514123
482.396308104507
482.476608731623
482.556201395472
482.636086096052
482.716262833364
482.797731607409
482.880492418185
482.961545265694
483.042890149934
483.124527070907
483.206456028612
483.287677023049
483.370190054217
483.452995122118
483.537092226751
483.619481368116
483.702162546213
483.784135761042
483.865401012603
483.946958300896
484.031807625922
484.111948987679
484.194382386168
484.275107821389
484.356125293343
484.437434802028
484.519036347446
484.599929929595
484.682115548477
484.764593204091
484.838362896436
484.913424625514
484.986778391324
485.060424193866
485.12436203314
485.186591909146
485.250113821884
485.314927771354
485.374033757556
485.43343178049
485.496121840156
485.557103936555
485.618378069685
485.680944239547
485.744802446142
485.807952689468
485.872394969527
485.946129286317
486.02015563984
486.093474030095
486.168084457081
486.2329869208
486.296181421251
486.360667958434
486.424446532349
486.486517142996
486.549879790375
486.624534474486
486.688481195329
486.763719952904
486.837250747211
486.900073578251
486.964188446022
487.040595350526
487.119294291761
487.196285269729
487.273568284428
487.35014333586
487.429010424023
487.509169548919
487.587620710547
487.666363908907
487.744399143998
487.821726415822
487.899345724378
487.975257069666
488.050460451686
488.123955870438
488.199743325923
488.275822818139
488.351194347087
488.424857912767
488.49981351518
488.576061154324
488.653600830201
488.731432542809
488.81055629215
488.889972078222
488.969679901027
489.051679760564
489.131971656833
489.212555589833
489.293431559566
489.373599566031
489.453059609228
489.533811689157
489.615855805818
489.698191959211
489.778820149337
489.860740376194
489.943952639783
490.022456940105
490.103253277158
490.185341650943
490.265722061461
490.34739450871
490.426358992692
490.507615513406
490.587164070851
490.669004665029
490.748137295939
490.828561963581
490.908278667955
490.982287409061
491.055588186898
491.130181001469
491.203065852771
491.267242740805
491.329711665571
491.392472627069
491.4585256253
491.520870660262
491.580507731956
491.638436840383
491.697657985541
491.757171167432
491.816976386054
491.879073641409
491.941462933496
492.003144262315
492.067117627865
492.140383030148
492.204940469163
492.27778994491
492.342931457389
492.4063650066
492.470090592543
492.532108215219
492.595417874626
492.658019570765
492.722913303636
492.78609907324
492.849576879575
492.911346722643
492.972408602442
493.034762518974
493.097408472237
493.173346462233
493.250576488961
493.328098552421
493.404912652612
493.483018789536
493.561416963192
493.64010717358
493.7180894207
493.795363704552
493.872930025137
493.949788382453
494.026938776501
494.102381207281
494.177115674794
494.251142179038
494.325460720015
494.400071297723
494.473973912164
494.547168563336
494.620655251241
494.696433975878
494.773504737246
494.849867535347
494.92752237018
495.005469241745
495.084708150042
495.164239095071
495.244062076832
495.323177095325
495.40258415055
495.481283242507
495.562274371197
495.639557536618
495.722132738771
495.803999977657
495.885159253274
495.964610565624
496.045353914705
496.124389300519
496.202716723065
496.281336182342
496.363247678352
496.441451211094
496.519946780568
496.598734386774
496.677814029712
496.757185709382
496.837849425784
496.917805178918
496.997052968784
497.075592795382
497.148424658713
497.221548558775
497.298964495569
497.363672469096
497.425672479354
497.486964526345
497.547548610068
497.609424730522
497.670592887709
497.728053081628
497.783805312278
497.841849579661
497.900185883776
497.957814224623
498.018734602202
498.078947016513
498.140451467556
498.203247955331
498.268336479839
498.331717041078
498.396389639049
498.461354273752
498.526610945188
498.590159653355
498.652000398255
498.715133179886
498.77555799825
498.839274853346
498.903283745173
498.966584673733
499.028177639025
499.089062641049
499.150239679805
499.211708755293
499.275469867513
499.350523016465
499.427868202149
499.503505424565
499.579434683713
499.656655979594
499.734169312206
499.81197468155
499.887072087627
499.962461530435
500.038143009976
500.113116526248
500.189382079253
500.26193966899
500.327789295459
500.392930958659
500.466364658592
500.540090395257
500.606108168654
500.673417978783
500.747019825644
500.820913709237
500.896099629562
500.972577586619
501.049347580409
501.12740961093
501.204763678183
501.282409782169
501.361347922886
501.439578100336
501.518100314517
501.595914565431
501.676020853076
501.753419177454
501.830109538564
501.911091936406
501.99136637098
502.067932842286
502.146791350323
502.221941895093
502.300384476596
502.37911909483
502.459145749796
502.536464441494
502.613075169924
502.689977935087
502.767172736981
502.844659575608
502.925438450966
503.001509363057
503.078872311879
503.156527297434
503.23047431972
503.297713378739
503.37024447449
503.437067606973
503.500182776188
503.560589982135
503.621289224814
503.681280504225
503.742563820368
503.801139173243
503.85800656285
503.914165989189
503.972617452261
504.030360952064
504.088396488599
504.147724061867
504.208343671866
504.267255318598
504.329459002061
504.391954722257
504.454742479185
504.517822272845
504.581194103236
504.64385797036
504.705813874216
504.768061814804
504.828601792124
504.889433806176
504.95155785696
505.013973944476
505.075682068725
505.137682229705
505.197974427417
505.258558661861
505.319434933038
505.383603240946
505.448063585587
505.510815966959
505.574860385064
505.640196839901
505.717825331469
505.79474585977
505.870958424803
505.945463026568
506.020259665065
506.095348340294
506.168729052255
506.244401800948
506.317366586373
506.38362340853
506.449172267419
506.522013163041
506.594146095394
506.660571064479
506.726288070297
506.790297112846
506.863598192128
506.938191308141
507.012076460887
507.087253650365
507.161722876574
507.237484139516
507.31253743919
507.389882775596
507.465520148734
507.541449558604
507.617671005206
507.69418448854
507.771990008606
507.848087565404
507.925477158935
508.004158789197
508.083132456191
508.158398159918
508.234955900376
508.308805677567
508.385947491489
508.460381342144
508.53810722953
508.614125153649
508.6914351145
508.767037112083
508.840931146397
508.917117217444
508.994595325223
509.072365469734
509.147427650977
509.224781868953
509.29942812366
509.366366415099
509.43259674327
509.498119108174
509.560933509809
509.622039948176
509.681438423276
509.742128935107
509.805111483671
509.864386068966
509.919952690994
509.975811349754
510.031962045246
510.08940477747
510.147139546425
510.204166352113
510.262485194533
510.323096073685
510.382998989569
510.445193942186
510.507680931534
510.570459957614
510.634531020426
510.695894119971
510.757549256247
510.818496429256
510.878735638996
510.941266885469
511.003090168673
511.06520548861
511.128612845278
511.190312238679
511.250303668812
511.310587135677
511.371162639274
511.433030179603
511.496189756664
511.559641370457
511.622385020982
511.686420708239
511.760748432228
511.837368192949
511.913279990403
511.987483824588
512.051979695506
512.125767603155
512.198847547537
512.27121952865
512.343883546496
512.409839601073
512.474087692383
512.537627820425
512.602459985199
512.667584186705
512.732000424942
512.796708699912
512.861709011614
512.934001360049
513.006585745215
513.079462167113
513.152630625743
513.227091121105
513.3008436532
513.375888222026
513.451224827584
513.525853469875
513.600774148897
513.674986864652
513.751491617139
513.828288406357
513.902377232308
513.978758094991
514.058430994406
514.136395930552
514.211652903431
514.288201913042
514.362042959385
514.437176042461
514.512601162268
514.587318318807
514.663327512078
514.736628742082
514.810222008817
514.884107312284
514.958284652484
515.033754029415
515.109515443079
515.184568893474
515.263914380602
515.331551904462
515.403481465053
515.466703062377
515.531216696433
515.595022367221
515.656120074741
515.714509818993
515.772191599977
515.829165417693
515.888431272141
515.945989163322
516.001839091234
516.056981055878
516.113415057255
516.170141095363
516.227159170203
516.284469281776
516.342071430081
516.401965615117
516.462151836886
516.522630095387
516.58440039062
516.644462722584
516.706817091281
516.76846349671
516.829401938871
516.889632417764
516.948154933389
517.006969485746
517.066076074836
517.127474700657
517.19016536321
517.253148062495
517.313422798513
517.371989571262
517.430848380744
517.490999226957
517.551442109903
517.614177029581
517.67520398599
517.737522979132
517.801134009006
517.875037075612
517.95023217895
518.02371931902
518.088498495822
518.153569709356
518.226932959622
518.29958824662
518.36453557035
518.436774930812
518.500306328007
518.564129761933
518.626245232591
518.689652739982
518.755352284104
518.818343864959
518.882627482546
518.945203136864
519.017070827915
519.089230555698
519.160682320213
519.232426121459
519.304461959438
519.377789834149
519.450409745592
519.524321693767
519.597525678675
519.671021700314
519.744809758685
519.816889853788
519.890261985623
519.961926154191
520.03588235949
520.111130601522
520.186670880285
520.262503195781
520.335627548009
520.407043936968
520.48075236266
520.551752825084
520.62404532424
520.697629860128
520.768506432747
520.841675042099
520.912135688184
520.985888371
521.059933090548
521.134269846828
521.20789863984
521.275819469585
521.349032336061
521.422537239269
521.48533417921
521.548423155882
521.611804169287
521.673477219423
521.733442306292
521.792699429893
521.852248590225
521.90808978729
521.966223021087
522.021648291616
522.074365598877
522.12837494287
522.181676323595
522.236269741052
522.291155195241
522.347332686163
522.403802213816
522.460563778201
522.518617379319
522.577963017168
522.63860069175
522.698530403063
522.758752151109
522.818265935886
522.878071757396
522.937169615638
522.996559510612
523.055241442317
523.112215410755
523.170481415925
523.231039457827
523.292889536461
523.352031651827
523.411465803925
523.469191992756
523.528210218318
523.586520480612
523.647122779638
523.708017115397
523.770203487887
523.83068189711
523.893452343064
523.958514825751
524.02286934517
524.08751590132
524.151454494203
524.214685123818
524.279207790165
524.343022493244
524.408129233055
524.471528009598
524.534218822873
524.59420167288
524.656476559619
524.71904348309
524.781902443293
524.845053440229
524.907496473896
524.970231544296
525.035258651427
525.10157779529
525.168188975886
525.235092193214
525.303287447273
525.374774738065
525.446554065589
525.519625429845
525.591988830833
525.663644268553
525.735591743005
525.806831254189
525.878362802105
525.949186386753
526.022302008133
526.094709666245
526.16840936109
526.243401092666
526.315684860974
526.388260666015
526.458128507787
526.528288386292
526.599740301528
526.670484253497
526.742520242198
526.81084826763
526.882468329795
526.954380428692
527.022584564321
527.095080736682
527.167868945775
527.2389491916
527.305321474157
527.375985793446
527.446942149467
527.509190542221
527.569730971706
527.631563437923
527.690687940873
527.749104480554
527.804813056968
527.858813670113
527.913106319991
527.969691006601
528.025567729942
528.077736490016
528.131197286822
528.18595012036
528.24099499063
528.295331897632
528.349960841366
528.404881821832
528.46209483903
528.51959989296
528.577396983622
528.636486111017
528.693867275143
528.752540476001
528.811505713592
528.870762987914
528.930312298969
528.987153646755
529.042287031274
529.099712452524
529.158429910507
529.217439405222
529.278740936669
529.338334504848
529.397220109759
529.453397751402
529.510867429777
529.570629144884
529.630682896723
529.689028685294
529.749666510598
529.809596372633
529.8708182714
529.9343322069
529.997138179131
530.062236188095
530.12462623379
530.187308316218
530.251282435377
530.316548591269
530.380106783893
530.444957013249
530.506099279336
530.566533582156
530.625259921708
530.686278297992
530.745588711008
530.807191160756
530.869085647236
530.929272170449
530.989750730393
531.052521327069
531.116583960478
531.181938630618
531.247585337491
531.313524081095
531.378754861432
531.4492776785
531.520092532301
531.591199422834
531.662598350099
531.733289314095
531.803272314824
531.874547352285
531.945114426478
532.014973537403
532.08612468506
532.158567869449
532.231303090571
532.304330348424
532.375649643009
532.445260974327
532.514164342376
532.583359747157
532.654847188671
532.725626666916
532.793698181894
532.861061733604
532.928717322045
532.995664947219
533.063904609125
533.130436307763
533.204260043132
533.271375815234
533.334783624068
533.401483469634
533.465475351932
533.526759270963
533.586335226725
533.646203219219
533.705363248445
533.759815314404
533.815559417094
533.867595556517
533.921923732671
533.977543945558
534.031456195176
534.083660481527
534.13415680461
534.184945164424
534.238025560971
534.29139799425
534.347062464261
534.399018971004
534.453267514479
534.507808094686
534.563640711625
534.620765365296
534.6771820557
534.733890782835
534.791891546702
534.850184347301
534.908769184633
534.965646058696
535.020814969492
535.076275917019
535.133028901279
535.190073922271
535.248410979995
535.30704007445
535.362961205638
535.421174373558
535.47867957821
535.535476819594
535.59156609771
535.649947412558
535.706620764138
535.765586152451
535.824843577495
535.885393039271
535.947234537779
536.00936807302
536.070793644992
536.131511253697
536.192520899133
536.253822581302
536.316416300203
536.377302055835
536.4384798482
536.498949677297
536.557711543126
536.616765445687
536.67411138498
536.734749361005
536.795679373762
536.854901423251
536.915415509472
536.975221632425
537.03731979211
537.101709988528
537.164392221677
537.228366491559
537.293632798172
537.358191141518
537.424041521595
537.490183938405
537.557618391946
537.62534488222
537.693363409226
537.761673972964
537.831276573434
537.899171210635
537.968357884569
538.037836595235
538.105607342633
538.177670126764
538.249024947626
538.31967180522
538.389610699546
538.458841630605
538.527364598395
538.595179602917
538.666286644172
538.734685722158
538.802376836877
538.868359988328
538.93363517651
538.999202401425
539.065061663072
539.132212961451
539.198656296562
539.263391668405
539.32941907698
539.395738522287
539.457350004326
539.518253523097
539.5774490786
539.636936670835
539.694716299803
539.749787965502
539.804151667933
539.857807407097
539.910755182992
539.96499499562
540.020526844979
540.071350731071
540.120466653895
540.17087461345
540.221574609738
540.274566642758
540.32685071251
540.379426818994
540.43329496221
540.487455142158
540.540907358838
540.59565161225
540.651687902395
540.707016229271
540.762636592879
540.81954899322
540.875753430292
540.932249904097
540.989038414633
541.043118961902
541.098491545902
541.155156166635
541.2121128241
541.270361518297
541.328902249225
541.383735016886
541.439859821279
541.495276662404
541.554985540261
541.61198645485
541.669279406172
541.726864394225
541.78474141901
541.842910480527
541.903371578777
541.963124713758
542.025169885472
542.085507093917
542.145136339095
542.205057621004
542.266270939646
542.32877629502
542.389573687125
542.450663115963
542.512044581533
542.570718083835
542.628683622869
542.684941198635
542.742490811133
542.801332460363
542.861466146325
542.919891869019
542.978609628446
543.037619424604
543.097921257494
543.159515127117
543.221401033471
543.282578976558
543.346048956376
543.408810972927
543.47286502621
543.537211116224
543.602849242971
543.66877940645
543.735001606661
543.801515843604
543.869322117279
543.935420427686
544.003810774825
544.072493158696
544.138467579299
544.207734036634
544.277292530702
544.348143061501
544.416285629032
544.484720233296
544.551446874291
544.619465552019
544.686776266478
544.75437901767
544.822273805594
544.88746063025
544.951939491637
545.016710389757
545.080773324609
545.145128296193
545.208775304509
545.272714349557
545.335945431337
545.398468549849
545.460283705094
545.52339089707
545.582790125778
545.640481391218
545.698464693391
545.755740032295
545.810307407932
545.8631668203
545.915318269401
545.967761755234
546.018497277798
546.071524837095
546.120844433124
546.168456065885
546.216359735378
546.266555441603
546.31804318456
546.368822964249
546.42089478067
546.473258633823
546.525914523708
546.579862450326
546.634102413675
546.688634413756
546.74345845057
546.797574524115
546.852982634393
546.908682781402
546.963674965144
547.017959185618
547.071535442824
547.124403736761
547.178564067431
547.234016434833
547.289760838967
547.346797279833
547.403125757431
547.458746271761
547.516658822823
547.571863410618
547.627360035144
547.685148696402
547.742229394392
547.798602129115
547.855266900569
547.912223708756
547.969472553674
548.029013435325
548.088846353708
548.146971308822
548.205388300669
548.265097329248
548.324098394559
548.384391496602
548.443976635377
548.500853810884
548.559023023123
548.615484272094
548.672237557797
548.728282880232
548.7836202394
548.840249635299
548.89817106793
548.955384537294
549.012890043389
549.069687586217
549.128777165776
549.188158782068
549.248832435092
549.308798124847
549.370055851335
549.430605614555
549.492447414507
549.555581251191
549.618007124607
549.682725034755
549.745734981635
549.810036965247
549.875630985591
549.942517042668
550.008695136476
550.074165267016
550.138927434289
550.202981638293
550.27132787903
550.338966156498
550.407896470699
550.473118821631
550.538633209296
550.604439633693
550.669538094822
550.735928592683
550.800611127275
550.8665856986
550.928852306657
550.992410951446
551.054261632968
551.116404351221
551.180839106206
551.243565897923
551.304584726373
551.364895591554
551.423498493467
551.484393432113
551.54558040749
551.6050594196
551.661830468442
551.718893554015
551.774248676321
551.827895835359
551.879835031128
551.93106626363
551.980589532864
552.02940483883
552.080512181528
552.131911560958
552.17960297712
552.226586430015
552.275861919641
552.325429445999
552.375289009089
552.425440608912
552.474884245466
552.525619918753
552.577647628771
552.629967375522
552.682579159004
552.735482979219
552.788678836166
552.842166729845
552.896946660256
552.951018627399
553.004382631274
553.05803867188
553.110986749219
553.164226863291
553.217759014094
553.270583201629
553.326699425896
553.383107686895
553.439807984627
553.49380031909
553.548084690286
553.601661098213
553.655529542873
553.711690024264
553.766142542388
553.821887097244
553.875923688831
553.931252317151
553.988872982203
554.047785683987
554.105990422503
554.163487197751
554.221276009731
554.279356858443
554.337729743888
554.397394666064
554.456351624972
554.513600620612
554.570141652985
554.627974722089
554.684099827926
554.739516970494
554.794226149795
554.848227365827
554.903520618592
554.960105908089
555.014983234318
555.071152597278
555.127613996971
555.184367433396
555.242412906553
555.301750416442
555.360379963063
555.419301546417
555.478515166502
555.539020823319
555.599818516868
555.66190824715
555.724290014163
555.785963817908
555.848929658386
555.913187535595
555.976737449537
556.039579400211
556.103713387616
556.165139411754
556.229857472624
556.295867570226
556.36316970456
556.429763875626
556.495650083424
556.559828327954
556.624298609216
556.68806092721
556.752115281936
556.815461673394
556.880100101585
556.945030566507
557.005253068161
557.066767606548
557.127574181666
557.187672793517
557.249063442099
557.309746127414
557.369720849461
557.42898760824
557.48754640375
557.547397235993
557.607540104968
557.666975010675
557.722701953114
557.776720932285
557.831031948189
557.884635000824
557.936530090191
557.98571721629
558.037196379121
558.085967578685
558.13403081498
558.182386088008
558.231033397767
558.276972744259
558.322204127482
558.370727547438
558.420543004126
558.467650497546
558.516050027698
558.565741594581
558.615725198197
558.666000838545
558.715568515625
558.767428229438
558.818579979982
558.871023767258
558.923759591266
558.975787452006
559.031107349479
559.084719283683
559.13562325462
559.185819262288
559.237307306689
559.290087387821
559.343159505686
559.395523660283
559.449179851611
559.502128079672
559.554368344465
559.60690064599
559.660724984247
559.714841359236
559.768249770957
559.82195021941
559.875942704595
559.930227226513
559.984803785162
560.041672380543
560.098833012656
560.155285681502
560.212030387079
560.268067129389
560.32339590843
560.380016724204
560.43592957671
560.493134465947
560.551631391917
560.607420354619
560.664501354053
560.720874390219
560.775539463117
560.829496572747
560.882745719109
560.935286902203
560.990120122029
561.044245378587
561.098662671878
561.1523720019
561.207373368654
561.263666772141
561.319252212359
561.37512968931
561.431299202992
561.487760753407
561.545514340554
561.603559964432
561.661897625043
561.720527322386
561.780449056461
561.841662827268
561.902168634807
561.962966479078
562.024056360081
562.086438277816
562.147112232284
562.210078223483
562.271336251414
562.333886316077
562.396728417473
562.4638625556
562.52928873046
562.594006942051
562.657017190375
562.720319475431
562.781913797219
562.844800155738
562.90797855099
562.970448982974
563.03421145169
563.096265957138
563.156612499318
563.21725107823
563.278181693874
563.33840434625
563.398919035359
563.457725761199
563.517824523771
563.576215323076
563.637898159112
563.696873031881
563.756139941381
563.813698887614
563.868549870578
563.922692890275
563.975127946704
564.027855039865
564.078874169757
564.129185336382
564.176788539739
564.223683779828
564.270871056649
564.319350370203
564.366121720488
564.410185107505
564.456540531254
564.503187991735
564.552127488949
564.600359022894
564.650882593572
564.700698200981
564.750805845123
564.800205525996
564.849897243602
564.89988099794
564.95115678901
565.001724616811
565.052584481345
565.105736382611
565.158180320609
565.209916295339
565.261944306801
565.312264354995
565.360876439922
565.41278056158
565.46597671997
565.517464915092
565.570245146947
565.622317415533
565.676681720852
565.728338062902
565.780286441685
565.833526857199
565.887059309446
565.939883798425
565.992000324136
566.045408886579
566.099109485754
566.15310212166
566.2073867943
566.261963503671
566.317832249774
566.372993032609
566.428445852176
566.483190708475
566.537227601507
566.59055653127
566.646177497765
566.646177497765
566.659228757755
566.685331277735
566.724485057705
566.776690097664
566.828811952317
566.880850621662
566.9328061057
566.98467840443
567.036467517854
567.077898808593
567.108972276647
567.129687922017
567.140045744701
567.140045744701
567.140045744701
567.140045744701
567.140045744701
567.140045744701
567.140045744701
567.140045744701
567.140045744701
567.140045744701
567.140045744701
567.140045744701
567.140045744701
567.140045744701
567.140045744701
567.140045744701
567.140045744701
567.152554011465
567.177570544991
567.21509534528
567.265128412333
567.327669746149
567.390503116697
567.451628523977
567.512045967989
567.572755448733
567.631756966209
567.691050520418
567.752636111358
567.81451373903
567.873683403435
567.934145104571
567.991898842439
568.05094461704
568.109282428372
568.167912276437
568.226834161234
568.285048082762
568.342554041023
568.399352036016
568.455442067741
568.511824136198
568.569498241387
568.626464383308
568.681722561961
568.734272777346
568.786115029463
568.838249318313
568.891675643894
568.940394006207
568.987404405253
569.03470684103
569.081301313539
569.126187822781
569.173366368755
569.22083695146
569.263599570898
569.307654227068
569.353000919969
569.398639649603
569.445570415969
569.492793219067
569.539308058897
569.588114935459
569.636213848753
569.684604798779
569.732287785538
569.781262809028
569.83252986925
569.883088966205
569.932940099891
569.984083270309
570.03451847746
570.086245721342
570.135265001957
570.183576319304
570.231179673382
570.280075064193
570.331262491736
570.380741956011
570.432513457018
570.483576994757
570.533932569228
570.585580180431
570.637519828366
570.688751513033
570.740275234432
570.790090992564
570.842198787427
570.890598619022
570.94129048735
570.993274392409
571.045550334201
571.100118312724
571.15597832798
571.211130379968
571.265574468687
571.320310594139
571.374338756323
571.427658955239
571.481271190887
571.535175463267
571.589371772379
571.641860118223
571.694640500799
571.747712920107
571.800077376147
571.84973386892
571.899682398424
571.94992296466
572.000455567629
572.051280207329
572.102396883762
572.153805596927
572.204506346823
572.255499133452
572.306783956813
572.358360816906
572.411229713731
572.464390647287
572.517843617576
572.572588624597
572.62662566835
572.681954748836
572.737575866053
572.793489020002
572.849694210683
572.906191438096
572.962980702242
573.021062003119
573.077435340729
573.13610071507
573.193058126144
573.251307573949
573.306849058487
573.365682579757
573.422808137758
573.483225732492
573.542935363958
573.602937032156
573.661230737086
573.719816478748
573.777694257142
573.835864072268
573.895325924126
573.955079812717
574.014125738039
574.072463700093
574.13309369888
574.190015734398
574.248229806649
574.306735915631
574.364534061346
574.421624243792
574.477006462971
574.533680718882
574.590647011525
574.646905340899
574.702455707006
574.759298109845
574.816432549416
574.869859025719
574.921577538754
574.971588088521
575.021890675021
575.071485298252
575.120371958215
575.167550654911
575.216021388338
575.261784158497
575.306838965389
575.352185809012
575.398824689368
575.441755606456
575.483978560276
575.527493550827
575.571300578111
575.616399642127
575.661790742875
575.707473880355
575.754449054567
575.801716265511
575.848275513187
575.895126797595
575.942270118735
575.991705476608
576.040432871212
576.089452302548
576.139763770617
576.189367275417
576.23926281695
576.287450395214
576.335930010211
576.38370166194
576.430765350401
576.479121075593
576.526768837518
576.575708636175
576.625940471564
576.675464343685
576.724280252538
576.774388198123
576.82578818044
576.876480199489
576.926464255271
576.976740347784
577.026308477029
577.077168643007
577.128320845716
577.176765085158
577.229501361331
577.281529674237
577.333850023874
577.387462410244
577.440366833346
577.492563293179
577.546051789745
577.598832323043
577.651904893073
577.703269499835
577.755926143329
577.807874823555
577.858115540513
577.909648294204
577.960473084626
578.00958991178
578.058998775667
578.105699676285
578.153692613635
578.204977587718
578.252554598532
578.301423646079
578.350584730358
578.399037851369
578.448783009111
578.496820203586
578.547149434793
578.597770702732
578.648684007403
578.698889348806
578.751386726941
578.805176141808
578.858257593407
578.911631081739
578.965296606802
579.019254168597
579.074503767124
579.129045402384
579.185879074375
579.242004783099
579.296422528555
579.352132310742
579.407134129662
579.463427985314
579.518013877697
579.574891806813
579.630061772661
579.689523775241
579.747277814553
579.806323890597
579.863662003373
579.921292152881
579.978214339121
580.034428562094
580.091934821798
580.148733118234
580.206823451403
580.262205821303
580.320880227936
580.3768466713
580.433105151397
580.489655668226
580.545498221786
580.601632812079
580.656059439104
580.709778102861
580.76478880335
580.818091540571
580.871686314524
580.927573125209
580.981751972626
581.034222856775
581.085985777656
581.135040735269
581.184387729615
581.233026760692
581.280957828502
581.328180933043
581.374696074316
581.419503252322
581.46260246706
581.505993718529
581.548677006731
581.592652331665
581.635919693331
581.677479091729
581.720330526858
581.76347399872
581.806909507314
581.850637052641
581.894656634699
581.938968253489
581.984571909011
582.029467601265
582.074655330252
582.11913509597
582.16490689842
582.210970737603
582.257326613517
582.303974526164
582.350914475543
582.400146461653
582.448670484496
582.494486544071
582.541594640378
582.586994773417
582.632686943188
582.679671149691
582.726947392926
582.774515672893
582.823375989592
582.871528343023
582.919972733186
582.966709160082
583.015737623709
583.064058124068
583.11267066116
583.160575234983
583.208771845539
583.255260492827
583.303041176846
583.351113897598
583.400478655082
583.451135449298
583.501084280246
583.552325147925
583.603858052337
583.653682993481
583.704799971357
583.756208985966
583.806910037306
583.858903125378
583.909188250182
583.959765411719
584.010634609987
584.059795844987
584.10824911672
584.156994425184
584.204031770381
584.25036115231
584.29598257097
584.342896026363
584.388101518488
584.434599047345
584.481388612934
584.528470215255
584.575843854308
584.622509530093
584.66846724261
584.715716991859
584.76325877784
584.812092600554
584.861218459999
584.909636356176
584.959346289086
585.010348258727
585.061642265101
585.113228308206
585.166106388044
585.219276504614
585.270738657915
585.324492847949
585.377539074715
585.430877338213
585.483507638442
585.536429975404
585.589644349098
585.643150759524
585.696949206683
585.750039690573
585.804422211195
585.858096768549
585.915063362636
585.970321993454
586.027872661004
586.082715365287
586.137850106301
586.192276884048
586.249995698527
586.305006549737
586.36030943768
586.416904362355
586.471791323762
586.527970321901
586.583441356771
586.638204428374
586.69325953671
586.748606681777
586.804245863576
586.858177082107
586.91140033737
586.965915629365
587.019722958093
587.072822323552
587.126213725744
587.179897164667
587.232872640323
587.28614015271
587.33869970183
587.385551287682
587.432694910265
587.480130569581
587.527858265629
587.572877998409
587.617189767921
587.659793574165
587.701689417141
587.744877296849
587.787357213289
587.831129166462
587.873193156366
587.914549183002
587.955197246371
587.996137346471
588.037369483304
588.079893656868
588.122709867165
588.165818114193
588.211218397954
588.254910718447
588.298895075671
588.343171469628
588.387739900317
588.431600367738
588.477752871891
588.523197412776
588.568933990393
588.614962604742
588.662283255823
588.707895943637
588.751800668182
588.796997429459
588.841486227469
588.88626706221
588.932339933684
588.977704841889
589.023361786827
589.070310768496
589.117551786898
589.164084842032
589.210909933898
589.258027062495
589.305436227825
589.354137429887
589.403130668681
589.450415944207
589.497993256465
589.543862605456
589.591023991178
589.640477413632
589.691222872818
589.741260368737
589.790589901387
589.84121147077
589.890125076884
589.940330719731
589.989828399309
590.03961811562
590.090699868663
590.139073658437
590.187739484944
590.237697348183
590.287947248154
590.336489184857
590.383323158292
590.431449168459
590.478867215358
590.524577298989
590.569579419353
590.613873576448
590.658459770275
590.704338000835
590.749508268126
590.794970572149
590.840724912905
590.885771290392
590.932109704612
590.976740155564
591.022662643247
591.069877167663
591.116383728811
591.164182326691
591.211272961303
591.258655632647
591.308330340723
591.357297085531
591.406555867071
591.456106685343
591.505949540348
591.556084432084
591.607511360552
591.658230325753
591.710241327685
591.76154436635
591.813139441746
591.864026553875
591.915205702736
591.966676888328
592.018440110653
592.07149536971
592.122842665499
592.17648199802
592.230413367273
592.282636773258
592.337152215975
592.390959695424
592.444059211605
592.497450764518
592.551134354164
592.605109980541
592.65837764365
592.712937343492
592.766789080065
592.820932853371
592.875368663408
592.927096510178
592.98111639368
592.98111639368
592.98111639368
592.98111639368
592.98111639368
592.98111639368
592.98111639368
592.98111639368
592.98111639368
592.98111639368
592.98111639368
592.98111639368
592.98111639368
592.98111639368
592.98111639368
592.98111639368
592.98111639368
592.98111639368
592.98111639368
592.98111639368
592.98111639368
592.98111639368
592.988987629151
593.004730100095
593.028343806509
593.059828748396
593.099184925754
593.138833139844
593.178773390666
593.21900567822
593.259530002507
593.299346363525
593.340454761275
593.381855195758
593.424547666972
593.467532174919
593.509808719597
593.552377301008
593.595237919151
593.639390574026
593.682835265632
593.726571993971
593.770600759042
593.813921560845
593.85853439938
593.903439274647
593.946636186646
593.990125135378
594.032906120841
594.075979143036
594.120344201963
594.166001297623
594.211950430014
594.257191599138
594.302724804993
594.34855004758
594.3946673269
594.440076642952
594.486777995735
594.533771385251
594.581056811499
594.626634274479
594.671503774191
594.715665310635
594.761118883811
594.806864493719
594.852902140359
594.900231823731
594.948853543836
594.995767300672
595.04397309424
595.09047092454
595.136260791573
595.184342695337
595.231716635834
595.279382613062
595.328340627023
595.374590677716
595.422132765141
595.469966889297
595.517093050186
595.561511247807
595.60522148216
595.650223753245
595.695518061062
595.739104405611
595.782982786892
595.826153204905
595.868615659651
595.911370151128
595.953416679337
595.995755244279
596.039385845952
596.082308484358
596.124523159495
596.166029871365
596.208828619967
596.2519194053
596.295302227366
596.339977086164
596.384943981694
596.429202913956
596.47475388295
596.522596888676
596.570731931134
596.617159010324
596.663878126246
596.7118892789
596.759192468287
596.808787694405
596.857674957255
596.906854256838
596.956325593152
597.005088966199
597.055144375977
597.104491822488
597.153131305731
597.204062825705
597.253286382412
597.303801975851
597.353609606022
597.404709272925
597.45910097656
597.509784716927
597.560760494026
597.611028307857
597.66258815842
597.713440045716
597.763583969743
597.814019930502
597.864747927994
597.914767962217
597.967080033173
598.01868414086
598.07058028528
598.121768466431
598.172248684315
598.225020938931
598.276085230279
598.326441558359
598.37708992317
598.427030324714
598.48026276299
598.528787237998
598.578603749739
598.628712298211
598.679112883415
598.728805505351
598.77779016402
598.82606685942
598.871635591552
598.915496360417
598.959649166013
599.004094008342
599.046830887402
599.088859803195
599.12918075572
599.168793744976
599.207698770965
599.246895833686
599.285384933139
599.325166069324
599.369239242241
599.40760445189
599.445261698271
599.483210981385
599.52045230123
599.558985657807
599.597811051116
599.636928481158
599.674337947931
599.714039451437
599.754032991674
599.794318568644
599.834896182346
599.875765832779
599.916927519945
599.957381243843
599.999127004473
600.042164801835
600.083494635929
600.127116506755
600.171030414313
600.214236358603
600.255734339625
600.295524357379
600.336606411865
600.377980503084
600.419646631034
600.462604795716
600.505854997131
600.549397235277
600.593231510156
600.636357821767
600.678776170109
600.722486555184
600.766488976991
600.81178343553
600.8573699308
600.902248462803
600.945419031538
600.987881637005
601.031636279204
601.072682958135
601.116021673799
601.161652426194
601.207575215321
601.252790041181
601.297296903772
601.343095803095
601.389186739151
601.434569711938
601.480244721458
601.526211767709
601.573470850693
601.619021970409
601.665865126857
601.712000320037
601.758427549948
601.805146816592
601.851158119968
601.894461460076
601.937056836916
601.979944250488
602.024123700793
602.067595187829
602.109358711597
602.150414272097
602.19176186933
602.231401503294
602.271333173991
602.312556881419
602.35407262558
602.395880406473
602.436980224098
602.477372078454
602.519055969543
602.560031897364
602.601299861917
602.642859863202
602.684711901219
602.726855975968
602.769292087449
602.813020235662
602.857040420608
602.902352642285
602.946956900694
602.992853195836
603.037041527709
603.082521896314
603.129294301652
603.175358743722
603.221715222523
603.268363738057
603.315304290323
603.36153687932
603.40806150505
603.455878167512
603.502986866706
603.551387602632
603.59908037529
603.64606518468
603.696342030802
603.745910913656
603.794771833242
603.843924789561
603.893369782611
603.943106812393
603.992135878908
604.041456982154
604.091070122133
604.139975298843
604.189172512286
604.236661762461
604.285443049367
604.334516373006
604.383881733377
604.43553913048
604.484488564315
604.533730034882
604.584263542181
604.635089086212
604.687206666975
604.734616284471
604.782317938698
604.830311629657
604.879597357348
604.928175121772
604.975044922927
605.024206760815
605.072660635434
605.120406546786
605.16844449487
605.214774479685
605.257396501233
605.300310559513
605.343516654525
605.387014786269
605.429804954745
605.470887159953
605.510261401893
605.549927680565
605.589885995969
605.627136348105
605.664678736974
605.702513162574
605.741639624906
605.780058123971
605.815768659767
605.850771232296
605.886065841556
605.922652487549
605.959531170274
605.996701889731
606.033164645919
606.06991943884
606.107966268493
606.146305134878
606.183936037995
606.221858977844
606.260073954425
606.299580967738
606.339380017784
606.377471104561
606.41885422807
606.458529388311
606.498496585285
606.53875581899
606.579307089428
606.619150396597
606.658285740499
606.695713121133
606.734432538498
606.775443992596
606.814747483426
606.856343010988
606.899230575282
606.940410176308
606.980881814066
607.023645488556
607.063701199778
607.106048947732
607.148688732418
607.189620553836
607.229844411987
607.271360306869
607.313168238484
607.35326820683
607.391660211909
607.432344253719
607.474320332262
607.517588447536
607.563148599543
607.607000788282
607.652145013753
607.695581275956
607.738309574891
607.782329910558
607.825642282957
607.870246692088
607.913143137951
607.958331620546
608.002812139873
608.045584695933
608.089649288724
608.134005918247
608.177654584503
608.22159528749
608.26482802721
608.306352803661
608.348169616845
608.389278466761
608.430679353408
608.470372276788
608.5103572369
608.549634233744
608.58820326732
608.626064337628
608.664217444668
608.70266258844
608.742399768944
608.781428986181
608.820750240149
608.858363530849
608.896268858281
608.934466222446
608.972955623342
609.011737060971
609.050810535331
609.090176046424
609.130833594249
609.169783178805
609.209024800094
609.250558458115
609.292384152868
609.334501884353
609.37691165257
609.419613457519
609.4626072992
609.504893177613
609.548471092758
609.592341044635
609.637503033245
609.681957058586
609.725703120659
609.770741219465
609.815071355002
609.860693527272
609.905607736274
609.950813982007
609.997312264473
610.042102583671
610.0881849396
610.134559332262
610.182225761656
610.230184227782
610.27643473064
610.32397727023
610.371811846552
610.417938459606
610.465357109393
610.511067795911
610.560070519161
610.607365279143
610.653952075858
610.701830909304
610.750001779483
610.798464686393
610.848219630036
610.895266610411
610.943605627517
610.993236681356
611.043159771927
611.09137489923
611.138882063265
611.185681264032
611.231772501531
611.278155775762
611.325831086725
611.37479843442
611.423057818847
611.470609240006
611.520452697898
611.564588192521
611.610015723877
611.654735291964
611.696746896784
611.739050538335
611.780646216619
611.822533931635
611.863713683382
611.904185471862
611.941949297074
611.980005159018
612.017353057694
612.052992993102
612.088924965242
612.124148974114
612.160665019718
612.197473102054
612.233573221122
612.266965376922
612.301649569455
612.335625798719
612.369894064716
612.405454367444
612.441306706905
612.476451083097
612.511887496022
612.546615945679
612.582636432067
612.618948955188
612.655553515041
612.690450111626
612.725638744943
612.763119414992
612.799892121773
612.836956865286
612.875313645531
612.912962462509
612.951903316218
612.983136206659
613.022661133833
613.060478097738
613.097587098375
613.133988135745
613.171681209846
613.20966632068
613.245943468246
613.283512652543
613.323373873573
613.362527131335
613.399972425829
613.437709757055
613.476739125013
613.515060529703
613.553673971125
613.591579449279
613.629776964165
613.668266515783
613.709048104134
613.747121729216
613.78548739103
613.822145089577
613.860094824855
613.899336596866
613.938870405608
613.978696251083
614.02081413329
614.061224052228
614.102926007899
614.143920000302
614.185206029437
614.225784095304
614.266654197903
614.307816337234
614.349270513297
614.391016726092
614.433054975619
614.474385261879
614.51600758487
614.556921944593
614.597128341049
614.637626774236
614.678417244156
614.718499750807
614.757874294191
614.796540874306
614.834499491154
614.872750144734
614.911292835046
614.948127562089
614.985254325865
615.022673126373
615.058383963613
615.094386837585
615.129681748289
615.166268695726
615.203147679894
615.240318700794
615.276781758426
615.313536852791
615.350583983887
615.386923151716
615.386923151716
615.396153962039
615.414615582685
615.442308013654
615.479231254947
615.516671310932
615.55462818161
615.593101866982
615.632092367045
615.671599681802
615.711399033291
615.750490421511
615.790873846464
615.831549308149
615.871516806566
615.911776341715
615.953327913596
615.995171522209
616.038307167554
616.081734849632
616.124454568441
616.167466323982
616.210770116256
616.253365945261
616.295253810998
616.338433713468
616.381905652669
616.425669628603
616.469725641269
616.514073690666
616.559713776796
616.605645899658
616.650870059252
616.697386255578
616.743194488636
616.789294758426
616.834687064948
616.881371408202
616.928347788188
616.973616204906
617.018176658357
617.063029148539
617.108173675453
617.1536102391
617.200338839478
617.246359476589
617.291672150431
617.338276861006
617.386173608312
617.431362392351
617.477843213122
617.523616070625
617.57068096486
617.615037895827
617.659686863526
617.705627867957
617.75086090912
617.798385987015
617.845203101642
617.888312253001
617.932713441092
617.976406665916
618.019391927471
618.060669225758
618.100238560778
618.140099932529
618.179253341013
618.218698786229
618.258436268176
618.295465786856
618.329787342268
618.365400934412
618.399306563288
618.432504228896
618.464993931236
618.497775670308
618.531849446112
618.566215258648
618.601873107916
618.633822993916
618.666064916649
618.698598876113
618.730424872309
618.762542905238
618.796952974898
618.829655081291
618.862649224415
618.894935404272
618.928513620861
618.962383874181
618.995546164234
619.029000491019
619.062746854536
619.095785254785
619.131115691766
619.165738165479
619.201652675924
619.236859223101
619.27335780701
619.309148427652
619.345231085025
619.38160577913
619.417272509968
619.452231277537
619.487482081839
619.523024922872
619.557859800638
619.593986715136
619.629405666366
619.666116654327
619.702119679021
619.739414740447
619.775001838605
619.811880973495
619.847052145117
619.883515353471
619.920270598557
619.958317880375
619.996657198926
620.031288554208
620.067211946222
620.104427374969
620.140934840447
620.176734342658
620.2128258816
620.247209457275
620.284885069681
620.32085271882
620.358112404691
620.396664127294
620.435507886629
620.474643682696
620.514071515494
620.554791385026
620.592803291289
620.629107234284
620.668703214011
620.70759123047
620.745771283661
620.784243373585
620.82300750024
620.863063663627
620.902411863747
620.942052100598
620.980984374182
621.020208684497
621.059725031545
621.098533415325
621.137633835836
621.17602629308
621.213710787056
621.249687317764
621.286955885204
621.324516489376
621.36036913028
621.395513807916
621.430950522284
621.465679273385
621.499700061217
621.534012885781
621.563617747078
621.596514645106
621.630703579867
621.665184551359
621.699957559584
621.73402260454
621.764379686229
621.79402880465
621.827969959802
621.857203151687
621.886728380304
621.920545645653
621.954654947734
621.989056286547
622.024749662092
622.059735074369
622.096012523378
622.13258200912
622.171443531593
622.210597090798
622.248042686736
622.286780319405
622.324809988807
622.36313169494
622.400745437806
622.439651217403
622.478849033733
622.518338886795
622.558120776589
622.598194703115
622.638560666373
622.679218666363
622.719168703085
622.759410776539
622.798944886725
622.838771033643
622.879889217293
622.921299437676
622.96400169479
623.006995988636
623.049282319215
623.091860686525
623.133731090568
623.176893531342
623.219348008849
623.263094523088
623.307133074058
623.350463661761
623.393086286196
623.436000947363
623.478207645262
623.520706379893
623.562497151256
623.603579959351
623.645954804178
623.688621685737
623.732580604028
623.775831559052
623.820374550807
623.862209579294
623.906336644514
623.950755746465
623.993466885149
624.036470060564
624.078765272712
624.122352521592
624.165231807204
624.209403129547
624.253866488623
624.298621884431
624.342669316971
624.385008786243
624.426640292247
624.469563834983
624.510779414451
624.552287030652
624.591086683584
624.630178373248
624.667562099645
624.702237862773
624.739205662633
624.776465499226
624.813017372551
624.847861282607
624.879997229396
624.912425212917
624.945145233169
624.977157290154
625.009461383871
625.04205751432
625.073945681501
625.106125885414
625.138598126059
625.171362403436
625.202418717546
625.233767068387
625.26540745596
625.296339880265
625.328564341303
625.360080839072
625.390889373574
625.421989944807
625.453382552773
625.48406719747
625.5160438789
625.547312597062
625.578873351956
625.610726143581
625.641870971939
625.674307837029
625.706036738851
625.739057677405
625.771370652692
625.80297566471
625.83587271346
625.869061798942
625.901542921157
625.935316080103
625.969381275781
626.002738508192
626.036387777334
626.068329083209
626.101562425815
626.135087805154
626.166905221225
626.201014674028
626.235416163562
626.270109689829
626.306095252828
626.341372852559
626.374942489022
626.409804162217
626.444957872145
626.480403618804
626.515141402195
626.550171222318
626.585493079174
626.621106972761
626.65501290308
626.689210870132
626.724700873915
626.759482914431
626.792556991679
626.825923105658
626.85658125637
626.889531443814
626.92377366799
626.959307928897
626.995134226537
627.031252560909
627.068662932013
627.105365339849
627.142359784418
627.179646265718
627.21522478375
627.251095338514
627.287257930011
627.324712558239
627.360459223199
627.396497924892
627.434828663316
627.472451438473
627.509366250362
627.545573098982
627.583071984335
627.62086290642
627.656945865237
627.694320860786
627.729987893067
627.76694696208
627.803198067825
627.837741210302
627.872576389511
627.907703605452
627.941122858126
627.976834147531
628.011837473668
628.042132836538
628.072720236139
628.102599672473
628.131771145538
628.160234655336
628.188990201866
628.218037785127
628.247377405121
628.276009061847
628.304932755305
628.334148485494
628.362656252416
628.39045605607
628.418547896457
628.446931773575
628.474607687425
628.502575638007
628.530835625321
628.559387649368
628.588231710146
628.616367807657
628.651795941899
628.686516112874
628.72152832058
628.756832565019
628.79242884619
628.829317164092
628.864497518727
628.900969910094
628.937734338193
628.974790803024
629.012139304587
629.048779842882
629.086712417909
629.124937029668
629.163453678159
629.201262363382
629.240363085338
629.278755844025
629.316440639444
629.356417471596
629.396686340479
629.435247246095
629.475100188442
629.515245167522
629.555682183334
629.595411235877
629.636432325153
629.676745451161
629.717350613901
629.758247813373
629.798437049577
629.840918322513
629.882691632181
629.924756978581
629.966114361713
630.006763781578
630.047705238174
630.087938731502
630.128464261563
630.169281828355
630.21039143188
630.250793072136
630.290486749125
630.331472462846
630.372750213298
630.415320000483
630.4561818244
630.497335685049
630.53978158243
630.581519516543
630.623549487388
630.663871494965
630.705485539274
630.747391620316
630.788589738089
630.831079892594
630.873862083831
630.915936311801
630.958302576502
631.001960877936
631.042911216101
631.081153590999
631.120688002629
631.15951445099
631.197632936084
631.23404345791
631.268746016468
631.302740611757
631.337027243779
631.371605912533
631.406476618019
631.440639360237
631.473094139188
631.50484095487
631.536879807284
631.56821069643
631.599833622309
631.630748584919
631.660955584262
631.692454620336
631.724245693143
631.755328802681
631.786703948952
631.816371131955
631.844330351689
631.872581608156
631.900124901355
631.928960231286
631.958087597949
631.986507001344
632.015218441471
632.04322191833
632.072517431921
632.101104982244
632.1299845693
632.159156193087
632.188619853606
632.217375550858
632.246423284841
632.276763055557
632.305394863004
632.334318707184
632.363534588096
632.393042505739
632.422842460115
632.451934451223
632.481318479063
632.510994543635
632.539962644939
632.569222782975
632.599774957743
632.629619169243
632.659755417475
632.69018370244
632.719904024136
632.750916382564
632.780220777725
632.809817209617
632.839705678242
632.870886183598
632.904358725687
632.939123304508
632.97017992006
633.000528572345
633.030169261362
633.059101987111
633.089326749592
633.119843548805
633.15365238475
633.183753257427
633.213146166836
633.241831112977
633.27180809585
633.302077115456
633.332638171793
633.361491264862
633.390636394664
633.420073561197
633.448802764463
633.47882400446
633.50913728119
633.538742594652
633.572639944845
633.606829331771
633.641310755429
633.676084215819
633.711149712941
633.746507246795
633.782156817381
633.816098424699
633.851332068749
633.887857749531
633.923675467046
633.959785221292
633.99618701227
634.031880839981
634.067866704423
634.104144605598
634.139714543504
634.176576518143
634.210730529513
634.245176577616
634.280914662451
634.315944784018
634.351266942316
634.386881137347
634.42178736911
634.456985637605
634.487475942832
634.522258284792
634.556332663483
634.589699078906
634.620357531061
634.650308019949
634.679550545568
634.709085107919
634.737911707003
634.767030342818
634.796441015366
634.827143724645
634.860138470657
634.889425253401
634.918004072877
634.946874929084
634.974037822024
635.002492751696
635.0312397181
635.059278721236
635.087609761104
635.115232837705
635.144147951037
635.173355101101
635.202854287897
635.236645511426
635.271728771686
635.307104068679
635.342771402403
635.37973077286
635.416982180048
635.452525623969
635.491361104622
635.528488622006
635.565908176123
635.603619766972
635.641623394553
635.679919058866
635.719506759911
635.758386497688
635.797558272197
635.837022083438
635.875777931411
635.915825816117
635.956165737554
635.995797695723
636.034721690625
636.074937722258
636.115445790624
636.155245895721
636.196338037551
636.238722216112
636.280398431406
636.321366683432
636.36262697219
636.40317929768
636.446023659902
636.489160058856
636.530588494542
636.57230896696
636.61432147611
636.655626021992
636.696222604606
636.738111223953
636.778291880031
636.819764572841
636.861529302384
636.903586068658
636.944934871665
636.986575711403
637.027508587874
637.068733501077
637.109250451011
637.152059437678
637.193160461077
637.234553521208
637.276238618071
637.316215751666
637.356484921993
637.398046129052
637.438899372843
637.480044653366
637.521481970621
637.562211324609
637.603232715328
637.64454614278
637.683151606963
637.721049107879
637.757238645526
637.794720219906
637.829493831017
637.864559478861
637.898917163437
637.931566884745
637.965508642785
637.998742437557
638.032268269061
638.064086137296
638.096196042265
638.127597983965
638.159291962397
638.190277977561
638.221556029457
638.251126118086
638.281988243446
638.313142405538
638.344588604363
638.376326839919
638.405357112208
638.433679421229
638.461293766981
638.489200149466
638.517398568683
638.544889024632
638.573671517313
638.601746046725
638.63011261287
638.658771215747
638.686721855357
638.714964531698
638.743499244771
638.772325994576
638.800444781114
638.828855604383
638.857558464384
638.885553361118
638.914840294583
638.943419264781
638.97229027171
639.000453315372
639.028908395766
639.059655512891
639.088694666749
639.117025857339
639.146649084661
639.175564348715
639.204771649501
639.233270987019
639.263062361269
639.292145772251
639.321521219965
639.351188704411
639.38114822559
639.4113997835
639.441943378142
639.472779009517
639.505906677623
639.535326382462
639.565038124033
639.595041902335
639.62533771737
639.657925569137
639.687805457636
639.720977382866
639.751441344829
639.782197343524
639.812245378951
639.841585451111
639.871217560002
639.904141705625
639.93435788798
639.962866107067
639.991666362887
640.020758655438
640.050142984721
640.079819350737
640.112787753484
640.143048192964
640.178600669176
640.213445182119
640.249581731795
640.286010318203
640.319730941343
640.355743601214
640.391048297818
640.426645031154
640.462533801222
640.499714608022
640.536187451554
640.573952331819
640.612009248815
640.650358202543
640.687999193003
640.725932220196
640.76315728412
640.800674384777
640.838483522165
640.875584696286
640.913977907138
640.952663154723
640.98964043904
641.025909760089
641.06047111787
641.095324512382
641.131469943628
641.167907411605
641.203636916314
641.237658457755
641.271972035928
641.305577650833
641.33947530247
641.37366499084
641.408146715941
641.442920477775
641.47798627634
641.513344111638
641.547993983667
641.581935892429
641.616169837923
641.650695820148
641.685513839106
641.719623894796
641.756025987218
641.792720116372
641.828706282258
641.864984484876
641.902554724226
641.940417000308
641.978571313122
642.017017662669
642.056756048947
642.095786471957
642.1351089317
642.174723428174
642.21462996138
642.254828531319
642.29531913799
642.337101781392
642.378176461527
642.418543178394
642.460201931992
642.502152722323
642.544395549386
642.585930413181
642.627757313708
642.669876250967
642.712287224958
642.754990235681
642.796985283136
642.841272367324
642.884851488243
642.926722645894
642.969885840278
643.013341071393
643.057088339241
643.10012764382
643.144458985132
643.188082363175
643.231997777951
643.275205229459
643.317704717699
643.360496242671
643.403579804375
643.446955402811
643.489623037979
643.532582709879
643.575834418511
643.618378163875
643.661213945971
643.703341764799
643.74576162036
643.790473512652
643.832477441677
643.873773407433
643.915361409922
643.957241449142
643.999413525095
644.042877637779
644.087633787196
644.131681973345
644.175022196226
644.218654455839
644.259578752184
644.299795085261
644.34030345507
644.380103861611
644.419196304884
644.456580784889
644.493257301626
644.529225855096
644.563486445297
644.59903907223
644.633883735896
644.668020436293
644.700449173423
644.733169947284
644.765182757878
644.797487605204
644.829084489262
644.859973410051
644.891154367573
644.923627361827
644.956392392813
644.987449460531
645.018798564981
645.049439706163
645.078372884078
645.107598098724
645.137115350102
645.165924638212
645.196025963055
645.225419324629
645.255104722936
645.284082157974
645.312351629745
645.341913138247
645.371766683482
645.400912265449
645.430349884148
645.460079539578
645.489101231741
645.519414960636
645.548020726263
645.576918528622
645.607108367713
645.636590243536
645.666364156092
645.696430105379
645.726788091398
645.75643811415
645.787380173633
645.817614269848
645.849140402796
645.879958572476
645.910068778887
645.940471022031
645.972165301906
646.004151618514
646.036429971854
646.071000361926
646.10586278873
646.142017252266
646.177463752534
646.211202289534
646.245232863266
646.27955547373
646.313170120926
646.348076804855
646.382275525515
646.416766282907
646.450549077032
646.484623907888
646.519990775477
646.556649679797
646.59160062085
646.625843598635
646.658378613151
646.6932056644
646.728324752381
646.763735877094
646.799439038539
646.836434236716
646.872721471625
646.910300743266
646.948172051639
646.987335396744
647.026790778581
647.06353819715
647.101577652452
647.141909144485
647.180532673251
647.220448238748
647.260655840978
647.300155479939
647.339947155633
647.380030868059
647.420406617216
647.460074403106
647.500034225728
647.539286085082
647.579829981168
647.619665913986
647.657793883536
647.695213889818
647.733925932832
647.773930012578
647.813226129057
647.850814282267
647.887694472209
647.923866698884
647.95933096229
647.996087262429
648.032135599299
648.068475972902
648.106108383236
648.144032830303
648.181249314102
648.217757834633
648.254558391896
648.29165098589
648.328035616617
648.364712284076
648.404680988268
648.442941729191
648.481494506846
648.521339321233
648.560476172352
648.600905060204
648.642625984787
648.684638946102
648.72594394415
648.767540978929
648.809430050441
648.851611158685
648.89408430366
648.938849485368
648.982906703808
649.02625595898
649.070897250884
649.11583057952
649.160055944888
649.204573346988
649.25038278582
649.294484261384
649.33987777368
649.384563322708
649.429540908469
649.474810530961
649.519372190185
649.564225886142
649.60937161883
649.654809388251
649.699539194404
649.744561037288
649.789874916905
649.836480833254
649.881378786334
649.924568776147
649.968050802692
650.010824865969
650.053890965978
650.100249102719
650.145899276192
650.191841486397
650.237075733335
650.281602017004
650.326420337405
650.370530694539
650.413933088404
650.456627519002
650.499613986331
650.542892490393
650.586463031186
650.630325608712
650.67648022297
650.72092687396
650.765665561682
650.808696286135
650.851019047321
650.892633845239
650.933540679889
650.975739551271
651.014230459386
651.049013404232
651.08508838581
651.12045540412
651.157114459163
651.193065550937
651.228308679443
651.261843844682
651.294671046652
651.326790285355
651.35920156079
651.390904872956
651.422900221855
651.455187607486
651.487767029848
651.519638488943
651.55180198477
651.584257517329
651.61500508662
651.646044692643
651.677376335399
651.709000014886
651.739915731105
651.771123484056
651.80262327374
651.834415100155
651.865498963303
651.896874863182
651.928542799794
651.960502773137
651.991754783213
652.023298830021
652.055134913561
652.086263033832
652.118683190836
652.151395384572
652.18439961504
652.21769588224
652.252284186172
652.283164526837
652.318336904233
652.353801318361
652.388557769221
652.422606256814
652.457946781138
652.494579342194
652.530503939983
652.566720574504
652.603229245756
652.639029953741
652.675122698457
652.710507479906
652.747184298087
652.784153153
652.821414044645
652.859966973022
652.897811938131
652.935948939972
652.973377978545
653.01209905385
653.049112165887
653.086417314657
653.123014500158
653.160903722391
653.198084981357
653.234558277054
653.273323609484
653.312380978645
653.352730384539
653.394371827164
653.434305306522
653.474530822612
653.517048375434
653.557857964988
653.597959591273
653.640353254291
653.683038954041
653.726016690523
653.769286463738
653.812848273684
653.855702120362
653.897848003772
653.941285923915
653.984015880789
654.026037874395
654.070351904734
654.112957971804
654.154856075607
654.197046216142
654.239528393408
654.282302607407
654.324368858138
654.363727145601
654.402377469796
654.441319830723
654.479554228382
654.518080662772
654.557899133896
654.597009641751
654.636412186338
654.676106767657
654.714093385709
654.752372040492
654.790942732007
654.829805460255
654.867960225234
654.907407026946
654.948145865389
654.948145865389
654.959226593366
654.98138804932
655.014630233251
655.058953145159
655.058953145159
655.069929891501
655.091883384187
655.124813623216
655.168720608588
655.212919630692
655.258410689528
655.304193785096
655.349268917396
655.394636086428
655.440295292192
655.486246534688
655.531489813916
655.576025129876
655.621852482569
655.667971871993
655.714383298149
655.760086761038
655.805082260658
655.851369797011
655.897949370096
655.942820979912
655.988984626461
656.034440309742
656.080188029755
656.1262277865
656.171559579976
656.217183410185
656.262099277126
656.305307180799
656.348807121205
656.393599098342
656.437683112211
656.483059162812
656.527727250146
656.572687374211
656.615939535008
656.660483732538
656.704319966799
656.747448237793
656.791868545519
656.837580889976
656.881585271166
656.925881689088
656.971470143742
657.016350635128
657.062523163246
657.104987728096
657.147744329678
657.191792967992
657.235133643038
657.276766354816
657.317691103326
657.356907888569
657.392416710543
657.429217569249
657.467310464688
657.504695396858
657.541372365761
657.575341371396
657.608602413762
657.641155492861
657.674000608692
657.706137761254
657.738566950549
657.771288176576
657.806301439335
657.840606738826
657.873204075049
657.905093448004
657.936274857692
657.967748304111
657.999513787262
658.031571307145
658.062920863761
658.095562457108
658.127496087188
658.160721753999
658.193239457543
658.226049197818
658.259150974826
658.291544788566
658.325230639038
658.359208526241
658.392478450177
658.427040410845
658.457894408245
658.494040442377
658.530478513241
658.567208620837
658.603230765166
658.639544946226
658.677151164018
658.714049418542
658.752239709799
658.789722037787
658.827496402508
658.86456280396
658.902921242145
658.940571717061
658.98051422871
659.018748777091
659.058275362204
659.098093984048
659.137204642625
659.176607337934
659.218302069975
659.259288838748
659.298567644253
659.33813848649
659.37900136546
659.417156281161
659.457603233594
659.496342222759
659.535373248657
659.576696311286
659.618311410648
659.660218546741
659.703417719567
659.745908929125
659.788692175414
659.830767458436
659.87313477819
659.915794134676
659.959745527894
660.004988957844
660.050524424526
660.09535192794
660.139471468086
660.184883044964
660.229586658574
660.272582308917
660.316869995991
660.362449719797
660.406321480336
660.449485277606
660.492941111609
660.536688982343
660.57972888981
660.621060834009
660.661684814939
660.702600832602
660.742808886997
660.782308978124
660.823101105983
660.863185270574
660.905561471897
660.947229709952
660.986189984739
661.026442296258
661.065986644509
661.106823029493
661.147951451208
661.189371909656
661.232084404835
661.275088936746
661.31838550539
661.362974110766
661.406854752873
661.452027431713
661.496492147285
661.541248899588
661.586297688624
661.631638514392
661.677271376892
661.723196276124
661.769413212088
661.815922184784
661.862723194212
661.908816240372
661.955201323265
662.001878442889
662.047847599245
662.094108792334
662.141662022154
662.188507288707
662.234644591991
662.281073932008
662.328795308757
662.377808722237
662.42511417245
662.472711659395
662.518601183072
662.565782743481
662.612256340622
662.657021974495
662.7030796451
662.749429352437
662.794071096506
662.839004877307
662.885230694841
662.930748549106
662.977558440103
663.022660367833
663.068054332294
663.113740333488
663.158718371413
663.202988446071
663.247550557461
663.293404705582
663.338550890436
663.383989112022
663.43071937034
663.47774166539
663.524055997172
663.569662365686
663.618560770932
663.65975121291
663.702233691621
663.744008207063
663.786074759237
663.825433348144
663.863083973782
663.903026636152
663.944261335255
663.983788071089
664.022606843656
664.057717652955
664.092120498985
664.125815381748
664.159802301243
664.19408125747
664.227652250429
664.26251528012
664.298670346543
664.334117449698
664.368856589585
664.401887766204
664.434210979556
664.467826229639
664.500733516454
664.534932840001
664.569424200281
664.604207597292
664.639283031036
664.674650501511
664.711310008719
664.747261552659
664.78350513333
664.819040750734
664.85486840487
664.892988095738
664.930399823338
664.96910358767
665.009099388734
665.04738722653
665.086967101058
665.125839012318
665.165002960311
665.203458945035
665.244206966491
665.28324702468
665.3225791196
665.363203251253
665.405119419637
665.446327624754
665.485827866603
665.527620145183
665.569704460496
665.613080812541
665.656749201318
665.699709626827
665.741962089068
665.784506588041
665.826343123746
665.868471696183
665.910892305352
665.952604951253
665.994609633887
666.037906353252
666.082495109349
666.127375902179
666.17054873174
666.214013598034
666.258770501059
666.303819440817
666.350160417307
666.395793430528
666.442718480482
666.489935567168
666.536444690586
666.583245850736
666.629339047618
666.675724281232
666.721401551578
666.768370858656
666.814632202466
666.857185583009
666.901031000283
666.946168454289
666.991597945027
667.036319472498
667.0793330367
667.121638637635
667.163236275302
667.2041259497
667.245307660831
667.287781408694
667.330547193288
667.372605014615
667.413954872674
667.455596767465
667.496530698988
667.538756667243
667.58127467223
667.625084713949
667.670186792401
667.716580907584
667.761267059499
667.806245248147
667.852515473526
667.898077735638
667.942932034481
667.990078370057
668.036516742364
668.083247151404
668.131269597176
668.178584079679
668.226190598915
668.274089154883
668.321279747583
668.369762377015
668.417537043179
668.465603746075
668.514962485703
668.561613262064
668.611556075156
668.66179092498
668.710317811536
668.761136734825
668.809247694845
668.859650691598
668.909345725082
668.957332795299
669.006611902248
669.053183045928
669.100046226341
669.146201443486
669.193648697363
669.241387987972
669.289419315312
669.337742679385
669.38735808019
669.436265517728
669.484464991997
669.531956502998
669.580740050731
669.627815635196
669.675183256394
669.723842914323
669.771794608985
669.823038340378
669.872574108504
669.922401913361
669.970521754951
670.019933633273
670.067637548327
670.115633500112
670.16192148863
670.20550151388
670.249373575862
670.294537674576
670.338993810022
670.3817419822
670.42378219111
670.462114436753
670.502738719127
670.540655038233
670.578863394072
670.617363786642
670.657156215944
670.697240681979
670.735617184746
670.772285724244
670.807246300475
670.844498913438
670.881043563132
670.918880249559
670.957008972718
670.995429732609
671.034142529232
671.073147362587
671.104444232674
671.144033139493
671.182914083045
671.223087063328
671.265552080343
671.30730913409
671.34935822457
671.391699351781
671.434332515725
671.4772577164
671.519474953808
671.562984227948
671.606785538819
671.649878886423
671.692264270759
671.733941691827
671.777911149627
671.823172644159
671.866726175423
671.910571743419
671.956709348147
672.002138989607
672.046860667799
672.092874382723
672.13818013438
672.181777922768
672.224667747888
672.267849609741
672.311323508325
672.356089443642
672.401147415691
672.447497424471
672.495139469984
672.542073552229
672.588299671206
672.634817826915
672.682628019355
672.731730248528
672.780124514433
672.82981081707
672.87878915644
672.927059532541
672.975621945374
673.023476394939
673.071622881237
673.118061404266
673.164791964027
673.210814560521
673.256129193746
673.303735863704
673.350634570393
673.395825313815
673.440308093969
673.484082910855
673.527149764473
673.570508654822
673.614159581904
673.658102545718
673.701337546264
673.743864583542
673.787683657553
673.831794768295
673.876197915769
673.920893099975
673.965880320913
674.014159578584
674.061730872986
674.108594204121
674.156749571987
674.204196976586
674.250936417917
674.298967895979
674.347291410774
674.395906962301
674.44481455056
674.495014175551
674.544505837274
674.595289535729
674.645365270916
674.695733042835
674.746392851486
674.797344696869
674.849588578985
674.900124497832
674.952952453411
675.006072445723
675.057484474766
675.111188540542
675.111188540542
675.121304575736
675.141536646125
675.171884751708
675.212348892485
675.262929068457
675.314801281161
675.364965530596
675.416421816764
675.469170139664
675.523210499296
675.57654289566
675.628167328756
675.681083798584
675.733292305144
675.733292305144
675.74674045015
675.773636740162
675.813981175181
675.867773755205
675.921858371961
675.97523502545
676.02690371567
676.079864442622
676.132117206307
676.182662006723
676.231498843872
676.277627717753
676.325048628365
676.37276157571
676.419766559787
676.464063580596
676.506652638137
676.54853373241
676.590706863415
676.633172031152
676.677929235621
676.720978476822
676.764319754755
676.80395306942
676.842878420818
676.881095808947
676.920605233808
676.961406695402
677.002500193727
677.043885728785
677.085563300575
677.128532909096
677.17079455435
677.213348236336
677.256193955053
677.299331710503
677.342761502685
677.388483331599
677.433497197245
677.478803099623
677.523401038733
677.568291014575
677.61347302715
677.658947076456
677.704713162494
677.750771285265
677.796121444767
677.841763641002
677.887697873968
677.934924143667
677.981442450097
678.02825279326
678.074355173155
678.120749589781
678.16743604314
678.214414533231
678.260685060054
678.306247623609
678.353102223896
678.400248860915
678.447687534666
678.495418245149
678.543440992365
678.592755776312
678.641362596991
678.689261454403
678.738452348546
678.788935279422
678.837710247029
678.886777251369
678.93713629244
678.986787370244
679.03573048478
679.084965636048
679.135492824047
679.186312048779
679.234423310243
679.283826608439
679.332521943367
679.379509315027
679.42478872342
679.470360168544
679.5142236504
679.558379168988
679.604826724309
679.650566316361
679.696597945146
679.740921610662
679.786537312911
679.832445051892
679.877644827604
679.924136640049
679.971920489226
680.020996375135
680.071364297776
680.120024257148
680.168976253253
680.21822028609
680.267756355659
680.318584461961
680.370704604994
680.422116784759
680.473821001256
680.525817254486
680.579105544447
680.632685871141
680.685558234566
680.739722634724
680.793179071613
680.847927545235
680.901968055589
680.956300602675
681.010925186492
681.065841807042
681.123050464324
681.179551158338
681.236343889084
681.292428656562
681.348805460772
681.401474301714
681.457435179389
681.511688093795
681.566233044933
681.622070032804
681.678199057406
681.734620118741
681.790333216807
681.845338351606
681.900635523136
681.955224731399
682.011105976393
682.06627925812
682.122744576579
682.17750193177
682.232551323693
682.285892752348
682.339526217735
682.393451719854
682.446669258705
682.497178834288
682.549980446604
682.597074095651
682.64545978143
682.695137503942
682.741107263185
682.78536905916
682.829922891868
682.873768761307
682.918906667479
682.964336610383
683.009058590018
683.052072606386
683.092378659486
683.133976749318
683.174866875882
683.217049039178
683.260523239206
683.304289475966
683.347347749458
683.390698059683
683.434340406639
683.478274790327
683.522501210748
683.5680196679
683.613830161784
683.660932692401
683.707327259749
683.75401386383
683.800992504643
683.848263182187
683.895825896464
683.942680647473
683.988827435214
684.035266259687
684.080997120892
684.129020018829
684.176334953498
684.222941924899
684.270840933032
684.318031977898
684.367515059495
684.413290177824
684.460357332886
684.507716524679
684.554367753204
684.602311018462
684.651546320452
684.701073659173
684.749893034627
684.798004446813
684.84740789573
684.89710338138
684.946090903762
684.996370462876
685.046942058722
685.0968056913
685.14696136061
685.196409066653
685.246148809427
685.296180588933
685.347504405171
685.396120258142
685.445028147844
685.494228074278
685.543720037445
685.593504037343
685.641580073974
685.688948147337
685.733608257431
685.780560404258
685.828804587817
685.875340808108
685.922169065131
685.970289358886
686.016701689373
686.065406056592
686.112402460543
686.159690901226
686.209271378641
686.259143892789
686.310308443668
686.363765031279
686.415513655623
686.467554316698
686.518887014506
686.571511749045
686.625428520317
686.67963732832
686.734138173056
686.787931054524
686.843015972724
686.898392927655
686.954061919319
687.010022947715
687.067276012843
687.124821114703
687.179658253296
687.23678742862
687.295208640676
687.353921889464
687.413927174985
687.474224497237
687.531813856221
687.589695251938
687.644868684386
687.701334153567
687.75809165948
687.815141202124
687.872482781501
687.93011639761
687.987042050451
688.043259740024
688.099769466329
688.153571229366
688.209665029135
688.265050865636
688.322728738869
688.381698648834
688.438960595531
688.494514578961
688.553360599122
688.605498656015
688.659928749641
688.712650879998
688.764665047088
688.815971250909
688.867569491463
688.918459768749
688.966642082766
689.013116433516
689.058882820998
689.102941245212
689.148291706158
689.193934203836
689.239868738246
689.283095309388
689.325613917263
689.368424561869
689.411527243207
689.454921961277
689.50060871608
689.545587507614
689.588858335881
689.633421200879
689.67827610261
689.723423041072
689.768862016267
689.814593028194
689.861616076852
689.908931162243
689.955538284366
690.002437443221
690.049628638808
690.098111871127
690.145887140178
690.193954445961
690.241313788476
690.287965167724
690.334908583703
690.382144036414
690.430671525858
690.480491052033
690.529602614941
690.57900621458
690.627701850952
690.674689524055
690.720969233891
690.767540980459
690.814404763759
690.863560583791
690.912008440554
690.96074833405
691.009780264278
691.059104231239
691.107720234931
691.156628275355
691.206828352511
691.258320466399
691.30910461702
691.359180804372
691.409549028456
691.459209289273
691.510161586821
691.561405921102
691.612942292115
691.665770699859
691.716891144336
691.767303625545
691.818008143486
691.868004698159
691.917293289563
691.9648739177
692.011746582569
692.059911284171
692.108368022504
692.156116797569
692.204157609366
692.252490457895
692.301115343157
692.34903226515
692.399241223876
692.451742219333
692.504535251523
692.556620320444
692.608997426098
692.662666568484
692.715627747601
692.769880963451
692.824426216033
692.878263505347
692.933392831393
692.989814194171
693.046527593681
693.102533029923
693.159830502897
693.216420012604
693.274301559042
693.334475142212
693.390940762114
693.449698418749
693.509748112115
693.572089842214
693.631723609044
693.693649412607
693.753867252902
693.813377129928
693.870179043687
693.927272994178
693.983658981401
694.041337005356
694.099307066043
694.159569163462
694.217123297613
694.274969468496
694.333107676111
694.389537920458
694.448260201538
694.506274519349
694.564580873892
694.623179265168
694.681069693175
694.736252157915
694.791726659386
694.84749319759
694.902551772526
694.954902384193
695.006545032593
695.058479717725
695.108706439589
695.157225198185
695.204035993513
695.250138825573
695.295533694365
695.341220599889
695.387199542145
695.433470521133
695.478033536854
695.519888589306
695.56303567849
695.606474804407
695.652205967055
695.697229166436
695.740544402548
695.785151675393
695.83005098497
695.874242331279
695.919725714319
695.965501134092
696.012568590597
696.059928083834
696.108579613803
696.155523180504
696.202758783937
696.250286424103
696.298106101
696.345217814629
696.392621564991
696.440317352084
696.487305175909
696.536585036467
696.585156933756
696.633020867778
696.682176838532
696.729624846017
696.779364890235
696.827396971185
696.874721088867
696.92233724328
696.969245434426
697.016445662304
697.065937926914
697.116722228257
697.165798566331
697.214166941137
697.264827352675
697.313779800945
697.362024285948
697.412560807682
697.464389366149
697.515509961347
697.566922593278
697.61862726194
697.669623967335
697.720912709462
697.77149348832
697.823366303911
697.875531156234
697.926988045289
697.978736971076
698.029777933595
698.079110932846
698.128735968829
698.177653041544
698.224862150991
698.274363297171
698.323156480082
698.373241699725
698.422618956101
698.471288249208
698.519249579048
698.569502945619
698.621048348923
698.673885788959
698.727015265726
698.780436779226
698.834150329458
698.889155916422
698.943453540118
698.998043200545
699.053924897705
699.110098631597
699.167564402222
699.224322209578
699.282372053666
699.339713934486
699.398347852039
699.456273806323
699.51449179734
699.573001825088
699.630803889569
699.691897990781
699.754284128726
699.813962303402
699.876932514811
699.937194762952
699.998749047825
700.05659536943
700.114733727767
700.173164122836
700.231886554637
700.29090102317
700.350207528435
700.408806070432
700.467696649161
700.527879264622
700.585353916816
700.644120605741
700.703179331399
700.761530093788
700.81917289291
700.879107728763
700.934334601349
700.989853510667
701.047664456717
701.102767439498
701.156162459012
701.208849515258
701.260828608236
701.312099737946
701.360662904388
701.407518107562
701.454665347468
701.500104624107
701.545835937477
701.591859287579
701.638174674414
701.68378209798
701.727681558279
701.770873055309
701.814356589072
701.859132159566
701.904199766793
701.948559410752
701.992211091443
702.036154808865
702.08139056302
702.126918353907
702.171738181526
702.216850045877
702.26325394696
702.309949884775
702.356937859323
702.404217870602
702.451789918613
702.499654003356
702.547810124832
702.595258283039
702.642998477979
702.68903070965
702.736354978054
702.784971283189
702.833879625057
702.883080003657
702.933572418989
702.982356871052
703.031433359848
703.031433359848
703.041423879647
703.061404919244
703.091376478639
703.131338557832
703.181291156824
703.229535792549
703.278697242965
703.328775508075
703.379770587878
703.431682482373
703.484511191561
703.536631937482
703.589044720134
703.640749539518
703.691746395634
703.745035288483
703.796616218063
703.796616218063
703.806907626019
703.82749044193
703.858364665796
703.899530297617
703.950987337393
703.999736413902
704.049777527143
704.098110677116
704.146735863821
704.196653087257
704.246862347426
704.297363644328
704.297363644328
704.297363644328
704.297363644328
704.297363644328
704.297363644328
704.297363644328
704.30855594044
704.330940532664
704.364517421001
704.40928660545
704.465248086011
704.521501603305
704.57904715733
704.637884748087
704.696014375577
704.755436039798
704.815149740752
704.875155478438
704.934453252855
704.995043064005
705.054924911887
705.115098796501
705.173564717847
705.240322675925
705.302372670735
705.367714702277
705.427348770551
705.488274875557
705.547493017295
705.608003195765
705.666805410968
705.726899662902
705.787285951568
705.848964276967
705.906934639097
705.96619703796
706.024751473555
706.082597945881
706.14273645494
706.203167000731
706.261889583253
706.319904202508
706.377210858495
706.436809551214
706.490700280665
706.547883046848
706.602357849764
706.655124689411
706.70818356579
706.759534478901
706.811177428744
706.85911241532
706.907339438627
706.952858498667
706.999669595438
707.045772728942
707.093167899177
707.139855106145
707.182834349845
707.226105630277
707.26966894744
707.313524301336
707.359671691964
707.406111119324
707.450842583416
707.49586608424
707.540181621796
707.584789196085
707.630688807105
707.676880454857
707.724364139341
707.771139860558
707.817207618506
707.864567413187
707.913219244599
707.961163112744
708.00939901762
708.057926959229
708.10574693757
708.153858952643
708.202263004447
708.249959092984
708.298947218253
708.351227380254
708.400799578987
708.450663814452
708.498820086649
708.548268395579
708.59700874124
708.648041123633
708.697365542758
708.746981998616
708.797890491205
708.847091020527
708.89658358658
708.945368189366
708.996444828884
709.047813505133
709.101474218115
709.153426967829
709.206671754275
709.259208577453
709.312037437363
709.365158334005
709.415571267379
709.469276237485
709.523273244323
709.576562287893
709.629143368195
709.68201648523
709.733181638996
709.783638829495
709.834388056725
709.883429320688
709.934762621382
709.985387958809
710.037305332968
710.087514743858
710.138016191481
710.188809675836
710.240895196923
710.295272754742
710.349942349293
710.405903980576
710.462157648591
710.519703353338
710.575541094817
710.632670873028
710.691092687971
710.748806539647
710.807812428054
710.867110353194
710.927700315065
710.987582313669
711.048756349005
711.109222421072
711.170980529872
711.231030675404
711.292372857667
711.353007076663
711.417933332391
711.482151624851
711.547661954043
711.612464319967
711.674558722623
711.735945162011
711.797623638132
711.857594150984
711.917856700568
711.979411286885
712.041257909933
712.099396569713
712.159827266226
712.219549999471
712.279564769447
712.339871576156
712.400470419597
712.459361299769
712.517544216674
712.574019170311
712.63178616068
712.688845187781
712.747196251614
712.803839352179
712.853774489476
712.906001663505
712.958520874267
713.00833212176
713.056435405985
713.102830726943
713.148518084632
713.195497479054
713.241768910207
713.289332378093
713.33318788271
713.37633542406
713.420775002142
713.464506616956
713.510530268502
713.55584595678
713.60045368179
713.646353443532
713.692545242006
713.739029077212
713.78580494915
713.83287285782
713.880232803222
713.928884785357
713.974828804223
714.021064859822
714.069592952152
714.118413081214
714.167525247009
714.216929449536
714.265625688794
714.312613964785
714.359894277508
714.407466626963
714.45633101315
714.505487436069
714.55593589572
714.604676392103
714.653708925218
714.702033495065
714.749650101644
714.799558744955
714.848759424999
714.900252141774
714.951036895281
715.000113685521
715.051482512492
715.102143376196
715.154096276631
715.206341213799
715.259878187699
715.31370719833
715.367828245694
715.42124132979
715.475946450618
715.528943608178
715.58223280247
715.637814033494
715.69268730125
715.745852605738
715.799309946958
715.853059324911
715.904100739595
715.956434191011
716.00705967916
716.05697720404
716.109186765653
716.161688363997
716.214481999074
716.266567670882
716.318945379423
716.372615124696
716.427576906701
716.483830725437
716.540376580906
716.597214473107
716.65534440204
716.712766367705
716.770480370103
716.830486409232
716.889784485093
716.950374597686
717.010256747011
717.071430933069
717.131897155858
717.19365541538
717.254705711633
717.317048044619
717.377682414336
717.440608820786
717.501827263968
717.567337743882
717.632140260527
717.698234813905
717.760621404015
717.822300030857
717.883270694431
717.945533394737
718.008088131775
718.071934905546
718.134073716048
718.195504563282
718.254227447248
718.314242367947
718.372549325377
718.43214831954
718.492039350434
718.553222418061
718.613697522419
718.67246466351
718.729523841333
718.787875055888
718.846518307175
718.904453595194
718.957680919945
719.011200281428
719.064011679643
719.11611511459
719.167510586269
719.21819809468
719.264177639823
719.310449221699
719.357012840306
719.403868495645
719.451016187717
719.49445591652
719.538187682056
719.582211484324
719.627527323323
719.673135199055
719.718035111519
719.762227060715
719.806711046642
719.851487069302
719.896555128694
719.940915224818
719.987567357674
720.035511527262
720.082747733583
720.130275976635
720.176096256419
720.223208572936
720.270612926184
720.319309316164
720.367297742877
720.414578206321
720.462150706498
720.510015243406
720.558171817047
720.60762042742
720.657361074525
720.707393758362
720.75671847893
720.804335236231
720.853244030264
720.902444861029
720.952937728527
721.002722632756
721.054799573717
721.10416855141
721.153829565835
721.203782616993
721.256027704882
721.308564829504
721.361393990857
721.415515188943
721.46992842376
721.52263369531
721.576631003592
721.630920348606
721.684501730351
721.739375148829
721.793540604039
721.846998095981
721.900747624655
721.954789190061
722.008122792199
722.05974843107
722.110666106672
722.162875819006
722.215377568072
722.267171353871
722.319257176401
722.371635035664
722.423304931658
722.476266864385
722.531520833844
722.587066840034
722.643904882957
722.700034962612
722.756457078998
722.814171232117
722.872177421968
722.930475648551
722.990065911866
723.049948211913
723.111122548693
723.170588922204
723.231347332447
723.293397779422
723.35774026313
723.418374783569
723.482301340741
723.543519934644
723.60603056528
723.668833232647
723.733927936747
723.799314677579
723.862993455142
723.925964269438
723.987227120466
724.048782008226
724.110628932718
724.172767893942
724.234198891898
724.296921926586
724.356936998006
724.416244106159
724.475843251043
724.536734432659
724.595917651008
724.656392906088
724.7161601979
724.775219526445
724.833570891722
724.89121429373
724.950149732471
725.008377207944
725.062896720148
725.115708269085
725.169811854754
725.222207477155
725.274895136288
725.323874832153
725.37214656475
725.418710334079
725.46456614014
725.510713982934
725.558153862459
725.606885778716
725.649909731706
725.693225721427
725.736833747881
725.781733811066
725.827925910984
725.873410047633
725.918186221015
725.963254431129
726.008614677975
726.054266961552
726.101211281862
726.148447638904
726.194976032678
726.241796463184
726.288908930422
726.336313434393
726.385009975095
726.433998552529
726.484279166695
726.532851817594
726.580716505224
726.628873229586
726.677321990681
726.726062788508
726.777095623066
726.827420494357
726.878037402379
726.926946347134
726.977147328621
727.02764034684
727.079425401791
727.130502493474
727.181871621889
727.233532787036
727.284485988915
727.335731227526
727.387268502869
727.440097814944
727.494219163752
727.547632549291
727.601337971562
727.655335430566
727.709624926301
727.764206458769
727.819080027969
727.8722456339
727.928703276564
727.98345295596
728.037494672088
728.091828424947
728.146454214539
728.199372040863
728.251581903919
728.302083803708
728.352877740228
728.40596371348
728.458341723464
728.511011770181
728.564973853629
728.619227973809
728.673774130722
728.729612324366
728.785742554743
728.843164821851
728.899879125692
728.957885466265
729.016183843569
729.075774257606
729.134656708375
729.193831195876
729.255297720109
729.315056281074
729.376106878771
729.4374495132
729.500084184361
729.561010892255
729.62422963688
729.684740418237
729.747543236326
729.813638091148
729.879024982701
729.944703910987
730.009674876004
730.072937877754
730.134492916236
730.196339991449
730.259479103395
730.322910252073
730.385633437483
730.447648659625
730.506955918499
730.566555214105
730.627446546443
730.687629915513
730.748105321315
730.80787276385
730.867932243116
730.927283759114
730.984927311845
731.044862901307
731.099090527501
731.156610190428
731.212421890087
731.265525626477
731.3179213996
731.369609209455
731.420589056042
731.46886093936
731.516424859411
731.563280816194
731.609428809709
731.655868839956
731.702600906935
731.749625010646
731.79294115109
731.837549328265
731.882449542172
731.929641792812
731.975126080183
732.020902404287
732.064970765122
732.11133116269
732.157983596989
732.204928068021
732.251164575785
732.29969312028
732.347513701508
732.395626319468
732.44403097416
732.492727665584
732.54271639374
732.592997158628
732.642569960248
732.6914347986
732.739591673685
732.787040585501
732.837781534049
732.88781451933
732.939139541342
732.991756600086
733.042665695563
733.093866827772
733.144359996712
733.195145202385
733.24822244479
733.300591723926
733.352253039795
733.404206392396
733.455451781729
733.506989207794
733.560818670591
733.61394017012
733.668353706381
733.722059279374
733.7780568891
733.834346535557
733.889928218746
733.945801938668
733.999967695321
734.054425488707
734.109175318824
734.165217185674
734.220551089255
734.277177029569
734.331095006615
734.383305020393
734.435807070902
734.488601158144
734.541687282118
734.596065442824
734.650735640262
734.704697874432
734.758952145335
734.814498452969
734.871336797335
734.929467178433
734.986889596264
735.044604050826
735.103610542121
735.163909070147
735.223499634906
735.284382236396
735.345556874619
735.408023549574
735.469782261261
735.53183300968
735.59417579483
735.656810616713
735.719737475328
735.782956370675
735.845467302755
735.907270271566
735.973365277109
736.037752319384
736.104431398391
736.165402514131
736.229665666602
736.291220855806
736.354068081741
736.419207344409
736.481638643808
736.54336197994
736.605377352804
736.664684762399
736.725284208727
736.786175691787
736.846359211579
736.906834768103
736.966602361359
737.025661991347
737.085013658067
737.142657361519
737.201593101703
737.25982087862
737.318340692268
737.372152542648
737.424256429761
737.476652353605
737.529340314181
737.58132031149
737.628592345531
737.676156416303
737.722012523808
737.769160668045
737.815600849014
737.862333066714
737.908357321147
737.951673612312
737.996281940209
738.041182304838
738.088374706199
738.135859144293
738.182635619118
738.227704130675
738.274064678964
738.321717263986
738.369661885739
738.416898544225
738.466427239442
738.515247971392
738.562360740074
738.611765545487
738.662462387633
738.712451266511
738.762732182121
738.811305134463
738.859170123537
738.908327149343
738.958776211881
739.009517311151
739.061550447153
739.114875619887
739.165492829353
739.216402075552
739.267603358482
739.318096678144
739.369882034539
739.422959427665
739.477328857524
739.527990324115
739.579943827437
739.634189367492
739.689726944279
739.744556557797
739.798678208048
739.854091895031
739.908797618746
739.964795379193
740.021085176372
740.075667010283
740.131540880926
740.188706788302
740.246164732409
740.301914713248
740.35795673082
740.414290785123
740.467916876158
740.521835003926
740.575045168425
740.629547369657
740.683341607621
740.737427882316
740.791806193744
740.847476541904
740.902438926796
740.95969334842
741.017239806776
741.076078301864
741.134208833684
741.192631402236
741.25134600752
741.310352649536
741.370651328285
741.431242043765
741.493124795977
741.554299584922
741.616766410598
741.679525273007
741.742576172147
741.80691910802
741.870554080625
741.932481089962
741.99570013603
742.058211218831
742.125014338364
742.190109494629
742.254496687626
742.318175917355
742.381147183816
742.443410487009
742.505965826934
742.568813203592
742.631952616981
742.694384067102
742.757107553956
742.817123077541
742.878430637859
742.939030234908
742.99992186869
743.060105539204
743.120581246449
743.179348990427
743.237408771137
743.295760588579
743.355404442753
743.414340333659
743.472568261297
743.526088225667
743.579900226769
743.634004264603
743.687400339169
743.737088450467
743.787068598498
743.83434078326
743.881905004755
743.929761262981
743.97790955794
744.02534988963
744.072082258053
744.118106663208
744.163423105094
744.210031583713
744.256932099064
744.303124651147
744.349609239962
744.397385865509
744.445454527788
744.493815226799
744.542467962542
744.591412735017
744.640649544225
744.690178390164
744.740999272835
744.793112192239
744.843517148374
744.894214141242
744.944203170841
744.993484237173
745.044057340236
745.097922480032
745.15007965656
745.20252886982
745.256270119812
745.309303406535
745.360628729992
745.41224609018
745.4641554871
745.517356920752
745.570850391136
745.624635898252
745.678713442101
745.733083022681
745.787744639993
745.842698294038
745.897943984814
745.955481712323
746.011311476563
746.067433277536
746.12484711524
746.181552989677
746.236550900846
746.293840848747
746.35142283338
746.407296854745
746.464462912842
746.520921007671
746.575671139232
746.629713307525
746.68104751255
746.733673754307
746.787592032797
746.842802348018
746.897304699971
746.952099088657
747.007185514074
747.063563976224
747.121234475105
747.179197010719
747.237451583065
747.297998192142
747.357836837952
747.416967520494
747.477390239768
747.538104995774
747.599111788512
747.661410617982
747.724001484184
747.785884387118
747.849059326784
747.910526303183
747.973285316313
748.035336366175
748.09767945277
748.160314576096
748.227241736155
748.291460932945
748.357972166468
748.421775436722
748.484870743709
748.549258087428
748.610937467879
748.673908885062
748.738172338977
748.799727829624
748.861575357002
748.922714921114
748.984146521957
749.044870159532
749.104885833839
749.165193544878
749.22479329265
749.284685077153
749.342868898388
749.401344756356
749.460112651055
749.519172582487
749.576524550651
749.630168555546
749.686104597174
749.740332675534
749.791852790626
749.84266494245
749.892769131005
749.940165356294
749.987853618314
750.035833917066
750.08410625255
750.131670624766
750.177527033714
750.223675479395
750.270115961807
750.317848480951
750.364873036828
750.411189629436
750.459798258777
750.507698924849
750.555891627654
750.605376367191
750.657153143459
750.70822195646
750.759582806193
750.810235692658
750.862180615855
750.915417575784
750.967946572445
751.019767605838
751.069880675963
751.120285782821
751.17298292641
751.225972106731
751.278253323785
751.33182657757
751.383691868088
751.435849195337
751.489298559319
751.542039960032
751.596073397478
751.650398871656
751.706016382566
751.758925930207
751.812127514581
751.866621135687
751.922406793525
751.978484488095
752.035854219397
752.093515987431
752.150469792198
752.207715633696
752.264253511926
752.321083426889
752.378205378583
752.437619367009
752.496325392168
752.552323454058
752.609613552681
752.665195688036
752.720069860122
752.773236068941
752.826694314492
752.883444596775
752.93948691579
752.994821271537
753.049447664016
753.105366093227
753.16257655917
753.220079061845
753.278873601252
753.336960177391
753.395338790263
753.455009439866
753.514972126202
753.576226849269
753.637773609069
753.6996124056
753.761743238864
753.824166108859
753.886881015587
753.948887959047
754.011186939239
754.075777956162
754.139661009818
754.201836100206
754.263303227326
754.330062391179
754.395113591763
754.461456829079
754.525092103127
754.589019413907
754.65123876142
754.714750145664
754.779553566641
754.843649024349
754.90603651879
754.968716049962
755.029687617867
755.090951222503
755.153506863872
755.214354541973
755.276494256806
755.336926008371
755.397649796668
755.457665621697
755.515973483458
755.575573381951
755.635465317176
755.693649289133
755.746125297822
755.799893343244
755.853953425397
755.906305544282
755.9569496999
756.006885892249
756.055114121331
756.102634387145
756.15144668969
756.199551028968
756.245947404978
756.29263581772
756.340616267193
756.388888753399
756.438453276337
756.487309836007
756.536458432409
756.585899065544
756.63663173541
756.686656442008
756.736973185338
756.787581965401
756.837482782195
756.889675635721
756.94116052598
756.99493745297
757.047006416693
757.098367417148
757.150020454334
757.201965528253
757.253202638904
757.306731786287
757.360552970402
757.415666191249
757.468071448828
757.520768743139
757.573758074182
757.627039441957
757.681612846464
757.735478287704
757.789635765675
757.844085280378
757.898826831814
757.953860419981
758.010186044881
758.067803706512
758.123713404876
758.181915139971
758.239408911799
758.296194720359
758.353272565651
758.409642447675
758.466304366431
758.523258321919
758.579504314139
758.636042343091
758.693872408775
758.749994511191
758.805408650339
758.858114826219
758.911113038832
758.966403288176
759.021985574253
759.076859897061
759.131026256602
759.186484652874
759.242235085879
759.299277555615
759.357612062084
759.415238605285
759.474157185218
759.533367801883
759.59387045528
759.656665145409
759.71675187227
759.778130635863
759.840801436188
759.902764273245
759.965019147034
760.027566057556
760.091405004809
760.153535988794
760.216959009512
760.278674066961
760.342681161143
760.407980292056
760.473571459702
760.53945466408
760.604629905189
760.670097183031
760.731856497605
760.794907848911
760.859251236949
760.924886661719
760.986814123221
761.051033621455
761.112545156421
761.175348728119
761.238444336549
761.300831981712
761.362511663606
761.422483382233
761.482747137591
761.543302929682
761.602150758504
761.662290624059
761.723722526345
761.782446465364
761.837462441115
761.891770453598
761.947370502813
762.000262588759
762.054446711438
762.10692287085
762.156691066993
762.205751299868
762.255103569475
762.304747875814
762.353684218886
762.401912598689
762.449433015224
762.497245468492
762.547349958491
762.597746485223
762.646435048686
762.697415648882
762.74868828581
762.801252959469
762.853109669861
762.905258416985
762.957699200841
763.011432021429
763.065456878749
763.120773772801
763.174382703585
763.226283671101
763.277476675349
763.328961716329
763.382738794042
763.435807908486
763.490169059662
763.545822247571
763.599767472211
763.653004733584
763.706534031689
763.760355366525
763.814468738094
763.868874146395
763.923571591428
763.977561073193
764.031842591689
764.089416146918
764.149281738879
764.204439367572
764.261889032998
764.320630735155
764.378664474044
764.435990249665
764.493608062019
764.551517911104
764.610719796921
764.669213719471
764.725999678752
764.783077674766
764.840447707512
764.895109776989
764.949063883199
765.003310026141
765.058848205815
765.113678422221
765.169800675358
765.226214965228
765.28292129183
765.339919655165
765.397210055231
765.455792492029
765.514666965559
765.573833475821
765.635292022816
765.696042606542
765.757085227
765.818419884191
765.880046578113
765.943965308768
766.007176076155
766.071678880273
766.135473721124
766.200560598707
766.263939513022
766.328610464069
766.391573451848
766.453828476359
766.522375537602
766.591214635577
766.658345770284
766.724768941723
766.790484149894
766.855491394798
766.920790676433
766.9863819948
767.0512653499
767.117440741731
767.181908170295
767.246667635591
767.311719137618
767.375062676378
767.43969825187
767.502625864094
767.565845513049
767.628357198737
767.689160921157
767.752256680309
767.817644476193
767.87932430881
767.934296178158
767.993560084238
768.05011602705
768.105964006594
768.159104022871
768.212536075879
768.26426016562
768.315276292092
768.367584455297
768.419184655233
768.467076891902
768.517261165303
768.565737475436
768.6165058223
768.668566205897
768.719918626226
768.771563083287
768.82449957708
768.878728107605
768.932248674863
768.986061278852
769.040165919573
769.094562597026
769.151251311212
769.207232062129
769.262504849778
769.31806967416
769.371926535273
769.426075433119
769.479516367697
769.533249339006
769.590274347048
769.646591391822
769.702200473328
769.756101591566
769.811294746536
769.865779938238
769.921557166672
769.978626431838
770.031987733736
770.088641072366
770.145586447728
770.204823859823
770.262353308649
770.321174794207
770.379288316498
770.43869387552
770.498391471275
770.558381103761
770.61766277298
770.678236478931
770.739102221614
770.797260001028
770.854709817175
770.913451670054
770.969485559665
771.024811486008
771.080429449083
771.13833944889
771.19654148543
771.254035558701
771.310821668704
771.368899815439
771.427269998907
771.486932219106
771.546886476038
771.607132769701
771.666671100097
771.728501467225
771.790623871084
771.854038311676
771.916744789
771.980743303056
772.045033853843
772.109616441363
772.174491065615
772.240657726599
772.305116424315
772.372867158764
772.439909929944
772.506244737856
772.5748715825
772.641790463877
772.712001381985
772.778504336826
772.846299328398
772.913386356703
772.980765421739
773.048436523508
773.116399662008
773.184654837241
773.251202049206
773.318041297903
773.389172583332
773.459595905493
773.525311264386
773.592318660011
773.658618092368
773.729209561457
773.795093067279
773.858268609832
773.923736189117
773.984495805135
774.043547457884
774.103891147365
774.162526873579
774.218454636524
774.272674436202
774.327186272612
774.378990145754
774.432086055627
774.486474002233
774.538153985571
774.590126005641
774.641390062443
774.693946155977
774.746794286243
774.798934453241
774.853366656971
774.908090897434
774.962107174628
775.017415488554
775.072015839213
775.127908226603
775.184092650726
775.24056911158
775.297337609167
775.353398143486
775.407750714536
775.463395322319
775.517331966834
775.572560648081
775.63008136606
775.68689412077
775.742998912213
775.800395740389
775.857084605296
775.914065506935
775.972338445306
776.026903420409
776.082760432245
776.138909480812
776.196350566111
776.256083688143
776.316108846906
776.376426042402
776.43903527463
776.500936543589
776.561129849281
776.621615191705
776.681392570861
776.742461986749
776.804823439369
776.865476928721
776.925422454805
776.985660017621
777.044189617169
777.101011253449
777.156124926461
777.212530636205
777.269228382682
777.32721816589
777.384499985831
777.443073842503
777.499939735908
777.559097666044
777.619547632913
777.681289636513
777.742323676846
777.804649753911
777.867267867708
777.931178018237
777.995380205498
778.060874429491
778.126660690216
778.192738987673
778.259109321862
778.325771692783
778.392726100437
778.461972544822
778.528511025939
778.596341543789
778.66546409837
778.733878689684
778.804585317729
778.872583982507
778.940874684017
779.008457422258
779.078332197232
779.147499008938
779.216957857376
779.288708742546
779.355751664448
779.426086623082
779.494713618448
779.562632650546
779.628843719376
779.693346824938
779.766141967232
779.830229146259
779.894608362017
779.960279614508
780.02424290373
780.083498229685
780.143045592371
780.20188499179
780.25901642794
780.314439900823
780.368155410438
780.421162956785
780.474462539864
780.530054159675
780.583937816218
780.636113509493
780.6875812395
780.740341006239
780.79239280971
780.845736649913
780.900372526849
780.955300440516
781.010520390915
781.066032378047
781.12183640191
781.178932462506
781.236320559834
781.294000693893
781.352972864685
781.411237072209
781.466793316464
781.522641597452
781.578781915172
781.635214269624
781.691938660808
781.748955088724
781.805263553373
781.861864054753
781.917756592865
781.974941167709
782.035417779286
782.092186427594
782.147247112634
782.204599834407
782.263244592911
782.322181388148
782.382410220117
782.443931088817
782.50374399425
782.564848936415
782.626245915312
782.68893493094
782.750915983301
782.813189072394
782.874754198219
782.934611360776
782.994760560066
783.054201796087
783.11293506884
783.168960378325
783.227277724543
783.286887107492
783.346788527173
783.405981983587
783.466467476732
783.52624500661
783.58631457322
783.647676176561
783.711329816635
783.774275493441
783.838513206979
783.903042957249
783.968864744251
784.035978567985
784.103384428451
784.170082325649
784.239072259579
784.307354230241
784.376928237635
784.445794281762
784.51595236262
784.58740248021
784.656144634533
784.728178825587
784.800505053374
784.870123317892
784.940033619143
785.010235957126
785.08073033184
785.151516743287
785.223595191466
785.296965676377
785.36662819802
785.438582756395
785.511829351502
785.584367983341
785.658198651913
785.730321357216
785.801736099251
785.873442878018
785.950441693518
786.018732545749
786.082315434713
786.143190360408
786.206357322836
786.266816321995
786.325567357887
786.383610430511
786.438945539867
786.493572685954
786.549491868774
786.605703088326
786.65920634461
786.713001637626
786.766088967374
786.820468333855
786.874139737067
786.929103177011
786.985358653687
787.041906167096
787.099745717236
787.157877304109
787.217300927713
787.27701658805
787.336024285118
787.397324018919
787.455915789452
787.511799596716
787.568975440713
787.625443321442
787.682203238903
787.739255193096
787.797599184021
787.854235211678
787.910163276067
787.968383377188
788.025895515041
788.082699689627
788.137795900944
788.194184148993
788.252864433775
788.310836755288
788.371101113534
788.431657508511
788.492505940221
788.553646408663
788.614078913836
788.677803455742
788.74082003438
788.80412864975
788.868729301852
788.928621990686
788.989806716252
789.05228347855
789.11205227758
789.171113113342
789.229465985837
789.290110895063
789.350047841021
789.410276823712
789.470797843134
789.532610899289
789.592715992175
789.654113121794
789.716802288145
789.779783491227
789.844056731042
789.910622007589
789.976479320868
790.043628670879
790.111070057622
790.181803481096
790.251828941304
790.322146438243
790.392755971914
790.462657542317
790.534851149452
790.604336793319
790.675114473919
790.74718419125
790.821545945314
790.895199736109
790.965145563637
791.036383427896
791.108913328888
791.180735266612
791.253849241068
791.327255252255
791.397953300175
791.471943384827
791.544225506211
791.617799664327
791.689665859175
791.762824090755
791.837274359067
791.910016664112
791.984051005888
792.057377384396
792.120995799637
792.183906251609
792.249108740314
792.30960326575
792.367389827919
792.425468426819
792.480839062452
792.536501734817
792.593456443914
792.649703189742
792.703241972303
792.757072791596
792.811195647621
792.866610540378
792.921317469867
792.975316436088
793.031607439042
793.088190478727
793.145065555144
793.201232668294
793.260691818175
793.319443004788
793.382486228134
793.442821488212
793.500448785021
793.556368118563
793.613579488837
793.671082895842
793.72787833958
793.78496582005
793.842345337252
793.900016891186
793.957980481852
794.01623610925
794.07478377338
794.130623474242
794.187755211836
794.245178986163
794.302894797221
794.361902645011
794.424202529534
794.484794450788
794.546678408775
794.606854403493
794.668322434944
794.732082503126
794.794134608041
794.857478749688
794.921114928067
794.982043143178
795.043263395021
795.104775683595
795.163580008902
795.222676370942
795.281064769713
795.340745205216
795.401717677451
795.461982186418
795.522538732118
795.582387314549
795.644527933713
795.705960589608
795.768685282236
795.834702011595
795.901010777687
795.967611580511
796.034504420066
796.102689296354
796.173166209374
796.243935159126
796.31499614561
796.385349168826
796.456994228774
796.528931325454
796.600160458866
796.672681629011
796.746494835887
796.819600079495
796.893997359836
796.964686676908
797.037668030712
797.107941421249
797.182506848518
797.256364312518
797.328513813251
797.401955350716
797.474688924912
797.548714535841
797.623032183502
797.694641867895
797.76754358902
797.841737346877
797.916223141466
797.990000972787
798.06407084084
798.131432745625
798.193086687143
798.256032665392
798.318270680374
798.378800732087
798.437622820532
798.49273694571
798.55114310762
798.608841306261
798.665831541635
798.720113813741
798.773688122579
798.826554468148
798.88171285045
798.935163269484
798.99090572525
799.047940217748
799.105266746978
799.16288531294
799.221795915635
799.281998555061
799.342493231219
799.40327994411
799.463358693732
799.521729480087
799.579392303173
799.635347162992
799.694594059542
799.753132992825
799.80996396284
799.867086969586
799.924502013065
799.982209093276
800.040208210219
800.099499363894
800.156082554301
800.21195778144
800.269125045311
800.328584345914
800.38933568325
800.451379057317
800.510714468116
800.572341915647
800.634261399911
800.696472920906
800.760976478634
800.823772073093
800.888859704285
800.951239372209
801.012911076864
801.075874818252
801.138130596372
801.198678411224
801.259518262808
801.319650151124
801.381074076172
801.441790037952
801.502798036464
801.563098071708
801.622690143685
801.685574252393
801.747750397833
801.813218580006
801.87897879891
801.946031054547
802.013375346915
802.085011676016
802.156940041848
802.229160444413
802.30067288371
802.373477359738
802.445573872499
802.516962421992
802.588643008217
802.659615631174
802.733880290863
802.808436987284
802.882285720437
802.956426490323
803.02885929694
803.100584140289
803.174601020371
803.246909937184
803.320510890729
803.394403881007
803.468588908016
803.544065971758
803.621835072232
803.695896209437
803.770249383375
803.844894594045
803.918831841447
803.992061125581
804.068582446447
804.142395804045
804.208501198375
804.270898629437
804.334588097231
804.397569601757
804.456843143016
804.513408721006
804.569266335729
804.625415987183
804.68285767537
804.738591400288
804.792617161939
804.845934960321
804.901544795436
804.956446667283
805.010640575861
805.068126521172
805.124904503215
805.18297452199
805.240336577497
805.299990669736
805.359936798707
805.421174964411
805.480705166846
805.539527406013
805.597641681912
805.655047994544
805.711746343907
805.768736730003
805.82601915283
805.88359361239
805.940460108681
805.999618641705
806.05806921146
806.116811817948
806.172846461168
806.23017314112
806.287791857804
806.34770261122
806.407905401368
806.470400228248
806.53118709186
806.591265992204
806.65263692928
806.716299903088
806.780254913629
806.845501960901
806.909041044906
806.972872165642
807.035995323111
807.098410517311
807.162117748244
807.222117015909
807.283408320305
807.344991661434
807.405867039295
807.468034453888
807.529493905213
807.59124539327
807.651288918059
807.71462447958
807.779252077833
807.843171712818
807.908383384535
807.978887092985
808.050682838166
808.12277062008
808.195150438725
808.267822294103
808.339786186212
808.413042115054
808.485590080627
808.557430082933
808.631562121971
808.704986197741
808.779702310243
808.853710459476
808.929010645442
809.00360286814
809.076487127571
809.149663423733
809.224131756627
809.297892126253
809.371944532611
809.447288975702
809.520925455524
809.596853972079
809.672074525365
809.746587115384
809.819391742134
809.894488405617
809.968877105831
810.043557842778
810.122530616457
810.193795426868
810.257352274011
810.320201157886
810.384342078493
810.446775035832
810.504500029903
810.561517060706
810.616826128241
810.672427232508
810.730320373508
810.785505551239
810.839982765702
810.894752016898
810.950813304825
811.005166629485
811.059811990876
811.116749389
811.173978823856
811.230500295444
811.289313803763
811.349419348815
811.409816930599
811.470506549115
811.531488204363
811.589761896343
811.647327625055
811.7041853905
811.761335192676
811.819777031584
811.875510907224
811.932536819597
811.989854768701
812.048464754538
812.105366777106
812.163560836407
812.219046932439
812.274825065204
812.331895234701
812.39125744093
812.45291168389
812.511857963583
812.572096280008
812.634626633165
812.696449023054
812.759563449675
812.823969913028
812.887668413113
812.952658949931
813.01694152348
813.080516133761
813.143382780775
813.20654146452
813.267992184998
813.328734942207
813.388769736149
813.451096566822
813.513715434228
813.575626338366
813.636829279235
813.698324256837
813.763111271171
813.826190322237
813.892561410035
813.958224534565
814.029179695827
814.101426893821
814.172966128548
814.244797400006
814.317920708196
814.390336053118
814.463043434773
814.536042853159
814.609334308278
814.683917800128
814.756793328711
814.830960894025
814.906420496072
814.982172134851
815.054215810362
815.131551522605
815.20417927158
815.277099057286
815.350310879725
815.423814738897
815.4996106348
815.574698567435
815.650078536802
815.723750542901
815.797714585733
815.872970665296
815.948518781591
816.023358934619
816.098491124378
816.17291535087
816.243631614094
816.306639914049
816.370940250737
816.434532624157
816.495417034309
816.556593481193
816.613061964808
816.668822485157
816.726875042237
816.784219636049
816.838856266593
816.892784933869
816.947005637877
817.002518378617
817.05532315609
817.111419970294
817.167808821231
817.224489708899
817.281462633299
817.339727594432
817.399284592297
817.458133626894
817.517274698222
817.577707806283
817.635432951076
817.693450132601
817.751759350858
817.809360605847
817.865253897568
817.921439226021
817.978916591206
818.037685993123
818.095747431772
818.154100907154
818.209746419267
818.266683968112
818.32391355369
818.383435175999
818.443248835041
818.505354530815
818.56675226332
818.627442032558
818.690423838528
818.75169768123
818.815263560663
818.880121476829
818.942271429727
819.006713419357
819.070447445719
819.134473508814
819.19879160864
819.262401745198
819.323303918488
819.384498128511
819.445984375265
819.507762658752
819.57083297897
819.633195335921
819.695849729603
819.758796160018
819.822034627164
819.888565131043
819.955387671654
820.027502248997
820.098908863072
820.172607513879
820.245598201418
820.318880925689
820.392455686692
820.466322484427
820.539481318894
820.612932190093
820.686675098025
820.758710042688
820.834037024084
820.908656042211
820.98456709707
821.060770188662
821.135265316986
821.209052482041
821.284131683829
821.358502922349
821.433166197601
821.510121509585
821.5833688583
821.661908243748
821.734739665928
821.80986312484
821.885278620485
821.962986152861
822.039985721969
822.116277327809
822.191860970382
822.264736649686
822.328904365722
822.392364118491
822.456115907991
822.518159734224
822.577495597189
822.634123496885
822.690043433314
822.747255406475
822.804759416368
822.858555462992
822.911643546349
822.967023666438
823.022695823259
823.076660016812
823.132916247098
823.189464514115
823.246304817864
823.303437158345
823.361861535559
823.422577949504
823.483586400182
823.544886887591
823.605479411733
823.666363972606
823.725540570212
823.78400920455
823.842769875619
823.899822583421
823.957167327955
824.014804109221
824.072732927219
824.132953781949
824.192466673411
824.251271601605
824.308368566531
824.366757568189
824.42543860658
824.484411681702
824.545676793556
824.607233942143
824.668083127461
824.731224349512
824.795657608294
824.868382903809
824.933400236055
824.997709605034
825.070311010745
825.134204453188
825.198389932362
825.264867448269
825.327637000908
825.390698590279
825.453052216383
825.516697879218
825.580635578785
825.643865315084
825.707387088115
825.770200897879
825.835306744374
825.901704627602
825.973394547561
826.045376504253
826.117650497676
826.191216527832
826.26507459472
826.339224698339
826.414666838691
826.489401015775
826.563427229591
826.637745480139
826.711355767419
826.787258091431
826.864452452175
826.939938849651
827.016717283859
827.0957877548
827.170150262472
827.244804806876
827.320751388012
827.393990005881
827.470520660481
827.547343351814
827.622458079879
827.698864844675
827.772563646204
827.848554484465
827.923837359457
828.001412271182
828.078279219639
828.154438204828
828.230889226749
828.308632285402
828.371667380787
828.436994512904
828.501613681754
828.564524887335
828.622728129648
828.679223408694
828.737010724471
828.79709007698
828.854461466222
828.910124892196
828.966080354901
829.020327854339
829.075867390509
829.13169896341
829.188822573044
829.24723821941
829.304945902508
829.363945622338
829.4242373789
829.486821172194
829.54769700222
829.609864868978
829.670324772469
829.731076712691
829.790120689645
829.848456703332
829.90708475375
829.9650048409
830.024216964783
830.083721125397
830.144517322744
830.202605556823
830.260985827634
830.318658135176
830.377622479451
830.438878860458
830.499427278197
830.561267732668
830.624400223871
830.698824751806
830.763541316473
830.838549917873
830.912850556004
830.987443230867
831.062327942463
831.13750469079
831.21097347585
831.283734297641
831.356787156165
831.42213205142
831.486768983408
831.550697952128
831.616918957579
831.688431999763
831.753237078679
831.818334194327
831.889723346707
831.962404535819
832.035377761663
832.109643024239
832.186200323547
832.261049659588
832.33619103236
832.411624441864
832.488349888101
832.565367371069
832.64267689077
832.720278447202
832.797172040367
832.874357670263
832.951835336892
833.028605040253
833.106666780346
833.187020557171
833.264666370727
833.341604221016
833.418834108037
833.49435603179
833.571169992275
833.652275989493
833.726674023442
833.804364094123
833.880346201536
833.957620345682
834.035186526559
834.113044744169
834.19019499851
834.268637289584
834.346371617389
834.417397981927
834.483716383196
834.555326821198
834.620229295932
834.684423807398
834.742910355596
834.801688940526
834.860759562188
834.921122220582
834.979776915708
835.037723647566
835.094962416156
835.151493221479
835.208316063533
835.266430942319
835.325837857838
835.385536810088
835.444527799071
835.504810824785
835.568385887232
835.630252986411
835.694412122321
835.755863294964
835.818606504339
835.880641750446
835.940969033285
836.002588352856
836.061499709159
836.124703102194
836.187198531961
836.26198599846
836.323065501692
836.383437041655
836.44310061835
836.504056231778
836.566303881937
836.629843568829
836.705675292452
836.769799052808
836.845214849895
836.919922683715
836.996922554267
837.073214461551
837.149798405567
837.226674386314
837.302842403794
837.377302458006
837.45205454895
837.526098676626
837.592434841035
837.665063042175
837.737983280047
837.811195554651
837.883699865988
837.956496214056
838.022584598857
838.095965020389
838.170637478654
838.24660197365
838.321858505379
838.39840707384
838.476247679033
838.554380320957
838.632804999614
838.711521715003
838.790530467124
838.868831255977
838.947424081562
839.02630894388
839.103485842929
839.18395477871
839.263715751223
839.343768760469
839.422113806446
839.499750889156
839.578680008597
839.65690116477
839.735414357676
839.815219587314
839.893316853683
839.972706156785
840.050387496619
840.128360873185
840.207626286483
840.287183736513
840.366033223275
840.445174746769
840.523608306995
840.595333903953
840.668351537643
840.743661208065
840.80726291522
840.870156659106
840.930342439724
840.990820257075
841.053590111157
841.114652001972
841.172005929519
841.229651893797
841.286589894808
841.344819932551
841.403342007026
841.464156118232
841.524262266171
841.584660450842
841.646350672245
841.70933293038
841.772607225247
841.836173556847
841.900031925178
841.964182330241
842.027624772037
842.089359250564
842.151385765823
842.211704317815
842.273314906538
842.336217531994
842.398412194181
842.459898893101
842.520677628753
842.580748401137
842.642111210253
842.7057660561
842.77071293868
842.846951857992
842.922482814036
842.998305806813
843.075420836321
843.153827902561
843.231527005533
843.307518145238
843.381801321674
843.456376534842
843.531243784743
843.608403071375
843.68385439474
843.758597754836
843.823633151665
843.897960585226
843.972580055518
844.045491562543
844.1186951063
844.193190686789
844.26897830401
844.346057957963
844.422429648648
844.500093376065
844.579049140214
844.657296941096
844.736836778709
844.817668653054
844.897792564132
844.978208511941
845.057916496482
845.138916517756
845.218208575762
845.298792670499
845.379668801969
845.461836970171
845.542297175104
845.62104941677
845.701093695168
845.781430010298
845.86105836216
845.942978750754
846.02219117608
846.100695638138
846.180492136928
846.259580672451
846.339961244705
846.424633853691
846.50259849941
846.58285518186
846.660403901043
846.733244656957
846.808377449604
846.881802278982
846.948519145093
847.012528047936
847.074828987511
847.137421963817
847.200306976856
847.259484026627
847.31695311313
847.375714236365
847.435767396332
847.497112593031
847.559749826463
847.621679096626
847.683900403521
847.749413747149
847.814219127508
847.880316544599
847.945705998423
848.011387488978
848.077361016266
848.142626580286
848.206184181037
848.270033818521
848.333175492737
848.396609203685
848.470334951365
848.534352735777
848.597662556921
848.661264414797
848.724158309405
848.787344240745
848.863822208817
848.940592213621
849.018654255158
849.094008333426
849.171654448427
849.249592600159
849.328822788624
849.40634501382
849.483159275749
849.56126557441
849.638663909802
849.715354281927
849.792336690784
849.867611136373
849.942177618694
850.017036137747
850.093186693532
850.168629286049
850.243363915298
850.318390581279
850.394709283992
850.473320023438
850.550222799615
850.630417612525
850.709904462166
850.789683348539
850.870754271645
850.952117231483
851.033772228052
851.115719261354
851.195958331388
851.278489438154
851.359312581651
851.441427761881
851.523834978843
851.607534232537
851.688525522963
851.768808850121
851.850384214012
851.932251614634
852.014411051988
852.095862526074
852.176606036893
852.259641584443
852.338969168725
852.42058878974
852.503500447487
852.585704141965
852.668199873176
852.749987641119
852.827067445793
852.9024392872
852.979103165339
853.05305908021
853.119307031813
853.183847020148
853.248679045215
853.314803107014
853.378219205545
853.438927340809
853.497927512804
853.559219721531
853.621803966991
853.687680249182
853.748848568105
853.813308923761
853.878061316149
853.951105745268
854.02644221112
854.100070713704
854.173991253019
854.240203829067
854.313708441847
854.378505091359
854.441593777603
854.503974500579
854.579647260287
854.657612056727
854.7348688899
854.810417759804
854.87425866644
854.937391609809
855.013816589909
855.091533606741
855.166542660306
855.243843750603
855.321436877631
855.400322041392
855.479499241885
855.558968479109
855.636729753066
855.716783063755
855.795128411176
855.873765795329
855.952695216214
856.029916673831
856.10643016818
856.181235699261
856.257333267075
856.33472287162
856.409404512897
856.484378190907
856.560643905648
856.640201657122
856.720051445327
856.799193270265
856.879627131934
856.960353030336
857.04037096547
857.122680937336
857.204282945933
857.286176991263
857.368363073325
857.450841192119
857.532611347645
857.615673539903
857.701027768894
857.786674034616
857.86861233707
857.951842676256
858.033365052175
858.115179464825
858.197285914207
858.283684400322
858.364374923168
858.446357482747
858.529632079058
858.6111987121
858.694057381875
858.777208088382
858.858650831621
858.941385611592
859.022412428295
859.09773128173
859.175342171897
859.251245098796
859.324440062427
859.38992706279
859.454706099885
859.520777173713
859.585140284272
859.645795431564
859.705742615587
859.767981836343
859.83051309383
859.89333638805
859.956451719001
860.020859086685
860.085558491101
860.159549932249
860.232833410129
860.305408924741
860.379276476084
860.45343606416
860.525887688969
860.590631350509
860.654667048781
860.717994783785
860.795614555521
860.87252636399
860.94873020919
861.022226091123
861.097014009787
861.161093965184
861.224465957312
861.301129986173
861.379086051766
861.45533415409
861.532874293147
861.612706468936
861.691830681457
861.77124693071
861.848955216695
861.926955539412
862.005247898861
862.082832295042
862.160708727955
862.2378771976
862.313337703978
862.388090247087
862.464134826929
862.540471443502
862.614100096808
862.689020786845
862.765233513615
862.842738277116
862.92053507735
862.999623914316
863.080004788014
863.159677698443
863.239642645605
863.320899629499
863.402448650125
863.483289707483
863.565422801573
863.647847932396
863.72856509995
863.811574304236
863.895875545254
863.980468823005
864.063354137487
864.145531488702
864.226000876648
864.309762301327
864.390815762737
864.47316126088
864.553798795755
864.634728367362
864.714949975701
864.794463620771
864.875269302574
864.957367021109
865.036756776376
865.117438568375
865.198412397106
865.27367826257
865.349236164765
865.423086103692
865.496228079352
865.567662091743
865.630388140866
865.694406226722
865.760716349309
865.825318508629
865.885212704681
865.944398937464
866.00687720698
866.069647513228
866.132709856208
866.19506423592
866.259710652364
866.32464910554
866.398879595448
866.472402122088
866.54621668546
866.619323285564
866.6937219224
866.767412595969
866.831395306269
866.895670053301
866.971236837066
867.047095657562
867.125246514791
867.201689408751
867.264424339444
867.329451306869
867.404770311026
867.480381351915
867.556284429535
867.633479543888
867.710966694973
867.78974588279
867.869817107339
867.950180368621
868.027835666634
868.104783001379
868.184022372856
868.261553781066
868.339377226007
868.41749270768
868.492900226086
868.567599781223
868.643591373093
868.718875001695
868.794450667028
868.869318369094
868.943478107892
869.019929883422
869.098673695684
869.175709544678
869.254037430404
869.332657352862
869.412569312052
869.492773307974
869.574269340628
869.655057410014
869.735137516133
869.816509658983
869.898173838565
869.97713005488
870.057378307926
870.141918597705
870.225750924216
870.309875287458
870.391291687433
870.47200012414
870.552000597579
870.634293107749
870.715877654652
870.794754238287
870.874922858654
870.953383515753
871.033136209585
871.113180940148
871.193517707443
871.27114651147
871.35106735223
871.432280229721
871.505785143944
871.5795820949
871.652671082587
871.720052107007
871.784725168159
871.850690266042
871.911947400658
871.977496572006
872.038337780086
872.098471024898
872.156896306442
872.217613624718
872.278622979726
872.339924371466
872.401517799938
872.464403265142
872.527580767078
872.592050305747
872.656811881147
872.720865493279
872.786211142144
872.85984882774
872.924778550069
872.98800030913
873.050514104922
873.126319937447
873.201417806704
873.265807712693
873.341489655413
873.404463634866
873.467729651051
873.532287703968
873.607137793617
873.671279919998
873.745714083112
873.823440282957
873.899458519534
873.976768792843
874.055371102885
874.133265449658
874.210451833164
874.286930253401
874.365700710371
874.441763204072
874.517117734506
874.592764301672
874.666702905569
874.739933546199
874.814456223561
874.889270937655
874.964377688481
875.037776476039
875.111467300329
875.187450161351
875.263725059105
875.340291993592
875.41815096481
875.49530197276
875.573745017443
875.652480098857
875.732507217004
875.811826371882
875.891437563493
875.970340791835
876.04953605691
876.130023358717
876.210802697256
876.291874072527
876.37423748453
876.456892933264
876.537840418732
876.616079940931
876.693611499862
876.773435095525
876.85255072792
876.931958397047
877.008658102907
877.085649845498
877.163933624821
877.241509440877
877.321377293664
877.399537183184
877.476989109436
877.554733072419
877.632769072135
877.706097108583
877.772717181762
877.839629291674
877.904833438318
877.967329621694
878.027117841802
878.089198098642
878.151570392214
878.210234722519
878.267191089555
878.323439493323
878.382979933823
878.443812411056
878.50393692502
878.563353475717
878.625062063145
878.687062687306
878.749355348198
878.812940045823
878.87681678018
878.941985551268
879.005446359089
879.069199203642
879.130244084927
879.190581002944
879.252209957693
879.316130949174
879.380343977387
879.453849042333
879.51564614401
879.577735282419
879.64111645756
879.704789669434
879.767754918039
879.831012203377
879.906561525446
879.981402884248
880.058536279782
880.135961712047
880.213679181045
880.291688686775
880.366990229237
880.443583808431
880.520469424357
880.595647077015
880.671116766405
880.745878492527
880.818932255381
880.884278054967
880.957915891286
881.030845764336
881.103067674118
881.176581620633
881.250387603879
881.325485623858
881.400875680568
881.476557774011
881.553531904185
881.629798071092
881.706356274731
881.785206515102
881.864348792205
881.94278310604
882.021509456607
882.100527843906
882.178838267937
882.2554407287
882.334335226195
882.414521760422
882.496000331381
882.575770939073
882.654833583496
882.733188264652
882.810834982539
882.890773737159
882.96900452851
883.047527356594
883.12434222141
883.202449122957
883.280848061237
883.360539036249
883.438522047993
883.513797096469
883.590364181677
883.667223303617
883.745374462289
883.815817657693
883.88255288983
883.949580158698
884.013899464298
884.07651080663
884.136414185695
884.195609601491
884.25709705402
884.31687654328
884.372948069273
884.429311631998
884.486967231454
884.546914867643
884.605154540564
884.665686250217
884.726509996602
884.786625779719
884.848033599568
884.910733456149
884.972725349462
885.035009279507
885.097585246284
885.160453249793
885.221613290035
885.281065367008
885.342809480714
885.405845631151
885.469173818321
885.543794042222
885.605706302856
885.667910600222
885.729406934319
885.794195305149
885.857275712711
885.919648157005
885.982312638031
886.057269155789
886.133517710279
886.210058301501
886.285890929455
886.362015594141
886.437432295559
886.51214103371
886.588141808592
886.664434620207
886.738019468553
886.813896353631
886.887065275442
886.959526233985
887.024279229259
887.096324261266
887.162661330005
887.234290435475
887.301211577678
887.373424756613
887.44792997228
887.522727224679
887.59781651381
887.672197839673
887.746871202268
887.823836601596
887.900094037655
887.977643510446
888.05448501997
888.131618566225
888.209044149213
888.285761768932
888.363771425384
888.440073118567
888.517666848483
888.598552615131
888.67873041851
888.756200258622
888.834962135466
888.914016049042
888.99036199935
889.06899998639
889.147930010162
889.223152070666
889.298666167902
889.373472301871
889.449570472571
889.525960680003
889.603642924168
889.678617205064
889.754883522693
889.831441877053
889.906292268146
889.97243469597
890.039869160527
890.106595661816
890.169614199837
890.23092477459
890.291527386074
890.353422034291
890.41260871924
890.471087440921
890.526858199335
890.58292099448
890.640275826357
890.697922694966
890.754861600308
890.813092542381
890.871615521186
890.931430536724
890.991537588993
891.051936677995
891.112627803728
891.174610966194
891.236886165392
891.299453401322
891.360312673983
891.419463983377
891.478907329503
891.541642712361
891.604670131951
891.665989588273
891.728601081327
891.788504611114
891.849700177632
891.912187780882
891.973967420864
892.036039097579
892.099402811025
892.164058561204
892.229006348114
892.293246171757
892.369778032131
892.445601929238
892.519717863077
892.594125833648
892.66882584095
892.744817884985
892.818101965752
892.882678083251
892.955546237482
893.020706428445
893.08615865614
893.148902920568
893.213939221727
893.280267559618
893.344887934242
893.409800345597
893.475004793684
893.547501278504
893.621289800055
893.694370358339
893.767742953355
893.841407585103
893.916364253582
893.991612958794
894.067153700738
894.141986479414
894.217111294822
894.293528146962
894.367237035834
894.444237961438
894.518530923774
894.594115922843
894.672992958643
894.752162031175
894.82762314044
894.905376286436
894.980421469164
895.056758688625
895.132387944817
895.207309237742
895.282522567399
895.355027933787
895.428825336908
895.502914776761
895.577296253346
895.652969766663
895.728935316712
895.804192903493
895.876742527006
895.952584187251
896.019717884228
896.084143617938
896.148861388379
896.212871195552
896.272173039458
896.331766920095
896.389652837464
896.446830791566
896.5053007824
896.562062809965
896.616116874263
896.671462975293
896.729101113055
896.786031287548
896.841253498774
896.898767746732
896.957574031422
897.016672352844
897.074062710999
897.132745105885
897.193719537503
897.253986005853
897.314544510936
897.37539505275
897.436537631296
897.495972246575
897.552698898585
897.612717587328
897.674028312803
897.735631075009
897.796525873948
897.855712709619
897.915191582022
897.976962491157
898.036025437023
898.097380419622
898.159027438954
898.220966495017
898.284197587812
898.347720717339
898.421535883598
898.49564308659
898.570042326313
898.643733602768
898.716716915956
898.790992265875
898.865559652527
898.93041907591
898.996570536026
899.069014032874
899.133749566454
899.196777136765
899.259096743809
899.323708387585
899.388612068093
899.452807785333
899.518295539305
899.591075330009
899.662147157445
899.734511021614
899.807166922514
899.880114860146
899.952354834511
900.025886845607
900.099710893435
900.174826977996
900.249235099288
900.323935257313
900.39792745207
900.471211683558
900.546787951779
900.620656256732
900.695816598417
900.775268976834
900.853013391983
900.927049843864
901.002378332477
901.077998857822
901.151911419899
901.228116018708
901.30361265425
901.378401326523
901.451482035528
901.525854781266
901.599519563735
901.672476382937
901.74572523887
901.819266131536
901.891099060934
901.966224027063
902.041641029925
902.109350069519
902.172351145845
902.236644258903
902.299229408693
902.360106595215
902.420275818469
902.478737078455
902.535490375173
902.593535708624
902.649873078806
902.70350248572
902.757423929366
902.813637409745
902.870142926855
902.926940480698
902.985030071273
903.043411698579
903.101085362618
903.159051063389
903.217308800891
903.276858575126
903.336700386093
903.396834233792
903.458260118223
903.518978039386
903.576987997281
903.636289991908
903.695884023268
903.754770091359
903.813948196182
903.874418337738
903.935180516025
903.995234731045
904.054580982796
904.11521927128
904.176149596495
904.235371958443
904.296886357123
904.358692792534
904.422791264678
904.487181773554
904.561864319162
904.634838901502
904.698105520574
904.771664176378
904.844514868914
904.910657598183
904.975092364183
905.039819166915
905.104838006379
905.169148882576
905.231751795504
905.293646745165
905.357833731557
905.422312754682
905.486083814538
905.550146911127
905.614502044448
905.680149214501
905.746088421286
905.813319664802
905.884842945051
905.957658262032
906.029765615745
906.10316500619
906.176856433367
906.251839897277
906.324115397918
906.397682935291
906.470542509397
906.541694120234
906.615137767803
906.688873452105
906.762901173138
906.841220930904
906.918832725402
906.992736556631
907.066932424593
907.139420329287
907.213200270713
907.287272248871
907.360636263761
907.434292315383
907.505240403737
907.578480528823
907.654012690641
907.727836889191
907.799953124474
907.872361396488
907.945061705234
908.011054050713
908.084338432923
908.156914851866
908.22078330754
908.282943799947
908.345396329085
908.405140894956
908.464177497559
908.521506136894
908.578126812961
908.63503952576
908.692244275291
908.746741061554
908.801529884549
908.855610744276
908.911983640735
908.968648573926
909.02460554385
909.080854550505
909.138395593892
909.196228674012
909.253353790863
909.310770944447
909.368480134762
909.42748136181
909.48677462559
909.547359926101
909.606237263345
909.663406637321
909.721868048029
909.780621495469
909.839666979641
909.899004500545
909.957634058181
910.017555652549
910.076769283649
910.136274951481
910.195072656046
910.255162397342
910.314544175371
910.374217990131
910.435183841623
910.498441729848
910.561991654805
910.626833616493
910.690967614914
910.754393650067
910.819111721952
910.883121830569
910.947423975918
911.013018157999
911.076904376812
911.141082632357
911.204552924634
911.267315253643
911.328369619384
911.391716021858
911.454354461063
911.518284937
911.58150744967
911.644021999071
911.706828585205
911.77092720807
911.836317867668
911.902000563998
911.969975297059
912.038242066853
912.109800873379
912.181651716637
912.254794596627
912.327229513349
912.399956466803
912.471975456989
912.544286483907
912.616889547557
912.68778464794
912.762971785054
912.8364509589
912.910222169479
912.985285416789
913.057640700832
913.130288021606
913.203227379113
913.275458773352
913.348982204322
913.421797672025
913.49490517646
913.566304717627
913.637996295526
913.710979910157
913.78325556152
913.855823249615
913.927682974442
913.993834736001
914.066278534292
914.140014369316
914.212042241071
914.271362149558
914.331974094778
914.392878076729
914.452074095413
914.508562150828
914.564342242976
914.620414371856
914.674778537468
914.731434739811
914.784382978887
914.838623254695
914.893155567235
914.948979916507
915.004096302511
915.060504725247
915.117205184715
915.173197680915
915.229482213848
915.287058783512
915.344927389908
915.402088033037
915.459540712897
915.51928542949
915.578322182814
915.636650972871
915.69427179966
915.75018466318
915.808389563433
915.865886500418
915.925675474135
915.983756484584
916.042129531765
916.099794615678
916.158751736323
916.2190008937
916.279542087809
916.33837531865
916.398500586223
916.461917890529
916.523627231566
916.585628609336
916.649922023837
916.712507475071
916.776384963036
916.840554487734
916.904016049163
916.968769647325
917.032815282219
917.095152953845
917.157782662203
917.221704407293
917.283918189115
917.344424007669
917.405221862955
917.467311754973
917.529693683723
917.591367649205
917.653333651419
917.714591690366
917.779141766044
917.843983878455
917.908118027597
917.974544213472
918.041262436078
918.108272695417
918.179574991488
918.25116932429
918.323055693825
918.394234100092
918.465704543091
918.536467022822
918.606521539285
918.67886809248
918.748506682407
918.821437309066
918.894659972457
918.968174672581
919.041981409436
919.113080183023
919.185470993343
919.257153840394
919.328128724178
919.400395644693
919.472954601941
919.54480559592
919.614948626632
919.686383694076
919.758110798252
919.82512993916
919.8964411168
919.969044331172
920.034939582276
920.102126870112
920.17460619468
920.24037755598
920.301440954012
920.361796388776
920.421443860273
920.481383368501
920.539614913462
920.594138495154
920.647954113579
920.703061768735
920.758461460624
920.812153189245
920.864136954597
920.917412756682
920.972980595499
921.026840471048
921.080992383329
921.135436332342
921.192172318087
921.248200340564
921.305520399773
921.362132495714
921.421036628388
921.478232797793
921.53672100393
921.5975012468
921.655573526401
921.711937842735
921.7675941958
921.824542585598
921.882783012127
921.941315475389
922.000139975383
922.059256512109
922.117665085567
922.176365695757
922.235358342679
922.295643026333
922.353219746719
922.413088503837
922.472249297687
922.533702128269
922.596446995583
922.65948389963
922.722812840408
922.786433817918
922.850346832161
922.914551883135
922.977048970842
923.04183809528
923.104919256451
923.167292454354
923.230957688989
923.292914960355
923.354164268454
923.414705613285
923.475538994848
923.536664413143
923.59908186817
923.659791359929
923.721792888421
923.784086453644
923.846672055599
923.910549694287
923.973719369706
924.040181081857
924.111934830741
924.182980616356
924.251318438704
924.322948297784
924.393870193595
924.464084126139
924.533590095415
924.604388101423
924.674478144163
924.744860223635
924.815534339839
924.886500492775
924.961758682443
925.034308908843
925.104151171975
925.17628547184
925.245711808436
925.316430181764
925.386440591825
925.457743038617
925.530337522142
925.597224042398
925.667402599387
925.736873193107
925.80863582356
925.874690490745
925.942037194662
926.008675935311
926.073606712691
926.140829526804
926.212344377649
926.276151265227
926.336250189536
926.397641150577
926.45832414835
926.516299182855
926.572566254093
926.627125362062
926.681976506763
926.739119688197
926.797554906363
926.85028216126
926.90330145289
926.955612781251
927.010216146345
927.065111548171
927.118298986729
927.173778462019
927.229549974041
927.285613522795
927.342969108281
927.399616730499
927.399616730499
927.414174654419
927.44329050226
927.486964274022
927.545195969704
927.545195969704
927.559649911991
927.588557796564
927.631919623424
927.68973539257
927.747867976409
927.806317374941
927.865083588166
927.924166616083
927.983566458694
928.031086332782
928.066726238348
928.090486175392
928.102366143914
928.102366143914
928.102366143914
928.102366143914
928.102366143914
928.102366143914
928.102366143914
928.102366143914
928.102366143914
928.102366143914
928.102366143914
928.102366143914
928.102366143914
928.102366143914
928.102366143914
928.102366143914
928.102366143914
928.114796556515
928.139657381716
928.176948619518
928.22667026992
928.288822332923
928.352266432657
928.417002569124
928.481030742323
928.546350952254
928.612963198917
928.680867482312
928.749063802439
928.820552159298
928.893332552889
928.963404983212
929.032769450268
929.102425954055
929.173374494574
929.242615071826
929.314147685809
929.385972336525
929.457089023972
929.529497748152
929.600198509063
929.672191306707
929.742476141083
929.814053012191
929.885921920031
929.957082864603
930.029535845907
930.098280863943
930.169317918711
930.241647010211
930.313268138443
930.380181303407
930.447386505104
930.512883743532
930.578673018692
930.645754330585
930.714127679209
930.776793064566
930.835750486654
930.896999945475
930.956541441028
931.014374973313
931.070500542329
931.124918148078
931.178627790559
931.232629469772
931.287923185717
931.341508938394
931.395386727803
931.448556553944
931.504018416818
931.557772316423
931.61281825276
931.66915622583
931.725786235631
931.781708282165
931.83892236543
931.897428485428
931.956226642157
932.014316835619
932.072699065813
932.131373332738
932.188339636396
932.243597976786
932.300148353908
932.356990767762
932.414125218348
932.471551705666
932.530270229716
932.589280790498
932.648583388013
932.707178022259
932.767064693237
932.825243400948
932.88271414539
932.943476926565
933.003531744471
933.06787859911
933.12951749048
933.193448418583
933.256671383418
933.320186384984
933.381993423283
933.445092498314
933.509483610077
933.574166758572
933.637141943799
933.699409165758
933.761968424449
933.821819719873
933.882963052028
933.941398420915
934.002125826535
934.064145268886
934.126456747969
934.188060263785
934.247955816332
934.308143405612
934.370623031624
934.433394694367
934.495458393843
934.560814130051
934.626461902991
934.694401712663
934.762633559067
934.833157442203
934.901973362071
934.972081318671
935.040481312003
935.111173342067
935.182157408864
935.251433512392
935.320001652652
935.389861829645
935.463014043369
935.533458293826
935.603194581014
935.673222904935
935.742543265587
935.812155662972
935.883060097089
935.953256567938
936.025745075519
936.096525619831
936.167598200876
936.237962818654
936.309619473163
936.376568164404
936.443808892377
936.517341657082
936.589166458519
936.653283296689
936.71969217159
936.784393083223
936.843386031589
936.903671016686
936.962248038516
937.020117097078
937.075278192371
937.130731324397
937.184476493155
937.238513698645
937.293842940867
937.347464219821
937.401377535507
937.454582887925
937.508080277075
937.561869702957
937.615951165571
937.671324664918
937.725990200996
937.780947773806
937.836197383349
937.892739029623
937.94957271263
938.006698432368
938.064116188839
938.121825982042
938.178827811976
938.234121678643
938.289707582042
938.345585522173
938.402755499036
938.460217512631
938.516971562958
938.574017650017
938.630355773808
938.688985934331
938.747908131587
938.808122365574
938.864628636293
938.921426943744
938.979517287928
939.039899668843
939.102574086491
939.16454054087
939.225799031982
939.287349559826
939.350192124401
939.412326725709
939.474753363749
939.536472038521
939.599482750025
939.660785498261
939.721380283229
939.783267104929
939.842445963361
939.901916858525
939.958679790422
940.01573475905
940.07508176441
940.135720806503
940.195651885327
940.254875000884
940.314390153172
940.374197342193
940.435296567945
940.49668783043
940.559371129647
940.624346465596
940.689613838277
940.75517324769
940.822024693834
940.889168176711
940.95660369632
941.024331252662
941.092350845735
941.16066247554
941.229266142077
941.297161845346
941.368349585348
941.436829362081
941.506601175547
941.576665025744
941.646020912674
941.715668836335
941.783608796729
941.852840793855
941.921364827712
941.990180898302
942.060289005624
942.127689149678
942.197381330464
942.266365547982
942.334641802232
942.401210093214
942.467070420929
942.533222785375
942.598667186553
942.674403624463
942.740432099106
942.80275261048
942.862365158587
942.921269743425
942.981466364996
943.039955023298
943.095735718333
943.1508084501
943.203173218599
943.25583002383
943.309778865793
943.364019744487
943.414552659914
943.467377612074
943.519494600965
943.572903626588
943.625604688943
943.68059778803
943.73488292385
943.791460096401
943.847329305684
943.9024905517
943.958943834447
944.016689153927
944.073726510138
944.131055903082
944.186677332758
944.242590799166
944.297796302306
944.353293842177
944.409083418781
944.466165032117
944.523538682185
944.581204368985
944.637162092518
944.694411852782
944.751953649778
944.810787483506
944.867913353967
944.926331261159
944.982041205084
945.04204318574
945.102337203129
945.162923257249
945.223801348102
945.283971475686
945.345433640003
945.406187841052
945.469234078833
945.531572353346
945.594202664591
945.657125012567
945.717339397277
945.777845818718
945.838644276891
945.896734771796
945.955117303433
946.012791871803
946.071758476904
946.132017118737
946.192567797303
946.2524105126
946.31154526463
946.369972053391
946.429690878885
946.491701741111
946.554004640069
946.616599575758
946.68148654818
946.746665557334
946.81313660322
946.878899685838
946.946954805188
947.01430196127
947.081941154084
947.150872383631
947.218095649909
947.286610952919
947.353418292662
947.423517669136
947.494909082343
947.563592532281
947.634568018952
947.703835542354
947.773395102489
947.842246699356
947.911390332955
947.980826003285
948.050553710348
948.122573454143
948.18988523467
948.260489051929
948.32838490592
948.395572796643
948.462052724099
948.529824688286
948.595888689205
948.661244726856
948.72689280124
948.799832912355
948.862065060203
948.919589244782
948.979405466094
949.039513724138
949.098914018913
949.155606350421
949.209590718661
949.262867123633
949.316435565337
949.371296043773
949.424448558941
949.476893110841
949.528629699473
949.579658324837
949.632978986933
949.686591685761
949.741496421322
949.797693193614
949.853182002638
949.909962848395
949.967035730883
950.024400650104
950.082057606057
950.141006598741
950.199247628158
950.257780694307
950.313605797188
950.368722936801
950.424132113146
950.481833326223
950.538826576032
950.595111862573
950.653689185846
950.710558545851
950.767719942588
950.826173376057
950.883918846259
950.940956353192
950.998285896858
951.056907477255
951.113821094385
951.174026748246
951.23352443884
951.294314166165
951.355395930223
951.416769731013
951.479435568535
951.540393442789
951.601643353775
951.665185301493
951.727019285943
951.787145307125
951.849563365039
951.910273459685
951.970275591063
952.028569759173
952.087155964016
952.14603420559
952.206204483897
952.265666798935
952.325421150706
952.383467539208
952.442805964443
952.50343642641
952.564358925109
952.625573460539
952.689080032702
952.752878641597
952.817969287224
952.883351969583
952.950026688674
953.016993444497
953.085252237053
953.15280306634
953.221645932359
953.288780835111
953.358207774594
953.424926750809
953.490937763757
953.562240813436
953.632835899848
953.702723022991
953.770902182867
953.839373379475
953.908136612815
953.976191882886
954.04553918969
954.113178533226
954.183109913494
954.252333330494
954.322848784226
954.393656274691
954.461755801887
954.529147365815
954.595830966475
954.662806603868
954.728074277992
954.795633988849
954.859485736437
954.923629520758
954.98206534181
955.039793199595
955.098813094112
955.15512502536
955.209728993341
955.263624998054
955.316813039499
955.369293117676
955.424065232585
955.476129384226
955.528485572599
955.579133797704
955.632074059542
955.685306358111
955.738830693412
955.793647065445
955.848755474211
955.903155919708
955.957848401938
956.014832920899
956.072109476593
956.129678069019
956.187538698176
956.245691364066
956.301136066688
956.355872806042
956.410901582128
956.466222394946
956.523835244496
956.580740130778
956.636937053792
956.693426013538
956.749207010016
956.805280043227
956.860645113169
956.915302219843
956.97025136325
957.026492543388
957.084025760259
957.144851013862
957.202968304196
957.261377631263
957.320078995062
957.380072395592
957.441357832855
957.50293530685
957.563804817577
957.623966365036
957.686419949227
957.74616557015
957.806203227805
957.866532922193
957.927154653312
957.985068421163
958.042274225746
958.097772067062
958.155561945109
958.215643859889
958.2750178114
958.333683799644
958.39264182462
958.451891886328
958.512433984767
958.574268119939
958.635394291843
958.698812500479
958.762522745847
958.827525027947
958.892819346779
958.959405702343
959.026284094639
959.093454523668
959.159916989428
959.22867149192
959.295718031145
959.365056607101
959.432687219789
959.50060986921
959.569824555363
959.638331278247
959.710130037864
959.779220834213
959.848603667294
959.917278537106
959.985245443651
960.054504386928
960.123055366937
960.192898383678
960.260033437151
960.330460527357
960.398179654294
960.464190817963
960.531494018364
960.604089255498
960.676976529363
960.744155839961
960.81662718729
960.887390571352
960.949445992145
961.011793449671
961.072432943929
961.131364474918
961.18858804264
961.244103647094
961.29891128828
961.352010966198
961.404402680848
961.46008643223
961.512062220344
961.56433004519
961.614889906768
961.668741805079
961.721885740121
961.775321711895
961.830049720402
961.88506976564
961.940381847611
961.994985966313
962.050882121748
962.109070313915
962.166550542813
962.224322808444
962.281387110807
962.337743449902
962.392391825729
962.447332238288
962.501564687579
962.559089173602
962.614905696357
962.672014255844
962.728414852063
962.786107485015
962.842092154698
962.899368861113
962.954937604261
963.00979838414
963.065951200752
963.124396054096
963.185132944171
963.248161870979
963.306482834519
963.36509583479
963.426000871794
963.48719794553
963.549687055998
963.612468203198
963.67454138713
963.735906607794
963.79756386519
963.857513159319
963.917754490179
963.977287857771
964.035113262095
964.093230703152
964.14964018094
964.207341695461
964.267335246713
964.326620834698
964.386198459415
964.443068120863
964.504229819044
964.564683553957
964.625429325602
964.687467133979
964.750796979088
964.814418860929
964.879332779502
964.944538734807
965.011036726844
965.077826755613
965.144908821115
965.212282923348
965.280949062313
965.347907238011
965.41715745044
965.484699699602
965.552533985495
965.621660308121
965.690078667478
965.762789063568
965.83279149639
965.902085965944
965.97067247223
966.038551015248
966.106721594998
966.17618421148
966.247938864694
966.31598555464
966.387324281318
966.455955044728
966.525877844871
966.593092681745
966.664599555351
966.73639846569
966.80248941276
966.868872396563
966.939547417098
967.003514474364
967.063773568363
967.128324699094
967.186167866556
967.243303070751
967.297730311678
967.352449589337
967.406460903728
967.460764254851
967.516359642706
967.569247067293
967.621426528613
967.673898026664
967.726661561447
967.779717132963
967.83406474121
967.88870438619
967.943636067901
967.999859786345
968.05637554152
968.114183333428
968.172283162068
968.230675027439
968.289358929543
968.345334868379
968.400602843947
968.457162856247
968.513014905279
968.569158991043
968.624595113539
968.681323272768
968.738343468728
968.79565570142
968.852259970845
968.910156277001
968.966344619889
969.02182499951
969.076597415862
969.133661868947
969.194018358764
969.254666885312
969.315607448593
969.374840048606
969.435364685351
969.495181358828
969.557290069037
969.618690815978
969.679383599651
969.740368420056
969.801645277193
969.863214171062
969.923075101663
969.984228068997
970.044673073062
970.10341011386
970.160439191389
970.217760305651
970.276373456644
970.33627864437
970.394475868827
970.451965130017
970.509746427939
970.568819762593
970.631185133979
970.691842542097
970.753791986946
970.817033468529
970.879566986843
970.944392541889
971.008510133667
971.074919762177
971.141621427419
971.208615129394
971.2759008681
971.343478643538
971.410348455709
971.479510304611
971.546964190246
971.615710112613
971.684748071711
971.754078067542
971.824700100105
971.8946141694
971.964820275427
972.033318418186
972.101108597677
972.1701908139
972.237565066855
972.307231356542
972.374189682961
972.444440046112
972.511982445996
972.583816882611
972.654943355958
972.727361866038
972.798072412849
972.865074996393
972.932369616668
972.999956273676
973.063834967416
973.124005697888
973.185468465091
973.247223269027
973.304270109695
973.359608987095
973.412239901227
973.466162852091
973.520377839687
973.576884864015
973.629683925076
973.679775022868
973.732158157392
973.784833328649
973.837800536637
973.891059781358
973.94561106281
974.001454380995
974.057589735911
974.11301712756
974.170736555941
974.227748021053
974.285051522898
974.343647061475
974.401534636784
974.456714248825
974.511185897598
974.566949583103
974.62100530534
974.67635306431
974.730992860011
974.787924692444
974.844148561609
974.900664467507
974.956472410136
975.011572389498
975.065964405591
975.121648458417
975.177624547975
975.237892674264
975.297452837286
975.35730503704
975.416449273526
975.477885546743
975.536613856693
975.597634203375
975.658946586789
975.719551006935
975.780447463814
975.841635957424
975.902116487766
975.96188905484
976.021953658647
976.081310299185
976.138958976456
976.195899690458
976.251132441193
976.309657228659
976.368474052858
976.427582913789
976.484983811451
976.542676745846
976.600661716973
976.659938724832
976.723507769423
976.785368850746
976.849521968801
976.913967123588
976.978704315107
977.043733543359
977.109054808342
977.175668110057
977.242573448504
977.309770823684
977.378260235595
977.445041684239
977.514115169615
977.580480691722
977.650138250562
977.719087846134
977.788329478438
977.859863147473
977.928688853241
978.000806595741
978.069216374973
978.137918190937
978.207912043633
978.277197933061
978.348775859222
978.417645822114
978.488807821738
978.558261858094
978.630007931183
978.702046041003
978.774376187556
978.84699837084
978.912912590857
978.985118847606
979.055617141086
979.120407471299
979.180489838244
979.241864241921
979.30153068233
979.363489159471
979.419739673344
979.473282223949
979.527116811286
979.582243435355
979.637662096156
979.690372793689
979.743375527955
979.795670298952
979.849257106682
979.902135951143
979.955306832337
980.009769750262
980.06452470492
980.119571696309
980.174910724431
980.230541789285
980.288464890871
980.345680029189
980.403187204239
980.46298641602
980.519077664535
980.574460949781
980.630136271759
980.686103630469
980.742363025911
980.798914458085
980.855757926992
980.91289343263
980.968320975001
981.026040554103
981.080052169938
981.135355822504
981.190951511803
981.246839237834
981.304019000596
981.362490800091
981.423254636318
981.482310509277
981.542658418968
981.603298365391
981.663230348546
981.724454368433
981.786970425052
981.848778518403
981.909878648487
981.970270815302
982.029955018849
982.089931259129
982.15019953614
982.208759849884
982.265612200359
982.322756587567
982.381193011507
982.439921472178
982.499941969582
982.559254503718
982.617859074586
982.675755682186
982.734944326518
982.795425007582
982.858197725378
982.921262479906
982.984619271166
983.049268099158
983.114208963882
983.179441865339
983.246966803527
983.313783778448
983.3818927901
983.450293838485
983.517986923601
983.58697204545
983.654249204031
983.723818399343
983.792679631388
983.861832900165
983.933278205674
984.002015547915
984.072044926888
984.142366342593
984.21097979503
984.278885284199
984.3480828101
984.419572372734
984.487353972099
984.557427608196
984.625793281026
984.697450990587
984.765400736881
984.838642519906
984.913176339664
984.981002196153
985.048120089375
985.119530019329
985.183231986015
985.243225989433
985.304512029582
985.365090106464
985.422960220078
985.482122370425
985.536576557503
985.590322781313
985.644361041855
985.700691339129
985.753313673136
985.806228043874
985.859434451344
985.912932895547
985.965723376481
986.019805894148
986.073180448547
986.127847039677
986.18280566754
986.239056332135
986.295599033461
986.35243377152
986.409560546311
986.466979357834
986.523690206089
986.580693091077
986.636988012796
986.692574971247
986.74945396643
986.803624998345
986.860088066993
986.916843172372
986.973890314483
987.029229493327
987.085860708902
987.13978396121
987.19499925025
987.249506576022
987.305305938525
987.363397337761
987.421780773729
987.479456246429
987.537423755861
987.595683302025
987.656234884921
987.717078504549
987.777214160909
987.838641854001
987.899361583826
987.961373350382
988.02267715367
988.081272993691
988.141160870443
988.201340783928
988.259812734144
988.318576721093
988.375632744773
988.433980805186
988.492620902331
988.551553036208
988.608777206817
988.665293414158
988.723101658231
988.782201939036
988.841594256573
988.902278610842
988.968255001843
989.032523429576
989.096083894042
989.161936395239
989.226080933168
989.29351750783
989.360246119223
989.428266767349
989.496579452206
989.565184173796
989.634080932118
989.702269727171
989.771750558957
989.841523427475
989.911588332725
989.982945274707
990.051594253421
990.121535268867
990.189768321045
990.260293409955
990.329110535597
990.397219697972
990.468620897078
990.536314132916
990.606299405487
990.674576714789
990.742146060823
990.81400744359
990.887160863089
990.958606319319
991.026343812282
991.093373341977
991.161694908403
991.225308511562
991.285214151453
991.346411828076
991.407901541431
991.467683291518
991.523757078337
991.580122901888
991.635780762172
991.690730659187
991.746972592934
991.799506563414
991.852332570625
991.904450614569
991.957860695244
992.010562812652
992.064556966791
992.119843157663
992.175421385267
992.231291649603
992.28645395067
992.34290828847
992.400654663002
992.458693074266
992.515023522262
992.57064600699
992.626560528451
992.683767086643
992.739265681567
992.795056313223
992.850138981612
992.904513686732
992.961180428584
993.017139207169
993.073390022485
993.129932874534
993.184767763315
993.239894688827
993.294313651072
993.350024650049
993.407027685758
993.465322758199
993.522909867372
993.580789013277
993.639960195914
993.699423415283
993.760178671384
993.821225964217
993.880565293783
993.94019666008
994.000120063109
994.061335502871
994.120842979364
994.18064249259
994.239734042547
994.297117629237
994.353793252659
994.409760912812
994.468020609698
994.525572343316
994.584416113666
994.641551920748
994.698979764562
994.756699645108
994.816711562386
994.879015516396
994.941611507138
995.006499534612
995.072679598819
995.137151699757
995.202915837427
995.26897201183
995.336320222964
995.403960470831
995.472892755429
995.54211707676
995.611633434823
995.681441829618
995.750542261144
995.821934729403
995.891619234394
995.962595776117
996.034864354572
996.105424969759
996.175277621678
996.244422310329
996.311859035713
996.382587797828
996.451608596675
996.522921432255
996.590526304566
996.660423213609
996.727612159385
996.799093141892
996.871866161132
996.943931217104
997.017288309807
997.089937439243
997.162878605411
997.236111808311
997.300637047943
997.361454324307
997.423563637403
997.485964987231
997.544658373791
997.600643797083
997.654921257107
997.712490753864
997.768352287352
997.824505857572
997.876951464525
997.929689108209
997.981718788626
998.034040505774
998.087654259655
998.140560050268
998.194757877613
998.248247741689
998.302029642498
998.357103580039
998.413469554312
998.471127565317
998.527077613054
998.583319697523
998.640853818724
998.696679976657
998.751798171323
998.80920840272
998.865910670849
998.922904975711
998.978191317304
999.03376969563
999.089640110687
999.145802562477
999.201257050999
999.255003576252
999.309042138238
999.363372736956
999.418995372406
999.476910044588
999.535116753502
999.592615499148
999.650406281526
999.710489100636
999.769863956478
999.829530849052
999.889489778359
999.950740744397
1000.00928374717
1000.06911878667
1000.1302458629
1000.18966497587
1000.24937612557
1000.310379312
1000.36967453516
1000.42826179506
1000.48514109168
1000.54331242504
1000.60177579513
1000.66153120196
1000.71957864551
1000.7779181258
1000.83654964282
1000.89647319657
1000.95868878705
1001.02119641427
1001.08399607821
1001.15008777889
1001.21547151631
1001.28114729045
1001.34611510132
1001.41337494893
1001.48092683327
1001.55077075434
1001.61990671215
1001.68933470668
1001.75905473795
1001.82806680595
1001.89837091068
1001.96896705215
1002.03985523034
1002.11203544527
1002.18150769693
1002.25127198532
1002.31932831045
1002.3886766723
1002.45831707089
1002.52924950621
1002.59947397826
1002.66699048705
1002.73679903256
1002.80489961481
1002.87529223379
1002.94297688951
1003.01595358195
1003.08922231113
1003.15578307704
1003.22763587968
1003.29978071905
1003.36321759516
1003.42494650799
1003.48796745756
1003.54828044386
1003.6048854669
1003.66078252666
1003.71497162316
1003.76845275639
1003.82622592635
1003.88129113304
1003.93264837647
1003.98429765663
1004.03523897352
1004.08847232714
1004.14199771749
1004.19481514458
1004.24792460839
1004.30132610894
1004.35601964623
1004.41100522024
1004.46728283099
1004.52285247846
1004.57871416267
1004.63386788362
1004.69031364129
1004.7460514357
1004.80108126683
1004.85540313471
1004.91201703931
1004.96792298064
1005.02312095871
1005.07861097351
1005.13439302504
1005.1894671133
1005.2458332383
1005.29949140002
1005.35344159848
1005.40768383367
1005.46421810559
1005.52104441425
1005.57816275964
1005.63557314176
1005.69327556061
1005.75227001619
1005.81155650851
1005.87213503755
1005.93200560333
1005.99216820584
1006.05262284509
1006.11136952106
1006.17140823377
1006.23073898321
1006.29036176938
1006.35127659228
1006.40948345192
1006.46598234829
1006.52177328139
1006.57885625122
1006.63723125778
1006.69589830108
1006.75485738111
1006.81310849787
1006.87165165136
1006.93148684158
1006.99361406854
1007.05703333223
1007.12074463265
1007.1847479698
1007.25104334369
1007.3186307543
1007.38551020165
1007.45268168573
1007.52014520654
1007.58890076409
1007.65794835837
1007.72728798937
1007.79791965711
1007.86684336159
1007.93705910279
1008.00756688073
1008.0793666954
1008.1524585468
1008.22284243493
1008.2935183598
1008.3614863214
1008.43074631972
1008.50029835479
1008.56914242658
1008.64327853511
1008.70970668036
1008.78042686235
1008.84843908107
1008.91974333653
1008.99233962871
1009.06522795763
1009.13640832328
1009.20188072566
1009.27264516478
1009.34070164062
1009.4040501532
1009.46569070251
1009.52762328855
1009.58884791133
1009.64736457083
1009.70317326707
1009.75627400004
1009.81066676974
1009.86635157618
1009.92432841934
1009.97659729924
1010.02915821587
1010.08001116924
1010.13215615933
1010.18459318616
1010.23732224972
1010.29134335001
1010.34565648703
1010.39926166079
1010.45315887127
1010.50834811849
1010.56382940244
1010.61960272313
1010.67666808054
1010.73302547469
1010.78867490557
1010.84461637318
1010.89984987752
1010.9543754186
1011.01019299641
1011.06630261094
1011.12370426222
1011.17939795022
1011.23538367496
1011.29266143642
1011.34723123462
1011.40109306955
1011.45424694122
1011.50869284961
1011.56443079474
1011.6204607766
1011.67778279519
1011.73539685052
1011.79330294258
1011.85350107136
1011.91299123688
1011.97277343914
1012.03284767812
1012.09221395384
1012.15287226629
1012.21082261547
1012.27006500138
1012.32959942402
1012.3904258834
1012.44854437951
1012.50595491235
1012.56165748192
1012.62065208823
1012.67993873126
1012.73851741103
1012.79638812753
1012.85455088077
1012.91500567073
1012.97475249743
1013.03779136086
1013.10112226102
1013.16574519791
1013.23166017154
1013.2968671819
1013.36336622899
1013.43115731281
1013.49924043336
1013.56761559065
1013.63728278467
1013.70624201542
1013.7754932829
1013.84603658711
1013.91587192806
1013.98699930573
1014.05841872014
1014.13013017129
1014.20413365916
1014.27542918377
1014.34601674511
1014.41389634318
1014.48306797798
1014.55253164951
1014.62228735778
1014.69433510278
1014.76567488451
1014.83530670297
1014.90223055817
1014.97344645009
1015.04295437875
1015.11575434414
1015.18784634626
1015.25423038512
1015.32090646071
1015.39287457303
1015.45513472208
1015.51668690786
1015.57953113038
1015.63866738962
1015.6960956856
1015.75281601831
1015.80682838776
1015.86113279393
1015.91572923684
1015.97061771648
1016.02479823285
1016.07627078595
1016.12703537579
1016.18009200236
1016.23344066566
1016.28708136569
1016.34001410245
1016.39323887595
1016.44675568618
1016.50156453314
1016.55766541683
1016.61305833725
1016.66874329441
1016.7227202883
1016.77898931892
1016.83555038627
1016.89340349035
1016.94854863117
1017.00198580872
1017.057715023
1017.11373627401
1017.17204956176
1017.22865488623
1017.28555224744
1017.33874164538
1017.39222308006
1017.44599655146
1017.5010620596
1017.55741960447
1017.61606918607
1017.6730108044
1017.73024445947
1017.78777015126
1017.84458787979
1017.90469764505
1017.96509944705
1018.02479328577
1018.08477916123
1018.14505707342
1018.20562702234
1018.266489008
1018.32564303038
1018.3850890895
1018.44582718535
1018.50485731793
1018.56317948724
1018.61979369329
1018.67869993607
1018.73689821558
1018.79638853182
1018.85617088479
1018.9142452745
1018.97261170094
1019.03327016411
1019.09622066401
1019.15946320065
1019.22399777401
1019.28882438411
1019.35494303094
1019.4203537145
1019.4880564348
1019.55805119183
1019.62533798558
1019.69491681608
1019.7637876833
1019.83295058725
1019.90340552794
1019.97215250536
1020.04319151951
1020.11352257039
1020.18414565801
1020.25806078236
1020.32826794343
1020.39776714125
1020.46655837579
1020.53464164706
1020.60301695507
1020.67268429981
1020.74464368128
1020.81189509949
1020.88543855442
1020.95227404609
1021.02040157449
1021.08782113962
1021.15953274149
1021.22753638008
1021.29283205541
1021.35841976747
1021.42529951626
1021.48747130179
1021.54793512404
1021.61069098303
1021.67073887875
1021.7290788112
1021.78471078039
1021.8376347863
1021.89085082895
1021.94435890833
1022.00015902445
1022.05225117729
1022.10363536687
1022.15631159318
1022.20827985622
1022.26054015599
1022.31309249249
1022.36593686573
1022.4190732757
1022.4715017224
1022.52522220583
1022.580234726
1022.6355392829
1022.69113587653
1022.74702450689
1022.80320517398
1022.85867787781
1022.91444261836
1022.96949939565
1023.02484820967
1023.08048906043
1023.13542194791
1023.19264687213
1023.25116383308
1023.30997283076
1023.36507386518
1023.42046693632
1023.4751520442
1023.52912918881
1023.58539837015
1023.64195958823
1023.69881284303
1023.75495813457
1023.81239546284
1023.87112482784
1023.93114622958
1023.99145966804
1024.05306514324
1024.11396265517
1024.17415220384
1024.23463378923
1024.29640741136
1024.35647307022
1024.41583076581
1024.47648049813
1024.53542226718
1024.59365607297
1024.65118191549
1024.70899979474
1024.76810971072
1024.82751166344
1024.88720565289
1024.94519167907
1025.00546974198
1025.06703984162
1025.129901978
1025.1920561511
1025.25650236094
1025.32124060751
1025.38727089082
1025.45359321085
1025.52020756762
1025.59111396112
1025.66031239135
1025.73080285832
1025.79958536201
1025.86865990244
1025.9390264796
1026.00768509349
1026.07963574412
1026.15087843147
1026.22141315556
1026.29623991638
1026.36635871393
1026.43576954822
1026.50447241923
1026.57346732698
1026.64375427146
1026.71433325268
1026.78620427062
1026.8523673253
1026.91982241671
1026.99256954485
1027.06060870972
1027.13193991132
1027.20456314966
1027.27047842473
1027.33468573653
1027.39918508506
1027.46597647033
1027.52805989233
1027.58743535106
1027.64910284652
1027.70806237871
1027.76331394764
1027.81885755329
1027.87169319568
1027.9258208748
1027.98024059066
1028.03495234324
1028.08495613256
1028.13525195861
1028.18783982139
1028.24271972091
1028.29589165715
1028.34835563013
1028.40111163984
1028.45415968628
1028.50749976946
1028.56013188936
1028.616056046
1028.67027223937
1028.72478046947
1028.77958073631
1028.83567303987
1028.89205738017
1028.9477337572
1029.00270217097
1029.05696262146
1029.11251510869
1029.16735963265
1029.22349619334
1029.28092479076
1029.33864542491
1029.3946580958
1029.45096280342
1029.50555954777
1029.56144832885
1029.61862914667
1029.67610200122
1029.7318668925
1029.78992382051
1029.84727278525
1029.90491378673
1029.96384682493
1030.02407189987
1030.08558901154
1030.14639815995
1030.20649934508
1030.26689256695
1030.32957782555
1030.38955512088
1030.44982445295
1030.51038582174
1030.57023922727
1030.62838466953
1030.68582214852
1030.74455166425
1030.8035732167
1030.86388680589
1030.92349243181
1030.98339009446
1031.04257979385
1031.10406152996
1031.16683530281
1031.23090111239
1031.29625895871
1031.36190884175
1031.42785076153
1031.49508471804
1031.56261071128
1031.63042874125
1031.69953880795
1031.76994091139
1031.83963505156
1031.90862122846
1031.97989944209
1032.04846969246
1032.12033197956
1032.19248630339
1032.26493266395
1032.33967106124
1032.40970149527
1032.48002396602
1032.54963847351
1032.61854501773
1032.69074359869
1032.76023421637
1032.83201687079
1032.90009156194
1032.96945828982
1033.03711705444
1033.11006785578
1033.17731069386
1033.24584556867
1033.31067248021
1033.37579142849
1033.44220241349
1033.50890543523
1033.5709004937
1033.6311875889
1033.69276672084
1033.7516378895
1033.8078010949
1033.86325633703
1033.91600361589
1033.96904293149
1034.02337428382
1034.07799767287
1034.12791309867
1034.17812056119
1034.22862006044
1034.28241159643
1034.33549516915
1034.3878707786
1034.44153842478
1034.4944981077
1034.54774982735
1034.60129358372
1034.65612937684
1034.71125720668
1034.76467707325
1034.81838897656
1034.8753929166
1034.93068889337
1034.98727690688
1035.04215695711
1035.09632904408
1035.14979316778
1035.20454932821
1035.26059752537
1035.31793775927
1035.3755700299
1035.42949433726
1035.48371068135
1035.53921906217
1035.59501947973
1035.65011193402
1035.70649642504
1035.76217295279
1035.81814151728
1035.87540211849
1035.93395475644
1035.99379943112
1036.05393614253
1036.11436489068
1036.17408567555
1036.23409849716
1036.2944033555
1036.35700025058
1036.41788918238
1036.47907015092
1036.54054315619
1036.60030819819
1036.65836527692
1036.71671439239
1036.77535554458
1036.83528873351
1036.89551395917
1036.95503122157
1037.01384052069
1037.07394185655
1037.13633522914
1037.20002063846
1037.26299808451
1037.3272675673
1037.39282908682
1037.45868264307
1037.52582823605
1037.59626586576
1037.66699553221
1037.73501723539
1037.8063309753
1037.87593675194
1037.94483456531
1038.01502441542
1038.08450630226
1038.15528022583
1038.22734618613
1038.29870418316
1038.37135421693
1038.44029628743
1038.50953039466
1038.57905653862
1038.64887471932
1038.71998493674
1038.7893871909
1038.85808148179
1038.92606780942
1038.99534617377
1039.06191657486
1039.13177901268
1039.20593348723
1039.27237999851
1039.33811854653
1039.40414913127
1039.46947175275
1039.53508641096
1039.59699310591
1039.65519183758
1039.71568260599
1039.77546541113
1039.831540253
1039.8869071316
1039.93856604694
1039.99251699901
1040.04675998781
1040.10129501334
1040.1501220756
1040.2002411746
1040.25165231033
1040.30535548279
1040.35935069198
1040.4106379379
1040.46421722056
1040.51708853995
1040.57025189607
1040.62470728892
1040.6794547185
1040.73549418482
1040.78982568787
1040.84344922765
1040.89936480416
1040.9545724174
1041.01107206738
1041.06586375409
1041.11894747753
1041.1743232377
1041.22999103461
1041.28695086825
1041.34420273861
1041.40174664572
1041.45858258955
1041.51371057011
1041.56913058741
1041.62584264144
1041.6818467322
1041.73614285969
1041.79173102392
1041.84861122488
1041.90678346257
1041.96624773699
1042.02700404814
1042.08705239603
1042.14739278064
1042.14739278064
1042.14739278064
1042.14739278064
1042.14739278064
1042.14739278064
1042.14739278064
1042.15903607961
1042.18232267753
1042.21725257442
1042.26382577027
1042.32204226509
1042.38155079663
1042.44135136491
1042.50044396992
1042.55882861166
1042.62050529014
1042.68347400534
1042.74773475728
1042.81028754595
1042.87413237135
1042.93926923349
1043.00469813235
1043.07141906795
1043.13943204028
1043.20773704934
1043.27633409514
1043.34522317767
1043.41640429692
1043.48587745291
1043.55664264564
1043.62469987509
1043.69504914128
1043.7666904442
1043.83862378385
1043.91084916023
1043.98036657335
1044.05017602319
1044.12027750977
1044.19067103308
1044.26235659313
1044.3303341899
1044.39760382341
1044.46316549365
1044.53201920062
1044.59916494432
1044.66960272476
1044.73633254193
1044.80935439583
1044.87266828646
1044.93627421382
1045.00117217792
1045.06836217875
1045.12984421631
1045.1896182906
1045.24868440162
1045.30704254938
1045.36469273387
1045.41963495509
1045.47286921304
1045.52639550772
1045.58021383914
1045.63532420729
1045.68572661217
1045.73542105378
1045.78640753213
1045.8396860472
1045.89225659901
1045.94611918755
1045.99827381282
1046.04972047483
1046.10245917357
1046.15548990904
1046.21081268124
1046.26542749017
1046.31833433583
1046.37353321823
1046.42902413736
1046.48480709322
1046.53988208581
1046.59424911514
1046.6479081812
1046.70385928399
1046.76110242351
1046.81763759976
1046.87446481275
1046.93158406246
1046.98699534891
1047.0436986721
1047.10069403201
1047.15898142866
1047.21756086203
1047.27443233214
1047.33159583899
1047.39205138256
1047.44979896287
1047.5088385799
1047.56817023367
1047.62879392418
1047.68970965141
1047.75091741538
1047.81141721608
1047.87220905351
1047.93529292767
1047.99766883856
1048.05933678619
1048.12229677055
1048.18054879164
1048.24009284946
1048.29892894402
1048.3580570753
1048.41747724332
1048.47818944807
1048.53819368956
1048.59848996777
1048.65907828272
1048.7219586344
1048.78613102281
1048.84959544795
1048.91435190983
1048.97940040843
1049.04474094377
1049.11237351585
1049.17929812465
1049.24751477018
1049.31602345245
1049.38582417145
1049.45491692718
1049.52530171965
1049.59597854884
1049.66494741477
1049.73520831743
1049.80676125682
1049.87860623295
1049.9507432458
1050.02017229539
1050.08989338171
1050.15790650476
1050.22621166455
1050.29680886106
1050.36669809431
1050.43487936429
1050.501352671
1050.56911801445
1050.63517539463
1050.70152481153
1050.76716626518
1050.83309975555
1050.89932528265
1050.96184284649
1051.02665244706
1051.09175408436
1051.15314775839
1051.21183346916
1051.27081121665
1051.32908100088
1051.38464282185
1051.43849667954
1051.49164257396
1051.54508050512
1051.59881047301
1051.65283247763
1051.70414651899
1051.75475259707
1051.80665071189
1051.85984086344
1051.91232305172
1051.96509727673
1052.01816353848
1052.06952183696
1052.12117217217
1052.17411454411
1052.22734895278
1052.28087539819
1052.33369388033
1052.3878043992
1052.4432069548
1052.49890154713
1052.5528881762
1052.606166842
1052.65973754453
1052.71260028379
1052.76775505979
1052.82320187251
1052.87894072197
1052.93397160816
1052.98729453108
1053.04290949074
1053.09981648713
1053.15501552024
1053.2115065901
1053.26828969668
1053.32536483999
1053.38173202004
1053.43939123682
1053.49734249033
1053.55558578057
1053.61512110755
1053.67594847126
1053.7360678717
1053.79647930887
1053.85718278277
1053.91717829341
1053.97946584077
1054.04004542487
1054.09991704571
1054.16008070327
1054.21753639756
1054.27628412859
1054.33432389635
1054.39365570084
1054.45327954207
1054.51319542002
1054.57240333471
1054.63090328613
1054.69169527428
1054.75377929917
1054.81615536079
1054.87882345913
1054.94278359421
1055.00703576603
1055.07157997457
1055.13741621985
1055.20354450186
1055.2709648206
1055.33867717607
1055.40668156827
1055.47497799721
1055.54456646288
1055.61444696528
1055.68261950441
1055.75208408028
1055.82184069288
1055.8918893422
1055.96423002827
1056.03286275106
1056.10278751058
1056.17100430684
1056.23951313983
1056.30831400955
1056.37740691601
1056.44679185919
1056.51146883911
1056.57943785576
1056.64669890914
1056.71325199925
1056.7780971261
1056.84323428968
1056.90966348999
1056.97138472703
1057.0353980008
1057.09970331131
1057.16330065855
1057.22219004252
1057.27937146322
1057.33784492065
1057.39461041482
1057.44866794572
1057.50301751335
1057.55365911771
1057.60559275881
1057.65781843663
1057.71133615119
1057.76014590248
1057.8092476905
1057.85864151526
1057.90932737675
1057.96130527497
1058.01357520992
1058.0651371816
1058.11799119001
1058.16913723516
1058.22057531704
1058.27230543565
1058.32532759099
1058.37864178307
1058.43224801188
1058.48714627742
1058.54133657969
1058.59481891869
1058.64759329443
1058.69965970689
1058.75301815609
1058.80766864203
1058.86161116469
1058.91684572408
1058.97237232021
1059.02619095307
1059.08030162266
1059.13470432899
1059.19039907204
1059.24638585183
1059.30266466835
1059.3582355216
1059.41509841159
1059.4722533383
1059.53070030175
1059.58843930193
1059.64847033885
1059.70779341249
1059.76740852287
1059.82631566998
1059.88451485382
1059.94400607439
1060.00478933169
1060.06486462573
1060.1242319565
1060.183891324
1060.24084272823
1060.2980861692
1060.3536216469
1060.40944916132
1060.46756871249
1060.52598030038
1060.584683925
1060.64367958636
1060.70196728445
1060.76254701927
1060.82341879083
1060.88558259911
1060.94803844413
1061.01078632588
1061.07382624436
1061.13815819957
1061.20278219152
1061.2676982202
1061.33390628561
1061.40040638775
1061.46819852662
1061.53528270223
1061.60065891457
1061.66932716364
1061.73628744944
1061.80453977197
1061.87308413124
1061.94192052724
1062.01204895997
1062.07946942943
1062.14918193563
1062.21618647855
1062.28548305821
1062.3540716746
1062.42195232772
1062.49012501758
1062.55458974417
1062.61934650748
1062.68539530753
1062.75173614432
1062.82236901783
1062.88529392808
1062.94951087506
1063.01101985877
1063.07482087921
1063.13791393639
1063.2012990303
1063.26097616093
1063.31794532831
1063.37520653241
1063.43075977325
1063.48560505081
1063.53874236511
1063.59117171614
1063.64189310391
1063.6929065284
1063.74521198963
1063.79580948759
1063.84269902228
1063.89088059371
1063.94235420186
1063.99311984675
1064.04317752837
1064.09252724672
1064.14216900181
1064.19310279362
1064.24432862217
1064.29684648745
1064.34965638946
1064.40275832821
1064.45515230369
1064.50983831589
1064.56481636483
1064.61908645051
1064.67264857291
1064.72450273205
1064.77664892792
1064.83008716052
1064.88281742985
1064.93883973592
1064.99515407871
1065.05076045824
1065.1046588745
1065.1578493275
1065.21333181722
1065.27010634368
1065.32517290687
1065.38153150679
1065.43718214344
1065.49212481683
1065.54835952695
1065.6058862738
1065.66470505738
1065.72381587769
1065.78221873474
1065.84091362851
1065.89990055902
1065.95817952627
1066.01775053024
1066.07861357095
1066.13676864838
1066.19421576255
1066.25295491346
1066.31098610109
1066.36730932546
1066.42292458656
1066.47783188439
1066.53603121895
1066.59452259024
1066.65230599827
1066.71038144303
1066.76874892452
1066.82840844274
1066.8903599977
1066.95160358938
1067.0121392178
1067.07396688295
1067.13508658484
1067.19949832345
1067.2622020988
1067.32719791088
1067.39348575969
1067.45806564523
1067.52393756751
1067.59010152651
1067.65555752225
1067.72130555472
1067.78634562393
1067.85267772986
1067.91830187253
1067.98721805193
1068.05642626806
1068.12392652093
1068.19071881052
1068.25780313685
1068.32317949991
1068.3888478997
1068.45680833622
1068.52306080948
1068.59060531947
1068.65744186619
1068.72157044964
1068.78599106982
1068.84870372674
1068.91070842039
1068.97300515077
1069.03459391788
1069.09447472173
1069.1556475623
1069.21811243961
1069.28086935365
1069.33791830442
1069.39325929193
1069.44889231617
1069.50381737714
1069.55703447484
1069.60754360927
1069.65834478043
1069.70743798833
1069.75782323296
1069.81150051432
1069.86146983241
1069.90873118724
1069.9562845788
1070.00313000709
1070.05326747211
1070.10269697386
1070.15141851235
1070.20143208756
1070.25173769951
1070.3033353482
1070.35422503361
1070.40540675575
1070.45588051463
1070.50764631024
1070.55970414258
1070.61205401166
1070.66569591746
1070.71762986
1070.76885583927
1070.82137385527
1070.87218390801
1070.92628599747
1070.97968012367
1071.0333662866
1071.08734448627
1071.13961472266
1071.19317699579
1071.24603130564
1071.30017765224
1071.35361603556
1071.40834645561
1071.4613689124
1071.51468340592
1071.56828993617
1071.62318850315
1071.68137910687
1071.73786174731
1071.79563642449
1071.8547031384
1071.91106188905
1071.96771267642
1072.02465550053
1072.08189036137
1072.14141725894
1072.20023619324
1072.25834716428
1072.31475017205
1072.37144521655
1072.42643229778
1072.48171141574
1072.53628257044
1072.59214576187
1072.64730099002
1072.70374825492
1072.75948755654
1072.8165188949
1072.87384226998
1072.9314576818
1072.99036513036
1073.05056461564
1073.11205613766
1073.17283969641
1073.23291529189
1073.2952829241
1073.35694259304
1073.41989429872
1073.48413804113
1073.54767382027
1073.61250163614
1073.67662148875
1073.74103337808
1073.80473730415
1073.86873326695
1073.93102126648
1073.99660130275
1074.06547337575
1074.13163748548
1074.19809363194
1074.26284181513
1074.32988203505
1074.39421429171
1074.4578385851
1074.52375491522
1074.58896328208
1074.65446368566
1074.71825612598
1074.78034060303
1074.84471711681
1074.90738566732
1074.97034625457
1075.03259887855
1075.09314353926
1075.1539802367
1075.21310897087
1075.27452974178
1075.33524254942
1075.39524739379
1075.44954427489
1075.50313319272
1075.55901414729
1075.61018713859
1075.66265216662
1075.71140923138
1075.76045833287
1075.8087994711
1075.85643264606
1075.90535785775
1075.95357510617
1076.00008439133
1076.04588571321
1076.09197907183
1076.13936446718
1076.18704189927
1076.23401136808
1076.28227287363
1076.33082641591
1076.38067199492
1076.42980961066
1076.48023926314
1076.53096095234
1076.58197467828
1076.63228044095
1076.68387824036
1076.73676807649
1076.78894994936
1076.83942385896
1076.89018980529
1076.94124778836
1076.99359780815
1077.04523986468
1077.09617395794
1077.14740008793
1077.20091825466
1077.25372845811
1077.3048306983
1077.35822497522
1077.41091128887
1077.46488963926
1077.51816002637
1077.57172245022
1077.6255769108
1077.67972340811
1077.73416194216
1077.79089251293
1077.84891512044
1077.90622976468
1077.96283644566
1078.01873516336
1078.0749259178
1078.13140870897
1078.18718353687
1078.2462504015
1078.30460930286
1078.36026024096
1078.41720321579
1078.47443822735
1078.52896527564
1078.58278436067
1078.63589548243
1078.68929864092
1078.74499383614
1078.79998106809
1078.85526033678
1078.91083164219
1078.96569498434
1079.02185036322
1079.07829777884
1079.13603723118
1079.19406872026
1079.25239224607
1079.31100780861
1079.36991540789
1079.43111504389
1079.49160671663
1079.5533904261
1079.6154661723
1079.67783395524
1079.7404937749
1079.8024456313
1079.86668952443
1079.92922545429
1079.99105342089
1080.05417342421
1080.11658546427
1080.18328954106
1080.24728565459
1080.31357380484
1080.37715399183
1080.44002621555
1080.502190476
1080.56564677318
1080.6283951071
1080.69243547774
1080.75476788512
1080.81839232923
1080.87930881008
1080.94351732765
1081.00501788196
1081.067810473
1081.12889510077
1081.18727176527
1081.24594046651
1081.30390120447
1081.36215397917
1081.42269879061
1081.48253563877
1081.54066452367
1081.59508544529
1081.64779840365
1081.70080339874
1081.75310043057
1081.80368949912
1081.85257060441
1081.89974374643
1081.94620892518
1081.99296614067
1082.04001539288
1082.08735668183
1082.13299000751
1082.17891536993
1082.22313276907
1082.26764220495
1082.31444367755
1082.3605371869
1082.40592273297
1082.45360031577
1082.50056993531
1082.54783159158
1082.59638528458
1082.64523101431
1082.69436878078
1082.74379858397
1082.7935204239
1082.84453430056
1082.89484021396
1082.94543816408
1082.99432815094
1083.04351017453
1083.09298423485
1083.1427503319
1083.19380846569
1083.24515863621
1083.29680084345
1083.34773508744
1083.39996136815
1083.4514796856
1083.50329003977
1083.55439243068
1083.60778685832
1083.6584733227
1083.7084518238
1083.75972236164
1083.81328493621
1083.86713954751
1083.92228619555
1083.97572488032
1084.03145560181
1084.08647836004
1084.14179315501
1084.1963999867
1084.25129885513
1084.30748976029
1084.36397270218
1084.4217476808
1084.47581469615
1084.52917374824
1084.58382483706
1084.63776796261
1084.69000312489
1084.74153032391
1084.79434955965
1084.84846083213
1084.90186414134
1084.95455948729
1085.00754686996
1085.06182628937
1085.11539774551
1085.17026123838
1085.22541676798
1085.28386433432
1085.34060393739
1085.39763557719
1085.45595925372
1085.51357496698
1085.57248271698
1085.6316825037
1085.69117432716
1085.75095818736
1085.81103408428
1085.87240201794
1085.93406198832
1085.99601399544
1086.0572580393
1086.11979411988
1086.1796222372
1086.24074239124
1086.30315458202
1086.36485880954
1086.42885507378
1086.49114337476
1086.55372371247
1086.61459608691
1086.67576049808
1086.73721694598
1086.79796543062
1086.85800595199
1086.92033851009
1086.97996310492
1087.03887973649
1087.09908840478
1087.15958910981
1087.21938185157
1087.27946663007
1087.33784344529
1087.39651229725
1087.45347318594
1087.51172611136
1087.56927107351
1087.6281080724
1087.68623710802
1087.73565818037
1087.78737128945
1087.83837643526
1087.88967361781
1087.93926283708
1087.98714409309
1088.03331738584
1088.07878271531
1088.12354008152
1088.16958948445
1088.21593092412
1088.26056440053
1088.30448991366
1088.34670746353
1088.39021705012
1088.43401867345
1088.47911233352
1088.52449803031
1088.56917576384
1088.6151455341
1088.66140734109
1088.70796118481
1088.75480706526
1088.80194498245
1088.84937493637
1088.89809692702
1088.9481109544
1088.99741701852
1089.04701511936
1089.09590525694
1089.14508743125
1089.1915616423
1089.23932789007
1089.28838617458
1089.33673649582
1089.38637885379
1089.43631324849
1089.48553967993
1089.5370581481
1089.587868653
1089.63797119463
1089.68836577299
1089.74005238809
1089.78803103991
1089.83730172847
1089.88686445377
1089.93671921579
1089.98886601455
1090.04230485003
1090.09503572225
1090.14905863121
1090.20437357689
1090.25798055931
1090.31287957845
1090.36707063433
1090.42255372695
1090.47732885629
1090.53239602237
1090.58875522518
1090.64140646472
1090.69334974099
1090.74658505399
1090.79911240373
1090.8499317902
1090.9000432134
1090.95044667333
1091.00214217
1091.05312970339
1091.10540927352
1091.15698088038
1091.20984452398
1091.2620002043
1091.31344792136
1091.36818767515
1091.42221946567
1091.47754329292
1091.53215915691
1091.58806705763
1091.64426699508
1091.70175896926
1091.75854298017
1091.81561902782
1091.87398711219
1091.9316472333
1091.99059939115
1092.04984358572
1092.10937981703
1092.16820808506
1092.22832838983
1092.28874073134
1092.34744510957
1092.40644152454
1092.46772997623
1092.52731046466
1092.58918298983
1092.64934755172
1092.70880415035
1092.76955278571
1092.8295934578
1092.89092616662
1092.95055091217
1093.01146769446
1093.07067651348
1093.13217736923
1093.19097026171
1093.25205519093
1093.31143215687
1093.37110115955
1093.43006219896
1093.48731527511
1093.54486038798
1093.60169753759
1093.65682672393
1093.714247947
1093.7699612068
1093.82596650334
1093.87926383661
1093.9288532066
1093.97973461334
1094.0309080568
1094.078373537
1094.12613105392
1094.17318060758
1094.21852219797
1094.2631558251
1094.30808148895
1094.35329918954
1094.39880892686
1094.44261070091
1094.4847045117
1094.52709035921
1094.56976824346
1094.61373816444
1094.65700012216
1094.7005541166
1094.74440014778
1094.78953821568
1094.83596832032
1094.8826904617
1094.9297046398
1094.97701085464
1095.02460910621
1095.07349939451
1095.12168171954
1095.17115608131
1095.2209224798
1095.26898091503
1095.31733138699
1095.36597389569
1095.41490844111
1095.46313502327
1095.51265364216
1095.56346429778
1095.61256699013
1095.66196171922
1095.71164848503
1095.76262728758
1095.81389812686
1095.86446100288
1095.91631591562
1095.9644628651
1096.01490185131
1096.06563287425
1096.11665593393
1096.16997103033
1096.22257816347
1096.27747733334
1096.32966853994
1096.38415178328
1096.43692706334
1096.49099438014
1096.54535373367
1096.60000512393
1096.65494855093
1096.70918401465
1096.76471151511
1096.8175310523
1096.86964262623
1096.92204623688
1096.97474188427
1097.02472956839
1097.07600928924
1097.12558104682
1097.17544484113
1097.22660067218
1097.27804853996
1097.33078844447
1097.38182038571
1097.43414436369
1097.4857603784
1097.53866842983
1097.59186851801
1097.59186851801
1097.60308375768
1097.62551423703
1097.65915995605
1097.70402091474
1097.76009711311
1097.81646534821
1097.87412562004
1097.9310779286
1097.9883222739
1098.04685865593
1098.10468707469
1098.16280753018
1098.2192200224
1098.27792455136
1098.33492111704
1098.39320971946
1098.45179035862
1098.5116630345
1098.56982774712
1098.63128449646
1098.68903328255
1098.74807410536
1098.8054069649
1098.86303186118
1098.92194879419
1098.98015776393
1099.0396587704
1099.0974518136
1099.15553689354
1099.21291401021
1099.27258316361
1099.33154435374
1099.38879758061
1099.4473428442
1099.50418014453
1099.56030948159
1099.61773085539
1099.67444426591
1099.73044971317
1099.78574719716
1099.84033671788
1099.89421827533
1099.94339186952
1099.99285750044
1100.04261516809
1100.09266487247
1100.14100661358
1100.18564039143
1100.229566206
1100.27278405731
1100.31429394536
1100.35709587013
1100.40018983163
1100.44357582987
1100.48525386484
1100.52722393654
1100.56848604498
1100.61104019014
1100.65388637204
1100.69702459067
1100.74045484604
1100.78417713813
1100.82919146696
1100.87449783251
1100.9200962348
1100.96598667383
1101.01316914958
1101.05964366207
1101.10641021129
1101.15346879724
1101.20181941992
1101.25046207934
1101.29739677548
1101.34362350836
1101.39114227797
1101.43895308431
1101.48605592739
1101.5334508072
1101.58213772374
1101.62911667701
1101.67638766701
1101.72395069375
1101.77380575721
1101.82295285741
1101.87339199434
1101.92212316801
1101.9691463784
1102.01546162553
1102.06306890939
1102.11196822998
1102.16215958731
1102.21364298136
1102.26641841215
1102.31748587967
1102.36884538392
1102.42149692491
1102.47444050262
1102.52667611707
1102.57920376825
1102.63202345616
1102.68513518081
1102.73853894218
1102.79323474029
1102.84522257513
1102.8965024467
1102.94807435501
1102.99893830005
1103.04809428181
1103.09654230032
1103.14428235555
1103.19331444751
1103.24263857621
1103.29225474164
1103.3421629438
1103.39236318269
1103.44285545832
1103.49263977067
1103.54271611976
1103.59508450558
1103.64674492814
1103.69869738742
1103.75094188344
1103.80447841619
1103.85830698567
1103.91242759189
1103.96684023483
1104.02254491451
1104.07754163092
1104.13283038406
1104.18841117393
1104.24528400054
1104.30144886388
1104.35790576395
1104.41465470075
1104.47269567428
1104.52802868455
1104.58465373155
1104.64157081528
1104.69977993574
1104.75728109293
1104.81607428686
1104.87315951752
1104.93053678491
1104.98720608903
1105.04416742989
1105.10142080747
1105.15996622179
1105.21780367284
1105.27493316062
1105.33235468514
1105.39006824639
1105.44607384437
1105.50337147908
1105.55896115052
1105.61484285869
1105.6690166036
1105.72448238524
1105.78024020361
1105.83529005872
1105.88863195055
1105.94226587912
1105.99519184442
1106.04840984645
1106.09891988521
1106.14572196071
1106.19381607294
1106.2422022219
1106.28788040759
1106.33285063001
1106.37711288917
1106.42166718505
1106.46351351767
1106.50565188703
1106.54808229311
1106.58980473593
1106.63181921547
1106.67212573175
1106.71272428477
1106.75261487451
1106.79379750099
1106.8362721642
1106.87803886414
1106.91909760081
1106.96044837421
1107.00309118435
1107.04702603122
1107.09225291482
1107.13577183515
1107.17958279222
1107.22468578601
1107.27108081654
1107.3167678838
1107.3637469878
1107.41201812852
1107.45858130598
1107.50443652017
1107.55058377109
1107.59702305874
1107.64375438313
1107.68977774424
1107.73709314209
1107.78370057667
1107.82960004799
1107.87579155603
1107.92227510081
1107.97005068232
1108.01611830056
1108.06547795554
1108.11412964724
1108.16107337568
1108.20630914085
1108.25383694275
1108.30065678139
1108.34976865675
1108.39817256885
1108.44886851768
1108.49785650324
1108.54713652554
1108.59770858456
1108.64757268032
1108.69872881281
1108.75117698203
1108.80391718799
1108.85594943068
1108.90727371009
1108.96089002624
1109.01279837913
1109.06199876874
1109.11049119509
1109.16127565817
1109.21035215798
1109.25772069452
1109.3053812678
1109.3513338778
1109.39857852454
1109.44611520801
1109.49494392822
1109.54306468515
1109.59147747882
1109.64018230922
1109.68817917635
1109.73746808021
1109.78704902081
1109.83792199814
1109.8880870122
1109.93854406299
1109.99129315051
1110.04333427477
1110.09566743576
1110.14829263348
1110.20120986793
1110.25341913911
1110.30692044703
1110.36071379168
1110.41479917306
1110.46917659117
1110.52284604601
1110.57780753759
1110.6320610659
1110.68760663094
1110.74144423271
1110.79757387121
1110.85199554645
1110.90870925842
1110.96471500712
1111.02001279255
1111.07860261472
1111.13348447361
1111.18865836924
1111.2421243016
1111.2958822707
1111.34893227652
1111.40427431908
1111.45990839837
1111.51583451439
1111.57105266714
1111.62456285663
1111.67936508285
1111.7344593458
1111.78784564548
1111.84252398189
1111.89549435504
1111.94975676491
1112.00331121152
1112.05715769486
1112.11129621494
1112.16472677174
1112.21444936528
1112.26546399555
1112.31477066255
1112.36136936629
1112.40826010675
1112.45544288395
1112.50091769788
1112.54668454854
1112.58974343594
1112.63109436007
1112.67273732092
1112.71267231851
1112.75289935284
1112.79341842389
1112.83522953168
1112.8763326762
1112.91472785745
1112.95441507543
1112.99339433014
1113.03366562159
1113.07222894977
1113.11208431468
1113.15223171632
1113.1916711547
1113.23340262981
1113.27642614164
1113.31774169022
1113.36034927552
1113.40324889755
1113.44644055632
1113.48992425182
1113.53469998405
1113.58076775302
1113.62712755871
1113.67277940114
1113.7187232803
1113.76295919619
1113.80748714881
1113.85330713817
1113.89941916426
1113.94582322708
1113.99251932663
1114.03950746291
1114.08478763593
1114.13035984568
1114.17722409216
1114.22438037537
1114.27082869531
1114.31856905199
1114.3666014454
1114.41292587554
1114.45954234241
1114.50645084602
1114.55365138635
1114.60114396342
1114.64892857722
1114.69800522775
1114.74737391502
1114.79603463902
1114.84398739974
1114.89323219721
1114.9427690314
1114.99359790232
1115.04471880998
1115.09513175437
1115.14483673549
1115.19483375334
1115.24612280793
1115.29670389925
1115.3455770273
1115.39374219208
1115.44319939359
1115.49094863184
1115.53698990681
1115.58332321852
1115.62894856696
1115.67486595214
1115.72007537404
1115.76857683268
1115.81637032805
1115.86245586015
1115.90883342899
1115.95450303455
1116.00146467685
1116.04871835588
1116.09626407164
1116.14410182414
1116.19223161336
1116.24165343932
1116.29136730201
1116.34137320144
1116.39167113759
1116.44126111048
1116.4921431201
1116.54231716645
1116.59578324953
1116.64654136934
1116.69859152589
1116.75093371917
1116.80356794918
1116.85549421592
1116.9057125194
1116.9592228596
1117.01202523654
1117.06511965021
1117.11750610062
1117.17018458775
1117.22415511162
1117.27741767222
1117.33097226955
1117.38381890361
1117.43595757441
1117.48738828194
1117.5391110262
1117.59012580719
1117.64243262491
1117.69503147937
1117.74792237056
1117.80110529848
1117.85458026313
1117.90634726451
1117.96040630263
1118.01275737748
1118.06440048906
1118.11633563737
1118.16756282241
1118.21808204419
1118.2708933027
1118.32299659794
1118.37539192991
1118.42707929861
1118.47805870405
1118.52733014622
1118.57589362512
1118.62174914075
1118.66689669312
1118.71033628221
1118.75506790804
1118.8000915706
1118.8444072699
1118.88401500592
1118.92391477868
1118.96210658817
1118.99959043439
1119.03936631734
1119.07943423703
1119.11879419344
1119.15844618659
1119.19439021648
1119.23262628309
1119.27015438643
1119.30697452651
1119.34508670332
1119.38349091686
1119.42218716714
1119.46017545414
1119.49945577788
1119.54002813835
1119.58089253555
1119.62304896949
1119.66349744015
1119.70523794755
1119.74727049168
1119.78959507254
1119.83221169014
1119.87512034446
1119.91932103552
1119.96181376331
1120.00459852783
1120.04767532909
1120.09104416708
1120.13370504179
1120.17765795324
1120.22190290143
1120.26543988634
1120.31026890799
1120.35338996637
1120.39780306148
1120.44350819332
1120.4885053619
1120.5337945672
1120.57837580924
1120.62424908801
1120.66941440352
1120.71287175575
1120.75762114472
1120.80266257042
1120.84899603285
1120.89562153201
1120.94153906791
1120.98974864054
1121.0372502499
1121.08304389599
1121.13012957881
1121.17750729837
1121.22517705465
1121.27313884767
1121.32239267743
1121.37393854391
1121.42277644713
1121.46990638707
1121.51832836376
1121.56804237717
1121.61404842731
1121.65934651419
1121.7069366378
1121.75381879814
1121.79799299521
1121.84345922901
1121.88721749955
1121.93026780682
1121.97361015082
1122.01824453155
1122.06317094902
1122.10838940321
1122.15289989414
1122.1977024218
1122.2417969862
1122.28518358732
1122.33186222518
1122.37783289977
1122.42309561109
1122.46865035914
1122.51449714393
1122.56263596544
1122.61006682369
1122.65778971867
1122.70580465039
1122.75411161883
1122.80271062401
1122.85160166592
1122.90178474456
1122.95025985994
1123.00102701204
1123.05108620088
1123.10043742645
1123.15008068875
1123.19801598778
1123.24824332355
1123.30076269605
1123.35157410528
1123.40267755124
1123.45107303394
1123.50176055336
1123.55074010952
1123.60301170241
1123.65457533203
1123.70443099839
1123.75557870147
1123.80501844129
1123.85575021784
1123.90477403113
1123.95408988114
1124.00369776789
1124.05459769137
1124.10578965158
1124.15627364852
1124.20704968219
1124.2581177526
1124.30847785974
1124.35813000361
1124.40807418421
1124.45631040155
1124.50483865562
1124.55465894642
1124.60377127395
1124.65417563821
1124.70287203921
1124.75286047693
1124.80214095139
1124.84971346258
1124.89557801051
1124.93973459516
1124.98218321655
1125.02592387467
1125.06895656952
1125.11228130111
1125.15589806942
1125.19780687447
1125.23700771625
1125.27450059476
1125.31228551001
1125.35036246198
1125.38873145069
1125.42739247613
1125.4663455383
1125.50259063721
1125.53812777285
1125.57495694521
1125.61107815432
1125.64849140015
1125.68519668271
1125.72219400201
1125.75948335804
1125.7980647508
1125.83693818029
1125.87510364652
1125.91456114947
1125.95331068916
1125.99435226558
1126.03468587874
1126.07631152862
1126.11922921524
1126.16143893859
1126.20394069867
1126.24673449548
1126.28882032903
1126.33119819931
1126.37286810632
1126.41483005006
1126.45708403053
1126.49963004774
1126.54146810167
1126.58459819234
1126.62702031975
1126.66773448388
1126.70974068475
1126.75203892234
1126.79562919667
1126.83851150774
1126.88068585553
1126.92615224006
1126.96791066131
1127.0099611193
1127.05330361403
1127.09593814548
1127.13886471367
1127.18308331859
1127.22859396024
1127.27439663862
1127.31849135373
1127.36287810558
1127.40755689416
1127.45352771947
1127.49979058151
1127.54634548029
1127.5921924158
1127.63933138803
1127.68576239701
1127.73148544271
1127.77650052514
1127.82180764431
1127.86940680021
1127.91529799284
1127.95948122221
1128.0029564883
1128.04672379113
1128.09178313069
1128.13513450698
1128.17777792
1128.21971336976
1128.26094085625
1128.30146037947
1128.34327193942
1128.3853755361
1128.42777116952
1128.47045883967
1128.51243854655
1128.55471029016
1128.5972740705
1128.64012988758
1128.68327774139
1128.72671763193
1128.7704495592
1128.8154735232
1128.86078952394
1128.90639756141
1128.95229763561
1128.99748974654
1129.04397389421
1129.0907500786
1129.13681829973
1129.18417855759
1129.23283085219
1129.28077518351
1129.32901155157
1129.37753995636
1129.42536039788
1129.47547287613
1129.52487739112
1129.57357394283
1129.62356253128
1129.67284315646
1129.72341581838
1129.77328051702
1129.8234372524
1129.87488602451
1129.92362683335
1129.97565967892
1130.02498456123
1130.07660148027
1130.12651043604
1130.17571142854
1130.22520445777
1130.27498952374
1130.32406662644
1130.37343576587
1130.42409694203
1130.47605015492
1130.52729540455
1130.57683269091
1130.628662014
1130.67878337382
1130.72919677038
1130.77890220366
1130.82789967368
1130.87718918043
1130.92677072391
1130.97664430413
1131.02680992107
1131.07526757475
1131.12401726516
1131.17105899231
1131.21839275618
1131.26401855679
1131.30693639413
1131.3501462682
1131.394648179
1131.43844212654
1131.4805281108
1131.5199061318
1131.55857618954
1131.596538284
1131.63479241519
1131.67233858312
1131.71017678778
1131.74830702917
1131.7867293073
1131.82444362215
1131.85944997374
1131.89474836206
1131.92933878711
1131.9642212489
1132.00039574741
1132.03586228266
1132.07162085464
1132.10667146335
1132.1420141088
1132.17964879097
1132.21657550988
1132.25379426552
1132.29030505789
1132.327107887
1132.36620275283
1132.4055896554
1132.4452685947
1132.48423957073
1132.5235025835
1132.563057633
1132.60190471922
1132.64204384219
1132.68147500188
1132.7201981983
1132.75921343146
1132.79852070135
1132.83712000797
1132.87801135132
1132.91719473141
1132.95767014823
1132.99743760177
1133.03749709206
1133.07684861907
1133.11649218281
1133.15642778329
1133.1956554205
1133.23517509444
1133.27598680512
1133.31609055252
1133.35448633666
1133.39217415753
1133.43115401513
1133.46942590947
1133.50998984053
1133.55084580833
1133.59299381286
1133.63343385412
1133.67616593212
1133.71719004684
1133.7595061983
1133.79911438649
1133.84101461141
1133.88320687307
1133.92569117145
1133.96746750657
1134.01053587842
1134.05389628701
1134.09654873232
1134.13849321437
1134.18172973315
1134.22425828866
1134.2660788809
1134.30819150987
1134.34859617558
1134.38929287802
1134.43028161719
1134.47156239309
1134.51113520573
1134.5490000551
1134.5871569412
1134.62460586403
1134.66134682359
1134.69937981989
1134.73770485291
1134.77632192267
1134.81523102916
1134.85343217239
1134.89092535234
1134.92871056903
1134.96678782245
1135.0041571126
1135.04281843949
1135.0817718031
1135.12201720345
1135.16255464053
1135.20238411434
1135.24350562489
1135.28491917216
1135.32562475617
1135.36662237691
1135.40991203438
1135.45249372859
1135.49436745952
1135.53753322719
1135.58099103159
1135.62574087273
1135.67078275059
1135.71511666519
1135.75974261652
1135.80466060458
1135.84887062937
1135.89437269089
1135.93916678915
1135.98525292414
1136.03163109586
1136.07730130431
1136.1232635495
1136.16951783142
1136.21606415007
1136.26290250545
1136.31103289756
1136.35945532641
1136.40716979198
1136.45417629429
1136.50147483333
1136.54806540911
1136.59594802161
1136.64212267085
1136.68958935682
1136.73634807952
1136.78339883896
1136.83174163512
1136.88137646802
1136.93030333765
1136.97852224401
1137.02703318711
1137.07583616693
1137.12293118349
1137.16931823678
1137.2199973268
1137.26596845356
1137.31323161704
1137.36078681726
1137.40863405421
1137.4547733279
1137.50220463831
1137.54892798546
1137.59494336934
1137.64025078995
1137.68285024729
1137.72574174136
1137.76692527217
1137.80840083971
1137.85016844398
1137.89122808498
1137.93057976272
1137.96822347719
1138.00515922839
1138.04238701632
1138.07690684098
1138.11371870238
1138.1488226005
1138.18421853536
1138.21990650695
1138.25388651528
1138.28715856033
1138.31972264212
1138.35157876064
1138.38372691589
1138.41716710788
1138.45189933659
1138.48692360204
1138.52123990422
1138.55584824313
1138.59074861878
1138.62594103115
1138.66042548026
1138.6952019661
1138.72927048867
1138.76663104798
1138.80328364401
1138.84022827678
1138.87746494628
1138.91399365252
1138.95081439548
1138.98892717518
1139.02633199161
1139.06402884477
1139.10101773466
1139.13829866128
1139.17687162464
1139.21373662473
1139.25089366155
1139.2883427351
1139.32508384539
1139.36411699241
1139.40144217616
1139.43905939664
1139.47696865385
1139.5161699478
1139.55566327847
1139.59444864588
1139.63152605002
1139.6688954909
1139.7055569685
1139.74251048284
1139.77975603391
1139.81529362171
1139.85212324625
1139.88824490751
1139.92565860551
1139.96336434024
1140.0033621117
1140.0426519199
1140.08223376482
1140.12110764648
1140.16027356487
1140.19873151999
1140.23848151185
1140.27952354043
1140.31785760575
1140.3574837078
1140.39840184659
1140.4396120221
1140.48011423435
1140.52090848333
1140.56199476904
1140.60237309148
1140.64204345065
1140.68100584656
1140.7212602792
1140.76080674857
1140.79964525467
1140.83777579751
1140.87619837708
1140.91491299338
1140.95291964641
1140.99021833617
1141.02580906267
1141.06269182589
1141.09886662585
1141.13433346254
1141.17009233597
1141.20614324612
1141.24248619301
1141.27912117663
1141.31504819698
1141.35126725407
1141.38677834788
1141.42358147843
1141.45967664571
1141.49606384972
1141.53274309047
1141.56971436794
1141.60797768215
1141.64653303309
1141.68538042076
1141.72451984517
1141.7639513063
1141.80367480417
1141.84469033877
1141.8849979101
1141.92459751817
1141.96448916297
1142.00467284449
1142.04614856276
1142.08791631775
1142.12997610947
1142.17232793793
1142.21597180312
1142.25890770504
1142.30113564369
1142.34465561908
1142.3874676312
1142.43057168004
1142.47496776563
1142.51965588794
1142.56363604698
1142.60790824276
1142.65347247527
1142.70032874451
1142.74447705049
1142.78891739319
1142.83564977263
1142.8816741888
1142.9279906417
1142.97359913133
1143.0204996577
1143.0656922208
1143.11117682063
1143.15595345719
1143.20102213048
1143.24638284051
1143.29303558727
1143.33998037076
1143.38821719098
1143.43474604794
1143.47956694162
1143.52567987204
1143.57208483919
1143.61678184307
1143.66177088369
1143.70805196103
1143.75362507511
1143.79949022592
1143.84564741347
1143.89109663774
1143.93683789875
1143.98187119649
1144.02719653096
1144.07081390216
1144.1137233101
1144.15692475476
1144.19741823616
1144.23620375429
1144.27528130916
1144.31565090075
1144.35431252908
1144.39326619414
1144.43151189593
1144.46604963445
1144.49987940971
1144.5340012217
1144.56641507042
1144.59912095587
1144.63311887805
1144.66640883697
1144.69999083262
1144.732864865
1144.76503093411
1144.79648903995
1144.82823918253
1144.85928136184
1144.89061557788
1144.92224183065
1144.95416012015
1144.98637044639
1145.01787280936
1145.04966720906
1145.08275364549
1145.11513211866
1145.14780262855
1145.17976517518
1145.21201975854
1145.24556637863
1145.27840503546
1145.31153572902
1145.34495845931
1145.37967322633
1145.41368003008
1145.44797887056
1145.48256974778
1145.51845266173
1145.55362761241
1145.58909459983
1145.62385362397
1145.65990468485
1145.69524778246
1145.7308829168
1145.76781008787
1145.80302929568
1145.83854054022
1145.87434382149
1145.90943913949
1145.94482649422
1145.98050588569
1146.01547731388
1146.05274077881
1146.08829628048
1146.12414381887
1146.159283394
1146.19371500585
1146.22843865445
1146.26345433977
1146.29676206182
1146.33036182061
1146.36525361613
1146.39943744838
1146.43491331736
1146.47168122307
1146.50674116552
1146.5430931447
1146.57973716061
1146.61667321325
1146.65490130263
1146.69242142873
1146.73023359157
1146.76733779114
1146.80373402745
1146.84142230048
1146.87940261025
1146.91667495675
1146.95623933998
1146.99509575994
1147.03324421664
1147.07068471007
1147.10841724022
1147.14544180712
1147.18375841074
1147.2213670511
1147.25726772818
1147.294460442
1147.33094519255
1147.36772197984
1147.40379080385
1147.4401516646
1147.47580456208
1147.51174949629
1147.54698646724
1147.58251547491
1147.61733651932
1147.65144960046
1147.68485471833
1147.71555187294
1147.75054106428
1147.78482229234
1147.81839555714
1147.85326085868
1147.88741819694
1147.92186757194
1147.95260898367
1147.98264243213
1148.01296791732
1148.04258543924
1148.0764949979
1148.11169659329
1148.14619022541
1148.18197589426
1148.21805359985
1148.25542334217
1148.29308512122
1148.331038937
1148.36928478951
1148.40782267876
1148.44665260473
1148.48477456744
1148.52318856688
1148.56189460306
1148.60089267596
1148.6411827856
1148.68276493197
1148.72263911507
1148.76280533491
1148.80326359147
1148.84401388477
1148.8850562148
1148.92739058156
1148.96801698506
1149.00893542528
1149.05114590224
1149.09464841593
1149.13644296635
1149.17952955351
1149.22190817739
1149.26457883801
1149.30854153536
1149.35279626944
1149.39534304026
1149.43818184781
1149.48231269208
1149.5277355731
1149.57045049084
1149.61245744531
1149.65475643652
1149.69634746446
1149.73723052913
1149.77940563053
1149.82187276867
1149.86463194353
1149.90768315513
1149.95102640346
1149.99466168853
1150.03658901032
1150.07980836885
1150.12331976411
1150.1651231961
1150.20621866482
1150.24660617028
1150.28728571247
1150.33125729139
1150.37352090704
1150.41607655942
1150.45892424854
1150.50206397439
1150.54249573697
1150.58321953628
1150.62323537232
1150.6635432451
1150.70214315461
1150.74103510085
1150.77821908382
1150.81469510352
1150.85046315996
1150.88752325313
1150.92387538303
1150.95951954966
1150.99345575303
1151.02568399312
1151.05820426995
1151.09001658351
1151.1221209338
1151.15351732083
1151.18520574459
1151.21718620507
1151.2494587023
1151.28202323625
1151.31387980693
1151.34502841435
1151.3744690585
1151.40420173938
1151.43222645699
1151.46154321134
1151.49015200242
1151.52005283023
1151.54924569477
1151.57873059604
1151.60850753405
1151.63757650878
1151.66793752025
1151.69959056846
1151.72953565339
1151.75777277506
1151.78730193345
1151.81712312858
1151.84623636045
1151.87664162904
1151.90633893437
1151.93732827642
1151.96960965521
1152.00018307074
1152.03104852299
1152.06220601198
1152.09265553769
1152.12339710015
1152.15443069933
1152.18575633524
1152.21737400789
1152.24828371727
1152.28148546338
1152.31397924622
1152.3467650658
1152.3798429221
1152.41021281514
1152.44387474491
1152.47682871142
1152.50807471465
1152.53861275462
1152.57144283132
1152.60556494475
1152.63897909491
1152.66968528181
1152.70268350543
1152.73697376579
1152.76755606288
1152.79643039671
1152.82659676726
1152.85605517455
1152.88480561857
1152.91484809932
1152.94818261681
1152.97680917102
1153.00672776197
1153.03593838965
1153.06644105406
1153.09623575521
1153.13032249308
1153.16370126769
1153.19737207903
1153.2313349271
1153.26658981191
1153.29613673344
1153.32997569171
1153.35910668671
1153.39552971844
1153.42524478691
1153.46025189211
1153.49555103403
1153.53114221269
1153.56802542809
1153.60420068021
1153.63966796907
1153.67542729466
1153.71047865698
1153.74482205603
1153.77845749182
1153.81238496433
1153.84760447358
1153.88211601956
1153.91591960228
1153.94901522172
1153.9794028779
1154.00908257081
1154.04205430045
1154.07531806682
1154.10587386993
1154.13572170977
1154.16486158634
1154.19329349964
1154.22101744967
1154.25103343644
1154.28034145994
1154.30894152017
1154.33683361713
1154.36501775082
1154.39349392125
1154.42226212841
1154.4503223723
1154.47767465292
1154.50531897027
1154.53325532436
1154.56048371518
1154.58900414273
1154.61681660701
1154.64492110802
1154.67431764577
1154.70900622025
1154.74398683146
1154.7782594794
1154.81282416408
1154.84868088549
1154.88582964362
1154.92227043849
1154.9580032701
1154.99402813843
1155.0303450435
1155.0669539853
1155.10385496383
1155.14004797909
1155.17853303109
1155.21731011982
1155.25537924527
1155.29374040747
1155.33239360639
1155.37133884205
1155.40957611443
1155.44910542355
1155.4879267694
1155.52704015199
1155.5674455713
1155.60914302735
1155.65013252013
1155.68941404964
1155.72998761589
1155.76985321886
1155.81101085857
1155.85146053501
1155.89120224818
1155.93223599809
1155.97456178472
1156.01517960809
1156.05608946819
1156.09629136503
1156.13678529859
1156.17657126889
1156.21664927591
1156.25601931968
1156.29668140017
1156.33663551739
1156.37588167135
1156.41741986204
1156.45925008946
1156.50137235361
1156.5427866545
1156.58349299211
1156.62449136646
1156.66478177754
1156.70436422536
1156.7432387099
1156.78240523118
1156.82186378919
1156.86161438393
1156.9006570154
1156.94099168361
1156.98261838855
1157.02253713022
1157.06274790862
1157.10225072375
1157.14004557562
1157.17813246422
1157.21851138955
1157.25218235161
1157.2871453504
1157.32240038593
1157.35694745819
1157.38978656718
1157.4239177129
1157.45734089535
1157.49005611454
1157.52206337046
1157.55436266311
1157.58595399249
1157.6168373586
1157.64801276145
1157.67848020103
1157.70823967734
1157.73829119038
1157.76863474016
1157.79827032666
1157.8281979499
1157.85941760987
1157.88892930658
1157.91773304001
1157.94482881018
1157.97121661708
1157.99789646071
1158.02386834107
1158.05013225817
1158.076688212
1158.10353620256
1158.12967622985
1158.15610829387
1158.18283239463
1158.20984853211
1158.23715670633
1158.26375691728
1158.29064916497
1158.31783344938
1158.34330977053
1158.36907812841
1158.39513852302
1158.42049095437
1158.44713542244
1158.47407192725
1158.50130046879
1158.52882104706
1158.55663366207
1158.5837383138
1158.61113500227
1158.63782372747
1158.6658044894
1158.69307728807
1158.72064212347
1158.74749899559
1158.77564790446
1158.80308885005
1158.83082183237
1158.85884685143
1158.88716390722
1158.91577299974
1158.94567412899
1158.97486729498
1159.00435249769
1159.03312973714
1159.06019901332
1159.08856032624
1159.11621367588
1159.14415906226
1159.17239648537
1159.20092594521
1159.22974744178
1159.25786097509
1159.28626654513
1159.3139641519
1159.3419537954
1159.36923547563
1159.3958091926
1159.4216749463
1159.44983273673
1159.47628256389
1159.50402442778
1159.53205832841
1159.55838426577
1159.58400223986
1159.61191225068
1159.63911429823
1159.66660838252
1159.69339450354
1159.72047266129
1159.74884285577
1159.77750508698
1159.80545935493
1159.83470565961
1159.86224400102
1159.89007437916
1159.91819679404
1159.94561124564
1159.97431773398
1160.00231625905
1160.03060682086
1160.06118941939
1160.08906405466
1160.11823072666
1160.14768943539
1160.17644018085
1160.20548296305
1160.23381778197
1160.26144463763
1160.28936353003
1160.31757445915
1160.345077425
1160.37387242759
1160.40295946691
1160.43133854296
1160.46000965575
1160.48897280526
1160.51722799151
1160.54477521449
1160.5736144742
1160.60174577065
1160.63016910382
1160.65788447373
1160.68489188037
1160.71219132374
1160.73878280385
1160.76566632068
1160.79284187425
1160.81930946455
1160.84606909158
1160.87312075535
1160.90046445584
1160.92710019307
1160.95402796703
1160.98024777773
1161.00575962515
1161.03056350931
1161.0566594302
1161.08304738782
1161.10872738217
1161.13469941326
1161.16196348107
1161.19051958562
1161.2183677269
1161.24650790492
1161.27594011966
1161.30466437114
1161.33368065935
1161.36298898429
1161.39158934596
1161.42548174437
1161.45466617951
1161.48414265137
1161.51391115998
1161.54797170531
1161.57732428738
1161.61296890617
1161.6479055617
1161.68313425397
1161.71965498296
1161.75446774869
1161.79057255114
1161.82796939033
1161.86465826626
1161.90063917891
1161.9369121283
1161.97347711441
1162.01033413726
1162.04748319685
1162.08492429316
1162.12265742621
1162.16068259599
1162.1979998025
1162.23560904574
1162.27351032571
1162.31170364242
1162.35018899586
1162.38796638603
1162.42503581293
1162.46239727657
1162.50005077694
1162.53899631404
1162.57823388787
1162.61476349843
1162.65158514572
1162.68969882975
1162.72610455051
1162.762802308
1162.79879210223
1162.83507393318
1162.87164780087
1162.90851370529
1162.94667164644
1162.98412162432
1163.02186363894
1163.05989769029
1163.09722377837
1163.13384190318
1163.17075206472
1163.207954263
1163.24344849801
1163.28023476975
1163.31431307822
1163.34968342342
1163.38634580536
1163.42030022403
1163.45454667943
1163.49108517156
1163.52691570043
1163.56203826602
1163.59745286835
1163.63215950741
1163.6661581832
1163.70044889573
1163.73403164498
1163.76590643097
1163.79807325369
1163.83053211315
1163.86328300933
1163.89532594225
1163.9266609119
1163.95928791828
1163.99020696139
1164.02141804124
1164.05292115782
1164.08371631112
1164.11480350117
1164.14418272794
1164.17385399144
1164.20181729168
1164.22907262865
1164.25662000235
1164.28345941279
1164.30959085995
1164.33601434385
1164.36272986448
1164.38873742184
1164.41603701594
1164.44262864676
1164.46851231432
1164.49468801861
1164.52015575963
1164.54391553739
1164.56596735187
1164.58731120309
1164.60994709104
1164.63187501572
1164.65409497714
1164.67760697528
1164.70041101016
1164.72350708177
1164.74689519012
1164.76957533519
1164.792547517
1164.81481173554
1164.83836799081
1164.86121628281
1164.88335661155
1164.90678897701
1164.92851337921
1164.95052981814
1164.97483829381
1164.9974388062
1165.01933135533
1165.04151594119
1165.06499256378
1165.0877612231
1165.11082191916
1165.13517465195
1165.15881942146
1165.18175622772
1165.2049850707
1165.22750595042
1165.25031886686
1165.27342382004
1165.29682080996
1165.3195098366
1165.34349089997
1165.36676400008
1165.39132913692
1165.4151863105
1165.4403355208
1165.46477676784
1165.4895100516
1165.5135353721
1165.53885272934
1165.5644621233
1165.589363554
1165.61355702143
1165.63804252559
1165.66282006648
1165.6878896441
1165.71225125846
1165.73690490955
1165.76085059737
1165.78508832192
1165.80961808321
1165.83443988122
1165.85955371597
1165.88395958745
1165.90965749567
1165.93564744061
1165.95992942229
1165.9845034407
1166.00836949584
1166.03152758771
1166.05397771632
1166.07671988166
1166.10075408373
1166.12408032253
1166.14769859806
1166.17060891033
1166.19381125933
1166.21730564506
1166.24109206752
1166.26517052671
1166.28954102264
1166.31320355529
1166.33815812468
1166.36340473081
1166.38894337366
1166.41477405325
1166.43889676957
1166.46331152262
1166.4880183124
1166.51401713891
1166.53830800216
1166.56289090214
1166.58776583885
1166.61293281229
1166.63939182247
1166.66514286937
1166.69218595301
1166.71952107338
1166.74614823048
1166.77206742432
1166.79827865489
1166.82578192219
1166.85157722622
1166.87766456698
1166.90404394447
1166.9307153587
1166.95667880966
1166.98193429735
1167.00848182178
1167.03532138293
1167.06145298082
1167.08787661544
1167.11359228679
1167.14059999487
1167.16689973969
1167.19349152124
1167.21937533952
1167.24655119453
1167.27301908627
1167.29877901475
1167.32383097996
1167.3481749819
1167.37281102057
1167.39773909597
1167.42295920811
1167.44847135698
1167.47327554258
1167.49737176491
1167.52176002397
1167.54544031977
1167.5694126523
1167.59367702156
1167.61823342755
1167.64208187028
1167.66522234973
1167.68865486592
1167.71237941884
1167.7353960085
1167.75870463488
1167.783305298
1167.80819799785
1167.83238273443
1167.85785950774
1167.88362831779
1167.90868916456
1167.93504204807
1167.96368696831
1167.99062392529
1168.01685291899
1168.04337394943
1168.0701870166
1168.0972921205
1168.12368926113
1168.1503784385
1168.1773596526
1168.20463290343
1168.23219819099
1168.26005551528
1168.28720487631
1168.31464627407
1168.34237970856
1168.37040517978
1168.39772268773
1168.42533223242
1168.45323381384
1168.48242743199
1168.51191308687
1168.54069077848
1168.56976050683
1168.59912227191
1168.62777607372
1168.65772191226
1168.69195978754
1168.72548969954
1168.75931164828
1168.78842563375
1168.82283165596
1168.85752971489
1168.89151981056
1168.92580194296
1168.96037611209
1168.99524231795
1169.02840056055
1169.06285083987
1169.09659315593
1169.13162750872
1169.16695389825
1169.2005723245
1169.23348278749
1169.26668528721
1169.29717982366
1169.32696639685
1169.35604500676
1169.38641565341
1169.41707833679
1169.4470330569
1169.47727981374
1169.50881860732
1169.54164943763
1169.57477230467
1169.60718720844
1169.63889414894
1169.67189312618
1169.70318414015
1169.73376719085
1169.76564227828
1169.79780940245
1169.82826856334
1169.85901976097
1169.89106299533
1169.92239826642
1169.95302557425
1169.9839449188
1170.01515630009
1170.04665971811
1170.07745517287
1170.10854266435
1170.14192219257
1170.17259375752
1170.2045573592
1170.23581299761
1170.26536067276
1170.29520038463
1170.32533213324
1170.35675591859
1170.38947174066
1170.41747959946
1170.445779495
1170.47437142727
1170.50325539627
1170.53143140201
1170.55989944447
1170.58765952367
1170.6147116396
1170.64205579226
1170.66969198165
1170.69762020778
1170.72484047064
1170.75135277023
1170.77715710655
1170.80225347961
1170.82664188939
1170.85132233591
1170.87529481916
1170.89855933914
1170.92411589586
1170.9459644893
1170.96810511948
1170.98853778639
1171.01126249003
1171.03227923041
1171.05458800752
1171.07718882135
1171.09808167193
1171.11926655923
1171.14174348326
1171.16251244403
1171.18357344153
1171.20392647576
1171.22357154672
1171.24150865442
1171.26073779884
1171.27825898
1171.2970721979
1171.31517745252
1171.33457474387
1171.35426407196
1171.37424543678
1171.39351883833
1171.41208427662
1171.43094175163
1171.45009126338
1171.46853281186
1171.48726639707
1171.50629201901
1171.52560967769
1171.5452193731
1171.56512110524
1171.58431487411
1171.60280067971
1171.62157852205
1171.63964840112
1171.65801031692
1171.67666426945
1171.69661025872
1171.71784828471
1171.73637834744
1171.7552004469
1171.77431458309
1171.79372075602
1171.81241896568
1171.83240921206
1171.85269149518
1171.87226581504
1171.89213217162
1171.91229056494
1171.93174099499
1171.95148346177
1171.97151796528
1171.99184450553
1172.0114630825
1172.03137369621
1172.05157634665
1172.07207103383
1172.09285775773
1172.11493651837
1172.13530731574
1172.15597014984
1172.17692502068
1172.19817192824
1172.21971087254
1172.24154185357
1172.26466487133
1172.28807992582
1172.31078701705
1172.33278614501
1172.3560773097
1172.37866051112
1172.40153574927
1172.42470302416
1172.44916233578
1172.47191368413
1172.49495706921
1172.51929249103
1172.54391994957
1172.56983944485
1172.59405097686
1172.6175545456
1172.64235015108
1172.66643779328
1172.69081747222
1172.71448918789
1172.7374529403
1172.75970872943
1172.7832565553
1172.8070964179
1172.83022831723
1172.85365225329
1172.87536822609
1172.89837623561
1172.92167628187
1172.94426836486
1172.96715248459
1172.99132864104
1173.01579683423
1173.04155706415
1173.0646093308
1173.08895363418
1173.1145899743
1173.13851835115
1173.16373876473
1173.18725121504
1173.21205570208
1173.23615222586
1173.26054078637
1173.28422138361
1173.30919401758
1173.33345868828
1173.35801539572
1173.38386413989
1173.41000492079
1173.43543773842
1173.46016259278
1173.48617948388
1173.51248841171
1173.54008937627
1173.56598237756
1173.59216741559
1173.61764449034
1173.64241360183
1173.66747475005
1173.69182793501
1173.71647315669
1173.74041041511
1173.76563971026
1173.79116104214
1173.81797441075
1173.8430798161
1173.86847725817
1173.89416673698
1173.91914825252
1173.9444218048
1173.9699873938
1173.99484501954
1174.01899468201
1174.04443638121
1174.06917011714
1174.09319588981
1174.11651369921
1174.14112354534
1174.1650254282
1174.18821934779
1174.21170530412
1174.23448329718
1174.25755332697
1174.28091539349
1174.30456949674
1174.32851563673
1174.35275381345
1174.3762840269
1174.39910627708
1174.42122056399
1174.44162688764
1174.46332524802
1174.48431564513
1174.50659807897
1174.53117254955
1174.55303905685
1174.57619760089
1174.59964818166
1174.62339079916
1174.6474254534
1174.67075214437
1174.69437087207
1174.7192816365
1174.74348443766
1174.76797927555
1174.79176615018
1174.81684506154
1174.84121600963
1174.86587899446
1174.88983401601
1174.9140810743
1174.93962016932
1174.96345130107
1174.98957446955
1175.01498967477
1175.03969691672
1175.0646961954
1175.08998751081
1175.11557086295
1175.14044625183
1175.16561367743
1175.19107313977
1175.21682463885
1175.24186817465
1175.26720374719
1175.29283135646
1175.31875100246
1175.34396268519
1175.36946640465
1175.39526216085
1175.42134995378
1175.44772978344
1175.47440164983
1175.50136555295
1175.52862149281
1175.5551694694
1175.58100948272
1175.60914153277
1175.63656561956
1175.66428174307
1175.69228990332
1175.7205901003
1175.74918233402
1175.77806660446
1175.80624291164
1175.83571125555
1175.86547163619
1175.89452405356
1175.92286850767
1175.95150499851
1175.97943352608
1176.00665409038
1176.03216669141
1176.05997132918
1176.08706800367
1176.1134567149
1176.14013746287
1176.16611024756
1176.19137506899
1176.21693192714
1176.24278082203
1176.26892175365
1176.29535472201
1176.3230797271
1176.35009676891
1176.37640584746
1176.40400696275
1176.43090011476
1176.45708530351
1176.48356252898
1176.5103317912
1176.53639309014
1176.56274642581
1176.59139179822
1176.61732920736
1176.64255865323
1176.67008013583
1176.69689365517
1176.72399921123
1176.75139680403
1176.77808643356
1176.80506809983
1176.83234180282
1176.85890754255
1176.88576531901
1176.9119151322
1176.93835698212
1176.96509086878
1176.99111679216
1177.01743475228
1177.04304474914
1177.06794678272
1177.09414085303
1177.12262696008
1177.14740510386
1177.17247528437
1177.19683750162
1177.22149175559
1177.2464380463
1177.27067637374
1177.29520673791
1177.32002913882
1177.34414357645
1177.36755005082
1177.39124856192
1177.41423910975
1177.43652169432
1177.46009631561
1177.48396297364
1177.5061216684
1177.5295723999
1177.55331516812
1177.57634997308
1177.59967681477
1177.62029569319
1177.64120660834
1177.66140956022
1177.68190454884
1177.70169157419
1177.72177063627
1177.74114173508
1177.76080487063
1177.77976004291
1177.79900725191
1177.81854649766
1177.83737778013
1177.85650109933
1177.87591645527
1177.89462384794
1177.91362327734
1177.93291474348
1177.95149824634
1177.97137378594
1177.99154136227
1178.01000097533
1178.02775262513
1178.04479631165
1178.06013203491
1178.0767597949
1178.09267959162
1178.10889142507
1178.12639529526
1178.14419120218
1178.16127914583
1178.17765912621
1178.19333114333
1178.21129519717
1178.22855128775
1178.24609941506
1178.2629395791
1178.28107177988
1178.29849601738
1178.31621229162
1178.33322060259
1178.3505209503
1178.36811333473
1178.3859977559
1178.4031742138
1178.42064270843
1178.43840323979
1178.45545580789
1178.47280041271
1178.49043705427
1178.50836573256
1178.52558644759
1178.54409919934
1178.56190398783
1178.58000081305
1178.598389675
1178.61707057368
1178.6350435091
1178.65330848125
1178.67286549013
1178.69371453574
1178.71285561808
1178.73228873716
1178.75201389297
1178.77103108551
1178.79034031478
1178.81094158078
1178.83083488352
1178.85202022299
1178.87349759919
1178.89426701212
1178.91432846178
1178.93468194818
1178.95532747131
1178.97726503117
1178.99849462776
1179.02001626108
1179.04082993114
1179.06293563793
1179.08533338145
1179.1100231617
1179.13300497869
1179.1562788324
1179.17784472285
1179.20070265003
1179.22285261395
1179.24629461459
1179.26902865197
1179.29305472608
1179.31637283692
1179.33998298449
1179.3628851688
1179.38707938984
1179.41156564761
1179.43434394211
1179.45841427334
1179.48377664131
1179.507431046
1179.53037748743
1179.5536159656
1179.57614648049
1179.59796903211
1179.62008362047
1179.64249024556
1179.66518890738
1179.68617960594
1179.70746234122
1179.73003711324
1179.75290392199
1179.77506276747
1179.79751364969
1179.82125656864
1179.84529152431
1179.86961851672
1179.89423754587
1179.91814861174
1179.94135171435
1179.96584685369
1179.98963402976
1180.01271324256
1180.03708449209
1180.05974777836
1180.08270310136
1180.10695046109
1180.13048985755
1180.15432129075
1180.17844476068
1180.20286026734
1180.22756781073
1180.25256739085
1180.27685900771
1180.30244266129
1180.32731835161
1180.35148607866
1180.37594584245
1180.40069764296
1180.42474148021
1180.44807735419
1180.4707052649
1180.49462521235
1180.51983719652
1180.54234121743
1180.56513727507
1180.58922536944
1180.61360550055
1180.63827766838
1180.66324187295
1180.68749811425
1180.71204639228
1180.73588670705
1180.75901905854
1180.78144344677
1180.80515987173
1180.82816833342
1180.85046883185
1180.873061367
1180.89594593889
1180.91812254751
1180.94059119287
1180.96235187495
1180.98440459377
1181.00574934932
1181.0273861416
1181.04831497061
1181.06953583636
1181.09004873883
1181.10985367804
1181.12995065398
1181.15033966666
1181.17102071606
1181.1909938022
1181.21125892507
1181.23081608467
1181.249665281
1181.26880651407
1181.28723978387
1181.3059650904
1181.32398243366
1181.34229181365
1181.36089323038
1181.37978668384
1181.39997217403
1181.41944970095
1181.4402192646
1181.46128086499
1181.48163450211
1181.50128017596
1181.52121788654
1181.54144763385
1181.5609694179
1181.58078323868
1181.60088909619
1181.62028699043
1181.6399769214
1181.65895888911
1181.67923289355
1181.69879893472
1181.71765701262
1181.73780712726
1181.75624927862
1181.77698346672
1181.79700969155
1181.81632795312
1181.83593825141
1181.85584058644
1181.8760349582
1181.89552136669
1181.91429981191
1181.93337029387
1181.95273281256
1181.97238736797
1181.99233396013
1182.01157258901
1182.03010325462
1182.04892595697
1182.06804069605
1182.08644747186
1182.10614628441
1182.12513713368
1182.14342001969
1182.16299494243
1182.1828619019
1182.20302089811
1182.22247193104
1182.24221500071
1182.26125010711
1182.28057725024
1182.30019643011
1182.3191076467
1182.33831090003
1182.35780619009
1182.37759351689
1182.39767288041
1182.41804428067
1182.43870771766
1182.45966319138
1182.48091070183
1182.50145024901
1182.52428183293
1182.54540545358
1182.56982111096
1182.59252880507
1182.61552853592
1182.63682030349
1182.6594041078
1182.68127994885
1182.70244782662
1182.72490774112
1182.74665969236
1182.76870368033
1182.79103970503
1182.81266776647
1182.83458786463
1182.85679999953
1182.87730417116
1182.89810037952
1182.91918862461
1182.93956890644
1182.961241225
1182.98220558029
1183.00446197231
1183.02701040106
1183.04685086655
1183.06698336877
1183.08740790772
1183.1081244834
1183.12913309581
1183.14943374496
1183.17102643084
1183.19191115345
1183.21408791279
1183.23655670887
1183.25931754167
1183.28037041121
1183.30171531748
1183.32235226048
1183.34328124022
1183.36550225669
1183.38701530988
1183.40782039982
1183.43091752648
1183.45230668987
1183.47398789
1183.49596112686
1183.51922640045
1183.54178371077
1183.56363305783
1183.58477444162
1183.60620786214
1183.62793331939
1183.64995081337
1183.67126034409
1183.69386191153
1183.71675551571
1183.73994115662
1183.76341883427
1183.78518854864
1183.80825029975
1183.83060408759
1183.85424991216
1183.87918777347
1183.9014176715
1183.92393960627
1183.94775357777
1183.968859586
1183.99125763097
1184.01294771266
1184.03592983109
1184.05920398625
1184.08077017815
1184.10262840677
1184.12477867213
1184.14722097422
1184.16995531304
1184.19198168859
1184.21330010087
1184.23491054989
1184.25681303564
1184.27800755812
1184.29949411733
1184.32327271328
1184.34234334596
1184.36170601536
1184.38236072151
1184.40330746438
1184.42354624398
1184.44407706032
1184.46389991339
1184.48401480319
1184.50442172973
1184.52412069299
1184.54311169299
1184.56339472972
1184.58296980318
1184.60283691337
1184.6219960603
1184.64144724396
1184.66019046435
1184.67922572147
1184.69755301532
1184.71717234591
1184.73408371323
1184.75128711728
1184.76878255806
1184.78657003557
1184.80364954982
1184.8220211008
1184.83968468851
1184.85664031295
1184.87288797412
1184.88942767203
1184.90625940667
1184.92338317804
1184.94079898614
1184.95850683098
1184.97550671254
1184.99279863084
1185.01038258587
1185.02725857764
1185.04542660613
1185.06488667136
1185.08063877332
1185.09568291201
1185.11101908743
1185.12564729959
1185.14056754848
1185.1547798341
1185.17028415645
1185.18408051553
1185.19816891135
1185.21454934389
1185.23022181317
1185.24618631918
1185.26244286193
1185.2779914414
1185.29483205761
1185.31096471055
1185.32738940022
1185.34310612663
1185.36011488976
1185.37641568963
1185.39200852623
1185.40789339956
1185.42507030963
1185.44153925642
1185.45730023995
1185.47335326021
1185.4896983172
1185.50633541093
1185.52326454139
1185.54048570857
1185.55699891249
1185.57380415315
1185.59090143053
1185.60829074465
1185.6249720955
1185.64194548308
1185.65921090739
1185.67676836844
1185.69461786621
1185.71275940072
1185.73119297196
1185.74891857994
1185.76693622464
1185.78524590608
1185.80284762425
1185.82074137915
1185.83892717078
1185.85740499915
1185.87617486425
1185.89523676608
1185.91459070464
1185.93423667993
1185.95417469196
1185.97340474072
1185.99292682621
1186.01274094843
1186.03284710738
1186.05224530307
1186.07293553549
1186.09391780464
1186.11419211052
1186.13275845313
1186.15261683248
1186.17276724856
1186.19420970137
1186.21494419091
1186.23597071718
1186.25728928019
1186.27889987993
1186.2998025164
1186.3209971896
1186.34148389954
1186.3632626462
1186.3843334296
1186.40569624973
1186.4283511066
1186.45029800019
1186.47153693052
1186.49506789758
1186.51789090137
1186.53900594189
1186.55941301915
1186.58011213313
1186.60010328385
1186.6193864713
1186.63896169549
1186.6588289564
1186.67898825405
1186.69843958843
1186.71818295954
1186.73721836738
1186.75654581196
1186.77616529327
1186.79507681131
1186.81528036608
1186.83477595758
1186.85356358582
1186.87364325079
1186.89501495249
1186.91567869092
1186.93463446608
1186.95288227798
1186.97242212661
1186.99225401197
1187.01137793406
1187.02979389289
1187.04850188844
1187.06750192073
1187.08579398975
1187.1043780955
1187.12325423799
1187.14142241721
1187.15888263315
1187.17863488583
1187.19667917525
1187.21501550139
1187.23264386427
1187.25156426388
1187.27077670022
1187.29128117329
1187.3090776831
1187.32816622964
1187.3465468129
1187.36621943291
1187.38518408964
1187.40444078311
1187.4229895133
1187.44183028023
1187.46096308389
1187.47838792429
1187.49610480141
1187.51411371527
1187.53141466586
1187.54900765318
1187.56589267724
1187.58306973802
1187.60053883554
1187.61729996979
1187.63535314077
1187.65369834849
1187.67033559293
1187.68826487411
1187.70548619202
