0
0.000697309758960839
0.0010390071219725
0.00158814453622074
0.00268248899736885
0.00325139433458134
0.00359465041573927
0.00411475191107158
0.00495136130158609
0.00544862675922127
0.00581738970853254
0.00625792217975844
0.00664024378953276
0.00708867252636809
0.00761841494007558
0.0078292542720951
0.00808698880496213
0.00818064487221542
0.00832793409502902
0.00842824670931016
0.00837434690607255
0.00828687647445839
0.00828854584909753
0.00813232017060435
0.00771425325056867
0.00743366748505632
0.00713958955744568
0.00669608142902525
0.00598816484893811
0.00567591752073083
0.00522402710741889
0.0045263186531301
0.00393181423487392
0.00340883137696418
0.00294405292120584
0.00200043823968827
0.0013358986274472
0.000742370802208217
4.41743672736419e-05
-0.000810236275554756
-0.0014966816825464
-0.00242309746496842
-0.00317253689299745
-0.00389441729134027
-0.00464651338020713
-0.00552335953747687
-0.00628658932938307
-0.00695294505747436
-0.00765713483148375
-0.00912624689474705
-0.00962712534563144
-0.0104307937880764
-0.0114098981629055
-0.0121022934920665
-0.013222130565239
-0.0140012777054328
-0.0147417267998649
-0.015890844535082
-0.0166990687773217
-0.0173436566415512
-0.018434270260431
-0.019130386110289
-0.0198849895444157
-0.0209338899308243
-0.0214316741161138
-0.0219695932494716
-0.022570213763704
-0.0235186709257006
-0.0240238831326422
-0.0245257040848476
-0.0247203076486696
-0.0250762634350368
-0.025464620430307
-0.0259477852089753
-0.026223680483378
-0.0264305266404387
-0.0266156194229725
-0.0266107654670279
-0.0267116669356897
-0.0267376030028788
-0.0266806820954163
-0.0266721512411257
-0.0266721512411257
-0.0266054230819705
-0.0264621116711882
-0.0262733876287648
-0.0261509536036157
-0.0257117939225886
-0.0253432675206962
-0.0250578940357537
-0.024723237033905
-0.0242052471991742
-0.0238725719650049
-0.0234807122068635
-0.022882684040743
-0.0220699663791925
-0.0216662789099227
-0.0209860839746048
-0.0205463330007757
-0.019668308817826
-0.0189020112925559
-0.0181553474645605
-0.0173849999579823
-0.0163622111693543
-0.0156809204810717
-0.0148755722360963
-0.0139046431482729
-0.0130241399829426
-0.0125156995869191
-0.0116778487410518
-0.0105561809440177
-0.00980642306002998
-0.00877644378201896
-0.00808871066069022
-0.00740776210138819
-0.00639909058920496
-0.00565317615522391
-0.00525209917436367
-0.00437778575190696
-0.00364413252698
-0.00296067560742281
-0.00251166482342395
-0.0019144438539009
-0.00110334397319544
-0.000587385895990492
-0.00023425730794062
0.000164011989804298
0.000676083329198632
0.00107945007594855
0.00120894910379666
0.00192564765841288
0.00205997389653544
0.00223207101920875
0.00241388740508765
0.0024650003228798
0.00257415544331754
0.00275169858975032
0.00268862148958282
0.00270161716934936
0.00257530460995208
0.00240451758512923
0.00217290376350761
0.00206003341668262
0.00188681634132313
0.001607053938966
0.00073981079324162
0.000281970671360711
-0.000187950905002084
-0.000597883048575203
-0.00144689632599282
-0.0022051317508274
-0.00267035731847752
-0.00324857117179513
-0.00416183996510317
-0.00509475564119253
-0.00572796065886485
-0.00641659733682872
-0.00751424554579765
-0.008138723544354
-0.00894626184384049
-0.0100498960920709
-0.0107547256278104
-0.0118202102280975
-0.0126870289449822
-0.0134443356464277
-0.0147148892736617
-0.0154433672020592
-0.0161378609692326
-0.0174108621482088
-0.018300283516736
-0.0191971837045956
-0.0203239335566838
-0.0210149341813253
-0.0218181416869316
-0.0228901817332071
-0.0234833657773494
-0.0245167685120184
-0.0255598910618479
-0.0259621373355834
-0.0268212965980207
-0.0276801350870281
-0.0284332916179806
-0.0290150060216981
-0.0298183526632208
-0.0304966717826456
-0.0310279387027617
-0.0316608815112976
-0.0321195502059319
-0.0326712147260938
-0.0329245553206756
-0.0332516067947663
-0.0333911823678355
-0.0335720565766795
-0.0335720565766795
-0.0335766210304833
-0.0335743388035814
-0.0335154647621195
-0.0335200292159233
-0.033287123198524
-0.0330549329504943
-0.0327105421363425
-0.0323067509823608
-0.0319597475816217
-0.0316138422578853
-0.0311010398410039
-0.0308126531266916
-0.0304654901162484
-0.0296016912551234
-0.0291946723251126
-0.0287700293006601
-0.0278305959323116
-0.0271805957524378
-0.026493963891702
-0.0258057337129258
-0.0249367799980548
-0.0243082439786534
-0.0233664057839642
-0.0226242437341257
-0.0216605006339688
-0.0207416217608994
-0.0199961954577014
-0.018765533083076
-0.0180754043086695
-0.0169732783020316
-0.0157701894807705
-0.0150228118573243
-0.0134680782321496
-0.0128896161743142
-0.0113917458592506
-0.0105134990412415
-0.00950614772869554
-0.00824402826374462
-0.00755025250313056
-0.0061121835214433
-0.00542212509388276
-0.00448923822423533
-0.00341252372241784
-0.00282083093870213
-0.00149912128037713
-0.000871569200048846
-0.000250663777799281
0.000577382721884854
0.00160175731870808
0.00212915947735454
0.00265311019723886
0.00351607451444937
0.00420532651851431
0.00460813825432117
0.00489605092908058
0.00556502423497664
0.00627208493434382
0.00678911018729778
0.00696926455642479
0.00713190946711696
0.00748845738286682
0.00756502118416696
0.00779566210460332
0.00788042850858469
0.00823845661746938
0.00837611835220615
0.00830545936708272
0.00846939903337823
0.00830595866806685
0.00826101261690464
0.00812885881801138
0.00796530911339042
0.00774305946078545
0.00756957048869693
0.00707668013243552
0.00698437217449455
0.00684375982426342
0.0062986920597506
0.00545820418682304
0.00495259156937703
0.0046120033023308
0.00418761748469432
0.0032109117916089
0.00235240221302869
0.00171660784002995
0.000454471594653523
-0.000294701982662122
-0.00104667611312378
-0.00231073510168408
-0.00306815676405555
-0.00357950512143286
-0.00496866398543632
-0.00576604437508629
-0.00686827536523292
-0.00801759358700551
-0.00930879297103151
-0.0104483769999709
-0.0111386075880333
-0.0129080389559734
-0.0137702259663705
-0.0154434389828677
-0.0160669000975967
-0.0173310419739291
-0.0181988803722331
-0.0186587326807985
-0.0197583372822867
-0.0204667288780278
-0.0208098079085117
-0.0212089221620564
-0.0217856540443404
-0.0224194822613768
-0.023002097062868
-0.023234380381364
-0.0234567306737911
-0.0238697279448438
-0.0244332128537669
-0.024394195706222
-0.0246759519115502
-0.0250676643506171
-0.0251304541215827
-0.0251869334275649
-0.0252519134979011
-0.0252038102114101
-0.0251447169385883
-0.0250726461051296
-0.0247328861550392
-0.0243845277639851
-0.024042812097771
-0.0236426839011491
-0.0234110918685588
-0.0232433621056002
-0.0227644261228132
-0.0221288065974284
-0.0213826360750581
-0.0209491753808845
-0.0203733174455038
-0.0197800303971219
-0.0187245715536714
-0.01819906040865
-0.0176792104880192
-0.0167010093730466
-0.0158890951127224
-0.0154351993005974
-0.0147417512385659
-0.0135993922089665
-0.013197410805129
-0.01267841050419
-0.0118672798348166
-0.0110113820065496
-0.0105417827745673
-0.0100248151704389
-0.00893066301592421
-0.00835371623390213
-0.00788868683795341
-0.00738018589374817
-0.00663181632216151
-0.00584861798031356
-0.00544234515551864
-0.00498254205843133
-0.00441036945019659
-0.00337070176023513
-0.00314544100030814
-0.00286015219168028
-0.0025154617029966
-0.00198827530282581
-0.00147262751809592
-0.00110380174006199
-0.000765632336727602
-0.000646771791707255
-0.000355188663824308
-0.000297265041846239
-0.000130033845726526
-7.61095867458886e-05
-1.73258131664639e-05
-0.00024202077077547
-0.000246438431585523
-0.00019798753162236
-0.000202230358126642
-0.000319423911682382
-0.00049931487679215
-0.000661155605595411
-0.000947427528510863
-0.00118037546351258
-0.00152587838949262
-0.00191396783648817
-0.00227454387640556
-0.00267519936260033
-0.00301791330035719
-0.00348213224745127
-0.00393647464921005
-0.00433928854219826
-0.00491890791427664
-0.00534743571654947
-0.00596810224243067
-0.00670772737958482
-0.00709094275199174
-0.00729775496034642
-0.00815573900588169
-0.00879179427599809
-0.00930901607455637
-0.00996669002305345
-0.0109019768735178
-0.0113833276898892
-0.0120618057052679
-0.012823615245683
-0.0136915838751792
-0.0143217047270876
-0.0148930865707484
-0.0158756748689679
-0.0164972892065271
-0.0170814341212928
-0.0175354137066911
-0.0183990272834143
-0.0190331287022032
-0.0195009315924204
-0.0201120948058439
-0.0203664260434551
-0.021058770622383
-0.0214274963066593
-0.0219840597701508
-0.0222781860571669
-0.0226274671839371
-0.022974910575661
-0.023124323340974
-0.0234219695837004
-0.0236057038077606
-0.0238746372999718
-0.0242300319768119
-0.0242935019665871
-0.0243521538770852
-0.0245285564358391
-0.0247021963660048
-0.0247000427917099
-0.024635683835081
-0.0245943382647419
-0.0246594651377064
-0.0247096270379834
-0.0247096270379834
-0.0246503135796476
-0.0245212609675532
-0.0245885362301942
-0.0243648256596503
-0.0240608104904323
-0.0238452709303978
-0.0234773493577339
-0.0231381643681349
-0.0228605665554224
-0.0224048431006386
-0.021998909203075
-0.0213156561627532
-0.0206069736768594
-0.0200941996156755
-0.0195797301642499
-0.0188803510571855
-0.0182551021103228
-0.0178814662395517
-0.0168171884541219
-0.0161017544216597
-0.0153106823255026
-0.0145689454448397
-0.0139289924930258
-0.0127718012234471
-0.0121428014703703
-0.0116229253070816
-0.0107780530137279
-0.00996828918778749
-0.00944407442440224
-0.00886252530850352
-0.00811038488327976
-0.00736229226945041
-0.00690858512144597
-0.00650251448980035
-0.00574641500090184
-0.00523603891335304
-0.00467593911906632
-0.00433554529051874
-0.00408670245829803
-0.00349808048383615
-0.00262638679159172
-0.00229065923173245
-0.00188546525252765
-0.00137258586551269
-0.00101437173450701
-0.000388867900774908
6.03956700164039e-05
0.000422727291079648
0.000643680605283355
0.00088049454042233
0.00116080031688679
0.00151901444789248
0.00168637757674133
0.001789843697591
0.00218464857996633
0.00225032685354709
0.00220566966526354
0.00223796780105124
0.00236172489977562
0.00224433011788129
0.00202726921278231
0.00179393898237618
0.00127540513601609
0.00104415032809006
0.000816464863155411
0.000525683518014906
0.000226194234045584
-0.000337680470142619
-0.000978004337936521
-0.00155902881336669
-0.00190226302479971
-0.00242358121620455
-0.00310799295559669
-0.00374737315525988
-0.00420918796003168
-0.00461129138417397
-0.00558721475368047
-0.00594909572042564
-0.00668373724954603
-0.00702267515034917
-0.00741831392501683
-0.00815978749583273
-0.0089164832269248
-0.00932682894713337
-0.00972652200925974
-0.0106384844816989
-0.0115139823166033
-0.0119174275256795
-0.0127151065763282
-0.0135843369057604
-0.0142774418758438
-0.0148500465825563
-0.0156515997604847
-0.0165887073928562
-0.0169361206863918
-0.0175634345541431
-0.0184243546344572
-0.0190292596487934
-0.0197093036736053
-0.0203872095304163
-0.0213053091314507
-0.0220678360039119
-0.0228677181990343
-0.0234456309092285
-0.0243117792175983
-0.0250029361848726
-0.0256897140915012
-0.0264417022163736
-0.0270241635485715
-0.0276532050356169
-0.0281683357941433
-0.0283445774078948
-0.0285174277280855
-0.0285131011403095
-0.0286318796404405
-0.0285763582739548
-0.0285199064629323
-0.0285060473004089
-0.0281283535788457
-0.0276100372337263
-0.0272662527033633
-0.0272044788932208
-0.0269743624175563
-0.0264509976347515
-0.0257571241457643
-0.0252991892893781
-0.0249368030832952
-0.0246630415503232
-0.0241505284931854
-0.0233971432482391
-0.0229365048275903
-0.0222894514098963
-0.0218423112428104
-0.0211455192548967
-0.0204524862689954
-0.0196508492853476
-0.01914419632506
-0.0185145726023621
-0.0172221920527029
-0.0167683858251673
-0.015780234422495
-0.0148152134593272
-0.0142953171589241
-0.0134708671342677
-0.0122707724030731
-0.0117489171458937
-0.0109360364568837
-0.00984985150611569
-0.00944739204784445
-0.00863002932399784
-0.0075392324853629
-0.00702647948973142
-0.00645428382530783
-0.00565772812037604
-0.00485387999448083
-0.00432481818883414
-0.00409174285178274
-0.00340904386981495
-0.0026567943792865
-0.00219946302663202
-0.0017887791866085
-0.00161131592815575
-0.00108855516736247
-0.000799374726388067
-0.000168609534117996
0.000115277688914758
0.000404603224532482
0.000627203691844694
0.000793590608302968
0.000979570720744611
0.0011957199768254
0.00149011999551612
0.00156744748273626
0.00167920542817953
0.00184925847775719
0.00201746290867165
0.00185490875202087
0.00169127477731195
0.0016562847793273
0.00166093770548728
0.00135933336129753
0.00112684553346612
0.00101113953396696
0.00083672145452772
0.000606911779142159
0.000376646415376059
3.15911752507588e-05
-0.000530955781639134
-0.000931469389295598
-0.00163848432628136
-0.00191804944902816
-0.00231308887974154
-0.0030447772377701
-0.0037443847815847
-0.00425614242397761
-0.00460398148660534
-0.00559513276469864
-0.00592105066574243
-0.00653183650737663
-0.00691813733079333
-0.0075702535198814
-0.00817321281354774
-0.00874367141141266
-0.00921608843784182
-0.00967960482815897
-0.0103647884496041
-0.0110605281517613
-0.0115782236344788
-0.0121023859078494
-0.0126735734811881
-0.0133572555339884
-0.0141140857357727
-0.0145738391682793
-0.0154308294300586
-0.0160069888143246
-0.0165884245507276
-0.0174109310092539
-0.0181386278305543
-0.0185277302604419
-0.0188369304176952
-0.0194752933822299
-0.0199560899881082
-0.0204817190108701
-0.0209172613629244
-0.02122141456829
-0.0216619076385642
-0.0220264890324784
-0.0224440663641942
-0.0226048077832316
-0.0228269152789381
-0.0229557514798801
-0.0229317296583748
-0.0229398167516198
-0.0228460459450435
-0.0228249269190719
-0.0226665024105243
-0.0226778236259138
-0.0224049341104253
-0.0220520113813871
-0.0218081686879389
-0.0216340006534029
-0.0213403755131773
-0.0210035478716094
-0.0208485709284138
-0.0204638438001308
-0.0203793258448965
-0.0199709641017605
-0.0196699460667481
-0.0195408120638083
-0.0191509669279197
-0.0189119003503701
-0.0183468915974748
-0.0181184295386259
-0.0174985676435098
-0.0170875215453538
-0.01680391708676
-0.016351955439263
-0.0159375837800777
-0.0150572965397044
-0.0146081002674803
-0.0142600441024533
-0.0133303695106702
-0.0124669606473949
-0.0119570906106707
-0.0114890063591791
-0.01046360687675
-0.00971174429069978
-0.00917466230071161
-0.00837187060592447
-0.00729074375357795
-0.00700478681332614
-0.00643300577816757
-0.00508794635628994
-0.00462998774131292
-0.00411940691775011
-0.00376651959324214
-0.00315406953012532
-0.00234514909962447
-0.00198856433683419
-0.00164050876292871
-0.00135919421703436
-0.000894540906660592
-0.000524993164828669
4.29881955331021e-05
0.000264495354226866
0.000476723615911365
0.000535473189976949
0.000723732634280747
0.000905036911184378
0.00107890846262081
0.00125043999838531
0.00160048151720175
0.00177143380904624
0.00187033270856232
0.00211674030496939
0.00223200205837071
0.00246922783715732
0.00248532948103275
0.00238747946285224
0.00251891293267945
0.00245585572567179
0.00239960010010924
0.00239722137454578
0.00237099046880325
0.00210096934061878
0.00192583951269205
0.00165188221689062
0.00130082914729411
0.000844375268983283
0.000737087705859505
0.000270938512302564
-0.000137361097014584
-0.000546612854524975
-0.00135299299784137
-0.00180770349421448
-0.00261934543684261
-0.00297511218803218
-0.00401784151542439
-0.00433019320609668
-0.00514521321600756
-0.00561586103596801
-0.00631039072749177
-0.00705652275313619
-0.00769587195334494
-0.00826229740527779
-0.00882834798703262
-0.00957966201549111
-0.0101547966975706
-0.0107027451763781
-0.0111375626703475
-0.0117208180552361
-0.0123357048317562
-0.0129825085660753
-0.0134566438264044
-0.0138461397356147
-0.0145416444563448
-0.0149944293479841
-0.0153136439507804
-0.0159338554758363
-0.0164457160312211
-0.0169104610395518
-0.0173201190099247
-0.0179433635856122
-0.0184143558328275
-0.0186935699234176
-0.0190537116514734
-0.0193860798302062
-0.0196848454595323
-0.0201932716273578
-0.0207077224069665
-0.0208253573384903
-0.0210403217946825
-0.0212373752199699
-0.0214516033585564
-0.0215266056309887
-0.0217374628012577
-0.0219756359462129
-0.0221509586086882
-0.0217803976018006
-0.0217803976018006
-0.0217434324259162
-0.0217621838206129
-0.0218351756754689
-0.021520097429934
-0.0214052269904679
-0.0213626923309124
-0.0212334667560251
-0.0211321658857569
-0.0210119072237169
-0.0209460450743074
-0.0207714526832101
-0.0207009594715669
-0.0204820648722806
-0.0200641179988873
-0.0199072016414281
-0.0196785996889333
-0.0196843952105526
-0.019351967014635
-0.0188747780798054
-0.0186573087679191
-0.0183499018409803
-0.018177602808269
-0.0178893767475687
-0.0174253186922341
-0.0171989702774576
-0.0167750937720821
-0.0163364712545568
-0.016107141193393
-0.0158816182651962
-0.0157730822560452
-0.0153001943032317
-0.0149901685348687
-0.0143684657732288
-0.0140215387396341
-0.0137377005328902
-0.0134420067825998
-0.0132823841484813
-0.0132993729942874
-0.0130414982128571
-0.0127456529546261
-0.0124604187183747
-0.0123463028760225
-0.0121237172495201
-0.0117755238170272
-0.0116499409922104
-0.011425232723387
-0.0113135675942106
-0.0112536556615265
-0.0110788110352535
-0.0110266678161325
-0.0109252837193807
-0.010840637788101
-0.010744103872578
-0.0107355608097196
-0.0106464296048091
-0.0105044424388963
-0.010447319863496
-0.0101242708873302
-0.010057899940402
-0.00999877592186071
-0.00989334276394286
-0.00994697939326696
-0.00988423681308439
-0.00965228319980918
-0.00971066304241712
-0.00953694132935923
-0.00967011996037338
-0.00949631170045745
-0.00966141954130593
-0.00977601623149039
-0.0100127819423466
-0.0101266570239576
-0.0102397584553779
-0.010334878524671
-0.0105226913340017
-0.0108097258515045
-0.0109984963602068
-0.0113396000242252
-0.0112014604236171
-0.0114854063990585
-0.0117704643654582
-0.0121251406677676
-0.0125303265361142
-0.0127064956743145
-0.0128178215864826
-0.0129904017540129
-0.0131068355102202
-0.0131068355102202
-0.0131662609847326
-0.0133405084350837
-0.0133966875791382
-0.0133966875791382
-0.0134580700528222
-0.0134580700528222
-0.0134580700528222
-0.0135756594636043
-0.0139866907136648
-0.0139939233944764
-0.0136840063131679
-0.0139720621467785
-0.0142002811835702
-0.0142579710906725
-0.0144905760200832
-0.0144874255517169
-0.0146586933418832
-0.0148915983716825
-0.0152942039526854
-0.0153510790095604
-0.0154120274025111
-0.0155270782895168
-0.0155860488985653
-0.0155849969254171
-0.0155883311254672
-0.0156439675344656
-0.0156439675344656
-0.0156439675344656
-0.0154845955917108
-0.0154822490332695
-0.0153576441536787
-0.0151853782072548
-0.0150838135880577
-0.0146045541632958
-0.0143187461298131
-0.0137623995382554
-0.0134714726121901
-0.0133581914897534
-0.0131274844673072
-0.0126673735010766
-0.0124864981263523
-0.0116266103567933
-0.0111104054958787
-0.0108822329662227
-0.0107667968521214
-0.0106479608555158
-0.0103006730427501
-0.00995608673455519
-0.00962340330136351
-0.0093256708345556
-0.00869944472029973
-0.00852873502782475
-0.00840104115391227
-0.00829111056164887
-0.00823046505850629
-0.00823386427536361
-0.00811820288610918
-0.00804222934906906
-0.00798339143840584
-0.0076634812037394
-0.00725701057046586
-0.00719537993772752
-0.00696365269165454
-0.00684722046480476
-0.00659728756067349
-0.00673272988729072
-0.00661296956318624
-0.00677552714281921
-0.00712446784633211
-0.00730150944581138
-0.00722767514814405
-0.00720374124140639
-0.00668052340808333
-0.00632190643578964
-0.0061017103158926
-0.00604738370279165
-0.00587178092293478
-0.00575921925470092
-0.00546314807678901
-0.00535445353457099
-0.0051815263555113
-0.00484192371971124
-0.00443968806689215
-0.00420653930665085
-0.0040354030309568
-0.00385963068364975
-0.0038012128027475
-0.00374509581270339
-0.00351566934333975
-0.00345040206946458
-0.00345040206946459
-0.00339010022481504
-0.00337248568544494
-0.00327608859029327
-0.00322029821108647
-0.00316209031576755
-0.00309845083495305
-0.00308698968590504
-0.00310911039622544
-0.00297708518305632
-0.00298134533241882
-0.00287539799090624
-0.00282154479068714
-0.00275545531533092
-0.00280957671423166
-0.00267874901553476
-0.00268489088937362
-0.00263657140976211
-0.00292058483577864
-0.00302924611276096
-0.00291734631193461
-0.00304387727124316
-0.00339997968580308
-0.00355252149050731
-0.0037365721069654
-0.00418692610648163
-0.00471743485671325
-0.00523548629850738
-0.00552780036649138
-0.00591483432588928
-0.0061526823435754
-0.00672243105878739
-0.00737080719169357
-0.00774718732396243
-0.00820693952985781
-0.00844188519542968
-0.00908929969832271
-0.00981954187722176
-0.0104457896636731
-0.0107842726490164
-0.0109514520744587
-0.0114997465299419
-0.0124396549865676
-0.0128414666731353
-0.0133616465955356
-0.0135307555417065
-0.0139183658240427
-0.0148439900832993
-0.0153467475373858
-0.0157577456719816
-0.0160495304555643
-0.0164642026130279
-0.017259995690245
-0.0177168876014335
-0.0181855379048113
-0.0185741692354955
-0.0189228410701762
-0.0196821350998449
-0.0203230505216727
-0.0206633446485927
-0.0208909641628826
-0.0211867890964387
-0.0214756366305933
-0.0217586827028839
-0.0221063931278541
-0.0225666395092916
-0.0227391060265767
-0.0230832554798256
-0.0232018713037008
-0.0233736237595025
-0.0233707952084996
-0.0235560083777813
-0.0234536889988544
-0.023490699149808
-0.023490699149808
-0.0234875652702657
-0.0234951444692047
-0.0234806322566688
-0.0234913719264736
-0.0232653248630485
-0.0233078650784194
-0.0232682300812386
-0.0231332350636292
-0.0230323908597479
-0.0228373336711779
-0.0225071929065576
-0.0222114094512128
-0.0221003582397442
-0.021760823334734
-0.0215869980874708
-0.0212414810496851
-0.0207835554699786
-0.0205572106077774
-0.0199736372713731
-0.0193989847368712
-0.0190497004461795
-0.018605066686412
-0.0178566359928712
-0.0173467161409411
-0.017036907215425
-0.0164096771267981
-0.0157234162836998
-0.0149696463906586
-0.0144950169064272
-0.0139232557886512
-0.0134184562459206
-0.0125343446104343
-0.0119158130791595
-0.0114553965964481
-0.0108088311395613
-0.010189587392209
-0.00971346432829408
-0.0093092908292476
-0.0089061021316704
-0.00855656190529929
-0.00804333896043219
-0.00742203254411238
-0.00725343532011766
-0.00714394748978153
-0.00697348995887416
-0.00632749162361872
-0.00617451199995349
-0.00569507730711814
-0.00529046670598607
-0.00483144874252203
-0.00481881674429038
-0.00436385515628723
-0.00415150411548577
-0.0039709670795996
-0.0034581562285749
-0.00321901536810975
-0.00291738099349752
-0.00246355561465446
-0.00230327321684401
-0.00218257737180978
-0.00212181310106956
-0.00190434650834494
-0.00173427413404991
-0.00196386165745473
-0.00190261428477656
-0.00161854155112881
-0.00162555960666927
-0.0017398065022711
-0.00179686002989072
-0.0018556399929769
-0.00207121843351437
-0.00230377908780022
-0.00276474549936794
-0.00327816964053563
-0.00368972259352673
-0.00416127582388223
-0.00452250386112649
-0.00483570556155338
-0.00516588199940506
-0.00587495949240422
-0.00621719902347803
-0.00668300555286835
-0.00708786827088311
-0.00728882538165878
-0.00755968851318671
-0.00818048239189955
-0.00875215374860622
-0.00898981222474678
-0.00933558448297983
-0.00956874615426607
-0.0098639830005161
-0.0102104096535081
-0.0106035730803609
-0.0111805523515449
-0.0115830801022829
-0.0118145866116394
-0.0120973208303886
-0.0123815919906004
-0.01273423029835
-0.013258031805623
-0.0138342483010019
-0.0141777075191507
-0.0146570836909621
-0.0149088028967869
-0.0153427287736208
-0.0160266431869737
-0.0164969265392914
-0.0168833432549176
-0.0172868312288973
-0.0176315765445815
-0.0181093067667584
-0.0187927031707294
-0.0190285574095542
-0.0193620017405616
-0.019589418958098
-0.0197636142120023
-0.0198184990652068
-0.0199328831066043
-0.0199918002102395
-0.0199961395204937
-0.0200526398877461
-0.020110803093702
-0.0199961395204937
-0.0201309327969897
-0.0199384664473613
-0.0199384664473613
-0.0197715348484032
-0.0195524765135282
-0.0193028653685116
-0.0193093743338929
-0.0192499931678098
-0.0191331139953896
-0.0189053439583971
-0.0187319800016622
-0.0184445775248899
-0.0182161304786601
-0.0179884592643504
-0.0177611948454309
-0.0175326440387206
-0.0174719444737181
-0.017363410613557
-0.0170580968846076
-0.0169987779788812
-0.0169560520548478
-0.0165359233462083
-0.0160821360434595
-0.0157379095519277
-0.0151575902244053
-0.0148680498674187
-0.0146363059846193
-0.0142910543449778
-0.013773294700173
-0.01332093168122
-0.0128018758532571
-0.0122788487301939
-0.0121051799037851
-0.0118101257327372
-0.0114718083933553
-0.0112415952008822
-0.0105921947559902
-0.0101967782194764
-0.0098268304730759
-0.00959998951631147
-0.00941832013939469
-0.00933941819121566
-0.00921677703571432
-0.00910152264615996
-0.00909878492755637
-0.00910312423781058
-0.00915570984359212
-0.00938698501163775
-0.00950841550693505
-0.00950407619668083
-0.00950407619668083
-0.00951098537419148
-0.00950652731918053
-0.00950871305534926
-0.00933852632220012
-0.00921923431563859
-0.00898785410906996
-0.00887456828080638
-0.00882010927117288
-0.00853189112516956
-0.0083917914033094
-0.0083861210627773
-0.00802927717471297
-0.00796937060969839
-0.00785151561001978
-0.00796241109029279
-0.00773293909588884
-0.00791238782484026
-0.00774171855888859
-0.0077357348723004
-0.00808024602936478
-0.00819840406317002
-0.00842301929460178
-0.00871248184273217
-0.00871021569816063
-0.00899778609318829
-0.00917010105248229
-0.00933683845947799
-0.00950543123999363
-0.00955417431801292
-0.0101176968374741
-0.0101006008537679
-0.0100447411913909
-0.010323597842612
-0.0103784104259022
-0.010787718199126
-0.0110713078288812
-0.0112989069217465
-0.0113592205766505
-0.011531729355774
-0.0117548407618114
-0.0118153381136696
-0.0120524579038966
-0.0121075164331523
-0.012161862988246
-0.0123413011369605
-0.0126315471534831
-0.0132830891487267
-0.0135443094604629
-0.0141193156419681
-0.014008728135208
-0.0143752252346054
-0.0144423444893067
-0.0147393395310623
-0.0147937767429963
-0.0149604601718894
-0.0152436819352166
-0.0155848741446676
-0.0157934930617725
-0.0160280057757309
-0.0160459960571141
-0.0162740669542193
-0.0163919414250723
-0.0164504866922729
-0.016449889596228
-0.0163383098465898
-0.0163350468122158
-0.0161631005922539
-0.0158445707619113
-0.0158601711623681
-0.015780054185518
-0.0154782971262701
-0.0151382747232194
-0.0148610116954739
-0.0146590887637499
-0.0145339451735264
-0.0143704681234258
-0.0143022246403624
-0.014187093990188
-0.0141284126766655
-0.0140215515408657
-0.0137790706971145
-0.0136101045514518
-0.0134859047016831
-0.0134291857779814
-0.013281798822345
-0.0131251189612604
-0.0128672785805634
-0.012768740694606
-0.0125458186069794
-0.0125468110660316
-0.0119642503454075
-0.0117951737876166
-0.0116498865478059
-0.011476069871211
-0.0112431333214389
-0.0107243438185357
-0.0106763210242774
-0.0102222514059004
-0.0097099395049548
-0.00949568811153928
-0.00924295129400155
-0.00890034571707301
-0.00849850345742192
-0.00810448891515721
-0.00763685018342384
-0.00723606335241408
-0.00706428114371276
-0.0068792504254892
-0.00677772459530397
-0.00655753622753487
-0.00644345214127646
-0.00620440336365497
-0.00597814501666421
-0.00575212876016206
-0.00557376155469139
-0.00552455319301338
-0.0054005308186682
-0.00546465744857765
-0.00539515744417534
-0.00524039153734181
-0.00533929327950415
-0.00539904475533176
-0.00546344193763604
-0.00529266751501433
-0.00529792468058724
-0.0053491367738948
-0.00529108539586884
-0.00517787340098043
-0.00518764565128017
-0.00531834424062873
-0.00490237783065503
-0.00494059741320611
-0.00499375336254755
-0.00500580783056685
-0.00494436298145968
-0.00493636503681073
-0.00494773072221277
-0.00487776571972415
-0.00506631946496841
-0.00506631946496841
-0.00519353310798793
-0.00540177949417071
-0.00556934462054677
-0.00579781007940818
-0.00592073988692725
-0.00632520923006373
-0.00667891308669526
-0.00674085925679398
-0.00714791333835055
-0.00736975783913215
-0.00742973311587871
-0.00789334847648216
-0.00829521748779041
-0.00863722984536351
-0.00891829538354342
-0.00931810933413894
-0.00949573668315123
-0.00988557094353958
-0.0101124197430887
-0.0103514635091098
-0.0106506499279736
-0.0107713953722758
-0.0108872717311027
-0.0110546501769104
-0.0112310299185247
-0.0114005238072207
-0.0117338226432573
-0.0118607721547629
-0.0120353265102034
-0.012554372227338
-0.0127542088399719
-0.0129113973798259
-0.0131403704226116
-0.0132508227979788
-0.0133668537806191
-0.0134774888538639
-0.0137033527735468
-0.0138763040883814
-0.0140064332140814
-0.0142900886417905
-0.0144031771450782
-0.0146228628055201
-0.01496983620218
-0.015105774811091
-0.015327624794049
-0.0155452840835795
-0.0156658417724537
-0.0156767713165131
-0.0158415685553243
-0.0159614055096472
-0.0159402726607778
-0.0159094900723337
-0.0159119331349086
-0.0159597672737933
-0.0158912506895023
-0.0158984351179066
-0.0159699717379606
-0.0159027688595705
-0.0160212275776642
-0.0160781484851268
-0.016080575463099
-0.0161391922734863
-0.0161883322520646
-0.0164166149205831
-0.0164792121868067
-0.0165438344602397
-0.0165316840655314
-0.0166563661303524
-0.0166493503344561
-0.0170356947284757
-0.0170039697656742
-0.017001739455216
-0.0168827804369222
-0.0171155991120523
-0.0171183045160047
-0.0172959617274858
-0.0173484349534592
-0.0174185549759326
-0.0174216700210337
-0.01753621492893
-0.0175284190193877
-0.0173411394917214
-0.0175322809095624
-0.0174676239306476
-0.0174190707588593
-0.0172435375696737
-0.0170664013228863
-0.01706285961371
-0.0169554591788456
-0.0172133866817326
-0.0170113714338327
-0.0167686193509153
-0.016839598970927
-0.0167813563356147
-0.0168957489392766
-0.0168392632399253
-0.0168931310192114
-0.0168934666999235
-0.0168270644806673
-0.0168912631195487
-0.0167721575886888
-0.016814465196132
-0.0168286410474623
-0.0167196481948501
-0.0164937615803886
-0.0164958280606205
-0.0165422713913318
-0.0162559459629317
-0.0161407834703164
-0.0164132446686919
-0.0159907525266261
-0.0157943583101943
-0.0157979263985395
-0.015565216249103
-0.0154486015358169
-0.0153350785179958
-0.0148661974572552
-0.0148103142915504
-0.0145107403681941
-0.0142266379245755
-0.0139966411060521
-0.0139464061806108
-0.0136526997446103
-0.0135912459489837
-0.0135408461242048
-0.0134297365062608
-0.013422793329586
-0.0134274221140359
-0.0133109829360019
-0.0134795673064425
-0.0132957100018728
-0.0131439692362812
-0.0132048610619231
-0.0130907141820081
-0.0130340595132238
-0.012921217898757
-0.0126945936217974
-0.0126358819898489
-0.0126922912048582
-0.0124623161074106
-0.0123409068988835
-0.0121024754229992
-0.01187827455832
-0.0117013638140024
-0.0115252979248965
-0.0113158509210159
-0.0111434142949312
-0.0110453730710022
-0.0108671949044371
-0.011174519898148
-0.010639891851548
-0.0106238339550755
-0.0105146069543721
-0.0105783411248872
-0.0105239594831791
-0.010531230608004
-0.0105013525851211
-0.0105215093317758
-0.0105548101570252
-0.0105485420403365
-0.0106216178569507
-0.0107302902506113
-0.0107997078147651
-0.0108772481120707
-0.0109033103491745
-0.0108749872042148
-0.0109647895343896
-0.0109624912249371
-0.0109735919442332
-0.0114172940404669
-0.0109432401782925
-0.0109662238345008
-0.0109708847849421
-0.0109401668305143
-0.0108833502069002
-0.0108226424022729
-0.0107646794521906
-0.010759986335308
-0.0105307410555672
-0.0104062130365662
-0.0102972989698912
-0.0101953761548968
-0.00994830474459612
-0.0100053081876041
-0.00971893482992556
-0.00971941721262922
-0.00960659252725341
-0.00953802391009995
-0.00949053298250885
-0.0095680256949886
-0.00936695919896391
-0.00932523672616363
-0.00932108250929027
-0.00915895858721482
-0.00937209490952863
-0.00928088688532504
-0.00921700430652101
-0.00926802965205092
-0.00927068386328807
-0.00926120644780043
-0.00926833090304076
-0.00909082016330751
-0.00920757552478427
-0.00904439073134994
-0.00904408428549367
-0.00886426236997159
-0.00886286825415429
-0.00874111708523595
-0.00857044007975335
-0.00871690553750626
-0.00840921876702535
-0.00834074976730792
-0.00817934676015915
-0.0080610671524727
-0.00771051160575122
-0.00759490449339954
-0.00748034102416698
-0.00720392687790457
-0.00731040418729113
-0.0075463829926892
-0.00766344927638773
-0.00800860289251986
-0.00818133596595431
-0.00835452049129692
-0.00834855182925164
-0.00846967001123579
-0.00845809805011117
-0.00851006936300601
-0.008577408385336
-0.00886007144199746
-0.00870013064652157
-0.00894036586631825
-0.00940588156715368
-0.00992190838307361
-0.010320174546431
-0.0106716297292672
-0.0109587317714803
-0.0111328317535329
-0.0113896306137967
-0.0121546164800605
-0.012729201246821
-0.0130208356745216
-0.0131957789367657
-0.0132522301854673
-0.0132453835047616
-0.0131775945214958
-0.0131264113260263
-0.0128959199146998
-0.0127868265528799
-0.0127686197963366
-0.0121696015549785
-0.0119318097483346
-0.011525834398997
-0.0112709174303714
-0.0111147003900406
-0.0108346392235113
-0.0107671630007805
-0.0104933862594876
-0.0102669036591532
-0.00958043105781924
-0.00922626665268205
-0.00913009210179185
-0.00870400130321229
-0.00858696137157213
-0.00812652582334423
-0.00807181141264937
-0.00766984509303158
-0.00726309666142462
-0.00693074906846073
-0.0066919661980983
-0.00619892379797236
-0.00608492406063113
-0.00589433642662469
-0.00560031499330664
-0.00522151423288125
-0.00451375278359632
-0.00424406543317331
-0.00383945415142647
-0.00354821292687282
-0.00329799412519236
-0.00309151237974055
-0.00289264396675163
-0.00273989476578532
-0.0023828309994366
-0.00233979127865321
-0.00228942137448008
-0.00240109408865238
-0.00236751637297816
-0.00243948150886519
-0.00270611392916624
-0.00286674012358676
-0.00262525737535674
-0.00277480108313145
-0.00295865491814923
-0.00314341655961717
-0.00335924523888273
-0.00355165173392774
-0.00365932647694388
-0.00393875163737068
-0.00423939782464946
-0.00476233778443203
-0.00521322085076916
-0.0054345492272585
-0.00572011958689813
-0.00587124095980504
-0.00610753851779012
-0.00629507042641528
-0.00685983477985688
-0.00739454596120588
-0.00801662924009238
-0.00845986720641927
-0.00862025504415917
-0.00907552488462503
-0.00989315289630453
-0.010285603502456
-0.0108728441813986
-0.0112228815231102
-0.0118640689319346
-0.0127652188291535
-0.0131778877988285
-0.0136422537475242
-0.0138570618758665
-0.0150140175226865
-0.0154599177641423
-0.015915902484529
-0.0163246590197148
-0.0169482162426171
-0.0177601312452499
-0.0182299815070782
-0.0187887341837405
-0.018996498681483
-0.0194890363867281
-0.0201231223412986
-0.0205954844338339
-0.0210038738517601
-0.0211103718848197
-0.0213390141948297
-0.0217401696701407
-0.0220936246013779
-0.0224439003458963
-0.022848997793164
-0.0231398501574926
-0.0235415828466405
-0.0237115110773173
-0.0238352833227614
-0.0242450646938084
-0.0245137995252167
-0.0246883165497369
-0.0251518179758844
-0.0253084861034959
-0.0254534799908813
-0.0255139926139113
-0.0256276019896609
-0.0255722052302505
-0.0255104008906673
-0.02527858325504
-0.0248760101866239
-0.0248734568867078
-0.0247035383551763
-0.024416379623031
-0.0241194812581973
-0.0240657996661544
-0.0235996446394755
-0.0232408361174473
-0.022783080940648
-0.0222066362643175
-0.0218151638122978
-0.0213323473063826
-0.0207671046958357
-0.0201968887622234
-0.0197825064171684
-0.019022899337541
-0.0185424636533012
-0.0179693218833757
-0.0173410916629307
-0.0169836265124766
-0.0164148674866816
-0.0159643726743294
-0.0154939241036836
-0.015028419053665
-0.0145713119596729
-0.0140373901512644
-0.0137549859635206
-0.0130708159385655
-0.0123658740879279
-0.0118636069384267
-0.0113415069440381
-0.0104628297735788
-0.00995564403712224
-0.00958067376902728
-0.00887291801871382
-0.00792843425578976
-0.00736424331958281
-0.00678214401076269
-0.00626494862773698
-0.00534872410259178
-0.00499200580857337
-0.00430179261607003
-0.00372603277529854
-0.00321064061532621
-0.00246047121449551
-0.00200850329800963
-0.00177493022123725
-0.00126235492725146
-0.000852504289442338
-0.000569457904224061
-0.000337658282940876
-0.000106834695235851
0.000181211168380698
0.000219680980290466
0.00012621263789779
7.36088184829851e-05
-0.000107477844995975
-0.000338452051018338
-0.000455787362596609
-0.000742912317894786
-0.00108693375769319
-0.0010890390907318
-0.00126480448498964
-0.00149149759805123
-0.00160676214772836
-0.00183933419328423
-0.00195399652451755
-0.00224589163025417
-0.00260378325412862
-0.00288698885981017
-0.00328554075955015
-0.00356351904603942
-0.0040262884891645
-0.00441582296036347
-0.00444867419325488
-0.00461530773216972
-0.0049038703100689
-0.00542687918754172
-0.00593238433970852
-0.00628005605969651
-0.00687364056401139
-0.00727050420987415
-0.007843154830306
-0.00853437318096059
-0.00908826746461747
-0.00960890894464768
-0.0100796813275245
-0.0110137331409365
-0.0116970829752278
-0.0122751535106756
-0.0127412449216169
-0.0138913019132573
-0.0144565919235349
-0.0148833881698351
-0.0153508470156843
-0.0163325605622553
-0.0167820529155548
-0.0171913265228977
-0.0175934606937835
-0.0179403967459748
-0.0186348539050408
-0.0191051537762398
-0.0193495181624396
-0.0194458159643269
-0.0197168248662721
-0.0197842490023071
-0.0200743116929987
-0.0201332287966339
-0.0201892223474627
-0.0202973769552896
-0.0202370440942066
-0.0205355537340618
-0.0205508538872429
-0.020854718257416
-0.0206060017854837
-0.0209433641567554
-0.0211784167667718
-0.0212961112985472
-0.0213419246805366
-0.0212868828247077
-0.0212169166005602
-0.0211682329365784
-0.0208761103711412
-0.0208262995257526
-0.0204808844515746
-0.0204180827034368
-0.0203096987313539
-0.0200670106652717
-0.0200195397273662
-0.0197861043042017
-0.019667614125455
-0.0193930594538812
-0.019048277438654
-0.0185608541964789
-0.0178679301630074
-0.0176838972702803
-0.0172552952121107
-0.0168018010950805
-0.0164618268215161
-0.0153610791486188
-0.0149613889481402
-0.014608679948739
-0.0141480806149836
-0.0133400368323117
-0.012590927820457
-0.0123046859858746
-0.0119557217988108
-0.0114947075609924
-0.011161866245036
-0.0102798290137608
-0.00983170147736807
-0.00966506764142174
-0.00953234103780679
-0.0087247060136993
-0.00818658486724392
-0.00748956473002728
-0.0073007393278505
-0.00713294173339152
-0.0065534435736683
-0.00591475248711265
-0.00528687462132397
-0.0051219401086405
-0.00489101125171829
-0.00483204064266985
-0.00466492070244583
-0.00459276930129385
-0.00454626179990314
-0.00448780375035292
-0.00419979246686187
-0.00420892137446953
-0.00396105615228554
-0.00390714063295767
-0.00396133897881885
-0.00387546308221271
-0.00426665524266942
-0.00444730043025103
-0.00454717616179993
-0.0048421884401069
-0.00507511747405674
-0.00576141558030472
-0.00650574293521924
-0.00685046141685745
-0.00714665186709779
-0.00726425820536434
-0.00731218925879151
-0.00747771758284607
-0.00765626314128091
-0.00771436909257778
-0.00782869542713814
-0.00816344895735613
-0.00856909282889276
-0.00879626234547702
-0.00907977771136
-0.00908829993905738
-0.0094985724603787
-0.00966799523911076
-0.00979475515702648
-0.00985106653643003
-0.0101480845497057
-0.010598807546547
-0.0112890268662374
-0.0115754914045661
-0.0121541755466477
-0.0123298617277941
-0.0124403891142113
-0.0128425955561705
-0.0135360683639402
-0.0141071579343946
-0.0145737930867544
-0.0149370353179997
-0.015116132855069
-0.0155159721328985
-0.0161426903216035
-0.016420705052484
-0.0168493125033101
-0.0170124670701784
-0.0170713002897676
-0.0174052392627718
-0.0174645097614738
-0.0176366895866708
-0.0178758207873145
-0.0179756016851348
-0.0181632865509701
-0.0181512919984788
-0.0182644643438761
-0.0184329628700241
-0.018442148282697
-0.0184867041496841
-0.0184352131001437
-0.0185958220583105
-0.0185862241050124
-0.0187191210412828
-0.0186036296711794
-0.0188972243568582
-0.0187549129091945
-0.0186707484261208
-0.0186661518072157
-0.0186753450450258
-0.0187545123052694
-0.0186121387780396
-0.0186702202314699
-0.0186810015703396
-0.0186237107391643
-0.0184547659341373
-0.0182811971015967
-0.018111506430679
-0.0177553917904034
-0.0175246398086221
-0.0171383849010245
-0.0170018676538792
-0.0167848363098868
-0.0163313600521738
-0.0159395993691668
-0.0156287560370831
-0.0148041659801466
-0.0144219181786033
-0.0138318904678676
-0.0132906634582158
-0.012635199854564
-0.0120546654946441
-0.0118898625315188
-0.0113844360911691
-0.0107859376000411
-0.0100688322017894
-0.00972612650295111
-0.00941769401785527
-0.00890364892695889
-0.00844103242682745
-0.00809684194679256
-0.00769214493528781
-0.00730393564576323
-0.00711568341368143
-0.00678227468734562
-0.00655113234625625
-0.00650313061735804
-0.00612930345739346
-0.00601299173820025
-0.00567088043371679
-0.00540692229215696
-0.00510440625407262
-0.00488446839824289
-0.00459393070394419
-0.00447134739035054
-0.00445694672761769
-0.00428561082713334
-0.00399737064694104
-0.00365199485019981
-0.00354114711913193
-0.00323951850097349
-0.00295428521927679
-0.00278446129459361
-0.00269935816366129
-0.00251324573564108
-0.00288288258122434
-0.0024382612329793
-0.00230160963640465
-0.00229727165437251
-0.00235874922842797
-0.00247068011998589
-0.00252781971200921
-0.00258448280648945
-0.0028981383498684
-0.00315602232609595
-0.00338409950119705
-0.00390818965605402
-0.0042525137769875
-0.00448755994068783
-0.00459415110393523
-0.00490289873810933
-0.00524086648315202
-0.00573872286066817
-0.0063878667757975
-0.00690860129973906
-0.0073108562525031
-0.00739956620600491
-0.00761951520367244
-0.00783782724603416
-0.00847395276676069
-0.00904124459099234
-0.00950460770377666
-0.00975283870727418
-0.00979773655104854
-0.0100970673927097
-0.0103498797113352
-0.0109205171615796
-0.0114167321403175
-0.0116941702738884
-0.0120436917118317
-0.0122800813098886
-0.0123448376942589
-0.012589834948316
-0.0127424252302813
-0.0130805830051613
-0.0136577797983718
-0.0139590323404523
-0.0143019083266071
-0.0144778307930827
-0.0147596064701951
-0.0148056717157228
-0.0150016029563702
-0.015173260549323
-0.015290325781652
-0.015517875392679
-0.0158016630654394
-0.0162757147140196
-0.0165046332340793
-0.0166131834177943
-0.0167379604449452
-0.0168140155882305
-0.0168930049386647
-0.0169363899300614
-0.0168355680622895
-0.0170704840259242
-0.0168922460292662
-0.0169574682698071
-0.0168954408342031
-0.0167190732506359
-0.016669644410016
-0.0163371376803891
-0.0162054677942779
-0.0160359187670949
-0.0156936522477677
-0.0154103656782703
-0.0152413350271633
-0.0150050519543849
-0.0149485234809929
-0.0146481807038441
-0.0144319908924801
-0.0141383034946338
-0.0139711559717273
-0.013502070983811
-0.0132913158546803
-0.0127106617951425
-0.0126246687659604
-0.0123675587941931
-0.0121836205346619
-0.0118482838032948
-0.0115484082287802
-0.0112038614201121
-0.0108058875471046
-0.0106409411683378
-0.0101541510115778
-0.00993781348477341
-0.00983706299732028
-0.00947702502896078
-0.00936199417986115
-0.00902611402332813
-0.00867853043171128
-0.00850498540440672
-0.0081605399511603
-0.00810431911571869
-0.00793012148609379
-0.0076611568281478
-0.00754451194757917
-0.00735204368114257
-0.00701134759561938
-0.00684034265367247
-0.0066690172342514
-0.00650028151079432
-0.00621567999981854
-0.00603229909326088
-0.00592901653079126
-0.0058821283244961
-0.00569012526187595
-0.00539521541501276
-0.00532620036371711
-0.00498877767960408
-0.00475740609704193
-0.00464122815534315
-0.00464122815534315
-0.00441365591152326
-0.0043043299350963
-0.00457708997185983
-0.00476826239281995
-0.00462281499827913
-0.00447976122913409
-0.00464834389010441
-0.00494719267229182
-0.00525857991642405
-0.00541121134436181
-0.00587719255589383
-0.00588134475223344
-0.00628586801680994
-0.00638450404694697
-0.00667879933635904
-0.00718229920151269
-0.00748383352315973
-0.00782564371559537
-0.00829595998479428
-0.00844456036526557
-0.00886087148422209
-0.00902572974318824
-0.00974173595871441
-0.0102522785766453
-0.0105371245672057
-0.0108908699495779
-0.0110790265557193
-0.0112867418916129
-0.0116497349322367
-0.0117940608046467
-0.0120880884872525
-0.0127887322571048
-0.0130360825401423
-0.0134250899709218
-0.0136486109579122
-0.0138865897729709
-0.0142406716363939
-0.0145168463402578
-0.015088708923484
-0.0156032171717942
-0.0161306952392133
-0.0164800154543041
-0.0172268962782323
-0.017776522945428
-0.018237297748635
-0.0186796062446744
-0.019187803129428
-0.0195289362895014
-0.020060910072728
-0.0207005937724528
-0.0211447231221199
-0.0215086052050444
-0.0218146820388216
-0.0224705304030772
-0.0229422259832299
-0.0232954754630144
-0.023521774171351
-0.0238687805229222
-0.0239742000691907
-0.0242058703547976
-0.0242082812484014
-0.0245549064925876
-0.0246512075064804
-0.0250406215214373
-0.0249152421021005
-0.0248528600529367
-0.0247945316220154
-0.0246736043325479
-0.0246640894302941
-0.0246761438983134
-0.0246633257805135
-0.0246180665418721
-0.0245011141733689
-0.0244550394818135
-0.0244421545442457
-0.024272390181972
-0.0241371380674297
-0.0241508226929617
-0.0240942801560112
-0.0239203478388925
-0.0238696869181972
-0.0237413344849502
-0.0236925878148017
-0.023570175556351
-0.023364102847202
-0.0231730926970006
-0.0228876063700974
-0.022600538573605
-0.022194518424765
-0.0217928256134391
-0.0215585577700066
-0.0213316370012264
-0.0209885438304593
-0.0204459657197752
-0.0198163445699492
-0.0193725429403887
-0.0188581896717759
-0.018429272056179
-0.0179731879079264
-0.0170611364442632
-0.0165079785808229
-0.0160856741723277
-0.0157492465654876
-0.0152340922113653
-0.0144576846897775
-0.0138851590773333
-0.0135984453777715
-0.0131502480202991
-0.0127393976311853
-0.0118676698402076
-0.0114688667798913
-0.0111284780684615
-0.0109527412097677
-0.0105450476057228
-0.0102646349371494
-0.00973695333787792
-0.00930072643602898
-0.00893635801844376
-0.00876325159003189
-0.00865047358474641
-0.00829993754643077
-0.00824135304545415
-0.00803207062718688
-0.00771834564931532
-0.0074582288000532
-0.00720594429956116
-0.00686387062991682
-0.0066349173850849
-0.00646858873287179
-0.00635530620069593
-0.00612721907872909
-0.00601261519973063
-0.00595354049847545
-0.00584060541554781
-0.00572540636191961
-0.00571630830562671
-0.00560507014523394
-0.00551232470774702
-0.00551232470774703
-0.00562674050497592
-0.00557909424950649
-0.00561434551532678
-0.00589767478276914
-0.00594975321928569
-0.00602085489416521
-0.00619528602146815
-0.00625397491166123
-0.00642772783058137
-0.00665157788031947
-0.00699981779378136
-0.00739943065236874
-0.00786001515886691
-0.00826884689538815
-0.00855180138061375
-0.00872136237223215
-0.00897008828816032
-0.00964163070224683
-0.0102703274245824
-0.0105574452937481
-0.0109659862833087
-0.0111993085245292
-0.0114231330661551
-0.0119594917794804
-0.0126243641096345
-0.0129740012571882
-0.0134500952851829
-0.0136966751424019
-0.0138778185212626
-0.0141368474057594
-0.0147720976532871
-0.0153985854430182
-0.0157506626390685
-0.015994679786953
-0.016032699079668
-0.0162233273601619
-0.0164582982295905
-0.0165078774889995
-0.016905951661159
-0.0172498727563508
-0.0175358832739215
-0.0175564537233677
-0.0178173193198655
-0.0180080796511047
-0.0180986304637781
-0.0183207184803024
-0.018425499434516
-0.0184802518671409
-0.018456833113715
-0.0185902944313839
-0.0185743188430705
-0.0185952931200564
-0.0185746083349837
-0.0185929948106039
-0.0185883016937213
-0.0185953413690452
-0.0184889545279145
-0.0183470573546313
-0.0184095229889353
-0.0181251211000972
-0.0180609691427216
-0.0178372247993993
-0.0173839660624423
-0.0171782080418393
-0.017126023127578
-0.0164121421807542
-0.0161653948404794
-0.0158270649788632
-0.0153126383732126
-0.0146784136770957
-0.0140966962092845
-0.0137547065152917
-0.0135803245161418
-0.0130471035172875
-0.0122453267683385
-0.0114396231912363
-0.0112234321834775
-0.010749823594736
-0.0103574400765335
-0.00938550880558613
-0.00875461193122498
-0.00852584007109473
-0.0078801107984497
-0.00724353974509534
-0.00662314660691084
-0.00620867554300767
-0.00580115553861425
-0.00534637274292383
-0.00473382614024212
-0.00424914380514482
-0.00391087418073125
-0.00385052533980973
-0.00365244609980143
-0.00368793248198145
-0.003687178001405
-0.003202212998211
-0.00315980372296442
-0.00282637968278623
-0.00262932934872245
-0.00236178363464338
-0.00241621328184466
-0.00236241000367139
-0.00235668170703454
-0.00240668257836522
-0.0025272007163255
-0.0027459180127933
-0.00296987728118968
-0.00296110030798269
-0.00290719918812101
-0.00290492382079014
-0.00280797459116705
-0.00264810782382471
-0.00236172330015242
-0.00207352905346097
-0.00175181925260812
-0.00164259599226666
-0.00128630574763331
-0.00130080248227908
-0.00136488005754052
-0.00120017015168609
-0.00121424950233383
-0.00118575046512253
-0.00136200806276773
-0.00142502881727103
-0.00150115980390239
-0.00183766075963247
-0.00219441220984947
-0.00227622173082238
-0.00251110567388675
-0.00267842877158279
-0.00308039630198075
-0.00353670578809743
-0.00355010354180058
-0.00383934057278881
-0.00414805925727913
-0.00444377762550818
-0.00460233315339645
-0.00495830971561276
-0.00557439764042651
-0.00581747698327308
-0.00592336877049904
-0.00605139492271716
-0.00627079490899657
-0.00639753133366963
-0.0065725290569143
-0.0070844143092932
-0.00719992316437871
-0.00761845267891781
-0.00805907129001916
-0.00848152249204869
-0.00899559515730324
-0.00931570064697846
-0.00979042198398215
-0.0103705845732025
-0.0109523600546108
-0.0113227855366653
-0.012020441834508
-0.012758319352593
-0.0133329000414022
-0.0138417040666915
-0.0144590793704604
-0.015481026194796
-0.015931363737857
-0.0163555018985147
-0.0172535625115134
-0.0181226017295395
-0.0184945864280071
-0.0187613660315717
-0.0193541800610009
-0.0198086518586616
-0.0204971369116459
-0.0208466996124856
-0.0211469571602565
-0.0214383064408993
-0.0215906491313808
-0.0218215109444003
-0.0220537607199002
-0.0224552807018144
-0.0228016234225509
-0.0228580046498574
-0.023148192710516
-0.0232680634386154
-0.0234434249054227
-0.0236275758926134
-0.023577240925338
-0.0236865986551509
-0.0237858353960481
-0.0238405393512455
-0.0238501821387552
-0.0238009367803152
-0.0238574441714819
-0.0237401775517468
-0.0237985241060063
-0.0237420167148395
-0.0236767023996253
-0.0235653763658507
-0.0234254209234421
-0.0233202099826156
-0.0229657154098519
-0.0225686786424598
-0.0223881752982302
-0.022104253913546
-0.0218671718519929
-0.0214164382865791
-0.0210288308780991
-0.0206617539496447
-0.0200337598086954
-0.0196341696211246
-0.0191876995807643
-0.0187247430483271
-0.0180855692268555
-0.0173924791720742
-0.0168133811502791
-0.0164168553455139
-0.0157878703340365
-0.0152055957266579
-0.0146851285459079
-0.0142296834926117
-0.0136560013264731
-0.0128309767094599
-0.0124423378419726
-0.0119098793863514
-0.0115798622120504
-0.0105985490108865
-0.0101746210989537
-0.00980095365081513
-0.00928136614045277
-0.00876060891592772
-0.00790151401674293
-0.00766895468801198
-0.00720938251568094
-0.00692016296301524
-0.00652186910111836
-0.00604337452215583
-0.00547972391471363
-0.00524776879688432
-0.00484673281605711
-0.00456022391870272
-0.0043282619731533
-0.00409183861307978
-0.00387650828108937
-0.0035095958371191
-0.00322921733975725
-0.0027253251722408
-0.0026107998654085
-0.00259425284204184
-0.00259069035259124
-0.00248903659999652
-0.0025517124174243
-0.00243543509018033
-0.0024222763485336
-0.0024222763485336
-0.0025933124667295
-0.00254072186880438
-0.00248961436824689
-0.00254743226529138
-0.00266180852101319
-0.00266166923972849
-0.00265529969365392
-0.002784403863214
-0.00295497350087324
-0.00317518335990681
-0.00341487103284138
-0.0036939362380185
-0.00429443750799769
-0.00439256336823861
-0.00450257614448349
-0.00456403330694562
-0.00502660625137221
-0.00531185953706528
-0.00571590322226677
-0.00646549086417509
-0.00675256364080924
-0.0073873521015036
-0.0076710494633102
-0.00813108907751177
-0.00888238061773822
-0.0095128338189857
-0.00991207256876899
-0.0103021706680349
-0.0109007002386299
-0.0117821791055794
-0.0121103749395911
-0.0124532233579947
-0.0132079988539578
-0.0138340500207089
-0.0142400425576025
-0.0146412809635707
-0.0149808271816523
-0.0151743296052327
-0.0155526955264768
-0.0158478153954685
-0.0164310743828848
-0.016891424288539
-0.0170807635224542
-0.0173493710295829
-0.0176445670868066
-0.0177690202819963
-0.0179275290115241
-0.0180465139147804
-0.0183496112032712
-0.0188024271519358
-0.0191513120423166
-0.0193753432306096
-0.0196728785014451
-0.0198812697980629
-0.0200711113583519
-0.0201868261825393
-0.0203616544734077
-0.0204182744851846
-0.0205775083860105
-0.0207422295380662
-0.021095923471108
-0.0212836034913727
-0.0212794977112647
-0.0214293207593259
-0.0213686475130959
-0.0212126460285021
-0.0212167009033072
-0.0209872032083086
-0.0207088384067623
-0.0205145443203958
-0.0203386049617325
-0.0200724185276948
-0.0199054215281016
-0.0194853180910626
-0.019194301793916
-0.0183898494644526
-0.0178226366034392
-0.0176063222248517
-0.0171907256838009
-0.0167199633214463
-0.0157397613305105
-0.0153434327007694
-0.0150528120610362
-0.0145715167361875
-0.0141958137357117
-0.0134349709043091
-0.012851906758865
-0.0125737514667476
-0.0124583188961388
-0.0119903772726517
-0.0117035174494227
-0.0113700156064639
-0.0108601624068225
-0.0102679425657458
-0.0100359623266679
-0.00986406938074225
-0.00974614028679632
-0.00951518309453471
-0.0093411299379302
-0.0090524429194064
-0.00865490086705393
-0.00831108081211355
-0.0078493847192359
-0.00785608666093168
-0.00767629242407528
-0.00750312860309928
-0.00732848356525333
-0.00704340380372523
-0.00698924644911103
-0.00686399123725713
-0.00698787074297401
-0.00687884200317739
-0.00692965513283818
-0.00713202383220713
-0.00730040086634735
-0.00745303054529747
-0.00767493450408577
-0.00819095782813655
-0.0088812672140674
-0.00940093194224936
-0.00968850123283113
-0.00992145785774767
-0.0100391083272427
-0.0102130276027538
-0.0105005349625608
-0.0109056764323564
-0.0113641103256559
-0.0115380774426667
-0.0117069375774489
-0.01187336164247
-0.0119414470641813
-0.0122822233156877
-0.0123267943532827
-0.0123664892403393
-0.0124608690433768
-0.0124549975302534
-0.0124624977384529
-0.0125238564425961
-0.0125868494370419
-0.0126363957223991
-0.0126363957223991
-0.0127586094534678
-0.0128084350627914
-0.0129213440269463
-0.0130384001167773
-0.0133227475390389
-0.0135018245044019
-0.0136243910544319
-0.0137913432183974
-0.0138508452495319
-0.0139499300397722
-0.0139905036118043
-0.0140460704547496
-0.0141522222758119
-0.0142543288276035
-0.0143640542875627
-0.0144799430139938
-0.0145418295458917
-0.0146737353181256
-0.014808353468225
-0.0148288935103422
-0.0148748108420597
-0.0148885042034712
-0.0151168824648773
-0.015171268503234
-0.0151757686281536
-0.0152367340269299
-0.0152322982291574
-0.0152914869698986
-0.0152937531144702
-0.0153980317896592
-0.0158320325014236
-0.0157994058483344
-0.015595070915087
-0.0155691922274592
-0.015575894169155
-0.0155090513901833
-0.0153541313731986
-0.0152971064761285
-0.0152318713294678
-0.0151166143934179
-0.0149934337908945
-0.0149438292228987
-0.0148221850068156
-0.0147199107550655
-0.0147064103803064
-0.014597750685265
-0.0141830088458829
-0.0137306120888862
-0.0134372821453347
-0.0129901854531969
-0.0131912412309187
-0.0129531346158516
-0.0125228284572222
-0.0123565604776344
-0.0121715645692397
-0.0121195932563448
-0.0117101270130936
-0.0114780089182244
-0.011245302829897
-0.0108521889142365
-0.0104985122311367
-0.010279883549159
-0.0102131521076113
-0.0100442507268297
-0.00986742803906086
-0.00969050906512564
-0.00951517882931929
-0.00942140734970845
-0.00935576987316181
-0.00918369618585917
-0.0088532075344385
-0.00878046711454033
-0.00843404363101422
-0.00819939971099989
-0.00803182993451021
-0.00780316989579848
-0.00757412999401928
-0.00739003040885028
-0.00740854554664964
-0.00729764600803163
-0.00716740748030586
-0.00705128651246611
-0.00693817444666563
-0.00675848043444238
-0.00669788902870244
-0.00646041962476266
-0.00617732431378524
-0.00594296226226968
-0.00583970119207494
-0.00584335557232511
-0.00621319173917926
-0.00618908280314071
-0.00584534058430222
-0.00602660758649972
-0.00600359101774793
-0.0061607419882317
-0.00640328486711837
-0.00647621295519461
-0.00672622344667756
-0.00675537908391455
-0.00699232023141175
-0.00699698118185306
-0.0071838562352615
-0.0072879055461683
-0.00740815838454129
-0.00751426027738756
-0.00769565837714841
-0.00798029512941096
-0.00821830381466979
-0.008491899810578
-0.00872257371377168
-0.0089103255242508
-0.00905515524201538
-0.00915706286706541
-0.00921604839940089
-0.00926040165500324
-0.00929012263387245
-0.00930521133600851
-0.00930566776141144
-0.00929149191008123
-0.00928703147083355
-0.0092922864436684
-0.00930725682858577
-0.00933194262558567
-0.00936634383466809
-0.00967695304731418
-0.00983830024507008
-0.0102859002215457
-0.010754552893115
-0.0108261740862595
-0.0109749886850163
-0.0112082862354798
-0.0113780216081758
-0.011470626463696
-0.011487615309502
-0.0117084186167992
-0.0117816561266994
-0.0118381157214108
-0.0118824564710771
-0.012009334115185
-0.0121626284641262
-0.0123423618186142
-0.012651889493355
-0.0126494464307801
-0.0127541156823137
-0.0128809029212225
-0.0127521439137412
-0.0129396061328662
-0.0127640407761486
-0.0126372711014565
-0.0126851609863117
-0.0123409387116083
-0.012031888071075
-0.01189378895316
-0.0118349646632785
-0.0117343912943342
-0.0116515058532346
-0.011557498029865
-0.0113991407115594
-0.0112177270619127
-0.0110402207380725
-0.0110179587932858
-0.0109663461967429
-0.0108003184627169
-0.0105322033256017
-0.0104106569051435
-0.0102296326803089
-0.0101287344929764
-0.00995200510558958
-0.00970968932263881
-0.00943579895171928
-0.00943549964300091
-0.00942120452122896
-0.00938270142288824
-0.0092008366268892
-0.00900200257972711
-0.00895743409011704
-0.00884271418029587
-0.00873967500730275
-0.00861198922257645
-0.00845289368231348
-0.00808855431921893
-0.00798678116012864
-0.00781733840217932
-0.00771707675167373
-0.00758726360352792
-0.00721232060768817
-0.00712066496400797
-0.00712307585761182
-0.00689525433358178
-0.00684963428059197
-0.00671270184959726
-0.00642646677822193
-0.0062118571528062
-0.00601980831899945
-0.00604179588217381
-0.00596726042728191
-0.00586619029397277
-0.00585574308835607
-0.00587040146380564
-0.00579911792036434
-0.00578966735281087
-0.00578570281020511
-0.00578808153576856
-0.00584729265124768
-0.00590666412812792
-0.00602702042398843
-0.00625024363179317
-0.00642369143763481
-0.00664900532379128
-0.00682912354730668
-0.00708489979324448
-0.00712263900650559
-0.00724886360530786
-0.00745976054475587
-0.00751419102026658
-0.00763088676096222
-0.00774648096283695
-0.00786313048300434
-0.0081062538479036
-0.00815389034828008
-0.00833326417791795
-0.00862643285394934
-0.00909839181763883
-0.00926803776146199
-0.00949493842066527
-0.00989439501771456
-0.0100108530449048
-0.0101854698288567
-0.0104837743561658
-0.0107200978209481
-0.0111138834677917
-0.0116303483116511
-0.0119265378728717
-0.0123166814961057
-0.0126105677344918
-0.0128984413097953
-0.0130774978581236
-0.0135919676837158
-0.0142303926620321
-0.0146785693560775
-0.0149682254263509
-0.0152958313188853
-0.0156541032792663
-0.0161835928736565
-0.0166907252817107
-0.0171545983326269
-0.0174439777126538
-0.0176709387123354
-0.0180891587695209
-0.0186916881909849
-0.0190238970060008
-0.0192278581319661
-0.0197571118057305
-0.0199900140590669
-0.0199652448310755
-0.0204406079719916
-0.0205058208120619
-0.0206756609193765
-0.0208489192048203
-0.0209007897333516
-0.0211434567816663
-0.0212995326218153
-0.0214799638306987
-0.0217038214131608
-0.0217059967505681
-0.021889548912692
-0.0218287352019751
-0.0219868096560735
-0.0220982952517319
-0.0223299093162908
-0.0223202439629843
-0.0221121130530556
-0.0221148299278624
-0.0222385228372913
-0.0221181823282949
-0.0219929558822656
-0.0219258401431863
-0.0218714398961233
-0.0215302408322372
-0.0214762901657339
-0.0210713075197882
-0.0209129938831643
-0.0208005553000201
-0.02056669525141
-0.0204494526928091
-0.0202793975010085
-0.0199365647569421
-0.0196520397904121
-0.0191298073974481
-0.018925850251011
-0.0181764827573873
-0.0179828197425518
-0.0175820764084712
-0.0172208041953094
-0.0165231951773838
-0.0160648605309956
-0.0155506227139104
-0.0152008249488154
-0.0147434149416641
-0.0142220493294293
-0.0134714130719528
-0.0130742102624977
-0.0127845183994129
-0.0123801774758714
-0.0119809856650813
-0.0112237131041095
-0.0105970304138747
-0.0103686911305709
-0.0100434544966639
-0.00967363737400193
-0.00928415333105761
-0.00852752212232729
-0.00812883402724816
-0.00785199088218167
-0.00778613205311876
-0.00749159228500664
-0.00710432325931007
-0.00675913741162678
-0.00645659068125712
-0.00576933227626432
-0.00561829109267852
-0.00560459773126704
-0.00537522954274236
-0.00536172916798335
-0.00513379618592951
-0.00491177674695664
-0.00485249851866433
-0.00468521872883561
-0.00455235094141135
-0.00416430725821625
-0.00398935446759534
-0.00364007186552699
-0.00347467303958077
-0.00328612229820305
-0.00317909893190889
-0.00311596592926785
-0.00319561994815803
-0.00313255975913748
-0.00323173246484919
-0.00318240694405401
-0.00330636633797123
-0.00328102985547083
-0.0033479339848701
-0.00363849982862323
-0.00382186565619592
-0.00381136536471669
-0.00421338916137169
-0.0045602509804923
-0.00479103365113661
-0.00516722029210439
-0.00538035011783322
-0.00555995988301395
-0.00555995988301396
-0.00567660358114801
-0.00612159119752984
-0.00660102551473024
-0.00692979765322385
-0.0072860917621232
-0.00760565973625652
-0.00774825223045147
-0.00786623356536635
-0.00793960317552852
-0.00815685246278172
-0.00826933071552168
-0.00843462061063464
-0.00884320264601657
-0.00913828759545046
-0.00947969467250097
-0.00970575491163092
-0.0100134430407839
-0.0101552886676771
-0.0101033252451089
-0.0102672129367247
-0.0103823688246126
-0.0103372412870622
-0.0105114811384129
-0.0105160455922167
-0.0105583469371876
-0.0106148278749041
-0.0109666680191465
-0.0110844508507709
-0.0115001137315211
-0.0118796889979605
-0.0121176762704109
-0.0124700484304223
-0.0126425310265737
-0.0129165943563284
-0.0129814892892603
-0.0130410547369716
-0.0136459173687167
-0.0134458277760966
-0.0134263657144374
-0.0136508009940562
-0.0143475308027965
-0.014583760481429
-0.0148118543764308
-0.0151183347533066
-0.0152609401817818
-0.0153874273675878
-0.0155052776424221
-0.0155746405364846
-0.0155164400941612
-0.0155175651253911
-0.015462972295418
-0.0150566759387035
-0.0147700744755668
-0.014427687089538
-0.0139086174649509
-0.0133259011618546
-0.0131948845490719
-0.0129950941478169
-0.0125107841448054
-0.0120472315234475
-0.0115885271492824
-0.0111313405753086
-0.0106050919395806
-0.0104324058038305
-0.010213399511737
-0.00989009164899971
-0.00969702802444308
-0.00895759271438721
-0.0084862945581059
-0.00819369626558937
-0.00802946031737533
-0.00787840666931313
-0.00776073464172454
-0.00740114056451905
-0.00693677818508134
-0.00661149803620777
-0.00630990866688275
-0.00562165872387003
-0.00556333333321443
-0.00539505429089139
-0.00517035928304722
-0.00492173708361389
-0.00450876505438654
-0.00411094068260848
-0.00383704486764938
-0.00346474693877938
-0.00317157140525665
-0.00306709455742977
-0.00307241751475677
-0.00307911945645254
-0.00306150491708249
-0.00307031218676752
-0.0030751176343544
-0.0031393529987008
-0.00314828892096183
-0.00336826728776618
-0.00381457925763102
-0.00429756393312175
-0.00440066642475734
-0.0047426724380511
-0.00495911694399556
-0.00531489013785908
-0.00567614142217536
-0.00583442824275756
-0.00664796925034329
-0.00715854520957636
-0.00767525420322157
-0.00793250714578336
-0.00828277413649074
-0.00896152963857481
-0.0096625402106963
-0.0101266009745893
-0.0104181894328115
-0.0106462236378046
-0.0110946115784599
-0.0119570161053312
-0.0124431072856213
-0.012837934018042
-0.0130546837097431
-0.0134631996711149
-0.0140082626703597
-0.0146443369633495
-0.0151567790261326
-0.0153921032841407
-0.0158527308729603
-0.0164278127320529
-0.016892954205135
-0.0174108504748434
-0.017754613684333
-0.0181034055086258
-0.018450425783709
-0.018799360678337
-0.0192048333675355
-0.0194408060166608
-0.0200799521168309
-0.0203095399042867
-0.0206312826655062
-0.0210210852262561
-0.0211809282671457
-0.0211619802697983
-0.0213942923245187
-0.0217394481497397
-0.0218031490061394
-0.0218598254967311
-0.0220842813867772
-0.0221407397870833
-0.0221951725214897
-0.0221386047696697
-0.0221369205032388
-0.0221351297149289
-0.0221368139813598
-0.0220268630781747
-0.0217396249222319
-0.0215651451178876
-0.021457553509181
-0.0212828697954016
-0.0213921718825396
-0.0210328907772564
-0.0205716988986403
-0.0201450876010278
-0.0196331451745132
-0.0192948113272532
-0.0188925447954225
-0.0185507611020912
-0.018194954552365
-0.0175623848234276
-0.0170188918989328
-0.0165162956687783
-0.0160977742097407
-0.0155965192916974
-0.0150829784923009
-0.0144978818046267
-0.0139324143017614
-0.013585217953007
-0.0131264050040977
-0.0123754869550234
-0.0119422457098218
-0.0116841057306858
-0.0110534118510986
-0.0106510867007394
-0.00999431964522964
-0.00936783998158724
-0.00902235159271301
-0.00873520232804198
-0.00822538855026916
-0.00799613387227159
-0.00730315681029481
-0.00689991609665626
-0.00661196355481834
-0.00621557849079309
-0.00574864468610529
-0.00523545399528913
-0.00448428074050148
-0.00425799004144613
-0.0039123261940956
-0.00362622548850454
-0.00353766622578351
-0.00253790494848619
-0.00230086413533036
-0.00189890937242997
-0.001557093020392
-0.00138326895248227
-0.00113824967438515
-0.000861326361841255
-0.000692912849017844
-0.00057625307805236
-0.00052243261854542
-0.000290755757467104
-0.000175205209813234
-0.000116257543551343
-0.000170801065062887
-0.000170801065062892
-0.000461198828443232
-0.000582800505315104
-0.000622563635189002
-0.0010933585709203
-0.00127725869070544
-0.00161114927275833
-0.00178223576841426
-0.00189869060725134
-0.00258980732796874
-0.00306304454666043
-0.00346195474701921
-0.00375216591081844
-0.00414549979759966
-0.00435518183458171
-0.00466388552583355
-0.00528824976371338
-0.005753471826457
-0.00608595601513313
-0.00655382767643744
-0.00682641176723847
-0.00701026398361084
-0.00759632224788101
-0.00817514279607328
-0.00869392305693323
-0.00903889341191514
-0.00932902647381121
-0.00962292542331634
-0.010091290529019
-0.010753683315552
-0.0111871557984002
-0.0115791725153942
-0.0118145433283422
-0.0123940385299826
-0.0133148112301986
-0.0138409632366999
-0.0141866612283578
-0.0146553488880751
-0.0153282578842351
-0.0160134221512665
-0.0164292104931633
-0.0170631941285441
-0.0172925159462947
-0.0179923770656148
-0.018567731740293
-0.0190438910900047
-0.019388337576588
-0.0194926071521767
-0.0196946188948816
-0.0198711912907092
-0.0201040826618658
-0.0203877263113993
-0.0206161274787964
-0.020789286164057
-0.0209072023671812
-0.020969876088169
-0.0209381906877623
-0.020812146165961
-0.0205917425227653
-0.0202769797581751
-0.0198678578721903
-0.0195165561599833
-0.019223074621554
-0.0189874132569023
-0.0188095720660284
-0.0186895510489322
-0.0185436482378991
-0.0182421876097606
-0.0180309152613694
-0.0176694165007114
-0.0172656546845568
-0.0170336079169728
-0.0167490739277036
-0.0165328112886312
-0.0163370875558252
-0.0160515602915077
-0.0158365807770896
-0.0155879427616728
-0.0153561446693572
-0.0149507727464683
-0.0144825657409244
-0.0141569864651454
-0.013984953549997
-0.0138631241233161
-0.0138028129204819
-0.0134521294590428
-0.0131458443155851
-0.0125398090846076
-0.0119108756665984
-0.0116770766962917
-0.0114388013863212
-0.0113875499798391
-0.0113374982290128
-0.0113285623067518
-0.0112732309000093
-0.0112141376271875
-0.0110317115832217
-0.0108079217065654
-0.0105180098445393
-0.0104046284458915
-0.00977125466256305
-0.0091974137889673
-0.00896580653456068
-0.00878732175833287
-0.00873474652729683
-0.00850631564142172
-0.00846769838456813
-0.00820776619349313
-0.00797986172613699
-0.00786623005285244
-0.00770148615241949
-0.00751478359517483
-0.00707504919832918
-0.0068956185997656
-0.00684346162794426
-0.00674899199754535
-0.00672633055183001
-0.0066886666558164
-0.00666353046843892
-0.00649830323452086
-0.00644036273465975
-0.00640327657541324
-0.00647113895862443
-0.00639186544090368
-0.00634425159028493
-0.0068184139936497
-0.0062592902887426
-0.00610165027367193
-0.00604601386467356
-0.00603701361483423
-0.00604386029553997
-0.00610177893144025
-0.00604386029553996
-0.00598726848098001
-0.00598458206724765
-0.00604386029553996
-0.00604386029553996
-0.00604614252244187
-0.00610177893144024
-0.00610177893144024
-0.00615809031084379
-0.00627618493843353
-0.00644747455468479
-0.00657055061515045
-0.00698174619149792
-0.00734012729027156
-0.00755471819103138
-0.00776594351620592
-0.00793468336524723
-0.00823235013420801
-0.00839929899255513
-0.00869569705758485
-0.00887316524065688
-0.0090621975185407
-0.00933501732419993
-0.00992572479375276
-0.00991597634395461
-0.0100906182993658
-0.0104751369161298
-0.0106485755141751
-0.0107759456741842
-0.0108269123469569
-0.0109351474283395
-0.011010454324585
-0.0111960594945906
-0.0116894181817091
-0.0113264495991345
-0.0114365258596234
-0.0114952450760742
-0.0114805790858162
-0.0115420804405283
-0.0115474687618316
-0.0116089419391348
-0.0117001792305527
-0.0117119120227591
-0.0118354614187234
-0.0119998973470846
-0.0120475720094602
-0.0121151882356406
-0.0121243675975768
-0.0122306962597044
-0.0121067257491007
-0.012286817487686
-0.0123452818325324
-0.0124589387972929
-0.012551310093228
-0.0124750783255106
-0.0122526885981568
-0.0121764192473593
-0.0121216058960852
-0.0120010480207241
-0.0118957226878795
-0.0117826545492915
-0.0117333766936946
-0.0117333766936946
-0.0115472899841371
-0.0114909087568305
-0.0115056636413107
-0.0114331348531292
-0.0113789002603337
-0.0112851193358742
-0.0110342827042019
-0.0106874932948244
-0.0104800412446246
-0.0101104215378925
-0.00986326388935765
-0.00913556221098773
-0.00902396565669131
-0.00887769922578106
-0.00849909115715684
-0.00838841165161123
-0.00815812099912661
-0.00764900052675619
-0.00712597105060061
-0.00701025061304526
-0.00671913116802971
-0.00652941867594916
-0.00643056329632688
-0.00631097805003905
-0.00624967785827574
-0.00601445014802553
-0.00584559435683165
-0.00561687538495137
-0.00555725824899868
-0.00556715362902464
-0.00585128093181972
-0.00542156717362338
-0.00539482397620108
-0.00533574184499529
-0.00534787673485668
-0.0053454497568844
-0.00533966361223515
-0.00533966361223516
-0.00528667744687018
-0.00518404287351828
-0.0051679702494926
-0.00510462084589764
-0.00494247698025126
-0.00487590416177059
-0.00488682556264585
-0.00482558338507302
-0.00482804253248637
-0.00477227096790152
-0.00476949727879034
-0.00465927899308888
-0.00453186116700788
-0.00459817737986554
-0.0047785088396696
-0.00483198381465266
-0.00484869983704502
-0.00495443070522392
-0.00512661710710166
-0.00532755201233638
-0.00539933382588585
-0.00555367785824284
-0.00607586139500975
-0.00655125099318831
-0.00682960076123632
-0.00724394018201306
-0.0075310307389577
-0.0077694285272091
-0.00834481049117709
-0.00910500663839191
-0.00960273337813529
-0.00995967790383227
-0.0107334972216082
-0.0108939411879873
-0.0115974575331093
-0.0120449684294641
-0.0124013315316846
-0.0127347948394955
-0.0130370433395036
-0.013586098686762
-0.014292924940092
-0.0146536013721606
-0.0149314585753157
-0.0152899256900474
-0.0154056474769628
-0.0159036333626924
-0.0164920232988253
-0.0169592181686301
-0.0173094445613901
-0.0175786788856935
-0.0178755568719593
-0.0181490768926411
-0.0188832617686981
-0.0193372038019101
-0.0195466322120054
-0.0198806178651812
-0.0202273273441354
-0.0204701503174405
-0.0208589514767214
-0.0213296756488804
-0.021779099726682
-0.0223098004389977
-0.0225411122191566
-0.0227624865129823
-0.0228878356659138
-0.0232289473218909
-0.0235691587475257
-0.0238583969062573
-0.0239142721926181
-0.0239733633061481
-0.0240881808718005
-0.0240881156972669
-0.0242527861179029
-0.0239400973284561
-0.023792995071248
-0.0235749426031756
-0.0233506124789011
-0.0229990283298613
-0.0227782423689803
-0.0225319878855092
-0.0221979119393396
-0.0216776168632096
-0.0212775045419049
-0.0205881210791452
-0.0203002362103305
-0.0200718102648964
-0.0196786506873694
-0.019199869398159
-0.018629402675555
-0.0179951862811603
-0.0177058814796637
-0.017356061917052
-0.0168091609459436
-0.0165432804344959
-0.0158017583443016
-0.0153975545018312
-0.0150502913775469
-0.0148291434792952
-0.0143623914389348
-0.0136689620647742
-0.0129684822877599
-0.0127361539477233
-0.0125355491319536
-0.0119966868408931
-0.0115906324730334
-0.0107396115157847
-0.0102194844252596
-0.0101065154727355
-0.00965580870513437
-0.00925380477523473
-0.00839260936930305
-0.00774837414738557
-0.00748124198860526
-0.0070529748499973
-0.00609340100464691
-0.00546301735702793
-0.00506089798217773
-0.00466611820505279
-0.00413919164665359
-0.00327167003902034
-0.00280453997207927
-0.002534914828501
-0.00212808803136913
-0.00167779058680777
-0.00137317893212677
-0.000772433613723708
-0.000443592879938817
-0.000176161368321867
-9.75001382109363e-05
-6.16576271265478e-05
0.000301784292647584
0.000316500019228521
0.000439706827777573
0.000652193534754065
0.000830060512315297
0.00110519476555334
0.0011991532263007
0.00126910358933345
0.00133261713202149
0.00129143157162442
0.00134859990951216
0.00123411906947519
0.00120411020752473
0.000986242588762905
0.000941306812737532
0.000523787207231699
0.000410518841250104
0.000346684203871087
0.000121844403597966
-0.00012030629847316
-0.000170502545999873
-0.000287162766324938
-0.000822398312535749
-0.000860562196910332
-0.00138735544440676
-0.00202059715036811
-0.00236507524043971
-0.00271232520511818
-0.00304232591237447
-0.00425211722748927
-0.00471236029844578
-0.00505373113646304
-0.00529193789694734
-0.00581618133770678
-0.00616191476812317
-0.00668326387339337
-0.00708380144498641
-0.00742728161046849
-0.0077770298658658
-0.0082402328575349
-0.00847192057970929
-0.0088158997547461
-0.00966782125867376
-0.00992010089599595
-0.0102389245976879
-0.0107634969004201
-0.0111581046948511
-0.0114540447569514
-0.0122026875214321
-0.01236957603304
-0.0128390397134576
-0.0130583294344704
-0.0134782329949893
-0.0140422705996552
-0.0143361685098729
-0.0147400924312703
-0.0149702331637161
-0.0153076847541007
-0.0154897369720936
-0.0155929881707144
-0.0158269588203651
-0.0161839508909624
-0.016648934325543
-0.0169525290504842
-0.0169488643684167
-0.0171210426039305
-0.0171789391081395
-0.0174063277142356
-0.0173497147543969
-0.0174672384121703
-0.0175282541146757
-0.0176373905309495
-0.0176961933064405
-0.0179270761427114
-0.0179270761427114
-0.0180456803066583
-0.0182459747521688
-0.0183598680892522
-0.0185894380182173
-0.0188217899641527
-0.0189371052597912
-0.0190536903159858
-0.0192897603688474
-0.0194505525808302
-0.0193220337794458
-0.0193382848795217
-0.019318263729776
-0.0191983969395879
-0.0190088581093993
-0.0189690313491295
-0.0188982138155076
-0.0186084414480042
-0.018220890242762
-0.018096409833075
-0.0177489647016745
-0.0173477168870568
-0.0167789061490255
-0.0164325502264632
-0.0159650369701466
-0.0155628395423754
-0.0151131652680703
-0.0145923568211312
-0.0142739059413395
-0.0137954331674541
-0.013267730794755
-0.0129108640339132
-0.012581419417332
-0.0121062416117818
-0.0113733618175566
-0.0111899723239301
-0.0110203717721891
-0.0106031064713255
-0.0103909983407725
-0.0100302565817724
-0.00975040400860135
-0.00947695552281919
-0.00900686373050288
-0.00883850082308289
-0.00865010570127382
-0.00842464346487828
-0.00796736761496324
-0.00763067173319478
-0.00742884225868727
-0.00696087714447763
-0.00648679139200535
-0.00636388517683678
-0.00596765366229028
-0.00561718609382888
-0.00516294416104927
-0.00470510690321963
-0.00446921811588874
-0.00395115670561602
-0.00371611509013493
-0.00349131646959238
-0.00330983090339609
-0.00303255784116438
-0.00273898814144207
-0.00263145146960669
-0.00228439257247195
-0.00216693686908243
-0.00204919245333401
-0.00182748494908069
-0.00213047305522189
-0.00170980339470842
-0.00193232062584661
-0.0019326202420233
-0.00210934146814392
-0.00245125593082804
-0.00268295230882099
-0.00301839447540705
-0.0032592570138395
-0.0034259356418049
-0.00383742457223436
-0.00394849846346277
-0.00411662446346858
-0.00440718552798441
-0.0048153413178914
-0.00538462905217336
-0.00561716255643454
-0.00601487469985592
-0.00624509501583682
-0.00641944515417409
-0.00668381445910856
-0.00661514958873269
-0.00706962061161316
-0.00740771131269828
-0.00809267873501545
-0.00844584816988576
-0.00872892447475361
-0.00901842218812579
-0.00947011056144278
-0.010148205607362
-0.0108602915810718
-0.0112613395274444
-0.0116587346711378
-0.0125960157951422
-0.0135851138042713
-0.0139109511839964
-0.0142585133170444
-0.014947605547268
-0.0156983195630638
-0.016165645349013
-0.0167927477912528
-0.01694311518234
-0.0174314637596743
-0.0182286968095599
-0.0186393987899984
-0.0189845005164469
-0.0192677719163742
-0.0196138415199345
-0.0200826011809238
-0.0206053351408488
-0.0210648615050365
-0.0212887393181562
-0.0214217384155723
-0.0215329499573468
-0.0215870905343442
-0.0217538850805837
-0.0218775803333176
-0.0220369911106693
-0.0223848727024731
-0.0224554249196116
-0.0226944814058202
-0.0224720981107261
-0.0223531825951821
-0.022296724334774
-0.022123835774984
-0.0218705522794782
-0.0215548484016815
-0.0213065974495582
-0.0210349698767326
-0.0206301733790663
-0.0202809939443718
-0.0199017520556421
-0.0194924477128772
-0.0190530809160769
-0.0185836516652414
-0.0181540960670012
-0.0176422033892351
-0.0173182690891504
-0.0165731728302681
-0.0161816355881428
-0.0156167865211849
-0.0152456263074001
-0.0145075906030365
-0.0139595440443584
-0.0134930582403601
-0.0128231645416878
-0.0123185015894014
-0.0117282133096998
-0.0112761929506491
-0.0107990154629217
-0.0101052213999402
-0.00942642402127865
-0.00901946775152794
-0.00874632845853378
-0.00811103390283354
-0.00719366864729636
-0.00665664015399801
-0.00644100387134541
-0.00580229445903329
-0.0049180449122716
-0.00448063179075302
-0.00384186696239276
-0.00332059594759932
-0.00257304934831281
-0.00188804279600397
-0.0014179863754727
-0.00101638135397974
-0.000516654268635588
4.22184560332857e-06
0.000464868311263379
0.000934477580385444
0.00134927108155552
0.00156263706859789
0.00185869201780116
0.00232053519162009
0.00247841783064409
0.00265312901664236
0.00265335052011991
0.00282690550929469
0.00283920124636144
0.00256523523577607
0.00253569576949647
0.00242808498348651
0.00225064987597353
0.00191170339358235
0.00178933235260658
0.00167414009175124
0.00138996851197645
0.00126862712790602
0.000753089914640901
0.000521313140519877
0.000171362630071486
-1.26412131708857e-06
-0.000348865596260772
-0.000636362307895967
-0.000921058769618689
-0.00167914417945184
-0.00203557130006328
-0.00246380198313798
-0.00276047843564532
-0.00373664566546378
-0.00409697611425222
-0.00471473834426917
-0.00512078708325885
-0.00564826907255835
-0.00633220464576288
-0.00719786256417171
-0.00777713416577656
-0.00837788667329894
-0.00943446134588657
-0.0102512385088631
-0.0111275504534608
-0.0123131456551529
-0.0129644531416518
-0.0139374228222133
-0.0150476993168343
-0.01596426209912
-0.0171227086482158
-0.0178125320749338
-0.0187674106772816
-0.0197403896956271
-0.0204922315323679
-0.0211576607462442
-0.0221186753629543
-0.0227660012244758
-0.0232988595210277
-0.0241519634539622
-0.0250443789240044
-0.0254787009763725
-0.0259462564965124
-0.0264764851077423
-0.0269648474523281
-0.027538811507668
-0.0278894924109437
-0.028190086462333
-0.0286696148040441
-0.0289789870673184
-0.0290952642481781
-0.0291560266676909
-0.0293787021366411
-0.029554128876031
-0.0295261776876254
-0.0294477157544971
-0.0295629435172272
-0.0295615352620294
-0.029503433797038
-0.0295070735544355
-0.0293628810317642
-0.0292852025614276
-0.0291530644362214
-0.028979490069584
-0.0285308007451609
-0.0281848699768817
-0.0279540777322586
-0.0275480241684716
-0.0269178821944799
-0.0265117318271819
-0.0257121079020319
-0.0254224661201798
-0.024843221109117
-0.0242008711592007
-0.0231875199661863
-0.0226693731375719
-0.0217996908563486
-0.0207081805126311
-0.0202528214504318
-0.0192056841827639
-0.0181054525926359
-0.0174763563353509
-0.0162088104517698
-0.0152323994043547
-0.0144763608317641
-0.0129864170555233
-0.0122947922618549
-0.0109638227125329
-0.0102745599291114
-0.009429937437006
-0.00804826336154218
-0.00758343663460604
-0.00637794298912067
-0.00541659630649382
-0.00463645247098722
-0.00325204000308286
-0.00257334932738147
-0.0016042877285504
-0.000436036893688116
2.81467000742703e-05
0.00124301432830028
0.00217636653813164
0.00258096367004231
0.00358853936885427
0.00446602156924099
0.00504634488443954
0.00566876106639311
0.00652881289639848
0.00723429398170986
0.00759593792843609
0.00787631113112832
0.00842065549857853
0.0090231351836585
0.00916224979777892
0.00969570570418026
0.00969843735269531
0.00977063410966471
0.00998723180491824
0.0102596142467861
0.01039613831468
0.0104631579226995
0.0105613061178067
0.0106352271908912
0.010611088990415
0.0105688317292926
0.0104344241132449
0.0100539739219795
0.00988419072148697
0.00945980859033056
0.00920362517239211
0.00891004857715297
0.00828005814101414
0.00763701033917346
0.00718981010463679
0.00657258399168304
0.00578342034878262
0.00497122239590798
0.004287983829649
0.00318638592361989
0.00220868312559833
0.00129035320856959
0.000139012953753912
-0.000444563120549266
-0.00191603801862327
-0.00279312199385934
-0.0040400499229954
-0.00514077584269769
-0.00589067009982829
-0.00744727171846474
-0.00808420862464028
-0.00966101686864761
-0.0105885928753279
-0.0117690301887951
-0.0133205088966843
-0.0142802498342496
-0.0153242012180548
-0.0164552636925318
-0.0175018485706548
-0.0184301494950338
-0.0191830478902059
-0.0204851257999557
-0.0214592208966651
-0.0222697812850785
-0.0233056679265821
-0.0241128186842456
-0.0248015803222844
-0.025780699370465
-0.0264884725366781
-0.0273602280580753
-0.0282706914263025
-0.0288514685249362
-0.0294907120420909
-0.0302913901537174
-0.0309548699716653
-0.0312900773801873
-0.0318060549780118
-0.0320944116279194
-0.0323806911587702
-0.0327032596160238
-0.0329507499749955
-0.0331325131126214
-0.0332279949913439
-0.033389771681131
-0.0332812595058748
-0.0332154528256431
-0.0330534372952483
-0.0326623269558198
-0.0323794361043669
-0.0320383330516598
-0.0318053291442396
-0.0311713023046414
-0.0307646147686287
-0.0299090781893067
-0.0291804229409642
-0.0286994745524005
-0.0277734023199006
-0.0267960528164448
-0.0260467995535234
-0.0250664919886026
-0.0242602820188456
-0.0233927082482502
-0.0223361523229282
-0.0214850058911995
-0.0206842058304747
-0.019434249024972
-0.0187286777493465
-0.0173456306109314
-0.0165980484015029
-0.0156827944280642
-0.0143410252314795
-0.0136586933864249
-0.0120775364315814
-0.0114527125738804
-0.0101774368738526
-0.00904541088086211
-0.00835294856376387
-0.00691315948259847
-0.00650748029274583
-0.00535735344282246
-0.0043297846057481
-0.00369457762219954
-0.00265441819100202
-0.00161273984424255
-0.00114977490990075
-0.000290395087470024
0.000632815294392538
0.00120942768176845
0.00154806545059051
0.00213694259711159
0.00265423940295105
0.00311747563957294
0.00356911517557807
0.00374004963968751
0.00393535266879769
0.00419528583590848
0.00467706479710801
0.0049980977459545
0.00546032355679477
0.00565307389410594
0.00586714344114885
0.00593031767189237
0.00597767984726182
0.00591944212086267
0.0059776723866256
0.00592122814788904
0.00546505610899041
0.0051226851761926
0.00467966740583137
0.00438763772146055
0.00392090195592423
0.00362125944191667
0.00332495084256268
0.00241486737944319
0.00209810048682277
0.00142754462759623
0.00102389904972041
0.000398707529359617
-0.000117727576196424
-0.000756534312325738
-0.00139358024317462
-0.002362509314261
-0.0028801272664554
-0.0034755393446853
-0.00394481928792788
-0.00471998885293713
-0.00535528824043705
-0.0059931541865182
-0.00662084186777974
-0.00758208894618599
-0.00810840544442462
-0.00864662664368453
-0.00940167165171915
-0.0104552893910297
-0.0107070370607386
-0.0114995393244953
-0.0124104926350046
-0.0131576543499847
-0.0138651773543738
-0.0144324836502371
-0.0153536304700361
-0.0161626679174707
-0.0166855014030242
-0.0176018361610984
-0.0182250184829832
-0.0187979040790079
-0.0192210316645226
-0.0199131400633442
-0.0205417272619911
-0.0212239835198047
-0.0215843055394627
-0.0218169882221775
-0.0221640098184576
-0.0227851691327646
-0.0229917899428319
-0.0231391905296381
-0.0232300035920894
-0.0233623889632768
-0.0234888304433542
-0.0234858259528407
-0.0234613953270914
-0.0234080111415031
-0.0231116037402255
-0.0225903734956966
-0.0223638757434876
-0.0220729469039245
-0.0218977484202279
-0.021606185313017
-0.0212036839615342
-0.0209732796619864
-0.0208014213617907
-0.0202393589075081
-0.0196572590960245
-0.0193360307494291
-0.0192212934134371
-0.0185531970175163
-0.0179941937408914
-0.0172978171685197
-0.0167820984297691
-0.0162630580934586
-0.0156634595826169
-0.015046523594385
-0.0143049625090479
-0.013660985975423
-0.0130463878517764
-0.0123961439163
-0.0115375687382312
-0.0110296463809886
-0.0103458000035574
-0.00975354805191269
-0.00884276821809126
-0.00821007115273626
-0.00769205829490883
-0.00722149098388812
-0.00654208307052168
-0.00555172801196433
-0.00515978911276887
-0.00469295463699838
-0.00399457681141637
-0.0033136822955988
-0.00285061995699046
-0.00239586150278033
-0.00213654119703861
-0.0017992073897366
-0.00153266574191477
-0.00106899192709344
-0.00083970672230377
-0.000664160142173056
-0.000422394043629917
-0.000377946996177247
-0.000383609944779219
-0.000308751649093263
-0.000311162542697111
-0.000259207830515969
-0.000327117777250127
-0.000452826665166432
-0.000429361080753613
-0.000588275516880109
-0.00105951685147757
-0.00146397706746527
-0.00169414729639251
-0.00204066224099502
-0.0022076753861861
-0.00259908282193502
-0.00284605498038636
-0.00321039970456519
-0.00377554048954842
-0.00451695010008358
-0.00476039881336364
-0.00516505470543735
-0.00545277587332104
-0.00579991677966179
-0.00660417740737386
-0.0074097904508777
-0.0077743737527005
-0.00793350714032702
-0.00885586333842365
-0.00959965637135412
-0.0101274972975631
-0.0103879361185488
-0.0108451023665012
-0.0117710201054229
-0.0122947344601728
-0.0128819526073962
-0.0129728350400674
-0.0134422385006245
-0.0143057872189626
-0.0147697659789242
-0.0152855015560675
-0.0154037495536457
-0.0157571503821481
-0.0162746782411424
-0.0167348539524406
-0.0174358120561259
-0.0176291796584496
-0.0179550544333229
-0.0179915097970593
-0.0183487759676407
-0.0185263333027835
-0.0188231095666647
-0.0191615478329682
-0.0194447378512813
-0.0196726300193544
-0.0197324449626587
-0.0198598461748512
-0.0199241622431369
-0.0200184252113065
-0.020023033843228
-0.0202022786666956
-0.0201367870593737
-0.0200887569554244
-0.0199049408645708
-0.0196926354921268
-0.0196268709109547
-0.0189935603900047
-0.0184700393062255
-0.0182394578345576
-0.0179529132375061
-0.0176053503563951
-0.0174321605864439
-0.0170311142281136
-0.0165146032400988
-0.0160542808424416
-0.0157055230197596
-0.0155321648589867
-0.0151859351667336
-0.0149536270774958
-0.0147779318076553
-0.0145545272516505
-0.014207434429327
-0.0136322338955122
-0.0132674136959308
-0.0130795386445587
-0.0128380545524326
-0.0127974302868302
-0.0126027050913705
-0.0126027050913705
-0.0121399443179143
-0.0117323706604667
-0.0115012515211178
-0.0112546315588181
-0.0110246507619718
-0.0106217348729669
-0.010283149142396
-0.0101196275682097
-0.00970121469653489
-0.00948050020038897
-0.0091223630953112
-0.00878705294536016
-0.00846236415902388
-0.00815532614777531
-0.00785563449662546
-0.00745217321166223
-0.00694189929195568
-0.00689282480249828
-0.0067793261262643
-0.00653510292890253
-0.00637382507446592
-0.00637168758079556
-0.00631721299407069
-0.00614667014433982
-0.00602753549261681
-0.00591062831547687
-0.00602794331992952
-0.00603193056683149
-0.00609076829668793
-0.00598082824230808
-0.00603455415567781
-0.00632022652919149
-0.00621184463675167
-0.00637956818161003
-0.00654923260356878
-0.0066058879014057
-0.00673455528700051
-0.00675188191442429
-0.00680401132624275
-0.00683413575958055
-0.00683850723191799
-0.00695729589298304
-0.00701377519896534
-0.00747073226781635
-0.00788706522826564
-0.0082627740803132
-0.00859785882395902
-0.00889231945920312
-0.00905718509656457
-0.00920983324956
-0.00935026391818941
-0.0094784771024528
-0.00959447280235017
-0.00965124840246827
-0.00976780009398819
-0.00993339088112326
-0.0103631450947269
-0.0107103287383898
-0.0111041415799395
-0.0113795658083052
-0.011610686755013
-0.0118336097926557
-0.0121953603777626
-0.0123603937300342
-0.0124704407576482
-0.012641745508993
-0.013459231865592
-0.0140900778461355
-0.0144953057337769
-0.0145464594259573
-0.0148453026032536
-0.0150700143555441
-0.0158318158206519
-0.0164421314681742
-0.0169278045642468
-0.0172162332304557
-0.0177982831611734
-0.0184862384430907
-0.0185122167252034
-0.0190942308121675
-0.0193800875129094
-0.0195525903810942
-0.0196678690437892
-0.0197329406213501
-0.0197960520419756
-0.0198283183750026
-0.0198937527101599
-0.0199494404266592
-0.0200677502195771
-0.0200878560446643
-0.0200778754996762
-0.0200701601319334
-0.0200805174991437
-0.0200806560933829
-0.0202060974304652
-0.0200925837333887
-0.0201854228287082
-0.0202693599156496
-0.0197236813625873
-0.0198112689482124
-0.0194372779545634
-0.0193472299443382
-0.01921448397619
-0.0188594749718488
-0.0186501121552619
-0.0183720940359912
-0.0179500013997738
-0.0173367112570082
-0.0171258847276537
-0.0167876559072808
-0.0162872882310533
-0.0157777626009034
-0.0150872558493752
-0.01451302988428
-0.0142186592168689
-0.0135181222814153
-0.0131314120713045
-0.0125205588774458
-0.0118672079378097
-0.0114619430565251
-0.0104844246210819
-0.00985715497526461
-0.00962535811197501
-0.00902095221424819
-0.00806043710648975
-0.0074899617726916
-0.00724748734398762
-0.00679266902128324
-0.00609807710559274
-0.00541284144625574
-0.00487279652764826
-0.00459567791869772
-0.00429825998228315
-0.00362240950289231
-0.00323042255447023
-0.00288102044475525
-0.00251767881741012
-0.00221752343812608
-0.00162795990158973
-0.00131418299930867
-0.000969029981439248
-0.000679856478200722
-0.000275738485932729
-0.000268409298207966
0.000301074495117447
0.000473197452031099
0.000708698776320148
0.000880295249297039
0.000937445094277793
0.00111217063471241
0.00123234240305471
0.00139515318832811
0.00140238586913965
0.00139385603324527
0.00145936377233187
0.00146180683490679
0.00127553065062349
0.000983550453631067
0.00105368309096453
0.000761444768744318
0.000250250136330448
-0.000156751453986384
-0.000452509596210663
-0.000801986650947942
-0.00108377876637336
-0.00172346038380846
-0.00235428895455838
-0.00293430952160817
-0.00345076343832685
-0.00398291482635781
-0.00476888686800092
-0.00556215235308394
-0.00604382405217646
-0.00678788412819865
-0.00793630862306411
-0.00839579491100373
-0.00936434226595427
-0.0103016104441195
-0.0109321421047383
-0.011675010309082
-0.0127704210172479
-0.0135196933302514
-0.0142113041677293
-0.0152328371860379
-0.0160008870750284
-0.016635912533171
-0.0176721168532491
-0.0183036727780683
-0.0188805198682066
-0.0196269408282411
-0.0205388237793577
-0.0211179960808207
-0.0215919600061906
-0.0223433095643198
-0.0230910478914213
-0.0234965003155623
-0.0237793036665909
-0.0243477591211423
-0.0247468178712276
-0.025267856588933
-0.0254860373689079
-0.0257821252780706
-0.0259113169493386
-0.0261905692001152
-0.0263286802885871
-0.0264038235856458
-0.0263762438722156
-0.0264239440230597
-0.0263634935182766
-0.0263648670768607
-0.0264239757185441
-0.0262504969216498
-0.0261349095604865
-0.0258464348494379
-0.0257291191857201
-0.0255058444112498
-0.0251113005062315
-0.0246450654191613
-0.0240194386678023
-0.0237915066586119
-0.0233873726231766
-0.0230424254358828
-0.0222986241898414
-0.0214872237336789
-0.021026166296833
-0.0203862829592412
-0.0195274240534952
-0.0186024932691383
-0.017969544157336
-0.0171661832642249
-0.0162967041479093
-0.015603264322224
-0.0146019749585708
-0.0136725573817916
-0.0129220574868904
-0.0120081684079618
-0.0111311965806509
-0.0107722360881572
-0.0100193623702352
-0.00881543422091939
-0.00847563061670487
-0.0078682852890127
-0.00700498622803297
-0.00635916935842649
-0.00584729429703299
-0.00545038810709549
-0.00481406262745842
-0.00453215484246126
-0.0037802962236072
-0.00337482274401245
-0.00314342602848986
-0.00251356910406129
-0.00210914965482234
-0.00181762128194011
-0.00153989250775554
-0.00131673188498554
-0.000972021409095697
-0.000548552770465798
-0.000385909093336302
-0.000202801546957383
0.000194018017581976
0.000307189135288813
0.000533871940793017
0.000540236180549402
0.000707763409844334
0.000754709118425916
0.000745333858176625
0.000814252219210869
0.000749295391955534
0.000807816797855986
0.000818665073491462
0.000812059621227708
0.000687208374923365
0.000514576709365701
0.000406323344061125
0.000177230716731259
-5.45432003982112e-05
-0.00063773928473369
-0.00116431853598289
-0.00161257393096566
-0.00201611888753985
-0.00247377984952945
-0.0031648408865796
-0.00378736084515645
-0.00431689185934515
-0.00488967237847563
-0.00522441806751643
-0.00621533069870216
-0.00679322998674458
-0.00731838791560882
-0.00765377647942243
-0.00868632640042982
-0.0092617213850624
-0.00971683620471081
-0.0101346984046719
-0.0111082363901391
-0.0117033355088975
-0.012241263344499
-0.0125134785756394
-0.0131840144098444
-0.0141054217272334
-0.0146275130995676
-0.0149162644318535
-0.0154910359736864
-0.0163478927313551
-0.0170312918769991
-0.0174375734323948
-0.0184150189976734
-0.019508819300865
-0.0199135939288499
-0.0205987309969816
-0.0214883691063906
-0.0221173304463582
-0.0224650901003857
-0.0228115313891661
-0.0234372377072851
-0.0239348230687182
-0.0243256422898755
-0.0247699800715682
-0.0249996052841588
-0.0252697753839183
-0.0256744438463456
-0.0259699279979136
-0.0260326478772681
-0.0260326478772681
-0.026150981090806
-0.0262664034094897
-0.0260996383345158
-0.0260973239422909
-0.0260082550116735
-0.0257621257064492
-0.0256230604282315
-0.0251223899993584
-0.0247225243443383
-0.024444320148884
-0.023973536284574
-0.0237287619088812
-0.0231720714083902
-0.0224247622210183
-0.0219577122966098
-0.021324119188793
-0.0206166365193442
-0.0198605916296297
-0.0195117430403788
-0.0184316880969548
-0.0176147416321314
-0.0171671753444093
-0.0163066625978565
-0.0152505815546616
-0.01475246773364
-0.0139591940701114
-0.012624661809872
-0.0121221342539571
-0.0114150948990371
-0.01036229423832
-0.00961199869631445
-0.00929002692980513
-0.00772777101138213
-0.00725986720394073
-0.00639298404714936
-0.0056421620312081
-0.0047089940417909
-0.00397062311664105
-0.00321828062640737
-0.00241740151866336
-0.00163170789207062
-0.000975926221659008
-0.000512873322860523
0.000132853824459433
0.000932658975194263
0.00155722125720769
0.00207929836773782
0.00247854466423653
0.00289229801933451
0.00346648736896447
0.00393129966508439
0.00407449696405618
0.00426226229594177
0.00438294398315915
0.00457163900419821
0.00457639179868448
0.00450603284470193
0.00455360028697905
0.00437204716046375
0.00431814575504165
0.00414261461830414
0.00398949238470452
0.00370234597921531
0.00312688142930195
0.00259917935964168
0.0021359621408456
0.00163620336546141
0.00110258814837128
0.000534421394421017
-0.000488539561283624
-0.000913366616693472
-0.00173646862447195
-0.00266640682946793
-0.00317492425828093
-0.00379431647361847
-0.00519275827283619
-0.00589519974446226
-0.00646931739518692
-0.00773476499343044
-0.00848749039064798
-0.00906483511582174
-0.0102627981305789
-0.0109592271275184
-0.011464327413436
-0.0127366135320492
-0.0134784020002519
-0.0137677891728541
-0.0147993777119081
-0.0156656341990101
-0.0160705681588113
-0.0165307963686636
-0.0175256046805898
-0.0182127742302316
-0.0187114586310674
-0.0191937805253963
-0.0201043008705476
-0.0208618850770678
-0.021099968111208
-0.0213696787806895
-0.0220179058068078
-0.0227092981694484
-0.0231177678625739
-0.0236331172673795
-0.023918949093014
-0.0240882106319482
-0.0248176547551476
-0.0252312680043028
-0.0254692558422826
-0.0256990990406085
-0.0259931776069397
-0.0260911255182278
-0.0259512728495309
-0.0261169457390998
-0.0261417795219231
-0.0261353187990386
-0.0261593618968946
-0.0260514043390698
-0.0258102098258216
-0.0256923670372422
-0.0254056161363917
-0.0248894776660689
-0.024716493751816
-0.0243574055171643
-0.0241777916522475
-0.0236670051699479
-0.023318517554207
-0.0227441478369233
-0.0224413233925722
-0.022047368461108
-0.021589213031903
-0.0210788211234721
-0.0205107099787793
-0.0200056089960868
-0.0194908461193812
-0.0190203128774599
-0.0184369716784452
-0.01768542134195
-0.0174057014023893
-0.0168256839326635
-0.016365287933905
-0.0155007561646721
-0.0149885372718412
-0.0145221821612021
-0.0141198347028772
-0.0131346603958139
-0.0125125794649445
-0.0120466085102454
-0.0112927449756679
-0.0103578930090533
-0.00972250545776122
-0.00926444558538122
-0.00833423146304343
-0.00740718669221019
-0.00698636381331728
-0.00606287234568187
-0.00525987165068188
-0.00473291163245659
-0.00416150966959277
-0.00346426116574941
-0.00244521093414774
-0.00214901983017023
-0.00168303343055929
-0.000766749209714345
-2.27482407849659e-05
0.000329804530747793
0.000559453305862693
0.000906716474598327
0.00125597714827869
0.00177747096050103
0.00228784941461221
0.0024133131029269
0.0022762086277236
0.00245193373119564
0.00268037466885479
0.00258426767226415
0.00246424737557026
0.00212261929385601
0.00194685533247696
0.00149789357439849
0.00125052604812901
0.000841001231189204
0.000676995296677722
0.000447254159676409
0.000221305008690978
-0.000182776872778186
-0.00046104599623525
-0.000921841248862839
-0.00155515056526229
-0.00190739748316859
-0.0023656056041057
-0.00304983301816637
-0.00344061562818131
-0.00376699947810993
-0.00429055763161726
-0.00469983197510476
-0.00532556438663456
-0.0058799783496958
-0.00656575949585844
-0.00697321101831533
-0.0074344277591872
-0.00816870220598364
-0.00893976556541888
-0.00958455273853388
-0.00998309286557564
-0.0109546460863895
-0.0116059218332506
-0.0122359917093
-0.0125901922174652
-0.0134585584681986
-0.0143023774636126
-0.0147487400978583
-0.0152811587542816
-0.0158344470211032
-0.016329886049203
-0.0169048653342154
-0.0171466852578849
-0.0176081957824275
-0.0179446398511183
-0.0184739423799283
-0.0187636197440852
-0.019275494605533
-0.0194506531710604
-0.0195707588913198
-0.0198472617891425
-0.0199723487588152
-0.0201431229797397
-0.0203588947661957
-0.0204562115825906
-0.0207627300104238
-0.0208242551480229
-0.0207047432752221
-0.0205009291837589
-0.02053298479929
-0.02094516889528
-0.0209292644436225
-0.0209509624860571
-0.0210241073484191
-0.0210028435714238
-0.0210005130962032
-0.0210590041030814
-0.0210590041030814
-0.0210593720477
-0.0208846606940934
-0.0209280061767322
-0.0207454581149693
-0.0206323664865657
-0.0205939658729289
-0.0203663003844816
-0.0204212922580993
-0.0203083082364675
-0.0200272997618125
-0.0200151014621866
-0.019853553992369
-0.0193450498624804
-0.0189854382422172
-0.0188187131667603
-0.0186498270653005
-0.0184054527883048
-0.0182915994642193
-0.0180070671689977
-0.0175991228207385
-0.0170289018606599
-0.0163980616043621
-0.0160475813001202
-0.0158747681150033
-0.0154742099238011
-0.0148402185034647
-0.0140213348364941
-0.0136787534660225
-0.0134531057814228
-0.0129252742437196
-0.0122113939102359
-0.0113399266795943
-0.01105078331249
-0.0105878062412532
-0.00979488568256403
-0.00904319531286227
-0.00852150713535617
-0.00818047533894446
-0.00749629215751952
-0.00688837725801809
-0.00630581312664062
-0.00595131644204273
-0.00566735775211914
-0.00509982583315851
-0.00447676473875462
-0.00402356668165231
-0.00367003062320493
-0.00348746000315554
-0.00326374976851235
-0.00303711512994451
-0.00300356261236575
-0.0026721588123959
-0.00241052778654174
-0.00211961037265606
-0.00171808664681878
-0.00171818562214707
-0.0017709141655709
-0.00160263323274565
-0.00157947456932109
-0.00147192488135373
-0.00147613554743092
-0.00142762266793688
-0.00136902456885922
-0.00131409082172743
-0.00136696813613494
-0.0015508089059906
-0.00136240030410382
-0.00165983090815037
-0.00171370424555642
-0.00194311171558811
-0.0022468565691087
-0.00229664993514712
-0.00241461903251403
-0.0028287569970027
-0.00316765254290411
-0.00368336001103597
-0.00402904636305
-0.00437103911977842
-0.00471242134495471
-0.00507846666349178
-0.00535500300095136
-0.00615460882979595
-0.00685079564227892
-0.0073121143095605
-0.00753930524501337
-0.00805144595694872
-0.00897511818262719
-0.00954783711841854
-0.00976594313124129
-0.0101749422978094
-0.0110497143884674
-0.0117693169997334
-0.0121506052320244
-0.0123328063663732
-0.0125500513940829
-0.0132401836971918
-0.0140529016413513
-0.0143999045526793
-0.0146933180918582
-0.0150010948065999
-0.0152859663244577
-0.0161445894146995
-0.0167265982964795
-0.0172441111541604
-0.0175951543660519
-0.0182592545942007
-0.0190057496925554
-0.019578141291169
-0.0197450437112422
-0.0202818267278216
-0.0211772763108563
-0.0213921044242424
-0.0215291791156449
-0.0219429975762125
-0.0224181615741136
-0.0229423643440335
-0.0232659677761323
-0.0234650349700119
-0.0237438445502414
-0.023923570528413
-0.0240397779819591
-0.0242080928387858
-0.0244489501086674
-0.0246327889013803
-0.0246261645073664
-0.0245603997337483
-0.0245574073688892
-0.0244994518092124
-0.0242632055204291
-0.0239780008319046
-0.0237849269646014
-0.0232430009905066
-0.0227152080600782
-0.0224939731477652
-0.0220207849689903
-0.0215747526750188
-0.0206976034513272
-0.020293112976762
-0.0197197774216321
-0.0193717105679013
-0.0186240437999905
-0.0179299751480168
-0.0173061302153632
-0.016960410209021
-0.0160348052286677
-0.0155063991064402
-0.0148010493011422
-0.0142973181170032
-0.0136557502095668
-0.0130359579747496
-0.0126354271384218
-0.0120597952138621
-0.0112655689275363
-0.0109570761766207
-0.010543983209382
-0.0100955512071655
-0.00927945128675388
-0.00881921604369023
-0.00853437177364871
-0.00819533175319666
-0.00773406652380223
-0.00717016707770482
-0.0065304813601675
-0.00624314202339137
-0.00596155414855437
-0.0056709263208717
-0.00532498831151764
-0.00476308348267277
-0.00423650559179652
-0.0038367303764262
-0.00378897689674665
-0.00341792339477021
-0.00324701598509823
-0.00303089481393366
-0.00286186334486852
-0.00290543161821678
-0.00250428612661455
-0.00250612526499932
-0.00233194423290408
-0.00216191478354234
-0.00209696035272603
-0.00209830745915663
-0.00223138754907898
-0.00209692094362988
-0.0021351574949443
-0.00227208149868563
-0.00237203362109892
-0.00238029043642861
-0.00251013708300742
-0.0026257526601207
-0.00287067010174765
-0.00303653543283507
-0.00295610597979252
-0.00303113853148439
-0.00320335417532416
-0.00348984776350591
-0.00353116560512197
-0.00382403790749746
-0.0039439928718098
-0.00436056950292798
-0.00499462584155593
-0.00532623459938892
-0.00562189190488375
-0.00590463572004047
-0.00607915663160359
-0.00636671451125199
-0.00646001154459376
-0.00724119682857124
-0.0077464280161295
-0.00826555306279842
-0.00876409448559881
-0.00918305158496633
-0.00941595443751106
-0.00975854888191941
-0.010286120494796
-0.0107326222061618
-0.0113758683845524
-0.0117692940498443
-0.0122465022443523
-0.0126420763458164
-0.0133979123918222
-0.0139152025083321
-0.0142654841169574
-0.0147250168093148
-0.0151164517379977
-0.0155220982155626
-0.0163476973372023
-0.0166259400048335
-0.0169705780806933
-0.0175558852622055
-0.0180311223782303
-0.0184199202944831
-0.0188252271417025
-0.0193481598874677
-0.0196283024743686
-0.0199166955019718
-0.0200908969083298
-0.0202805610630473
-0.020491109556712
-0.0207677854663077
-0.0208370646395592
-0.0210698857608914
-0.021013403291193
-0.0211813759822108
-0.021355243456683
-0.0214122797152113
-0.0215291773625564
-0.0215276639262943
-0.0213918180051243
-0.0215732021465525
-0.0214436705430317
-0.0213800002313356
-0.0214414496601355
-0.0213046311385514
-0.0212902220947962
-0.0214572916181553
-0.0213499253267053
-0.021349070871111
-0.0211758303006321
-0.0211210049519985
-0.020981902910834
-0.0207545652146845
-0.0206945213918708
-0.0206100573987543
-0.0204941590002383
-0.0202711708593707
-0.0198115957257834
-0.0196166340756381
-0.0191757229437497
-0.0189956939697722
-0.018985751466917
-0.0186252747079333
-0.018090673869073
-0.0174520025270039
-0.0169803642432524
-0.0168035398362983
-0.0161071602651291
-0.015347694139187
-0.014952555932248
-0.0146011298166613
-0.0139179863700142
-0.0128352902627238
-0.0125384527955627
-0.0120758474792934
-0.0113457188140325
-0.01053536712178
-0.00994825873329084
-0.00942492617856729
-0.00874076784514633
-0.00788303536437942
-0.00765916663339913
-0.00714166993815101
-0.00628739264160244
-0.00572845608214978
-0.00506349920099615
-0.00465900348544448
-0.00431905698006907
-0.00387249966981912
-0.00350737248181182
-0.00310861188206495
-0.00276668308974065
-0.0027615800296268
-0.00259566713347728
-0.00216578626841191
-0.00207037765155238
-0.0018436747802131
-0.00183885299300541
-0.00178827065955002
-0.00167292386152819
-0.00161964436632228
-0.00199994856967458
-0.00150011703955187
-0.00155241797756681
-0.00166569088262034
-0.00200640964809898
-0.00207932931737508
-0.00212895539487923
-0.00248254854660757
-0.00272794791291448
-0.00287899635416024
-0.00313143514546599
-0.00329885463393568
-0.00347930558459903
-0.00364628707759831
-0.0037592895769962
-0.00405478624121798
-0.00492015632073104
-0.00547735556585464
-0.00583665675954934
-0.00611107847660469
-0.00661771895113145
-0.00670895041578159
-0.00751598285739982
-0.00809388313968476
-0.00847866955352766
-0.00884150148613766
-0.00936194109826747
-0.00999526054600281
-0.0103958302572214
-0.0109709776494528
-0.0110846568204686
-0.0113576755066394
-0.0118837857305903
-0.0127811809975495
-0.0131936041821335
-0.0136029673404745
-0.0137615580814313
-0.0139890797277556
-0.0144454055528023
-0.015132859481312
-0.0155750387711297
-0.0159269540364637
-0.016096355333097
-0.0163753614173571
-0.0166744534814259
-0.0171183159914362
-0.0174541791351687
-0.0176428659379549
-0.018177073199301
-0.0185784693767559
-0.0188781526177642
-0.0189860303941478
-0.0193271095565463
-0.0195704617556034
-0.0196049160688967
-0.0198364666445872
-0.0202972041578037
-0.0203099326373164
-0.0205375182847416
-0.0206524702397146
-0.0210319644245045
-0.0210616124854449
-0.02118652996941
-0.0213053586173392
-0.0214092005586208
-0.0214631130076942
-0.0213482070135198
-0.0212931674270339
-0.0210649220513491
-0.0209442290571308
-0.0207806922023254
-0.0205485195211366
-0.020377658243879
-0.020072931349694
-0.0199701657669914
-0.0196972430855057
-0.0194698871887348
-0.0191184118701616
-0.0185391754878138
-0.0183029377608122
-0.018186378545139
-0.0175189142098844
-0.0172663200764201
-0.0171535109974142
-0.0167513995911132
-0.016169895860598
-0.0159963239066341
-0.0157578541996947
-0.015666454876883
-0.0151557908603695
-0.0149626708038387
-0.0146741803528491
-0.0145023625976984
-0.0141482407100471
-0.0138694883921051
-0.0135826191450267
-0.0133981854137907
-0.0128951564079713
-0.0123685387568908
-0.012144440208177
-0.0120867635263647
-0.0114077772557952
-0.0111566329414406
-0.0110453158790388
-0.010247076568535
-0.00990578284078068
-0.00967331609114675
-0.00941845527485414
-0.00918097420506426
-0.00860646048224597
-0.00794491761506887
-0.00765868888457767
-0.00748961481304271
-0.00737901832272167
-0.00709148634048994
-0.00669552565615812
-0.00622725072171472
-0.00565811388830684
-0.00554129258023446
-0.00513140809247268
-0.00491395721085651
-0.00480568365346943
-0.00437072402012273
-0.00415802588700775
-0.00385693297949319
-0.00364300460180694
-0.00341738986453151
-0.00341010893061469
-0.00333954166454232
-0.003329053990562
-0.00328077410003472
-0.00327244856056266
-0.00327244856056266
-0.00333645084427004
-0.00345309509998561
-0.00356092849060372
-0.00362009098631443
-0.00396815960798714
-0.00421287678077525
-0.00448826277443519
-0.00502616373537561
-0.00553680460510372
-0.00565561794563132
-0.00583254800200997
-0.00618574535682387
-0.00646115373498734
-0.00681883888079983
-0.00732388922252387
-0.00802437950162405
-0.00826083142288043
-0.00871886474811339
-0.0089955972445981
-0.00940669223072335
-0.0100487422981104
-0.0103790940999428
-0.0109695041528688
-0.0111514611601903
-0.011416763916832
-0.0117051792963845
-0.0122233083761912
-0.012769958401221
-0.0132842673418845
-0.0134642009059585
-0.0138068404612604
-0.0139819404191042
-0.0141568159896528
-0.0144453840298436
-0.0147956963687896
-0.0153091953135629
-0.015537539300259
-0.0157669421054615
-0.015938237253182
-0.0161675886178983
-0.0164059681805333
-0.0165201166540784
-0.0168097798464836
-0.0168691975529601
-0.0170350730378131
-0.0173610314705676
-0.0175484268350168
-0.0179693197980174
-0.0182230741390953
-0.0182237870651831
-0.0183382835690739
-0.0183035156886133
-0.0183526874162794
-0.0182450731650177
-0.0181398427714028
-0.0180826085494309
-0.0179697278214598
-0.0179219678866297
-0.0179154622193231
-0.0179197693679128
-0.0179098694394029
-0.0178560601970875
-0.0175675504135761
-0.0174106637863052
-0.0172295668950904
-0.0171664230598689
-0.0170599429582241
-0.0169788530712743
-0.016880828356001
-0.016547927812002
-0.0162579740231612
-0.0159120018677151
-0.0155749815542024
-0.0154413669701279
-0.015271375002382
-0.0151024901502489
-0.0150981955170338
-0.0149217838678185
-0.0145741151705021
-0.0144620077303382
-0.0143987513164488
-0.0141133393114515
-0.0138189162602016
-0.0133554142431931
-0.0132417878717941
-0.012720927185794
-0.0126180889436268
-0.0129542762141064
-0.0123009368712711
-0.0122226430341575
-0.012208908497504
-0.0121545321692604
-0.0120400921208345
-0.0118644285731982
-0.0117468311512294
-0.0115705635204576
-0.0114515770544954
-0.0112212055561546
-0.0110537096042148
-0.0109445984383341
-0.0107762026777909
-0.0105674937039122
-0.0103305667221417
-0.0100963973419472
-0.00999315378753673
-0.0099438807492177
-0.00977029087908303
-0.00981177573292799
-0.00966206973840052
-0.00958475401207198
-0.0096266954823376
-0.00939771824114906
-0.0094000212487854
-0.00934255843561821
-0.00906418370079017
-0.00894961109809677
-0.00855189671819996
-0.00831142604803126
-0.00797468418719239
-0.00809004055708283
-0.00774441305417272
-0.00767270339059094
-0.00749978917807814
-0.00749978917807814
-0.00733057141466628
-0.00722409609927178
-0.00720775213300891
-0.00732393241053159
-0.00691792301473025
-0.00676553881223665
-0.00664462938485935
-0.00676667053134233
-0.00669667468500359
-0.00675823946540974
-0.00693168703276555
-0.00709896069113767
-0.00709661413269639
-0.0072813106459697
-0.00762938545816378
-0.00780385504165227
-0.00821284057227488
-0.00838218921843978
-0.0086123013886421
-0.00880518811388322
-0.00894613276664456
-0.00918031264179183
-0.0097105979971881
-0.0101883884268209
-0.0106008016543241
-0.0108623234943697
-0.0111006243996217
-0.0112701826729564
-0.0114419926338571
-0.0116800086616697
-0.0120088043497988
-0.0124231100554317
-0.0127092966919529
-0.0129905251374663
-0.0132241756722768
-0.0135094579198187
-0.0136275333443986
-0.0137889467181522
-0.0137867609819835
-0.0138067220719597
-0.0138608434708604
-0.0139062160306666
-0.0139106196655091
-0.0146827828624764
-0.0142319047384604
-0.0144621172561632
-0.0145193420907286
-0.0146955641605995
-0.0150665792031877
-0.014954709119583
-0.0149467968831792
-0.0152015539256246
-0.0153005941939934
-0.0153574497495093
-0.0153494424364464
-0.0153473531834182
-0.0153494424364464
-0.0153539880845444
-0.0154127596408456
-0.0154296023051543
-0.0154875948357164
-0.0155416420136422
-0.0154919513525678
-0.015923139514992
-0.0155529283727963
-0.0155575240523586
-0.0155639365333697
-0.0154624420154204
-0.0154452134210618
-0.0154387526981774
-0.0154474313186857
-0.0152661382488405
-0.0152742023909763
-0.0150444137983726
-0.0150418439311161
-0.0149203772272026
-0.0148625102056182
-0.0147510929117778
-0.0147487769781771
-0.0145786893039935
-0.0145154387941843
-0.0141645424854824
-0.0141199835195045
-0.0139187960009642
-0.0137583225494386
-0.0134994121613358
-0.0130908038597467
-0.01297836325758
-0.0129164234757327
-0.0126944681656312
-0.0126857252209564
-0.0126877109814588
-0.0126330779863359
-0.0126330779863359
-0.0127506311963529
-0.0127506311963529
-0.0126986268684356
-0.0127500616507194
-0.0126927346921438
-0.0126301580441322
-0.0125711131804149
-0.0125116954739384
-0.0126969051719809
-0.0128854930713616
-0.0124422178972345
-0.0123608947352633
-0.0123608947352633
-0.0123047364137232
-0.0122364929306599
-0.0121213622804855
-0.01213293424161
-0.0119561344053725
-0.0118542679105241
-0.0117277800422573
-0.0115013300216453
-0.0111978654781581
-0.0109160612611358
-0.0105010589092552
-0.010271727983593
-0.0101781473609808
-0.0100464398245642
-0.00986453069455502
-0.00986673332744081
-0.00969748350522682
-0.00936132667553682
-0.00906149668022298
-0.00869289179952903
-0.00869049699006095
-0.00856612393116247
-0.0084477046538702
-0.00830308980893685
-0.00810703490264029
-0.00810470442741965
-0.00810470442741965
-0.00804674057715764
-0.00809891095205368
-0.00809493940351396
-0.0082248343580633
-0.00815759458187442
-0.00827902479004384
-0.00846186234243811
-0.00875143740314081
-0.00864659197707445
-0.0090039219343607
-0.0088793080941498
-0.00899435714747223
-0.00911201276739588
-0.00934302948185875
-0.0094012821352671
-0.00945991971049267
-0.00981294459103795
-0.0100598497906847
-0.0101538225877278
-0.0102623436053388
-0.0104329382975631
-0.0106590735715864
-0.0107255215642261
-0.0107848075241251
-0.0110666592242919
-0.01112366981686
-0.0111883637616014
-0.0112252134200734
-0.0113030226867269
-0.0113486293826137
-0.0113786044644841
-0.0113576213972645
-0.0114074174561208
-0.0114723742833761
-0.0115900713875805
-0.0118099161566391
-0.0120432593938037
-0.0127251296884646
-0.0128454056228959
-0.0131442078151499
-0.013360010901232
-0.0136010661268539
-0.0136924749259878
-0.0137384716146821
-0.0138472738498169
-0.0139622838145462
-0.0141882813780979
-0.0143781963333411
-0.0146486653083499
-0.0149728895820047
-0.0147251278682868
-0.0147822461389656
-0.0148216184169079
-0.0148913827714279
-0.0148933551851798
-0.0148911855300527
-0.0148968886986174
-0.0148924529008449
-0.0149605887625634
-0.0148945405169295
-0.0150061087754694
-0.0151198178072839
-0.0151286250769689
-0.0151895150364722
-0.0151764971057097
-0.0151841471823002
-0.0150702088617198
-0.0151097956745203
-0.0150687541435252
-0.0153200200090132
-0.0152156240914323
-0.0152521663484943
-0.0153063338796881
-0.015315205475233
-0.0153086482667269
-0.0153064625305582
-0.0153153341261031
-0.0153153341261031
-0.0153063982038421
-0.0153063982038421
-0.015422814320107
-0.0156492818198099
-0.0156615215726581
-0.0156226404170555
-0.0155350053890004
-0.0153648597089771
-0.0152975618683739
-0.0151349824793959
-0.0150669502400716
-0.0148328925113444
-0.0146469740751619
-0.0145740479130971
-0.0144567905751166
-0.014342497102043
-0.0140290428252328
-0.0138839157513976
-0.0135858275633407
-0.0131419553499927
-0.0129156611505301
-0.0127297422148816
-0.0126460774065348
-0.0125364904979656
-0.0122137555633485
-0.0118778947248208
-0.0116420789143852
-0.0111240528205385
-0.0108152766354349
-0.010595022368974
-0.0102982065737927
-0.0102312886541756
-0.00996776706483344
-0.00950005279817939
-0.00922187030651881
-0.0089266520987323
-0.00876133264698631
-0.00864114943260993
-0.00840902717093342
-0.00829995392600334
-0.00807298675292009
-0.00795524672545012
-0.00766178125723569
-0.00760842755334527
-0.00749476206274928
-0.00743890737430672
-0.00720580545677522
-0.00710116685019628
-0.00698093578802347
-0.00697418996893429
-0.00703400126756835
-0.00731062729442737
-0.00733108292746516
-0.00739417926474867
-0.00751512446994368
-0.00761730640504874
-0.00780236335177088
-0.00792285608356685
-0.00803518087471177
-0.00814332861669654
-0.00819724106916616
-0.00831482637296506
-0.00859577107805799
-0.00871131139788593
-0.00889488961419832
-0.00884058002654027
-0.00890307473477587
-0.00888073492912338
-0.00899786049381284
-0.00911283877273234
-0.009185908939402
-0.00980833299030765
-0.00984064886516161
-0.0102199267196869
-0.0103984793153163
-0.0106739140630691
-0.0108453623301323
-0.0109747435398499
-0.0111463664026114
-0.0112071414981709
-0.0113835485420624
-0.0116625615782588
-0.0121218084238118
-0.0122956790403132
-0.0124680228907208
-0.0126306636921013
-0.0128943305615945
-0.013213043864635
-0.0134991892943419
-0.013781825874836
-0.0139609159358273
-0.0143822062093072
-0.0145986896438278
-0.0146541994379486
-0.0148223940258399
-0.0150000510241777
-0.0151812728602862
-0.0152378849406814
-0.0153073529329822
-0.0154138122515506
-0.0155125423816552
-0.0155861567478458
-0.015756806212554
-0.0159841519857043
-0.0160864213870521
-0.0164382778046458
-0.0164966682952146
-0.0164902075723301
-0.0166701792892618
-0.0167713799967218
-0.0168469668830686
-0.0168852450196844
-0.0173967840659422
-0.0173789122214202
-0.017358803448668
-0.0173665098096424
-0.0173665098096424
-0.0174294047856496
-0.0174361291250969
-0.0174342203978936
-0.0174347654729897
-0.01748909911646
-0.0173756655102607
-0.0173783382801003
-0.0172612503967473
-0.017089507124684
-0.0169727024338077
-0.0168523148577263
-0.0168038080072827
-0.0165654133488205
-0.0164565514408454
-0.0161826264701084
-0.0156394388101588
-0.0152544176783987
-0.0151359779310889
-0.0151263343566736
-0.0148137178544054
-0.0145307154087843
-0.0139541838905005
-0.0130305610113082
-0.0128709794501856
-0.0128123038081191
-0.0125118158092993
-0.0120586763483587
-0.0117711510982056
-0.0113163074425279
-0.010974629398769
-0.0107882841184758
-0.010498461127751
-0.00997822315425886
-0.00970867963547173
-0.00973662331041362
-0.00892174824878922
-0.0088484993275102
-0.00872008631703878
-0.00831377339858525
-0.00831377339858525
-0.00792053159263219
-0.00774595120680248
-0.00745374269585478
-0.00711539574417049
-0.00682700430976689
-0.00671973608434304
-0.00666640711811806
-0.00654508711246595
-0.00656126696561442
-0.00642304338848796
-0.00648806801859298
-0.00642997914261274
-0.00637587939380539
-0.00642993296819425
-0.00669016626396708
-0.00654686079584301
-0.00648877191986277
-0.00665905850578877
-0.00673092239528083
-0.00690503460228203
-0.00706965271740053
-0.00713512600241474
-0.0073112354636311
-0.00743078919769712
-0.00769874719348049
-0.00793806243814536
-0.00819911447615825
-0.00848889852799353
-0.00856069746413062
-0.00880082403310513
-0.0088928361359007
-0.00889684331887668
-0.00895303411108068
-0.00908676882595373
-0.00971635572391777
-0.00981678587384477
-0.0100522585257581
-0.0101827674385032
-0.0103542025589391
-0.0105829589081537
-0.0108087306310874
-0.011106417246563
-0.011508623590929
-0.0119079188953813
-0.0120279551083831
-0.0122591313995549
-0.0124311600412534
-0.0126647040788226
-0.0128869634552148
-0.0131647208193181
-0.0135250572067843
-0.0139404000769726
-0.0142783196751659
-0.0147374726593918
-0.0150744788789032
-0.0152260058141804
-0.0153219094072938
-0.0153763747009393
-0.0156082417381561
-0.0157771000858208
-0.0161788808438904
-0.0164679671855472
-0.0167031007351823
-0.0169989385681926
-0.0171121510898076
-0.0173923115837853
-0.0174983215252221
-0.0175505366796
-0.0176151308768121
-0.0177331694953655
-0.01791537463631
-0.0182043020468216
-0.0183732131340207
-0.0186019390661097
-0.0186953494893317
-0.0186713001217114
-0.0186675483925288
-0.0185857695062658
-0.0185452784232609
-0.0184424945879393
-0.0182100971698111
-0.0181598469403823
-0.0178703505280664
-0.0177272168211263
-0.0176288389417238
-0.01754893600253
-0.0174933604696253
-0.0172682736110122
-0.0170862652948198
-0.0168754990911094
-0.0162881770171563
-0.015819465720928
-0.0155043621893838
-0.0153262274413522
-0.0152543593704506
-0.0150098476799628
-0.0144107984833383
-0.0140023006644421
-0.0135315739550892
-0.0131273615668708
-0.0126095590569928
-0.0124909886700108
-0.0119876325521745
-0.0116810642345442
-0.0113956406692732
-0.01112590438354
-0.0108717880977007
-0.0106408170803051
-0.0103584350583929
-0.0100636602494932
-0.00949897114292027
-0.00921567777122916
-0.00909821619599516
-0.00899969475153004
-0.00896450398523882
-0.00889092021988175
-0.00870441206921351
-0.00840010379359983
-0.00835110969520887
-0.0080801352636754
-0.00807815238925313
-0.00791512010665627
-0.00772961794062211
-0.0076059266375546
-0.007552816245636
-0.00749550374348677
-0.00750307044036079
-0.00745159302320075
-0.00733088322610603
-0.00722450051520874
-0.00711246295231776
-0.00709886608488861
-0.00710799499249623
-0.00703452720465274
-0.00723233659064595
-0.00687601676626555
-0.00709665177506111
-0.00732840109085502
-0.00733063507142026
-0.00738719626024389
-0.00761797294728498
-0.00790274630444673
-0.0081090499795625
-0.00834308330960417
-0.00828970069784521
-0.00840443904238651
-0.00852167137987775
-0.00857972022365905
-0.00881681785671
-0.00893087213857254
-0.00927876332401608
-0.00956415007461115
-0.00979261007871837
-0.0100909624279433
-0.0103682199405326
-0.0102847617451093
-0.010379465503172
-0.0105537394237208
-0.0106726446983904
-0.0109788721209247
-0.0112496380673035
-0.0117030502716313
-0.0119894037391442
-0.0121565980353078
-0.0122177952534781
-0.0126177690309565
-0.0127412785408381
-0.0127347213323319
-0.0129649842908042
-0.0130274174742928
-0.0134888236061607
-0.0141389222945188
-0.0144320874696801
-0.0147693117312558
-0.0149362551995159
-0.0150575273528129
-0.0152213872386855
-0.0158019606611985
-0.0162059488084459
-0.0163858090463594
-0.0165559452939256
-0.0166737796991663
-0.0168483216841225
-0.0169040541135763
-0.0172006174478051
-0.0173740835014276
-0.0174225666693201
-0.0174931086144244
-0.0174626462291269
-0.0176109222691921
-0.0175788526371613
-0.0175410560730608
-0.0173807277790157
-0.0175288703314227
-0.0172793213951611
-0.0171319601250529
-0.0167766905682135
-0.0164963132697127
-0.016317015953167
-0.0161463925515148
-0.0159870287879337
-0.0159892125000504
-0.0156762783432814
-0.0154526909446111
-0.0152366377780138
-0.0152265291032658
-0.015064880049809
-0.0147095634468478
-0.0146681537034826
-0.0147540341217182
-0.0144670262401558
-0.0143537394861477
-0.014087511435926
-0.0137325472842299
-0.0135451344454372
-0.0136897068912061
-0.0133967642989474
-0.0132123243816652
-0.0130099249131482
-0.01271036223743
-0.0124688634290968
-0.0121886026250378
-0.0117851151943826
-0.0117082716344101
-0.0115419625202506
-0.0114875348276383
-0.0114356236857662
-0.011264805783754
-0.0109594528329121
-0.0109164518828898
-0.0107044140926758
-0.0104567954515284
-0.0100089710853246
-0.00989374506294937
-0.00990763046312897
-0.0093231248313601
-0.00938386148666484
-0.00924989579558362
-0.00912709943703736
-0.0090272627990669
-0.00897093746393114
-0.00898006637153876
-0.00896675897822131
-0.00890765033653791
-0.00879124115185267
-0.00871642414499442
-0.00871570023318033
-0.00873077525324407
-0.00858985348035642
-0.00865354068173041
-0.0085997909776726
-0.00848665948476792
-0.00842745846177425
-0.00820902027693532
-0.00828331316953001
-0.00832827929093456
-0.00850400327128676
-0.00830529857125771
-0.00820413542220024
-0.00809735752866108
-0.00815166513757632
-0.008103105355632
-0.00809700995066658
-0.00815145833542305
-0.00810443524701316
-0.00832928077763979
-0.0084280678213857
-0.00872286095075629
-0.00895270189626201
-0.00924092559340847
-0.00953118668485708
-0.00970066755889531
-0.00993021399889501
-0.009948085843417
-0.010435872678698
-0.0103667369107147
-0.0106795292126761
-0.0110849177097639
-0.0113667932396493
-0.0118374363796538
-0.012146922047399
-0.0123610177702057
-0.0124760079653072
-0.0126667659565584
-0.0129316996380356
-0.0130168511945182
-0.013401734260455
-0.013589564816217
-0.0135963035592177
-0.013804505542485
-0.0140838572079376
-0.0141962383190044
-0.0144332960265949
-0.0148337061665489
-0.0147774948361185
-0.0148247656572133
-0.0147342831273302
-0.0146182313531016
-0.0147793573095816
-0.0147278829656601
-0.0146098163903147
-0.0146783395018043
-0.0146691349309121
-0.0148514395656369
-0.014896677719684
-0.014959050430855
-0.01495758794787
-0.0149697228377313
-0.0150660617465803
-0.0152319939203093
-0.0152439679676497
-0.015190413081158
-0.0152526756530081
-0.0154662899284447
-0.015456883031752
-0.0153303416988854
-0.0153708917636087
-0.0153169548333743
-0.0152639227013712
-0.0152636346895704
-0.0153204102364783
-0.0152670407495118
-0.015197710979102
-0.015209751767742
-0.0150942398720609
-0.0151512576159828
-0.0150942398720609
-0.015152754992368
-0.015152754992368
-0.0150942398720609
-0.0148607939552602
-0.0146287104826157
-0.0144550298592931
-0.0143406417915922
-0.0145308696136797
-0.0142286855186749
-0.0141094014125971
-0.014053083056192
-0.0140515722931443
-0.0139332162913237
-0.0138745728318287
-0.0137644023563368
-0.0135171260415131
-0.013451182178376
-0.0134053718540679
-0.0130391247854941
-0.0128678866138853
-0.0123718281701224
-0.012378778121949
-0.0122610962536667
-0.0120894152287726
-0.0118583422553729
-0.0116260078738865
-0.0112424179476808
-0.0109698777593027
-0.0110099754832047
-0.0106432558868872
-0.0102937320996287
-0.0102314967425624
-0.00999905731106355
-0.00990445547554369
-0.00988248576996938
-0.00972683419251961
-0.00944240412972524
-0.00926625782252335
-0.00909698602166122
-0.00903803909298833
-0.0087431722250984
-0.00832473600220504
-0.00827627463596302
-0.00823031776310688
-0.00821252659106474
-0.00817184183099734
-0.00864410567312376
-0.00872140721271787
-0.00868332335551155
-0.00861562826045698
-0.00868427148546383
-0.00880866265204301
-0.00894280115160385
-0.00896733829917133
-0.00909932838035709
-0.00899266848263266
-0.00920692266769544
-0.00922111540521357
-0.00935229897870927
-0.00950321940605739
-0.00967473566698016
-0.00968173034415183
-0.00984148675961132
-0.00997376235479714
-0.0100162163798343
-0.0100844945564178
-0.0102716310986593
-0.0103672083677368
-0.0103232332413883
-0.0103559309554178
-0.010547604171867
-0.0106521345890027
-0.010710417119397
-0.0109579711020814
-0.0110001452951523
-0.0112408877599966
-0.01142560177363
-0.0115188985080271
-0.0115797866256642
-0.0117640735675219
-0.0118866653964147
-0.0121151759409661
-0.0122751848498662
-0.0124622962545399
-0.0125132304112968
-0.0127829768879379
-0.0129345191831
-0.0132586183303325
-0.0135470552252684
-0.013672271908767
-0.0137838589942832
-0.013849671901276
-0.0140794374724375
-0.0141935580282765
-0.0143709964091995
-0.0144624013823753
-0.0147664732171492
-0.0150420560555751
-0.0150986474698948
-0.0156189930953738
-0.0157412227246696
-0.0159602936757986
-0.0160755175883688
-0.0159707681359692
-0.0162026820819746
-0.0162002665813169
-0.0163865319293786
-0.0163389279654381
-0.0163500690171745
-0.0163049871065386
-0.0163049871065386
-0.0163091582418132
-0.0163053090447617
-0.0160724508267001
-0.016257553058149
-0.0161398254702619
-0.0160903527671567
-0.0158599229448003
-0.0156256572406767
-0.0155131145479159
-0.0154001818381181
-0.0151088002017794
-0.0150961682035478
-0.0148766619393014
-0.0147586701384554
-0.0147050779869513
-0.0147197026043439
-0.0145940188720629
-0.0142535776405966
-0.0140206662978016
-0.0136637456068273
-0.0134941378985749
-0.0131995947235195
-0.012910527254409
-0.0128566726794037
-0.0127392045742354
-0.0127443868257677
-0.012515023403431
-0.0123464180948235
-0.0121968761235372
-0.0121715539288592
-0.011877613439833
-0.0118159234641568
-0.0115260327215051
-0.0113558108893748
-0.0111270488229175
-0.0111354480928633
-0.01103984039123
-0.0107477670809325
-0.0103859732546291
-0.0102824774174034
-0.0100511419591681
-0.00997369933160108
-0.00986578048004738
-0.00980693964450753
-0.00975955071543154
-0.0094005731145049
-0.00933028936665037
-0.00929056875707377
-0.00916744422216095
-0.00895881487445172
-0.00870801223024017
-0.00858473873355031
-0.00831358336844667
-0.00843831960435733
-0.00838110124691435
-0.00809872916723609
-0.00810530086819067
-0.00819058701841598
-0.00841319432119594
-0.00835897723422339
-0.00852938768129904
-0.00847818216767549
-0.00853521395401597
-0.00846947780987171
-0.00859398373174046
-0.008689920821069
-0.00889493993733596
-0.00882852196236233
-0.00890583969709314
-0.0089496046247866
-0.00895432990856332
-0.0090675049471499
-0.00911728996995298
-0.00923888063191437
-0.00940564544876579
-0.0095965848522644
-0.0099336424855775
-0.0100370090680703
-0.0104502750721382
-0.0106373607084281
-0.0108445298236896
-0.0111298200405959
-0.0113021023941409
-0.0115452281308227
-0.0115314382741076
-0.011833365182184
-0.0121806385745755
-0.0125231803088658
-0.0129262824106333
-0.0131588622188044
-0.0135021606672361
-0.0136171265160784
-0.0138432620918345
-0.013955334094408
-0.0141862154461362
-0.0144155654230695
-0.0147982266148219
-0.0148506811969164
-0.0148869600533207
-0.0150511000674821
-0.0151142836654108
-0.0152366248229532
-0.0154029547046765
-0.0155236185578858
-0.01558542783754
-0.0155240955627619
-0.0155222049788328
-0.0154585459989494
-0.0155744284094625
-0.0155198225553254
-0.0156332935277014
-0.0156310434652416
-0.0154202566881085
-0.0154629169379613
-0.0154589928030009
-0.0155935325824592
-0.0155496047070163
-0.0154605397162147
-0.0155775663138325
-0.0155797842127187
-0.0155753484149463
-0.0154620227830793
-0.015464208519248
-0.0155110659748244
-0.015650004115383
-0.0158170834567434
-0.0158741415277983
-0.0159893131011728
-0.0156982465703949
-0.0158099441796382
-0.0155827245201299
-0.0154154935681327
-0.0153013433493458
-0.0152456374677228
-0.0150736621331191
-0.0148801225246507
-0.0145555456239995
-0.0146166268623433
-0.0140870927412593
-0.013397182308708
-0.0131771466360534
-0.012996170212002
-0.01294234852588
-0.0128215457149145
-0.0125244077224621
-0.012220377422735
-0.0119991156625449
-0.0115870847746837
-0.0113099042660633
-0.0111238215129694
-0.0109612963060813
-0.0108501774274145
-0.0107349250083075
-0.0105694518000388
-0.0102054693178891
-0.010405499526915
-0.010405499526915
-0.00997669599941818
-0.00976102307624778
-0.00965315919302795
-0.00942030521941683
-0.00936962603885864
-0.00912094417669112
-0.00908467710235347
-0.00901129949932621
-0.00907255626162259
-0.00896162878057062
-0.00896162878057062
-0.00888602860291143
-0.00889098930843044
-0.00885030633973415
-0.00879889332333895
-0.00862911240422953
-0.00866507310589576
-0.00880121770908917
-0.00878997355589893
-0.00880186718371614
-0.00883714666071884
-0.0086735102287935
-0.00885984576369187
-0.00897332892117003
-0.00895545707664806
-0.0090242133235881
-0.00908733011370776
-0.00920472157636572
-0.00925658738554587
-0.0094634264538693
-0.00972022042916983
-0.00998844396050559
-0.0101565967012849
-0.0102148994766678
-0.0103846477925138
-0.0104415798384239
-0.0103761478743974
-0.0106168998526398
-0.0105687275197055
-0.0106760791267374
-0.0109222485275367
-0.0109608452797936
-0.0110737479513361
-0.0111451563726674
-0.0112089618028218
-0.0112713554164083
-0.0113891904155642
-0.0115047210634494
-0.0118483191709579
-0.0120169252694927
-0.0120728693254367
-0.0124162496601483
-0.012647475184079
-0.0128176363050627
-0.0128785944041154
-0.01304790055921
-0.0133897734792497
-0.0139015634077482
-0.0143408859459852
-0.0143933904568822
-0.0147222919324312
-0.0149501775594093
-0.01512184657269
-0.0152982547954311
-0.0156354066384148
-0.0156571135236697
-0.0157052485550973
-0.0156016395461334
-0.0155946481204715
-0.0156073053118917
-0.0156639515567416
-0.0155775226220752
-0.0155984671846923
-0.0155721242805434
-0.0155842591704047
-0.0154486151463263
-0.0155279902810406
-0.0155702028973238
-0.015473166733457
-0.0155419771313431
-0.0153014361902264
-0.015176029892004
-0.0153026864546441
-0.0152278042032063
-0.0152966453030953
-0.0153015314282452
-0.015290645930663
-0.0152301325360337
-0.0153042179092288
-0.0152884619530606
-0.015234315340649
-0.0150572840398244
-0.0148907748675166
-0.0147239539671338
-0.0144289857068447
-0.0143123144251965
-0.0141434632688006
-0.0139717838736982
-0.0139814107743776
-0.0137582343722666
-0.0132753232296195
-0.0129344012310433
-0.0125916715010654
-0.0123069482786148
-0.0119924089633637
-0.0116619828596381
-0.0115496675249686
-0.0113728878732744
-0.0112112154802079
-0.0110456276464475
-0.0108704973428991
-0.0107029371217638
-0.01058606505895
-0.0105916847558323
-0.0108783319905009
-0.0107057839266633
-0.0107551707458388
-0.0106388036236006
-0.0105360556513913
-0.0105433440189341
-0.0104102502477642
-0.0102962960464634
-0.010224970459093
-0.0102300173682769
-0.00998459855403181
-0.00987208464816771
-0.00986841111649155
-0.00964257463924935
-0.0094219595838195
-0.00915063202128038
-0.00897773678803353
-0.0087989319764548
-0.00844880494028795
-0.00815900921888948
-0.00804433603177524
-0.00798616538235812
-0.00786997259169191
-0.00781557170114527
-0.00775989175942411
-0.00775768994200287
-0.00781338730846017
-0.00780904799820599
-0.00792162908839597
-0.00809643861586085
-0.00866161553174243
-0.00884270299038295
-0.00919225048162263
-0.00943113587384827
-0.00977982764976176
-0.0101664961708393
-0.0106994266931713
-0.0110982057424715
-0.0113870764204233
-0.0117409521660392
-0.0120568953786708
-0.0122040083306702
-0.0123853822635805
-0.012490968291142
-0.0126219770603929
-0.012690868535657
-0.0127366457533444
-0.0126512606498048
-0.0125866633350727
-0.0126426425024282
-0.012697358568013
-0.0125254702521494
-0.0126549176373211
-0.0126457490538703
-0.0126531264961103
-0.0126536144796229
-0.0126880465934181
-0.0129219087935444
-0.0132032936354587
-0.0134657078436218
-0.0136251085792447
-0.0139215436691039
-0.014213415127573
-0.0143256517858858
-0.0149066146388731
-0.0150197126234997
-0.0148412166004492
-0.0151988720071366
-0.0154705953816758
-0.0157009936815024
-0.0158780291492399
-0.0159866485511201
-0.0161672756548401
-0.0162731291310063
-0.0162353500242931
-0.0161113255941032
-0.0160449857937857
-0.015882603926091
-0.0156613584383574
-0.0155738105462017
-0.0151966438698798
-0.0150740646101461
-0.0150229501401507
-0.014850394204939
-0.0147043288979878
-0.014459592844723
-0.0144461242536657
-0.0143859094573436
-0.0142689324767758
-0.0142057886415543
-0.014209538745654
-0.014214823107465
-0.0142104516351276
-0.0141399967832751
-0.0140930510746934
-0.0141013731759684
-0.0139732410056113
-0.0139230994688561
-0.0139307944460694
-0.0137953247364228
-0.0134600092173886
-0.0132313954472752
-0.012835037790756
-0.0127695199312125
-0.0128170774939849
-0.0127240068463655
-0.0122634158633836
-0.0121433203865916
-0.0118576657453008
-0.0115112151904974
-0.0112780256631757
-0.0108792851902132
-0.0107282468457392
-0.0105384483855768
-0.0105384483855768
-0.0104118492021447
-0.010524948519904
-0.010524948519904
-0.0106956470028278
-0.0107762231823004
-0.0108297529333854
-0.0109318406328446
-0.0109484586662773
-0.0111719255471557
-0.0115203909461791
-0.0114614445482785
-0.0113478245624466
-0.0113446158444079
-0.0114609737495229
-0.011349962923695
-0.0112975900223705
-0.011109617233043
-0.0109147438834173
-0.010870762729871
-0.0107518016199497
-0.0105737859485786
-0.0105035443131668
-0.0103321777442738
-0.0102775583810794
-0.0100999485684051
-0.0100583985088417
-0.0100519240195402
-0.00998303913900023
-0.0100506649995442
-0.01033229588617
-0.0103148618222305
-0.0102915852010106
-0.0103534382952937
-0.0103697505382449
-0.0105290403597466
-0.0108359082804451
-0.0109880701895083
-0.0111219358756521
-0.0112153268968689
-0.0113366041979472
-0.0113426382053676
-0.0115315735059137
-0.0115933308469386
-0.011735360930814
-0.0117376592402665
-0.011798031582496
-0.0119266917226813
-0.0119626911565831
-0.0118485119865501
-0.0119570491393502
-0.0117747795202129
-0.0118728036692408
-0.0118750537317006
-0.0117034616322068
-0.011739083435979
-0.0117411307272586
-0.0116263536623766
-0.0116171621108357
-0.0116711672248533
-0.0116756266725282
-0.0116816587584631
-0.0116876670341997
-0.0118073858765964
-0.0118688430390585
-0.0119119072124966
-0.0120858540164587
-0.0121536210108981
-0.0121571566996516
-0.0124353244403399
-0.0128179566505494
-0.0129102716208148
-0.0126245769501162
-0.0126830953668532
-0.0128167193380342
-0.0128532264727858
-0.012966579016718
-0.0130795319044501
-0.0130795319044501
-0.0130817337218713
-0.0131397706798061
-0.0132507124096466
-0.0133087493675814
-0.0136597304212359
-0.0138818415064973
-0.013934055842926
-0.0138965292710236
-0.0138740286464253
-0.0139282438578221
-0.0139963313248886
-0.0142129382771388
-0.0142476120100113
-0.0141734720850881
-0.0141174150143291
-0.0141884324795108
-0.0142933452164898
-0.0143109763339696
-0.0143086537534068
-0.0142983880150817
-0.0144019940838251
-0.0142470932950789
-0.0142842318635218
-0.0144094816249921
-0.014291254780817
-0.0143527708574149
-0.0143406008648197
-0.0143575897106256
-0.0143528000916894
-0.0143955241174093
-0.0143371622819094
-0.0148064307482886
-0.0147320147801788
-0.0143033599631948
-0.0142986826417378
-0.0141946246016589
-0.0142412913261408
-0.0141449540955148
-0.0140603721749363
-0.0140087818031431
-0.0137416110100063
-0.0135546789166634
-0.0134462734711286
-0.0132219710218526
-0.0127590291906294
-0.0126460563668437
-0.0125310634649441
-0.0122729613421831
-0.011878524021442
-0.0117505496004503
-0.01166113623365
-0.0117011885869535
-0.0116706833272169
-0.0114194200522176
-0.0114194200522176
-0.0113081740972559
-0.011321770964685
-0.0112647460676149
-0.0112644584625358
-0.0112465041376586
-0.01112788560206
-0.0112415789901252
-0.0111176424346914
-0.011180994093273
-0.0111257489224856
-0.0110751900341888
-0.010894873692065
-0.0108463414798137
-0.0108467683689095
-0.010733829509112
-0.0105629238015527
-0.0104753904335176
-0.0103878916187307
-0.00988407100391804
-0.00980569467914764
-0.00980403999174449
-0.00959177069377828
-0.00947834685127494
-0.00928464885752542
-0.00929113572664522
-0.00928843854937003
-0.0093582062000701
-0.00953056350224286
-0.00964594508739663
-0.00964594508739663
-0.00981623005669528
-0.00981623005669528
-0.00997952464922644
-0.0101524422227011
-0.0103255037923118
-0.0107919874491734
-0.0112897955693001
-0.0113339685771961
-0.0115554593463792
-0.0119025235577512
-0.0120761726918683
-0.0122481084297035
-0.0123248067574969
-0.0124204964109588
-0.0126080943247936
-0.0127711618064607
-0.0126601887939994
-0.0126858149330289
-0.0126754828888748
-0.0126259284376597
-0.0126982274322332
-0.012691043003829
-0.0128777984984089
-0.0129887110742618
-0.0129199801156509
-0.0130403900688578
-0.0130914802464552
-0.013291115037804
-0.0137393324494354
-0.0139694438667771
-0.0141524713760751
-0.0141999850207312
-0.0142611793933297
-0.0143933298604834
-0.0144376260640221
-0.0144957372190395
-0.0146734281330129
-0.0149675391180969
-0.0150729092933171
-0.0151289575774433
-0.0151423997128774
-0.0152060606508843
-0.0151831510200618
-0.0152513070315514
-0.0151405715704417
-0.0149673870450991
-0.0150318436188879
-0.0146280245943469
-0.014658296154326
-0.0144910950268739
-0.014316463914331
-0.014268765843508
-0.0142031721242164
-0.0141297013216183
-0.0141428157386306
-0.0140794460309784
-0.0139725220603429
-0.0138945806671333
-0.0138488939007652
-0.0138553063817763
-0.0138510313944356
-0.013915816115442
-0.0138768169197776
-0.0138536582563532
-0.0137404321610355
-0.0136899370797182
-0.0134913930768312
-0.0134029334912103
-0.0128266847691067
-0.0127145139513178
-0.0125821556560285
-0.0124857708748443
-0.0122673848767108
-0.0120284646804834
-0.0118556043890549
-0.0115545823740045
-0.0113360950934705
-0.010983485648885
-0.0108723264733373
-0.0105804144372176
-0.0105213365252673
-0.0105197764445055
-0.0104099985415337
-0.0104167004832295
-0.0103587966036695
-0.0104586325420487
-0.0108562254109003
-0.0108315430753867
-0.0104883531693059
-0.0104850454706622
-0.0105344124599727
-0.0105446150042345
-0.0105979934472308
-0.0105956308053425
-0.0105885911300187
-0.0106357067912749
-0.0106866409480318
-0.0107473033455714
-0.0109660447082539
-0.0109919113989602
-0.010921967009247
-0.0110387343765669
-0.0110433561274393
-0.0111168387927703
-0.0111104753012145
-0.0110464280317467
-0.0107130002787272
-0.0109784747778535
-0.0111797642359604
-0.0111018087352686
-0.0111727822640411
-0.0113075919887981
-0.0112940116025318
-0.0113100175533438
-0.0113510298265903
-0.0112990966498118
-0.0113202990837442
-0.0113504812752923
-0.0114774194982994
-0.0114661661290388
-0.0115281391303868
-0.0115784862451512
-0.0116378388865904
-0.0117640992072272
-0.011820967148494
-0.0118755528652263
-0.0119120077707877
-0.0121260220327175
-0.0123977116188507
-0.0125017691834717
-0.0125652957234597
-0.012813327265386
-0.0130974543841399
-0.0133293756901241
-0.0134352353441978
-0.0135604458912962
-0.013562245941264
-0.0135603374837543
-0.013608188011956
-0.0135600132402136
-0.0135302195717865
-0.0135353958886667
-0.0132522574363096
-0.0132426557546141
-0.0129667866903599
-0.0128042153937995
-0.013009774113453
-0.0128176102134375
-0.0125799903590354
-0.0126371802753094
-0.0124626371306647
-0.0125208980524423
-0.0125166537472227
-0.0125166537472227
-0.0126383819587659
-0.0126320103765227
-0.0126321524577173
-0.0128590312485493
-0.012971556598457
-0.012971556598457
-0.0129737744973432
-0.0131437491890381
-0.0133069690903977
-0.0134861760825908
-0.0136584666043054
-0.0138376187145512
-0.0141701945891976
-0.0144360927654902
-0.0144889672670808
-0.0144985589627881
-0.0145450167965391
-0.0144178253458706
-0.0142519905547903
-0.0139816526182191
-0.0138476514384667
-0.0137206447111839
-0.0134418376692125
-0.0134006577201498
-0.0131444241685753
-0.0130863055834142
-0.0129828155973325
-0.0129235955028856
-0.012797675058432
-0.0128172195590313
-0.0128646796849357
-0.0128563776787797
-0.0133247554434968
-0.0131915430787245
-0.0131702048610076
-0.0132343600698364
-0.0132784975666929
-0.0134371254447571
-0.0132660190581081
-0.0131558639843651
-0.0130611371864154
-0.0129857283535224
-0.0129278023366312
-0.0128688240760181
-0.0128202517535548
-0.0127846821760415
-0.0127629752747048
-0.0127767127429567
-0.0124008112171862
-0.0121647266133857
-0.0121891235011343
-0.0118829161977327
-0.0121337898454407
-0.0117552083846913
-0.011693979280651
-0.0116849790308117
-0.0116963097536693
-0.0116935264471217
-0.011558713135617
-0.0115142958455392
-0.0115187959704589
-0.0115187959704589
-0.0113801790187439
-0.0114343696183651
-0.0114407820993762
-0.011525779016515
-0.0116421114711245
-0.0114582436722684
-0.0115211386482756
-0.0114419895591167
-0.011389378373312
-0.0113303311591596
-0.0112001240526762
-0.0110110653879084
-0.0110583099005415
-0.0107616388759218
-0.010765978186176
-0.0107621587696156
-0.0105715056236036
-0.0107087604566462
-0.0108149702833311
-0.0108714986308376
-0.011161768332526
-0.011275005494267
-0.0112769131272957
-0.0112790819309836
-0.0114597029119559
-0.011628701185878
-0.0115822674648752
-0.0116875924985787
-0.0120930722674314
-0.0123460002678036
-0.0123434156792559
-0.0124584554284656
-0.0125130656809038
-0.0126410271300999
-0.0125989788814689
-0.0126873259708645
-0.0126367944371983
-0.0126292722271218
-0.0126776408638195
-0.0125979911562704
-0.0126474924177809
-0.0127023550272892
-0.0128749011098644
-0.0128936859861859
-0.0129529330295838
-0.0129741008669712
-0.0129669132997422
-0.0130135233267101
-0.0129725655613764
-0.0131327022054819
-0.0133240353257684
-0.0134569781371347
-0.0134430586566699
-0.0134539444282387
-0.0133856687781247
-0.0134537440326775
-0.0134983303930931
-0.0135017565358967
-0.013443449773085
-0.0134003777728678
-0.0135117808052003
-0.0137426458509405
-0.0139109011646461
-0.0139704798113668
-0.0140246719272034
-0.0140849391893233
-0.0140837574545864
-0.0142568013075601
-0.0143112663320597
-0.0142611979049717
-0.0146313024650154
-0.0142862096494249
-0.0143832236370242
-0.0143130408697712
-0.0143898773336829
-0.014372134142593
-0.0143898773336829
-0.0143285661619749
-0.0142693188399538
-0.0142100053816181
-0.0140951713347586
-0.0139846015283231
-0.0139777237783126
-0.0136863130269209
-0.0134498153595314
-0.0130283710956283
-0.0129403986705817
-0.0128242344567163
-0.0127634551404589
-0.0128772771774511
-0.0130275844053124
-0.0129289883905923
-0.0128609775995166
-0.0127141690226657
-0.0128267501128557
-0.0128420502660367
-0.0128420502660367
-0.0131714187476901
-0.0132309609581053
-0.0133384168524467
-0.0135084867679121
-0.0135780841207694
-0.0135115700661378
-0.013404917994063
-0.0133495078393662
-0.0133707716163614
-0.0131922161911873
-0.0130181954225025
-0.0129714437792323
-0.0129031336856505
-0.012900133031994
-0.0127825967163658
-0.012428933709297
-0.0123023720800968
-0.0119000044183195
-0.0117440976129418
-0.0115039972229478
-0.0112958656862166
-0.0112300017577715
-0.0112128686428401
-0.0112890850125952
-0.0112795701103414
-0.011480873118431
-0.0115341141221279
-0.0114162568280863
-0.0115298912618784
-0.0114706077486255
-0.011529759630518
-0.0114587804839533
-0.0116407785508363
-0.0116484055672035
-0.0117757001897212
-0.0116466120229602
-0.0116920033089576
-0.011641887644747
-0.0117013952526754
-0.0116881740979752
-0.0117507952777963
-0.0116369979610519
-0.0116237870565245
-0.01158113953813
-0.0116376498693332
-0.0115194517988809
-0.0114795233979579
-0.0114026508539772
-0.011368276973933
-0.0113530749137441
-0.0114141853912332
-0.0113772119201246
-0.0113113645483594
-0.0112286985728875
-0.0114966291265545
-0.0114228931410292
-0.0114794005321959
-0.0114794005321959
-0.0116026305301117
-0.0114874150272953
-0.0115985377691555
-0.0117062272704016
-0.0117813237309262
-0.012005721091522
-0.012175220802366
-0.0121726493284081
-0.0123977703410826
-0.0127460657534994
-0.0127460657534994
-0.0128506924239306
-0.0128595640194756
-0.0130332733223711
-0.0133250876897413
-0.0138403965203023
-0.0137565454908504
-0.01391703090413
-0.0139204665836529
-0.0140227207579324
-0.0142619532944616
-0.0141586375848797
-0.0141493869545208
-0.0144419866772269
-0.0142718906432013
-0.0141029850707617
-0.014025674094479
-0.0137504459727228
-0.0137428765699523
-0.0136184494287633
-0.0135574188878904
-0.0135990279287291
-0.0136793054963334
-0.0135974264240415
-0.0136739387752088
-0.0142211872265802
-0.0139084509324331
-0.0140973507647812
-0.0143186584027344
-0.0143210434448011
-0.014310338188942
-0.0144450021449085
-0.0143891134629595
-0.0143306483338286
-0.014394536113316
-0.0143342424859347
-0.0143154199149151
-0.0142059009666965
-0.0141536835551328
-0.014082949535701
-0.0140218835207389
-0.0139167822184393
-0.0137314801692884
-0.013613705244932
-0.0137976918268229
-0.0134544362659218
-0.0134736331701679
-0.0134451248040544
-0.0131035226189203
-0.0131557060021535
-0.0131566292820932
-0.0130372942323351
-0.0129594793468613
-0.0127766643331898
-0.0128818272201168
-0.0129489561336139
-0.0128214988655787
-0.0128217394030778
-0.0127648577457468
-0.012762704171452
-0.0127706071034546
-0.0127145962723782
-0.0126986120910111
-0.0126651416961387
-0.0126643232209575
-0.0128199447711096
-0.0124513272237244
-0.0122556945083515
-0.0120857288199297
-0.0120833131948501
-0.0120224830458739
-0.0119056022237425
-0.0119803873120252
-0.0117876237949602
-0.0118599105075617
-0.0120185050815249
-0.0120406840703873
-0.0121404481955735
-0.0123727872554886
-0.0124154470168567
-0.0124401977039148
-0.0124737725861948
-0.0125388108742559
-0.0126141510232319
-0.0126730070965901
-0.0125937312040084
-0.0127443378662306
-0.0126746520331857
-0.0126059260154528
-0.0125516141131109
-0.0125586037570652
-0.0124133003111276
-0.0123175498796022
-0.0122431022106861
-0.0121332225784954
-0.0120809830394901
-0.0121932767399067
-0.0120826721677969
-0.0120802362890417
-0.0119568674201943
-0.0119175852492006
-0.0117942272389143
-0.0117990282848534
-0.0118604235586569
-0.0118840970450104
-0.0118714050331786
-0.0118746572953018
-0.0117130815279536
-0.0116878719106964
-0.0118093180169932
-0.0117636186238049
-0.011749776934515
-0.0117535064476586
-0.0119190906621231
-0.0117968276593363
-0.0119801359569685
-0.0120479249402342
-0.0120445246382727
-0.0121052108515169
-0.0121987250577091
-0.0122585413738441
-0.0124339562148484
-0.0126140636071565
-0.0126526529034157
-0.0127122012406261
-0.0130268186879596
-0.0128094322693808
-0.013032974417831
-0.0128506622251035
-0.0128218666216895
-0.012871202736924
-0.0126252718458238
-0.0126209968584831
-0.0125607970873227
-0.0125593119427239
-0.0126248187254842
-0.0126807834453248
-0.0126248187254842
-0.0125333180067949
-0.0126423703769608
-0.0125215071371414
-0.0126349324204296
-0.0127487687102973
-0.0128054028312225
-0.0129179560443702
-0.0134650490753101
-0.0133022992159266
-0.0135074679539211
-0.0137636290119974
-0.0141051834563736
-0.0141032933428629
-0.0142210972090856
-0.0142792009358587
-0.0145086712315246
-0.0147908828888731
-0.0148649735824165
-0.0149332436806843
-0.0149445504029197
-0.0149321115554066
-0.0146107029663979
-0.0143804135383464
-0.0141368225864846
-0.0139072933713589
-0.0135753330316018
-0.0134609127564645
-0.0134159110370153
-0.0133699212430354
-0.0132456808830514
-0.0131324586756273
-0.0130753492269269
-0.0130114400555237
-0.012964617077917
-0.0129001779002313
-0.0127924999288652
-0.0127806867194234
-0.0127827103749257
-0.0128601687833185
-0.0127924542202529
-0.0128606807544552
-0.0127995430579385
-0.0128531461363536
-0.0127901375092959
-0.0127853651800789
-0.0128484408122787
-0.0127874502627276
-0.0130239157010605
-0.0128632007605703
-0.0129796671641847
-0.0129231144511535
-0.0128430463315544
-0.0127900580807178
-0.012551131707071
-0.0125107615483328
-0.012376292184312
-0.0123127817505662
-0.0121201777435837
-0.0119893352347346
-0.0120004247291658
-0.0120091676738406
-0.0118300947657953
-0.0117592098134484
-0.0115848555567446
-0.0115819770272569
-0.0115834127434534
-0.0114115889193436
-0.0112701522837589
-0.0112527576730873
-0.0113555305537604
-0.0113430915144441
-0.0113611201534048
-0.011251464743037
-0.0112302927662899
-0.0114725601116557
-0.0116958859955019
-0.0118665141489221
-0.0119212462007005
-0.0122733703816389
-0.0123939556276248
-0.0126866060195316
-0.012790363718943
-0.0128531654670808
-0.0128509636496596
-0.0130282720951929
-0.0131064103316233
-0.0131427120811456
-0.0131373525605593
-0.0131794573402187
-0.0131794573402187
-0.01314705584907
-0.0130856020534434
-0.0130315495243707
-0.0130041628015479
-0.0128934018013388
-0.0127961337888881
-0.0128080274167053
-0.0127844009978217
-0.0127820705226011
-0.0127867958063778
-0.0128127848671497
-0.0128703632108077
-0.0130229169382083
-0.0129784887700697
-0.0129869012633407
-0.0132822135567968
-0.0135631411061776
-0.0134443786024721
-0.0137883343707946
-0.0138051907905534
-0.0138653045822864
-0.0138094636173545
-0.0137508881721811
-0.0136970243895336
-0.013619687271933
-0.0134433984884592
-0.0135029503118697
-0.0134605749079217
-0.0136164323872895
-0.0136196073147539
-0.0136098370797388
-0.013663536261148
-0.013715323453397
-0.0137276961574335
-0.0137360006916734
-0.0134975239479387
-0.0134854199599998
-0.0134501155262312
-0.0134953158948502
-0.0133601941976982
-0.0132887132070255
-0.0132198501956472
-0.0130472032110914
-0.0128655750702941
-0.0128590715129344
-0.0128034644614302
-0.0128189191785428
-0.012702799583273
-0.0127042124769827
-0.0127082963478118
-0.0127744450397934
-0.0127701057295392
-0.012771492041718
-0.0127672477364984
-0.0128231445574959
-0.0128796449247483
-0.0127636964094788
-0.0125898864155129
-0.0127141605732602
-0.012831903408911
-0.0128521008608232
-0.0128292785918042
-0.0128273361821715
-0.0128356935570223
-0.012942998405622
-0.0130003264946912
-0.0130852335999768
-0.0130759116990942
-0.0130853622666476
-0.0131346157484995
-0.0130642744822032
-0.0130526221061
-0.0130063962707161
-0.0128650061676071
-0.0128383930834377
-0.0128227351079219
-0.0128385890462633
-0.0129661880402397
-0.0128799861324557
-0.0127340606461921
-0.0126792007063787
-0.012782855232387
-0.0128024902892702
-0.0126632573050173
-0.0126123527581592
-0.0125086232440524
-0.0124124955174718
-0.0122807855594237
-0.0122823392944966
-0.0121099956357271
-0.0121029559604033
-0.0120597402944187
-0.0120412251566195
-0.0118700842163404
-0.0118746808352454
-0.0118480660486106
-0.01198842136542
-0.0119974521402649
-0.0120295195730731
-0.0120080686848496
-0.0119502395789628
-0.0120065579353679
-0.0120627370794224
-0.0121896296229798
-0.0121871249239191
-0.0123048982669492
-0.0123664554531623
-0.0124211653594255
-0.0123631061622681
-0.0124759832930914
-0.0123875061624092
-0.0123831056051022
-0.0123492960480897
-0.0124632351477747
-0.0124597192701884
-0.0124619659489328
-0.0121364816567285
-0.0125189749596526
-0.0120354523017377
-0.0121227181017602
-0.0120046872709522
-0.0119385050161031
-0.0120023528382452
-0.0118849137038147
-0.0118862544020711
-0.011996085113186
-0.0119938350507262
-0.0121095043327805
-0.0123414583928639
-0.0124781734626798
-0.0124691382273621
-0.0126319669442032
-0.0126885321230047
-0.0128141540279403
-0.0130621444785936
-0.0131107064159842
-0.0131738093676698
-0.0133733985742946
-0.0133312653663769
-0.0134068158340654
-0.0133902773408469
-0.0134420454885401
-0.0134396828466517
-0.0135051348631274
-0.0134492793107054
-0.0135660466780253
-0.0136887597303596
-0.0136675485607852
-0.013796742920141
-0.0139761686897789
-0.0140462863736604
-0.0139142177569369
-0.0137968848830073
-0.0136551937647856
-0.0137497741730283
-0.0135352505266315
-0.0135516757608465
-0.0134575328066062
-0.0131500278129642
-0.0131428516820915
-0.0130857479817717
-0.0130882443546887
-0.0130719310281442
-0.0130583341607151
-0.0131149055942495
-0.0131152645154043
-0.0131703888836719
-0.0134577633638743
-0.0136890811093781
-0.0138052672153813
-0.0139188685104638
-0.013929958004895
-0.0140397359078668
-0.0141540430342666
-0.0142723839706951
-0.0142113050599783
-0.0143839507583266
-0.0144483517969848
-0.014303717075545
-0.0139604302219866
-0.0139604324913296
-0.0136674676446328
-0.0134867459494054
-0.013179982938888
-0.0130708412569208
-0.0129630945821087
-0.0128490172362959
-0.0127652900880535
-0.0126590908885642
-0.0126175310259458
-0.012553315782528
-0.0125533740932693
-0.0125555025186479
-0.0125003781503803
-0.0125551369028789
-0.0125568928635156
-0.0129010613237015
-0.0126759610029511
-0.0127563818324043
-0.0126989322702593
-0.0127659820588661
-0.0126279562873935
-0.0127128943557157
-0.0127893817060281
-0.0127496317199639
-0.0127825313369904
-0.0128619103667198
-0.0128371939787051
-0.0128466445462585
-0.0129119475598239
-0.0128538591142935
-0.0128442798764212
-0.0128662337012265
-0.0128585515849149
-0.0127440359568886
-0.01269553789645
-0.0128042213259613
-0.0129876256768244
-0.0124274529020308
-0.0122599668819398
-0.0122639682884522
-0.0121909092412627
-0.0121320455460354
-0.0121344242715988
-0.0120791955262654
-0.012069744958712
-0.011891522585937
-0.0120202001320335
-0.0119602468758768
-0.0119716580103863
-0.0120102690179067
-0.0121258795073626
-0.0121258795073626
-0.012244851706598
-0.0121704186732524
-0.0122468590692108
-0.0124339551464456
-0.0127962531785158
-0.0124383478082789
-0.0126653702026385
-0.0127752249528689
-0.012836402022969
-0.0127661017251896
-0.0128274911435442
-0.0131187862455428
-0.0128213526599711
-0.012817013349717
-0.0128218903913154
-0.0127124671644697
-0.0126339072126284
-0.0126404160548421
-0.0126628535682171
-0.0127513811014852
-0.0127146210851155
-0.0129396209892184
-0.0127797770099514
-0.0127577370038319
-0.0126512999379517
-0.0128967235350232
-0.0129478754351316
-0.0131212278599441
-0.0131250315714473
-0.0131859799643979
-0.0132370519195925
-0.0132961759381338
-0.0133216342526077
-0.013314787571902
-0.0132650756437447
-0.0132508997924146
-0.0133320883785825
-0.0133081402839017
-0.0132299402822391
-0.0131688499247271
-0.0131664711991637
-0.0131688499247271
-0.0132837525513361
-0.013256307805106
-0.0134556836904643
-0.0133563672786895
-0.0134148706129158
-0.0134004052512928
-0.01341756509161
-0.0132514096749407
-0.0133997839230023
-0.0135934626319952
-0.0136675711392138
-0.0137533770150994
-0.0135975553894149
-0.0135850489127239
-0.0136574136543051
-0.0135391631884924
-0.0133177735599776
-0.0133239063255876
-0.0131859466073283
-0.0131331324057644
-0.0131985726927755
-0.0132998248922306
-0.013420788084421
-0.0135978999964051
-0.0135405419619297
-0.0136718078649509
-0.0134982495541367
-0.0135543493574722
-0.0137321159364144
-0.0135561078445029
-0.0136111208936347
-0.0133867743673887
-0.0135598866919675
-0.0133119673221008
-0.0129744952566256
-0.0129782282859871
-0.0127893652809865
-0.0127893652809865
-0.0126818672877885
-0.0126853171244356
-0.0126190647123932
-0.0127514193882137
-0.013134387672911
-0.0129433376605791
-0.0129173105526097
-0.0129719878373012
-0.0129719878373012
-0.0130912151289045
-0.0131504807966145
-0.0132025648245064
-0.0132592747960678
-0.0132612172057005
-0.013263483350272
-0.0132050759070831
-0.0132009331626145
-0.0130885194724999
-0.0129783216626275
-0.0129684028388065
-0.0129165323102752
-0.0128016186542824
-0.0127413004527172
-0.0127960344463077
-0.0125791245966358
-0.0126646369259271
-0.0127040914780555
-0.0124175044446088
-0.0124679734625478
-0.0122852372637501
-0.0124276573817733
-0.0125941998959993
-0.0125299659940107
-0.0124581153142985
-0.0123985865387485
-0.0124167783928233
-0.0123728205311189
-0.0124770010084013
-0.012473299785091
-0.012458042875811
-0.0128864151670963
-0.0129921667988034
-0.013095260179297
-0.013217124781616
-0.0135552501936133
-0.0135925235355315
-0.0135823733919136
-0.0138081025121248
-0.0138637729686004
-0.0139796572998217
-0.0139907215019183
-0.0141548914466328
-0.0140370201321663
-0.0139938208039129
-0.0139368030599909
-0.0139198248076951
-0.0139214603901178
-0.0138667590224241
-0.0137896012433363
-0.0136149113833104
-0.0135531735709722
-0.0133240403260049
-0.0129229563677628
-0.013042050075775
-0.0131530001896626
-0.0129016322375501
-0.012714079647582
-0.0128917590701584
-0.0129409139916366
-0.0129373453699117
-0.0130589646000368
-0.0131737132082219
-0.0131672524853374
-0.0132284087537012
-0.0134070007436047
-0.0134660940164266
-0.0134621282634264
-0.0135821050796424
-0.0135231574133805
-0.0136938564647142
-0.0135822022978803
-0.0136306417204
-0.0135855421595857
-0.0138853216534378
-0.0140299442908029
-0.0135700545427084
-0.0134408421802702
-0.0134200871648802
-0.013395401977059
-0.0133486568079486
-0.013334577457301
-0.0132812237534105
-0.0132249611646563
-0.0132329974766691
-0.0132980401664245
-0.0131156520513363
-0.0129587408950473
-0.0130175379199944
-0.0128224065599829
-0.0127359240787525
-0.0125983968978527
-0.0124976581524967
-0.0125059760101748
-0.0126277454970148
-0.0129268070215965
-0.0125520714071846
-0.0126022626290965
-0.0126584869737634
-0.0127279377283859
-0.0127249967614497
-0.0127810295377781
-0.0130598996582079
-0.0131179945241769
-0.0132457021397052
-0.0132446824095288
-0.0134150797251328
-0.0133606250092216
-0.0135362283225285
-0.0134173240554569
-0.0135346363379796
-0.0133017376069312
-0.0130031223297271
-0.0128214585783843
-0.0128338246122078
-0.012938804663846
-0.0126825345662833
-0.0126184906841179
-0.0123333950988515
-0.0121642697868569
-0.0121616438816801
-0.0123717681639978
-0.0123760227180513
-0.0123081688665647
-0.0123136483530515
-0.0123296391637279
-0.0125506813380778
-0.0125454113714015
-0.0127254280128035
-0.0128036434921641
-0.0127237148411985
-0.0127803114771785
-0.0129003349164289
-0.0127803039048266
-0.0128575234770044
-0.0125408842152193
-0.0127532169503055
-0.0126091340104152
-0.0126676357679727
-0.0127871018284824
-0.0127918271122591
-0.0128513225906027
-0.0127787723015076
-0.0130257298121916
-0.0128429274755983
-0.0128452740340396
-0.0130892892529175
-0.0130298998793246
-0.0129626214463509
-0.0129441069738619
-0.013079170548598
-0.0129687413467902
-0.0126320668804266
-0.0126643510380002
-0.0128053773997987
-0.0129978520953496
-0.0126282286689372
-0.0126344245848235
-0.0126627693689789
-0.0127888189067809
-0.0129023913268708
-0.0129632122904427
-0.0129107402254553
-0.0129980110573985
-0.013135605174662
-0.0133084671255995
-0.0134913991623887
-0.0134352164395721
-0.013492375769513
-0.0135517787511169
-0.0136670025100562
-0.0137292965065184
-0.0137293329924975
-0.0138988918881708
-0.0139022022308614
-0.0139430995870655
-0.0138285658738945
-0.0138183313852477
-0.0137655351317863
-0.013587027691306
-0.0136001823237137
-0.0134364118605733
-0.0133097427053872
-0.0135531461373176
-0.0136017659127098
-0.013557976107871
-0.0136058692018585
-0.0137697912356872
-0.0139483891422991
-0.0139661328160234
-0.0140209050138522
-0.0137243980877141
-0.013741331096163
-0.0137808674846811
-0.0137963351313304
-0.0142259606084038
-0.0136382798780407
-0.0136045289411434
-0.0135498875869633
-0.0135498875869634
-0.0134496831912102
-0.0134936110666532
-0.013480025728309
-0.0134972683564791
-0.0134271757239776
-0.0134972683564791
-0.0134901804308141
-0.0134965236989832
-0.0135458724919568
-0.0135555804038459
-0.0134907882524148
-0.0135596659256166
-0.013660887649739
-0.0137261252038182
-0.0140282510996548
-0.0140496964660173
-0.0139114424392171
-0.013841972409111
-0.0137878708469847
-0.013906147162219
-0.0139669887680287
-0.0141966224174592
-0.0139689531192336
-0.014067931098232
-0.0139522117522708
-0.0140620179679854
-0.0137922835237922
-0.0139128810306147
-0.013963566468631
-0.0136859390658187
-0.0136237394328409
-0.0135047711160349
-0.0134555348585907
-0.0131686853568439
-0.0131494906114673
-0.0130773609561281
-0.0127943225472408
-0.0125384725259537
-0.0124765114330585
-0.0124224839091174
-0.0123645947783806
-0.0124796354512099
-0.0124551355657901
-0.0125925945707242
-0.0124643284149374
-0.0125761556722136
-0.0125920876370343
-0.0125920876370343
-0.012777670797136
-0.0128082746161122
-0.012932859496256
-0.012868014018549
-0.0131214002268815
-0.0132153332362472
-0.0133586122676453
-0.0133849732340673
-0.0132831075069935
-0.0133612457434239
-0.0132941264887227
-0.013078305155687
-0.0128168819241531
-0.0127060389445743
-0.0125956439626685
-0.0123624530643132
-0.0122006855220567
-0.0120360812473201
-0.0122424309537124
-0.0119884952645472
-0.0121287802900168
-0.0120861346621475
-0.0120863174255615
-0.0120461136881295
-0.0119678729882293
-0.0120921461486608
-0.0120199915822857
-0.0122228144773685
-0.0120849267887174
-0.0120867349589203
-0.0121483314585847
-0.0120697952993895
-0.0122466477917063
-0.0123027391174974
-0.0123792979488149
-0.0124676475151046
-0.0125892012458825
-0.0129432733212847
-0.0132359402215405
-0.013326450091496
-0.0136302218240404
-0.0137399312953705
-0.0140467217733248
-0.01398822381539
-0.0138656774995699
-0.013932330984454
-0.0139316062432089
-0.013482744150617
-0.0135322140189379
-0.0132843875234389
-0.0131196202299057
-0.0130465378777153
-0.0129861572429425
-0.0131038625619517
-0.0131204965845926
-0.0130657166863226
-0.012942088503639
-0.0131609649350426
-0.0131722608141342
-0.0132271392175623
-0.0132271392175623
-0.0132792219073806
-0.0133392029107273
-0.0133392029107273
-0.0136944436184105
-0.0135769708015225
-0.0139425381385536
-0.0142584252921625
-0.0138316020324103
-0.0138646125133999
-0.0140375291402971
-0.0138729710238188
-0.0138671024403567
-0.013817003765133
-0.0138091819036621
-0.0138672782040896
-0.0138337213534763
-0.0138097732587955
-0.0138217473061359
-0.013760481177597
-0.013758086368129
-0.0136527396554603
-0.0136454104677355
-0.0136430156582675
-0.0137004471875791
-0.0137004471875791
-0.0137646927038066
-0.0138484572499527
-0.014008152847744
-0.0137076682205575
-0.013872680809383
-0.013872680809383
-0.0139725424445367
-0.0138048919477971
-0.0138036273277282
-0.0137990628739244
-0.0139695630091846
-0.0139814602681851
-0.0140910363299775
-0.0142047027090419
-0.0142134456537167
-0.014222445903556
-0.0143471446981362
-0.0143430366897128
-0.0143452867521726
-0.0142344354838513
-0.0142036028476553
-0.0140211263641656
-0.0138287127021907
-0.0136561331309223
-0.0133678248429513
-0.0130584335898692
-0.0130647978296256
-0.0129535589023679
-0.0129620445553764
-0.0129570708220547
-0.0128434175302822
-0.0128409154008175
-0.0127788379538702
-0.012898370577894
-0.0128964254689669
-0.0128964254689669
-0.0129484920410548
-0.0129544922076143
-0.0129477420202349
-0.0130856192199368
-0.0132009760826422
-0.0130642635380921
-0.0132720788306185
-0.0130787410337534
-0.0130689600613167
-0.0130187398409264
-0.0128387567936713
-0.0128953295975498
-0.0129543719198753
-0.013026578283289
-0.0129700784480343
-0.0129469199382507
-0.0127267953762521
-0.0126737023515801
-0.0125763183672246
-0.0125133375365033
-0.0125167992381745
-0.0124778281525434
-0.0124512519972084
-0.0125708299088206
-0.0127496643863327
-0.0128262685111427
-0.0125118174138764
-0.012573751956658
-0.0126308484840472
-0.0126270314518639
-0.0126853065101389
-0.0128974043600363
-0.013138855295347
-0.0131414193629312
-0.0133608208867575
-0.0136394128206013
-0.0136369295018323
-0.0139857496981541
-0.0141831042299875
-0.014160834827856
-0.0142463115502653
-0.0142983389110215
-0.0141397321698957
-0.0141025928120502
-0.0142445751335942
-0.0141471013330272
-0.0140122826122523
-0.0137880516550895
-0.0136016062155212
-0.0134102019089065
-0.0130688585460795
-0.0130688585460795
-0.0131364882234402
-0.0131456520341994
-0.0131916379870096
-0.0133154379382654
-0.0134841179661142
-0.0135520108271869
-0.0136657340836993
-0.0139442727725051
-0.0141722119181055
-0.0142962103766916
-0.0143988135663121
-0.0148792576007104
-0.0148844735360092
-0.0147737720170568
-0.0152326264968033
-0.0152138133323633
-0.0150981294223927
-0.0152210447437653
-0.0152078539611865
-0.0152220733879609
-0.0151264007708056
-0.0150513720970981
-0.014995537991393
-0.014793174377081
-0.0145268061761409
-0.0142819876417285
-0.0142521958928577
-0.0140774555894418
-0.0139148049904853
-0.0140128926347966
-0.0139419925549985
-0.013844558504865
-0.0136757072646911
-0.0135210972849153
-0.0135079797821118
-0.0134114577325048
-0.0134350019784872
-0.0133246525967416
-0.01337432426556
-0.0134301639555918
-0.0137901658743528
-0.014134883235925
-0.0141667778413725
-0.0143461400891006
-0.0143077095221693
-0.0143625934214094
-0.0144252926243699
-0.0146019456178393
-0.0146565037754645
-0.0146587538379244
-0.0146588625473688
-0.0145409898235535
-0.0145902280329274
-0.0143978412189523
-0.014200840182017
-0.0139681167622958
-0.0136638267588055
-0.0131535306056448
-0.0130092895708476
-0.0130703128759236
-0.0129170928150956
-0.0128543355175808
-0.0127412102131251
-0.0127958407646873
-0.0126911081820918
-0.0127562606202158
-0.0128086118247621
-0.0128065311937649
-0.0127952004709073
-0.0127381694692235
-0.0128520765405579
-0.0128556694691164
-0.0131102440198981
-0.0131759574759067
-0.0132783299657426
-0.0133175819204633
-0.0133174637634619
-0.0133220925479117
-0.0133038347326965
-0.013324953758668
-0.0133092760162746
-0.0133863928314843
-0.013393673765401
-0.0134097150674291
-0.0135172414381211
-0.0134405011558499
-0.0134393396907311
-0.0133258294316918
-0.0132114638073576
-0.0130706966948085
-0.0127428478268368
-0.0127000024746507
-0.0126557485846547
-0.0124845486872807
-0.0123420625421935
-0.0122953078907773
-0.0122271518792878
-0.0123633204530958
-0.0122726358008658
-0.0123296140418533
-0.0124552639918833
-0.0126303030758747
-0.0127427267338911
-0.0129069616647844
-0.0130517210216076
-0.0133911008672145
-0.0133922285868621
-0.013632407357838
-0.0138473473032719
-0.0136738838972153
-0.0134506228308944
-0.0136792025991078
-0.0135005578292297
-0.0133627926390241
-0.0135175456105812
-0.0134963071883002
-0.0133860051995974
-0.0131622788211102
-0.0132583305344054
-0.0133252328116915
-0.0133935599994407
-0.0133886637858094
-0.0133973424063177
-0.0134689688734649
-0.0133268809497883
-0.0133268809497883
-0.0133293458878567
-0.0133477714322935
-0.0134648442354588
-0.0135030334352917
-0.0135572494423053
-0.0135595316692072
-0.014270113433335
-0.01427152995541
-0.0139137558401326
-0.0140185996229312
-0.0143074049139152
-0.0142910915873707
-0.0144862263725692
-0.0145873788137804
-0.0145211001100295
-0.014702714623702
-0.0147473801473595
-0.0147743691593673
-0.0148885009646605
-0.0146738746875544
-0.0146102651185489
-0.0145445855954611
-0.0147128898963233
-0.0146595560996695
-0.0146177297458748
-0.0145331015229044
-0.0144555461169146
-0.0145140212380679
-0.0145423157802577
-0.0144278148947009
-0.0143708328896181
-0.0144302495996194
-0.014429864581073
-0.0145426706716123
-0.0145420737285651
-0.0146051930015896
-0.0146023964313248
-0.0147456754627229
-0.0147416841136094
-0.0147371518244664
-0.0147371518244664
-0.014723458463055
-0.014773147549048
-0.0147687357106921
-0.0147030861027345
-0.0144757263386268
-0.0145331727968914
-0.0142983279707863
-0.0140036172337723
-0.0137467234786795
-0.0135206271801288
-0.0131731885442866
-0.0131482988519898
-0.013040353185281
-0.0129960020550521
-0.0129938967220136
-0.01300527277869
-0.0128784427629008
-0.0128765639095344
-0.0128770596927892
-0.0128630329777355
-0.0128056915554388
-0.0127621200849802
-0.0128192812336906
-0.0127611146090648
-0.0128795465601307
-0.013185417994065
-0.0131333823280224
-0.013169228618104
-0.0131666590643862
-0.0133462032784652
-0.0132825232912351
-0.0134063279423082
-0.0133595827731979
-0.0132921766459676
-0.0133430442799794
-0.0133724182966456
-0.0133384924017467
-0.013414215638888
-0.0133056868783072
-0.0132421542124262
-0.0130639918954413
-0.0127553982035274
-0.0126556533537587
-0.0124881673336676
-0.0123242300385815
-0.0122754831565512
-0.0122091002757534
-0.0121876917456824
-0.0121388491589306
-0.0121452557448366
-0.0121656998662608
-0.0121311732883872
-0.0121876175271238
-0.0122532872495646
-0.0122555373120245
-0.0123614875954906
-0.0125371780062593
-0.01265739172751
-0.0129630035590476
-0.013361702570369
-0.0137068185701381
-0.0136840373429999
-0.0138103780660287
-0.013992183635622
-0.0140266450035872
-0.0142599673236703
-0.0141797308824068
-0.0140715463197143
-0.0139645823797974
-0.0138473792218479
-0.0136900288502037
-0.0134035375883548
-0.0134663978036207
-0.0134073839544856
-0.0134061869607933
-0.013360134657047
-0.0134105262710475
-0.013300170112195
-0.0133461988081557
-0.0133898716775947
-0.0133478509511315
-0.013292789401697
-0.0133501742180423
-0.0132892061566394
-0.0132882068340028
-0.0134558720371999
-0.0133961069666637
-0.0134939304806933
-0.0134622044566921
-0.0135289050116054
-0.0135828880499658
-0.0136413607637308
-0.013892848705605
-0.014060772541626
-0.0144604450827842
-0.0144599107973328
-0.0145577060513868
-0.0149616494861442
-0.0147265101666808
-0.0148076468886703
-0.0147762008783778
-0.0146257963712742
-0.0146900780531383
-0.0145848465143335
-0.0144515455366977
-0.0143546183099113
-0.0143596652882232
-0.0141828955524256
-0.0139383475869821
-0.0141180912207366
-0.0140479878458851
-0.0139230656885269
-0.0141090813707352
-0.0140999524631276
-0.0141496675496048
-0.0140955447113174
-0.0141519959600191
-0.0141565604138229
-0.0140931800066359
-0.0142150906036948
-0.0141676969215728
-0.0141683102808031
-0.0142292485427211
-0.014116562231683
-0.01412175227692
-0.0142645279339633
-0.0143193607482056
-0.0140900037924285
-0.0139403356975337
-0.0138818971580312
-0.0140038394836437
-0.0136508779744935
-0.0135862264962105
-0.0135301746535679
-0.0134191224549175
-0.0133629844807284
-0.0133629844807284
-0.0133608469870581
-0.0132994531684724
-0.0131814304223682
-0.013302347177155
-0.0133551882500467
-0.0131306551916813
-0.0131289008945818
-0.0130682914094223
-0.0129866191983267
-0.013042614423713
-0.01301114607333
-0.0128976629158519
-0.0129085578258862
-0.0128993470158852
-0.0129053399421816
-0.0129075264303093
-0.0130166353542079
-0.0130119744037666
-0.0130207739979214
-0.0130905748522594
-0.0131470513618621
-0.0132027600220782
-0.0132029611263043
-0.0132052996907651
-0.013106162446981
-0.012966669622077
-0.0129723076493574
-0.0129605316762404
-0.0130315105033052
-0.0127747651058625
-0.0125774246974913
-0.012499125701019
-0.0124354811678455
-0.0124450089505915
-0.0125126350078626
-0.0124994188238201
-0.0126772211946648
-0.0126657296474023
-0.0127267794446988
-0.0130033057725234
-0.0132524180880831
-0.0134263561033959
-0.0133543054591078
-0.0135846169682774
-0.0135433867078319
-0.0135495671021178
-0.0134388943626749
-0.0134385701191343
-0.0137188869252019
-0.013388831445679
-0.013382220327215
-0.0133871310748503
-0.0132114464750301
-0.0130936715506737
-0.0129737335305139
-0.0129837697313465
-0.0130142264678827
-0.013084549440996
-0.012953978549518
-0.0130259562100345
-0.0129708434013147
-0.0129642268392882
-0.0128591637499777
-0.0129163464716465
-0.0130864280509013
-0.0131411500301224
-0.0132987870888244
-0.0133685097942301
-0.0134668172235501
-0.0134642133017243
-0.0134906163068468
-0.0134846590253395
-0.0135478823883662
-0.0136087448951125
-0.0136650702302483
-0.0137770580383027
-0.0137770580383027
-0.0138319915418653
-0.0142277369764915
-0.0143348014030345
-0.0143668906739978
-0.0145322345294248
-0.0144824549996608
-0.0146018296934519
-0.0146332575232247
-0.0144877981338413
-0.0145410078069828
-0.0144189225285117
-0.0141981635069235
-0.0141914342025077
-0.0140836103427598
-0.0139716951923842
-0.0139065655476659
-0.013839144242392
-0.0138566210717105
-0.0136168319320071
-0.0137307871775495
-0.0138410790517661
-0.0140673060492818
-0.0141238943796894
-0.0141246037476848
-0.0142318591808853
-0.0143406310854659
-0.0145143443137728
-0.0146299528462514
-0.0147454624518679
-0.0146954340756985
-0.0145250914350218
-0.0147158258466573
-0.0147241694781828
-0.0147095611427469
-0.0144815559624092
-0.0144230238687561
-0.0143101651146056
-0.014307907013104
-0.0141906005684237
-0.0140177148244211
-0.0138994355398976
-0.0136082480664542
-0.0134943781859869
-0.0134780020231524
-0.0133761718265229
-0.013201565598226
-0.0130939567147338
-0.0130219230182392
-0.0129735331752344
-0.0129824690974954
-0.0129236783484715
-0.0128914173180326
-0.012884262030869
-0.012744275948009
-0.012750144531471
-0.0127547089852748
-0.0129241660275252
-0.0130334280680879
-0.0130358832489895
-0.0133274070792258
-0.0133814059193367
-0.013431823375974
-0.0134410809448736
-0.0133807636621727
-0.0134348865004601
-0.013551325678494
-0.013688599401262
-0.013791973972636
-0.0138523358256105
-0.0137471651074113
-0.0137311905501658
-0.0137408814895754
-0.0137989036308245
-0.0137422470458034
-0.0136696853203681
-0.0134466881343858
-0.0133639006934129
-0.0132527625882716
-0.0130991659165945
-0.0131022960521808
-0.0128830982503878
-0.0127552955429215
-0.0127588636312667
-0.0127100615454117
-0.0127975966646312
-0.012984547633719
-0.01304071983522
-0.0132332855992519
-0.0133783278416001
-0.0137309243437028
-0.0137297007131964
-0.0139103938509746
-0.0139725554844005
-0.0138627930744449
-0.0139335371234044
-0.0138150036932258
-0.0138043828711061
-0.0138622720018429
-0.0137968298556198
-0.0137975943787758
-0.0138446461905323
-0.0137897380683036
-0.0137871186547493
-0.0136365830172505
-0.0136349032491728
-0.0137456523622389
-0.0136846604565166
-0.0136908799761748
-0.0136845639770591
-0.0136867657944803
-0.0135808180335963
-0.0135409398676973
-0.013544452348353
-0.0135152015363754
-0.0135196373341478
-0.0134671977579847
-0.0134589942283762
-0.0134624732574736
-0.0134804737571521
-0.0134859896998382
-0.0135103687256242
-0.0135709910861602
-0.0135100426932096
-0.0135131071058129
-0.0136241939745872
-0.0136241939745872
-0.0136241939745872
-0.0136356520933605
-0.0136405683504154
-0.0136453579693516
-0.0137460856986169
-0.0143081900841391
-0.0142176423444357
-0.01387190861146
-0.0138080579794993
-0.0139165997920574
-0.0140339788677848
-0.0140531258860322
-0.0139222496710362
-0.0138803267729529
-0.0138089008280535
-0.0138828404147676
-0.0138581467215193
-0.0138017305052421
-0.013872412073632
-0.0139100524012347
-0.0138602304880444
-0.0139669901146297
-0.0140402242615482
-0.0139838150465388
-0.0141486108771605
-0.01412895537531
-0.0142410520694295
-0.0141569097650152
-0.0140996044883453
-0.0140996044883453
-0.0140975758422103
-0.0138665992414801
-0.0137559138924625
-0.0132219369036011
-0.0128735726856541
-0.0127052709573457
-0.0126492860440973
-0.0124728853760133
-0.0124710256716186
-0.0124664853487253
-0.0126979612689657
-0.0128639265182891
-0.012771437296261
-0.0127748432030983
-0.0127789895495371
-0.0129158627215926
-0.0127782677148645
-0.0127669041318125
-0.0127776720032866
-0.0128295320470052
-0.0128338391955949
-0.01295703533715
-0.0130054664611616
-0.0130079664744633
-0.0131796529086372
-0.0131818708075234
-0.0132362729204142
-0.0132340550215279
-0.0131773328977812
-0.0132318861667642
-0.0132927484595942
-0.0134699905495168
-0.0133649022684583
-0.013370359284965
-0.0133443588997055
-0.0135954401879912
-0.0135502555021385
-0.0135018698654286
-0.0135002518801138
-0.0135496240249329
-0.0136528701768191
-0.0136358813310133
-0.0135882107121941
-0.0135304366803605
-0.0135351602719488
-0.0134068771856068
-0.0134264216862061
-0.013469993269523
-0.0134783164045877
-0.0135147334617478
-0.0135076455360828
-0.0136850178797807
-0.013756391415285
-0.0139844195878854
-0.0140978319564346
-0.0143740677685031
-0.0143626668098201
-0.0146176464726668
-0.0146873274360288
-0.0148591156313546
-0.0147935606318698
-0.0147935606318698
-0.0147935606318698
-0.0147981250856735
-0.0148071253355128
-0.0147480013169715
-0.014630804452779
-0.0145149872690525
-0.0143453537312499
-0.0142859360247733
-0.01417213677715
-0.0140611939655937
-0.0141259172418705
-0.0139150311156891
-0.0137669617170753
-0.0137990714395739
-0.0135948986473011
-0.0135834843160382
-0.0135941717843899
-0.0135438019935898
-0.0135850125645513
-0.0135396400047451
-0.0135352363699026
-0.0135396400047451
-0.0135418739853103
-0.0136161998201246
-0.0136792600091451
-0.0136546862229275
-0.0136546862229275
-0.013672686722606
-0.0136885448930289
-0.0136569500250348
-0.0137680925835829
-0.014048789751268
-0.0140537313025065
-0.0143333364982984
-0.0144291724226701
-0.0143088465148584
-0.0141206169252941
-0.0139664767263006
-0.0138474210157998
-0.0137936401018267
-0.0137861557465909
-0.0137273587216438
-0.0137157541744129
-0.0137055905875664
-0.013533493173178
-0.0134909546838902
-0.0133069390664075
-0.0132521490070301
-0.0130809756255698
-0.013150196389804
-0.0128538604280736
-0.0127497252373944
-0.0126432402193433
-0.0129624351628805
-0.0127067156748656
-0.0126438532671299
-0.0125774489224514
-0.0126508419909915
-0.0126843476132884
-0.0128545093510613
-0.0128023560892821
-0.0128600160495959
-0.0129192856013325
-0.0130281050586117
-0.013085794938559
-0.0129789000833185
-0.0128667520111884
-0.0125788762495896
-0.0125720295688839
-0.012462323516815
-0.0123604131857854
-0.0123469128110265
-0.0122628865388792
-0.0124043719727373
-0.0123340409026434
-0.0123152684351133
-0.0123600147284311
-0.0122489930999356
-0.0125292026294153
-0.0123511412644557
-0.0125087256697506
-0.0124082866440143
-0.0125099802541145
-0.0124634726364318
-0.0125187515915773
-0.0124102525728292
-0.0125831091394893
-0.0126373895818836
-0.0125780102048044
-0.01263533716338
-0.0126334085384144
-0.0128064207911662
-0.0127742200104171
-0.0126841122345254
-0.0130122581433637
-0.0129799769319886
-0.0131255345773512
-0.0131255345773512
-0.0132226536585014
-0.0132095756361243
-0.0133179618086674
-0.0134029597561775
-0.0134493852531864
-0.0134575960285055
-0.0136929543525648
-0.0138087844440684
-0.0138748841720455
-0.0138478280268089
-0.0138481778258722
-0.0138340019745421
-0.0138485638423756
-0.0138444838685845
-0.0138533367992726
-0.0140032587397261
-0.0139212618406454
-0.0139746163339208
-0.0140862028054531
-0.0142113870812433
-0.0143801696169683
-0.0143825644264364
-0.014370590379096
-0.0144872799379196
-0.0147191222927386
-0.0147226903810838
-0.0147863604142844
-0.0147731296714872
-0.0148346310261994
-0.0148230590650749
-0.0148323166339745
-0.0147734064301194
-0.0147308555529565
-0.0146127365336094
-0.01466390232374
-0.0145744495341918
-0.0145570405400644
-0.0142666791720974
-0.0143785081012889
-0.0142081640517903
-0.0142666565822941
-0.0142094810534205
-0.0142094810534205
-0.0142626985377903
-0.0141469097125897
-0.0140313820238757
-0.0139206795780757
-0.0139725830780903
-0.0139165808879857
-0.0137962046439221
-0.0137920261378657
-0.0137977261209866
-0.0137392143925965
-0.0137368529836775
-0.0136830785237363
-0.0137983076885227
-0.0135810701390808
-0.013710910544184
-0.0136039568220765
-0.0135874563640378
-0.0136042733662003
-0.0134649361000854
-0.0132766646663869
-0.0132854719360718
-0.0131732890954003
-0.0131215392242797
-0.0131192891618199
-0.0130532459028296
-0.0131117186165946
-0.0131054421295566
-0.0131901352397338
-0.0132616713760432
-0.0134276545900392
-0.0135275424868519
-0.0135269376400331
-0.0136544578488829
-0.0136019936649589
-0.013545472220723
-0.0134789549575076
-0.0134195745332823
-0.0134141678005576
-0.0132384281513003
-0.0131910090041524
-0.013232363923037
-0.0132504030187516
-0.0132415466229607
-0.0132301058461698
-0.0132353808735168
-0.0132497497303252
-0.0132402348280715
-0.0132519002593168
-0.0131857893795916
-0.0132483557850353
-0.0130873893607562
-0.0127795044488973
-0.0129491588168842
-0.0125287797792155
-0.0125613036176197
-0.0124302117505927
-0.0124316790421596
-0.0123149448793563
-0.0123869494775422
-0.0123221455834328
-0.0123443245722951
-0.0124119736515578
-0.0124090364665
-0.0123965024045002
-0.0123722824128666
-0.0124053096741851
-0.0124637366890619
-0.0126392053314354
-0.0128092461848408
-0.0128618795419588
-0.0129737664151187
-0.0130269545493402
-0.0135152896965733
-0.0132857897721196
-0.0132094180700548
-0.0132699715397233
-0.0132670686578856
-0.0132648507589994
-0.0132648473648993
-0.0132750749215348
-0.0130324233699083
-0.0130866616783909
-0.0130301964045343
-0.0130301964045343
-0.012967275602317
-0.0129122037338702
-0.0130803822890599
-0.0130192508331503
-0.0127933852688121
-0.0129713067831037
-0.0130276251395088
-0.0130978406943887
-0.0133593703163855
-0.0135894057279681
-0.0135698481577819
-0.0136238555637929
-0.0137322715413555
-0.013795797703562
-0.0139447475049191
-0.0139512623384522
-0.0138822453654371
-0.0140138335624503
-0.0142443958194586
-0.0143549670806446
-0.0144248559995258
-0.0144694225151165
-0.0145919448244405
-0.0146603312912193
-0.0146387780060066
-0.0146581938297847
-0.0146581938297847
-0.0145718865674477
-0.014628185256232
-0.0146650803594925
-0.0147637923149796
-0.0146714747313244
-0.014534173392525
-0.0145318268340837
-0.0144824432901243
-0.0144247379160154
-0.0142926511491173
-0.0143517220272281
-0.0144202241670588
-0.014196770798052
-0.0140251369064049
-0.014024126246293
-0.0137922987964574
-0.0138469504660612
-0.0137834796305746
-0.0137289015390127
-0.0137913695398333
-0.0137320990411314
-0.0136645021298401
-0.0136863978438833
-0.0136777698347061
-0.0136156855728345
-0.0135076187652185
-0.0136797747408882
-0.0136213411121957
-0.0136139647373382
-0.0136233007639302
-0.0136083383082378
-0.013564213500434
-0.0136266902329141
-0.0135134888031851
-0.0135056715714298
-0.0132697341022564
-0.013219006334662
-0.0131025546868112
-0.0129305735426779
-0.0128062781142248
-0.0128112095335272
-0.0126912082092052
-0.0128993362976945
-0.0129298812240449
-0.0128676135590749
-0.0128676888981704
-0.0130389208345659
-0.0131629643794641
-0.0131797280457407
-0.0131703154371208
-0.0131846842939293
-0.0134611412002439
-0.0135309960894986
-0.0135028373882034
-0.0135192308838542
-0.0135158094730282
-0.0134100229704602
-0.0134795650031204
-0.0133464118311758
-0.01339301133265
-0.013401599492278
-0.0137575877059625
-0.0136082300763405
-0.0134068209163974
-0.0135333587074847
-0.0135854581977932
-0.0134666256790047
-0.0135825003832472
-0.0135276062802027
-0.0134120456165689
-0.0134085569383631
-0.0133607431911829
-0.0132271080212688
-0.0134006357025892
-0.0136358589138371
-0.0135220033221238
-0.0136013189924533
-0.0136831717902253
-0.01357613921625
-0.0136365355866311
-0.0135917312435741
-0.0135663473602657
-0.0134892789475108
-0.0133652249824985
-0.0133056550222935
-0.013476928709978
-0.0132985968906524
-0.0133614175103879
-0.0133502056990292
-0.0132964931794554
-0.0133947435910844
-0.0133981915636009
-0.0134641119099275
-0.0134641119099275
-0.0134641119099275
-0.0135340126421562
-0.013538158988595
-0.0135360858153756
-0.0134094860136103
-0.01348452105017
-0.0135394202580997
-0.0135972156082934
-0.0134541667180315
-0.0131977219554389
-0.0131433073012398
-0.0132563770642766
-0.0132569438424333
-0.0133152033159332
-0.0133718092255902
-0.0135437630301641
-0.0135988923331449
-0.0138223054311732
-0.0142330375500341
-0.0144762599818454
-0.0145959884816267
-0.0147724961235228
-0.0148547538122851
-0.0148555055784439
-0.0148580873158159
-0.0148241646714758
-0.0148694264829403
-0.0150300007392163
-0.0150152919490623
-0.0147083031145717
-0.0144874203276231
-0.0142524156105803
-0.0142393400539542
-0.0140530581785647
-0.0140696437019005
-0.0140545041608505
-0.0140135078740443
-0.0140103219336672
-0.0140149927913186
-0.0139173478116546
-0.0140094886445079
-0.0140166730729121
-0.0140821800192133
-0.0144278434825693
-0.0143736957550868
-0.0144770105253437
-0.0146657697549034
-0.0146514513901345
-0.014784379969079
-0.0147126375412548
-0.0146017600010053
-0.0146507455105161
-0.0146664959477348
-0.0144934668933257
-0.0145519302819148
-0.0144376290038545
-0.0143184793568948
-0.0141404211610623
-0.014143943424669
-0.0140263868737597
-0.0139641153546539
-0.0136761434091382
-0.0135714754157077
-0.0133983219678368
-0.013456311872204
-0.0132780061316157
-0.013342939080706
-0.0135494768542617
-0.013247278563743
-0.0129359211125637
-0.0127048572837064
-0.012696307309025
-0.0127093252397875
-0.0125219642498743
-0.0124226987361351
-0.0124163278190104
-0.012587914289414
-0.0124742834308597
-0.012536608932555
-0.0125321731347825
-0.0126454166211654
-0.0126454166211654
-0.0126454166211654
-0.0128746643403221
-0.013044503922402
-0.0129853482874986
-0.0128696559874968
-0.0131997468665745
-0.0131916145763144
-0.013331343558877
-0.0133429155200015
-0.0134536160847694
-0.0136442960583946
-0.0136857893187839
-0.0136500228211383
-0.0136405722535849
-0.013709329392062
-0.0135759008257323
-0.0135927770809591
-0.0135351385184457
-0.0134178922085461
-0.0131058249018147
-0.0131180399004773
-0.0129902974700713
-0.0128878195337846
-0.0130557130779748
-0.0130524339923844
-0.0135323094813891
-0.0135710458237269
-0.0134267231917311
-0.0133689500915663
-0.0135852747224519
-0.0138582207542261
-0.0141522531136482
-0.0142136811594563
-0.0142387567329237
-0.0142350534598223
-0.0141149543862712
-0.0144454814348153
-0.0143922924499999
-0.0143962240663752
-0.0144028523917844
-0.0143455369840819
-0.0144034657510148
-0.0143455471151146
-0.0144578320767822
-0.0143393069729979
-0.0143544845573115
-0.0143536955858009
-0.0142388231524621
-0.0141845205018907
-0.0142418402313416
-0.0141301533331575
-0.0140648637419496
-0.0139518583205751
-0.0137713652376542
-0.0136058463309958
-0.0135596749607738
-0.0136601676080434
-0.0135015629740755
-0.013610416433829
-0.0136509499479594
-0.0136078692036237
-0.0137855750619722
-0.0138377592759767
-0.0138431208293333
-0.013778131991556
-0.0140669415155073
-0.0138189376279321
-0.0138576458595027
-0.0138537363935135
-0.0138480332249489
-0.0139589749547894
-0.0141901919607054
-0.0144721834200446
-0.0145271301630773
-0.0145843344739942
-0.0146600096732874
-0.0148077728776449
-0.0149261912776139
-0.014992696742301
-0.0151198771665287
-0.0149371966431215
-0.0148398698482416
-0.0147204637319453
-0.0144917650690004
-0.0143753998422146
-0.0147422237275314
-0.0141265755097879
-0.0140387169555194
-0.0139446820198278
-0.0138908142405416
-0.013831876894123
-0.0138439313621421
-0.0137315711773924
-0.013796224601138
-0.0138383982812801
-0.0137396516480146
-0.0138030912077275
-0.0137415678272043
-0.0138033810878163
-0.0139804227731441
-0.0140985610611718
-0.0139759358118689
-0.0141774651904659
-0.0137971426450018
-0.0137091629066912
-0.0139558583228092
-0.01365140623943
-0.0135728260931622
-0.0135188199984842
-0.0134538263002766
-0.0133433061731066
-0.0132187328150357
-0.0131698861365317
-0.0129961803187265
-0.0128245528176458
-0.0126575240680342
-0.0126573754079005
-0.0125993310387848
-0.0124830820501551
-0.0124919536457
-0.0125203244237348
-0.0125281351821923
-0.012586525672761
-0.0126127545067854
-0.0124806296648027
-0.012792364617324
-0.012613791550221
-0.0125383093062385
-0.0124798056744766
-0.0123645527683198
-0.012419093715395
-0.0121915529070448
-0.0121974005290365
-0.0120258782432653
-0.0119581818207443
-0.0119174689567335
-0.011799581775793
-0.0117368110890901
-0.0118976959841079
-0.0120203703322029
-0.0123005490773909
-0.0123587916761854
-0.0124755270948562
-0.0128262233722653
-0.0128255089909183
-0.0129891082652003
-0.0131761754718213
-0.0133078130513826
-0.0134719151439767
-0.0136013109884959
-0.0136538975523699
-0.0137728887507873
-0.0138249633208329
-0.0138863348494596
-0.013878438730077
-0.0138744496029042
-0.0140078503154392
-0.013989457910727
-0.013918776342337
-0.0138701231831174
-0.0138720079701736
-0.0138569427082719
-0.0138198300586579
-0.0138691881672042
-0.0138110844404312
-0.0138768954801234
-0.0139518817601378
-0.0137057041820081
-0.0138218079357625
-0.0138809360577022
-0.0139892266918226
-0.0139925130693932
-0.0141796215125489
-0.0141761976496532
-0.0141819015417787
-0.014287136584912
-0.0142383220463998
-0.014367042228583
-0.014458717196272
-0.0143963775017159
-0.0145170873740724
-0.0144106436658822
-0.0145838921790272
-0.014469719487009
-0.0145649331075702
-0.0147136299021615
-0.0148389925643792
-0.0147206180153454
-0.0148144612147559
-0.0148363185764429
-0.0147664005784873
-0.0147664005784873
-0.0147576576338124
-0.0146343125204954
-0.0145249930324286
-0.0144102513952515
-0.0141112430976488
-0.0139937085071716
-0.0137667540965912
-0.0136029107139826
-0.0135136202416955
-0.0133947574707371
-0.013455482210437
-0.0133938824463553
-0.0132703096435615
-0.0133981771547238
-0.0132045291624054
-0.0130524732343512
-0.0130524732343512
-0.0130571360241416
-0.0131063323770614
-0.0132118501651175
-0.013283385608526
-0.0132704641627572
-0.0132835785797694
-0.0134423147269533
-0.0136067762747426
-0.0136218839052194
-0.0138516822468656
-0.0140312600350943
-0.0141382886453753
-0.0141412546612711
-0.0142599110699761
-0.0142718270796251
-0.0142352261466595
-0.014664377187504
-0.0139292217140669
-0.0139763241756749
-0.0139011465202579
-0.0138616068926716
-0.0136165863956245
-0.013515540937489
-0.0133278637900337
-0.0134074325237741
-0.0133165166072745
-0.0131762211884315
-0.0130491214095422
-0.0129352172706066
-0.0128345087716247
-0.0127469959125964
-0.0126761974326043
-0.0126221133316484
-0.0125847436097286
-0.012564088266845
-0.0125601473029975
-0.0125574047403631
-0.0125558605789418
-0.0125555148187335
-0.0125563674597383
-0.0125584185019562
-0.0125616679453871
-0.0125661157900312
-0.0125811664759775
-0.0126068200032263
-0.0126430763717774
-0.0126899355816309
-0.0127473976327867
-0.0128182069882339
-0.0129023636479724
-0.0129998676120024
-0.0131107188803237
-0.0131089776823569
-0.0131717092985161
-0.0132989137288015
-0.0134905909732129
-0.0137467410317505
-0.0135377622976488
-0.0136802864404554
-0.0135034966175406
-0.01345752311227
-0.013405945185424
-0.0133987580149902
-0.0134096001590128
-0.0133884992328152
-0.0133975788279781
-0.0132993555586096
-0.013111355765266
-0.0131530066556243
-0.013234475444827
-0.0134007321259098
-0.0134586138850522
-0.0137996998526818
-0.0138628039275831
-0.0140321324662812
-0.0140560743358416
-0.0146106193826333
-0.0145841527762249
-0.01495566975748
-0.0151800850066363
-0.015265536325175
-0.0153624917338147
-0.015466424514218
-0.0154764516207076
-0.0156615060161889
-0.0159632863942085
-0.0157730303351741
-0.0157241613686571
-0.0155696919697134
-0.0154478365422986
-0.0153143738839305
-0.0151284650965564
-0.0150309114976276
-0.0148376284128129
-0.0148481889948334
-0.0147824286976346
-0.0151725153725243
-0.014755029248406
-0.014686490114806
-0.0146794422909893
-0.0148543425810913
-0.0148657071385197
-0.01501535709155
-0.0151595955265012
-0.0152794483703386
-0.0151682460759237
-0.0152210198060987
-0.0152553555079654
-0.0152715360964772
-0.0151580371784719
-0.0150448111358616
-0.0150449486751841
-0.0149684138799237
-0.0149226021402574
-0.0148550837897722
-0.0151400611516527
-0.0153839337953145
-0.0151561535747292
-0.0150748708341231
-0.0149017863047354
-0.0148467399471577
-0.0147066990268412
-0.0148773058305516
-0.0148801132518643
-0.0146551422319301
-0.014592822523287
-0.0146047200918499
-0.0144407405345474
-0.0142536769422241
-0.0141514670599066
-0.0140350761974947
-0.0140349869630048
-0.0137483858178642
-0.0136208956357502
-0.0136190581808534
-0.0135672074664999
-0.013606395649861
-0.0133033657678306
-0.0132946928732215
-0.0131141391600956
-0.0131772013287281
-0.0130599009957032
-0.0129420177791329
-0.0127126382113153
-0.012597399785261
-0.0126392151679329
-0.0128203549181612
-0.0127053946162708
-0.0129865811106625
-0.0129275884687227
-0.0131555185906814
-0.0134500325613115
-0.0134627705171613
-0.0137758734081533
-0.0138159184965813
-0.0138704535876471
-0.0140779495811592
-0.0141791719348707
-0.0141450346495534
-0.0142051688225146
-0.0142074992977352
-0.0142412518081889
-0.0140995040013908
-0.0140672722668126
-0.0139968356096026
-0.0139633082770495
-0.0140483577948949
-0.0138100141989217
-0.0137874478399201
-0.0137935895406199
-0.013788460913709
-0.0137373248983047
-0.0135712478398365
-0.0137001551279738
-0.0135635953218278
-0.0134148127144485
-0.0137715574754996
-0.0133250523963391
-0.0133665124724124
-0.0133104597395026
-0.0133615163646064
-0.0133052328759306
-0.0133028863174893
-0.013376028552988
-0.0133832612337995
-0.0135297463783402
-0.0138298185933457
-0.0139020465785538
-0.0139079933924624
-0.0140569625383233
-0.0138801954411372
-0.0141094158284415
-0.0141164416967372
-0.0141164416967372
-0.0141255706043447
-0.0142757406873339
-0.0143330727981766
-0.0146450753351605
-0.014633510211882
-0.014712862897129
-0.0147589633189718
-0.0148221144702844
-0.0147939089536324
-0.0148706090843899
-0.0148619304638816
-0.0148619304638816
-0.0146900989498288
-0.0144529624130902
-0.0141696535655262
-0.0141733456338115
-0.0140108869967065
-0.01393765556772
-0.0138917940112847
-0.0138849320221488
-0.0138413868267145
-0.0139510555352697
-0.0140178751821505
-0.0140817146095813
-0.0140799660206463
-0.01412757951349
-0.0143640425131948
-0.0144171849115543
-0.0147587236408124
-0.0149952564602509
-0.0151095977484545
-0.0153386066373687
-0.0154718376902033
-0.0157058602688011
-0.0156508801893242
-0.0160002439973181
-0.0161466178355226
-0.0162247279018051
-0.0163300581363763
-0.0163420527744738
-0.0164652426060079
-0.016406901899651
-0.0159501758447071
-0.0161389419982785
-0.0156590779092405
-0.015480356056069
-0.0151852461300146
-0.015059354028932
-0.0149000203039938
-0.0147247971896231
-0.0146451253192493
-0.014666678604462
-0.0145395623995909
-0.0144879161355131
-0.0143840746637097
-0.0143031588469402
-0.0143139676182606
-0.0145577059158414
-0.0146082076289068
-0.0145535405100379
-0.0147336589992305
-0.0145009053158438
-0.0146596369403694
-0.0144600100989591
-0.0144043210637954
-0.0144062949036506
-0.0143884522943804
-0.0143281479085731
-0.0143814525238869
-0.0144448265027742
-0.0145610047756326
-0.0144432009094099
-0.014511147810618
-0.0143293066785045
-0.0141598264211429
-0.0140523705268015
-0.0137556015937797
-0.0135823792592267
-0.0135265026287557
-0.013476700103104
-0.0133480162378545
-0.0134191165650256
-0.0137614978932071
-0.0132632243117478
-0.0131477903349286
-0.013135208521093
-0.013037376528536
-0.0128592323564311
-0.0129001659161913
-0.0126549857774979
-0.0127182159576532
-0.0126169983172312
-0.0125088723487424
-0.0122173950570175
-0.0120983883558933
-0.0120945558620627
-0.0122136802205117
-0.0122151480987926
-0.0123326470371391
-0.0124353612827397
-0.0128359385478487
-0.0130066541373923
-0.0133135352953959
-0.0134190604334617
-0.0136531701143935
-0.0138355076607121
-0.0138967064309824
-0.014012115278359
-0.0140023343059223
-0.0140719201486239
-0.014012926578923
-0.0142587278739124
-0.014288702955783
-0.0144254706360058
-0.0144296896998125
-0.0143215679809278
-0.0143215679809278
-0.0143856551290713
-0.0142388772120728
-0.0141822077874941
-0.0141179734073243
-0.0143644418462783
-0.0143001398815988
-0.0141599061566282
-0.0140124380757296
-0.0140562747970671
-0.0140791882738285
-0.0140752099137237
-0.0141234146633718
-0.014020995375308
-0.0140143897808501
-0.014167786647102
-0.0142259146084487
-0.014586993759713
-0.0146655048577152
-0.0147782597589471
-0.0148215488629077
-0.0147696916851286
-0.0148330052348021
-0.0149484792174001
-0.0148389192776061
-0.0150053075478896
-0.0150338321689256
-0.0147956308665153
-0.0149362938448271
-0.0151013615779314
-0.0150009079202745
-0.015058069068985
-0.015175420949465
-0.0150622260908746
-0.0152107557275231
-0.0152151593623655
-0.0151159160126119
-0.0152684753772186
-0.0153823116670863
-0.0153801259309176
-0.0153779401947489
-0.0152231805176538
-0.0151284181838278
-0.0151081529061434
-0.0149464545855001
-0.0149520439369871
-0.0149137978814845
-0.0146729724792152
-0.0145518519018622
-0.0143770645595357
-0.0143747309173377
-0.0142607095528344
-0.01431118087586
-0.0142391333271106
-0.0143180974501475
-0.014370888083736
-0.0144273884509884
-0.0145417041898663
-0.014543889926035
-0.014545651379972
-0.0144909694234268
-0.0146000546451562
-0.0147175854121393
-0.0148317023490707
-0.0147721414099299
-0.0149999982179047
-0.0153997513314588
-0.0151530971099283
-0.0153715206438673
-0.0154296243706403
-0.015176015717277
-0.0150006912979261
-0.0150745622014
-0.0150116109354758
-0.0150257867868059
-0.014803767623634
-0.0146234696393686
-0.0146355241073877
-0.0145018553157892
-0.0144276639774265
-0.0141870925580412
-0.0140840572768463
-0.0141403233404149
-0.013897534465632
-0.0137867796864139
-0.0137920185138443
-0.0137158733502472
-0.0136381228984921
-0.0136415911459555
-0.0133420009805487
-0.0134109129673903
-0.0134605028278217
-0.0133572720713339
-0.0133879587825718
-0.0134661248762917
-0.0133909633199794
-0.0133323059217571
-0.0134422633039793
-0.0135129198273015
-0.0134499418901164
-0.0134645114131975
-0.013459818296315
-0.0134574717378737
-0.0133588740859387
-0.0133292051362141
-0.01346551321369
-0.0136877954915243
-0.0133752028429261
-0.0133522197484011
-0.0132956755094113
-0.0134153365385207
-0.013298466957802
-0.013275448984511
-0.0132865384789422
-0.0132954100744871
-0.0132814652308193
-0.0132474442376655
-0.0132357875572002
-0.0131952126592831
-0.0131952126592831
-0.013078609885461
-0.0130826496152802
-0.0131258525916144
-0.0131894215089983
-0.0131773999600705
-0.013188291222532
-0.0134607211039022
-0.013211758844945
-0.0131311751737691
-0.0133614059144356
-0.0133065734085687
-0.013644582608915
-0.0138878208893837
-0.0140504643994847
-0.0140535704799621
-0.014393341156832
-0.014339863032532
-0.014451058404334
-0.0144496633621706
-0.0145655441013807
-0.0148070999836908
-0.0149095809021366
-0.0151389683697993
-0.0153902912031072
-0.0154315808504119
-0.0157940987569405
-0.0158284555545584
-0.0158025847281211
-0.0156030987668985
-0.0154445750535066
-0.0155215952043442
-0.0152668242579868
-0.0150471828198737
-0.0149158889767715
-0.0148404312341563
-0.0148031948548076
-0.0147420533547537
-0.0147326027872003
-0.0147388849481072
-0.0146848352023827
-0.0146775542684659
-0.0146775542684659
-0.014755511892778
-0.0148549453768414
-0.0149775914966385
-0.0149183710614599
-0.0152666102018873
-0.0154082397529424
-0.0155151526677547
-0.015511976020779
-0.0155756041276483
-0.015565901613657
-0.0155607425460661
-0.0155113540554042
-0.0155161014804983
-0.0154591266178077
-0.0153983153189695
-0.0153975301737656
-0.0152784115910412
-0.0152868174411484
-0.0151576957081656
-0.0150068065389721
-0.0147524430625638
-0.0145253520652658
-0.0143546950379767
-0.0143088642330716
-0.0141534219022277
-0.0139359222397541
-0.0137303048377836
-0.0135532640123016
-0.0134388118377564
-0.013611529336126
-0.0135259673125978
-0.0134184761811086
-0.0133685098659903
-0.0136193038021632
-0.013551875009945
-0.0135343891205954
-0.0134888244563549
-0.0134278188630924
-0.0134235117145027
-0.0134211367215357
-0.0135407189172114
-0.0135304284180087
-0.0136663962836677
-0.0137372078897879
-0.013869691852154
-0.0134554435571126
-0.0136223819807904
-0.013504374555648
-0.0137280417976858
-0.0137821528953687
-0.013730566416427
-0.0138415695976028
-0.0138967092024782
-0.0139011771636087
-0.0139010417342878
-0.0140098466628955
-0.0138379854289559
-0.0138889352723987
-0.0140613230065325
-0.0140202518256935
-0.0141458286810155
-0.0140618973463467
-0.0140618973463467
-0.0141371087775898
-0.0140022989641474
-0.0142073744313829
-0.014245984613881
-0.014259757483731
-0.0143184281176317
-0.0143222077651619
-0.0142656172682383
-0.0143050087793233
-0.0142012201952662
-0.0141346732353053
-0.014125093997433
-0.0141798465613988
-0.0141363554445915
-0.0141174556265831
-0.0142488366967883
-0.0142962968226928
-0.0143083690903248
-0.0142873010737146
-0.0144261638992991
-0.0145962515734828
-0.014688583696662
-0.0147781804855871
-0.0147897950357738
-0.0148810753694879
-0.014935277259942
-0.0148911257249901
-0.014677078016965
-0.0147220850122501
-0.0148525144037512
-0.0145647687111902
-0.01460780714728
-0.0143804424820235
-0.0143828051239118
-0.014386373212257
-0.0142848876902652
-0.0142085949328166
-0.014184731985231
-0.0141846445460564
-0.0142573421659649
-0.0140291438312625
-0.0141238211072023
-0.0141567364418734
-0.014093001387851
-0.0142163450008694
-0.0141376803446736
-0.0142612253246728
-0.0143318493078245
-0.0146725026356756
-0.0147282257432547
-0.0149079570147996
-0.0149606293179346
-0.0148847421670425
-0.0148863282405854
-0.0148818365913432
-0.0148309896634064
-0.0148364759217021
-0.0147077110231348
-0.0147025803755706
-0.014708108837489
-0.0147941775966908
-0.0147548602669545
-0.0145064534052597
-0.0144423487203482
-0.0144985639265579
-0.0144982045266428
-0.0146064463065786
-0.0146086159617057
-0.0145539340051605
-0.0144979459306119
-0.0144914369652306
-0.014436600999585
-0.0143689934193781
-0.014371150007945
-0.0145486864576655
-0.0145518848425203
-0.0145769893384411
-0.014629957029243
-0.0146176993788297
-0.0146292713399542
-0.0148629600284072
-0.0151133060294834
-0.0146394592004749
-0.0146322747720706
-0.0146722297103221
-0.0147185932185433
-0.01465994493931
-0.0146129748718998
-0.0145743784855017
-0.0145647992476294
-0.014545769443122
-0.0146015018725758
-0.0146063236597835
-0.0146652026046728
-0.0146533089768556
-0.0146115162124253
-0.0146283924676521
-0.0146234420026739
-0.0145536127277139
-0.0146730597295203
-0.0147385484186744
-0.0148592015607424
-0.0145811300850817
-0.0142974746898073
-0.0142341526448983
-0.0139337633982918
-0.0137656060385753
-0.013822707220699
-0.0136553826863149
-0.0135987181412354
-0.0134824802107912
-0.0134093131688564
-0.0134866030931467
-0.0133138067999808
-0.0131859512443605
-0.0131966328251965
-0.0132017358853103
-0.0131302657815029
-0.0132490877821461
-0.0132419939778027
-0.0133161293026472
-0.0132289379115887
-0.0133728487160526
-0.0133113492539604
-0.0133675214554613
-0.0136071050262365
-0.0136660679857054
-0.0137884370767465
-0.0140677305143561
-0.0142998288442645
-0.014407338172686
-0.0145800907828504
-0.0144057760675807
-0.0144597852047666
-0.0144455560324414
-0.0144153390705069
-0.014396322350517
-0.0140484854507136
-0.0140508646249269
-0.0141770707896706
-0.0141017704527767
-0.0140892464321106
-0.0140139527547145
-0.0139005710311506
-0.0138409673866696
-0.0139550074214637
-0.0138933117225738
-0.0140088961407809
-0.014008884064472
-0.014063619508705
-0.0141163670368585
-0.014225799340345
-0.0141734724116226
-0.0142523735242317
-0.0144607718862173
-0.0145140065301021
-0.0146580198008632
-0.0146919844501216
-0.0148640826404287
-0.0149277403473782
-0.0155039494839948
-0.0157261923316436
-0.0159330224545154
-0.0159125818707089
-0.0161466897155296
-0.0161627447222323
-0.0160995850470846
-0.0158761136958275
-0.0158143283240823
-0.015858361999957
-0.0156800288729321
-0.0154659982588282
-0.0155029618633503
-0.0154405569675322
-0.0154472397685056
-0.0152696201614405
-0.015276572616053
-0.0150359149020364
-0.0150456871523361
-0.0148662284877641
-0.0148874137959862
-0.0148474258985433
-0.0149353583398927
-0.0149261738299506
-0.014950074535585
-0.0148295133466928
-0.0148733838550702
-0.0146978295474409
-0.0146556119787032
-0.0145449792121481
-0.0144946357287056
-0.0144825364426469
-0.0143665546958306
-0.0143645127443359
-0.0142563114090991
-0.0142563114090991
-0.014192769838754
-0.0142469251753341
-0.0141926170649911
-0.0142345221696714
-0.0141355514677477
-0.0144482054254636
-0.0143170109557405
-0.0143147608932807
-0.0143123240518895
-0.0142579074178402
-0.0143145573054245
-0.0142994403663996
-0.0144283040003276
-0.014362441913516
-0.0142547084218071
-0.0142022013950062
-0.0140893709003558
-0.0140138628697571
-0.013911853046429
-0.0138535031806337
-0.013793118530195
-0.0135435598504642
-0.013533516848873
-0.0136007187340524
-0.013431538697063
-0.0134745299328767
-0.0133984734108291
-0.0134014686972747
-0.0133818153112764
-0.0133218255260768
-0.0132302245890275
-0.0134012008526418
-0.0134527814324387
-0.0134518400991212
-0.0135596710901779
-0.0135590216348317
-0.0136737189486207
-0.0137869984451464
-0.0138490779255827
-0.014074290904318
-0.0141996610920967
-0.0143009167505608
-0.014481781147922
-0.0145386565218576
-0.0145058423818781
-0.0148652392124314
-0.0146652497166481
-0.0146769825088544
-0.0146701358281488
-0.0146167353989774
-0.0145490128850644
-0.0145466984928395
-0.0146521938993089
-0.0145993485925751
-0.0146411241420109
-0.014488531891426
-0.0144968348356973
-0.0144963277504702
-0.0143782698423743
-0.0142975077240494
-0.0143556188790667
-0.0143145277670745
-0.0142426130119782
-0.0142473061288608
-0.0144904910535173
-0.0145207311711313
-0.0143148948966807
-0.0141372785109026
-0.0140912371097152
-0.0141421712664722
-0.0141642206374087
-0.0140965779743772
-0.0139652527049262
-0.0141350937649455
-0.014372091170186
-0.0143816060724398
-0.0143648814855623
-0.0144972190591454
-0.0145467947098349
-0.0144809327200324
-0.0143693948054975
-0.0143604588832366
-0.0142450507540089
-0.0141285107903049
-0.0139021661690521
-0.0141082501916099
-0.0142241041382393
-0.0143082387666377
-0.0144820314545143
-0.0144257729045757
-0.0146631912648956
-0.0147710602698176
-0.0148353469598413
-0.0150521771142773
-0.0151338866999108
-0.014844404596914
-0.0148463470065467
-0.0150793778608419
-0.0149629334426603
-0.015024124838753
-0.014959822410232
-0.0148607581145966
-0.0150211882218065
-0.0148237626927561
-0.0146689798534061
-0.0146948739588946
-0.0145442708826733
-0.0144326020991549
-0.014494198721773
-0.014481166105839
-0.0143624881610487
-0.0143658232225079
-0.0144310965261558
-0.0143765300522477
-0.0143092940952457
-0.0144230131954663
-0.0144949147324674
-0.0145495955881245
-0.0146643484742361
-0.0146665342104048
-0.0147172897627537
-0.0147981659564845
-0.0147806800671349
-0.0148316859054045
-0.0152995039160551
-0.0154383771893973
-0.014948478621558
-0.0148966534113418
-0.0149547729113902
-0.0148965189512889
-0.0148897687639095
-0.0148471362898946
-0.0148587886659978
-0.0147327050606949
-0.0146906717020243
-0.0145563959608383
-0.0144907714706411
-0.0144318176116217
-0.0144412681791751
-0.014379895381629
-0.0144389557227247
-0.0143804029139465
-0.0142642465108124
-0.014262140434333
-0.0143834997351779
-0.0145039120662852
-0.0143389682474995
-0.0142000949741573
-0.0142264378783061
-0.0141521198111046
-0.0143852619376031
-0.014387190114497
-0.0143299425761411
-0.0141617278892693
-0.0142165464538557
-0.0142609746219943
-0.0140532423462577
-0.0142192887768833
-0.0140008712501069
-0.0138698037031897
-0.0136977640074388
-0.0135912048045929
-0.013653994221903
-0.0134101165343621
-0.0134825494674547
-0.013454653242542
-0.0132826060704746
-0.0131955980455015
-0.0131351059518518
-0.0131351059518518
-0.0130780882079299
-0.0131351059518518
-0.0132508090754132
-0.013252879294882
-0.0133641495100856
-0.0132809971374659
-0.0134634918187058
-0.0133957521680348
-0.0135438243231455
-0.0138210379979498
-0.0139526750388218
-0.0141133989683622
-0.0145126571616708
-0.014631937248429
-0.0146518067847751
-0.0147599334686477
-0.0149330662142616
-0.0149945237423484
-0.0149705343736314
-0.0149131542503066
-0.0148595484158381
-0.0149256004448344
-0.0146944279555895
-0.014517294776008
-0.0144031979360645
-0.0143404322406735
-0.0142713710963138
-0.0142825085158874
-0.0143521130395749
-0.0142867834681848
-0.0143394083655052
-0.0142803534798945
-0.014507402264479
-0.0146157362581832
-0.0144548131285843
-0.0148435254211221
-0.0145784678888505
-0.0146407137506131
-0.014629142256602
-0.0146926314828321
-0.0146888813787325
-0.0146906685631846
-0.0149211557174303
-0.0149843711786664
-0.0151006531429095
-0.015144355781502
-0.0153724205865124
-0.0156287162155848
-0.0156714427523451
-0.0157851830551301
-0.0157892842589884
-0.0156614137193706
-0.0153718937434809
-0.015145712144181
-0.0154054445828195
-0.0153342755563226
-0.0149880708911944
-0.0149324030634309
-0.0149467719202394
-0.0148625188852186
-0.0147617783639277
-0.0147452398707093
-0.0146909072514497
-0.0146966161928019
-0.0147627130052053
-0.0146668044676872
-0.0146196984277322
-0.0144662533222731
-0.014460652047995
-0.0143389361994058
-0.0143510710892671
-0.0141850922057827
-0.0139431472693309
-0.0139565636197639
-0.0137418753928339
-0.0135520813279467
-0.0136005009101403
-0.0136052583612672
-0.0135372491696305
-0.0135349347774056
-0.0134809056249039
-0.0134131166416382
-0.0134243613859141
-0.0133793212717219
-0.0135327300611521
-0.0134716535330193
-0.0135281977720091
-0.0135500317118079
-0.0136082396071268
-0.0136063595540239
-0.0138369013473328
-0.0138902013765519
-0.0140594425254613
-0.0141141237881038
-0.0144235230578144
-0.0143839414666112
-0.0143197657577245
-0.0143477464974794
-0.01441344711983
-0.0145428967432844
-0.0143090290167423
-0.0143636375335061
-0.0141276659659665
-0.014126187366709
-0.0139283967483773
-0.0138155421436628
-0.0136438769133374
-0.0135176755303873
-0.0135326379860797
-0.0135326379860797
-0.0133565902923035
-0.0134085182343079
-0.0133611155561616
-0.013522910515528
-0.0135890566989201
-0.0136063404187088
-0.0137090655982465
-0.0137065904293566
-0.0138250103758717
-0.0138717240399252
-0.0139414881795178
-0.0140111636850959
-0.0141159888249934
-0.0142294084633631
-0.0142857269388414
-0.0143442386672316
-0.0143005859194377
-0.0145244593278154
-0.0145835295623242
-0.0145857313797455
-0.0146990739377736
-0.0146939148068491
-0.0146939148068491
-0.0146939148068491
-0.0149612342452538
-0.0150570864276457
-0.014700382772642
-0.0146442105711411
-0.0147057385538599
-0.0146066415744924
-0.0145816885004367
-0.0145863494508779
-0.0145706762858952
-0.0145706762858952
-0.014452855568971
-0.0144100570911515
-0.0144075553543564
-0.0145049636771261
-0.0144590817249955
-0.0144091021967136
-0.014360540259323
-0.0145666645012208
-0.0145546100332017
-0.0145915500796539
-0.0146535840406271
-0.0147049459541454
-0.0146474654168142
-0.0145312776002786
-0.0143893844514122
-0.0145940209563001
-0.0147734657934545
-0.0148386875308809
-0.0147751008869977
-0.0147609250356676
-0.014772899083008
-0.0145984205009251
-0.0144009443580084
-0.0143541544319217
-0.0141286866159973
-0.0141783118769244
-0.0140658286336978
-0.013891921402284
-0.0140086668634413
-0.0140702035067148
-0.0142519806329399
-0.0142963278102547
-0.0142833196153487
-0.0145184210608405
-0.0146392353604675
-0.0147514859308804
-0.0147154864969785
-0.0149000141591909
-0.014816918692644
-0.0149450595278584
-0.0151032624488821
-0.0152749911572636
-0.0153382926371975
-0.0152818548574973
-0.0153395326017584
-0.0152315935411821
-0.0152164377339788
-0.0152824992457977
-0.0152135718584685
-0.0152102956587759
-0.0152292405272695
-0.0151725895563964
-0.0151224106995887
-0.0149462873127669
-0.0146585847668036
-0.0145396849491848
-0.0144648361721038
-0.0144709831237735
-0.0145908158338313
-0.0145953062175979
-0.0145867843005388
-0.014690999854107
-0.0146491658894029
-0.0146491658894029
-0.0147058141265098
-0.0147015391391691
-0.0147580535559969
-0.0147015391391691
-0.0146537193433818
-0.0146537193433818
-0.0146626382340682
-0.0145548095934848
-0.014592281132526
-0.0145401984427077
-0.0145382698177421
-0.0145337988333806
-0.0145337988333806
-0.0145337988333806
-0.0145230464547686
-0.0144775269930853
-0.0144773857254504
-0.0143056570170689
-0.014201129338172
-0.01420070340881
-0.0140194887666885
-0.0140215927596202
-0.0139126326505359
-0.0137745627368174
-0.0138274253418812
-0.0139389581041188
-0.0139216742542904
-0.0139726747315261
-0.0139800085175704
-0.013986784369784
-0.0140820257558734
-0.0141390404307717
-0.0139588185465196
-0.0141374684153041
-0.0141980914537842
-0.0139569383153162
-0.0139090416834307
-0.0137981963446094
-0.0136749891625505
-0.013572954777974
-0.013506890304366
-0.0134086552738948
-0.0132789022513652
-0.0132364473534784
-0.0132785079064829
-0.0133596108310083
-0.0134014456168212
-0.0133409865390078
-0.0132056267847965
-0.0131509609647763
-0.0132776985121005
-0.0133263234942977
-0.0133890733207192
-0.0133982022283267
-0.0134977198404556
-0.0135004778117986
-0.0136171215099327
-0.0137971719888231
-0.0141380729947696
-0.0146535920056162
-0.0150587689056098
-0.015185868011595
-0.0155328298609157
-0.0155893887867355
-0.015706725518038
-0.0157488878144705
-0.0158563830137115
-0.0159143903458383
-0.0159096972289558
-0.0158759462920586
-0.0159173851440293
-0.0159805289792508
-0.0159261526510071
-0.015742678239922
-0.0158128533466839
-0.0157048958943831
-0.0154786341047156
-0.0153599676620463
-0.015318589417126
-0.0152537954813888
-0.015140275455833
-0.0149641140362811
-0.0148474860891204
-0.0149039710794556
-0.0149611811565341
-0.0148418100765026
-0.0148690790267346
-0.0147283535369366
-0.0148365953168724
-0.0149540761725155
-0.0149540761725155
-0.0150737350957754
-0.015183441392602
-0.0151833110932204
-0.0154730232424711
-0.015646706309575
-0.0155937756995008
-0.0156705373260388
-0.0155304432306483
-0.0155344803656468
-0.0155911003774238
-0.0154203246359884
-0.0154225594790271
-0.0153049274987588
-0.0151883078265517
-0.0149498242792778
-0.0151967783964855
-0.0147436774260261
-0.0146699156598163
-0.0146069189360398
-0.0144873114074822
-0.0144280177139595
-0.0142019844564868
-0.0140952508804396
-0.0141907041243755
-0.0140148273285049
-0.0139189394622979
-0.0138561433064343
-0.0137383898603524
-0.013808656224169
-0.0137831396917749
-0.013632655803751
-0.0135295898141659
-0.0134936676721447
-0.0132884466597938
-0.0133336710028331
-0.0135469978923125
-0.0134745753941922
-0.0132981841998408
-0.0132832831631506
-0.0132902851778461
-0.0131754541071101
-0.0131699786896538
-0.0130554221446317
-0.0130749782201735
-0.0129361798270172
-0.0129448428472745
-0.0128795307269934
-0.0128280658438802
-0.0129401637972373
-0.0128783956397887
-0.0128854835654537
-0.0128202863782104
-0.0129438226931076
-0.0130083013496733
-0.0129925263206263
-0.0132231880649967
-0.0132723337088611
-0.0131176302085997
-0.013276238488139
-0.0132311767603241
-0.0133551533716921
-0.0134485878045358
-0.0136558626543946
-0.0138205216363539
-0.0136799173937179
-0.0139132837287932
-0.0142287516795311
-0.0145838056471833
-0.0146670621891759
-0.0147878149840117
-0.0147986687054523
-0.0147551873020556
-0.0147556924867828
-0.0146331102637997
-0.0147263323970179
-0.0147639552793534
-0.0148546944642628
-0.014741944285226
-0.0147482031586779
-0.0145971615028588
-0.0146812121001266
-0.0145708236026689
-0.0146845013529062
-0.01462060541731
-0.0149167918509962
-0.0151897636380898
-0.0151910176770426
-0.0151351465597327
-0.0150252815208177
-0.0151392457061681
-0.0152608913520384
-0.0152564357711762
-0.0152600069700623
-0.015330470043969
-0.015375354581215
-0.0158759458509535
-0.0157355382973427
-0.0154306118397276
-0.0154287368428155
-0.0157804413777619
-0.0157833600422466
-0.0157314298690578
-0.0157882568648295
-0.0155491273439673
-0.0155475589519443
-0.015443471248659
-0.0151965145901426
-0.0150913204771583
-0.0150936156415805
-0.0149204035379758
-0.0149194990772424
-0.0149079271161179
-0.014905612723893
-0.0147368307056948
-0.014732201921245
-0.0151327553979945
-0.0148476118456497
-0.0148650186698536
-0.0148462947317973
-0.0149260586651362
-0.014989868072445
-0.014997245514685
-0.0149142732082727
-0.0148696417625829
-0.0147948463593346
-0.0147426702054558
-0.014632259889219
-0.0146295281756192
-0.014460032517572
-0.0143504565121739
-0.0142682657821809
-0.0141584105503258
-0.0139015966474884
-0.0137181379539096
-0.0134843106199856
-0.0133526705162446
-0.0133275964826562
-0.0131866554926058
-0.0130330810985674
-0.0130878180910625
-0.0129151221524315
-0.0129014417647536
-0.0128452750474334
-0.0128975850509359
-0.0129070356184893
-0.0129562514451721
-0.0130188490980064
-0.0131528341310053
-0.0132440516966514
-0.0134799630676902
-0.0134822613771427
-0.0135834281547448
-0.013749420628145
-0.0140539619005744
-0.0143459440668119
-0.0147278329510524
-0.015123598688781
-0.0152199954526869
-0.0152748191467533
-0.0152744016079316
-0.0152170963312617
-0.0151519337137742
-0.0152170389103004
-0.0150816086516188
-0.0150060553358594
-0.0147634052781601
-0.0145799884080414
-0.0144759510394313
-0.0142907588677738
-0.0140696626135341
-0.0139532907666689
-0.0137513988347774
-0.0136997445942027
-0.013651828105191
-0.0135993387519989
-0.0140378568433984
-0.0139246078874054
-0.0139071033757524
-0.0139049337206253
-0.0139621596370983
-0.014059908587841
-0.0141825166601976
-0.014227490700164
-0.0143543986126471
-0.0145773539836171
-0.0146956629477829
-0.0147589529884395
-0.0147546780010988
-0.0147525405074285
-0.0148722203666717
-0.0149910747799211
-0.0149330674477943
-0.0149855161928396
-0.0150413699506716
-0.014872360564566
-0.0154986072744635
-0.015061588002458
-0.0148208716569332
-0.0147628272878175
-0.0147088221737999
-0.0146466422109344
-0.0146485846205671
-0.0145875044075385
-0.0145894468171712
-0.0145288244566352
-0.0144101284834208
-0.0141244373729198
-0.0140641895809313
-0.0141858821996844
-0.0142524982840619
-0.0143495549268037
-0.0143012042359343
-0.0144272218673672
-0.0144829456430603
-0.0145245609692389
-0.0145315378025052
-0.0145474661823174
-0.0145860625687155
-0.0146008174531955
-0.0146550030419381
-0.0147584500892885
-0.014662352821367
-0.0147044984267406
-0.0147781551454237
-0.0146622514926097
-0.0145777481146145
-0.0146070626259662
-0.0147723041211561
-0.0145570624768038
-0.0143212767131786
-0.01430761939112
-0.0140726895903599
-0.0138414205563986
-0.0136871871194471
-0.0136969593697467
-0.0135843922198038
-0.013579506094654
-0.0135206271497647
-0.0134477780213927
-0.0135065477991171
-0.0135786062957074
-0.0136383060549897
-0.0136940211785912
-0.0137391480437309
-0.0138527455015397
-0.0140697046927101
-0.0144791722900391
-0.0148263812996402
-0.0149210549391652
-0.0150527006545008
-0.0151682759217437
-0.0152839598317144
-0.0155719483879933
-0.0156141018303346
-0.0155695200929151
-0.0158243785532902
-0.0157934551209656
-0.0157587520915115
-0.0158784437956102
-0.0158895332900413
-0.0158241562244413
-0.0157218304972357
-0.0157763059261056
-0.0156038491623209
-0.0156038491623209
-0.0154874354064406
-0.0154295389022316
-0.015317414201222
-0.0152586014124406
-0.015150253732921
-0.0150953643821987
-0.015036045194868
-0.0149062299653803
-0.0148642344711895
-0.0149684520454193
-0.014936980090858
-0.0149193451498049
-0.0146867213901101
-0.0147309006620707
-0.0147852066267281
-0.0147852066267281
-0.0146620767799279
-0.0146126704997193
-0.0143894142101682
-0.0143975473512398
-0.0145682042455684
-0.0143323382069493
-0.0142392401186844
-0.014269327099403
-0.0140970301847779
-0.013983252728316
-0.0140440544107449
-0.0141025619991791
-0.0141025619991791
-0.0139258147986663
-0.0138660208156207
-0.0140575327993579
-0.0139362906302137
-0.0137188587237092
-0.013899623569987
-0.0138186553614603
-0.0135968560707308
-0.0134757267664547
-0.0135327357996758
-0.0136011734688163
-0.0134933782868867
-0.0135498007608505
-0.0134369620706094
-0.013424447092256
-0.0133029557799947
-0.0134136145123016
-0.0133652835096771
-0.0133478175206864
-0.0131185290892554
-0.0131883479780929
-0.0133285432858377
-0.0130427059619354
-0.0127909122703426
-0.0127413022862544
-0.012729396371984
-0.0126777837754412
-0.012614378045081
-0.0127402933825064
-0.0127259262427485
-0.0125729111927166
-0.0125415695758668
-0.0124943540451031
-0.0127314620712982
-0.0128330369843578
-0.0129584806712769
-0.0129486980259254
-0.0129652365191438
-0.0131894058851668
-0.0131918434669785
-0.013478967112084
-0.0135073792282545
-0.0136089724570081
-0.0139010467093604
-0.0141218466824227
-0.0142567757989996
-0.0145814095954907
-0.0148740210736411
-0.0150377928485921
-0.0152645760702985
-0.0154312680111096
-0.0154833093949507
-0.015688870670374
-0.0156644737826256
-0.0157363383726161
-0.0158364152389243
-0.016036784034413
-0.0160345661355268
-0.0161002571791782
-0.0160852567627794
-0.0160966678972889
-0.0164607720627643
-0.0161073064580847
-0.0160742791967662
-0.0161365308867808
-0.0160783453447243
-0.0161365159941414
-0.0161453875896863
-0.0161214122444329
-0.0161332152197439
-0.0162501538420242
-0.016241539544845
-0.0161768673735079
-0.016318019467614
-0.0164660170353215
-0.0164627322377104
-0.0166788304883584
-0.0167784298177284
-0.0167259404645363
-0.0167031355591232
-0.0168183496538375
-0.0171158487058926
-0.0170352683782762
-0.0166653840072505
-0.0164995279415526
-0.016548390638516
-0.0163188974233491
-0.0161474586360603
-0.01603334156138
-0.015687627051281
-0.0155097161030554
-0.0151173711711762
-0.0149637655974147
-0.0148827990432983
-0.0147657145301421
-0.0147074469562512
-0.0145337031847375
-0.0145917399776392
-0.0144783995429669
-0.0141872710779294
-0.0142534074744313
-0.0141184236118176
-0.0143232714170075
-0.014077035077083
-0.014081631695988
-0.0139284183956574
-0.0140343728079536
-0.0140273813822917
-0.0140334153897121
-0.0141495172888428
-0.0141353329507334
-0.013970502341913
-0.013970502341913
-0.0139440137273552
-0.0139501148184993
-0.0135643851481268
-0.0134369053361039
-0.0133308494680022
-0.0129903318809354
-0.0128852749185914
-0.012757005774259
-0.0129291779326657
-0.0124504326467146
-0.0122928055027734
-0.0123124786820801
-0.0123028410087618
-0.0122895128035472
-0.0121910649087045
-0.0120504659119967
-0.0120745023280743
-0.0119076172435364
-0.0119660526172842
-0.0118023824977719
-0.0118360535660751
-0.0118421883751617
-0.0118446636076508
-0.0118470272490539
-0.0119482877283957
-0.0121835986948228
-0.0124315094696492
-0.0127410481146965
-0.0131383796477637
-0.0132525266048955
-0.0131222230665989
-0.0132877334499851
-0.0134709943302572
-0.0135819477944549
-0.0137728882685401
-0.0136939772850858
-0.0139258608014988
-0.014027736397937
-0.0144914174757279
-0.0149024465994891
-0.0151337551875918
-0.015100476437176
-0.0153343221242152
-0.0155776616757583
-0.0157322167621554
-0.0160102542949492
-0.0160214241977754
-0.0160302957933203
-0.0163832152237383
-0.0161913391542765
-0.0163609259888302
-0.016358692008265
-0.016358692008265
-0.016358692008265
-0.0164733572885489
-0.0165299702483877
-0.0165299702483877
-0.0165870094571398
-0.016643063897212
-0.0167075634923438
-0.0167413620938737
-0.0166866256879356
-0.0167941924617618
-0.0168133447893643
-0.0168130664322806
-0.0166961835635637
-0.0166443235198451
-0.0168647712150596
-0.0170790830385143
-0.0168902724328985
-0.0167321612335344
-0.0167718718461958
-0.0167082950271365
-0.0166563415546341
-0.0166563415546341
-0.01665200224438
-0.01665200224438
-0.0166083460467835
-0.0165011201369276
-0.0164968678673385
-0.0162561309590437
-0.0163076020280612
-0.0162019554606792
-0.0159807035985257
-0.0160872083723702
-0.0158900606063193
-0.0159024505570055
-0.0157255440918671
-0.0158971861668341
-0.0156308037491696
-0.015125068972295
-0.0151124282703062
-0.0149528223030068
-0.0147495732767136
-0.0146364460463858
-0.0144591733721795
-0.0142968053753488
-0.0141254448356439
-0.0137326259043927
-0.0134430138348828
-0.0132115791832966
-0.0128591718018847
-0.0128098136933383
-0.0126070551023961
-0.0125057819563578
-0.0124937205000281
-0.012432983808365
-0.0124593267125138
-0.0127983204858233
-0.0123727572040716
-0.0122970339669304
-0.0123246206602962
-0.0123443461534185
-0.0123443461534185
-0.0124032327261021
-0.0123947985456239
-0.0126216184117213
-0.0126429200296357
-0.0126310599744802
-0.0126453394652836
-0.0126927994257204
-0.0126444672640966
-0.0126468620735646
-0.0124670089528983
-0.0122326491682227
-0.0119943690186071
-0.0119352065228964
-0.0118237462356483
-0.0118304572821308
-0.0115660023233572
-0.0116712096409189
-0.0116872822649444
-0.0117209633538723
-0.0117209633538723
-0.0117728501487702
-0.0120063652797591
-0.0122951337443341
-0.0126393669181692
-0.0129189968288238
-0.0130424192534233
-0.0133411431499013
-0.0134580460828962
-0.0136098685306405
-0.0138018689610088
-0.0140233344775792
-0.0147097856078636
-0.0152291939779486
-0.0156349659900625
-0.0158260755469117
-0.0159978467869907
-0.0161942175391923
-0.0161698206514438
-0.0164037707393222
-0.0166943597262364
-0.016922857108076
-0.0168702768261181
-0.0169212420753644
-0.0168775200455469
-0.0169188305613193
-0.0168708733315261
-0.0166383787887043
-0.0163874277874407
-0.0163373168943949
-0.0162784150601918
-0.0160704428364758
-0.01593507926703
-0.0159457667353816
-0.0158335913321154
-0.0158726803333139
-0.0157944977588058
-0.015909244233521
-0.01578609051453
-0.0159559050932983
-0.0159424851686326
-0.0161811240013848
-0.0161853989887255
-0.0163018246793561
-0.0164692224390041
-0.0164809936824065
-0.0166392483217046
-0.0167027429896484
-0.0167045922396055
-0.0168206124410459
-0.0167634975203787
-0.0167642767821074
-0.0167656860504933
-0.01678079368097
-0.0167032554245339
-0.0165693005559725
-0.0166674252915588
-0.0164162736498234
-0.0162482308033053
-0.0159030218026594
-0.0154413547606561
-0.0150306494320732
-0.0149196085381181
-0.0148070971146578
-0.01482729456657
-0.0146830966645909
-0.0144284186416173
-0.0142486785648183
-0.0141123261220135
-0.014048398297976
-0.0137205724741818
-0.0134955873043018
-0.0135518595739243
-0.01319758796365
-0.0133630965381172
-0.0133633270505163
-0.0133973259531636
-0.0133300249268576
-0.0131434975046427
-0.0131455494498589
-0.0132683820702742
-0.0130932683274948
-0.0132814827177268
-0.0133946804815203
-0.0133352450875232
-0.0132146895118435
-0.0132685390205668
-0.0131901784592753
-0.0132637485317119
-0.0132098807524257
-0.0131482407833999
-0.0130918595560933
-0.0130412836747197
-0.0128554565545551
-0.0127918286560581
-0.0127534877172667
-0.0127451616534739
-0.012404633285054
-0.0122474464388219
-0.0121951388171755
-0.012035281516092
-0.0120730841015003
-0.0120091566792058
-0.0120063408090763
-0.0120110339259589
-0.0123143295173506
-0.0127218695505367
-0.0127566987906066
-0.013042986873906
-0.0133312778794695
-0.0134422011454322
-0.0136219207337569
-0.0137405862470812
-0.0138892085881864
-0.0141460750118929
-0.0147303517648434
-0.0149729830532568
-0.0152963627521887
-0.0155240350991147
-0.0156920041212979
-0.0158272116361166
-0.0159445635165965
-0.0160602256840356
-0.0161216794796622
-0.0162900961838883
-0.0163496694363138
-0.0163539948119383
-0.0165264489776824
-0.0164682410823635
-0.0164682410823635
-0.0165264489776824
-0.016468389780525
-0.0164682410823635
-0.0165264489776824
-0.0164682410823635
-0.0169243520450983
-0.0162889489679267
-0.0162850302295311
-0.0162478088041047
-0.0162265946715836
-0.0161612950352853
-0.0162282429744743
-0.0162220234548162
-0.0163394043279371
-0.0162237529974113
-0.0164022987984433
-0.0164763817919983
-0.0164236784758016
-0.0163066787086326
-0.0162952487116946
-0.0161200269193204
-0.0161259750525946
-0.0160147671789951
-0.0159610846317531
-0.015666314487695
-0.0160066702721639
-0.0156820813205549
-0.015619315707476
-0.0153916881819349
-0.0153318666790724
-0.0152703845140126
-0.0152735874266408
-0.0152105909363814
-0.0152188204905028
-0.0151652962780056
-0.0152169801456796
-0.0151016609162278
-0.01512185836814
-0.0151039865236181
-0.0150063495702895
-0.0149254127949071
-0.0148749216674001
-0.0148124612693782
-0.0147530616272324
-0.0146487419983844
-0.0143461478897391
-0.0144363856355364
-0.014127082895234
-0.0138962562084787
-0.013705697565336
-0.0136424669454835
-0.0134839890299775
-0.0133710185680639
-0.0130876858041336
-0.0128582171357767
-0.0128046403598188
-0.0128112852240654
-0.0128109540563774
-0.01275425635717
-0.0126788207912546
-0.0126415212358673
-0.0125507595876035
-0.0127020955856459
-0.0126333588285354
-0.0128077822505249
-0.012843631879846
-0.0129182535380677
-0.0130330863834704
-0.013104344364453
-0.0130315581506795
-0.0130878207394337
-0.0132629456933556
-0.0133267865979091
-0.0132170178321695
-0.0131714550747066
-0.0130751722132856
-0.0129756819735807
-0.0129362558973638
-0.0130442330149021
-0.0129327941019407
-0.0130989201763223
-0.0129858283972505
-0.0131059751293948
-0.0131025197756179
-0.013210393890643
-0.0133631073744655
-0.0135353440450242
-0.0134510149557716
-0.0135701553979599
-0.0135791556477991
-0.0136945896246183
-0.0137507757129428
-0.0138526910590032
-0.0143611334796094
-0.014547030732083
-0.0150134062046058
-0.0154222841028038
-0.0157055676394207
-0.0160018908793952
-0.0161761466531398
-0.016291442873182
-0.0165803411531122
-0.0169298045763875
-0.0173356219519012
-0.0176812715978109
-0.0180024189334257
-0.017970619552128
-0.017972429012466
-0.017972429012466
-0.0180854860606533
-0.0179747112393679
-0.0178626431383902
-0.0176312378796677
-0.0173996407742438
-0.0170480217591413
-0.0169890694670258
-0.0166459441973515
-0.0164717643311014
-0.0164129767658472
-0.0163939768221109
-0.0162393739024166
-0.0161171374289608
-0.016010950173985
-0.0159481683345189
-0.0155946563913353
-0.0156891006253072
-0.015443142433985
-0.0153786659823683
-0.0153797358648835
-0.0153248144197727
-0.0152622646723886
-0.015324579153105
-0.0153202720045154
-0.0153176132291584
-0.0152490409468122
-0.0153801456030019
-0.0153774691314512
-0.0153251672635689
-0.015208959620139
-0.0153229654461476
-0.0151503317232088
-0.0151503317232088
-0.0150282157442942
-0.0150315908379839
-0.0148618793723073
-0.0149556896879502
-0.0148276544742553
-0.0145195883938532
-0.0143003973469129
-0.0140629246974823
-0.0139537999354694
-0.0135586341807352
-0.0132162464885465
-0.0129156026367384
-0.0127472933117391
-0.0126908420630375
-0.0125177852539164
-0.0125269784917264
-0.0124634036122082
-0.0124680645626495
-0.0124755222128543
-0.0125247660262063
-0.0124728856546565
-0.0124728856546565
-0.0124973249382474
-0.0125462035054292
-0.012619521356202
-0.0127172784905657
-0.0128335269250148
-0.0129682666595493
-0.0131214976941693
-0.0132932200288747
-0.0134834336636655
-0.0136586443138505
-0.0138188519794298
-0.0139640566604034
-0.0140942583567711
-0.0142094570685332
-0.0143121862129509
-0.0144024457900244
-0.0144802357997536
-0.0145455562421386
-0.0145984071171792
-0.0146264823295565
-0.0146297818792703
-0.0146083057663208
-0.0145620539907078
-0.0144910265524315
-0.0144474434961293
-0.0144313048218014
-0.0144426105294476
-0.0144813606190681
-0.0145475550906627
-0.0146266545538418
-0.0147186590086053
-0.0148235684549532
-0.0149413828928856
-0.0150721023224023
-0.0151878469463856
-0.0154734868295044
-0.0161574394884846
-0.0164526659160392
-0.016687565476372
-0.0167830237150112
-0.0171371138280827
-0.0175082117591051
-0.0174605531502901
-0.0175156142073848
-0.0178044952604526
-0.0179187437740117
-0.0183175565451754
-0.0184338641939521
-0.0187130450447419
-0.0189465904456133
-0.0191251546747893
-0.0192994184399282
-0.0193578233034578
-0.0193005035740069
-0.0193599255938446
-0.0192461115631589
-0.0193035212548044
-0.0193035212548044
-0.0191904642066171
-0.0191345614327214
-0.0193040908049129
-0.019161686769162
-0.0191921520783647
-0.0189669432667698
-0.0187879668931369
-0.0186164042750892
-0.0185315882092497
-0.0182105131444444
-0.018076042706069
-0.0180745707372376
-0.0179113000827728
-0.0177006804162182
-0.0177252337053438
-0.0176748449533668
-0.0176200709084092
-0.0174465147184328
-0.0172829205428989
-0.0169415925957738
-0.0169926614539419
-0.0168232203604343
-0.0167083303141865
-0.0169420711648228
-0.0164619023208235
-0.0163205463672765
-0.01625959098158
-0.0162617284752503
-0.0160944933055574
-0.0159261401796174
-0.0155765979464941
-0.0155721621487216
-0.0154024488595448
-0.0152856731642575
-0.0151126571704795
-0.0150512673008955
-0.0148777616826428
-0.0146433983065842
-0.014241656042412
-0.0140151885284385
-0.0139585755685997
-0.0137262847680041
-0.0137202846014446
-0.013951513661993
-0.0134502759972777
-0.0133876316514441
-0.0134421267056584
-0.0133203049947024
-0.0132096659460525
-0.0130921144768484
-0.0129875567167777
-0.012983310670582
-0.0130466605112164
-0.0129773329934594
-0.0129236312677744
-0.0129796967181574
-0.0130346149335005
-0.0130163571182854
-0.0132672868550965
-0.0131619423663436
-0.0133946335244976
-0.013396996166386
-0.0134684789416821
-0.0135422795065663
-0.0135409611943616
-0.0135926227042527
-0.0137753134024597
-0.0136779199420222
-0.0138119288116621
-0.0138700473968233
-0.0139781483924879
-0.0140949706770771
-0.01411356132136
-0.014160747928851
-0.0142103334298577
-0.0142120760426427
-0.0141535717702221
-0.0141539530158887
-0.0142674042189372
-0.0142207604258118
-0.0141598091455828
-0.0143678765687278
-0.0144952607063037
-0.0145851160224002
-0.0147341258588498
-0.0146576852538713
-0.0147383464457969
-0.0150883868722327
-0.0151662170995923
-0.0154534051738166
-0.0158378479044501
-0.0163563987208756
-0.0168726153004721
-0.0172162202581513
-0.0173297772859298
-0.0175717892803401
-0.0177902996438025
-0.0183033500822883
-0.0188268329464172
-0.0192335974811697
-0.01935656731098
-0.0197026471793926
-0.0197624118438458
-0.0200932129843018
-0.0199449307013001
-0.0200558016454412
-0.020114256073844
-0.0201165383007459
-0.020114256073844
-0.020114256073844
-0.0201730740674446
-0.0202922451146264
-0.0202315084593217
-0.0202355459208396
-0.02017747930682
-0.020060293347548
-0.020060293347548
-0.0200014753539474
-0.0197745741745364
-0.0194860809416817
-0.019256294963586
-0.019142822435472
-0.01902277654291
-0.0187909835940577
-0.0186145072315203
-0.0183163183428763
-0.0182059859403226
-0.0182697687929789
-0.018155755542255
-0.0181550210350991
-0.0181201322973973
-0.0180575319025985
-0.0179790648091456
-0.0178124865965922
-0.0176446600629557
-0.0172395149922978
-0.0167761169850212
-0.0166604208998782
-0.0163879816962905
-0.0163511691815469
-0.0160408997420662
-0.015797611110292
-0.0157495422822922
-0.0154541779259915
-0.0151286962220064
-0.0147192475526884
-0.0142128091083696
-0.0140382276255505
-0.013748077555656
-0.0136873024600966
-0.0135717312030623
-0.013460095194314
-0.0131369296756511
-0.0129394234259445
-0.0128195203753861
-0.0125341516994704
-0.0125529079319646
-0.0127061432450508
-0.0125751349996011
-0.0124746099837489
-0.012641102007056
-0.0124193721355202
-0.0126515590301954
-0.0126625980781051
-0.012844693549013
-0.0129534038950833
-0.0130141770011809
-0.0130282984023458
-0.0129389314040521
-0.0129957908237223
-0.0130037810244787
-0.0128933427861908
-0.0130092029811089
-0.0129571284110632
-0.0129470717320292
-0.0130093945530273
-0.0129472763966657
-0.0130628558088301
-0.0130775141842796
-0.0132444348615843
-0.0133639875814469
-0.0134277805227814
-0.0135286252658106
-0.0134822303975087
-0.0136067982218393
-0.0134835078393046
-0.0136452314725668
-0.0136520225318882
-0.0137029887018819
-0.0137513228640157
-0.0138288721389442
-0.014041225911482
-0.0141168574971592
-0.0143950883035473
-0.0146882487168296
-0.014867727573939
-0.0149221726661498
-0.015165943183457
-0.0153455060971627
-0.0155659726292916
-0.0156870838794903
-0.0159176531126649
-0.0163134417655524
-0.0165078848593566
-0.0167782234799791
-0.0168982400428437
-0.0171296556718244
-0.0171680237133014
-0.0174039594862515
-0.0176353393995591
-0.0177551297979388
-0.0179715643349364
-0.0181406468825213
-0.0185367541102363
-0.0191165267089708
-0.0192920835762104
-0.0194782309942228
-0.0197619613534885
-0.019820931962537
-0.0198790750142295
-0.020048782172555
-0.0201694666462905
-0.0202254934495131
-0.0209266782690263
-0.0205252883529834
-0.020472066627924
-0.020711163359849
-0.0207448333564755
-0.0208583909347549
-0.0208603569964827
-0.02097433600585
-0.0214321693047885
-0.0214446495246697
-0.0214555409571584
-0.0213983798084479
-0.0211681540604937
-0.0210510868877055
-0.0206452603994609
-0.0205303037345484
-0.0204749634919218
-0.0203587261315699
-0.0201771798539306
-0.0199650111785052
-0.0197912438452086
-0.0194468092122745
-0.0192690364015108
-0.0188684462319022
-0.0184419325803068
-0.0181687958981669
-0.0178737439195166
-0.0178104135248057
-0.0174930140621656
-0.017182061319149
-0.0169000260994679
-0.0165605338198869
-0.016387141700176
-0.0159728468514601
-0.0157446308838275
-0.0156383572026554
-0.015104296667361
-0.0148357760764617
-0.0143511825851951
-0.0140929184304605
-0.013983869266555
-0.0136999317327134
-0.0135296254962253
-0.0133483328258242
-0.0130720811930877
-0.0128415069727651
-0.0125530041341726
-0.0123233352566576
-0.0121490081380538
-0.011979732248097
-0.0117394355438131
-0.0116092091802899
-0.0114319241038677
-0.0114970203159049
-0.011454019811694
-0.0113283236929601
-0.0113395740052591
-0.0113398013831546
-0.0113978531653443
-0.0114069177436303
-0.011772649154539
-0.011362986347929
-0.0113401640789101
-0.0114436812087818
-0.0113968797388911
-0.0114014441926949
-0.0114575318761988
-0.011449487793115
-0.0116161175345895
-0.0114996200846071
-0.011565416178787
-0.0115585694980814
-0.0115142853220194
-0.0116151542677248
-0.0117445096061877
-0.0119287849069644
-0.0120287953630542
-0.012382043687197
-0.0127303687438208
-0.0129542541008669
-0.0130612163000014
-0.0136041444522784
-0.0135380534462397
-0.0137779371352277
-0.01389140734782
-0.0140472052118434
-0.0145764495770602
-0.0149712246695819
-0.0151498637215044
-0.0153882679047388
-0.0156649525003197
-0.0159657327241038
-0.0160769178341926
-0.0162488725454643
-0.01669574870258
-0.0171132185009591
-0.0172404657585352
-0.0173915474066621
-0.017574563615908
-0.0176459799517761
-0.0181326618091803
-0.0178256234817074
-0.0178654892176945
-0.0179897775641178
-0.0179340624405163
-0.0179717918680076
-0.0181495312465388
-0.018127898666351
-0.0183210678527004
-0.0186753588243252
-0.0187759694450731
-0.0190700905729094
-0.019287779043457
-0.0194661292554675
-0.0197055812887937
-0.0198802861963751
-0.0199943774739293
-0.0201668412217338
-0.0203996769637935
-0.0210345037620518
-0.0214292855756506
-0.02139738641039
-0.0215499681882228
-0.0218634456421997
-0.0219578884256404
-0.0221909425306034
-0.0223158941465308
-0.0223395205654143
-0.0223741565977262
-0.0224426160520179
-0.0224242295763979
-0.022254029622768
-0.0221950590137195
-0.0221950590137195
-0.0221371403778193
-0.0220228173572274
-0.0216254037809257
-0.0210494020349151
-0.0205880267966145
-0.0203730381786345
-0.0201162043505092
-0.0197986281449943
-0.0192669828567767
-0.0185199193039958
-0.0179947987881234
-0.0177098481939656
-0.017536804817469
-0.0170789190019985
-0.0168439773662309
-0.0164385352799474
-0.0158672819018534
-0.0155249811876175
-0.0152934487730219
-0.0151747478827115
-0.0148887061599176
-0.0146543165242597
-0.014225315244463
-0.0141774135224884
-0.0138897714803198
-0.0137299837456705
-0.0137098717238753
-0.0134612459257233
-0.0133115732290922
-0.013085756714853
-0.0127616838549609
-0.0125872647632669
-0.01217886163785
-0.0118360429070391
-0.0116052103985497
-0.0115578107367958
-0.0114346276367559
-0.0113176846244547
-0.0112021245900448
-0.0109107796639336
-0.010925713857032
-0.0108120773158386
-0.0105726037087379
-0.0103347666298334
-0.0101776234850598
-0.010233871547351
-0.00996178183262717
-0.00998976838881172
-0.00988160757977031
-0.0099384511643031
-0.0103348719167057
-0.010334180971452
-0.0106144122091487
-0.0108445789874661
-0.0108980413053932
-0.0110229305006994
-0.0111831862500299
-0.0113077331778085
-0.0114880569683366
-0.0115896328492275
-0.0120095831871376
-0.0124040741098315
-0.0129301295208362
-0.0131600773342553
-0.0134560996951782
-0.0135228191299647
-0.0141036663291429
-0.0139968552269343
-0.0142924023122586
-0.0146768264385069
-0.0150816685575963
-0.015367841746667
-0.0156598049909534
-0.0160006823441168
-0.0162452162998792
-0.0163453026338935
-0.0165948436849296
-0.0167122838201821
-0.0171704393986367
-0.0174475067888048
-0.0178432356705096
-0.0179446513311919
-0.0181261118091661
-0.0183670904540097
-0.0184643462915066
-0.0188238702717002
-0.0190634563554542
-0.019057526595617
-0.0192848967686499
-0.01935310890768
-0.0195572259765625
-0.0198024365506464
-0.0198442407821338
-0.0199602710110809
-0.0199818242962935
-0.0201537436839565
-0.0201634515958455
-0.0201562671674413
-0.0202839835924541
-0.0203281331967431
-0.020500176455028
-0.0205139163226476
-0.0206144008055991
-0.0207325068622069
-0.0207918973370434
-0.0210275679091841
-0.0214843534885086
-0.0216599323569856
-0.0217782429251574
-0.0218918998899179
-0.0218918998899179
-0.0219283547733152
-0.0220937289459772
-0.0219994436476988
-0.0220106162595747
-0.0219335560451467
-0.0218838299308626
-0.021653221743019
-0.0216542106902286
-0.0213691044573971
-0.0211332028331636
-0.0209094676306636
-0.0207325057055744
-0.0205655340347082
-0.0205090897959716
-0.0204060748304492
-0.0202564891381411
-0.0200603327190472
-0.0198176055731674
-0.0195283077005019
-0.0192387478094159
-0.0189489258999095
-0.0186588419719826
-0.0183684960256352
-0.0180778880608673
-0.0177743733203012
-0.0174579518039369
-0.0171286235117743
-0.0167863884438135
-0.0164312466000545
-0.0161349450750116
-0.0158974838686849
-0.0157188629810743
-0.0155990824121799
-0.0155381421620017
-0.0154263392194046
-0.0152636735843886
-0.0150501452569538
-0.0147857542371001
-0.0144705005248275
-0.0142959317246185
-0.0139523137811255
-0.0137104435843414
-0.0131858829756227
-0.0129145068086089
-0.0126273448450678
-0.012395609547527
-0.0121072359703432
-0.0118754382422793
-0.0117086982051518
-0.011495990916974
-0.0110949874542788
-0.0108485367283774
-0.0107940420655653
-0.0108005992740714
-0.0106365281488706
-0.0105857013754786
-0.0106825542579246
-0.0106259412980858
-0.0106759629112943
-0.0107345110104244
-0.010906088633775
-0.0110317007871629
-0.0111864301643926
-0.0113577142646899
-0.011769820317442
-0.0120028405967721
-0.0121808390207975
-0.0124578288197677
-0.012696768848636
-0.0128708976156709
-0.012980100062935
-0.0130953787256299
-0.0132751132401417
-0.013335540211943
-0.0140114978429973
-0.0142301391963032
-0.0145477351267295
-0.0149376645366647
-0.0153407394989779
-0.0153397627670654
-0.0155131403887553
-0.0156874072178459
-0.0160336730875849
-0.0163708410217915
-0.0170701337153799
-0.0173585057650913
-0.0176976957514595
-0.017885962415405
-0.0182500119592606
-0.0188174811230882
-0.0192793787629756
-0.0199676428792848
-0.0202398374555133
-0.0203448107169626
-0.0211117544248399
-0.0216185407736034
-0.0219921369683081
-0.0223891390500939
-0.0227422171635982
-0.0229640760179787
-0.0231941134320215
-0.0234276210845437
-0.0236566753351287
-0.0239453791629463
-0.0243591525918576
-0.0245407771805635
-0.0245880227149276
-0.024588831707585
-0.0245872137222702
-0.0245843634825995
-0.0245843634825995
-0.0244842772867717
-0.0244624382120234
-0.0242913551329042
-0.0241249398615857
-0.0238411438920307
-0.0239037222725912
-0.0237162791844863
-0.0237159738729412
-0.0235489284214606
-0.0233092518054733
-0.023313588089961
-0.0230402921100589
-0.0229950534080832
-0.0227409121479143
-0.0226306380000074
-0.022496627448614
-0.022398185944361
-0.0222856600772527
-0.0222836449357667
-0.0221101038131454
-0.0219957557016569
-0.0218710051239374
-0.0219271426383929
-0.0217045452368947
-0.021679808117207
-0.0216498860786951
-0.0215807318868361
-0.0213531029707841
-0.0211184769907246
-0.0208899136658482
-0.0205492320711808
-0.0200821575387166
-0.0197406952554151
-0.0194517969754849
-0.0193301844869728
-0.0192374987983036
-0.018816860563963
-0.0185459022608087
-0.0181913015914659
-0.0176239065993224
-0.017272865615458
-0.0168620783060541
-0.0167579080326229
-0.0165367955586973
-0.0163727949079876
-0.0160691474783924
-0.0158971134071402
-0.0154242722464894
-0.0150853978589717
-0.0147341246773869
-0.0143012300002378
-0.0141397076430541
-0.0137986910738689
-0.013409824494101
-0.0128891789982205
-0.0124263482936016
-0.0121389311830484
-0.011898041372409
-0.0117755918848224
-0.0116185817758174
-0.0112811442452016
-0.0111875809594389
-0.0111918559467796
-0.0110999940020289
-0.0109446683058999
-0.0105795242250048
-0.0103545782396134
-0.0104171099494891
-0.0103424181887145
-0.0102842996035533
-0.0101659518018287
-0.0101669923204695
-0.0103469574017163
-0.010289119832745
-0.0102272280806422
-0.0104650612816138
-0.0107667696967189
-0.0108210295107733
-0.0110551964895553
-0.0112811367191389
-0.0116700083085768
-0.0120247651913901
-0.0121467863699265
-0.0127267660178277
-0.0128401290976296
-0.0128912922539742
-0.0130647016775435
-0.0132422890027742
-0.013410855286084
-0.0136377652918325
-0.014497105535943
-0.0147843169374406
-0.0150727488141375
-0.0154780492428218
-0.0156496880473571
-0.0159908767784537
-0.0167456567844839
-0.0173168414115639
-0.0176047136668185
-0.0178930041615448
-0.0182420956694059
-0.019048860226217
-0.0197972852761607
-0.0203423642156667
-0.0208348829599979
-0.0207588298312136
-0.0213563352510532
-0.0220026529648823
-0.0225031757426127
-0.0228878730778499
-0.0231274534840189
-0.0233768965800215
-0.0237939338130291
-0.0243114247969724
-0.0246009504948195
-0.0248083180991973
-0.0249855807616925
-0.0252368551573766
-0.0254039480569455
-0.0255959691798094
-0.0256996582885759
-0.025692666862914
-0.0257762221241741
-0.0260530794768879
-0.026346273150862
-0.0261139522949433
-0.0260999147644571
-0.0262163637167889
-0.0261510625526105
-0.0262694560914235
-0.0260947373905209
-0.0261553213400931
-0.0260453797132443
-0.0260453797132443
-0.0259914184695883
-0.0259873735063012
-0.0257597934930858
-0.0256029821443089
-0.0253483031779074
-0.0252948960501745
-0.0249027639650747
-0.024496727770986
-0.0242688370828388
-0.0238126958211972
-0.0234463552864507
-0.0229302633383573
-0.0224776974953749
-0.0219614781435938
-0.0215937484208322
-0.0209673982097283
-0.0203330862402905
-0.0197657005601038
-0.0194259075274448
-0.0190138205009041
-0.0185980059788683
-0.0182176368940156
-0.0173428116464031
-0.0170699085603798
-0.0167595600795755
-0.0165214109221262
-0.0163053669553108
-0.0158352000112784
-0.01551095416569
-0.0154375411265213
-0.015169198232734
-0.0146376746190693
-0.0144257207838283
-0.0143460577381427
-0.0142444114807564
-0.0141880360514009
-0.01413374959121
-0.0141314834466385
-0.013944615712641
-0.0138408086338349
-0.0136737584087233
-0.0135515825839612
-0.0133274188919816
-0.0130975403442308
-0.012689219282139
-0.0122888850340477
-0.0121780940569802
-0.0120056478204493
-0.0120075084960892
-0.0119547085452049
-0.0118904023269535
-0.0118089510242347
-0.0116572907193131
-0.0114801807826266
-0.0114035292565552
-0.0113488171807923
-0.0112950077354663
-0.0111820660334474
-0.0110299605407694
-0.0110271479016317
-0.0107856271765394
-0.0109062800625164
-0.0109068140943524
-0.0109616039891547
-0.0109328618725803
-0.0112154280986502
-0.0113869649633001
-0.0115015313867324
-0.0115603241782396
-0.0117543389349367
-0.0119756272440091
-0.01211832575674
-0.0121356706811944
-0.0125691450092743
-0.0129145325172813
-0.0133223693759548
-0.0136419386099134
-0.0136957041070055
-0.0139247566105767
-0.0141639533644674
-0.0145749174038979
-0.014867494353918
-0.0152134205372466
-0.0153866619221321
-0.0157899532780431
-0.0161371369164197
-0.016492963134027
-0.0170625763046537
-0.0172463136819232
-0.0178129385120695
-0.0181229240141303
-0.0182729494685577
-0.0184954168212806
-0.0190109904866875
-0.0196008969844528
-0.0197746183481697
-0.0201822119721169
-0.0205771114116461
-0.020930716563835
-0.0211020213151798
-0.0215170601452672
-0.022150863870081
-0.0224946322180976
-0.0227775824368083
-0.0230510133521809
-0.0232455197062386
-0.0233501743561851
-0.0236979618725245
-0.0238129091969539
-0.0243285324611165
-0.0245345081236408
-0.0246352301004519
-0.0247923653961656
-0.025258216432818
-0.0254944942935844
-0.0255242975026127
-0.0256378057781149
-0.0256497874693498
-0.0256969733078351
-0.0258147972858349
-0.0258193617396386
-0.0259238206479815
-0.0258827125059765
-0.0259240625877086
-0.0258537257712565
-0.0258082951141265
-0.0258219884755378
-0.0257220338318884
-0.025719655106325
-0.0257275536481775
-0.0255410597912025
-0.025252486714473
-0.0250250152034795
-0.024766670295357
-0.0246657539966493
-0.0244159188912825
-0.024332238829318
-0.0236176141731802
-0.0235342212827167
-0.02324162532318
-0.0230438983983472
-0.0228852250115557
-0.0226395018269978
-0.022422927378079
-0.0217346111664109
-0.0210408716039554
-0.0208631180926604
-0.0203885528452338
-0.0201067321787242
-0.0198978907836492
-0.0190904365219919
-0.0186913834692175
-0.0179875677587249
-0.0177008156950041
-0.0171201127716358
-0.016711713908172
-0.0161258000061711
-0.0156691849282485
-0.0149631507336121
-0.0145234316546226
-0.0141668996551484
-0.0136650043150312
-0.0130860611345604
-0.0125801240752396
-0.0122217972244734
-0.0118703564486703
-0.0114673246852241
-0.011180913175265
-0.010909086799849
-0.0106111163009263
-0.0101606245168304
-0.00981013936075542
-0.00959710922246543
-0.00952686758705365
-0.00946807056210654
-0.00941234678641346
-0.00935326841857832
-0.00933956719033142
-0.00939599040961464
-0.00945241362889785
-0.00953228906617514
-0.00957611408279549
-0.00974184740681203
-0.00991637304883624
-0.0101636543186139
-0.0104574420544268
-0.0107491196120145
-0.0111868281244313
-0.0111868281244313
-0.0116138652754231
-0.0117300697495154
-0.0118801436618491
-0.0121182412865135
-0.0124787177424746
-0.0128827917461245
-0.0132894262840785
-0.0137453594239947
-0.0139189606728788
-0.0141359075781719
-0.0143669895186166
-0.0146002121383412
-0.0146511532103843
-0.0148865054216525
-0.0152965047179743
-0.0154667776923416
-0.0158103405359386
-0.016220048483641
-0.0166235522352034
-0.0167830030722296
-0.01696622668329
-0.017311884700333
-0.0177532806835061
-0.0179880698319322
-0.0182583555056776
-0.0186809589899905
-0.0190081617537404
-0.0191813543502588
-0.0193517031370664
-0.0195249752705985
-0.0196465243321377
-0.0198155109581424
-0.0202183842902117
-0.0206180035273957
-0.0210804350923063
-0.0212610058394532
-0.0214829934540508
-0.0215963186502087
-0.0217779912037711
-0.022014922089972
-0.0225413129445086
-0.0227663349443242
-0.0227069077511048
-0.0227671139156579
-0.0228258483069934
-0.0228935349829955
-0.0230635284039319
-0.0230046113316289
-0.0231812647681067
-0.0231268878449493
-0.0232921117373266
-0.0232992199097317
-0.0233535737266037
-0.0233449594294245
-0.0235295014669446
-0.0235337009590062
-0.0236034225468217
-0.0236372699473808
-0.0236890127413272
-0.0235241284019919
-0.0235239052696689
-0.0237898609597427
-0.0235630917358414
-0.0235927130099411
-0.0234175766869301
-0.0233765425033299
-0.023350506641805
-0.0233111003553731
-0.0231345082714246
-0.0230629942356633
-0.0227803161700336
-0.0225466996834055
-0.022540658052524
-0.0223144456238
-0.0220278089897852
-0.0214698066342372
-0.0211865406119362
-0.0208754153820944
-0.020768230461365
-0.0206685749395989
-0.0203249799621595
-0.020407699148361
-0.0201648958143064
-0.0197846253000749
-0.0193822185150474
-0.0190337990340883
-0.0186851606937117
-0.0183397001001303
-0.0182306087314914
-0.0182286801065258
-0.0180503098540027
-0.0178184432456116
-0.0176990013217688
-0.0175921095594397
-0.0172318064622823
-0.0169022994313058
-0.0167400661409407
-0.0166162082912467
-0.0163915313988684
-0.0162204445057347
-0.0161699576966057
-0.0158232254775511
-0.0155460173793489
-0.0154304231774742
-0.0153718477323008
-0.0151788726672525
-0.014891359132375
-0.0147526707433036
-0.0147069248524113
-0.0144360702658519
-0.0142096135834048
-0.0137320741504478
-0.0135159713566208
-0.0133336078013776
-0.0132257326160805
-0.0131031343316549
-0.0129294712450642
-0.0127687585401365
-0.0125356839420506
-0.0122949911118399
-0.0124796724531989
-0.0123098996115892
-0.0120099011585753
-0.011785447543866
-0.0116365387674614
-0.0115631748293613
-0.011565355729566
-0.0115909353047143
-0.0116399135548064
-0.0117122904798423
-0.0118080660798219
-0.0119272403547452
-0.0119436346708341
-0.0120000158981407
-0.0121163196481852
-0.0122872556282596
-0.0124376958093297
-0.0124940457197088
-0.012782214989536
-0.0128356676585165
-0.0133135396324045
-0.0135983461164488
-0.0138089118738902
-0.014227690868821
-0.0145130726451394
-0.0146269277844944
-0.0150351433793646
-0.015258254638923
-0.0157738484437276
-0.0162440605397575
-0.0165176131694243
-0.0169283872990711
-0.0172154631227312
-0.017563445087383
-0.0179058875369733
-0.0182884744167517
-0.0186466010547092
-0.019343141261291
-0.0194596699917652
-0.0196977780500457
-0.0203286240303006
-0.0208210443466957
-0.0212509216827824
-0.0216609018734678
-0.0220228839793126
-0.0222362902563067
-0.0224760932610586
-0.0227634849025829
-0.0233965824703286
-0.0239654414255912
-0.0241592111907205
-0.0244370416067946
-0.0244824314183458
-0.0245371170565835
-0.0246572257349814
-0.0246616293698239
-0.0246486114390615
-0.0248468587783209
-0.0247740442077186
-0.0247895694999221
-0.0251330941874392
-0.0253071819768194
-0.0248221078714231
-0.0247250938838236
-0.0246521682972168
-0.0246082914129246
-0.0243699204845049
-0.0242539345758992
-0.0239061802302419
-0.0235099380363415
-0.0231751168145948
-0.0226535852324441
-0.0224240127186021
-0.0222888105079086
-0.0221171529149559
-0.0219991761198065
-0.0217139911639592
-0.0214804787634217
-0.0209680665453791
-0.0206820520894484
-0.0207484263942996
-0.0206339642631951
-0.0200630572920824
-0.0199394468082709
-0.0195964547501478
-0.0191270047365824
-0.0187260504371037
-0.0186111337060912
-0.0184960110931274
-0.0183828282173847
-0.0181481722730906
-0.0179781445803573
-0.0176931073963994
-0.0176325696871498
-0.0173981680009563
-0.0172321973945321
-0.0166525131058753
-0.0163782742729563
-0.0161297188601118
-0.0159146434875291
-0.0158797005651628
-0.0157315353918527
-0.0155395491385437
-0.0151909863275252
-0.0148858643782701
-0.0146439854076064
-0.0142407138224561
-0.0138820931018467
-0.0137202589122652
-0.0136707678196494
-0.0134349826588445
-0.0134327969226758
-0.0134327969226758
-0.0133738721813554
-0.0133147942694052
-0.0132605449712312
-0.0131995393779686
-0.0131478523534952
-0.0131991695344143
-0.013089096189673
-0.0132254764858499
-0.0132113006345199
-0.0131334229618546
-0.0132572131112711
-0.0133810598991522
-0.0135538122356022
-0.0140032884397612
-0.0146848370489284
-0.0150497591117189
-0.0153396791877024
-0.0155656384886985
-0.0157837527625768
-0.0159083896278724
-0.0159647079842775
-0.0161386687884275
-0.0164804281464726
-0.0167749000079575
-0.0174564209041737
-0.0176307894503793
-0.0179144583966328
-0.0178719392784217
-0.0180577247598851
-0.0182039149358989
-0.0185501470337525
-0.0186134571317248
-0.0189596066780091
-0.0191236401711254
-0.0193541566914349
-0.0194649863252036
-0.0195795866059981
-0.0199226356488939
-0.0202774112532512
-0.020417992826351
-0.0205901245362021
-0.0208331283275786
-0.0209259730145826
-0.0211056282926087
-0.0212111969180973
-0.0213124337476339
-0.0214408355397961
-0.0217103888591944
-0.0218403695905475
-0.0217702732597868
-0.0218469773647303
-0.0220103950202413
-0.0219629395589447
-0.0220908267573114
-0.0220248170423854
-0.0219585542461461
-0.022027358560586
-0.0219639315679036
-0.0218381939581423
-0.0216160187597117
-0.0214901266586292
-0.0212830649116506
-0.0210460284423639
-0.0207964878028358
-0.0206408787083285
-0.0204228449696861
-0.0201307137653589
-0.0200800350604176
-0.0195711128060211
-0.0194987528521237
-0.0190745497419713
-0.0188608471117683
-0.0186582256287769
-0.0182734791330014
-0.0182336414948028
-0.0180320432522486
-0.017877894632031
-0.0177132847519825
-0.0176005376225392
-0.017520367265853
-0.0173656616455931
-0.0173718197270824
-0.017228430230706
-0.0172344642381264
-0.0172414556637883
-0.0172395784170352
-0.0172414427972118
-0.0171533762746572
-0.0170730995338221
-0.0171298053707621
-0.0171973887067724
-0.0172346803667382
-0.0171838944283172
-0.0171253760364805
-0.0171483591310054
-0.0170837050640661
-0.0170855437116281
-0.0170224681891129
-0.0170859101486901
-0.0169770672157803
-0.0169688865539999
-0.0168959483774708
-0.016790158723879
-0.0168019119195231
-0.0168661093287146
-0.0167847527319997
-0.0167343478209187
-0.0167483797474578
-0.016753040697899
-0.0166218297187352
-0.0165040363701358
-0.0163968486662289
-0.0163363630205754
-0.0163418403651399
-0.0161678603607256
-0.016104763670602
-0.0157697636478338
-0.0158793917612828
-0.0158253164886069
-0.0159165765723156
-0.0159446343873859
-0.015933844023241
-0.0160344077755787
-0.0160292804311789
-0.0158796789962836
-0.0159361477883189
-0.0156520958186649
-0.0157085644678003
-0.0155809687390965
-0.0152480100266893
-0.0151805913417904
-0.0151198884384593
-0.0151202507543975
-0.015061553549529
-0.0150637714484152
-0.0150593356506428
-0.015061553549529
-0.0151006966757648
-0.0152816848057707
-0.0152233723677277
-0.0155052717901063
-0.0157397163669451
-0.0157362717976767
-0.0159328035951863
-0.0159751627913055
-0.0160372802142811
-0.0161850090085251
-0.0162023867967378
-0.0162045403710326
-0.0166712942070234
-0.0169588053115044
-0.017235260322692
-0.0175238264677526
-0.0178280110349161
-0.0180569292773916
-0.0181729238823641
-0.0184621879040599
-0.0186837390741622
-0.0189189659392333
-0.0191383264290498
-0.019608257873549
-0.0198426487292076
-0.0200144725533175
-0.0203065495796452
-0.0204641240602498
-0.0207095677978261
-0.0208211374800437
-0.0209842968320114
-0.0210210784019397
-0.0211763967565113
-0.021173890265308
-0.0211695622776292
-0.0212794400787688
-0.0214024648595404
-0.0214024648595404
-0.0213443016535845
-0.021406843775339
-0.0212279999355188
-0.0213442224355101
-0.0212280444938113
-0.0212324159661487
-0.0211058167827167
-0.0211647568053497
-0.0211058167827167
-0.0211685173499597
-0.0211169855045619
-0.0211323075675785
-0.0216506334386392
-0.0215779982891706
-0.0212980187332845
-0.0213418698671567
-0.0215690487579677
-0.0219689107114469
-0.0222684862287433
-0.0225846932581229
-0.022712592130986
-0.0228960538119393
-0.0229974824812264
-0.0229890372411919
-0.0231226409607457
-0.0230660967217559
-0.0229347430646619
-0.0229324608377601
-0.0228878469542774
-0.022831005162638
-0.0225427690100824
-0.0223124112262547
-0.0223711179461711
-0.0221757524678454
-0.0216917655496275
-0.0214599735147069
-0.021180122225626
-0.0210648631856228
-0.0207124327751509
-0.0205902062537272
-0.0204703773283907
-0.020182688975827
-0.0197227414136323
-0.0195066947545093
-0.0193435322457978
-0.0188806762521188
-0.0187004043314178
-0.0185359296396119
-0.0184470125277558
-0.0183433218339699
-0.0181958520152586
-0.0180071521244018
-0.0177532587274737
-0.0172763933618145
-0.0168175266886678
-0.0166411587007028
-0.0162943326237644
-0.0161053858010313
-0.0158823455484472
-0.0155996990203146
-0.015186517169623
-0.014855652772415
-0.0145141635846109
-0.0141492176739904
-0.0136857026207921
-0.0133950917693464
-0.0130603511318688
-0.0127709574359791
-0.0123745784279533
-0.0120260265996945
-0.0118720618494011
-0.0115672708635666
-0.0112417053678481
-0.0110985166415468
-0.0108049625713566
-0.0105790204655285
-0.0103423418740899
-0.0102350422078091
-0.0101230457775764
-0.0100101680587848
-0.00989879876147709
-0.00989560568218634
-0.00989560568218634
-0.0100051216396381
-0.0101819732800656
-0.010350541623416
-0.0107487780652432
-0.0110388531894745
-0.0114409084093743
-0.0116204806583303
-0.0118654679600063
-0.0121359004907547
-0.0125808218129031
-0.0129394422869618
-0.0132892543500587
-0.0136491296233182
-0.0142666455388016
-0.0146228979739151
-0.0147516684960737
-0.0152646326377245
-0.0158343684599949
-0.0164066659074235
-0.0168243045969881
-0.0171771173442167
-0.0174273441107985
-0.018057413231358
-0.0185772577405078
-0.0191082833390899
-0.019631743564592
-0.019789413094892
-0.0200750914094813
-0.0206552926476505
-0.0213317359347394
-0.0218366900535645
-0.022049536568183
-0.0222876797605858
-0.0226257903991416
-0.0226862173709429
-0.0232065802663004
-0.0236105392326729
-0.024072288145836
-0.0241850482415689
-0.0244722863802214
-0.0246442919739059
-0.0247037252184856
-0.0248898499792321
-0.024990540707315
-0.0250529346567163
-0.0250608661627166
-0.0250481924547953
-0.0252077409134656
-0.0251106910333908
-0.0256003802395136
-0.0253463771055552
-0.0251660357485484
-0.0251805680478013
-0.0251135160157724
-0.0249944574749053
-0.024879316774332
-0.0248238560574071
-0.0245266165866653
-0.0243446444382525
-0.0242366520714019
-0.0240053106788204
-0.0235455004124474
-0.0229622131455792
-0.0226673824060393
-0.022442081986526
-0.022150322317662
-0.0220551115883384
-0.021768397049591
-0.0212917885705249
-0.021158717283233
-0.0209160205669313
-0.0203962126485772
-0.0201650506786049
-0.0198199875226875
-0.0195838668696791
-0.0192398567329721
-0.0189255610543144
-0.0186457676234986
-0.0186003552160138
-0.0181875777792177
-0.0181982652475693
-0.0181205824768634
-0.0178991535011526
-0.0177811767060033
-0.0175536219779298
-0.0174587539229597
-0.0171684962852427
-0.0168691120485737
-0.0165964260968075
-0.0161935589228145
-0.0161233709148241
-0.0159580719183785
-0.0157862214188004
-0.0155560862591589
-0.0152639590377226
-0.0150254192961892
-0.0148547546662113
-0.0143462581939671
-0.0140128954264716
-0.0137708750087475
-0.0135304944237685
-0.0134724426415788
-0.0133610959607591
-0.0133035704378009
-0.01308564571298
-0.0129549300548677
-0.0127809717590101
-0.0127438798483636
-0.012559037998773
-0.0126989164473032
-0.0126866826261283
-0.0124951433703244
-0.0125005003067978
-0.0126545555184835
-0.0128442854561184
-0.0130152775214131
-0.0132570490516908
-0.0133047974679229
-0.0133634257994778
-0.0134795611280692
-0.0135897319545996
-0.0137115957224963
-0.0138838322183138
-0.0142284801689997
-0.0148578527890554
-0.015318728178398
-0.0156085971738084
-0.0158367807438716
-0.0161174802107651
-0.016850122236097
-0.0171124908685025
-0.0175686024382101
-0.0178540087732927
-0.0181523796267215
-0.0182034255553413
-0.018434406622675
-0.0185492431164815
-0.0188347491848341
-0.0192946735223537
-0.0196316921488639
-0.0199442226173996
-0.020055870989892
-0.020235456276137
-0.0205286580955234
-0.020754694516572
-0.0209913532718192
-0.0211633237085496
-0.0217940475571474
-0.0220760126629724
-0.0224509856222517
-0.0225430262481104
-0.0226546573445151
-0.0230630359560761
-0.0231885312735466
-0.0233388833631268
-0.0235832658205929
-0.0235339673010175
-0.0237046131744654
-0.0237504258067964
-0.0236420266670324
-0.0235912104056626
-0.0235863886184549
-0.0234783258793791
-0.0234030437520053
-0.023363203321769
-0.0232878717577287
-0.0229580151838027
-0.0227023731824455
-0.0220842334701573
-0.0219752014221872
-0.0213891367397141
-0.0210998126825473
-0.0209178903181277
-0.0205862937303642
-0.0202008117206788
-0.0195966174562503
-0.0190657666386029
-0.0186729640860366
-0.018384669562362
-0.0179850895994616
-0.0178133858317485
-0.0173872811158311
-0.0168854810028152
-0.0167161568140428
-0.0164811849562626
-0.0160505348615902
-0.0157881100143963
-0.0157227404237001
-0.0154386423898795
-0.0154185090354003
-0.0152311788993593
-0.0145826575590192
-0.0145826575590193
-0.0141559153479154
-0.0141606727990422
-0.0139468087694788
-0.0138371075226436
-0.0136504990046659
-0.0134796935685352
-0.013191763644848
-0.0131851032132705
-0.0130209226188856
-0.0129768088446526
-0.0128517272650155
-0.0127470658124569
-0.0127442319997711
-0.0126232812198787
-0.0126862195257086
-0.0128523567320417
-0.0132315568828125
-0.0133904239982133
-0.0133329185605674
-0.0134287525395681
-0.013726119132793
-0.0138368194845218
-0.0140742338755682
-0.0144770773604985
-0.0145363787896629
-0.0145879250915664
-0.0148305276112843
-0.0149386474261553
-0.0154004205335865
-0.0160468802544297
-0.0163022386254223
-0.0164833987064927
-0.0166517199642855
-0.0170100670699498
-0.0171256106159846
-0.0173001982147108
-0.0175079405053266
-0.0175451344890337
-0.0178143557340866
-0.0182862009548066
-0.0184514466287574
-0.0186758734945344
-0.0187887822612894
-0.0190653219959158
-0.0191314742418307
-0.0193084523101982
-0.0194156121090458
-0.0195335122697685
-0.0197104509357259
-0.0197717621074339
-0.0197695442085477
-0.0197717621074339
-0.019885766708539
-0.0200040145351645
-0.0200593114524824
-0.0198894896953211
-0.0204942591971129
-0.020020966235268
-0.0201330871300699
-0.0201890288808173
-0.0201912950253888
-0.0203020860024564
-0.0204209189326195
-0.0203584066023733
-0.0207079376481488
-0.0208223745115276
-0.0209927364454805
-0.021108731745445
-0.0211077797788107
-0.0213150320695573
-0.0213703201407071
-0.0214840846673933
-0.0216160321871682
-0.021620327325331
-0.0216773146461956
-0.0216772267409248
-0.0218272578297195
-0.0216948261632813
-0.0218663531806554
-0.021863641821183
-0.0220360223130488
-0.0219056140067657
-0.0219056140067657
-0.0220312761816731
-0.0219751161949606
-0.0218036349910315
-0.0216279941114514
-0.0215168892230968
-0.0214018870643175
-0.021289128980578
-0.0210511029196477
-0.0209487149076265
-0.0207143759715646
-0.0205996083705985
-0.0202140049722327
-0.0202515797868701
-0.0199323910231019
-0.019575257515188
-0.019272484023614
-0.0189823362165886
-0.0187552170004469
-0.0187596206352893
-0.0185854668424415
-0.018468129532328
-0.0183543217446428
-0.0182402177068752
-0.0180706135147659
-0.0179437038481761
-0.0177731610615475
-0.0177795591196341
-0.0176184428278048
-0.0175379845865111
-0.0173655361539237
-0.0169663182425571
-0.0168463258757437
-0.0166760238710515
-0.0169074244851759
-0.0163132525489209
-0.0161129405609641
-0.0161129405609641
-0.015995412589834
-0.0159361729893458
-0.0158211977970096
-0.0157617956205139
-0.0157016416784942
-0.015527721034264
-0.0155388909370901
-0.0155938561693068
-0.0155870094886012
-0.0155870094886012
-0.0158187252332605
-0.0158194276034206
-0.0160149777888065
-0.0159939813013092
-0.015996231363769
-0.0160591263397761
-0.0165345935018389
-0.0165993582812436
-0.0165832151282416
-0.016755869953575
-0.0169319242815745
-0.0169797826109589
-0.0170953575941954
-0.0172295057753823
-0.0174030382165648
-0.0174693958596109
-0.0175599383841445
-0.0176197417104822
-0.0177189056292576
-0.0178627644053122
-0.0179071688956127
-0.017981902904262
-0.0179903410318754
-0.0180399396946079
-0.0180911726231688
-0.0181032270911879
-0.0179661833007633
-0.0179860807386389
-0.0181112893774144
-0.0179327798387765
-0.0177643650586921
-0.0175195052203276
-0.0172410620852353
-0.0170741681087427
-0.0168400838179773
-0.0166078889022963
-0.0163822171380501
-0.0162717191818459
-0.0162080087668147
-0.0161480852993696
-0.0161554627416096
-0.0160185303106152
-0.0157825306139929
-0.0157151491813539
-0.015660883584366
-0.015764170731933
-0.0158906701367171
-0.0158018550450576
-0.0155072055410406
-0.0154996971023776
-0.0154510602078132
-0.0153236515443953
-0.0152596904121221
-0.0153187222893358
-0.0154295730672775
-0.0153308123862902
-0.0152738518030138
-0.0153971781946325
-0.0154581664507228
-0.0153782329570342
-0.0154459307800676
-0.0153760138438529
-0.0154917031113726
-0.0155488283413017
-0.0156780234665368
-0.0159531355251121
-0.0161229963902325
-0.0162083438110419
-0.0162500500398367
-0.0165615452306777
-0.016660322401986
-0.0168275652803617
-0.0171931294152389
-0.0173462815860484
-0.0174824390938132
-0.0177558184782771
-0.0180899957013066
-0.0185554079027842
-0.0191376376531595
-0.019540551107305
-0.019776499933626
-0.0199998791911137
-0.0203495813756964
-0.020739387688604
-0.0213361992820187
-0.0217516759091644
-0.0219530531593596
-0.0222625209446326
-0.0223830653361352
-0.0224935987269703
-0.0226691145904759
-0.0228419965396246
-0.0229005782687516
-0.0229693331591796
-0.0230737104435749
-0.0231904701287908
-0.023361611079032
-0.0234189753444834
-0.0233050229987032
-0.0231311911938912
-0.0230741734499693
-0.0229011501710372
-0.0227861838020285
-0.0227302506787069
-0.0224942614501106
-0.022437950070707
-0.0224329370448629
-0.0222848484881242
-0.0220455315595509
-0.021988513815629
-0.0219312085389591
-0.0218181514907718
-0.0214751148532406
-0.0211896456895316
-0.0210176236266814
-0.020845756121481
-0.020845756121481
-0.0207113316098512
-0.0204723684421615
-0.0201913519731938
-0.0200090497141265
-0.019830474353062
-0.0197095270776065
-0.0196493079833206
-0.019427443484128
-0.0194412230711076
-0.0192019752098236
-0.018994928160263
-0.0187136424839431
-0.0182904989580564
-0.0181659690948567
-0.0181361222008571
-0.0177926512641049
-0.0176645935183813
-0.017437286899673
-0.0172103868590052
-0.0169108146484189
-0.0168104405117685
-0.0166287320704986
-0.0163307761835629
-0.0163434081817943
-0.016247548286354
-0.0160113312381306
-0.0158999808677019
-0.0159431667367563
-0.015755788960786
-0.0158587578318674
-0.0156630708434168
-0.015262111769137
-0.0151441043439946
-0.0151473588266852
-0.015032497667106
-0.0149827138497306
-0.0148581236713691
-0.0146732987964632
-0.0145163612424146
-0.014491518445339
-0.014572103697375
-0.0144968393193967
-0.0144614967280676
-0.0144104017904366
-0.0143990231252755
-0.0144622858256135
-0.0144061430426976
-0.0146331653581923
-0.0145695412057641
-0.0146043122155179
-0.0147476240745712
-0.0148724752477656
-0.0149198105212418
-0.0149171530791053
-0.0151525248801413
-0.0153799948508213
-0.0153687303763817
-0.0155478309426311
-0.0156063318251622
-0.0157821909549045
-0.0159507834167802
-0.0160663540185414
-0.0160641843634143
-0.0161834116550176
-0.0163615039112948
-0.0167590569583637
-0.0174434622401411
-0.0178466084559486
-0.0182587976856474
-0.0185474621322638
-0.0185249088638341
-0.0187303505021453
-0.0188983529217354
-0.0192994397877051
-0.0198170324183928
-0.0198768339185382
-0.0201577423051531
-0.0204077606757067
-0.0208158783826481
-0.0209901182339987
-0.0211418032242946
-0.021480792768596
-0.0218243562976576
-0.0219445829189005
-0.0221206183768778
-0.0221770556073901
-0.0222366077340495
-0.0224833060569874
-0.0226032297790076
-0.0225792741249769
-0.0226664607948911
-0.0226040351112125
-0.0225537796154562
-0.0224385443052961
-0.0223669456519654
-0.0222319465092536
-0.0220633484168985
-0.021660867064102
-0.0214262910779257
-0.0212775172438428
-0.0211507814018908
-0.0208512228227668
-0.0206763598884184
-0.0202716736541539
-0.0199374129063245
-0.0193507554845905
-0.0190292934203225
-0.0187391175953537
-0.0184940889815092
-0.0185123058505297
-0.018178678007513
-0.0177212392637385
-0.0174248028071857
-0.0170776280304147
-0.0168939367018843
-0.0167905697644586
-0.0166068660438854
-0.0164129820604966
-0.0162514198546546
-0.0161011272190118
-0.0160287880198306
-0.0157551034746901
-0.015632697484365
-0.0154583940289845
-0.0153596549535361
-0.0152447110833962
-0.0149955036909563
-0.0149269626609204
-0.0148855260293257
-0.015089746396267
-0.0148831288188512
-0.0147363030111475
-0.0147411247983551
-0.0146845822614045
-0.0146228090292631
-0.0147431039891892
-0.0146109804693298
-0.0146897998212809
-0.0147233945770238
-0.01471883012322
-0.0149003757324193
-0.014922380332701
-0.0150838034437007
-0.015093382681573
-0.0153117714235095
-0.0156086571096993
-0.01583212922454
-0.016019818499848
-0.0165846125619829
-0.0170589813912725
-0.0172536806598365
-0.0172941342801413
-0.0174551279843211
-0.017650991489104
-0.0179232132940995
-0.0180883507552595
-0.0184337245933247
-0.0184390873153805
-0.0185519190156681
-0.0188402514023707
-0.0188378467319848
-0.0188470498360852
-0.0189617867077921
-0.019016060775375
-0.0189674200631008
-0.0190603336581824
-0.0190865997124974
-0.0191276440866618
-0.0192005700527541
-0.0191868922264043
-0.0192621105998426
-0.0191993965577029
-0.019255437175943
-0.0192835244420477
-0.0193494303347691
-0.0195241864164833
-0.019526372152652
-0.0196314078356006
-0.0198567438872575
-0.0198868939273847
-0.0199206694756089
-0.019991109480953
-0.0200480436926014
-0.0202754848373707
-0.0206291016009065
-0.0206997203315486
-0.0208531027079189
-0.0210327437414759
-0.0211015121237688
-0.0213572995859152
-0.0213849774139361
-0.0212483308564509
-0.021361853874272
-0.0213050214843563
-0.0213733643983316
-0.0213296877043597
-0.0212179678705115
-0.0212219710639861
-0.0212144253852885
-0.0211113428264162
-0.0209285889620034
-0.0209932054492871
-0.0206418716625157
-0.0206418716625158
-0.0205893915233918
-0.0205311397640641
-0.0203610319959572
-0.0201277146657721
-0.0199606034815717
-0.0199975772314247
-0.0194444715381734
-0.0195038511709649
-0.0193083669144209
-0.0190386808523819
-0.0188002984253285
-0.0187309590464788
-0.0187457855640743
-0.0186183073236363
-0.0185130820031829
-0.0182738743987393
-0.0181708753683166
-0.0181292577335503
-0.0180553838657221
-0.0177640872208468
-0.0177033351171787
-0.0174790858894488
-0.0172469671612204
-0.0168976416172387
-0.0167807301388379
-0.0170901347047155
-0.0164493865763338
-0.0162776046688141
-0.0162097118077415
-0.016215111957645
-0.0162173298565312
-0.0162128940587588
-0.0163941112558901
-0.0164000135784573
-0.0163954812893143
-0.0166244381693033
-0.0167386203759454
-0.0166729148766924
-0.0168377980292906
-0.0168984177446206
-0.0170123035478958
-0.0170074745479851
-0.0170673119693681
-0.0170757391040273
-0.0172708838974327
-0.017430322733914
-0.0173888951371371
-0.0172689426984475
-0.0174225879378989
-0.0174300447390429
-0.0175473348882711
-0.0177287292474689
-0.0177862677844801
-0.0176158741843556
-0.0177886693028862
-0.0178464857914769
-0.017725030899567
-0.0176300765229751
-0.0176915991718215
-0.017657523720544
-0.0175437307134765
-0.0175542662500283
-0.0173311827669702
-0.0173694592893924
-0.0172174218206141
-0.0174850353851111
-0.0172740645820567
-0.0172145613153274
-0.017221803185351
-0.0172012954004253
-0.0170317633930753
-0.016973105994853
-0.0168720263717449
-0.0168160755659936
-0.0167306027314858
-0.0166156078682215
-0.0164710909762007
-0.0162970520554235
-0.0162780222509161
-0.0162544619419785
-0.0162263711286107
-0.0161937498108127
-0.0161565979885844
-0.0162314756182465
-0.0162835232919529
-0.0162052353405669
-0.0164666583426487
-0.0165654470145297
-0.0167729263778435
-0.0169629729001322
-0.0172046384641061
-0.0174423449431067
-0.0175630495241714
-0.0176705094721623
-0.017996353209522
-0.0182897451360018
-0.0187559737858327
-0.0189881211050708
-0.0192776259842474
-0.0195095267387601
-0.0196245066962563
-0.019669093056672
-0.0197350221475103
-0.0199046009774706
-0.0201346049831543
-0.0207082916189719
-0.0208520372967859
-0.0210164916371736
-0.0210749120762573
-0.0212481491047757
-0.0213093204155362
-0.0214148528134357
-0.021530123263537
-0.0213592698363268
-0.0213636382148493
-0.0213637822339848
-0.0213063546036904
-0.0213636382148493
-0.0213636382148493
-0.0211913536689934
-0.0211977245779767
-0.0209147159696761
-0.0207426939068258
-0.0206838759132252
-0.0206394099966722
-0.0206344830371876
-0.0203485094737587
-0.0202805662708372
-0.0203938651070247
-0.0203384775473384
-0.0203386254877057
-0.0202816211335752
-0.0202793549890037
-0.0201057791047934
-0.0199312430505337
-0.0199290251516475
-0.0197455504127754
-0.0196779546886319
-0.0195577827600527
-0.0193539912508614
-0.0192858881392022
-0.019149767285725
-0.0189850598957643
-0.0189880063347227
-0.0185918444719514
-0.0186003456542051
-0.0182349588438627
-0.0178683226193852
-0.0177972332827138
-0.0174067370639601
-0.0171581134277431
-0.0169247169054104
-0.0168075428168589
-0.0166350744160445
-0.0164868545277247
-0.016322018746255
-0.0161483104041589
-0.0159152317154564
-0.0159077584816159
-0.0159076101251805
-0.0157905662132769
-0.0158054594170451
-0.015692486069864
-0.015613711140201
-0.01561045858173
-0.0156836131648519
-0.0155394698822706
-0.0154607873932902
-0.0154043957732496
-0.0152755903777507
-0.0152303326578969
-0.0151737108680504
-0.0149428337774852
-0.0148844698076194
-0.0145981193791409
-0.0145424046659688
-0.0143132921168093
-0.0141932196562896
-0.0140241708006659
-0.0138467233705529
-0.0135578134367572
-0.0134997912955081
-0.013495451985254
-0.0135007749425809
-0.0134448245627174
-0.013839707245798
-0.0134842952150696
-0.0134634447297942
-0.0136161822981419
-0.013512815554893
-0.0136230469107812
-0.0138495056702449
-0.0145986191934101
-0.0149151996091469
-0.0152847063814928
-0.0155809618851924
-0.0157551843995497
-0.0161523500372747
-0.0166686447305013
-0.0168936313880453
-0.0174116328528744
-0.0177608520707285
-0.0178746354779654
-0.0181151965515097
-0.0184001577701193
-0.0191820097270504
-0.0194187894676178
-0.0194236301188297
-0.0195991751204827
-0.0198745053597344
-0.0202731640350892
-0.0203502112964342
-0.0205819030048823
-0.0206414140620367
-0.0208013813622227
-0.020775038458074
-0.0208405216419746
-0.0208841047832945
-0.0209407510281445
-0.0208817421414062
-0.0209988547549175
-0.0210162131888651
-0.0210008864082695
-0.0210158875240266
-0.0210086548432151
-0.0212480294683283
-0.0210977605178404
-0.0210388510499107
-0.0209733809751887
-0.0210169525585056
-0.0209709013824478
-0.0206701499190917
-0.0207321155861935
-0.020675026229933
-0.0206186450026264
-0.0205224059565674
-0.0205100612199521
-0.0203955411569288
-0.0202922530371127
-0.0202794807199497
-0.0201108265088175
-0.0200686809034438
-0.0200648638712606
-0.0199937778495337
-0.0199517271506524
-0.0204605962730074
-0.0199039695606815
-0.0198897937093515
-0.019880471808469
-0.0198711499075865
-0.019880471808469
-0.0197059933253146
-0.0197113195152384
-0.0197618193245775
-0.0197213485482129
-0.0197728020172055
-0.0197136088536435
-0.0197171140256117
-0.0197055420644873
-0.0196511849347733
-0.0196442417580987
-0.0196465561503236
-0.0196650712881227
-0.019608493561642
-0.0196595623885994
-0.019496144702052
-0.0196750201034242
-0.0194478024058724
-0.0194952653128248
-0.0193892448825514
-0.0192735609725808
-0.0192735609725808
-0.018921452525274
-0.0188125064838786
-0.0186942034321783
-0.0185850167145389
-0.018449833720985
-0.0182424777218016
-0.0179018980857551
-0.0177047149010559
-0.0174944904450604
-0.0172700322586827
-0.0172130178441216
-0.0171521671985735
-0.01703715473285
-0.0166700808773195
-0.0168704425593177
-0.0166159941812425
-0.0166441996978943
-0.0162713502441328
-0.016271999699479
-0.0159839521401718
-0.0153522001019304
-0.0151186749125177
-0.0150644170857905
-0.0148912804456516
-0.014778868818006
-0.0146028314135585
-0.0145974072757408
-0.0146077152267428
-0.0145153916777388
-0.0144261716611942
-0.0142664946609262
-0.0143239397432381
-0.0141508293168974
-0.0141151690203759
-0.013993528920267
-0.0141438756385895
-0.014207327428997
-0.0142158774036783
-0.0143964194087044
-0.0144970858933486
-0.0145628323675349
-0.0145715109880432
-0.0147820845545424
-0.0149177400652772
-0.0149051080670458
-0.0149083866712989
-0.0150908530607229
-0.0151438330757548
-0.0151474096849461
-0.0151296569816845
-0.0155346588695975
-0.0155418273680201
-0.0155887231547385
-0.0156802150905571
-0.0156794501599824
-0.015509444483131
-0.0156228301482054
-0.0155658052511353
-0.0155658052511353
-0.0155071617916404
-0.0154984188469656
-0.0156210012386704
-0.0156733031065527
-0.0157367593814418
-0.0157390764634569
-0.0157936262547848
-0.0158527118461725
-0.0159091981708333
-0.0161265383952589
-0.0162536598667686
-0.0165420208567159
-0.0172343096136481
-0.0175178114742479
-0.0176368852031276
-0.0181336787343723
-0.0183332618472146
-0.0190200732491262
-0.0193663270935364
-0.0197188972777259
-0.0202885360391395
-0.0206651258058089
-0.0208952412320581
-0.0211837031917896
-0.0214736075518117
-0.0217594419209623
-0.022048329141622
-0.0222656330334734
-0.0223808676919646
-0.0224391203453729
-0.0229721946029161
-0.0228947674205168
-0.0228947674205168
-0.0230227274545497
-0.022899617290262
-0.0230228529607342
-0.0230799117055834
-0.0230610105704767
-0.0230779994162824
-0.0230779994162824
-0.0230707184823657
-0.0230491651971531
-0.02295909812024
-0.0228593833147283
-0.0228434984602822
-0.0226535714821171
-0.0225586957862477
-0.0224873555713208
-0.022500181649839
-0.0223793562512481
-0.0222245679695521
-0.0221093554754565
-0.0220430044689754
-0.0217595093926809
-0.0215136324843827
-0.0216489143869181
-0.0213162232958226
-0.0211952901533789
-0.0208428808431061
-0.0206070508239606
-0.0205009951040754
-0.0202713137020617
-0.0201584890166859
-0.0199432351880589
-0.0197689766275232
-0.0195710642770797
-0.0194034843076229
-0.0191006560044629
-0.0189263078984765
-0.0185866383316806
-0.0181790890344812
-0.0180612511059365
-0.0177847951684222
-0.017627314525474
-0.0179661798246463
-0.0175573695445659
-0.0174064270936416
-0.0174224064424369
-0.0174765126865373
-0.0173498100752385
-0.0173541122866769
-0.0173025219148836
-0.0172898812128949
-0.0172493301683084
-0.0173712510178657
-0.0171825661008282
-0.0171235237785027
-0.0171792995018272
-0.0171385218155686
-0.0169505557694714
-0.0168389712562683
-0.0167892026937625
-0.0166746378062418
-0.0164922546254331
-0.0165650950313775
-0.0160059957193018
-0.0157826372842001
-0.0154734142118635
-0.0151505911124094
-0.0149730934024776
-0.0148002692665056
-0.0146892397349488
-0.0146100035149086
-0.0144355047659668
-0.0143183532161907
-0.0142596469465777
-0.0143190146765719
-0.0140443918777432
-0.0139960272809588
-0.01384587866001
-0.0140241596125819
-0.0139088816038991
-0.0137272634717097
-0.0142629885980727
-0.0139854465346635
-0.0142864456272316
-0.0142267849371769
-0.0144096215191693
-0.0143879249678986
-0.0143879249678986
-0.0143816089687829
-0.0145074914648047
-0.0145764616486659
-0.0146495392275975
-0.0147524005608276
-0.0148090558586645
-0.0150176524878917
-0.015188791878056
-0.0153038030339418
-0.0154198557315998
-0.0157122190529666
-0.0157766685032328
-0.0157936844226396
-0.0160787950928
-0.0162753307349209
-0.0161953796888195
-0.0163046301758354
-0.0163429919138281
-0.0163429919138281
-0.0164754116134538
-0.0166420571161527
-0.0168146226499799
-0.0171692118378056
-0.0172806274497503
-0.0174497517302789
-0.0175499231415304
-0.0178006932180285
-0.0179659396821695
-0.0180813983074359
-0.0181934888408645
-0.0184316411469601
-0.0184741101841539
-0.0185983493269354
-0.018664535692859
-0.0193601656260191
-0.019162684683997
-0.0194733606204614
-0.019805550768214
-0.0202144441630325
-0.0205674907915661
-0.0207432049923231
-0.0211989890254271
-0.0217201895931951
-0.0219542339823397
-0.0222308164099436
-0.0224201266542567
-0.0227036196059035
-0.0228078820607719
-0.0231239224567775
-0.0232248062477785
-0.0234692838982526
-0.0235155723066677
-0.0236531558208274
-0.0236889421054344
-0.0241966346199209
-0.0237731352376355
-0.0237437971825927
-0.0236759199419494
-0.0238181158390426
-0.0236366601236609
-0.0236884999069884
-0.0235800718716394
-0.0234713484115997
-0.0232325032812676
-0.023180280948455
-0.0228773440374417
-0.0225375073598537
-0.0223207340921902
-0.0220667834780553
-0.0216789011658941
-0.0213676575718962
-0.0211988386461715
-0.0209133396692873
-0.0210477434569784
-0.0209900195441654
-0.0206615423549937
-0.0202434440168557
-0.0201874792970151
-0.0199747606361677
-0.0198455059781578
-0.0197359110596047
-0.0196712068379697
-0.0196093243365052
-0.0195603566063277
-0.0193930896738905
-0.0190837995321158
-0.0189757343869772
-0.0186429239777483
-0.0183528934031635
-0.0182154630996231
-0.0179963233952759
-0.0177725552101265
-0.0175624662629126
-0.0173821036356459
-0.0173064163956364
-0.0172635405328798
-0.0169097762432781
-0.0168606172098426
-0.0167908585171663
-0.0167005001652493
-0.0165895421540915
-0.0164579844836931
-0.0163058271540539
-0.01611782445106
-0.0159450479989049
-0.0159582232349362
-0.0158564966373714
-0.0157111615496621
-0.0157195512604564
-0.0156614772276794
-0.0157181112538011
-0.0156586857792887
-0.0156600520566437
-0.0156480972961783
-0.0156228214978926
-0.0155842246617866
-0.0155323067878601
-0.0154916255608708
-0.0153198386763904
-0.0152611142714108
-0.0152065302314414
-0.0151497900673488
-0.015147589732513
-0.0151246991611366
-0.0149566299663553
-0.0149048375904373
-0.0147448098080998
-0.0146534091794392
-0.0144933253810261
-0.0143702322573016
-0.014445981669822
-0.0143483300456674
-0.0142522794432567
-0.0143722122794097
-0.01428899565707
-0.0143252155310004
-0.0143267520594923
-0.0143801387549383
-0.0145001887680826
-0.0146729241278954
-0.0148892356962111
-0.0150004510508935
-0.0152310805034805
-0.0154640534898573
-0.0156901955651476
-0.0159876600496836
-0.0160936403844988
-0.0163195472925349
-0.0164333985933918
-0.0166710849145646
-0.0169585444272509
-0.0171998735403565
-0.01735950597583
-0.0176725043468877
-0.0179951807411831
-0.0182703755246476
-0.0184131872760404
-0.0185958622231482
-0.0186450131635333
-0.0187506418050214
-0.0187658593722604
-0.0189332460304376
-0.0191030560543705
-0.019162241660431
-0.0193339243808928
-0.0193297458748365
-0.0195670288622987
-0.0199133182405383
-0.0203117339643999
-0.0207374395193974
-0.0211279877866403
-0.0213004535375896
-0.0214654862751048
-0.0216077109051455
-0.0222842972597231
-0.0227753826374672
-0.0228560898344785
-0.0232046720754573
-0.023374624617374
-0.0238957787673121
-0.0240875331037765
-0.0242639052365827
-0.0246073689734957
-0.0248952732159664
-0.025182970745697
-0.0253895121031254
-0.0255124977337126
-0.0256876947759767
-0.0257608606577322
-0.0257887419862038
-0.0258653073316263
-0.0258682681868895
-0.0257066945093241
-0.0256805628289116
-0.0254324999564564
-0.0250252297799894
-0.024881305985751
-0.0246593835898389
-0.0245663051587828
-0.0244981738396837
-0.0242145585633252
-0.0240533667370094
-0.0237381480846062
-0.0234550237527045
-0.0229820831438452
-0.0226445071453759
-0.0224769585502331
-0.0221121751505302
-0.0218410200591951
-0.0216577458676493
-0.0213245241046664
-0.0210785011852655
-0.0208568829958626
-0.020584957521001
-0.0207199297521717
-0.0201761486312084
-0.0201198242242257
-0.0198630089237859
-0.0194308515553084
-0.0191987060409134
-0.019006984027333
-0.0188451935690658
-0.0185683457407992
-0.0182191476245538
-0.017948709234415
-0.0179355665908875
-0.0177420229442414
-0.017630675581143
-0.0174164614454444
-0.0171388707224605
-0.0170531190605281
-0.0166653693298747
-0.016376296820869
-0.0162220484655141
-0.0162762895099563
-0.0158102058633954
-0.0156759822098511
-0.0155772035086307
-0.0153380416336696
-0.0151705419606083
-0.015113901922559
-0.0148228251550007
-0.014547561158802
-0.0140683082758257
-0.0139034649493458
-0.0136726329033504
-0.0133291240154658
-0.0132670463049133
-0.0131037870730388
-0.0129822365050156
-0.0129868331239206
-0.0129850073423991
-0.0128646304879075
-0.0128159546570434
-0.012857127905452
-0.0127618205605919
-0.0127505702482929
-0.0126868701843469
-0.0129186410616496
-0.0129082615338907
-0.0129468531736326
-0.0129082383251362
-0.0129713061039841
-0.0130256830271416
-0.013369078278836
-0.0135962375839007
-0.0137222798800741
-0.0137286923610851
-0.0139581575494897
-0.0141351779750891
-0.0143630534603223
-0.0147654676647282
-0.0147637434260597
-0.0148858817653037
-0.0150344663958502
-0.0153032735582531
-0.0154023827517164
-0.0157489360719319
-0.0157467503357632
-0.0159776307107802
-0.0163209826587489
-0.0163238465674592
-0.0164831691963649
-0.0167098334799393
-0.0167778572193337
-0.0170697624806876
-0.0173026528331284
-0.0177628898576646
-0.0180505878192478
-0.0185116729722595
-0.0187981228146534
-0.0192581885408204
-0.0193167275443516
-0.0196003712525099
-0.0204606482916843
-0.0212247618779922
-0.0215195156001651
-0.0216844687338892
-0.0220374230035128
-0.0226543683096269
-0.0229990924777846
-0.0234575310915964
-0.0239245122262264
-0.0244405726240881
-0.0250143311702018
-0.0253707146085088
-0.0256661061238899
-0.0257810490294382
-0.0260718448087554
-0.0263631381833849
-0.0264693217963097
-0.0266588620894529
-0.0267480050814196
-0.0266468516715506
-0.026957051912362
-0.0268880309786586
-0.0268673812643756
-0.0268727370779629
-0.0268190304841485
-0.0268191850560601
-0.0267009119258243
-0.0265308627148387
-0.026355297794613
-0.0262980646726606
-0.0261862589557567
-0.0260607787935835
-0.0259063093056908
-0.0256730710926252
-0.0255006276071857
-0.0253239393019405
-0.025090163618535
-0.0247970629312144
-0.0245165546250814
-0.0245255228510918
-0.0243462185544166
-0.0237181875932715
-0.0234281790789009
-0.0230881369061513
-0.0229658914796992
-0.0225648799140746
-0.0220342435091527
-0.0216960994907823
-0.0212813153484709
-0.0209828086199392
-0.0205928964598131
-0.0202474088186482
-0.0198397978664397
-0.0195004356641668
-0.0187553896258564
-0.018379621063356
-0.0181209969967843
-0.0178471287639707
-0.0174913976496198
-0.017165512026917
-0.0169201495259189
-0.0162310284544913
-0.0160016704604389
-0.0157295540560951
-0.0155018375235396
-0.0153885535841213
-0.0151482194331015
-0.014795671400412
-0.0144592788429261
-0.0142299229378513
-0.0138920664693081
-0.0135496491053634
-0.013430953132149
-0.013202188539213
-0.0130859214467367
-0.0129570559353383
-0.0126763449733025
-0.0125029183797142
-0.0123290295980821
-0.0120950547870791
-0.0116545871870826
-0.0112400660342056
-0.0113592201120091
-0.0110695520100016
-0.0109948264911967
-0.0111098098802944
-0.0110958344210407
-0.0111113597132442
-0.0107161974032004
-0.0107176225742361
-0.0107540131488839
-0.0108305912630187
-0.0108862206841483
-0.0110497719292414
-0.0112816070040293
-0.011371981382984
-0.0114352659072605
-0.0115553400717446
-0.011621818255315
-0.0120301379801229
-0.0120380645228393
-0.0124960452412592
-0.0128586648983065
-0.0132423952543895
-0.0135522979808719
-0.0138282585186457
-0.0141726116053602
-0.0144547780222578
-0.0148037810923219
-0.0152075347953434
-0.0156682298255779
-0.0160691840528998
-0.0164063137289492
-0.0167015227843143
-0.0169231973804259
-0.01732990750252
-0.0179690657185089
-0.0184816317311839
-0.0187135808640595
-0.0192876933785922
-0.0200310551886887
-0.0201247404387663
-0.0208572981503236
-0.0213713287216917
-0.0217196195074062
-0.0220635735271907
-0.0226827688957645
-0.0230884507185571
-0.0235034111010361
-0.0240844286617007
-0.0246616274560616
-0.0252456903840418
-0.0256523993474039
-0.025929381339752
-0.026331794252029
-0.0268498876512688
-0.0272629731820865
-0.0276606689363141
-0.0278327911960236
-0.0283588492509643
-0.0284990047096689
-0.0287614531092487
-0.0288189410372845
-0.0290953917471806
-0.0291687360536928
-0.0291736221788426
-0.0291663412449258
-0.029288258877662
-0.0292732913184867
-0.0292877566801096
-0.0291438097134946
-0.02903992816427
-0.0288877997367749
-0.0287393273165002
-0.0284576094657099
-0.0281135102005941
-0.0277223049069614
-0.0273179512279646
-0.0271043933080552
-0.0269550637908253
-0.0268439086979891
-0.0260782532639849
-0.0256546153305619
-0.0252547957541706
-0.0247245692001425
-0.0243278451842773
-0.0238682178968271
-0.0233276333101485
-0.0230002102050737
-0.0224033031024519
-0.0217900808550431
-0.0214277009095718
-0.0210468077578362
-0.0205678635246052
-0.0202447710267711
-0.0198821976501929
-0.0192589272156044
-0.0185176124432762
-0.0182075103451186
-0.018097855381812
-0.0178509077631728
-0.0171873523903036
-0.0166853995408901
-0.0164346715947224
-0.0159199615261814
-0.0155745790289884
-0.0154384765632631
-0.0151164315159983
-0.0147736724765491
-0.0143139180046036
-0.0137945185328547
-0.0133837751673891
-0.0131549339711503
-0.0130541006029345
-0.0126326773985991
-0.0123463717184499
-0.0115964254095895
-0.0110826206480097
-0.0107051434106107
-0.0105573165380197
-0.0103659456509546
-0.0100537278083733
-0.00965424412894858
-0.00925750597038042
-0.00891530971626918
-0.00879741121120712
-0.00850024087820977
-0.00837108468029688
-0.00844287707805901
-0.00826300808410479
-0.00838048893974786
-0.00849629204569738
-0.00865187409495976
-0.00882429948898388
-0.00905207391054193
-0.00910440933909837
-0.00946183700480234
-0.00981409902414607
-0.0101131004354126
-0.0102143789670744
-0.0110449402816265
-0.011076636520117
-0.0114733394844595
-0.0117041571337931
-0.0122869991878484
-0.0125793999469618
-0.0130537656516549
-0.0134581948956917
-0.0138554272049048
-0.0142929688675789
-0.0144772725283949
-0.0150043198600241
-0.0152883149783335
-0.015814740343399
-0.0163856127734131
-0.0166131839495479
-0.0169634949727854
-0.0173092252300766
-0.0177730281550543
-0.0185666366133262
-0.01902364349098
-0.0193531829948661
-0.0196736759726624
-0.0206411014083673
-0.0214523415922632
-0.0218609028301633
-0.0224401091519816
-0.0230746154385311
-0.0237602012774135
-0.0242334478652825
-0.0249853502242214
-0.0254403232936851
-0.0259671074468269
-0.0265796638236776
-0.0275809094192021
-0.0280358063657951
-0.0284223944303979
-0.0288869258354258
-0.0294326943969867
-0.0300770684137588
-0.0303763014788531
-0.0304660566149848
-0.0306420929226855
-0.0308073533254495
-0.0309789041049645
-0.0310920327900681
-0.0310856312474961
-0.0311476257078566
-0.0311927487945769
-0.0310877705538956
-0.0308111515981998
-0.0305468494067582
-0.0301292822554895
-0.0299385326356097
-0.0297777956128209
-0.0294016524419781
-0.0290460267622638
-0.0288293717287237
-0.0285994468121983
-0.0280221052806205
-0.0275506726666611
-0.0272796809929802
-0.026822957395295
-0.0265338233918224
-0.0261338776869715
-0.0257397000759209
-0.0254098618326769
-0.0250483178654392
-0.0243892068282556
-0.0242955267703651
-0.0237091487824359
-0.0231500225756606
-0.0226782837645681
-0.0219939008933377
-0.0213499321465743
-0.0208210949006686
-0.0204846672162421
-0.0201989035359221
-0.0195622271967136
-0.0186509991215788
-0.0182806706509083
-0.0179701717214421
-0.0172703229968846
-0.0166931540845667
-0.0161791471908534
-0.0156637091941142
-0.0152542751844747
-0.0145671779123772
-0.0138328284261653
-0.013298888756739
-0.0130068114188391
-0.0126029096420551
-0.0122590176673491
-0.0114579567266436
-0.0107587304095031
-0.0107001185866929
-0.0103006933320021
-0.00996186184683038
-0.00961868675674228
-0.00921165548201322
-0.00888587069143597
-0.00840833222532993
-0.00815810174686124
-0.00811186279258549
-0.00800776523697496
-0.00783276991314159
-0.00770167204213399
-0.00766708961059833
-0.00748118684176829
-0.00759406948337382
-0.00742494887619994
-0.00760879702840801
-0.00770282500784844
-0.00770117052685395
-0.00788037750130327
-0.00812638984488001
-0.00822454737550491
-0.00862664625235579
-0.00890654967355332
-0.00926049062187601
-0.00949642962011148
-0.00973521973248247
-0.0101723076729492
-0.0104114273554222
-0.010763708245714
-0.0110657743183968
-0.011454041764957
-0.011745141937229
-0.0121470894567231
-0.0126715578986852
-0.0132478126724404
-0.0135824451478694
-0.0140533337504966
-0.0144508361177335
-0.0148523198078229
-0.0156044093368887
-0.0161626328154235
-0.0168127400136553
-0.0171553484199957
-0.0179549744163796
-0.0188694923612335
-0.0192909512377482
-0.0196951694587899
-0.0207347915908166
-0.0215955426649158
-0.022010825268935
-0.0224715931935658
-0.0229778464388083
-0.0235295850046625
-0.0241268088911284
-0.024769518098206
-0.0254184579734633
-0.0260559484125432
-0.0266819894154458
-0.0272965809821711
-0.0278997231127191
-0.0284914158070897
-0.0289322895416661
-0.0293488550989153
-0.0297479164732795
-0.0300260508744465
-0.0304744130300314
-0.0306969237814884
-0.030811848776737
-0.0309161175900497
-0.0310097302214263
-0.0310926866708669
-0.0311649869383715
-0.03122663102394
-0.0311577297985278
-0.0309945351724582
-0.0308726668724543
-0.0306894667210397
-0.030672477875234
-0.0304717690791382
-0.0300543225190599
-0.0296126872277114
-0.0291171830265182
-0.0285678099154804
-0.0279645678945978
-0.0273074569638707
-0.0265964771232988
-0.0259816743590842
-0.0254630486712268
-0.0250406000597267
-0.0247143285245838
-0.0244842340657981
-0.0239107271434815
-0.0235588933904656
-0.0228656106048722
-0.0222238696224122
-0.0216506146344623
-0.0211319362707383
-0.0207412104623372
-0.0199754839653277
-0.0189970033253205
-0.0184800570912982
-0.0179636711141609
-0.0172307984314172
-0.0161373272339666
-0.0158592164173558
-0.0150422696794049
-0.0143509405557346
-0.0138675971678211
-0.0131838385539953
-0.0126111553843815
-0.0118056638230574
-0.0114663193107521
-0.0108802845845874
-0.0105972351923741
-0.00979989915041253
-0.00921606001763129
-0.00869988490288579
-0.0083496016035546
-0.00806879823687099
-0.00760894944732815
-0.00720706786053703
-0.0068674163585724
-0.00654654949661495
-0.00605585502611192
-0.00599521618076572
-0.00586256956662823
-0.00564486870633668
-0.00553256176537939
-0.00529578554575246
-0.00509899676311021
-0.00478264151725715
-0.00482444637856308
-0.00454438061443381
-0.00441918813833661
-0.00447531732746076
-0.00447732295651643
-0.00447143335126234
-0.0045884101653713
-0.00459482264638228
-0.00471105829771232
-0.00488656149712539
-0.00511257765676018
-0.00534988510889753
-0.00553562022870429
-0.00600611809045662
-0.00626616024391158
-0.00655498369079016
-0.006895896251267
-0.00741385452163614
-0.0078864571560252
-0.00864979840743103
-0.00898669780576487
-0.00962145877713766
-0.010140300739261
-0.0105895065033566
-0.0112871594577393
-0.0120257582592103
-0.012312675976358
-0.0130735298208252
-0.0140491055971163
-0.014549426081746
-0.0150714277529584
-0.0162385542576816
-0.0170486662438773
-0.0177823801936683
-0.0183424329417337
-0.0193498588338479
-0.0196947994210326
-0.0203779867761936
-0.0211367950355731
-0.0218993304053076
-0.0225769899339307
-0.023262195858535
-0.0237837637013456
-0.0244347109045791
-0.0251277976002734
-0.0258146005118221
-0.0264313928739027
-0.0270832775855524
-0.0276027742024384
-0.0281037299641494
-0.0285772956394375
-0.0292739893647225
-0.0294093707855633
-0.0299966913899723
-0.0299813347320465
-0.0301371631843112
-0.0303005663151539
-0.0303636534344305
-0.0306990725021072
-0.0306975338709993
-0.0306880189687457
-0.0305842922660743
-0.0305966925969073
-0.0304897338897659
-0.0303128161205551
-0.0300674008647622
-0.0299038501447424
-0.0298972010833171
-0.0294932287988493
-0.0292641757017346
-0.0290267052155909
-0.0284555983262048
-0.0277606745844081
-0.0274805421666347
-0.0270738571000164
-0.0267389725400538
-0.0263559514172808
-0.0255731210920801
-0.025069660980722
-0.0245545407691353
-0.0239719572078188
-0.0234512381916108
-0.0229468796617571
-0.0221851388037569
-0.0214331419157512
-0.0209702275058345
-0.0204600198337858
-0.0196419870566709
-0.0187923560751517
-0.0182752281059987
-0.017708428911318
-0.0169006244134749
-0.0161307876590999
-0.0158880156703546
-0.0152829578321438
-0.014353263858677
-0.0136627663879532
-0.0132660808040134
-0.0125758428518249
-0.0117088613469178
-0.0111344195518989
-0.0108558533320669
-0.0103366668348541
-0.00936319364731381
-0.00860786757120148
-0.00843463932863551
-0.00784428339431981
-0.00744839915075148
-0.00664537201136226
-0.00606360986151934
-0.00587944690649795
-0.0057650369441534
-0.00535554358481439
-0.00508165249818144
-0.00479185095668105
-0.0043927688233037
-0.00381344037612247
-0.00364378198834168
-0.0035197733356989
-0.00341106551599401
-0.00329676436944126
-0.00317329517650911
-0.00317112552138205
-0.00329294568727924
-0.00328860637702511
-0.00335184850070174
-0.00375579507047346
-0.00386620214623284
-0.00409127199495808
-0.00421121663892455
-0.00449468761186669
-0.00466424725686782
-0.00497427752676648
-0.00532202669901804
-0.00606579366474155
-0.00630016096751495
-0.00687091961948794
-0.0072707870166076
-0.00785583533899632
-0.00848215935244712
-0.009110138292428
-0.00962761404326057
-0.00989645326077392
-0.0107792959392687
-0.0115196012012794
-0.0121644943874841
-0.0126030663417217
-0.0137737502037255
-0.0145192230985696
-0.0148715154418777
-0.0160106368988
-0.0167527995237534
-0.0174415021097925
-0.0184026851243057
-0.0190157377084405
-0.0195455884220161
-0.0205036492329911
-0.0209764267156558
-0.0216109717711824
-0.0225307024430487
-0.023272022671828
-0.0240382629091606
-0.0246893682529122
-0.0253602512403935
-0.0260410616792489
-0.0266248657226716
-0.0271746679435294
-0.027460330407149
-0.0282489541714999
-0.0287100775935244
-0.0292863700052248
-0.029637900610302
-0.0297494239683412
-0.0300153624257232
-0.0300456843188976
-0.0303401265595883
-0.030370510149745
-0.0304428599010612
-0.030559739678522
-0.0305012922753402
-0.0304305491350917
-0.0304503418116079
-0.0303993803912713
-0.0302666008105696
-0.0300937728440494
-0.0296913295884512
-0.0294610433677231
-0.0291662986351484
-0.0289295843174678
-0.0284189417584026
-0.0280110783779205
-0.0276659950375449
-0.0275101986482213
-0.0273292302194671
-0.0265056613395382
-0.0260065858167765
-0.0255430536306696
-0.0249033560601794
-0.0243205827073621
-0.0238836423117479
-0.0234136431336303
-0.0230631494960285
-0.0222682927870455
-0.0215216388344953
-0.0211522104890911
-0.0207044699088242
-0.019891097099485
-0.0194878285011564
-0.0189154405286164
-0.0183385855715573
-0.0178791246172804
-0.0170170905585763
-0.0162944379004023
-0.0159777410134218
-0.0155136523966959
-0.0144832884511677
-0.0138052643828779
-0.0134032542333171
-0.0125457113544483
-0.0116751651568176
-0.0110999864676531
-0.0108527157565739
-0.0102549905672266
-0.00922804768233699
-0.00865406635070879
-0.00831893544116035
-0.00784017112871699
-0.00737214593683037
-0.00669185935891465
-0.00624394593124487
-0.00601402488546599
-0.00562369457657117
-0.0054549119523854
-0.00515741896875463
-0.00502666413420305
-0.00475882773838534
-0.00452460515941056
-0.00439264591474257
-0.00432892770774837
-0.00439251013582909
-0.00439788969445482
-0.00439274715941386
-0.00439708646966799
-0.00432953650420734
-0.00442581466382275
-0.00450426301831561
-0.00456333074258571
-0.00461787168966092
-0.00473969325755285
-0.00514078110453911
-0.00537650675838202
-0.00561024918265494
-0.00606978560270482
-0.00642388275105814
-0.00666015436833763
-0.00688372986072
-0.00711271625309608
-0.00750754947633229
-0.00808978133853506
-0.00888711652749417
-0.00923886119059743
-0.00963937335119892
-0.0100973817775957
-0.0110229847333358
-0.0118247803336981
-0.0122726023694772
-0.0130279477130237
-0.014068422066737
-0.0145310808130332
-0.0153998366590622
-0.0162492392617137
-0.0168335445629644
-0.0180597945059951
-0.0185924145913072
-0.0190860836916498
-0.0202387583816844
-0.0209925669374692
-0.0217530739419461
-0.0224376226257755
-0.0233031212041303
-0.0238201526037176
-0.0244039629831552
-0.0248669503010229
-0.0253773063078816
-0.0260137011106418
-0.0267174510417985
-0.0271206118682064
-0.0273466017135857
-0.0275606812482379
-0.0277764213955321
-0.0281390140943218
-0.0284830370226841
-0.0286637740328852
-0.0289794179861095
-0.0290799575852589
-0.0291284005353247
-0.029168423805585
-0.0291714907598764
-0.0291803436905643
-0.0289516523434289
-0.0290516455060244
-0.0288831953262059
-0.0287091125365606
-0.0285443477835506
-0.028362031513609
-0.0281339777223811
-0.027894984289884
-0.0276850469380164
-0.0275294863747891
-0.0271552982991571
-0.0269931002667258
-0.0265888332917647
-0.0264002158263774
-0.0257245480897248
-0.0257280630310776
-0.0252140774851374
-0.024750449420978
-0.0241080217299954
-0.023765759557499
-0.0233132475122311
-0.0229527623933154
-0.0222623999635712
-0.0218079652712565
-0.0212195289693594
-0.0208290575347199
-0.0201344009446238
-0.0194315058443715
-0.0188114919101132
-0.0182375140200867
-0.0178031244261054
-0.0171902906767972
-0.0162056428133465
-0.0159103491111982
-0.0156591442420111
-0.014508829039885
-0.0136858680057226
-0.0133955786200572
-0.0128724394881822
-0.0122396376751523
-0.0113956281784461
-0.0110832529156859
-0.0106794510286783
-0.0102124917672936
-0.00949739742533098
-0.00871605234378772
-0.0084454623884158
-0.00815397796217566
-0.00775642476463926
-0.00752914804374097
-0.00724079645375697
-0.00672256249045562
-0.0065503146217357
-0.00649674748111194
-0.00608270189271475
-0.00579518179759663
-0.0057430368662075
-0.0056763421831452
-0.00556126809356364
-0.00538515821168101
-0.0052743167427269
-0.00533506520154597
-0.00534697272017294
-0.00535538573007902
-0.0054385886160922
-0.00532964763803313
-0.00544775797976053
-0.00555577883728045
-0.00573858648091448
-0.00592397459544782
-0.0062241869194733
-0.00649713063094943
-0.00661264757716468
-0.00701790397780752
-0.00709010357375857
-0.00745970303705128
-0.00780175875264099
-0.00854929178555327
-0.00895583546529293
-0.00953603017393965
-0.00988363929047476
-0.0106766992779858
-0.0114912333348793
-0.0119612695829287
-0.0129281183677944
-0.0134601110927689
-0.0140324690960235
-0.0147945982035902
-0.0155736195992067
-0.0160922931720813
-0.0167293232157152
-0.0178161565451372
-0.0184804243731637
-0.0190590038131656
-0.0202972727827912
-0.0207910944876596
-0.0212897151735153
-0.0217590506018655
-0.0222351340821952
-0.0227615659395306
-0.0232685816071778
-0.0238725161024977
-0.0243415275800649
-0.0246395514225868
-0.024932718501238
-0.0250031625630514
-0.0252160630724219
-0.0254486887430119
-0.0256744897614253
-0.0259052704878262
-0.0261940598291528
-0.026472520739712
-0.0265311037342404
-0.0267694094521514
-0.026949373781402
-0.0267007849601892
-0.0268316100628993
-0.0269986807027957
-0.0269957969832928
-0.0270554642905114
-0.027053931875757
-0.0270603196877697
-0.0270836368697699
-0.0270547061465241
-0.0270547061465241
-0.0269458851776903
-0.0268926176074915
-0.0267442097022634
-0.0266758178478922
-0.0263250796678797
-0.026258702331412
-0.0260848667093943
-0.0259006205765083
-0.02563031219937
-0.0254610186100564
-0.0247264194788955
-0.0243761391474444
-0.0239649657148093
-0.0237456136692671
-0.0233181876132146
-0.0229000031125142
-0.0221648257210042
-0.0216592269032901
-0.0212540530218558
-0.0207912058212815
-0.0202597354865253
-0.0196947501166057
-0.0189452485489689
-0.0184824435205265
-0.0182552258229746
-0.0176753563614944
-0.0168751237062935
-0.0161190977890992
-0.0159353355769362
-0.0156124210942725
-0.0151299049733341
-0.0143866504576981
-0.0137532462089676
-0.013415628436831
-0.013238651947439
-0.0128362927738578
-0.0121939292257313
-0.0117379625520678
-0.0111655671744818
-0.010932303246333
-0.0105782592721604
-0.0105281573363437
-0.00994085635030183
-0.00954411186716722
-0.00914801125470599
-0.00873136902064887
-0.00850777071053329
-0.00822070744163948
-0.0079075547523893
-0.00771262241787645
-0.00726350833403379
-0.00690008485415427
-0.00679397499181996
-0.00662484883959611
-0.00651072981439315
-0.00640124198405694
-0.00628499141594342
-0.00628499141594342
-0.00616725908947756
-0.00616549763554059
-0.00621927203635761
-0.00634577806724301
-0.00639564211790003
-0.00656942746743447
-0.00681557852725677
-0.00722032159213246
-0.00725464969962917
-0.00742612291881496
-0.00816940708727104
-0.00882379737267991
-0.00920232711035657
-0.00933582238893638
-0.00970180635428434
-0.0102400461255735
-0.0109249342439647
-0.0116276674085522
-0.0118055407289772
-0.0123255729923927
-0.0131340547920477
-0.0137141920164043
-0.0143390578814597
-0.014646762131589
-0.0152713719764218
-0.0160763163259044
-0.0168898643313475
-0.0171021872914081
-0.0173023194176059
-0.0176932343854066
-0.0185064240757385
-0.0191901971448071
-0.0194877869071929
-0.019632051761454
-0.0198632322770789
-0.0201718658087753
-0.0206173173238971
-0.0211258114228329
-0.0217078872147519
-0.0218211554666412
-0.0220508405004494
-0.0224003958877195
-0.0226378050675095
-0.0230900430352979
-0.0234399010881907
-0.0237301761520576
-0.0241934237142498
-0.0244047133070712
-0.024705554850633
-0.0250654892211685
-0.0251372552210534
-0.0253988021799328
-0.0258106527545191
-0.0260894385324415
-0.0261612456882573
-0.0263311066358031
-0.0265091278578764
-0.0264906828252873
-0.0266835959198223
-0.0267334496636177
-0.0266609626876547
-0.0265617611769253
-0.0265524392760428
-0.0265029374933414
-0.0263379699657777
-0.0262863965352997
-0.0261542647872068
-0.02598642845082
-0.0258130318889669
-0.0256972183453762
-0.0255451557919844
-0.0254050393692821
-0.0247333606940265
-0.024267276250346
-0.023978220268599
-0.02368582781129
-0.023454431069571
-0.0231078087109158
-0.0225940966968352
-0.0220777447126987
-0.0216119165057224
-0.0212082043758956
-0.0209753586313837
-0.0205141350359065
-0.0201157153392415
-0.0191934964647789
-0.0189041576504935
-0.0184994354728323
-0.018322527863447
-0.0179172126279041
-0.0174453908759281
-0.0168589235649112
-0.0162116147000435
-0.0158074497801394
-0.015497904720117
-0.015097674753673
-0.0145217792045599
-0.0138416904790424
-0.0133710333872696
-0.0130188386953841
-0.0122606152609059
-0.0118056758454169
-0.011357170951115
-0.0108891511001109
-0.0106015093921489
-0.0100326315560139
-0.00958499349529438
-0.0092346387209465
-0.00882918606330304
-0.00843868443230623
-0.00791817671491631
-0.00750338117859036
-0.0073367759248462
-0.00699560753334224
-0.00686566163197688
-0.00694131817074349
-0.00676639328279518
-0.00675165300907127
-0.00662726721310642
-0.00664912457479329
-0.0066624217392937
-0.00687517153675822
-0.0070404564689476
-0.00715099586351137
-0.00733007407677427
-0.00749546879183291
-0.0079511028950145
-0.00817634525268652
-0.00858139650442332
-0.00900279064535892
-0.00932440556264007
-0.00953924025657053
-0.00969923295986953
-0.00998920699375311
-0.0104790569071383
-0.0111784765138697
-0.0116947184643397
-0.0119930313743485
-0.0122267901527976
-0.01235197877397
-0.012596775800959
-0.0131591342887837
-0.0137268389915037
-0.01419022131895
-0.0144209345920435
-0.0145871815095805
-0.0147361542664936
-0.0149062537644712
-0.0153785045481848
-0.0156234809931101
-0.0162291927335463
-0.0167902127432183
-0.0169392917137237
-0.0171258728480804
-0.0175015092929217
-0.0180301024635082
-0.0185030672416161
-0.0189165071132142
-0.0193111080904303
-0.0198196096558001
-0.0203552531936691
-0.0208126104953871
-0.021151702722761
-0.0215718675942886
-0.0220255015711257
-0.0225381957858942
-0.0230192391023093
-0.0232432914641796
-0.0235316719265934
-0.02370550285012
-0.0241397271756739
-0.0239952100735327
-0.024339172299766
-0.0245539391257664
-0.0246827286388073
-0.0248419239970733
-0.0249174215142286
-0.0250832714490537
-0.0251461178150113
-0.025016007746236
-0.0252071231658806
-0.0253757431465373
-0.0254804153805141
-0.0253727068765878
-0.0253757290998404
-0.0252541857295766
-0.0251464258432436
-0.0252036176303216
-0.0250933364704942
-0.0249615880981572
-0.0249168750986973
-0.0246853393813189
-0.0243125408963501
-0.024086470061831
-0.0238520365828453
-0.0238041336360272
-0.0236149039271072
-0.0234780676313139
-0.0233937192859909
-0.0231653159218905
-0.0229335966575252
-0.0222949996582305
-0.0219017454615893
-0.0214508561443297
-0.0209866049338462
-0.0207482124347857
-0.0205894264880012
-0.0198390788258839
-0.0191575029398564
-0.0187499413496735
-0.0182100772343311
-0.01788981232522
-0.017143033647306
-0.0166207806811314
-0.0159371556431987
-0.0155872803294606
-0.0151809857530943
-0.0145298238104905
-0.0140325775214644
-0.0134542119091377
-0.013024083960829
-0.0123555191223829
-0.0120727944559046
-0.0115440892695845
-0.0111969798162389
-0.0106290955553883
-0.0102758543042333
-0.00987936299727801
-0.00975879873427445
-0.00958242254881738
-0.00963184300851338
-0.00948033240354012
-0.00930612077109195
-0.00924403005394247
-0.00912862192471482
-0.00907017882245531
-0.00895309630720419
-0.0089502004261417
-0.00883960421347796
-0.00884243119306861
-0.00884229062721028
-0.00889723946544216
-0.00895637886884383
-0.00901717447825369
-0.00917088237094879
-0.0092867280368723
-0.00936440047239113
-0.00937916846411082
-0.00959258049729228
-0.00963490278743681
-0.00972971315693073
-0.00976791121265843
-0.00976791121265843
-0.0099501392125175
-0.0099986785598064
-0.0102308063977262
-0.010318349376588
-0.0105598035801723
-0.0109727952734401
-0.0111919943595606
-0.0115508539932629
-0.0118611799452072
-0.0121476236332657
-0.0123105668207467
-0.0126309664233226
-0.0130516212740673
-0.0134993028388221
-0.014016817009645
-0.0145338030335849
-0.0148846307043664
-0.0153965508815797
-0.0161105204968347
-0.0165705886228167
-0.0169730088187482
-0.0172006700031981
-0.0178797593441242
-0.0183619624347415
-0.0187480269794622
-0.0190354635844839
-0.0196204314283784
-0.0201303425296819
-0.0205365506369503
-0.0207922665169318
-0.0211869192136139
-0.0214216357397068
-0.021645672399748
-0.0220003711223732
-0.0224385837487761
-0.0228518558254383
-0.0231913694095285
-0.0237006893349426
-0.0237332553881379
-0.0238253575874541
-0.0240523851261966
-0.0242430228191075
-0.0245892993893609
-0.0247668719394772
-0.0250529901046065
-0.0252903590651462
-0.0253831790400476
-0.0256768407688556
-0.0257950327499722
-0.0256846098623906
-0.0259134120879918
-0.0260308491595071
-0.0260940072196163
-0.0260721498579294
-0.0259652799791915
-0.0260283555017067
-0.0259140506582136
-0.0257135173250905
-0.0256422687691981
-0.0256923205200245
-0.025225482261121
-0.0249295471933687
-0.024646190399381
-0.0243427636401914
-0.02400435753264
-0.0237295994593957
-0.0234365959851105
-0.0229579972970843
-0.0224415408597129
-0.0219884568176505
-0.021589376696566
-0.021081653494736
-0.0207757768397509
-0.0199750524682831
-0.0194615782061498
-0.0191231215999771
-0.0186069415052841
-0.0176096447792531
-0.0173373341371899
-0.0167613162875138
-0.0164154742616534
-0.0157258332673521
-0.0150782568028088
-0.0147370903924543
-0.0145034356705475
-0.0143922391071811
-0.0139256701327896
-0.0134680518726783
-0.012777049330964
-0.0126051838708721
-0.0124362674939923
-0.0121507826800989
-0.0119809721011895
-0.0119172139742211
-0.011732391047547
-0.0115591651938575
-0.0113923130908945
-0.0110784716821796
-0.0108349308458424
-0.0104974882952331
-0.0100968645111459
-0.00990421202757565
-0.00984562270001675
-0.00980759877337184
-0.00975130831460458
-0.0095791489391703
-0.00949344283270814
-0.00943722703506111
-0.00921048993614037
-0.00908213309240793
-0.00896320951398152
-0.00885814577258908
-0.00868945668807909
-0.00847405053574837
-0.00835606250758721
-0.00840747473826599
-0.00865070804387782
-0.00890951613487557
-0.0088943100595399
-0.00882578653033056
-0.00907278789355825
-0.00923253639925997
-0.00938446967637892
-0.0096118290282077
-0.0100711908913817
-0.0103007486357595
-0.0108738864921895
-0.0113327834912897
-0.0117465026138925
-0.0120920304637043
-0.0123708934773191
-0.0130211092332705
-0.0134884141850305
-0.0138705428909902
-0.0141763470938086
-0.0150425802061693
-0.0153263783378351
-0.0157855572795804
-0.0161090744044156
-0.0162619710169233
-0.0166101520614826
-0.0171870875475163
-0.0177046806015334
-0.0181635386909152
-0.0183881859407848
-0.0188973800153805
-0.0193146254545663
-0.0197821206552253
-0.0202796556159872
-0.0207994642820994
-0.0211472158640939
-0.0213247120606106
-0.0218528528155211
-0.0220816982699357
-0.0228883157995445
-0.0232923435207395
-0.0236333990113212
-0.0239078977972321
-0.024053374392586
-0.0243206155143706
-0.0249001808102264
-0.0253635557314305
-0.0257180848981492
-0.0258247363892378
-0.0259791121968181
-0.026228406448282
-0.0262915396896953
-0.0263476010432406
-0.0264484336587916
-0.0264586045250136
-0.0264029437164216
-0.0263478718479748
-0.0263310276122777
-0.0262329789105106
-0.0261633782917345
-0.0259903976914799
-0.025816494987756
-0.0253668802606264
-0.0253523157667331
-0.0247761452502273
-0.0243748606336284
-0.0241520962537167
-0.0238194426032641
-0.0235345041495556
-0.0228882411039304
-0.0222569409384199
-0.0219698425575249
-0.0214471112068528
-0.0209757214008883
-0.020243969475654
-0.0200100875134641
-0.019714609681234
-0.0193111832637147
-0.0190243322940154
-0.0184967119057263
-0.0179782283898098
-0.0175222906167903
-0.0178077454595396
-0.0170424029191544
-0.0167778846252714
-0.0166086891941917
-0.0161462840097149
-0.0157370145677864
-0.0155749250507198
-0.0150426558414888
-0.0148526833567839
-0.0144417410322027
-0.0142969427094742
-0.0140304358296993
-0.0137941971784453
-0.0133392292773351
-0.0130058164798111
-0.012648473146061
-0.0123700501467537
-0.0121274476270358
-0.0119516223520761
-0.0117745067268268
-0.0111337114133921
-0.0108213187020274
-0.0101172066379667
-0.00989000611439935
-0.00965030268749511
-0.0095074694330745
-0.00924203875512735
-0.00925696167001745
-0.00891565721891356
-0.00874504233360388
-0.00846057481985408
-0.0082837604431413
-0.0082716255532801
-0.00839197864862302
-0.00850732650267655
-0.0085642656802471
-0.0086759199282194
-0.00884439451948439
-0.00896216097194372
-0.00919704509010592
-0.00956027510930352
-0.00972530884972387
-0.00990737397269819
-0.0102387197679348
-0.010530766099105
-0.0108128201246929
-0.0110495546436739
-0.0112228107077882
-0.0114474978290991
-0.0117252382521036
-0.0120865678123833
-0.0127215347586331
-0.0128751658712351
-0.0131852635117334
-0.0135786671789086
-0.0136940798597752
-0.0142092365962887
-0.0145775597971013
-0.0150196131220771
-0.0157023317132462
-0.015994396418463
-0.0161412093462365
-0.0165836833876394
-0.0172155487111516
-0.0176836257197088
-0.0181866954704561
-0.0185724023967345
-0.0188150050192675
-0.0191744411345812
-0.0197869167455526
-0.0205389239669425
-0.0209572045474259
-0.0211845994921407
-0.021401749777583
-0.0219268902423504
-0.022730014129842
-0.0231335978818316
-0.0234200069451092
-0.0236641438154467
-0.0239611039361546
-0.0245614183301753
-0.0247657186983648
-0.0245377438091905
-0.0248347412368519
-0.0249469071919266
-0.0249903182657016
-0.0249974133309934
-0.0251096473110816
-0.0249245324616327
-0.0249961375619695
-0.0249330286019783
-0.0248242585410578
-0.0247747170738376
-0.0246564353188053
-0.0242556436100302
-0.0242508510749882
-0.023910141448043
-0.0237926465708888
-0.0235030892273189
-0.0230941632045133
-0.0231331913343083
-0.022541877135523
-0.022415512885346
-0.0223149580092355
-0.0220695805814785
-0.0218991255242993
-0.0217108522212506
-0.0214853481991407
-0.0211995345659516
-0.0209689333184519
-0.0208454073632385
-0.0208029947179946
-0.0208044947596344
-0.0203611614275735
-0.0198778353599686
-0.019698947152419
-0.019529271754872
-0.0193763798231338
-0.018906862582764
-0.0188233844018205
-0.0186063882055766
-0.0180644831818889
-0.0174854690871395
-0.0173701829852295
-0.0171741772928693
-0.0167440767572876
-0.0162026526765033
-0.0154698801919802
-0.0150494415618382
-0.0147673655321216
-0.0145414050233691
-0.0141220137189015
-0.0133349009064554
-0.0128218983075642
-0.0124729888455293
-0.0123523391256968
-0.0120040730446752
-0.0115519259803297
-0.0113286881947066
-0.0109706598980936
-0.0108991279414074
-0.010569588054829
-0.0105586883268931
-0.0104454904289223
-0.0102741262115322
-0.0103454048964682
-0.0102163118341462
-0.0103404341599509
-0.0103996704305871
-0.0105174748902634
-0.0106412279360473
-0.0106363739801028
-0.0106348481396312
-0.0107457662907939
-0.0107458632017662
-0.0108001982590853
-0.010857957692862
-0.0108748906675435
-0.010989977564947
-0.0110889078532367
-0.0113022578276561
-0.0112737924069789
-0.0116279317137387
-0.0117292502141742
-0.0119028235946568
-0.0121354416418332
-0.0121918575340091
-0.0125419134881384
-0.0129571855591962
-0.0132289297776737
-0.0134607959981834
-0.0137501351392859
-0.0138151597693908
-0.013929748187976
-0.0144485465953293
-0.0150287969263097
-0.0154166249131502
-0.0157630480126291
-0.0159923400616697
-0.0161668776106591
-0.0168968971066458
-0.0170304288376748
-0.0178380591109239
-0.0181264792958195
-0.0184816863996239
-0.0186290592022233
-0.0187565286696939
-0.0190342336261349
-0.0193237439082739
-0.0200277136839419
-0.0204369508832787
-0.0205919926044261
-0.0207704354353319
-0.0208880036868951
-0.0210070937424663
-0.0210135062234772
-0.0211264812457123
-0.0212392185073189
-0.0213069149298398
-0.0213677021535615
-0.0214940506008463
-0.021706127188528
-0.021604295163679
-0.0215389808484649
-0.0216049281040566
-0.0215284647445506
-0.0214762495901726
-0.0216392614094952
-0.0216402520850096
-0.0217001088612046
-0.0217027510784862
-0.021535254453016
-0.0216917227029449
-0.0217046889330029
-0.0217564108841199
-0.0218735322437504
-0.0219326178351381
-0.0220023938466216
-0.0220406212291488
-0.0220429351993242
-0.0221497896044141
-0.0220836606522608
-0.0221196563768426
-0.0221242851612924
-0.0221196885423874
-0.0220079265619832
-0.0218579653455862
-0.0218898822210907
-0.0216682484308514
-0.0213930821522092
-0.0209119529763305
-0.0204587523791682
-0.0202060847141199
-0.0199575172347693
-0.0199106912820124
-0.0197455481178503
-0.0193885193978006
-0.0190092687281723
-0.0184797297588874
-0.0178519157565825
-0.0178112210051658
-0.0175835273662828
-0.017109487933398
-0.0168956574972727
-0.0165453286771623
-0.0162412814781835
-0.0159667740438437
-0.0157277755606877
-0.0155683235171586
-0.0153994856246295
-0.0151113296867063
-0.0148170736175443
-0.0146912951286019
-0.0144097970128721
-0.0143013404175326
-0.0140734571309783
-0.0140202138508759
-0.0138863867310539
-0.0138412423501861
-0.0136586278738552
-0.0137015271895056
-0.0136738019130617
-0.0132492865245103
-0.0131613112092731
-0.013079247095152
-0.0128557223490728
-0.012867455141279
-0.0127931636161842
-0.0126789832826392
-0.0128485127040772
-0.0128462304771754
-0.0128048132703772
-0.0126894541089344
-0.0126822601691984
-0.0126367087177916
-0.0128225890742501
-0.0127946231443692
-0.0127464557501917
-0.0127502275244251
-0.0127493773306872
-0.0130883174124036
-0.0132131030948087
-0.0132175712611412
-0.0132744605545762
-0.0133310664642332
-0.0133257821024223
-0.0133410822556031
-0.0135117446702234
-0.013689436295534
-0.013744069290657
-0.0139189712035883
-0.0141338615461805
-0.0142413467843906
-0.0144076910971531
-0.014520053486714
-0.0148081128390499
-0.0149351804123106
-0.0151070775951494
-0.0152241843648047
-0.0154445609937028
-0.015388719436707
-0.0155918533193013
-0.0158087875161585
-0.0158148883153417
-0.0159137416726268
-0.0162071146481366
-0.0164990241711657
-0.0166828286456585
-0.0167962383366792
-0.0169714500727384
-0.01725446039747
-0.0174293876416
-0.0175342239183892
-0.0176078575847332
-0.0179398927913452
-0.0182268961402184
-0.0184483501587893
-0.0188619684743232
-0.0189177701940531
-0.0192126887719314
-0.0194879713543786
-0.0199878848968731
-0.0200175323260034
-0.0203166345953633
-0.0206023172911645
-0.0208368014367473
-0.0211301053378662
-0.0214115756993556
-0.0218206740259573
-0.022154651565485
-0.022210276343462
-0.0222660912796711
-0.0222802671310011
-0.0224385735512214
-0.0223818687789477
-0.0223419268523562
-0.0223271045454291
-0.0222158782140721
-0.0223251618915327
-0.0223231528135295
-0.0225186899295956
-0.0222414109006022
-0.0221255330967371
-0.0219432272445351
-0.0218769812641008
-0.0219233505158003
-0.0217096312133651
-0.0215382427448254
-0.0213083700297017
-0.0210764669002091
-0.0208569344392223
-0.0207325567161532
-0.0206071299051937
-0.0203877708029164
-0.0202012121647101
-0.0199336634962425
-0.0196972968038741
-0.0193031595477383
-0.0192522758388831
-0.0190036374345662
-0.0190245412172438
-0.018920146105377
-0.0185666089010128
-0.0185238487706929
-0.0183744684392015
-0.018034661484232
-0.0178109971958807
-0.0175123225786718
-0.0172351744079381
-0.0171897838538064
-0.0170630096418003
-0.0167791722616429
-0.0164832914725816
-0.0163180297612339
-0.0162592117676333
-0.0160884535333184
-0.0158948538794978
-0.0156568762416203
-0.0154320890643198
-0.0152080502824221
-0.0148936598091838
-0.0144920539565886
-0.0141591839626625
-0.0139311361522255
-0.0136998063564502
-0.013673577522426
-0.0134434852849687
-0.013336232580271
-0.0130098836467714
-0.0128835862589602
-0.0126703408175226
-0.0123033557961668
-0.0120128257501359
-0.0119571394124918
-0.0118264327273284
-0.0117692212163724
-0.0116528394514484
-0.0116458583993042
-0.0118167995781529
-0.0114338542134953
-0.0116806601085359
-0.0114595970763864
-0.0113802043186357
-0.0113780219749216
-0.0115064110687671
-0.0115668577267134
-0.0115560898552395
-0.011622238547221
-0.0117715679154122
-0.0118990065987436
-0.0120686159559464
-0.0121340502911035
-0.0122564944888666
-0.0122994905157781
-0.0126535043039022
-0.012884570404794
-0.0133947498012925
-0.0135747283120921
-0.0138608221186656
-0.0142588520542871
-0.0141435627788603
-0.0147016653580298
-0.0148435994277427
-0.0149562947462931
-0.0150950895019493
-0.0155066448526558
-0.0159058226329564
-0.016586808930429
-0.0169343907029256
-0.0172214067762671
-0.0175117297666167
-0.0176246525317769
-0.0178077686891283
-0.0179785534628693
-0.0185841428140087
-0.01910582209001
-0.0193913988676138
-0.0195111146802292
-0.0198946960830817
-0.0200196505538627
-0.0204075026399328
-0.0202660256504834
-0.0204713191751315
-0.0209831088616399
-0.0213050329459202
-0.0216660352493545
-0.0217715899193073
-0.0220154938826228
-0.0221490189504505
-0.0221837900722207
-0.0222405731633575
-0.022425206185974
-0.022599163828748
-0.0226686020485252
-0.0228953414157827
-0.0228930168617903
-0.0229592842878411
-0.0228409737822863
-0.0227222516690329
-0.0226681957583811
-0.0226953383973613
-0.0224427610701468
-0.0223780876215077
-0.022261942561662
-0.0223211127588171
-0.0220890201899883
-0.021913806419087
-0.0217968362165508
-0.0218001708275102
-0.0217442263199934
-0.0217399887958784
-0.0215042386454615
-0.0214457842170586
-0.0213306548440545
-0.0213329370709564
-0.0211599202516181
-0.0208150486941428
-0.0206998247815726
-0.020523566635708
-0.0201096017707299
-0.0200021753207315
-0.0194712657560901
-0.0190643162066271
-0.0188696357568322
-0.0185627611619837
-0.0183958547101341
-0.0180513522701679
-0.0175971240103475
-0.0170017858234477
-0.0166031932852378
-0.0163161374159793
-0.0159098143888426
-0.015674382680714
-0.0152686049358789
-0.0147605621277849
-0.0143603340025308
-0.013950928462681
-0.0136292756040176
-0.0133944930826858
-0.0128736238749183
-0.0126882913196483
-0.0126563401430221
-0.012230849813723
-0.0121218807336776
-0.0118837209973839
-0.0118261669887056
-0.0116621718402869
-0.0115851741304694
-0.0116565893566716
-0.0117253407574437
-0.0117679990931325
-0.0118842702982598
-0.0118890662134604
-0.0118290060878665
-0.0119477778065122
-0.012006572975901
-0.0120722225838585
-0.0120756941721959
-0.0121711791892186
-0.0122364294350981
-0.0124740993512146
-0.0123266486199347
-0.0124158466990612
-0.0125316590997491
-0.0125973796337161
-0.0127790253412105
-0.0127986888355837
-0.0129967100692867
-0.0131443393015746
-0.0132187703129117
-0.0136398748129695
-0.01386327805964
-0.0141392187682192
-0.0144372249338296
-0.0145445989444068
-0.014647701288102
-0.0148992662501159
-0.0151399579255825
-0.0152350505287689
-0.0156487087017795
-0.0158311537798168
-0.0161719920226479
-0.0167012293392281
-0.0169193059732534
-0.0173153968991287
-0.0174483996376005
-0.0177973547107771
-0.0182668013969222
-0.0185578825736093
-0.018791565384396
-0.0188854218730837
-0.0190103677763429
-0.0192501728007593
-0.0194036404531104
-0.0198124018608787
-0.0201008774735142
-0.0202163688436176
-0.0205011060260347
-0.0207330510674251
-0.021024946848661
-0.021071919731322
-0.0212652548325604
-0.0211563024475216
-0.0212453010535992
-0.0214858849215938
-0.0216667981019221
-0.0214923007874555
-0.0216137229269814
-0.0216717969597584
-0.02178276117113
-0.0218365615676788
-0.0218947784516529
-0.021893163086335
-0.0218392124198317
-0.0219551042052155
-0.0220615031592248
-0.0220628769683686
-0.0223442275193258
-0.0221739377060566
-0.0222874293522604
-0.0223381102915773
-0.0220761801020872
-0.0217795427889386
-0.0215512475028456
-0.0214226735239538
-0.0213139776960578
-0.0212147409805233
-0.0210157604884221
-0.0207370579090675
-0.0206316335361964
-0.0201139418217934
-0.0199508546740135
-0.0195336937264963
-0.0191924286538931
-0.0190280010174099
-0.0187274786770501
-0.018254578661106
-0.0179249834326605
-0.0176939062754316
-0.0175798520648417
-0.0174967811646601
-0.0171600762469748
-0.0169620471621763
-0.0166092005648419
-0.01632321334277
-0.0160911108949775
-0.015929227763963
-0.0157423588688131
-0.0154005715092451
-0.0152864615775759
-0.0152275273996817
-0.0151188638796948
-0.0151166459808086
-0.015007988635796
-0.0149537520081214
-0.0148865500034192
-0.0148266751730316
-0.0148274427912541
-0.0148914005549095
-0.0148452582046743
-0.014790147690952
-0.0149192340713286
-0.0148056826939341
-0.0147652883354745
-0.0145706867218811
-0.0145080644072818
-0.0143953776121064
-0.0143970578940602
-0.0142904198133813
-0.0141143819947095
-0.0140012533405351
-0.0138293686222057
-0.013824546834998
-0.0137704237214323
-0.0136931343414426
-0.0136296464794064
-0.0135755576334258
-0.0135755576334258
-0.0135731949915375
-0.0135236786681195
-0.0139026704117064
-0.0135558423886282
-0.0137808141757779
-0.0138251718535302
-0.0138322597791952
-0.0138994816972685
-0.0140007534842257
-0.0141274187702295
-0.0141385740563123
-0.0142920417086634
-0.0145385701172228
-0.0146975753247803
-0.0147699404825418
-0.0150480078602995
-0.0152349650965489
-0.015510125988678
-0.0156740455770302
-0.0159066142408334
-0.015970896271556
-0.0163111301283742
-0.0165166366611353
-0.0165626922734994
-0.0167380514887878
-0.0168624832923335
-0.0171485845035733
-0.0174748780719488
-0.0177013969071588
-0.0180033995309982
-0.0182352892583229
-0.0183535385516016
-0.0184832103342683
-0.0185965776273005
-0.0185943275648407
-0.0186550776858006
-0.0186550776858006
-0.0187024740791359
-0.0186529541564453
-0.0187560224729161
-0.0188297967417066
-0.018892514337417
-0.0190332297838562
-0.0189493786629176
-0.0189991194923629
-0.019057519111112
-0.0190597370099982
-0.0189731114235686
-0.0189752328368207
-0.0189731435837926
-0.0189915764486474
-0.0190586702362759
-0.0192294099563789
-0.019341407140802
-0.0195110884584512
-0.0197049307840542
-0.0196982288423585
-0.0196993442827934
-0.0198647846564354
-0.0198012211827226
-0.0200507315081707
-0.0199818141933223
-0.0199093492518668
-0.0198895057791504
-0.0199765776208821
-0.0200524631289808
-0.0199984139223083
-0.020041583727263
-0.0199335724287223
-0.0199335724287223
-0.0199245721788831
-0.0199245721788831
-0.019945401708907
-0.0198551854981536
-0.0197194593845993
-0.0196357113873233
-0.0195190013970029
-0.0195353147235472
-0.0192405493792891
-0.0192260437167033
-0.019262106276762
-0.0188921719651091
-0.0186985176481149
-0.0183452016281403
-0.0183372138772391
-0.0180944150386253
-0.0180469013939691
-0.0180907110906213
-0.01804734453924
-0.017970190750725
-0.0178605357874184
-0.0178817995644134
-0.0178095422055722
-0.0178181635196572
-0.017679787129151
-0.0174651651277303
-0.0173559691100325
-0.0173415037484096
-0.0171904319911233
-0.0171333998315144
-0.0167047356396145
-0.0165238709919352
-0.0165886651246949
-0.0163373336165715
-0.0161446988423295
-0.0160255996367886
-0.0156447144844173
-0.0153004186959773
-0.0150687291087798
-0.0148846681273481
-0.014667765288531
-0.0145314989245202
-0.0144685696203639
-0.0142334243912847
-0.0141752090410611
-0.0141231032563237
-0.0141239074462508
-0.0141813036986471
-0.0142379096083041
-0.0141797091659807
-0.0141868831013778
-0.0141913832262974
-0.0147315477926983
-0.0144494712998785
-0.0144593987680224
-0.0146249498964472
-0.0149123954941054
-0.0150874946532126
-0.0150777070103728
-0.0149094781828567
-0.0151424244484862
-0.0152638536627811
-0.0152576825411143
-0.015318397706079
-0.0152410018566292
-0.0150795751586779
-0.015018401561055
-0.0148400010719157
-0.0148421707270428
-0.0147207218457574
-0.0147850969273061
-0.0150680904534924
-0.0152254059273157
-0.0150150439074188
-0.0148451878538112
-0.0148496755727837
-0.0149699842983371
-0.015072303036843
-0.0151845223523157
-0.0153574597506981
-0.0154813400755398
-0.0155869975641534
-0.0158261677956676
-0.0163344615872455
-0.0166263194773804
-0.0168546678763528
-0.0171466641336209
-0.0173211238911341
-0.0175465048861432
-0.0177863171601983
-0.0183591343985668
-0.0186463262418746
-0.0190588373749071
-0.0192904515572132
-0.0196436727893285
-0.0198156476688016
-0.0200009060645054
-0.0200168816528185
-0.0201821446598667
-0.0201898454426311
-0.0203657604894735
-0.0203489285460199
-0.0204027724753351
-0.0203963424990592
-0.0204432432516998
-0.0204995277876374
-0.020497272294529
-0.020497272294529
-0.020614339662123
-0.0206402655468559
-0.0207357619320938
-0.020905332812826
-0.0213102983201688
-0.021107311361289
-0.0209081962617626
-0.0209796975679729
-0.0210356829669809
-0.0209168874562079
-0.0209669582005606
-0.0207475481250575
-0.0207357230806275
-0.0206205130796693
-0.0206976787646353
-0.0206184615055302
-0.0207972397924492
-0.0208771869085217
-0.0207510844956123
-0.020406599531392
-0.0202267015720864
-0.0200023805139532
-0.0196689625404411
-0.0194979067170091
-0.0197630945576911
-0.0192706724470868
-0.019217430438529
-0.0190887528924326
-0.0188003009346916
-0.0188457324165752
-0.0186732226488679
-0.0184375366161826
-0.0182281220064156
-0.0180589081234322
-0.0180564122725355
-0.0181106365220774
-0.0181112656601987
-0.0176462235987818
-0.0172997588780974
-0.0170683232550415
-0.0167910845080622
-0.0167296023430025
-0.016566493470537
-0.0163960912537322
-0.0161486640256572
-0.0160353441808425
-0.0157583582282846
-0.015540413745431
-0.0152782264356234
-0.0147103268672071
-0.0144922331156225
-0.0142145902279841
-0.0141408951979418
-0.0139610980072093
-0.0138988916753708
-0.0137791769521512
-0.0136129979797636
-0.0135562167401185
-0.0132747061247181
-0.0131538765195984
-0.0129813330918402
-0.0128614327402105
-0.0127969276134569
-0.0128647087758004
-0.0129111187550552
-0.0128918034832164
-0.0129178894029084
-0.0129936388154288
-0.0130356236039517
-0.0131661223903571
-0.013446283134891
-0.0135140563265621
-0.0135768687102645
-0.0137959576707324
-0.013913140913661
-0.0143156829451118
-0.0145439932415622
-0.0146071511195372
-0.0147754770489572
-0.0148303702343266
-0.0150707367788581
-0.0151203966055517
-0.0152393377517606
-0.0152450862573047
-0.0158639167645414
-0.0155592400357529
-0.0156453408158412
-0.0160203165244694
-0.0165141827557705
-0.0169226198234568
-0.0172647967910867
-0.0173886659988266
-0.0177204942171649
-0.0177843022664409
-0.0179039448765903
-0.0180665846261235
-0.0182327346208652
-0.0185736623965316
-0.0192785528602568
-0.0197281173122101
-0.0196664891111606
-0.0200230834482195
-0.0201763981747856
-0.0202700349730444
-0.0204964446308545
-0.0204144229751574
-0.0204950383294079
-0.0205435776766969
-0.0207233742601124
-0.0209765045534619
-0.0208592186689411
-0.0208358588369907
-0.0207908971994626
-0.0206094183615177
-0.0206088702427931
-0.0205070261219164
-0.0203280306638575
-0.0203423995206658
-0.0203423995206658
-0.0201714956385454
-0.0199996487805656
-0.0200588266811704
-0.0200315168529169
-0.0198582998304537
-0.0201045005659106
-0.0198819190214263
-0.0200571646340111
-0.0201743459203669
-0.020345924331264
-0.0206338783381419
-0.0208651292621926
-0.0210360915934452
-0.0209757622046047
-0.0209759027005732
-0.0209154101208805
-0.0206253005311658
-0.0205564879457446
-0.0202702594858242
-0.0200398550609155
-0.019872311202878
-0.0194726715402264
-0.019358013481838
-0.0191837818783998
-0.01901337312115
-0.0190715656197679
-0.0187962890077725
-0.0182759427720883
-0.0177867843931737
-0.0174472751954687
-0.0169981571829798
-0.016758167522187
-0.0165934369950409
-0.0163728348822998
-0.0160906525814647
-0.0156730725023671
-0.0154971595561437
-0.0153242298919481
-0.0152057805269947
-0.0150900922342572
-0.0150900922342572
-0.0152038425260982
-0.0151469167251979
-0.0152615130713003
-0.0152212458515276
-0.0154098947803574
-0.0152515468471666
-0.0153462463239756
-0.0153564464260961
-0.0152997981889892
-0.0153469248166442
-0.0153469248166442
-0.0153514571057872
-0.015231141393673
-0.015231141393673
-0.0152878513652344
-0.0152292154706852
-0.0151747100299373
-0.0151709063184342
-0.0151709063184342
-0.0151709063184342
-0.0150537094542417
-0.0151061195284469
-0.0150186618468966
-0.0151840919233363
-0.0150613886560224
-0.0151553555130771
-0.015071286171905
-0.0150144324565147
-0.0150542052561853
-0.0150123236892923
-0.0151812568053473
-0.0152078886301256
-0.0153335847126304
-0.0153881079528001
-0.0155272925206145
-0.0155838028809338
-0.0157459601649086
-0.0160404117853335
-0.0162774536599055
-0.0163559264147966
-0.0166333849295842
-0.0166230170190764
-0.0167013825866828
-0.0166499040483164
-0.0170122355039524
-0.0168284047452208
-0.016863327969611
-0.0167998238276688
-0.0167998238276688
-0.0168209970366511
-0.0167975314522387
-0.0168717300934694
-0.0168572658846523
-0.0170351927332152
-0.0171467831155679
-0.0173201317684094
-0.0173182931208474
-0.0173228254099904
-0.0175478843748105
-0.0177314662484866
-0.0177359985376296
-0.0180275015314704
-0.0184256852426073
-0.0189420890476577
-0.0189294067302981
-0.0191291492496507
-0.0190985489432892
-0.0191636451553264
-0.0192264162464129
-0.0192352878419577
-0.0192442880917969
-0.0192442880917969
-0.0192269506431376
-0.0193505774471069
-0.0194148866667253
-0.0194171206472905
-0.0193978832042577
-0.0193389661006225
-0.0194153767312923
-0.0192817609963976
-0.0193463218021552
-0.0192882166948502
-0.0194093770328661
-0.0192943007390084
-0.0196072913879811
-0.0192365998366551
-0.0193534711927189
-0.019283121385427
-0.0193445973338836
-0.0194120976298825
-0.0194120976298825
-0.0194781321437088
-0.0194738249951192
-0.0195862812634862
-0.0195766748248405
-0.0195780185799001
-0.0195741164423005
-0.0195739625934386
-0.0195285720540879
-0.0193995176013405
-0.0194036362179358
-0.019403494703437
-0.0191711162713888
-0.0191757175171833
-0.0191723093898567
-0.0188318406671405
-0.0183877975945698
-0.0182840030683464
-0.0182118705407997
-0.0180925604535494
-0.0180811493190401
-0.0179820207153964
-0.017921718497719
-0.0178646363318505
-0.0177990813323657
-0.0177434797196513
-0.0176403217093498
-0.0175816100774013
-0.0174076560166138
-0.0174171953789794
-0.0172905277248325
-0.01745991155784
-0.0173905668426462
-0.0174621841476712
-0.017535621057393
-0.017139329110191
-0.0170682260386105
-0.016935942687002
-0.0168208212550722
-0.0166478203838022
-0.0165980890708996
-0.0165019452787612
-0.0163108111437814
-0.0162707913134286
-0.0160338055073753
-0.0158515395255524
-0.0156840218605022
-0.0152491017041096
-0.0149403752230266
-0.0146067055628769
-0.0144277734269928
-0.0143509046590353
-0.0141942840470048
-0.0141523863201268
-0.0143014438294018
-0.0141124239093241
-0.0140225391340446
-0.0139658507518981
-0.0139523503771393
-0.0140206365685237
-0.0140231412675845
-0.0142530679699422
-0.0143111271670996
-0.0144163432467458
-0.0147688460235949
-0.0150637167196085
-0.0154085761464314
-0.0157068899449392
-0.0158744751715929
-0.0159270070986866
-0.0161630371857051
-0.0161630371857051
-0.016165403930604
-0.0163486148340514
-0.0164158469089808
-0.0165190764922886
-0.016460352087309
-0.0165190764922886
-0.0164057360576162
-0.0164012037684733
-0.0163489566456343
-0.0163312149848411
-0.0162245471487129
-0.016289416655303
-0.0162152767216513
-0.0162724983653811
-0.0162811769858894
-0.0163960408338355
-0.0164309101031926
-0.016371885891461
-0.0166116129396599
-0.0169010152015552
-0.0171412712687165
-0.0174846351516831
-0.0178636406623383
-0.0179848292204442
-0.0180780420856813
-0.0183590167806482
-0.0186476349477412
-0.0191041138126472
-0.019399647792018
-0.0198063009238265
-0.0201571221084658
-0.0202056527295706
-0.0203299990698283
-0.0204996617449517
-0.0205580796258539
-0.0205782770777659
-0.020555776453168
-0.020555776453168
-0.020555776453168
-0.0205737667345509
-0.0205761132929921
-0.0205780186645175
-0.0207584918228472
-0.0203451201324788
-0.0203214937135955
-0.0203171916897866
-0.0203818979299075
-0.0202027098506993
-0.0201341775770118
-0.0200281042307463
-0.0199652655135424
-0.0198675538349115
-0.0199615211695834
-0.0199255140440788
-0.0198444539275102
-0.0199201459113639
-0.0199662809399475
-0.0199190679443739
-0.019885459048256
-0.0197634207833476
-0.0196893291137892
-0.0198776242016532
-0.0200552060821565
-0.0194207121005225
-0.019279308198326
-0.0191689763853323
-0.0190513816406914
-0.0188362061405674
-0.018652444184204
-0.0182535017861284
-0.0177923163815405
-0.0173957492908325
-0.0170493065446699
-0.0168653951106231
-0.016637337971736
-0.0164115648427902
-0.0163525942337417
-0.0162338421956925
-0.0160580353301266
-0.0158902155588022
-0.0157676318563677
-0.015788143878237
-0.016013877379249
-0.0159110799525059
-0.0158278520163643
-0.0158347321371689
-0.0159004090534334
-0.0160208312454489
-0.0159092223084094
-0.0159662472054795
-0.0159662472054795
-0.0159058911917229
-0.0158526059453644
-0.0159076989233748
-0.0158939466402595
-0.0156796799193635
-0.0156237633915562
-0.0157102621434974
-0.0154236527564142
-0.0150223907081125
-0.0150202532144422
-0.0152634055806715
-0.0150033353525418
-0.0145255057645141
-0.0144681498711961
-0.014408568508421
-0.0144134189469414
-0.0145232182226406
-0.0146373546496324
-0.0147581981615264
-0.0148014691460114
-0.0149819519160046
-0.0150985453181278
-0.0152080841228015
-0.0153071517041298
-0.0154984683915411
-0.0154984683915411
-0.0156686565473
-0.016185733209342
-0.0164694801257544
-0.0167617779172695
-0.0169296098347971
-0.0171483402699984
-0.0175836620706294
-0.0173452258519369
-0.0178022785400328
-0.0178003361304001
-0.0178602109607877
-0.0178063787642263
-0.0179234214186678
-0.0179797258227983
-0.0179442579222369
-0.0179663358981125
-0.0180313605282173
-0.0180303231592542
-0.0180723186102421
-0.0180259551020207
-0.0181098309784057
-0.0180956551270757
-0.018198439075877
-0.0183076156913186
-0.0184346623315507
-0.0190062475161436
-0.01903718099477
-0.0193157631006684
-0.0194918867373268
-0.0196480804804393
-0.0197236634122538
-0.0196676780132458
-0.0199393020870994
-0.0198830394983451
-0.0200641508856196
-0.0200147346659711
-0.0199375573415883
-0.0197719835458851
-0.019716093534365
-0.0195997371541837
-0.0195997371541837
-0.0194866871152054
-0.01932322709134
-0.0191987135713987
-0.0192576509178173
-0.0191748933406086
-0.0191011356551303
-0.0188015089236257
-0.0188462867715506
-0.018796021253638
-0.0184985415454551
-0.0184589778377466
-0.018631612258473
-0.0188618081608472
-0.0186287268033734
-0.0189718531802771
-0.0189695870357056
-0.0189695870357056
-0.0190621652255328
-0.0191413759968729
-0.0191336418535068
-0.0192078030402595
-0.0193173698885026
-0.0193173698885026
-0.0192809318363916
-0.019458328932083
-0.0192088995304218
-0.0192088995304218
-0.0190949947333514
-0.0188559215893526
-0.018753581324994
-0.0183524242342767
-0.0182417605374061
-0.0177643548336167
-0.0174772493822771
-0.0172281510956312
-0.0170541993026094
-0.0168271742318426
-0.0166021047402529
-0.0164501865149305
-0.0160843657832037
-0.0158549745098545
-0.015802529119165
-0.0157436120155299
-0.0158463375170641
-0.0159854090992024
-0.0157307044037243
-0.0157108880469334
-0.0159380822185161
-0.0159897567294928
-0.0160469616776336
-0.0165639869075544
-0.0166781660344079
-0.016691066607934
-0.0168542125513754
-0.017078939718441
-0.0171953685497027
-0.0171953685497027
-0.0173160011161046
-0.0171948632903404
-0.0172203216048141
-0.0169165208626803
-0.0165690800514852
-0.0163457161863888
-0.0162857780842327
-0.0163184146021681
-0.0156550723205715
-0.0155501491695251
-0.0155030180314836
-0.015377253001918
-0.0152862540550223
-0.0153510044202488
-0.015296573944738
-0.0152312709311727
-0.0152312709311727
-0.0151205799667947
-0.0153072895684886
-0.0152942118962243
-0.0153086098048359
-0.0155423287545345
-0.0156614204564561
-0.0158022934893965
-0.0159394359475094
-0.0161856992449102
-0.0164165727460209
-0.016498813313766
-0.0164676013334322
-0.0164183069350186
-0.0165918208283081
-0.0167512252611241
-0.0165863332979818
-0.0166809720283928
-0.016690141113016
-0.0167562321190546
-0.0167562321190546
-0.0166834885684823
-0.0167459457951859
-0.016686874917075
-0.0167479988321371
-0.0168007658805888
-0.0168473287139599
-0.0168433042793313
-0.0167997846202938
-0.0168630583287294
-0.0171392507191784
-0.017333066474773
-0.0171845316472608
-0.0173262211893912
-0.0174747806239516
-0.0179138652890661
-0.018212416962598
-0.0183000553244139
-0.0184712753676913
-0.0185349958440285
-0.018651021759726
-0.0189283927335539
-0.0188954098038486
-0.0188890455640923
-0.0190727468242572
-0.0190812324772655
-0.0191326169092845
-0.0192337517712719
-0.0191854646350777
-0.0193969489912895
-0.0195347884900602
-0.0196203751055906
-0.0196162178957597
-0.0195824765097631
-0.0195261705800267
-0.019591917054213
-0.0195798097790798
-0.0198153219951644
-0.019756746465747
-0.0196379519345339
-0.0199375567565183
-0.0198782849434685
-0.0198847083282484
-0.0198869583907082
-0.0198824582657886
-0.0198978875472878
-0.0199276788742264
-0.02016137676187
-0.0201843598563948
-0.0200709474878456
-0.0201349575229289
-0.0198502018274521
-0.0201189900751612
-0.0198994886487889
-0.0199942149404842
-0.0197980087054166
-0.0196437466427273
-0.0197634500047223
-0.0195866807119632
-0.0194085747654942
-0.0194737160617416
-0.0190547911331847
-0.0187756777564283
-0.0186564325296015
-0.0185466719205132
-0.0183180207690146
-0.0182124917879083
-0.0180948606944775
-0.0179693115540485
-0.0178698234482396
-0.0179365127307036
-0.0178900892268696
-0.0172482748613759
-0.0170098924005237
-0.0168994715621562
-0.0168432228980619
-0.0167159845856048
-0.0166057984917986
-0.0164193287507911
-0.0163106499844301
-0.0163291335020593
-0.0161483874794906
-0.0160180375365059
-0.0160246171508299
-0.0158499010841547
-0.0159084855851313
-0.01589508170174
-0.0157953025350372
-0.0159124883755433
-0.015855191866544
-0.0159160799658474
-0.0157266383024112
-0.0157519623942892
-0.0155124084041401
-0.0155678044147437
-0.0155732066200577
-0.0154596211115435
-0.0155787210982986
-0.0155820596160584
-0.015396667181534
-0.0152330162292573
-0.0152898916031929
-0.0151722846059048
-0.0152337167679918
-0.0153428327707345
-0.0153210245162362
-0.0151537435400352
-0.0151533997694289
-0.0152219100676741
-0.0152217706483674
-0.0155068005267839
-0.0156593013488207
-0.0156951091610812
-0.0156163263722459
-0.0158436251825109
-0.0159029215597695
-0.016087950410663
-0.0165421169836663
-0.0166048790518219
-0.0170031170836394
-0.0171832155968809
-0.0172992112967783
-0.0175805759432019
-0.0177001563788265
-0.0178785694822314
-0.0177652991711203
-0.0177612780061029
-0.0179315225797313
-0.0179881284893883
-0.017992692943192
-0.0180163193620752
-0.0185244543531671
-0.0181707287662489
-0.0181728502826665
-0.0182793754168873
-0.0182770610246624
-0.018335953143368
-0.0183938941008298
-0.0184911871361351
-0.0189153046393274
-0.0189128968636432
-0.0191275748595897
-0.0197087147279554
-0.0199353440839422
-0.0199356271142615
-0.0201079329903536
-0.0201667814438162
-0.0202247296149719
-0.0203997227871902
-0.020517650492049
-0.0205348645239422
-0.0205913086431584
-0.0203728846889566
-0.0204119440452562
-0.0201930269362264
-0.0199486915644475
-0.019781164814876
-0.019609811762127
-0.0194347775668576
-0.0193365192516325
-0.0191429386444118
-0.0190859494951458
-0.0189752181655195
-0.0187970137165871
-0.0187413846105305
-0.0185790656559045
-0.0185139833913461
-0.0185212774154875
-0.0184924643432524
-0.0185079722184808
-0.0187889878878623
-0.0186951414298922
-0.0188968222276797
-0.0189054649490959
-0.0189887156946536
-0.0189279891835845
-0.0190414068236415
-0.0189886583438044
-0.0190396288021404
-0.0190807632832574
-0.0191639805289697
-0.0192129980641617
-0.0189050734224821
-0.0187415471760383
-0.018637394099589
-0.0185286248989784
-0.0183021567528811
-0.0179432524194052
-0.0173521924442396
-0.0170640905445166
-0.0169462486636817
-0.0168138981017228
-0.0165765285505222
-0.0162720752436435
-0.0159347411227498
-0.0156961227634312
-0.0156323760079172
-0.0155777629382831
-0.0155102300711223
-0.0154631382869769
-0.0154588632996363
-0.0154691881062873
-0.01553878502399
-0.0155189686671991
-0.0155342688203799
-0.0155256545232007
-0.0157010089947281
-0.0157746343721791
-0.0158124469663546
-0.0160416938045608
-0.0163314715222805
-0.0164804849152711
-0.0164115468547565
-0.0164018810389196
-0.0164782325235408
-0.0162416871130164
-0.0160945185360626
-0.0159264896462197
-0.0160431829224601
-0.015824807795974
-0.0158271865215374
-0.0157457084877518
-0.0157504337715284
-0.0156903757708293
-0.0156529206056726
-0.0156056875180936
-0.0155912087538005
-0.0156626250896685
-0.0156583121163516
-0.0157107143300168
-0.0157200614390719
-0.0161384296027828
-0.0158744609208411
-0.016103821122624
-0.0162311547242472
-0.0164705294328093
-0.0165088525492161
-0.0165626800742176
-0.0165714020679501
-0.0167311447110695
-0.0168673022188342
-0.016945712317974
-0.0170272402889
-0.0173950991855557
-0.0174534790281636
-0.0174976717266933
-0.0175560440722109
-0.017678598348023
-0.0177741469470481
-0.017883297065823
-0.0181751556591985
-0.0183361856589531
-0.0184273304838431
-0.0185375078791529
-0.0185948203813021
-0.0188794095185992
-0.0189345153866163
-0.0189546212117032
-0.019011180137523
-0.0190044299501436
-0.0191583423305247
-0.019119006420243
-0.019287894167675
-0.019287894167675
-0.0192923942925946
-0.0192901120656927
-0.0192968622530721
-0.0193357296310851
-0.0194117529193148
-0.0194050992226562
-0.0193516458896918
-0.0197040829077176
-0.0194096214693981
-0.0195769144318918
-0.0196322926585671
-0.0197430937548199
-0.0197368359494799
-0.0197540645438382
-0.0198034105677284
-0.0199091648468906
-0.0200447090895711
-0.0201448494563767
-0.0200946109732498
-0.0200946109732498
-0.0201509037560064
-0.0200884061911359
-0.0200297271098832
-0.0200995138091827
-0.0200914718736523
-0.0199232247851488
-0.0200931728123287
-0.0199462619589531
-0.0198829754868018
-0.0197967147225175
-0.0197681205079184
-0.0195680892333369
-0.0195121933338601
-0.0193442335621926
-0.0191103923115487
-0.0188143559894997
-0.0184752536446198
-0.0184026862417468
-0.018325572139339
-0.0183090336461207
-0.0182410173652387
-0.0182009992509485
-0.0180860560275461
-0.0180768618878109
-0.0180370830171367
-0.0178053907855917
-0.0179248312684362
-0.0178177608286721
-0.0176689914337584
-0.0174475822035081
-0.0173278375822277
-0.0171072766382759
-0.016860831234012
-0.0167043355796603
-0.0165183563574919
-0.016407937221042
-0.0163986153201595
-0.0162997311841137
-0.0161949375522568
-0.0161732341750099
-0.0159652498515118
-0.0159093521875473
-0.0156774961564767
-0.0157174337830295
-0.0157147006220916
-0.0157340701856664
-0.0159475086628047
-0.0160432083589994
-0.0158880540455202
-0.0161293457759432
-0.0160556867571638
-0.0162799178693663
-0.0162344213332182
-0.0164249164689847
-0.0164209967673335
-0.0164168430839766
-0.0166009960861493
-0.0165446036354769
-0.0166090740080161
-0.016605212856891
-0.0166612818829657
-0.0164920144323903
-0.0164897482878188
-0.0164308832820164
-0.0164340357863079
-0.0164376464519814
-0.0166078255961148
-0.0166115452093027
-0.0164650467960503
-0.0165097330047023
-0.0165111104118893
-0.0166887404407888
-0.0166845940943501
-0.0167473561509587
-0.016972305790174
-0.0172630776083246
-0.0173286250504835
-0.0175669253523459
-0.01772752477305
-0.0180264751908973
-0.0181369767093004
-0.0182567969198994
-0.0183147968502994
-0.0184877487976298
-0.0187740873910293
-0.0189518334415225
-0.0190818496568862
-0.0192024360238125
-0.0192973423335056
-0.0191849653947135
-0.0192393816184987
-0.0192393816184987
-0.0191801729548234
-0.0191803317667587
-0.0190071643921846
-0.0189078056146144
-0.0187433078356969
-0.018607713604442
-0.0183713931600278
-0.0184403414111773
-0.0183752236757819
-0.0186075702286315
-0.0187188483617113
-0.0189512737408079
-0.0189848368180483
-0.0191821970761674
-0.0194659210943592
-0.0195685337152171
-0.0197902310810294
-0.0198835192813205
-0.0198310790921606
-0.020022437599479
-0.0199828109461222
-0.0200492620250188
-0.0199814003420051
-0.0199831881411001
-0.0197731943210513
-0.0196072636327345
-0.0194399501281935
-0.0192563648733846
-0.019246849971131
-0.0190890206274704
-0.0188459714541752
-0.0184532456478422
-0.0180931597895664
-0.0178647726857211
-0.0173966414178141
-0.0173493324652056
-0.0170567251159203
-0.0169292134821415
-0.0169352474895619
-0.016876406654022
-0.016817664105833
-0.0168253273547632
-0.0168139966319058
-0.016811366655168
-0.0168753786214577
-0.0169373215905616
-0.0171155945978515
-0.0172656468449495
-0.017393679681837
-0.0174714095444724
-0.017358860576984
-0.0175882387102342
-0.0177690643815138
-0.0176948297643497
-0.0178799643563725
-0.0178115132905446
-0.017752344927656
-0.0176523446282874
-0.0173449605292995
-0.0171726724929966
-0.0170138147474652
-0.0169593840771394
-0.0168404584229763
-0.0166703536438898
-0.0164916619707294
-0.0163733003585071
-0.0162049416596931
-0.0160905742708563
-0.0160098490289896
-0.0157755339091476
-0.015892399667307
-0.0157266110157586
-0.0156778680153277
-0.0155981765079805
-0.0160339790264383
-0.0160980992974933
-0.0159125661933532
-0.0159624772114963
-0.0160228571237013
-0.0161362569330298
-0.0163132830210103
-0.0165396019128635
-0.0167159695475168
-0.0168352371079643
-0.0170671869849744
-0.0172881098821559
-0.0173457913545563
-0.0174029525032667
-0.0174029525032667
-0.0174554801678187
-0.0174699858304045
-0.0173526072672993
-0.0173667831186293
-0.0172893786176158
-0.0173166069192162
-0.0173263148311051
-0.0174261904289678
-0.0174007079357021
-0.0175060984933096
-0.0172783959840377
-0.017271411557349
-0.0174531881814741
-0.0174202810272539
-0.0175242259573548
-0.0176107453827999
-0.0176400505121768
-0.0176812571882733
-0.0177525811049041
-0.0177477593176964
-0.0177597093038158
-0.0177582468208308
-0.0177953665104143
-0.0176465778437376
-0.0177632480685084
-0.0179408268511156
-0.0179232750276039
-0.0176540607074807
-0.0177659283235104
-0.0177719563316337
-0.017873076720468
-0.0177533536227595
-0.0179226584689138
-0.0180480923087852
-0.0180543814031883
-0.0181490940141257
-0.0182872525968865
-0.0184478869702887
-0.0186177638946385
-0.0187312328872621
-0.0189083760891843
-0.0190234830240513
-0.0190234830240513
-0.0190829084985637
-0.0191392268549688
-0.0192949970770037
-0.0194550248669935
-0.0194893888618757
-0.0195436424016725
-0.0196086113628069
-0.0197227610088732
-0.0196643157202471
-0.0197187017586039
-0.0197209518210636
-0.0196028718129302
-0.0195489588134471
-0.019427645956105
-0.0194310210497946
-0.0194288031509084
-0.019358972720372
-0.0192419418378774
-0.0191240109579143
-0.0191473926216862
-0.0191286785502324
-0.0190171013733816
-0.0185093087032168
-0.0185387685826462
-0.0185087786154399
-0.0185593842811561
-0.0185644529377417
-0.0186256250819566
-0.0185330134303838
-0.018511156068697
-0.0184067631380132
-0.0183937452072509
-0.0183981488420933
-0.0183954723705427
-0.0182850708451291
-0.0182814279515147
-0.0183885363850444
-0.0183939365349479
-0.0183395344220571
-0.0182808190857407
-0.0182748618042335
-0.0182789869187431
-0.0186302055807798
-0.0183104506471733
-0.0181185585261571
-0.0180553264991924
-0.0180016254573369
-0.0178187029277994
-0.0177007086332563
-0.0174124535323134
-0.0174712456152286
-0.0174099215703071
-0.0171910532152748
-0.0169985610639533
-0.016845500311487
-0.0167637627191049
-0.0165370629259771
-0.016461345589658
-0.0162378563068551
-0.0163020284316259
-0.0161451503433915
-0.0162590026378687
-0.0159779338638668
-0.0160034025900824
-0.0162163309905468
-0.0162605180292681
-0.0163822736639088
-0.0162753640600174
-0.0162712792169238
-0.0162124458347907
-0.0162124458347907
-0.0162863869321068
-0.0163140238520816
-0.0163121337385709
-0.016268354030224
-0.016249113285412
-0.0162661362905455
-0.0162532004163241
-0.0162026832405905
-0.0161571960246702
-0.0161518273502151
-0.0163252200276216
-0.0164427084064473
-0.0164884272764984
-0.0163802574433215
-0.0164371467367565
-0.0166077923632971
-0.0166701963677766
-0.0166787866362784
-0.0168064965028084
-0.0168597519378877
-0.0168440015006692
-0.0170335752345879
-0.017076235484441
-0.0171255146810154
-0.0174718324516141
-0.0174714321211739
-0.0176586926256858
-0.0177532860008343
-0.0179812070456871
-0.0180992387568514
-0.0183353606047548
-0.0185486840325479
-0.0187159075155848
-0.018518908659791
-0.0186063444296822
-0.0187557324042625
-0.0191602466382449
-0.0191486368682166
-0.019154904627301
-0.0192109671793614
-0.0193143144446961
-0.0193821546329089
-0.0195530984140207
-0.0195089569861236
-0.0196917938253277
-0.0196837209591612
-0.019732637171618
-0.0197374567996808
-0.0197328407099292
-0.0197400940193693
-0.0197433631633539
-0.0197536874022105
-0.0195833719863654
-0.0193833580378922
-0.0195005600011037
-0.0196209394830583
-0.0196251226583278
-0.0195848979625691
-0.0193857548108166
-0.0193830134344293
-0.019324940006953
-0.0193818462221176
-0.0192687610432383
-0.0192687610432383
-0.0193822385214092
-0.0192617618538278
-0.0193772884722147
-0.0195492069965126
-0.0192869478612919
-0.0192579843100492
-0.019454050197231
-0.0194902664014697
-0.0196170408855903
-0.0194974827347248
-0.0196070145934534
-0.0193275875389058
-0.0192185586841214
-0.0189067381865245
-0.0188622899544059
-0.0187985400184931
-0.0187563671250548
-0.0184559875885111
-0.0182300427923422
-0.0180720286571765
-0.0177605432351525
-0.0175264812123405
-0.0173612769836382
-0.0172521807657026
-0.0170281149531708
-0.0169576123832402
-0.0169108577318239
-0.0168157868481863
-0.0166965160299926
-0.0166205037998584
-0.0166348726566667
-0.0166123070530676
-0.0166800798775715
-0.0166824425194599
-0.0167911117929611
-0.0167911117929611
-0.0168346785053276
-0.0168482753727565
-0.0168482753727565
-0.0168505254352163
-0.0169149097316002
-0.016912691832714
-0.0169796818290107
-0.0170994348434286
-0.0170839395622597
-0.0171287991359307
-0.0171929996563191
-0.0175562583258294
-0.0173553596944818
-0.0170870417863126
-0.0170375770876146
-0.016916824738182
-0.0169906555933746
-0.0167560452585625
-0.0167582792391277
-0.0167560291766679
-0.0166180214305738
-0.0164944456168037
-0.0164462541320434
-0.0164441166383731
-0.0165069611108808
-0.0165654728392709
-0.0166259825729366
-0.0166290361353228
-0.0166347669628954
-0.0168047190068492
-0.0168362583238624
-0.0172244492236418
-0.017252773420966
-0.0171452609982674
-0.0171474145725622
-0.0173256304730885
-0.0174326898082832
-0.0175010585496459
-0.0175037200283093
-0.0175452179680042
-0.0176694102826655
-0.0178412493178135
-0.0178465841077133
-0.0179559320504932
-0.0179523043268525
-0.0180146292553617
-0.0180669877096657
-0.0180692056085519
-0.0180647698107795
-0.0180669877096657
-0.0181223269438044
-0.0182824553193487
-0.0180475010221215
-0.0181313937583705
-0.0181816973764095
-0.0182420932220647
-0.0182970267256273
-0.018356012639791
-0.0182970267256273
-0.0184401283999102
-0.0184779949584645
-0.0184640121071409
-0.0185995567561179
-0.0187663006960775
-0.018755422549675
-0.0187583605413572
-0.0189105353951854
-0.019101009101479
-0.0190539506778169
-0.0190537009847977
-0.0189919168744258
-0.0187245285497503
-0.0187863714147557
-0.0189004831862026
-0.0187260119257872
-0.0187194148940102
-0.0186112469430588
-0.0184695554201959
-0.0182974810984703
-0.0184106096293695
-0.0184274761243073
-0.0182956861332106
-0.0180824600306515
-0.0182694694039447
-0.0181435370199435
-0.0182561320995965
-0.0181508516618521
-0.0183360116790196
-0.0183575918597444
-0.0184251930706509
-0.0187036551811806
-0.0189230432872495
-0.0189662356826193
-0.0188223781087073
-0.0188780145177057
-0.0190619809391487
-0.0190571011486204
-0.0190078050703745
-0.0189956216109628
-0.0190567785811031
-0.0191394326641294
-0.0191271883650327
-0.0190116130977898
-0.0189556070043268
-0.0188411693973725
-0.0187293500973612
-0.0185541085012661
-0.018387529585438
-0.0182683105638062
-0.0180174536468399
-0.017969135901765
-0.0180622021886164
-0.0178359827429323
-0.0176905743873619
-0.0174547618777775
-0.0177007066561093
-0.017638343559206
-0.0176725560266972
-0.0177223819189809
-0.0177268850689569
-0.0178387915010363
-0.0178982972281658
-0.0179698456398688
-0.0180872542039167
-0.0180851327906646
-0.0180239641632601
-0.0180327912336707
-0.0179237034825423
-0.0179210606390771
-0.0177485845231491
-0.0177463666242629
-0.0179018437776974
-0.0178157599088461
-0.0174000884509713
-0.0173974663474413
-0.0171670625320993
-0.0170513532612809
-0.0169967158124222
-0.0167180743566125
-0.0166540251432433
-0.0164824968909197
-0.0163672938542209
-0.0164231705307756
-0.0161851966318124
-0.0162469121032939
-0.0163092624757962
-0.0163676348213137
-0.0165404020888059
-0.0165365447684311
-0.0165985001847824
-0.0168814174381948
-0.0172643397774991
-0.0173048566744895
-0.0174250792582314
-0.0175260227960131
-0.0176928562932495
-0.0175898177333389
-0.0176999691549358
-0.0177509849560438
-0.0177075103477766
-0.0177013239632555
-0.0175793937240332
-0.017411097839577
-0.017341745736445
-0.0172382161985262
-0.0170600396486959
-0.0170703031178446
-0.017060788215591
-0.0169501829078994
-0.0167233133667667
-0.0167295541672667
-0.0167509521323559
-0.0168406666802139
-0.0166020493479747
-0.0165461234917209
-0.0165371222765024
-0.0166097304048245
-0.0167287890492917
-0.0167857710543745
-0.0169593289699436
-0.0169976746595834
-0.0171688674737957
-0.0175246554833531
-0.0178049504756505
-0.0183806345347574
-0.0186723466130194
-0.018844618258698
-0.019075578278248
-0.0193071322310708
-0.0193662562496121
-0.019367381280842
-0.0197536137619664
-0.0195574389427655
-0.0196599702839229
-0.0196637110849756
-0.0196077779616539
-0.0195482080014489
-0.0196085333431778
-0.0194922811186647
-0.0194283032750617
-0.0193563989199678
-0.0193738848093172
-0.0192581715247185
-0.0191254934566304
-0.0190609943661399
-0.0190825301090877
-0.0190861462009661
-0.0190883158560932
-0.0190317068573513
-0.019062971433608
-0.0190613128950325
-0.0188313699908325
-0.0189138400974883
-0.0191297022232481
-0.0192048626252661
-0.0193706749800674
-0.0194922134054382
-0.0196698187654729
-0.0197256560572398
-0.0197864059737911
-0.0198940871725607
-0.0197923161418998
-0.0196695536757291
-0.0196041834849151
-0.0196041834849151
-0.019400996907182
-0.019033625367376
-0.018804499098084
-0.0187579565605428
-0.0186471083489452
-0.0183387878288489
-0.0186769125185262
-0.0181316366958702
-0.0181150414116714
-0.0179964841485505
-0.0178266464207867
-0.0177859756699126
-0.017554193518557
-0.0175136424739703
-0.017483555375047
-0.0173577074257406
-0.0174211290754304
-0.0174211290754304
-0.0173671011356786
-0.0173017223683925
-0.017228592418234
-0.0172364142797048
-0.0172527776078648
-0.0171504694735673
-0.0173734468563659
-0.0173246947342093
-0.0173026567607516
-0.0171083413642866
-0.0168565924434173
-0.0166633285385156
-0.0164500681877583
-0.0163771779605126
-0.0162693027752154
-0.0161370671162955
-0.0160213460059382
-0.0159145073669197
-0.0158777671741415
-0.0156155987210799
-0.0154051544743638
-0.0151192167445709
-0.0150731908013894
-0.0148809023277062
-0.0148277656881882
-0.0148872924111647
-0.0148890855053394
-0.0149455356025616
-0.0152684924366641
-0.0157034624844182
-0.0156380726314047
-0.0159221191986621
-0.0162066573125629
-0.0163222957195847
-0.0164946949397645
-0.0167305048005957
-0.0167868972512681
-0.0169023319367856
-0.0169613101973987
-0.0170247324219133
-0.0171911692679914
-0.0174151084129255
-0.0175474317986219
-0.0179629022333014
-0.0182199851154899
-0.0182401625365711
-0.0182386947275592
-0.0181254857714313
-0.0182109319727629
-0.0182532441241182
-0.0183408566862379
-0.0184125209924092
-0.0183396230542619
-0.0184067656176857
-0.0184630498396525
-0.0186232321594738
-0.0186156897084967
-0.0187972833744781
-0.0188300694170083
-0.0189368300029653
-0.0189972090803813
-0.0191459660322597
-0.0192023682477388
-0.0194309020429579
-0.0196237968442671
-0.019775916036443
-0.0199061151692342
-0.0199792064976369
-0.0202886153319822
-0.0203358741877327
-0.0199718751012107
-0.020028235355959
-0.0200897861771692
-0.0199720145205174
-0.0200238960457049
-0.0199279622313392
-0.0196849293167867
-0.0195818347586937
-0.0192713173205742
-0.0192129170724769
-0.0190382110994336
-0.0189288577224336
-0.0188692104442772
-0.0186489164019486
-0.0185801999907694
-0.0185198511498479
-0.0185130044691423
-0.0185779177638675
-0.0190741096997816
-0.0187847599764976
-0.0186418056576027
-0.0186394912653779
-0.0186394912653779
-0.0186654803261494
-0.0186387469643469
-0.0189195691165625
-0.0189280814670213
-0.0190045098874386
-0.0189387842085964
-0.0188077698131688
-0.0186285828898862
-0.0185915940134728
-0.0184232040491999
-0.0183766664041333
-0.0181831598922132
-0.0180102989629761
-0.0179354167115386
-0.01783606658862
-0.0176990271264744
-0.017112342859803
-0.0168661404344999
-0.0166949269570152
-0.0165941460886685
-0.016405836639377
-0.0161211435743878
-0.0161261277847125
-0.0158731377032515
-0.0156526103319954
-0.0155912054610597
-0.015486594954918
-0.015477208721153
-0.015489756262911
-0.0155375024392197
-0.015834252058652
-0.0161701608475182
-0.0163420846383933
-0.0164087472651202
-0.0165828282729852
-0.016694311932904
-0.0167765541358772
-0.0168095378023809
-0.0168843968812828
-0.0169588120769456
-0.0169497474986596
-0.0170648768716638
-0.0170609111186637
-0.0170068589068301
-0.017065126480721
-0.0170017440333166
-0.0169499579660545
-0.0169523247109534
-0.0169523247109534
-0.0168954425366892
-0.0167731843244051
-0.0168256127776626
-0.0167187888730203
-0.0166603712769388
-0.0167146808645969
-0.0167384915995923
-0.0167232767535799
-0.0167153577852818
-0.0168180278691916
-0.0168253136564206
-0.0169470389388462
-0.0170408865048409
-0.0171489296671102
-0.0174338461968499
-0.017719262527237
-0.0179118530232728
-0.0180748936768184
-0.0182597313549693
-0.0183765971131287
-0.0183819408473045
-0.0184265046894885
-0.0185432645797177
-0.0185929766987139
-0.0186064033455449
-0.0185560508980464
-0.0190079774055107
-0.0185073491099257
-0.0185610794778348
-0.0184450648135813
-0.0183242205362746
-0.0182656906263992
-0.0181568837130093
-0.0181551093939003
-0.0181551093939003
-0.0181551093939003
-0.0181551093939003
-0.0181619078276148
-0.0181561219527182
-0.0181493717653388
-0.0181516218277986
-0.0181496360672962
-0.0182146926147496
-0.0182666639276446
-0.0183249246936824
-0.0183898936548168
-0.0190091127706247
-0.0188183852919962
-0.0186112479272733
-0.0190094189003763
-0.0190102725010395
-0.0189503067718151
-0.0189227378711792
-0.0189182254419894
-0.0188071851715937
-0.0188073276087035
-0.0185671488621284
-0.0184649948158476
-0.0183947695672834
-0.018384585490907
-0.0182736124784457
-0.0180897949193533
-0.0181020102322277
-0.0178518632883607
-0.0177486435938049
-0.0174794892421515
-0.0176168868659349
-0.0171480572771977
-0.0171328136609142
-0.0170329499220596
-0.0170110042677729
-0.0169544822222572
-0.0170149721028379
-0.0170133755631925
-0.0169991997118626
-0.0170015623537509
-0.0171145890109936
-0.0171145890109936
-0.0171868563964257
-0.0172929351211023
-0.017415636896366
-0.0175874271183332
-0.0176254771058159
-0.0176960455241022
-0.017867593187375
-0.0179853900636105
-0.0181570280089858
-0.018308434601911
-0.0182436172429102
-0.0182194919043879
-0.0179889546469698
-0.018065976165867
-0.0179237518073387
-0.0178669903869409
-0.0177497851465851
-0.0176387267860451
-0.0176903286620257
-0.0175813170410003
-0.0174651078784772
-0.0174711566936214
-0.0175405810769828
-0.0174123681849957
-0.0175287251370224
-0.0173396314861191
-0.0173396314861191
-0.0172183671968199
-0.0179243047428476
-0.0177291625846805
-0.0175557401951749
-0.0177254003991854
-0.0177198834222888
-0.0178927131505845
-0.0178799049346266
-0.0177153896053244
-0.0178273256990237
-0.0176669385343459
-0.0177211102587811
-0.0177798814563123
-0.0175432706732662
-0.017381303590359
-0.0172939802075906
-0.0172813005249612
-0.0173432645424706
-0.0171683042114016
-0.0170479845282476
-0.0169823054930087
-0.0169712671056847
-0.0170148693662758
-0.0171075284957114
-0.0172492444939917
-0.0174400173611164
-0.0176798470970858
-0.0179687337018997
-0.0182452065528644
-0.0185092656499798
-0.0187609109932461
-0.019000142582663
-0.0192269604182308
-0.0194091806433396
-0.0195468032579893
-0.0196398282621801
-0.019688255655912
-0.0196920854391848
-0.0196481584063576
-0.0195564745574304
-0.0194170338924033
-0.0192298364112761
-0.0189948821140489
-0.0187941612990216
-0.0186276739661942
-0.0184954201155668
-0.0183973997471392
-0.0183336128609116
-0.0182466579845074
-0.0181365351179268
-0.0180032442611696
-0.017846785414236
-0.0176671585771258
-0.0175924994046043
-0.0176025367187881
-0.0176110311416909
-0.0175965312000367
-0.0177231069029466
-0.0176515697785841
-0.0177151151702837
-0.0178298885583233
-0.0182119483391361
-0.0178593878803577
-0.0179976717450237
-0.018406267666084
-0.0188154499147867
-0.0189961415180192
-0.0193201213400046
-0.0196127924720027
-0.0196104780797779
-0.0198491589325835
-0.0198491589325835
-0.0198460945199802
-0.0199046171740995
-0.02002489329416
-0.0201402688736665
-0.0201380592065078
-0.0201612090313656
-0.0201943156632256
-0.0202011623439312
-0.0202034445708331
-0.0202180104486668
-0.020241695681039
-0.0202463887979215
-0.0202167198481972
-0.0202144376212954
-0.0202167198481972
-0.0201578458067354
-0.0201601280336373
-0.0201586172705896
-0.0202756901717109
-0.0202741901300711
-0.0202726900884312
-0.0202726900884312
-0.0202536760171751
-0.0203741946551156
-0.0203592321994235
-0.0205503429038357
-0.020735052251162
-0.0208508136497432
-0.0210148680119962
-0.0212175123472836
-0.0211402224563468
-0.0207371270152903
-0.0206216593672136
-0.0206191317677303
-0.0204405272771724
-0.0201679866821769
-0.0198942612309882
-0.019552244440662
-0.0193598454727332
-0.0190642477978246
-0.018951030909599
-0.0187263941728185
-0.0186849343790484
-0.0183703393488249
-0.0181489997010305
-0.0178843139045824
-0.0174527809913583
-0.0173957274637387
-0.017286341375789
-0.0174363632273076
-0.0173884631478485
-0.0173964896255378
-0.0173408949470772
-0.0175235055891618
-0.0175713726829448
-0.0176148007550001
-0.0177358040986275
-0.0178482520739822
-0.0179140388898341
-0.0179724112353516
-0.0179140861226765
-0.0179117261783364
-0.0179616650567621
-0.0178007213539686
-0.017748863358976
-0.017679534068266
-0.0173378947263055
-0.0172258963390822
-0.0170558809119093
-0.0173814657548896
-0.0167391761438829
-0.0166859213820353
-0.0166223091934703
-0.0165507574260034
-0.0164377278934467
-0.0162604028709159
-0.016195238454492
-0.0161225212343335
-0.0159124014200436
-0.0158443740672773
-0.0158489932970089
-0.015915479975606
-0.0159569931182375
-0.0161770239707138
-0.0165971955119803
-0.0166319686086453
-0.0168666221820525
-0.0170467192735587
-0.0173898523402421
-0.0175720051159064
-0.0177817554884959
-0.0178138701544974
-0.0178681423073664
-0.0179827947485015
-0.0181213584293807
-0.0183809561341864
-0.0184973718781095
-0.0187783785010224
-0.0191981949536481
-0.0193059860978615
-0.0195377439094723
-0.0196651397556165
-0.0198350288956285
-0.0198419720723031
-0.019986227602978
-0.0199965777977803
-0.0199467521884566
-0.0200060164546302
-0.020230562831025
-0.020296835515927
-0.0203253848162979
-0.0203708649882349
-0.0204090894403156
-0.0204712080784582
-0.0204693762653834
-0.0205336106225841
-0.020573345905598
-0.0206602155490534
-0.0207530144495409
-0.0207035944771254
-0.020869146789557
-0.0210423167787249
-0.0212061801277987
-0.0212878413349823
-0.0212293400669994
-0.0212261770232165
-0.0212925593344868
-0.0210990648959954
-0.0211752125885683
-0.0213753499274157
-0.0212974883903304
-0.0210024287302759
-0.0207137734844745
-0.020744536210723
-0.0206637674091851
-0.0206616299155148
-0.0206027280813117
-0.0201976992578912
-0.0199798227672452
-0.0196786070121459
-0.0195589056801949
-0.0193414396803866
-0.0192230664475726
-0.0192688593500739
-0.0192210395542865
-0.0191013528419564
-0.0191031400264086
-0.0191751030679171
-0.0191833064818372
-0.0195570676116597
-0.019111125134134
-0.0190425261680968
-0.0191024822197706
-0.0190985446104659
-0.0190556059526384
-0.0190089190057362
-0.018896301077909
-0.0188152237558967
-0.0186310079050159
-0.0184566110447825
-0.0182866643723443
-0.0181728359181596
-0.0178293439098611
-0.0176630983925119
-0.0176111085458109
-0.0172754712812404
-0.0169985647155552
-0.0168154509062724
-0.0168170703490338
-0.0169817444719333
-0.0166316933387568
-0.0165822185456584
-0.0165812540097536
-0.0164581565915253
-0.0165817945085527
-0.0164692512535593
-0.0165610188906554
-0.0167342527920013
-0.016753018408554
-0.0168202235235782
-0.0168163354838955
-0.0168030182804886
-0.0168008159911563
-0.0169171529151841
-0.0168969259142971
-0.0170286033236324
-0.017092682996592
-0.0168098753617018
-0.0169758365829063
-0.0171657395617089
-0.0170969243254018
-0.017061405118831
-0.017002605465736
-0.0170066313422188
-0.0171429656137706
-0.017063355559317
-0.0171166422082458
-0.0171806175631177
-0.0174247584260486
-0.0174736821641838
-0.0175823925102542
-0.0177524731090191
-0.0177596037498006
-0.0178160549985022
-0.0180541005664979
-0.0181168011337408
-0.0184479509492153
-0.0190923979482446
-0.0194751339786092
-0.0198990200401016
-0.0199266035937457
-0.0200211389319979
-0.0200687466424354
-0.0201371646185692
-0.0202479032072789
-0.0203763921645309
-0.0204832080821018
-0.0203487705314943
-0.0204026438689004
-0.0202857459700881
-0.0203180495845099
-0.0203109699496914
-0.0201351788393244
-0.0201959179787936
-0.0200173032432227
-0.0198520835773601
-0.0196634799631792
-0.0195075060695277
-0.0194430566192616
-0.0198177686115299
-0.0193387289648516
-0.0194518705102405
-0.0193372069370322
-0.0193953701429881
-0.0192762589928923
-0.0193925556423858
-0.0194505703781287
-0.0193924071721728
-0.0195098880278158
-0.0196260659695146
-0.0199693428278488
-0.0202062646632492
-0.0204875743734446
-0.0204929731488748
-0.0205515394450362
-0.0208415402998958
-0.0209413930825526
-0.0209499322182729
-0.0209162459654429
-0.0208329678782339
-0.0207673998394534
-0.0205183195148955
-0.0201493527332377
-0.0198522344752016
-0.0195068869200199
-0.0193348610873513
-0.0192800197837526
-0.0192417099103748
-0.0189281272332764
-0.0187555053221008
-0.018637686188348
-0.0185463320375157
-0.0184690835260788
-0.018427780685743
-0.0183118770329291
-0.0183237456301285
-0.0182126729309472
-0.01807873974148
-0.0178924324942578
-0.0180461302361184
-0.0178083526252621
-0.0178427156958355
-0.0179238070042509
-0.017901819441077
-0.0178588735831931
-0.0178461012660302
-0.0178924863580372
-0.0179669643324949
-0.0179763648489343
-0.0178479030055373
-0.0179767908581345
-0.0178520190825508
-0.0178621474462146
-0.0176859340143868
-0.0176390937288716
-0.0175046845594428
-0.0174833905540896
-0.0173798370813679
-0.0173802485955376
-0.0171908680484829
-0.0173442571109042
-0.0170937070319572
-0.0172665515112174
-0.0172758734120998
-0.0173416434447263
-0.0173262369669732
-0.0175031129753714
-0.0176080658550966
-0.0176125981442396
-0.0177328364175436
-0.0177263651917164
-0.0179099517218676
-0.0179052907714263
-0.0180331208994898
-0.0180793545584786
-0.0183396762901572
-0.0185357825533536
-0.0188406638717024
-0.0190732357121711
-0.0192951719873547
-0.0192119944755551
-0.0191982427805623
-0.0192337363340283
-0.019182346375508
-0.0190744438539804
-0.0190591437007996
-0.0189436323327639
-0.0189479394813534
-0.0185860263435217
-0.0185958013328411
-0.0186657380540417
-0.018666345291975
-0.0186130246141672
-0.0185419353340634
-0.0184954627905822
-0.0185507423148276
-0.0184950991527947
-0.0185544536879992
-0.0186231311067124
-0.0189488430779241
-0.0188498971298411
-0.0187924679799352
-0.0187924679799352
-0.0188538073148315
-0.0188538073148315
-0.01901603081579
-0.0191351896050376
-0.0190764020397834
-0.0191307538072652
-0.0192009594314377
-0.0192180495830555
-0.0191307460164072
-0.0190737841106478
-0.0191278593833238
-0.0191391096956227
-0.0191907956590277
-0.0191907956590277
-0.0190937691884014
-0.019084640280794
-0.0194802343412982
-0.0191201253118438
-0.019100700843225
-0.0190922848714982
-0.0191064607228282
-0.0190948083467251
-0.0191016923793285
-0.0190390115358751
-0.0190910933109277
-0.019161864383215
-0.0191546799548109
-0.0192158176513275
-0.0192191387283692
-0.0192166956657944
-0.0192682508102229
-0.0193345859756197
-0.0193230348906707
-0.0193713466257643
-0.0196061010906412
-0.0197182796142297
-0.0195290868572463
-0.019806433981715
-0.019671798982399
-0.0197358462518667
-0.0196053769010493
-0.0195111716956463
-0.0193783147696875
-0.0192139398654815
-0.018799706639574
-0.0186864827231751
-0.0185162742461142
-0.0182847337644475
-0.018188769662901
-0.0181742077950676
-0.0181274586011312
-0.0180474159659707
-0.0180616883193512
-0.0180779754031837
-0.0181019577999096
-0.0182387795965618
-0.0187610509694531
-0.0184284203531836
-0.0184126291394869
-0.018633046713597
-0.0188833387343647
-0.0189885619901978
-0.0192224852291382
-0.0191575855281621
-0.019391140135352
-0.0196745689281776
-0.0199017733507553
-0.0198567692634466
-0.0198527753663683
-0.0199750115922678
-0.0200341356108091
-0.0199163454262191
-0.0198105596965359
-0.019867584593606
-0.0197433210419556
-0.0194612534592107
-0.0193299342010546
-0.0190091577685744
-0.0184407540543761
-0.0182660473185806
-0.0181542779193592
-0.0179813255976502
-0.0179768576365198
-0.0178041293419078
-0.0178650444456625
-0.0178416825145831
-0.0177330363681914
-0.0177975301641703
-0.0177788974545674
-0.0179005124046734
-0.0181375273665329
-0.0181264220557618
-0.0181725947753607
-0.0182546249593245
-0.018254388609112
-0.018373032374432
-0.0185371618484549
-0.0186038292289567
-0.018433197819606
-0.0184996103348779
-0.0184960698191175
-0.0184862011415894
-0.0186677819011147
-0.0185447080057822
-0.0183742152267994
-0.0183702561299464
-0.0183132097626591
-0.0180278246025908
-0.0178518848042204
-0.0176396647584069
-0.0174427114669727
-0.0174449054072694
-0.017275041584798
-0.0171630380149529
-0.0172166889113726
-0.0173551714003991
-0.017514455587513
-0.0174816960549209
-0.0174757211689608
-0.0177499639395237
-0.0178051726203064
-0.0179392682138664
-0.0181379704331443
-0.0184981636291879
-0.018559445520473
-0.0186789131666188
-0.0188040566695332
-0.018988173888226
-0.0190492311347169
-0.0191655545960593
-0.0192237103604587
-0.0192844230745139
-0.0192551700353278
-0.0193140795032575
-0.0192476448926306
-0.0193019104896186
-0.019492068186796
-0.0193978625089283
-0.0190834707746282
-0.0190967376182395
-0.0190230185538652
-0.0188549522478598
-0.018699511253808
-0.0185179157594073
-0.018413252400117
-0.0183278311281333
-0.0182688100960936
-0.0182779268456146
-0.018336179499023
-0.0185237761043922
-0.0186205851159234
-0.0189145146928162
-0.019088403033767
-0.0193790047436322
-0.0197277730730843
-0.0197722290329422
-0.0200248201934103
-0.0202736849181744
-0.0204197247889403
-0.020412974601561
-0.0204786801008139
-0.0207100914380612
-0.0207596377234186
-0.0208200411643613
-0.0209938875782858
-0.0210568066891024
-0.0212346304134702
-0.021306236348882
-0.021351766866228
-0.0211189171288714
-0.0210605822399411
-0.0208263232121354
-0.0208263232121354
-0.0206537521460064
-0.0206622520869345
-0.0205305042947398
-0.0202980190380328
-0.0203914987880648
-0.0200201247620977
-0.0197846544618105
-0.0196148993283379
-0.0196029437967985
-0.0196015312553324
-0.0194503574157214
-0.0193821577293097
-0.0190410261415622
-0.0189835590453504
-0.018935126365602
-0.0188708228273747
-0.0187669643958543
-0.0187648590628157
-0.0187079164386302
-0.0187108461876691
-0.0186384018608652
-0.0187082980636893
-0.0187084515759001
-0.0188152297991881
-0.0186824042462788
-0.0184353066396876
-0.0183343523890788
-0.0181435501178123
-0.0179698555814562
-0.0175722262651057
-0.0174571424309028
-0.0172796550217229
-0.017048020933435
-0.0169313843403273
-0.0168173797392223
-0.0166433045879753
-0.0166373044214159
-0.0166382590817007
-0.0166973677233841
-0.0166999977001219
-0.0167022799270237
-0.0168150961849732
-0.0168168658136197
-0.0173915624205962
-0.0170253844716932
-0.0170001605412023
-0.0171189869462019
-0.0174088108474042
-0.0175778031294435
-0.0176745535386207
-0.0177382877091357
-0.0177963914359087
-0.0179114633057026
-0.018039490717543
-0.0179881595442417
-0.0181965249015978
-0.0181627086713121
-0.0181635260354941
-0.0182714448329748
-0.0182113520404063
-0.0180923221315664
-0.0180898790689916
-0.0179364945641139
-0.0181659286246102
-0.0179555252469887
-0.0179530500144996
-0.017930772922098
-0.0179456243170324
-0.0179782900934511
-0.0180484705786754
-0.0181772045824108
-0.0181556512971984
-0.0181087761168108
-0.0182292252126251
-0.0182037086802313
-0.0183935297932965
-0.0186328230060254
-0.0188726706393282
-0.019136124341105
-0.0193654522531673
-0.0196017315980711
-0.0197697574907611
-0.0198243886178901
-0.0198973787084375
-0.0203392503925239
-0.0203102744593648
-0.020483008036388
-0.020483008036388
-0.020483008036388
-0.0204738791287805
-0.0206590119892605
-0.0206588632530565
-0.0205763954828254
-0.0207051742328674
-0.0207162637272984
-0.0207073921317536
-0.0205911696317623
-0.0206604446682498
-0.0204734420438752
-0.0205911696317623
-0.0206602960841281
-0.0206471816671161
-0.0205913539358911
-0.0205067115620518
-0.0205063904660548
-0.0205326104037961
-0.0204759983234008
-0.0204674483487196
-0.0204738608297305
-0.0205616148238897
-0.0204274538485255
-0.0204290368656488
-0.0203825650436722
-0.0203178407278515
-0.0202064133987846
-0.019977384374164
-0.0196195074877156
-0.0195124658412366
-0.0195291798654619
-0.0194624098038834
-0.0191225458329211
-0.0189409325231541
-0.0189958217610693
-0.0190647211763768
-0.018786254846333
-0.0185001539812201
-0.0184412139585872
-0.0182113300511294
-0.017927038315403
-0.0176947294397358
-0.0176902936419634
-0.01757378556083
-0.0174596316128511
-0.0174003673466775
-0.0173979945933166
-0.0173941949807521
-0.0176181396908977
-0.0180208037223268
-0.0182561534611685
-0.0183747011329482
-0.0183724189060463
-0.0184866077937702
-0.0185683506441815
-0.0183784180832217
-0.0186712038849676
-0.0186146191153242
-0.0186051023584473
-0.0186698392532179
-0.01861145941061
-0.0184410174136826
-0.018390226319196
-0.0184486286646341
-0.0182179913556122
-0.017946116389069
-0.0178742898503993
-0.0177057900071753
-0.0176567937995857
-0.0175416705905597
-0.0174639585761065
-0.0174661278161667
-0.0174781822841857
-0.0174616437909675
-0.017473939528034
-0.0174900165550104
-0.0174810922792821
-0.0176529171035192
-0.0177197715772893
-0.017785783122029
-0.0179427498896269
-0.0179917011593715
-0.0181189442418138
-0.018226376259199
-0.0184002793649537
-0.01841704303123
-0.0186372878172928
-0.0186250221582369
-0.0187561880223556
-0.0190932173325881
-0.0193324401637694
-0.0194266321928573
-0.0194826520911252
-0.0194906617487662
-0.0196117664102093
-0.0197501462436491
-0.0196898467144701
-0.0196372701431034
-0.0196326091926622
-0.0197407829884226
-0.0196292338140596
-0.0196362321356552
-0.0195742702412609
-0.0195734478514775
-0.0195163051442508
-0.019455265663775
-0.0194976296880296
-0.0195087191824607
-0.0197328122481116
-0.0198229492016136
-0.0199290193997228
-0.0199626766516702
-0.0199078952922044
-0.0201621249613169
-0.020085942522338
-0.0203943726146423
-0.0202880020280361
-0.0201801614588872
-0.0202434181530098
-0.020294156746574
-0.0203160834426777
-0.020346289047262
-0.0201769605201696
-0.0201759947170732
-0.0201139211545473
-0.0199480208082216
-0.0196572408225169
-0.0194779417542827
-0.0194260241909503
-0.0193046665022056
-0.0191265770112913
-0.0190790217706316
-0.019014628851608
-0.0189123725573002
-0.0188468714362646
-0.0189917054979229
-0.018575576792193
-0.0186340153316955
-0.0183467630414245
-0.0184026864487259
-0.0183445451425383
-0.0183446925657709
-0.0183970574211726
-0.0183970574211726
-0.0184488107196491
-0.0185697527645331
-0.0185636600902644
-0.0185674638017675
-0.0188511681588335
-0.0189707825430039
-0.0189159965974302
-0.0189707626304687
-0.0191460237824845
-0.0190846343434175
-0.0191102477551799
-0.0192649159634546
-0.0191260812030635
-0.0191041165344471
-0.0191235427932149
-0.0190401510789777
-0.0190934556942915
-0.019115008979504
-0.0191757692205952
-0.0191751716652042
-0.0192127351157841
-0.0190571703007003
-0.0189883018101927
-0.0189972026082789
-0.0190755713987594
-0.0188669307388214
-0.0188669307388214
-0.0189413706871876
-0.0188677224957013
-0.0187597893797375
-0.0188014300861088
-0.0190699180787331
-0.0187957779221296
-0.0187908901858635
-0.0186686938622946
-0.0185635648176836
-0.018605672470478
-0.0185471540093807
-0.0184381956056767
-0.0184228384334027
-0.0184347320612197
-0.0184993587379799
-0.0184804576028733
-0.018475167420728
-0.018486819796831
-0.018603481550095
-0.0186008398011413
-0.0185357220657459
-0.018611869591904
-0.01877303674927
-0.018964585372819
-0.0191262352667895
-0.0191517742078495
-0.0190118863788133
-0.0192688873922129
-0.0193606859950346
-0.0194742808763428
-0.0194742808763428
-0.0195406751444887
-0.0196712452800036
-0.0197597787217529
-0.0197116023526904
-0.0198260687780708
-0.0198222986424943
-0.0198219074861884
-0.0198790974024624
-0.0199292791991081
-0.0197117090515508
-0.0194605998625149
-0.0192970327612774
-0.0192308898607739
-0.0191773999276998
-0.0189194878799474
-0.018714654940603
-0.01867498106004
-0.0186835843164108
-0.018851419713236
-0.0186782697085312
-0.018735539141397
-0.0184395651338325
-0.0185063404631195
-0.0185001209434614
-0.0186179768920149
-0.0184660615687377
-0.0185158028138071
-0.0184564015842952
-0.0184585919741483
-0.0184726441543687
-0.0185097260065727
-0.0185730626992755
-0.0187340043688096
-0.0187916026223213
-0.0188771630140852
-0.0186908582790976
-0.0188060099612408
-0.0188037920623546
-0.0187992919374351
-0.0188037277352075
-0.0188037277352075
-0.0188586941139308
-0.0188571810681718
-0.0188557712434174
-0.0188644534162942
-0.0190347974657929
-0.019090542002806
-0.0192110925575109
-0.0192025547458613
-0.019147653823568
-0.0190822866015896
-0.019144397811622
-0.0190513924126651
-0.0194696950389848
-0.0190185183707134
-0.019100447165773
-0.0191594330799367
-0.0193367057541429
-0.0194747039489801
-0.0194795579049246
-0.0195430267477981
-0.019543249672069
-0.0195909817890528
-0.0196620913043818
-0.0197024269170693
-0.0197488932309803
-0.0199072840107308
-0.0201524014702036
-0.0202696547031019
-0.0203158037375563
-0.0203875927914696
-0.0204268210678599
-0.0202091642723474
-0.0200275102861358
-0.0201712154192015
-0.0202022217959783
-0.0200862396018547
-0.0200887775642869
-0.0199281875319619
-0.0197579960923698
-0.0196257116601243
-0.0196396629533325
-0.0193790912188463
-0.019271414694081
-0.0191698649998623
-0.0191000074143359
-0.0191045626209408
-0.0192371198783224
-0.0192439612046076
-0.0192784047035844
-0.0194637896790775
-0.0193938834274604
-0.0196315098758628
-0.0194013382914376
-0.0197067219633142
-0.0197651251791667
-0.0198760718470604
-0.0199323500150294
-0.0200441280685265
-0.0201079177075542
-0.0202784178428145
-0.020221256694104
-0.0203858603442728
-0.020278240599598
-0.0202696835463916
-0.0200386285301535
-0.0200452339824171
-0.0199958263255304
-0.0197003741609169
-0.0193460683234578
-0.0191735139016235
-0.0189408946849378
-0.0184876007483196
-0.0190592896765025
-0.0183532644407166
-0.0184033113888011
-0.0181637636482241
-0.0181089119380256
-0.0178715277422239
-0.0178191474317276
-0.0175924576812335
-0.0175162853522232
-0.0175838999979007
-0.0175897286276838
-0.017400670780696
-0.017233677023392
-0.017235942458558
-0.0171584866216885
-0.0174055906340155
-0.017286611283305
-0.0173547510763074
-0.0174007353926585
-0.0174163587763667
-0.0174684448268035
-0.0175452453624519
-0.0175430917881571
-0.0175367275484009
-0.017633225519064
-0.0176601864513508
-0.0177711295826627
-0.0178278193418329
-0.0177700890490745
-0.018051810812216
-0.0179368452888696
-0.0180444892095863
-0.0181080843803626
-0.0182846717237251
-0.0184530170670278
-0.0184640189406117
-0.0185700459447925
-0.0187434757023902
-0.0188098921309915
-0.018800971901464
-0.018732481637427
-0.0189452371077516
-0.0190389539004723
-0.0191005423402585
-0.0192773327665539
-0.0193456236729711
-0.0194606067284008
-0.0195764126086389
-0.0196153727180556
-0.0196435144468657
-0.0198942500191987
-0.0200223576165341
-0.0201774640936149
-0.0202437004788959
-0.0202568503258316
-0.0203155695422824
-0.0204625846314758
-0.0204793482977522
-0.0204913223450924
-0.0202888414900118
-0.020179210210317
-0.0203945978627443
-0.0203826690020294
-0.0203683001452211
-0.0203330281454547
-0.0202457435801429
-0.0202622683396536
-0.0202725318088023
-0.0203126910147915
-0.0202004003977956
-0.0202594607388913
-0.0202079051702972
-0.0203239532050465
-0.0201914770462715
-0.0202584742900137
-0.0204539643552694
-0.0203115754494399
-0.0204447567200053
-0.0203788762794255
-0.0206787642376572
-0.0206913522954831
-0.0206815812500556
-0.020504345819803
-0.0204997813659992
-0.0204997813659992
-0.0204949797787506
-0.0204567863452638
-0.0203156474528315
-0.0201115802416588
-0.0199676854968639
-0.0196942790696261
-0.019701608541084
-0.0195895826832213
-0.0194601111205124
-0.0191704633974044
-0.0190002752416455
-0.0188262087075861
-0.0186483452303654
-0.0183818121136862
-0.018303601484637
-0.0186728191997432
-0.0182359871059417
-0.0182341361767395
-0.0182282515087456
-0.0181690139999405
-0.0181671943526702
-0.0180914249186432
-0.0180430340531535
-0.0179428105348203
-0.0178147012405412
-0.0178776281383799
-0.0177568957393984
-0.0176489953234728
-0.0175855116016597
-0.0175941902221679
-0.0174162905860074
-0.0174227070186722
-0.017386181461857
-0.0172954734289954
-0.0171898956724577
-0.0174853525908281
-0.0170353299641855
-0.0169709371368677
-0.0169666299882781
-0.0169009548842919
-0.0169489193264384
-0.0170313154427114
-0.017027672549097
-0.0170838794805358
-0.0170838794805358
-0.017194972145506
-0.0175403264018355
-0.017882677371804
-0.0182826606474541
-0.0183455814496713
-0.0186328992533868
-0.0189203172929346
-0.0189403753588834
-0.019097420773782
-0.0191190316280513
-0.0199137992176394
-0.0196930610465735
-0.0196844460462623
-0.0197672349608561
-0.0199191056926998
-0.0199913860859048
-0.0200542942900021
-0.0200401184386721
-0.0201361676561813
-0.0202062876786545
-0.0201924983361148
-0.0200915854322748
-0.0199695471539941
-0.0199190916628418
-0.0198208142638279
-0.0197506122019085
-0.0196335562703288
-0.0197472503883947
-0.0195659920035622
-0.0198130979216457
-0.01987846655937
-0.0196585900578869
-0.0198835428746319
-0.0199371212948985
-0.0201079829831767
-0.0201695978870916
-0.0202261404240422
-0.0202121056644112
-0.0205062330855084
-0.0205114945702658
-0.0206308965283746
-0.0207338721730076
-0.0207881355072634
-0.0208448070292022
-0.0209074583679657
-0.0210226479172565
-0.0210249301441584
-0.0209128969134963
-0.0210925615668707
-0.021031993365251
-0.0214667764730333
-0.0209976951938496
-0.0209748729248309
-0.0209703084710272
-0.0207921710274567
-0.0206859746449007
-0.0206945370572879
-0.0205218048996766
-0.0203493822082564
-0.0201210132218969
-0.0199303291171223
-0.0197555857607719
-0.0196388549882059
-0.0193613603348162
-0.0192998542525468
-0.0192413185283647
-0.0192430671271741
-0.018947304075267
-0.0187136053388418
-0.0187041293149993
-0.0191347558848217
-0.0189277603951519
-0.0189846193474889
-0.0188715530123475
-0.0189835658886494
-0.0188067059900176
-0.0187294039955378
-0.0187294039955378
-0.0187439162080732
-0.0186974436645921
-0.0185801633629574
-0.0184611244828872
-0.0183525063028709
-0.018233299268462
-0.0180701671381932
-0.0179453699242225
-0.0177151954640248
-0.0175850820460083
-0.0174242056666709
-0.0173036555516689
-0.0175961945019885
-0.0172927275570359
-0.0171485544499506
-0.0171461061824834
-0.0171467082056811
-0.0170879054301901
-0.0171374517155475
-0.0172028929774603
-0.0172551387020266
-0.0175465733200855
-0.0176803129700556
-0.0181689047352519
-0.0183368388860018
-0.0186280997060855
-0.0186492293480857
-0.0189201356835236
-0.0189301844309434
-0.0190564336652609
-0.0191603680288359
-0.0192329239734383
-0.0199007172769009
-0.0195394321040749
-0.0196467704052335
-0.0196394894713168
-0.0197085347954425
-0.0196926927324787
-0.0197410613691765
-0.019702160206577
-0.019743848008887
-0.0197293826472641
-0.0196311804281264
-0.0196306865765848
-0.0195027265425521
-0.0194072987160105
-0.0193500295394267
-0.019261240548421
-0.0192762601627975
-0.0192884754756719
-0.0191547384389894
-0.019277772432723
-0.0195793993683237
-0.019172224400777
-0.0190618161533904
-0.0191906902342651
-0.0192922837158628
-0.0193497242213476
-0.0193641180309151
-0.0193420204912538
-0.0196259069582341
-0.0198181571396897
-0.0198238725153761
-0.0197705918806672
-0.0198804257845932
-0.0200563608636545
-0.0200672074363832
-0.0201065825363022
-0.0201769784082667
-0.0200449706155803
-0.0200472689250328
-0.0202123536719301
-0.020197993577774
-0.0197898215896525
-0.019705587694924
-0.0196523165090631
-0.019531337106988
-0.0194749146562589
-0.0195233183021301
-0.0193694771710155
-0.0193805666654465
-0.0194188268409325
-0.0193529039333252
-0.0192518223091291
-0.0192343364197797
-0.0192400153826465
-0.0192404142133441
-0.0192382284771755
-0.0190751587118445
-0.0187804164510135
-0.0187651807186145
-0.0190617541837462
-0.0192304279001455
-0.0190927397883106
-0.0190315236549533
-0.0190272808284491
-0.0189680875149259
-0.0189116992932976
-0.0189005192090837
-0.0188523160827056
-0.0188048451447998
-0.0188089141050416
-0.0185961213039488
-0.0185191796077937
-0.0185160982604489
-0.0185077531514274
-0.0185118537791668
-0.0183009548744655
-0.0183307406844052
-0.018272939199226
-0.0184499519575621
-0.0184428183831411
-0.018428275940635
-0.0185921151987243
-0.018626123671524
-0.0187393890529378
-0.0188558165152835
-0.0189633419884645
-0.0191966905901439
-0.01925547055323
-0.0192573991781955
-0.0193633129506591
-0.0194266953980634
-0.0196102796650031
-0.0198301706684679
-0.0201747887425644
-0.0202992056131335
-0.0203132849637809
-0.0203132849637809
-0.0204006564927862
-0.0202884782729782
-0.0203147893145003
-0.0205224730823633
-0.0201631427349703
-0.0200359687524571
-0.0200170295779205
-0.0200114809956551
-0.0200090861861871
-0.0199532134075837
-0.020082104105416
-0.0200138674693215
-0.0199484154528459
-0.0199484154528459
-0.0200784318273047
-0.0200684493651173
-0.0200213817151464
-0.0200024772634929
-0.020061555631328
-0.0201935570578812
-0.0201442238852785
-0.0200912638193955
-0.0201949451545407
-0.0200938416732105
-0.0202174088499949
-0.0200844212199794
-0.0200412577476863
-0.0199892301853325
-0.0199154826816854
-0.019928937577099
-0.0197419575851911
-0.0198690525348369
-0.0196039699541416
-0.019518964647726
-0.0195182843672799
-0.0194782976235471
-0.0194194186786578
-0.0193479121747514
-0.0191941497276387
-0.019055436262191
-0.0189971816292985
-0.0190033533418982
-0.0187658008787839
-0.0189879331567771
-0.0188010290834397
-0.0187784077742924
-0.0187279547011162
-0.0186116727368731
-0.018585801382174
-0.018538000880637
-0.0185400333274874
-0.0185555586196908
-0.0185668089319897
-0.018443481144926
-0.0184886789892587
-0.0184983644361322
-0.0184998430353897
-0.018480118897871
-0.0183705754232149
-0.0183683256460072
-0.0184218581208349
-0.0183097845800639
-0.0181079320725002
-0.0182405105383201
-0.0179904849232498
-0.0179878675659819
-0.0179127676862194
-0.0179163296784779
-0.0179222835385341
-0.0178204945210919
-0.0177392142269806
-0.0176284661695026
-0.0175215572958584
-0.0175079932650747
-0.0174063848133827
-0.0174673388069833
-0.0175039798613306
-0.01752146575068
-0.0176391723250627
-0.01752146575068
-0.0177518733117322
-0.0179089900981342
-0.0181477437418826
-0.0184228773128503
-0.0186730858578215
-0.0187352725267644
-0.0189073243861743
-0.0191391299700633
-0.019252794927585
-0.0193599033611148
-0.01936213734168
-0.0194746626915877
-0.0195896625000668
-0.019993393414757
-0.0202761586487729
-0.0205067886201199
-0.0205732228043972
-0.020701827374382
-0.0207697641434849
-0.0206942869036814
-0.0208676548768548
-0.0208112316575715
-0.0209188468516151
-0.0209613973626272
-0.0208866427074765
-0.0210684945545098
-0.0211255105577253
-0.0211003839609181
-0.0210399423484975
-0.021190394797946
-0.0213800876151586
-0.0212728205774629
-0.021252601568416
-0.0211613912897969
-0.0210926335736261
-0.0211073884581059
-0.0210507061608444
-0.0209839588861094
-0.0209453259132827
-0.0208771999218161
-0.0208858069377627
-0.0208688141443031
-0.0207662770359669
-0.0208635681074582
-0.0207835571405595
-0.0206683467268807
-0.0206458126133632
-0.0206584953185894
-0.0204188594392385
-0.0205517469364858
-0.02041875431277
-0.0203638985524379
-0.0201244036836066
-0.019963362069986
-0.0198410193454386
-0.0198076885494836
-0.019684795838759
-0.0195674779645408
-0.0195566098118546
-0.0194884470754323
-0.0194340541314208
-0.0193865216983465
-0.019344307550234
-0.0195833857374987
-0.019278822423439
-0.019270139921063
-0.019270139921063
-0.0192815510555723
-0.0190837537686025
-0.0189643147059184
-0.0187872799869522
-0.0185070114175814
-0.0185004542090754
-0.018444429978943
-0.0185186548734441
-0.0184621685487832
-0.0183551572879201
-0.0183488767586685
-0.0183267799952687
-0.0180981161527424
-0.0181024449515035
-0.018100559250835
-0.0179286357414655
-0.0182091169496222
-0.0179566186651058
-0.0178802893234317
-0.0178944320784455
-0.017892326745407
-0.0178736681864328
-0.017767347299826
-0.0178988511688711
-0.0178146031457498
-0.0176475718119892
-0.0175408590811653
-0.0176067091551599
-0.0175796060336624
-0.0177276725402242
-0.0177726693452048
-0.0176486399297458
-0.0177100983638086
-0.0177254871723748
-0.0178988884423748
-0.0178941725063882
-0.0181063448045567
-0.0183877139314766
-0.0186494731120498
-0.018761361223938
-0.0189257630067574
-0.0189846877480778
-0.0192713283553095
-0.0193280504790563
-0.0193862976351369
-0.019444742923763
-0.0195551466952635
-0.0198477770646044
-0.0202153975390985
-0.0203881296967098
-0.0203881296967098
-0.0205052423102211
-0.0205450975135663
-0.0207256110883385
-0.0209168677347723
-0.021200360455803
-0.0210455792666763
-0.0212702730382031
-0.0212429945986087
-0.0212914995907322
-0.0212463405689806
-0.0212933491173225
-0.0211925914885222
-0.0211349829783921
-0.021125230447925
-0.0210196827205518
-0.0209554634263159
-0.0209186266996083
-0.0207933513308302
-0.0208526837227563
-0.0207422132368259
-0.0207372949419993
-0.0205525536481564
-0.0205525536481564
-0.020497855575096
-0.0205632161452111
-0.0203290022528455
-0.0204559779160429
-0.0202705674071542
-0.0202660584020598
-0.020288883047102
-0.0201627707709623
-0.0201753888047078
-0.0201007744083478
-0.0201844914370366
-0.0201035518575821
-0.0199457650965175
-0.019982933315992
-0.0199881045122601
-0.0198738744969562
-0.019814519738375
-0.0199379896761204
-0.0198169443862048
-0.0197650804649334
-0.019750908572139
-0.0198732980290807
-0.0197931583279258
-0.0194873584293481
-0.0192583254717038
-0.0190861091575016
-0.0189046225902244
-0.018617303199109
-0.0185749583157905
-0.0184504500410466
-0.0184548536758891
-0.0183824530097501
-0.0183114642033129
-0.0182430302342472
-0.018191672178044
-0.0180209648718086
-0.0180192851265603
-0.017956028712671
-0.0177944046149881
-0.0177375085553464
-0.0176982610392381
-0.01761362535044
-0.0174976653980844
-0.0177065889060572
-0.0175675603829084
-0.0176812521622678
-0.0177952034567057
-0.0178079319362182
-0.017764828798056
-0.0178524030527485
-0.0178530583393851
-0.0179332625770024
-0.0180496026073466
-0.0180487872283466
-0.0180525476341994
-0.0179924406045764
-0.0179360226089134
-0.0178710340233245
-0.0179321400579011
-0.0179343579567873
-0.0178174830881893
-0.0178079276529101
-0.0181392921307673
-0.0180763755967021
-0.0183964902766133
-0.0185052564391674
-0.0187327660052185
-0.0189035830605392
-0.0190738680298379
-0.0190734218153857
-0.0191909106842795
-0.0194236768323807
-0.0194821919526878
-0.0196570756270607
-0.0198844212653694
-0.0199539998364877
-0.020112669552707
-0.0204086949804807
-0.0206518567153993
-0.0206480748065715
-0.0208842358228898
-0.0213163078219432
-0.0212738252782359
-0.0214889156554692
-0.0215200853468159
-0.0214992322867158
-0.0214624036907225
-0.0213931748941008
-0.0213978913445516
-0.0212395448754423
-0.0210410091575508
-0.0211669389462718
-0.0210547851651602
-0.0209507271250812
-0.0208404557459694
-0.0207071828349088
-0.0207205846876713
-0.0207819671170078
-0.0205851548133867
-0.0204913594798848
-0.02037855435418
-0.0203098291449118
-0.0201924578024179
-0.0205061223057756
-0.0202123842710575
-0.0203645645538467
-0.0203829770670397
-0.0203234624731161
-0.0202747166496731
-0.020258462424419
-0.0202712894063084
-0.0200973946815081
-0.0202150579378214
-0.0203772230146165
-0.0205013794060735
-0.0204420652984836
-0.0204257703530995
-0.0204844119645087
-0.0202496736541444
-0.0201981890710075
-0.020317668897662
-0.0203239930295978
-0.0202445718417522
-0.0200637154118006
-0.0197576255342289
-0.019642344218355
-0.0193507148309429
-0.0191564692895421
-0.0190494532399601
-0.0187505901546113
-0.0188182341125158
-0.0187144987988581
-0.0187100630010857
-0.0186970450703234
-0.0185946481192997
-0.0185421108835629
-0.0185404646974202
-0.0184221702994527
-0.0184900730834196
-0.0182936654197993
-0.0183607939302957
-0.0182559918515403
-0.0183300352068206
-0.0181890922744894
-0.0183070030965924
-0.0183823071416126
-0.0184214553731884
-0.0182431802430234
-0.0182040480601774
-0.0182581699505419
-0.0181645596088979
-0.0180881123832617
-0.0180876836724629
-0.0181361450387051
-0.0180775921614236
-0.018074902735553
-0.018074902735553
-0.0182464603355182
-0.0182473524670057
-0.0183576377991594
-0.0185303810998359
-0.0184398297965927
-0.0187011361434958
-0.0189046705954293
-0.0189428096491776
-0.0191735975849794
-0.0191897983305535
-0.0191090574256346
-0.0192359285486449
-0.019251679494567
-0.0194110092178375
-0.0196532136187744
-0.0198192762606899
-0.0198899077062524
-0.0201253440490846
-0.0201844404516355
-0.0201851965970774
-0.0203597232187492
-0.0203588940468567
-0.020292945310662
-0.020228567849356
-0.0206871205081835
-0.0207758521348327
-0.0203408071452013
-0.0203351948870364
-0.0203698211215615
-0.0203312518127274
-0.0202090063862753
-0.0202694184968595
-0.0202817142339261
-0.0202204720563533
-0.0202758875609059
-0.0202274342988309
-0.0202823350924997
-0.0203826977023688
-0.0203381184227691
-0.0203483047402565
-0.020205161212331
-0.0202715085045003
-0.0201116434344866
-0.0200970779643578
-0.0201069421060089
-0.0201920016778867
-0.0202535582291308
-0.0202368335242188
-0.0201590866806071
-0.0200691422458913
-0.020055150345059
-0.0199938349125509
-0.0198687332072376
-0.019723233731268
-0.0198194181158359
-0.0198335222493973
-0.019887643187124
-0.0197113139401728
-0.0197086475455439
-0.0196510044196102
-0.0195405025538856
-0.019247554841581
-0.0193032332782012
-0.0190152367717481
-0.0189796213330383
-0.0192803436070841
-0.0191032069367424
-0.0189020889956662
-0.0189017043399583
-0.0189071044898618
-0.0188528472621229
-0.0187924438211802
-0.0187708154288255
-0.0187084613828285
-0.0187202643581394
-0.0187246358304767
-0.0187116178997144
-0.0186547757089387
-0.0187200955075834
-0.0187136830265725
-0.0187837688110129
-0.0188331936512279
-0.018841068214444
-0.0188486363825646
-0.0190159056057886
-0.0189359100925774
-0.0185725099032106
-0.0185012949104509
-0.0184998591942544
-0.0185057307073776
-0.0185770737178145
-0.0184000287852917
-0.0183276679423614
-0.0183453062101471
-0.0182757365272715
-0.0183195181873511
-0.0182282521359095
-0.0182260342370233
-0.0182229735746877
-0.0183355201804739
-0.0184382848876957
-0.0187927573192122
-0.0190054022347107
-0.0190781174431881
-0.0193680749654671
-0.0194712965159741
-0.0196290858578289
-0.0196588709802132
-0.0197764262570663
-0.0197800023472367
-0.0199487728968466
-0.0204617827314553
-0.0205950722575459
-0.0207304889330997
-0.0210826468796438
-0.0211711807839108
-0.0212773929058346
-0.0212164315278817
-0.021521340048398
-0.0214096443967097
-0.0213514188418879
-0.0212936414994141
-0.0211111262920444
-0.0208907563833218
-0.0207081061081067
-0.0206879727131422
-0.0202717515965108
-0.0200687240564958
-0.0200053847911916
-0.0199438662901676
-0.0198428507274193
-0.0197148305901553
-0.0196505352866983
-0.0197148305901553
-0.0195932805374168
-0.0195349003289408
-0.0194226502876176
-0.0194950503335636
-0.0194415718327475
-0.0195557998670677
-0.0194175584114679
-0.0195558060093321
-0.0194458132043131
-0.0194206345377806
-0.0195503922051801
-0.0197957772121395
-0.019321368442828
-0.0192732524946956
-0.0193457063274047
-0.0193267640581848
-0.0193725255256446
-0.0193273197372799
-0.0193434995904281
-0.0193459562181246
-0.0192851042896089
-0.0190362179621427
-0.0189744845229126
-0.0190387637192803
-0.0190001879801456
-0.0189152808748605
-0.0188054968465578
-0.0186357423186394
-0.018628847390282
-0.018628847390282
-0.0187080627166807
-0.0186705574997247
-0.0185800210921626
-0.0184736007562716
-0.0185141662472714
-0.018498978661382
-0.0185553389161304
-0.0186470252803256
-0.0186166501085469
-0.0186274983841822
-0.0187384702744441
-0.0187406399295711
-0.0188042989094544
-0.0188187108053023
-0.0190463216977197
-0.018986116382907
-0.0190513073245176
-0.0191116080928721
-0.0189669120758121
-0.0189732280749278
-0.019090621986768
-0.0191947185715333
-0.0188788030334588
-0.0189903737680293
-0.0188675742833075
-0.0188853174743971
-0.0188266967038857
-0.0188199947621901
-0.0188244627233205
-0.0188288985210929
-0.0188444350225636
-0.0189285338166045
-0.0189359280062931
-0.0190485888583464
-0.0189289771796169
-0.0189289771796169
-0.0191143858465439
-0.0191652327744808
-0.0193376879820783
-0.0195076122201026
-0.0194505732536578
-0.0197285953288706
-0.0195989162054802
-0.0197374798146175
-0.0199116614899919
-0.0199776366210048
-0.0204412533468001
-0.0204815130175769
-0.0206558647988482
-0.0208342252671369
-0.0208808807466472
-0.0210667508289107
-0.0211814199224897
-0.021365121899969
-0.021486149420064
-0.0215445024827747
-0.0215401810881011
-0.0214731852360431
-0.0213435149266008
-0.0212070242115902
-0.0210637130910115
-0.0209135815648646
-0.0207566296331494
-0.0205928572958661
-0.0204658325693177
-0.0202374818191775
-0.0200683939614423
-0.0199514783513341
-0.0198976105720478
-0.0198181132952584
-0.0197808596944575
-0.0196105901777873
-0.0195987769683458
-0.0196700977041223
-0.0195982790968297
-0.019554442375492
-0.0195327615758316
-0.0194183671693187
-0.0193065064229793
-0.0192503689085239
-0.0194749061120772
-0.0195267182019489
-0.0190587918150494
-0.0188581658842903
-0.0188620450977452
-0.018762712708977
-0.0188664241510303
-0.0188698662608929
-0.0188768211563001
-0.0187600156941136
-0.0187582028823618
-0.0186943720154332
-0.0187455511198528
-0.018750212070294
-0.0187925569536125
-0.0186876205839936
-0.0187324690051908
-0.0187966478369643
-0.0186827943350447
-0.0187404617486397
-0.0186866515725539
-0.0189359513654153
-0.0185602939350871
-0.0185580921176659
-0.0185235489827811
-0.0184995058849257
-0.0185096681191774
-0.0185044223523726
-0.018454087385097
-0.0184497159127597
-0.0184628303297717
-0.0184672339646142
-0.0183617984337592
-0.0182893479287438
-0.0182893479287438
-0.0182299535141946
-0.018292765897897
-0.0182884265876429
-0.0182884265876429
-0.0182322127050625
-0.0181952415543647
-0.0181016717679854
-0.0183058211444523
-0.0183453126660683
-0.0183583305968306
-0.0184176037861479
-0.0185295097430599
-0.01853327837916
-0.0186467250168749
-0.0187075001124344
-0.0189161147271523
-0.0189806799665453
-0.0189349685573274
-0.0190670144604286
-0.0191059282851668
-0.0192070467813963
-0.0192753926441283
-0.019384195005827
-0.0194408220712992
-0.0194430238887204
-0.0194431727306861
-0.0200103843676712
-0.0196526409357907
-0.0196792936633105
-0.019855832292564
-0.019855832292564
-0.0200299172957761
-0.019964477008765
-0.0200514362811132
-0.0202155782012286
-0.0205103711847997
-0.0205659339081516
-0.0204789859817896
-0.0203864691552579
-0.0203863582540171
-0.0205732649485796
-0.0205558829911018
-0.0206145586331683
-0.0207353700123343
-0.0206724068871976
-0.0206624316136639
-0.0208787889061569
-0.0208136094890284
-0.0206685908204228
-0.0206645380659384
-0.0205563112641143
-0.0206019563039165
-0.0206609881811302
-0.0207335567789795
-0.0206079793361117
-0.020563984646526
-0.0204249897926169
-0.0204447780732307
-0.0204333213138359
-0.0201576709172415
-0.0200172674084759
-0.020045987129568
-0.0199919805818027
-0.0199330673954362
-0.0195762738534682
-0.0196497046724048
-0.0194903099434407
-0.0190662927962582
-0.0191730349835711
-0.0190011116938994
-0.0190574952006601
-0.0190151429590626
-0.0191802432461606
-0.0191325501304614
-0.0191197325167481
-0.0189956256116005
-0.0189419994234675
-0.0191234861082765
-0.019065113762759
-0.0188836779485936
-0.0188868255656909
-0.0188709625536905
-0.0188903614823563
-0.0188166250865142
-0.0190003962246306
-0.0188923931290643
-0.0189764022689157
-0.0188994135744214
-0.0188973704256989
-0.0188393112285415
-0.0188941604548616
-0.0188428588600513
-0.0188275587068706
-0.0188210497414894
-0.0187385664761565
-0.0187281412335189
-0.0187918823839666
-0.0187282234040834
-0.0185874199415927
-0.0185437759491143
-0.0184930191054176
-0.0184080653666802
-0.0184080653666802
-0.018296972801748
-0.0183011834678251
-0.0181295207041924
-0.0182844335954281
-0.0182621761402973
-0.0183189446496698
-0.0183150103245662
-0.0183257781960401
-0.0182645809778699
-0.0183235602971539
-0.0184937151040971
-0.0184954508281988
-0.0186667944550236
-0.0187212353537417
-0.0187414328056536
-0.0188299582689125
-0.0189477896097542
-0.0190615685208137
-0.0192867424940019
-0.0192867424940019
-0.0192955497636868
-0.0194080890434898
-0.0196926239521499
-0.0199625620180483
-0.0197779098085124
-0.0198593870884311
-0.0199787119205334
-0.0200515855275935
-0.020289983450155
-0.020433055908432
-0.020401887835339
-0.0205765660608788
-0.0205280764999109
-0.0205063039925216
-0.0206357680731206
-0.0203490762635087
-0.0202831406377048
-0.0202872967802694
-0.0201707647399479
-0.0202094823673205
-0.0201619302161097
-0.0201767816110441
-0.0202302826920347
-0.0201989358399251
-0.0200015884696815
-0.0199322909198589
-0.0199203168725186
-0.0198069631864037
-0.0197674022641005
-0.0197471300263566
-0.0197040977714778
-0.0196302232301487
-0.0198203584521475
-0.019692420608171
-0.0196997015420877
-0.0197101718102657
-0.0197101718102658
-0.0197150579354155
-0.0196395804918088
-0.0196900658677182
-0.0196998192571561
-0.0197021743965648
-0.019715028520108
-0.0198019971961852
-0.0195497368078691
-0.0195591347162929
-0.0194808832802482
-0.0194920590577657
-0.0194428479873003
-0.019446041066591
-0.0194228164506762
-0.0195005901454316
-0.019477682233043
-0.0195365653121389
-0.0194957596505525
-0.0194810317000306
-0.0193777719927534
-0.0194798475801472
-0.0194123400900533
-0.0193033741124881
-0.0193055920113743
-0.0191933165278917
-0.0193155442278078
-0.0192290839211505
-0.0190421794626157
-0.0191894916923205
-0.019070824428605
-0.0192030159737499
-0.0191456825709229
-0.0192317428050882
-0.0193782688852065
-0.0194275385958493
-0.0193548897857741
-0.0194633686186956
-0.0196161936739694
-0.0195963811681153
-0.0195942275938206
-0.0196525325520742
-0.0195362202616938
-0.0196646490355382
-0.0195399259397339
-0.0196015225623519
-0.0197832391232454
-0.0198084531963159
-0.0195148541211987
-0.0193760439983992
-0.019433241111089
-0.0193231528030635
-0.0193719016374525
-0.0192644731871762
-0.0192777150815662
-0.0192030042165748
-0.0190867040174971
-0.0190854302283797
-0.0191999976326538
-0.0191427933217369
-0.0192000048326929
-0.0192339539336063
-0.0192581331458964
-0.0193088756085159
-0.0193066898723472
-0.0193107789618437
-0.0194214205298782
-0.0197632187042382
-0.0196125605808029
-0.0196080926196725
-0.0197189438879938
-0.0199504291674507
-0.0200788817902257
-0.0202785424693517
-0.0206311972842673
-0.0207016024649807
-0.0208611408887757
-0.0210951103746242
-0.0211799998436942
-0.0213881018159577
-0.0211776603568135
-0.0211872709538316
-0.0208973519528604
-0.0207772992851539
-0.0204146059012128
-0.0202358635719002
-0.0204314078293308
-0.0203048687879531
-0.0199628123686174
-0.0198897861135869
-0.0198963009471199
-0.0198332239809039
-0.0197147089079148
-0.0195550040348815
-0.0195525770569093
-0.0193870156525031
-0.0193120133800712
-0.0193233060286266
-0.0192412562019717
-0.0191972730509535
-0.0192020297523624
-0.0191586363120954
-0.0192225328147305
-0.0193258645803072
-0.0190347816500038
-0.0190935160413393
-0.0192861786421345
-0.0192440422521587
-0.0190019004563556
-0.0193395748686431
-0.0193890976132182
-0.0193868924807891
-0.019327982276934
-0.0193440549009593
-0.0192876596832738
-0.0192712337741851
-0.0193906716440142
-0.0194471735390356
-0.0192132856030294
-0.0191026212689609
-0.018996411441443
-0.0190417300192838
-0.0191114727958878
-0.0189838520044802
-0.0188650343113122
-0.0188101411259428
-0.0187004861626362
-0.0188462702763989
-0.0187447950319339
-0.0188053049591065
-0.0187972428506165
-0.0187414064455361
-0.0188055333347332
-0.0187031384667976
-0.0187434245645754
-0.0188784093922713
-0.0188868471264955
-0.0189865537436359
-0.0189895301666743
-0.0190766162388962
-0.0193705289116666
-0.0194840019139974
-0.0196185166532422
-0.0196855135972505
-0.019554785072299
-0.019617167685781
-0.019843340426618
-0.0199639598655879
-0.0195490903344849
-0.0195574473465975
-0.0193847843452963
-0.0194545895731504
-0.0193916445157378
-0.0193772448604638
-0.0193865771833968
-0.0193395682967429
-0.0192165059557951
-0.019106801626689
-0.0190474304858132
-0.0189914795435993
-0.0189855693392345
-0.0190473393265308
-0.0189900051370068
-0.019049412952167
-0.0190495572617739
-0.0192183684020082
-0.0194695391363353
-0.0194198674675168
-0.0195053158269027
-0.0195274948157646
-0.0195578192089885
-0.0196173460393338
-0.0196730172711844
-0.0197364211378011
-0.0198507168369264
-0.0199708659192976
-0.0200096020341903
-0.0200232953956015
-0.0201923288670315
-0.0203086864823658
-0.0203093858546808
-0.0204822858388455
-0.0204901044510133
-0.0205666098333769
-0.0204316072271448
-0.0203363049587829
-0.0206741024169512
-0.0204109699227029
-0.0200562960829332
-0.0199544177974924
-0.0199592717534368
-0.0199616665629049
-0.0199568447756973
-0.0197304058504312
-0.019683160316067
-0.0196043522815732
-0.0194936508169804
-0.0193911364015359
-0.0194034321386024
-0.0193770892344539
-0.0193794840439219
-0.019488922459306
-0.0193981395070966
-0.0193863524331663
-0.0194598568917116
-0.019377666161719
-0.0193441366335556
-0.01946570120197
-0.0191059939300863
-0.0190617053886723
-0.0191128293317648
-0.0190677219281408
-0.0192936780408198
-0.019312347229542
-0.0193563349959444
-0.0193758050724512
-0.0193452265038111
-0.0195375118004023
-0.0195214524750977
-0.0195307100439972
-0.0194629875300843
-0.0195818471448829
-0.0195777880792023
-0.0196885187781298
-0.0196864732668028
-0.0197512385834086
-0.0197652164384004
-0.0199303694533566
-0.0196807693356389
-0.0197919975565824
-0.0197963690289197
-0.0198051119735944
-0.0198029262374257
-0.0199083840439094
-0.0201951030990722
-0.020203910368757
-0.0202075474500841
-0.0201561182455217
-0.0200890570424312
-0.0200890570424312
-0.020097928637976
-0.0201001465368621
-0.0199815567911108
-0.0201047086264751
-0.0199829847879767
-0.0200763580923923
-0.0200814724447935
-0.0201205437054855
-0.0199253419460416
-0.0199253419460416
-0.0198714181775034
-0.019870687298829
-0.0196236555001791
-0.0197530113827611
-0.0196273965248361
-0.0195818727868431
-0.0195851755129749
-0.0195269054268297
-0.0194660378089149
-0.0194703449575045
-0.0194676768136297
-0.0194720161238838
-0.0193550638225084
-0.0192572493367924
-0.0193543164152544
-0.0192927440244548
-0.0195576910247911
-0.0194325541419585
-0.0193478870204509
-0.0194065661017035
-0.0194061674148053
-0.019354344306554
-0.019402340367031
-0.0193414508150039
-0.0194539900948069
-0.0193977901127909
-0.0193977901127909
-0.0195124762596155
-0.0196302190952662
-0.0196242189287068
-0.0198083006200827
-0.0198283586860315
-0.0198642795375931
-0.0199460661491514
-0.0200027123940014
-0.0201620894782259
-0.0204646233411761
-0.0206600170306379
-0.0201283071885371
-0.0201629379045524
-0.0201084665372597
-0.0200687536939333
-0.0199339321402081
-0.0199992351537733
-0.0199411091365681
-0.0198015511480645
-0.0198185399938701
-0.019699323237561
-0.0196264433368258
-0.0195221103576792
-0.0194822654846853
-0.0194108750797159
-0.0192976913330636
-0.0191724525629022
-0.0191887396467347
-0.0190071563660068
-0.0191020791393498
-0.019092041526099
-0.018787018878042
-0.0187132666169745
-0.0186093727926688
-0.0186642758870703
-0.0186219724250733
-0.0185512926186694
-0.0185608718565415
-0.0186035274348197
-0.0186738101488511
-0.0187373606766649
-0.0187397715702687
-0.0187235640675257
-0.0186062954577688
-0.0187366261874448
-0.0187202002783561
-0.0187975627408746
-0.0187787902733447
-0.0189136748664541
-0.0189693813015224
-0.0191561040700926
-0.0195520389073499
-0.0195509241944527
-0.0196468642763432
-0.0197583123011307
-0.0196988600303372
-0.0197620391634522
-0.019701495074468
-0.0198738883360595
-0.0199377310181555
-0.0198807345606335
-0.0198248180328262
-0.0199990556652224
-0.0199986251210348
-0.0200369408701537
-0.0199845303282969
-0.0200494858242823
-0.020053311044343
-0.0200249641397565
-0.0201187651315573
-0.0200716364162253
-0.0201644211910049
-0.0201126654441604
-0.0202257104426962
-0.0204078620986179
-0.0205188553047029
-0.0205276625743877
-0.0205210571221241
-0.0203496319986332
-0.0204642872268702
-0.0204547606253714
-0.0204025493115421
-0.0204671286612972
-0.0204550378957488
-0.0204561410921787
-0.0202252362915014
-0.0202124113294796
-0.020104912008289
-0.0200081415214361
-0.0198983806627613
-0.0198778482412986
-0.0197758601613112
-0.0197046544659282
-0.0196069679083771
-0.0196619494822806
-0.0196634675583465
-0.0196017670873515
-0.0195396925194048
-0.0195374746205186
-0.0195393894610031
-0.0193614025495622
-0.0194221776451216
-0.0194764558389486
-0.0195398714663409
-0.019475423512728
-0.0194776414116142
-0.0196476069894052
-0.0197047518169321
-0.0197047518169321
-0.0201430337001146
-0.0202355828119657
-0.019966966340199
-0.0200840843955865
-0.0200840843955865
-0.0201111440724422
-0.0201245551719512
-0.0202475903369381
-0.0203637759079629
-0.0203144980523658
-0.0203218272400905
-0.0203030678992575
-0.0202483983498405
-0.0201528754734058
-0.0200009541050214
-0.0199889800576812
-0.019939901897331
-0.0198315217270046
-0.0196470146245868
-0.0194682240023862
-0.0196677398364806
-0.0194977592068413
-0.0191831489030017
-0.0190530292974822
-0.018953746058863
-0.0189006268313697
-0.0188481516081146
-0.0186103488983346
-0.0186683303701303
-0.0187299113594768
-0.0186262063995483
-0.0185685167555987
-0.0184959174583262
-0.0184437270908591
-0.0184580981745207
-0.0184986348738156
-0.0185637303832076
-0.0185684878343345
-0.0186397814833947
-0.0186898836063124
-0.0186556932759997
-0.018653201958196
-0.0186922833087061
-0.0187706934078458
-0.0187401881481098
-0.0187514389849275
-0.0186808577392587
-0.0187606310953809
-0.0186830888501266
-0.0188050085930354
-0.0189255892743797
-0.0190194974758917
-0.0189632699861944
-0.0190892086851616
-0.0190818396336596
-0.0190763067104334
-0.0193833473696066
-0.019489135121653
-0.0196023532619908
-0.0200138157799258
-0.0200088665322033
-0.020118232973779
-0.0202787149917546
-0.0202862653107594
-0.0203380742542479
-0.0203952713669377
-0.0204128859063073
-0.0206318585570814
-0.0206567505822405
-0.020589805624829
-0.0207596495785269
-0.0207731499532856
-0.0207711641927832
-0.0208341643762028
-0.0208187516542543
-0.0208321555376456
-0.0208210660432146
-0.0207755355258686
-0.0208299376387594
-0.0208299376387594
-0.0207969178127925
-0.0207366369480955
-0.0207717422235733
-0.0207623187089399
-0.0207766375168505
-0.0207158451271804
-0.020710278142316
-0.0206025069241825
-0.020420904190936
-0.0201334493192038
-0.0201334493192038
-0.0200672260183693
-0.0199461678004925
-0.0199044869269211
-0.0198393807054454
-0.0198352021993891
-0.0198428971766022
-0.019834882948761
-0.0198413436716453
-0.0197822887860347
-0.0197317926515852
-0.0198219208627243
-0.0197286133912493
-0.0198429949836512
-0.0197222696057037
-0.0197201481924516
-0.0196736984973445
-0.0196629306258706
-0.019740363409533
-0.0198397549230335
-0.0199605658341775
-0.0199628158966373
-0.0199605658341775
-0.0198950742268557
-0.019958430323892
-0.0199219106633602
-0.0199533979819997
-0.0200666910223408
-0.0201534496432028
-0.0201329096010861
-0.0205606342364702
-0.0205001986433332
-0.0200952489248068
-0.0200386923172983
-0.0200409144376147
-0.0199818902258831
-0.0198627194330316
-0.019759272385681
-0.019737240138575
-0.0196046859000229
-0.019499092294847
-0.0193084288943429
-0.0191545563670406
-0.0189186472381094
-0.0187583593677833
-0.0186155307293547
-0.0183948851022795
-0.0182275689067588
-0.018224441847823
-0.0180650575291904
-0.0180839506854082
-0.0179568045157072
-0.018111233920464
-0.0180669277891024
-0.0181085392307856
-0.0180617162531787
-0.0182840314424936
-0.0183563706416747
-0.0183691749827891
-0.0183548061259809
-0.018407075617482
-0.0184729953510361
-0.0183597819515323
-0.0186336507640539
-0.0185936980607493
-0.0187105378297691
-0.0185955932981855
-0.0186524043786187
-0.0187645875535057
-0.0187505082028583
-0.0187725733524157
-0.0187858342745719
-0.0188255926538114
-0.0189363285337113
-0.019108536346385
-0.0193004470107633
-0.0192779815115612
-0.0192773119214228
-0.0192842550980973
-0.0194368403338728
-0.0195206109958419
-0.0195098855517304
-0.0196930098230339
-0.019781818426503
-0.0200235787096356
-0.0202430032272216
-0.0203625102587933
-0.0204206515649809
-0.0206500643915482
-0.0208202814015181
-0.0207749153094781
-0.0208460242525589
-0.0208306687745815
-0.0208952116019769
-0.0210198897803051
-0.0211722514393528
-0.0212291688312932
-0.021237976100978
-0.0212080511895937
-0.0212319173959912
-0.021342336401213
-0.0213530238695646
-0.021407650716427
-0.0214119257037677
-0.0214182899435239
-0.0213740363453459
-0.0214254469187289
-0.0215279411739431
-0.0213447736911458
-0.0212277667889688
-0.0213102648721426
-0.021197754652191
-0.0210210432821833
-0.0208300755246543
-0.0207122863287824
-0.0204330957751662
-0.0201928102179657
-0.0200277600499932
-0.0199019585904885
-0.0198604300164722
-0.019854065776716
-0.0198417232150526
-0.0198558890112655
-0.0197954044804127
-0.0196742101577938
-0.019852482362529
-0.0197869170997791
-0.0197912242483686
-0.0198475496816224
-0.0198541690647169
-0.0201212611551766
-0.0200574377925291
-0.0199107157465813
-0.0199196516688421
-0.0199151837077117
-0.0199151837077117
-0.0199180916296536
-0.0199944404656971
-0.0199716181966785
-0.0199838553773645
-0.0199215972374586
-0.0199147505567531
-0.0199254760008646
-0.0199183542580729
-0.0199289618401612
-0.0198600571021767
-0.019800917698775
-0.0197399219930276
-0.019745165562274
-0.0195211930314608
-0.0193674111817638
-0.0191761894220488
-0.019181926535553
-0.0187560481967939
-0.018413121233055
-0.0183592995469329
-0.0182091392949627
-0.0181918556392328
-0.018081001116592
-0.0180585661547559
-0.0180127290533617
-0.0179704255913646
-0.017889979692489
-0.0178995589303612
-0.017901075887966
-0.0178344800856937
-0.0179142984660014
-0.0179077852377173
-0.0180105645406038
-0.0179662759991898
-0.0178629139349723
-0.0180526005555116
-0.0179664931157196
-0.0182033016264306
-0.0181393512679352
-0.0182571057557341
-0.0182597694028115
-0.0183609400916383
-0.0183632866500796
-0.0182628291279122
-0.0184406874788915
-0.0184731411274451
-0.018483548309321
-0.0185425571960593
-0.0185913241711572
-0.0185954306484293
-0.0185919349355984
-0.0186081579674348
-0.0187143709449742
-0.0188316276180681
-0.0189579814050927
-0.0190792585899308
-0.0193522344352764
-0.0195137586808346
-0.0198098458521247
-0.0199162198695617
-0.02005155667359
-0.0200877274304545
-0.0203915931959991
-0.0205652382768373
-0.0207412651574118
-0.02073898293051
-0.0210791236711635
-0.0210240355729802
-0.0211392189351878
-0.0212530036453071
-0.0211984196053377
-0.0211984196053377
-0.0213141354384389
-0.0213705866871405
-0.0218402143239918
-0.021893469378265
-0.0217658014582546
-0.0217680515207144
-0.0218867024678208
-0.0219409175770967
-0.0219403070352512
-0.0219253445795591
-0.0220022171235394
-0.0219428149470437
-0.0218912831016458
-0.0217502141651739
-0.0216913199627192
-0.0215736525869247
-0.0215194287838809
-0.0213474945756781
-0.021227577451037
-0.0211185669222763
-0.0210045348140391
-0.0208963976345851
-0.0204599500050887
-0.0204577642689201
-0.020393605753787
-0.0202188161421175
-0.0201011346201148
-0.0199867505787173
-0.019869068710435
-0.0198712383655621
-0.0198121681310533
-0.0198121681310533
-0.0196972466011373
-0.0195770848378524
-0.0195788334267873
-0.0196877984250989
-0.0196877984250989
-0.0196310770558984
-0.0196310770558984
-0.0196310770558984
-0.0196895771143984
-0.0196895771143984
-0.0199083639072415
-0.0198357514116514
-0.0198634367088188
-0.0197534258130338
-0.0198119565111776
-0.0196353492811733
-0.0195770817072824
-0.0195788946229396
-0.0194044782971562
-0.0193687315190474
-0.0192505473578775
-0.0191958401819833
-0.0192549565604186
-0.0190631308550047
-0.0189492805800135
-0.0187251420646692
-0.0185526481518247
-0.0183855958647132
-0.0179866846495355
-0.0177112126535359
-0.0179396794089639
-0.0176066239436093
-0.0175773071927109
-0.0175180460634892
-0.0174505183025919
-0.0174380210993304
-0.0175137762994463
-0.0174287470379704
-0.0174311418474385
-0.0174208756542581
-0.0175488645646812
-0.017731232191265
-0.0179639240284632
-0.0180344912945353
-0.0181072143210888
-0.0181820931081238
-0.0182591276556403
-0.0183383179636381
-0.0184196640321175
-0.018452653519895
-0.0184190097805725
-0.0183528810605933
-0.018397046104504
-0.0184539940729411
-0.0184558439366407
-0.0185235158436362
-0.0185259106531042
-0.0186408541980372
-0.0186854048945068
-0.0187603564634214
-0.0187439305543328
-0.0189220829473275
-0.0189935375573033
-0.0191733221394883
-0.0194511834756022
-0.019566025039463
-0.0196133662330608
-0.0196782486939438
-0.0199816152738795
-0.0201840830470953
-0.0207452920630604
-0.0210708366828123
-0.0210599611317828
-0.0211212851767043
-0.0212923237221899
-0.0216432153544449
-0.0217627404043555
-0.0220477392247923
-0.0224416953884995
-0.0226748171050848
-0.0229593239888689
-0.0229641942132863
-0.0231767017195666
-0.0231226278740867
-0.0231292333263503
-0.0231155940224834
-0.0231177797586521
-0.0231177797586521
-0.0231156261843573
-0.0231826954011024
-0.0230553052160732
-0.0230305545290157
-0.0231961691996046
-0.0231462532298952
-0.0229606381446044
-0.0227438069911562
-0.0227368601367277
-0.0226206977118868
-0.0225686748325955
-0.0223397972602606
-0.0221054276620318
-0.0219389453435808
-0.0218757685220371
-0.0218234482525533
-0.021568974007923
-0.0214052242855351
-0.0211841560907234
-0.0209429319469907
-0.020893835449137
-0.0205519962102626
-0.0201186311197439
-0.0199786832667757
-0.0198633364649732
-0.0197435912119355
-0.0196297685438362
-0.0194020812951704
-0.0192249703459123
-0.0192282248286028
-0.0191108149672945
-0.0189350903030351
-0.0187035954137576
-0.0185302051942257
-0.0184789646019465
-0.0182353363971579
-0.0180662996662812
-0.0178912378888701
-0.0178391985808743
-0.0176648067728435
-0.0176660043791451
-0.0176658556429411
-0.0180511741701666
-0.0180255535636382
-0.017750144848161
-0.0177378871977478
-0.0176915265177745
-0.0177450286779904
-0.017637352153225
-0.0176324080553837
-0.0176975440311349
-0.0176364025310811
-0.0175753414720043
-0.0176364292956786
-0.0176845129712161
-0.0176294384823198
-0.0174624731803026
-0.0174528296058874
-0.0174050487044933
-0.0174122813853047
-0.0173487930789307
-0.0173367386109117
-0.01735718390277
-0.0173546282412878
-0.0173264699140878
-0.0172649465335647
-0.0172552386216758
-0.0172134790893278
-0.0172554456948866
-0.0172158071456838
-0.0172092079602172
-0.0172625369264423
-0.0173168256753413
-0.0172601421169742
-0.0174229430415187
-0.0174413601208248
-0.0173713279162567
-0.0175046902032966
-0.0177341815697865
-0.0179042306317475
-0.0181352758545114
-0.0183208175094422
-0.0182756411276678
-0.0183883250034118
-0.0186036738276469
-0.0187539739581697
-0.018765263704766
-0.0187864369137482
-0.0187815829578038
-0.019011456202385
-0.0193032533367641
-0.0194258836007602
-0.0196533947622455
-0.0197736955774036
-0.0199385504200331
-0.0201627617003568
-0.0203441338781237
-0.0205707968730062
-0.0208007190446172
-0.0208426457874328
-0.0209649141732577
-0.0210704056974854
-0.0213977081417652
-0.0214987954467652
-0.0219364324030279
-0.0221059497164502
-0.0222884261841454
-0.0226173272985207
-0.0227941493790076
-0.023015560819626
-0.0231961626684676
-0.0232482850883428
-0.0234231264243446
-0.0234955552536718
-0.0235983575610971
-0.0236164867176689
-0.023672944978077
-0.0237295438393079
-0.0238458386624483
-0.0238426234196252
-0.0239579337190564
-0.0238994982678677
-0.0242276149356289
-0.024076781969684
-0.023853140105228
-0.0236794602383911
-0.0237407714100991
-0.0236707648173055
-0.0236686112430108
-0.0236223162408189
-0.0234963455791855
-0.0235096529725027
-0.0234013675014548
-0.0233200565909727
-0.0230363518676707
-0.0229330109878468
-0.0226762756928132
-0.0222770222715958
-0.0220542304246242
-0.0218770487620118
-0.0216504775014327
-0.0212580015851126
-0.0208113906551251
-0.0204031733486153
-0.0201680188765638
-0.0198066403220961
-0.0194706732071275
-0.0193492078676767
-0.0190623295998517
-0.0188385740664742
-0.0187340060981488
-0.0182378845336007
-0.01792093093284
-0.017689976995773
-0.0175159732937223
-0.0173437679157628
-0.0173372107072568
-0.0171697013817034
-0.0170625772941394
-0.0169810283212776
-0.0168832241550004
-0.0168636184599693
-0.0168078637464471
-0.0168533876220861
-0.0168283676441628
-0.0167623636796802
-0.0168192387365553
-0.0167056305985342
-0.0167662628119419
-0.0167620376483145
-0.0167210591673072
-0.0167346517390785
-0.0166658015809491
-0.016659058500612
-0.016598711995871
-0.0165444691454039
-0.016495251358329
-0.0166049015982103
-0.0165287663538324
-0.0164234078346507
-0.0164306405154621
-0.0163154744675416
-0.0160548669168646
-0.0159191082594255
-0.0158790929494394
-0.0156917644623497
-0.0155276260199986
-0.015515443190831
-0.0155553416480612
-0.0156694816618779
-0.0157420906096572
-0.0159723330949393
-0.0160368522837515
-0.016125657242964
-0.0165294291006906
-0.0167353966885147
-0.016942430992349
-0.0169970464608023
-0.017107934723589
-0.0173538486360604
-0.0174528742847116
-0.0178070487636721
-0.0177930889398835
-0.0182349977679875
-0.0185769747801854
-0.0188335061405187
-0.0190189473917344
-0.0192694275918393
-0.0196128720815783
-0.0199880130898734
-0.0201155653128987
-0.0204606438362975
-0.0205295554660957
-0.0208176583246229
-0.0208672268253934
-0.0210551925696936
-0.0211117280739904
-0.0212726897776607
-0.021505335927501
-0.0217959720422791
-0.0219205613564412
-0.0219182308812206
-0.0223819959592498
-0.0225524881837061
-0.022598527921725
-0.0227793969011907
-0.0229003365967008
-0.0232936686612357
-0.0234156824720932
-0.0238164513671836
-0.0238164513671836
-0.0240453656485351
-0.0242164753258163
-0.0245024404601576
-0.0249635369290681
-0.0251969935928643
-0.0251996393849639
-0.025424764534129
-0.0255385210595006
-0.0257119017517545
-0.0257117288130815
-0.0257686181065165
-0.0255288154328247
-0.0256300124848516
-0.0258343368251092
-0.0257231448811028
-0.0256649012275326
-0.0256013323101487
-0.0253738808939345
-0.0252021448770478
-0.0251435014175528
-0.0247994590745313
-0.0242812057661763
-0.0241100677482363
-0.0239387895081136
-0.0238216488506156
-0.0236514948972482
-0.023518080865248
-0.0232836151771057
-0.0230584539624864
-0.0228295379093984
-0.0221329229064492
-0.02213018996313
-0.0214223615593821
-0.0210753211937227
-0.0208321214298058
-0.0203182879697332
-0.0196656335331763
-0.0194951232754613
-0.0191163563396156
-0.0185961468519517
-0.018287023374433
-0.0179896569469094
-0.017532387334146
-0.0172030452215997
-0.0170209814019201
-0.016856873639853
-0.0165162708825456
-0.0162178249572215
-0.0160524077929295
-0.0157089345732302
-0.0153003108417281
-0.0156260895006906
-0.0153276189889043
-0.0149761259935422
-0.0149021415055491
-0.0149077206187329
-0.0148493301281643
-0.0148536694384184
-0.0148536694384184
-0.0148584880621505
-0.0148497451174758
-0.0147908432832727
-0.0147843825603884
-0.0148025117169602
-0.0148789722526652
-0.0148479216682585
-0.014830178477169
-0.0148412679716
-0.0148434858704862
-0.0148389857455666
-0.0148573722211863
-0.0149320313172729
-0.0148516944902847
-0.0148516944902847
-0.0149708302155748
-0.0150102752897903
-0.0150755044418512
-0.0151411168015009
-0.0151482047271658
-0.0153174652195794
-0.0155037946043475
-0.0156073209600746
-0.0157247585647422
-0.0161240386045641
-0.0165274875354393
-0.0167542816070768
-0.0169181068208231
-0.0171085838994733
-0.0173228031240986
-0.0174194941450648
-0.0175364840492967
-0.0181877177842599
-0.0184304843785152
-0.0187163901559058
-0.0191643351751415
-0.0194439270445341
-0.0195664624618388
-0.0197532506005963
-0.0199151534715903
-0.0202588925358641
-0.0205588768109458
-0.0209775176403673
-0.0211208884235564
-0.0212522549496363
-0.021426122029448
-0.0216569063670998
-0.0220023411547634
-0.0223971780085815
-0.0226992810270926
-0.0230249050898793
-0.0232055253835233
-0.0237206592883321
-0.0237506641484643
-0.0238669607979578
-0.0239602532329857
-0.0242087783557365
-0.0244790175820014
-0.0247191230417056
-0.0248928157086633
-0.0251920073789136
-0.0253980663371365
-0.0255107870199318
-0.0257591956539999
-0.0257787685056776
-0.0258020732578836
-0.0258546959186013
-0.0259092310096671
-0.0260790533134536
-0.0259732900431149
-0.0262686274069912
-0.0263287482923878
-0.0265363151520041
-0.0264056472904444
-0.026502155283036
-0.0265090502113934
-0.0264547434036332
-0.0264532111973315
-0.0263904014021821
-0.0263945888532428
-0.0262186788515268
-0.0261056495229313
-0.0259830331640321
-0.0259305405561049
-0.0258116056613614
-0.0255233193109368
-0.025293998804977
-0.0249428541056511
-0.0247680942449458
-0.0243145176729272
-0.0240285629734439
-0.0238595867868606
-0.024003869923164
-0.0235342865923791
-0.0233837496573156
-0.023156473827714
-0.0228039784040966
-0.0222445668790473
-0.0216042382345356
-0.0213740183609211
-0.0211509239620748
-0.0205664461211814
-0.020340913076689
-0.0195939471325699
-0.0190695029039371
-0.0186637450872909
-0.0182605340768904
-0.0177443295303133
-0.0170415835971943
-0.0165124145927695
-0.0161195938634591
-0.0156821913358927
-0.0151093800530787
-0.0149211960732554
-0.014236264983864
-0.0138880685108803
-0.0136711239294935
-0.013126581320614
-0.0128480665033265
-0.0126245475917056
-0.0125819307650079
-0.0123269038037603
-0.0122794705458895
-0.0122860277543955
-0.0122231149515325
-0.0122188399641919
-0.012225348929573
-0.0121596717587282
-0.0122276465843704
-0.0122818958825445
-0.012337584535801
-0.0123432244756584
-0.0129499905592319
-0.0130396964647654
-0.0128616534735583
-0.0130358222038408
-0.0133179983216041
-0.0135491083075675
-0.0141328204118337
-0.0141214273409566
-0.014527347766926
-0.0145427770484251
-0.0148662638392017
-0.0148753284174876
-0.0149524553780967
-0.0151665363216693
-0.0153375945616097
-0.0158002054871123
-0.0162634462107516
-0.0166743082504862
-0.0170160505965215
-0.0173021041507798
-0.0175302758045089
-0.0175052438784745
-0.017665573401087
-0.0181566636781686
-0.0186137965721404
-0.0190744343734988
-0.0194317896207319
-0.0196579164797712
-0.0199353132891204
-0.0200639214737154
-0.0202833298180287
-0.0208243302113682
-0.0212832216453156
-0.0216124209136129
-0.021960551575185
-0.0220818620072488
-0.0224652123669129
-0.0226478220397149
-0.0228318488415809
-0.0232223966490208
-0.0236979154178377
-0.0243457065695296
-0.0244097536722611
-0.0245793702147152
-0.0248708265022448
-0.0250416265862504
-0.0252794030707883
-0.0257946530091609
-0.0260401148540909
-0.0262628477084664
-0.0265337779734077
-0.0266428345989767
-0.0267115820555526
-0.026941261998818
-0.0270270266988829
-0.0271172319393375
-0.0272269995693222
-0.0273436261093764
-0.0274123356994741
-0.0273051396845283
-0.0274933135482562
-0.0272399621223722
-0.0271853466036747
-0.0271306485306143
-0.026961592878301
-0.0266736643994986
-0.0266642138319454
-0.0265553930998448
-0.0263045266579849
-0.026031453791278
-0.0259797628587774
-0.025735257535621
-0.0256781065179432
-0.0255099307798426
-0.0253362140651998
-0.0252269555806813
-0.0250529051870222
-0.025042193336209
-0.0249899159983733
-0.0246556917474318
-0.0248475665800499
-0.0244940764765753
-0.024016679022739
-0.0239012558780631
-0.0238355912037569
-0.0236069876029207
-0.0233697167204418
-0.0231998546481664
-0.022732993864298
-0.0221608347329537
-0.0216449620774727
-0.0212975056268094
-0.0211917443907284
-0.0210809113781523
-0.0206013444273464
-0.0202233845319051
-0.0194761127592577
-0.0189521673361162
-0.0187793636365276
-0.018542831814149
-0.0181719443477982
-0.017638949333894
-0.0169997987601238
-0.0164744832165341
-0.016239300078927
-0.0159568416712491
-0.0156977259250914
-0.0150622635735102
-0.0147140417352535
-0.0142573798208097
-0.013914303884926
-0.0136803563705665
-0.0133884288716671
-0.0132160170257207
-0.0127526625291417
-0.0125792514948936
-0.0121304531337318
-0.0118411688640607
-0.011791661986507
-0.0113951035137624
-0.0117091578973399
-0.0113502562773911
-0.011057683462658
-0.0110628168578275
-0.0109485864776325
-0.0107177630639614
-0.0108330742644773
-0.0107147447098608
-0.0108678437695944
-0.0111122238162907
-0.0112176558122268
-0.0113939987326229
-0.0115549486076578
-0.011741872502362
-0.0119724174528039
-0.012140804330378
-0.0124307362273978
-0.0127182952993705
-0.0131280417572747
-0.0138192308585678
-0.0141976452887691
-0.0146993396131509
-0.0149129356132152
-0.0152018913053117
-0.0161795354459345
-0.016637948760782
-0.0172768400509989
-0.017507170314408
-0.0177387303878592
-0.0183741985758291
-0.0192430403406323
-0.0197783410837679
-0.0199212057870644
-0.0201355664395837
-0.0205676536667109
-0.0211437044365508
-0.021714460691528
-0.0221452940982627
-0.0224622708739096
-0.0225169700773262
-0.0231526358958884
-0.02299589954731
-0.0233825834158978
-0.0239266693145587
-0.0241919180753707
-0.0244828658091832
-0.0245834837390909
-0.0249497125727815
-0.0250045435583636
-0.025236773028155
-0.0254808227453526
-0.0257543052041358
-0.0261579040100035
-0.0265129304858576
-0.0267910076814641
-0.0269710580838774
-0.0270878219184852
-0.0272011412336783
-0.0273763525766283
-0.0276088220770761
-0.0275827642540181
-0.0276272769209242
-0.0277267559748506
-0.0278994824718629
-0.0279134176405382
-0.0279887240757991
-0.0279951531254092
-0.0278835435687299
-0.0280191208141756
-0.0279529761472415
-0.0278298690266162
-0.027597602205098
-0.027619445006848
-0.0272205597166532
-0.0269850416022646
-0.0268118952260714
-0.0264696527552834
-0.0262821056996127
-0.0260646458634761
-0.0258851067991422
-0.025681317364547
-0.0251471936151405
-0.0246701340203419
-0.0243202476314203
-0.0239347848073285
-0.0234664715593375
-0.0232897660782179
-0.0227174347687312
-0.022262396637884
-0.0219660895762863
-0.0215577494521159
-0.0211042498235804
-0.0207626607385868
-0.0202885366711591
-0.019781243660829
-0.0195462336763018
-0.0191338526812474
-0.0186710956301296
-0.0186239640700458
-0.018327163034471
-0.0185204273202595
-0.0182617881225132
-0.0178948592327376
-0.0172361869409835
-0.0168732473801463
-0.0166258303058973
-0.016233955608752
-0.0161703069904966
-0.0160575961834191
-0.0158857636991539
-0.0155886984284582
-0.015187464807297
-0.0147643323945242
-0.0143744924261433
-0.014027571549661
-0.0139166901307879
-0.013799865607599
-0.0136851084289097
-0.0135719069991807
-0.0135091860027182
-0.0133154746728491
-0.0132901208067149
-0.0129396577291943
-0.0127671422291232
-0.0125976175267392
-0.0123612172011289
-0.0122891290358579
-0.0121763429971968
-0.0120657099759482
-0.012013780387126
-0.0120073556676109
-0.0119499780540606
-0.0120060105278434
-0.0120710261424902
-0.0120759606268237
-0.0121979328624885
-0.0121789848651416
-0.0122871502506991
-0.0123686266834693
-0.0127144161660095
-0.012660747997178
-0.0128821133345041
-0.0132789268560021
-0.0134550484118722
-0.0136820688464762
-0.0142092898993841
-0.0143578772271891
-0.0148283489600498
-0.0151279836767184
-0.0153337019540281
-0.0162088369452416
-0.0168521881272314
-0.0171417562887882
-0.0174302586626792
-0.0177186848271073
-0.0182342181160056
-0.0190992882637516
-0.0196735777025916
-0.0200202777493962
-0.0203679897756003
-0.0213494869530418
-0.0219593487096847
-0.0222228513124528
-0.0226274243337124
-0.0232184311073091
-0.0238480596736323
-0.024658400774597
-0.0247762046408197
-0.0251240010378904
-0.0255850816173009
-0.0262489939927218
-0.0268273502385572
-0.0272486029808514
-0.0275378247429731
-0.0278074529279436
-0.0280019683824612
-0.0283928633173572
-0.0288942361710282
-0.0292515649263189
-0.0295571789849532
-0.029459510951176
-0.0297953369969597
-0.0297733486516565
-0.0298239458285148
-0.029719417718766
-0.0297214094153128
-0.0296579428847518
-0.0295939294055791
-0.0296620802976536
-0.0296172223134374
-0.0294184454794469
-0.0292094910394429
-0.0289461982980889
-0.0285052091576067
-0.0280448500805569
-0.0277589372704823
-0.027603221488918
-0.027459566316235
-0.0271762716780289
-0.02688144678794
-0.0267064257106458
-0.0260130519225269
-0.0254745238204275
-0.0251855909746147
-0.0248920584076706
-0.024669827096454
-0.0244175261873901
-0.0239127222792929
-0.0233339212446981
-0.0228833530625444
-0.0225314030229285
-0.0222494704430452
-0.0219539725729562
-0.0215088983585073
-0.0209928482116612
-0.0205881480980782
-0.0199659948584206
-0.0196583139177899
-0.0191023450075175
-0.0186156380060958
-0.0182224168094487
-0.0179529830417826
-0.0171923704104352
-0.016553385925067
-0.0162014746010355
-0.0159276012295398
-0.0154128196766743
-0.0148928374769419
-0.0142509104683574
-0.013911050200863
-0.0136272036985242
-0.0133388179524886
-0.0128806713545062
-0.0121942238014353
-0.011906965435148
-0.0114811013434326
-0.0112060031366597
-0.0109725243041694
-0.0109116119351002
-0.0108509468568135
-0.010857684166883
-0.0104493731805269
-0.0101276321137064
-0.0100041531724378
-0.0100568546065451
-0.00995650960909141
-0.0100351188368341
-0.0100440547590949
-0.0102095231336365
-0.0103996269703225
-0.0105276749318852
-0.0107868177895691
-0.0111376126979469
-0.0113176318768764
-0.011501695457285
-0.0119132332274712
-0.0126519891427606
-0.0129416153954522
-0.0132864080101234
-0.0133386943360978
-0.0140911238098417
-0.0141866560882947
-0.0144049493343337
-0.0148009854862364
-0.015482485303003
-0.0157807562609532
-0.0159571160317705
-0.0162423981515264
-0.0164670691040981
-0.0172271232682593
-0.0178631569091768
-0.0183190934906149
-0.0186135578726207
-0.0188978211685419
-0.0192458421230852
-0.0202791970943111
-0.0206667493540105
-0.0211219904276888
-0.0213797031026159
-0.0214313890660209
-0.0225085570995432
-0.0228092158192973
-0.023265335486775
-0.023509711918103
-0.0236826118269392
-0.0240136039053237
-0.0243688140260886
-0.0246054311872827
-0.0249483328085564
-0.0250654281992938
-0.0250697996716311
-0.0251787731110103
-0.0255078049896128
-0.0257349580946037
-0.0259685871233023
-0.0260446143866981
-0.0262536525876104
-0.0262576222634059
-0.0263871598597081
-0.0266075906246803
-0.0268162515274331
-0.0269190237832303
-0.0267901198044446
-0.027088862984538
-0.0270342606651979
-0.0272014193825897
-0.0273136488036725
-0.0274389733502346
-0.0274762503240296
-0.0274893647410416
-0.0275459918065139
-0.0275481936239351
-0.0276042549774804
-0.027599851342638
-0.0275474864872363
-0.027543082852394
-0.0275475508135244
-0.0274838345840787
-0.0274793484408973
-0.0274318834168798
-0.0272242145830265
-0.0272743787366001
-0.0272569114810098
-0.0270960742658872
-0.0269006743289688
-0.0265618540754134
-0.026346968793017
-0.0259371940999733
-0.0254813423660172
-0.0252551370597213
-0.0250242497250581
-0.024855078359235
-0.0246537887191893
-0.0241385961336691
-0.0235823516731799
-0.0229951005691912
-0.0227123481914777
-0.0224914552230386
-0.0222423627957197
-0.0217670488568638
-0.0210729843297979
-0.0201466390369194
-0.0199378050060371
-0.0196054574238941
-0.0190477470706334
-0.0180538078985768
-0.0176494694245314
-0.0174144273588562
-0.0172959083138338
-0.0166685281935756
-0.0160980007507256
-0.0153337420355601
-0.0150580146810311
-0.0149376913784539
-0.01471135527417
-0.0142521440915667
-0.0137275721648672
-0.0132177340250685
-0.0128120698085637
-0.0125830159854811
-0.0125659578705883
-0.0124079843716621
-0.0121150349416122
-0.0119294445004988
-0.0117692372603238
-0.011595477037248
-0.0115367426459125
-0.0114245223706194
-0.0113663663683482
-0.0112539954747378
-0.0111955630985268
-0.0111995103306781
-0.0111422700014317
-0.0110853165551786
-0.0110853165551786
-0.0113389491540999
-0.0113122523964055
-0.0113155051614066
-0.0115429731603319
-0.011722707095544
-0.0121664770997049
-0.0121338009575527
-0.0122402870777977
-0.0125346491964172
-0.0128238014683251
-0.0131678596356149
-0.0133956734919042
-0.0136856621945235
-0.0137341183155578
-0.0139526703813707
-0.0141928491050593
-0.0147154002614855
-0.0151658015206567
-0.0155872380816114
-0.0158904908211439
-0.0162093017529889
-0.0164955863553657
-0.0169094796223737
-0.0172541039637962
-0.0178224881254258
-0.0184772680936142
-0.0187762686090459
-0.0187578576777334
-0.0191047462424833
-0.0195158404833038
-0.0199690424252163
-0.0206034409551642
-0.020959285931099
-0.0213676198525149
-0.0215379977246191
-0.0218226963930883
-0.0223491309048934
-0.0229779843978621
-0.0233183334595973
-0.0238365093691589
-0.0240718132928552
-0.0245947956231667
-0.0253389915660766
-0.0259716831030414
-0.0261974184366516
-0.0266094947696341
-0.0265898117730097
-0.0269638369785349
-0.0273536026166235
-0.0277546955029733
-0.0280972518969321
-0.0285674653712852
-0.0286282908313406
-0.0288668890739689
-0.0289798174533956
-0.0290386734255124
-0.0290958743439746
-0.0292722374813566
-0.0291956560768816
-0.0292665473680551
-0.0292643616318864
-0.0292118490481386
-0.029201737357468
-0.0291558626706075
-0.0290339420107897
-0.029005081986929
-0.0288167659373591
-0.0285103073327393
-0.0283516257310732
-0.0281063163308889
-0.0274170865837322
-0.0269733271455308
-0.0265420850990247
-0.026252335437981
-0.0258563278365178
-0.0252832199097343
-0.024708952938267
-0.0242424889192143
-0.0237487689101614
-0.0231494848299882
-0.0224527523455512
-0.0220600259326798
-0.0214919606529109
-0.0211301523848109
-0.0205542209664103
-0.0202022375115824
-0.0197798454495916
-0.0191931927012262
-0.0190794432274003
-0.0185365201117924
-0.0180855091161081
-0.0176244613062515
-0.0173406552964132
-0.0172382427379182
-0.0168843963874671
-0.0165433537204546
-0.0160844263345675
-0.0157359411671985
-0.0155112690631426
-0.0152618030615257
-0.0151467259736562
-0.0150405716304482
-0.0147583680615863
-0.014751907338702
-0.0144695689040061
-0.0141944890393042
-0.0141525890928002
-0.0139574461824392
-0.0137327404368636
-0.0135588860288997
-0.0134392237659615
-0.0134392237659615
-0.0134370701916667
-0.0134305129831607
-0.0134334487397223
-0.0134995102515411
-0.0135554120166897
-0.0136553901734098
-0.0140118297170286
-0.0144378223861608
-0.014547093276471
-0.0146671123947256
-0.0148883544269225
-0.0149476249256244
-0.015055480728285
-0.0156601361188448
-0.0152720030649254
-0.0153562231070429
-0.0155297542685723
-0.0157870494786632
-0.016343815022842
-0.0165731359702946
-0.0167479565680118
-0.0169747110943247
-0.017095376637709
-0.017277422770509
-0.0174565082395214
-0.0174382504243065
-0.0175090279314678
-0.0175019400058029
-0.0177374545998557
-0.0177931956847404
-0.0178496119010176
-0.0181867537510581
-0.0187662624663995
-0.0189789251799043
-0.0195424654289506
-0.0195810332604984
-0.0197858816022118
-0.020024457143712
-0.0200221105852708
-0.0202173446143993
-0.0204541977068045
-0.0205899118442313
-0.0208899570393517
-0.021639367258267
-0.0220405458071261
-0.0221535045080231
-0.0223877080388125
-0.0225603245957335
-0.0226141462818555
-0.0227930344779728
-0.0229035698511099
-0.0232547147902838
-0.0236058253796002
-0.023994804855253
-0.0240344588995794
-0.0241802934046304
-0.0244142020814103
-0.0245489006557424
-0.0246549842131213
-0.0246578246571698
-0.0247139806737259
-0.0247660881305837
-0.0248356215171652
-0.024793457642873
-0.0247734627867176
-0.0247693171365341
-0.0247517825787614
-0.0246350059057782
-0.0246466668019439
-0.0244608298629266
-0.0243550555904337
-0.0240869492273221
-0.023964603046393
-0.024041096465484
-0.0239257181422466
-0.0237266873748895
-0.0236161236865895
-0.0233985493195229
-0.02321467567211
-0.0230503017108785
-0.0227128851049887
-0.0223563128595051
-0.0219468934432115
-0.0216021732242702
-0.021490764973141
-0.0213737419969712
-0.0210102701244145
-0.0207803517399892
-0.0205641251038242
-0.0201640318714555
-0.0197071254387455
-0.0192938868632657
-0.0190660664467906
-0.0189741347231571
-0.0189071576603336
-0.0186666300095989
-0.0185622772401423
-0.0182018593939873
-0.0181612844960699
-0.0180884947880929
-0.0179880411433697
-0.0179156228101929
-0.0177479025677165
-0.0176893453710433
-0.0179144055374952
-0.0181400552558637
-0.0180841318485623
-0.0181577984469532
-0.0179940001280094
-0.0179427646939312
-0.0179431404079042
-0.0178854267488991
-0.017765148488338
-0.0177354184484727
-0.017942620055014
-0.0178300520278642
-0.0178295048335277
-0.0178323857057942
-0.0178916484769213
-0.0178175659880448
-0.0178324969588453
-0.0178917790733183
-0.0178376807382873
-0.0178347080530509
-0.017891732950121
-0.017891732950121
-0.0180089140466541
-0.0181238504264763
-0.0181757811037285
-0.0181241580544774
-0.0180065048121173
-0.0181785645942816
-0.0183011526851333
-0.0181982785389482
-0.0183528610759494
-0.0181668723668676
-0.0183471987414459
-0.0183471987414459
-0.0182869394178921
-0.0182869394178921
-0.0183509273040746
-0.018208492687269
-0.0182045046644501
-0.0179724893119582
-0.0180862623908704
-0.0180969498592219
-0.0179201910777318
-0.0179204722806822
-0.0179768744961613
-0.0178673753525965
-0.0179855711961826
-0.0180468103906822
-0.0181549819706734
-0.0180333206370274
-0.0182485035249981
-0.0185302342901457
-0.0188587626353903
-0.0191530354627209
-0.0192653397734134
-0.019489124740894
-0.0197838501846281
-0.0199487430621723
-0.0201848895243357
-0.0203583758509625
-0.0207069665888246
-0.0211684602143905
-0.0214617515266504
-0.0219243761101006
-0.0222806639176757
-0.0224927776815163
-0.0224927776815163
-0.0227233508798642
-0.0227905826378755
-0.0233574569236313
-0.0232229150927207
-0.0235458626530457
-0.0238215949980369
-0.0238827546621731
-0.0241750130577176
-0.0245901966001729
-0.0248785990269888
-0.0249246558874462
-0.0250345885263929
-0.0250390243241653
-0.025151521824625
-0.025214039042225
-0.0252712066862417
-0.0252865287492581
-0.0253875418020245
-0.0253784772237386
-0.025517032092057
-0.0254353918294379
-0.0253994918448666
-0.0260027010897411
-0.0257506730865271
-0.0254938042127069
-0.0255052153472161
-0.0253898900570527
-0.0253807611494452
-0.0252972709888754
-0.0252722261641109
-0.0250416445938949
-0.0250437193456238
-0.0247954196351317
-0.024504433970429
-0.0242775975232297
-0.0236084981921462
-0.0230066492175727
-0.0228014447905238
-0.0224882513090837
-0.0224530183337243
-0.0219238728133864
-0.0215335307945354
-0.0210041630506514
-0.0202797902874627
-0.020220627791752
-0.019902851755993
-0.0196920325397301
-0.0195542800937937
-0.0190617712825185
-0.0185430337404219
-0.0179577510859367
-0.0177228709973567
-0.0175563929154894
-0.0174478624863593
-0.0172185482302309
-0.0169368075495145
-0.0167541937343194
-0.0162469315734681
-0.0159059256839465
-0.0155035428471752
-0.0153278260776458
-0.0150925710834414
-0.0154627955952207
-0.0149290606190044
-0.0148676364257778
-0.0146394626563545
-0.0145269352301328
-0.0144653641187335
-0.0141241374348986
-0.013945220224474
-0.0136138570850343
-0.0134426945160445
-0.0133857664270598
-0.01332866272674
-0.0133610570978417
-0.013206568514632
-0.0132748594210492
-0.0132135668915028
-0.0134498863892599
-0.0135046896444408
-0.013623446202637
-0.0136249651218566
-0.0136164787249078
-0.0136849114210375
-0.0137291999624516
-0.0137340217496592
-0.0137387470334358
-0.013911119991736
-0.0140144930802782
-0.0141959277769064
-0.0142873697278789
-0.0145940166165242
-0.0148009438041904
-0.0149835042644746
-0.015289965966064
-0.0155223758254631
-0.0158072233344743
-0.0159197213517507
-0.0160078351536979
-0.0161279301167518
-0.0163191778218822
-0.0163901535270345
-0.0168171131572148
-0.0169244509217019
-0.0173077004016779
-0.0177639726401032
-0.0182216439622631
-0.0183417186705849
-0.0185632373045503
-0.018902571489201
-0.0191428589820891
-0.0196803542462158
-0.0200303074817384
-0.0204106807676306
-0.0208073825248136
-0.0211529999856634
-0.0215047843439828
-0.0219203655351151
-0.0223311071299642
-0.0228549239007052
-0.0233084592357791
-0.0238209073394569
-0.0242270571764479
-0.0242334674033883
-0.0249866879015178
-0.0258460011273641
-0.0262487196862499
-0.026472573380495
-0.0266556198202353
-0.0269753009167217
-0.0272750244414094
-0.0274948241836564
-0.0279167607576636
-0.0281382173807908
-0.0283257757647903
-0.0286529544106567
-0.0287897685570242
-0.0287855711490956
-0.02888747088397
-0.0289701254505875
-0.0290108001404002
-0.028892275229875
-0.0289846181314904
-0.0289641969691378
-0.0289060398858947
-0.02884753161808
-0.028736002380768
-0.0285678615302633
-0.0284464478913715
-0.0281606838332477
-0.0277587578279417
-0.0274099393586797
-0.0271257584773425
-0.0267723492173888
-0.0264826817774888
-0.0262422380196066
-0.0258913796366209
-0.0254402868607281
-0.0246242163381147
-0.024226621281696
-0.023939143646703
-0.0236410049592104
-0.0227704376693734
-0.021884099892206
-0.0216483884862779
-0.0209899165128362
-0.020646918534217
-0.019924721219905
-0.0192429629164467
-0.0189931286331433
-0.0184814665488488
-0.0181472802972053
-0.0174591259867188
-0.0168831804469723
-0.0165325449791677
-0.0161656760429734
-0.0157648089499709
-0.0153629731469052
-0.014839379569909
-0.014669256523537
-0.014553438693579
-0.0140940091478251
-0.0139492366061257
-0.0135557567441264
-0.013580398929528
-0.0134030820490036
-0.0132289786977795
-0.0130043306700408
-0.0129417532760694
-0.0129543852743007
-0.0128817544766042
-0.012887877519205
-0.0127202643572274
-0.0126042491660634
-0.0127856193862749
-0.0129113783163741
-0.0129551654347475
-0.012949508332742
-0.0130159865163123
-0.0131401089935514
-0.0135269428152861
-0.0137614915987393
-0.0143759198644035
-0.0146507765893354
-0.0148665155974032
-0.0152140576197403
-0.015447625903092
-0.0155572948794096
-0.0160771706281387
-0.0165726644405954
-0.0170354741660404
-0.0173875428253167
-0.0176841273901905
-0.0179750522528374
-0.0180897987802206
-0.0184396603968111
-0.0192393219258155
-0.0196466056876529
-0.0198125517276371
-0.0202140404562846
-0.0202620743962124
-0.0204483653410001
-0.0213112340450166
-0.0212896851144198
-0.0218509940521826
-0.0220398668290514
-0.0222707443024812
-0.022534803705947
-0.0228450581417978
-0.0230012542699014
-0.0231675107855802
-0.023340985192052
-0.0236343997329551
-0.0240938782216659
-0.0244962740401444
-0.0246081208547472
-0.0247198068117529
-0.0248379089885896
-0.0250115074922539
-0.0251293441568201
-0.0251368443650193
-0.0251368443650193
-0.0251323784489874
-0.0251063007191125
-0.0251287017543412
-0.0251348382883224
-0.0250769344087625
-0.0251574031204131
-0.0249744592056057
-0.0249305482704339
-0.0247810475878783
-0.0247680439790647
-0.024712992999448
-0.024712992999448
-0.0244820534343659
-0.024365623671383
-0.0237340364254437
-0.0234075858338113
-0.0231672085534751
-0.0230519381033738
-0.0229023143942901
-0.0228310129315905
-0.0229343839429382
-0.0227674146492069
-0.0225307676514108
-0.0224566385438279
-0.0220915255489113
-0.021769952747586
-0.0213716419865296
-0.0211357744664686
-0.021026703161974
-0.0206820577334268
-0.0205155970155225
-0.0202564368906143
-0.0201493267069423
-0.0200931450802066
-0.0196863829165682
-0.0193997682562462
-0.0192842728802163
-0.0189963365411715
-0.0185925476626481
-0.0182605545167313
-0.018196284894621
-0.0179518004646567
-0.0176732347930764
-0.0176142974466578
-0.0171783088570053
-0.0167577914619383
-0.0164748500790051
-0.0162462234805822
-0.0158967949642614
-0.0157156883987976
-0.0152520797484667
-0.0150761552371992
-0.0148045866237251
-0.0144953892053747
-0.0144573009582928
-0.0143490032788792
-0.0141523919613131
-0.0141085531596762
-0.0139180048759973
-0.013993322227381
-0.013918001126739
-0.0140198939063163
-0.0138296769514113
-0.0137111698087294
-0.0136571949464013
-0.0137111698087294
-0.0135926280525178
-0.0136492742973678
-0.0136469438221472
-0.0137180957700921
-0.013813017224102
-0.0138849405105144
-0.0138765720559773
-0.0139377433667378
-0.0140594916266842
-0.0141703846977025
-0.0143376606589383
-0.0145114656168577
-0.0146292789790544
-0.0149042130570467
-0.0156430056369295
-0.0158895543312481
-0.0161380682949645
-0.0164468329165526
-0.0167627656926111
-0.0171741111582705
-0.0176420547654277
-0.0183935151100681
-0.0189209804918132
-0.0191508704360989
-0.0194383137720559
-0.0203060583958305
-0.0209330527649542
-0.0215678383830056
-0.0217371637555496
-0.0223685978564756
-0.0234061352028398
-0.0238661078720494
-0.0242701847667254
-0.0249026131332927
-0.0254724152476818
-0.0259642154202112
-0.0264076307282322
-0.0266455765811163
-0.0267585905742566
-0.0270491684132563
-0.027397354435334
-0.0277341250692868
-0.0280908732700901
-0.0283072937061454
-0.0287234009703475
-0.0287841068874402
-0.0289475762346529
-0.0289576372057985
-0.0290565925676533
-0.0291182364886897
-0.0291227044498201
-0.0291323475746477
-0.0291735129983643
-0.0291396302050893
-0.0290858360318263
-0.0290942514844853
-0.0289653985416918
-0.0287414292089463
-0.0286872948597754
-0.0283222187418135
-0.0280197795834678
-0.0274629809804838
-0.0271898972701908
-0.0268778313279463
-0.0265925534945388
-0.026249229873149
-0.0260165225820011
-0.0252801403028491
-0.0245736440073348
-0.0243630863086246
-0.0238827115030285
-0.0235377380244204
-0.0226005171681198
-0.021991826063327
-0.0217408966341987
-0.0212648484090298
-0.0207445786441476
-0.0199312687989467
-0.0193602243530677
-0.0190761584715203
-0.0187253930357742
-0.0183610299789787
-0.0177226431434186
-0.017325319925197
-0.0168660646594967
-0.0164663968174026
-0.0161256561022627
-0.015702111300086
-0.0154146954613022
-0.015014428252523
-0.0149580309885124
-0.0146810473965423
-0.0144416772498638
-0.0144066408071833
-0.0141792324853821
-0.0136514454401418
-0.0135134978286693
-0.0132462576247711
-0.0131784163365389
-0.0131287611025498
-0.0130602493047451
-0.0129591133811988
-0.0129603377420449
-0.0128414771970247
-0.0128846826363296
-0.0128396553068222
-0.012831105332141
-0.0128375178131519
-0.0129507016177152
-0.0131191433067526
-0.0133380757770455
-0.013639286636658
-0.0137545171483375
-0.0143219943782805
-0.014508975383558
-0.0148065410085657
-0.0151647372129248
-0.0153984538517938
-0.0157233273888229
-0.0162403667212039
-0.0165929510675201
-0.0170576576103162
-0.0174077553640048
-0.0177105910291814
-0.0179397943759783
-0.0181786528619993
-0.0186163597709838
-0.0193060443737747
-0.0194721423247882
-0.0199347876326954
-0.0201068815258467
-0.0205179554540005
-0.0205767662872641
-0.0210337047448348
-0.0216629191318263
-0.0220257816451225
-0.0224949317640189
-0.022664792502176
-0.0227754963377261
-0.0230716658035797
-0.0231936367168838
-0.0235814215980984
-0.0241129406670666
-0.024461519595829
-0.024959186821693
-0.0251923029511488
-0.0251968030760684
-0.0255030660060153
-0.0257121674510705
-0.0259403885848799
-0.0262285139335299
-0.0264568166263528
-0.0265726364143038
-0.0268145432139151
-0.0269155611894303
-0.0268014654602426
-0.0265764284020798
-0.0263980193426911
-0.0261626943446629
-0.0258821983500941
-0.0257761957597556
-0.0255930714884522
-0.025441166962298
-0.0252737224720217
-0.0252076040756835
-0.0249021143748431
-0.024673407605134
-0.0241001497437514
-0.0235344849764757
-0.0230639802459393
-0.0230078219243992
-0.0228923850904122
-0.0225992083464111
-0.0224284720970994
-0.0219183963299756
-0.021725147319001
-0.0210726558245302
-0.0209645560863879
-0.0207678525491586
-0.0205550172074799
-0.0204359865237718
-0.0202639338488774
-0.0199755449326749
-0.0198021180539716
-0.0193454456622892
-0.0188269648476696
-0.0182962587659057
-0.0181329931783498
-0.0180178605846814
-0.0176696257131474
-0.0174944925098516
-0.0172060865078888
-0.0168048452770806
-0.0163487957487056
-0.0162810991494188
-0.0155746000793391
-0.0154895997769684
-0.0153257986762781
-0.015146062513423
-0.0150709884876302
-0.0147909340759336
-0.0148050306398024
-0.0145709588781351
-0.0142693574147042
-0.0141732723412422
-0.0138616718431878
-0.0138830394549343
-0.0138666135458457
-0.0138689604413314
-0.0138832327947118
-0.0140530275569684
-0.0139470264995916
-0.0140063974353092
-0.0138376350538075
-0.0140406663305547
-0.0139961527189633
-0.0141147161933842
-0.0141762651161027
-0.014222223219077
-0.0142294076474811
-0.0141738160609968
-0.0141809039866617
-0.0142952176069681
-0.0142969628364902
-0.0144122382662515
-0.0143564971813668
-0.0145647743600819
-0.0146819055583876
-0.014850859652768
-0.0150823598964849
-0.0153233359047919
-0.0156488992769449
-0.0158458426244104
-0.0163026604866855
-0.0165414130251593
-0.0167315797873784
-0.0167104607614074
-0.0168997939730898
-0.0171732881654618
-0.0175935018036238
-0.0179823171357033
-0.0184594545107691
-0.0188057318326662
-0.0190160168664663
-0.0193166320020679
-0.019536293965637
-0.0199573369393395
-0.0204854292102593
-0.0207953104417574
-0.0213326621456338
-0.0214907193474962
-0.0217861673608865
-0.0221837677921923
-0.0224786826131368
-0.0230919792942127
-0.0237167477524924
-0.0239894759976041
-0.0242755141376725
-0.0246203041839472
-0.0250813247374352
-0.0257115021746016
-0.0262322117105266
-0.0265793425373869
-0.0267559695586634
-0.0270460839876751
-0.0273326299200196
-0.0278421022392389
-0.0283020818055856
-0.0287141492246928
-0.0290501416840043
-0.029231659588975
-0.0294605494428983
-0.0298092393623014
-0.0301621001733518
-0.0307592709698673
-0.0312688827260611
-0.0315375727852584
-0.0315384714504382
-0.0315942447942585
-0.0315373645544742
-0.0314785693850854
-0.0314204707740509
-0.0311919364517039
-0.0308962879302357
-0.0307276148126553
-0.0303834707691203
-0.0301450078137042
-0.0296366835782027
-0.0294670287405547
-0.0292271509047285
-0.0290032954345794
-0.028656082468977
-0.0282459153462489
-0.0277467174933664
-0.0276227288821824
-0.0268287857818211
-0.0265197333395675
-0.0261184796082215
-0.0254272522619073
-0.0246257452628308
-0.0242791397098493
-0.0240006884032099
-0.0233144127494309
-0.022393790949289
-0.0219884853843669
-0.021527624589204
-0.0208979762154772
-0.0199250699016679
-0.0193239701661004
-0.0186917178859204
-0.0178447970011814
-0.0170363522075356
-0.016631233744862
-0.0160651506968192
-0.0151030210284287
-0.0143335539292488
-0.0138212623306254
-0.012876452307345
-0.0119758775631748
-0.0115583116988555
-0.0110464160359705
-0.0104144271147533
-0.00952712669891688
-0.00930842820285159
-0.00890115592002585
-0.00855766994380345
-0.00820896714987454
-0.00770533922789795
-0.0071450614763335
-0.00695448255208597
-0.00685629050696734
-0.00660574778319502
-0.00637273016792323
-0.00643896465444975
-0.00642875753524744
-0.00640234445510555
-0.00639468296010046
-0.00643394019669751
-0.00654831477269153
-0.00655265408294561
-0.00673161815898768
-0.00689836227450036
-0.00717732087074788
-0.00734540052561441
-0.00779977065314576
-0.00814237391475657
-0.00836519885829702
-0.00890203587370018
-0.00948150315581554
-0.00976837871125744
-0.0102305691876905
-0.0109802899315262
-0.0114982552017557
-0.0124772676371883
-0.0130402429108577
-0.0133569310986191
-0.0143283563532456
-0.0150991901921001
-0.0157782393260708
-0.0167526454257717
-0.0176180619702002
-0.0182322006814624
-0.0192270603282204
-0.0199692277123212
-0.0207878764486478
-0.0217040984428332
-0.022615729132873
-0.0233805300081046
-0.0244152838344774
-0.0251076722537104
-0.0258655529103658
-0.0266833451162395
-0.0275979798776115
-0.0282363838671498
-0.0291167763616764
-0.0295612255370778
-0.0301811118701618
-0.0307638661961438
-0.0312215921892384
-0.0320292571482106
-0.0324368680371618
-0.0330642899712505
-0.0332990342501103
-0.033587108303802
-0.0339870936204899
-0.034618184394398
-0.0348561764515651
-0.0350882685577597
-0.035489342418412
-0.0356623715537978
-0.035718924266829
-0.0358387298842673
-0.0358957425929347
-0.0358798895075021
-0.0364030711918894
-0.0359104770131434
-0.0357929986191226
-0.0357929986191226
-0.0357290807877266
-0.0356691247360529
-0.0353767467263933
-0.0351491472595707
-0.034927127421291
-0.0341767300793086
-0.0336905505625979
-0.0332371533289446
-0.0330267331342171
-0.0323923472600499
-0.0317956211894659
-0.0309538031578944
-0.0304916201925625
-0.0296718073153321
-0.0286960469730576
-0.0280811640709057
-0.027504614472698
-0.0265117441315099
-0.0257145246339249
-0.0251191966692785
-0.0239285690946348
-0.0230498127767637
-0.0224190559778745
-0.0210248643991108
-0.0204587847212634
-0.019474291034353
-0.0181472546607879
-0.0175765616625776
-0.0162088922030086
-0.0155298951100838
-0.0144796796948721
-0.0131537245354679
-0.0127503790584078
-0.0117719775821399
-0.0106222860909186
-0.010273170824467
-0.00937263942491538
-0.00803525570719271
-0.00774837096517433
-0.00708000269943423
-0.00593285679753098
-0.00553915612016906
-0.0051218576874872
-0.00460877981384429
-0.00409696062974293
-0.00334173766998639
-0.00310626986387612
-0.0028695436115118
-0.00264586324030778
-0.00258230112957498
-0.00230203596097845
-0.00235670178099871
-0.00212521303331828
-0.00201467245462545
-0.00218096157895817
-0.00219429294750334
-0.00241169693412502
-0.00262125647086771
-0.00256486824923941
-0.00280525634655058
-0.00278162992766754
-0.00301615667479812
-0.0033732758364935
-0.00408894545218413
-0.00455014581506333
-0.00500967814144873
-0.00536028421563918
-0.00582130573905951
-0.00674549772115646
-0.00725997365032126
-0.00789374748570727
-0.00831982722839425
-0.00929811058753006
-0.00998394301371803
-0.0106137872044048
-0.0115893199946945
-0.0126987090443587
-0.013042469868627
-0.0140389104936966
-0.0149044766837606
-0.0156464981524259
-0.0166936841443538
-0.0176138737019622
-0.0184106810262138
-0.0193312757101541
-0.0201970462081399
-0.0210655911978205
-0.0221617564814753
-0.0228501326009125
-0.0240412981553384
-0.0246745867382186
-0.0254340903308346
-0.0262474476639712
-0.0270668867410757
-0.0278097350483323
-0.0286684982391501
-0.0291420244866653
-0.0297652031192058
-0.030282211748356
-0.0310721467645178
-0.0318333229488866
-0.0320618159164996
-0.0324822785088437
-0.0330492391435667
-0.0333926523039506
-0.0336842275998111
-0.0342523461524859
-0.0344241511427828
-0.0345445521053447
-0.0347698103061465
-0.0347770429869579
-0.0351174743338259
-0.035249812087298
-0.0354063048967177
-0.03552539251448
-0.0357082219271231
-0.0358178067004231
-0.035817046535173
-0.0357591139560976
-0.0358155371753808
-0.0357612255651897
-0.0356460488496644
-0.0354700605087987
-0.0352450079890133
-0.0351276250542157
-0.034971195793151
-0.0348378884787828
-0.0346083145179006
-0.0344294816407031
-0.0340885168938809
-0.0339801563348693
-0.0335033537814632
-0.0328796247944708
-0.032355183677732
-0.0320665104126791
-0.0317803678041004
-0.0311811484816872
-0.0303003833649015
-0.0297673383368306
-0.0293179187211459
-0.0288565162744692
-0.0280450910931633
-0.0272415155224017
-0.0268936358217829
-0.0263755103115244
-0.025737075163539
-0.0247025870824397
-0.0243009552445255
-0.0239517985155208
-0.0235498122883785
-0.0226273733968993
-0.0219323286917518
-0.0218603285462954
-0.0215294552969656
-0.0210716499609514
-0.0206755287691739
-0.0204984965771717
-0.0195932443189272
-0.0191988019493965
-0.0187305753650778
-0.017975066125848
-0.0171785249649523
-0.016585213708101
-0.0161772522994931
-0.015081985695559
-0.0144101009786606
-0.0140014980164014
-0.0134324792993527
-0.0122223578710906
-0.0117608773646254
-0.0112988829899859
-0.0107205006513736
-0.00974715128912984
-0.00934145221730814
-0.00916943042567813
-0.00876134695974509
-0.00814229006553987
-0.00738671909396435
-0.00691383006216958
-0.00680049518847073
-0.00668504050709996
-0.00657628662672736
-0.00633358557161303
-0.00592154815624464
-0.00586162666552819
-0.00578003755899196
-0.00560762754909824
-0.00559284425819968
-0.00536359997344246
-0.00530891801689719
-0.00531960413994834
-0.00531560521479015
-0.00553957550772134
-0.005542783684205
-0.00576973286804563
-0.00599363755788684
-0.00615217923038334
-0.00628690547220157
-0.00627926293424156
-0.00664359659190763
-0.00656605865885541
-0.0067978133537079
-0.00709309439846013
-0.00744376692004109
-0.00767272614844696
-0.00836407822194365
-0.00887843078918803
-0.00911088582004033
-0.00933842364610421
-0.00974542664656826
-0.0104845683597404
-0.0112481265070344
-0.0115819977985936
-0.0120368308160967
-0.0128452773446939
-0.0138878013498859
-0.0143412747855086
-0.0147256250565985
-0.0152707631495878
-0.0163149876528773
-0.0168427765853054
-0.0173345074534048
-0.0182593858210254
-0.0190187409966338
-0.0194833097909459
-0.0203411452637562
-0.0210413916503103
-0.0217359946940209
-0.022410081091496
-0.0231513032058731
-0.0240205762082296
-0.0245368359215233
-0.0254600628844059
-0.025921435435242
-0.0266589557426777
-0.0274278678131476
-0.0283238455573252
-0.0288901838218528
-0.0293885586670705
-0.0300769608571898
-0.0305897407712886
-0.0312141005925316
-0.0319833692749984
-0.0325634803590103
-0.0328645856616781
-0.0333680013742248
-0.0338304189500892
-0.034471326667546
-0.0347472725771318
-0.0349310680388858
-0.0355033400303046
-0.035680677985756
-0.0357332079484544
-0.0359033916756466
-0.03596123660496
-0.0360325394150464
-0.036333860066291
-0.0360344354688213
-0.0359738501139035
-0.0359738501139035
-0.0359150777510195
-0.0358584436300943
-0.0356290770334217
-0.0355035567196675
-0.0352199657861801
-0.0348796842561115
-0.0345298488081619
-0.0342979874408495
-0.0337796693140483
-0.0333787438617404
-0.0330930460501858
-0.0327444720031206
-0.0318203872926675
-0.0315319797702269
-0.0308419211300131
-0.0303316373446115
-0.0297662634822723
-0.0291794089730734
-0.0283725788914049
-0.0279818583890027
-0.026988385105135
-0.0263566420399143
-0.0254985099939329
-0.0248003218695456
-0.0237530404333385
-0.0230162078278635
-0.0224755108743439
-0.021097288201351
-0.0205805527284182
-0.0198804259919902
-0.0186775347419196
-0.0180554540001739
-0.0174673358462188
-0.0161479599423863
-0.0155945826843183
-0.0152333179925014
-0.0142402322120263
-0.0131272021630165
-0.0127566302868403
-0.0120095465085528
-0.0109780622423314
-0.0106347616989599
-0.010000369073755
-0.00959450616502863
-0.00872658563568117
-0.00821159601164763
-0.00780315643853957
-0.00757354078158555
-0.0071103144650274
-0.00664910406272883
-0.00584340983861313
-0.00555228132068646
-0.00526884376368224
-0.00497326443994672
-0.00480800742679926
-0.0043834066523681
-0.00386039241765125
-0.00333050929345706
-0.00313745208948638
-0.00307192925079238
-0.0029169941703314
-0.00293353266354952
-0.0028609172012252
-0.0028609172012252
-0.00284942565396291
-0.0029081824501914
-0.00296891783769267
-0.00302256873411248
-0.00313787883381955
-0.0035399944378398
-0.00439893596855327
-0.00485865353860206
-0.00520371688966359
-0.00549543180415623
-0.00613894440719783
-0.00734183083728294
-0.00785411723653201
-0.00829665117331265
-0.00935766137908057
-0.0101576331682182
-0.0107345380389459
-0.0122892107055505
-0.0129323057199076
-0.0135856537342081
-0.0149148752337406
-0.0155436097773063
-0.0160489561531985
-0.0174879995575786
-0.018013419208527
-0.0187041165589764
-0.0199913961210502
-0.0206169108442504
-0.0213981705683476
-0.0227732783448789
-0.023230584973085
-0.0242817845174652
-0.0251782358633553
-0.0257132517796585
-0.0265403460959403
-0.0276347737754677
-0.0281468547845353
-0.0290193499552069
-0.0299567512308895
-0.0306354815630019
-0.0314569556662943
-0.0320394597565489
-0.0330264790187432
-0.0333521667899133
-0.0341430482289823
-0.0348892174863486
-0.0354904815139576
-0.0357213683876699
-0.0362396307065878
-0.0368006099158931
-0.0374375071472168
-0.0377941981616705
-0.0379870208181234
-0.038034721634157
-0.0380107735394766
-0.0380748655538264
-0.0379215501011602
-0.037956680374315
-0.0379000109497363
-0.0379048649056807
-0.0376357562651951
-0.0374634146191607
-0.0370507740900786
-0.0366559672289826
-0.0362821634426972
-0.0357102614096505
-0.0352969029064538
-0.0349650573938835
-0.0345008183723237
-0.0338146676844116
-0.0331816742559003
-0.0326588632787339
-0.0320110681872839
-0.0312389912948288
-0.0304114740134148
-0.0296665325818095
-0.0292216048790684
-0.0282397435506539
-0.0273663072811661
-0.026732086597082
-0.0260335463984168
-0.0248860952275063
-0.0242654630529726
-0.0234507930761412
-0.0222559678479105
-0.0216064969996471
-0.0207019082198258
-0.0195178002392954
-0.0189473052910514
-0.0177962446405214
-0.016927549173211
-0.0164104459056842
-0.0153314994746315
-0.0144198266715728
-0.0138433339650711
-0.0128655532707165
-0.0119378428629352
-0.0113671559273948
-0.0107896182380133
-0.0100980116456017
-0.00934966064651694
-0.00912127665087356
-0.00865351953663919
-0.00809532107537075
-0.00756480368507841
-0.0069232243422226
-0.00680980779169813
-0.00681694396838829
-0.00658150400064462
-0.00652327373488172
-0.00634076164053848
-0.00641032051721444
-0.00651964606015171
-0.00649097791707882
-0.00641371444267085
-0.00665772650464369
-0.00668934315334734
-0.00679594612338355
-0.00692995901487581
-0.00731532840895729
-0.00777969239083665
-0.00815053615827727
-0.00889348666298643
-0.00916738838161026
-0.00947916321545758
-0.0101640842741785
-0.0107697617348954
-0.0114385555983591
-0.0119918901746065
-0.0124178180605319
-0.0136812679654779
-0.0142554185194057
-0.0151592228763624
-0.0158261635018773
-0.0166905669346518
-0.017087375588801
-0.0182989258832607
-0.0190875467326673
-0.0196119734898007
-0.0207028369326435
-0.0215693502175833
-0.0220324869852551
-0.023002362466588
-0.023985153649194
-0.0243904781244717
-0.0251353613462147
-0.0262268004717208
-0.0267499655613362
-0.0272692915388683
-0.0281923767251121
-0.0291175906120792
-0.0295936285251776
-0.0305626448603397
-0.0309750061400955
-0.031718105572288
-0.0322923525317921
-0.0329826824157849
-0.0338451888358831
-0.0345382287813856
-0.03534787732825
-0.0361535721199398
-0.0366143915863854
-0.037189953249244
-0.0374792043199865
-0.0377027306491215
-0.0379319520265621
-0.0378612211845954
-0.0379280163573784
-0.0378619604842241
-0.0377030331179558
-0.0375269869809861
-0.0374873945321805
-0.0373387792271953
-0.0367611851831345
-0.0362688244122068
-0.0358645047544211
-0.0351296117451118
-0.0346715349627567
-0.0345068856084471
-0.03369539880576
-0.0328324319626956
-0.0320272375022781
-0.0314957442972431
-0.0305758311580554
-0.0296592581592196
-0.0291747616849547
-0.0279264832641309
-0.0270080332567908
-0.0263549206454494
-0.0252149764185883
-0.0243509066706498
-0.0236652329799117
-0.0225353152557073
-0.0214861156213031
-0.0199192393728244
-0.0192908724902523
-0.0183632199976962
-0.0169236706269535
-0.0160022741461439
-0.0146717455210178
-0.013870970079933
-0.0126035604323727
-0.0117932416000148
-0.0107565770896689
-0.00956852070208788
-0.00893579469618079
-0.00771570167681217
-0.00684200183846305
-0.0059278718979979
-0.00494650130145336
-0.00419834300028478
-0.00356136162080915
-0.00224281304436086
-0.00164027380630285
-0.00107131629982256
-0.00033294766614536
0.000407060739088376
0.00081735559969607
0.00124110820902651
0.00167845299748404
0.00215860079183269
0.00267920516357455
0.00307116290854181
0.00323222389302394
0.00333924700354786
0.003360016060952
0.00353776000618303
0.00348350019212851
0.00343537101209587
0.00349176622978145
0.00325018848977881
0.00323620126797877
0.00246122341594632
0.00202102658288785
0.00144230756643272
0.00120531554904022
0.000745014271795903
0.000188056373284571
-0.000916828575708664
-0.00135618021133268
-0.00205356595158171
-0.00317979919710466
-0.0038816282791602
-0.0046796500574053
-0.00566089756867009
-0.00657964664446182
-0.00772956215399167
-0.00885650791807482
-0.00994846261633893
-0.0111614284697747
-0.012258099578717
-0.0135862528619944
-0.0153211847334831
-0.0162264248931385
-0.0173784102374475
-0.0188872907727637
-0.0200152514652587
-0.0214229859644685
-0.0225515198693114
-0.0240607255575851
-0.0252731305551254
-0.0267206920336185
-0.0280009159930933
-0.0293806860410481
-0.0305853220260754
-0.0319006395011572
-0.0333003654962458
-0.0341652017499861
-0.0354316958080676
-0.0363480390703181
-0.0376700058262229
-0.0385874145544156
-0.0397244474600658
-0.040635448815454
-0.0414117647098329
-0.0419949352194674
-0.0429173781234963
-0.0435569102383911
-0.0440153917879809
-0.0443543271711136
-0.0446612042533739
-0.0453051795157833
-0.0457293516090968
-0.0459128775790319
-0.0464298689013546
-0.0465397568674333
-0.0466507427792064
-0.046657917088895
-0.0466048061685619
-0.0464308718746491
-0.0462098713568506
-0.0457538507425844
-0.0457641804943247
-0.0451862672160643
-0.0445904501319621
-0.0442391545744234
-0.0437851872606704
-0.043220838111248
-0.0425909876688087
-0.0418812980344047
-0.0411408838635547
-0.0402884639272997
-0.0391078178253941
-0.0384853945740002
-0.0374505233086539
-0.0364106728935497
-0.0354924966727867
-0.0340456092113112
-0.0331263414798279
-0.031795470332642
-0.0307807888673787
-0.0296217198796362
-0.0283818798357631
-0.0270900050210292
-0.0257056208029972
-0.0243684229909944
-0.0230412600447984
-0.0217147707227452
-0.0203884623094494
-0.0191234985093933
-0.0178496044754287
-0.0164111434346974
-0.0152777471643107
-0.0137674434089051
-0.012736522209264
-0.0110649745930129
-0.0102621083364792
-0.0089902305753029
-0.0078953964407309
-0.00701993671360992
-0.0055903592861661
-0.00514014437161066
-0.00387001473504165
-0.00275470017853352
-0.00196518641659602
-0.000865349412173033
-0.00024353943540261
0.000530394583728838
0.00173748706324127
0.00225050807997867
0.00270679624654119
0.00349434765491468
0.00437657601793017
0.00473978459285302
0.00491806542328192
0.00525560488332076
0.00580456652617722
0.00586044868188729
0.00610630938818194
0.00621718693196063
0.00645820446946596
0.0061127645303041
0.00612533312788102
0.00584949970299963
0.00552458338712156
0.00510626809047639
0.00480588887861673
0.00450253653067838
0.00407246223199707
0.00297166917216168
0.00242131714543337
0.00196778419037646
0.000746925928213667
-0.000183658255108522
-0.000891155660432674
-0.00212582727292892
-0.00286610704906463
-0.00401972756308027
-0.00529218381498238
-0.0064373635609597
-0.00771278541962889
-0.00907057936487432
-0.0103065061609778
-0.0118415270386265
-0.0130238376002725
-0.0143213432743911
