0
0.221960590009671
0.108765648729545
0.174795867828619
0.348340660873915
0.181088193137459
0.109261804125276
0.165553447783245
0.266301039874965
0.158284511222984
0.117380892424069
0.14022584077618
0.121696748092868
0.142739300183597
0.168622247413956
0.067112243778199
0.0820394498225378
0.0298116521078179
0.0468836157498944
0.0319304968346302
-0.0171568402338932
-0.027842703131551
0.000531378451382175
-0.0497281779401508
-0.133074833733763
-0.0893132230850274
-0.0936079116669085
-0.141173021879093
-0.225336846035158
-0.0993914115028504
-0.143841186028869
-0.222087498674134
-0.189236633710885
-0.166470613977323
-0.147943577353117
-0.30036188187521
-0.211529528337075
-0.188925774498734
-0.222242827737953
-0.271967354472927
-0.218502359370896
-0.29488730226162
-0.238553979037566
-0.229781667434815
-0.239399620446482
-0.279108800521225
-0.242943588193742
-0.212107615966656
-0.224150566816719
-0.467632893648574
-0.159434562692925
-0.255815610444161
-0.3116586021139
-0.220396278419428
-0.356455211305928
-0.248010237515498
-0.235692266973602
-0.365775535508715
-0.257265766558285
-0.20517868969836
-0.347153096896121
-0.221580556939027
-0.240197733230787
-0.333875362615853
-0.158449627363583
-0.171224978115213
-0.191183447524965
-0.30190329128533
-0.160814040090236
-0.159734570181132
-0.0619442382511483
-0.113304245845017
-0.123617870963118
-0.153796125705951
-0.0878201933937572
-0.0658411767115606
-0.0589168625417617
0.00154506216425921
-0.0321179350055029
-0.00825570659502233
0.0181184875758817
0.00271545525828669
-8.72445603643612e-16
0.0212402327459544
0.0456174388549411
0.060072728463939
0.0389719606102233
0.139788868084245
0.117305597042104
0.0908372015119122
0.106524632169065
0.164881285337523
0.105893815924607
0.124732835013987
0.190358277492531
0.258696066347682
0.128497712397079
0.21651277244383
0.139977082428755
0.27948377774135
0.243920078051638
0.237670478106768
0.245209227140882
0.325563782898223
0.216861561445318
0.256350308196456
0.309056327437586
0.280272862340751
0.161841604589491
0.266696207386993
0.357037948809949
0.238655346717543
0.327852586755348
0.218912251574974
0.216752658408447
0.321070114239875
0.237431938583356
0.127666768128562
0.278302605991154
0.233529074524873
0.217551094275772
0.142924571549971
0.190101338835457
0.258181110711041
0.164234556830713
0.112404320670397
0.126773054835683
0.162997369760592
0.128395623248293
0.0412208208152418
0.228132235347978
0.0427573695682867
0.0547802155306989
0.0578739530954639
0.0162697470449387
0.0347451539629139
0.0565137387337321
-0.0200780645751196
0.00413665334736689
-0.040206536405332
-0.0543631984330291
-0.0737249691989721
-0.0359277472513873
-0.0551367075427663
-0.0890511384528024
-0.2760520670092
-0.145735037086285
-0.149580683487349
-0.130485453963837
-0.270249319703328
-0.241353831779614
-0.1480858974885
-0.184051185839418
-0.290702485653093
-0.296956282675078
-0.20155541710628
-0.219199862584665
-0.349392276466742
-0.198777520644753
-0.257047424198596
-0.351297691942761
-0.224354209300208
-0.339154281847981
-0.275916967113551
-0.241058209943333
-0.404429780475244
-0.23188172647561
-0.221064231984334
-0.405208860391724
-0.283111614585332
-0.285492196715825
-0.358655617175782
-0.219952330182561
-0.255668889691526
-0.341240945114414
-0.188816345576953
-0.328942306854533
-0.332036220111968
-0.128038965610587
-0.273478887040182
-0.273376781686206
-0.239737169646072
-0.185165445638776
-0.255713178029224
-0.215915681700409
-0.169107512875359
-0.201471953345907
-0.145998779985106
-0.175600270624388
-0.0806408158270537
-0.104103717494044
-0.0444282847777154
-0.0575740488306912
0
-0.00145291077079259
0.000726455385396293
0.0187401894369066
-0.00145291077079341
0.0741362878899195
0.0739084514232919
0.109623000855403
0.128530716265954
0.110454612994656
0.110105084228886
0.16323007895231
0.0917963422096597
0.110505418341402
0.274955717170361
0.129558149286385
0.135168072782223
0.299030928556279
0.206901483275074
0.218561709440968
0.219070469874515
0.276596558079562
0.200069228798056
0.299796408555083
0.236237517614014
0.306768956521361
0.292488229503414
0.23727656172935
0.391732000397685
0.21967481163349
0.350817603733101
0.38295506576461
0.237897686255471
0.494887083275474
0.184130191791233
0.476786929505987
0.27955464468174
0.3206498816436
0.401745103238875
0.220835683398136
0.45775157388531
0.219652419536961
0.296947113299828
0.342728870525961
0.188341662640319
0.420713250909447
0.199756031263697
0.197640334287157
0.263575387069343
0.326068561324369
0.16787732109184
0.166778694012292
0.274690073591951
0.219395726965859
0.128218957778178
0.091645450733538
0.21294081685977
0.225064410740597
0.164574249421922
0.0573449167323314
0.0517714830107961
0.113492726481406
0.0243710148776461
0.0734152851334221
0.0269819844035212
0.113963886589682
0.0438190911159258
-0.0224914535125018
0.0521836165195331
-0.0520246840801025
-0.0143067724298554
-0.0420658606844687
-0.0520594878632915
-0.0707442616250728
-0.0552232549596404
-0.156891873202658
-0.0293825355860489
-0.0447583011981048
-0.173500458084529
-0.26753559917043
-0.160941494712326
-0.108412612519021
-0.135086201309881
-0.310895078001083
-0.273272086245558
-0.202379634505523
-0.401750444614209
-0.238469356127246
-0.239360799880407
-0.402362472778224
-0.2410948031426
-0.162767237437042
-0.442182999892145
-0.253814061074667
-0.350851021021822
-0.36583935236139
-0.411001528969896
-0.362740862548554
-0.219707219926708
-0.563227497339062
-0.274442649148642
-0.532600244842461
-0.198453836469408
-0.40238885677552
-0.276241541790073
-0.146375536000815
-0.350015015546868
-0.225488048213902
-0.109205447145369
-0.127042012620153
-0.183579459808375
-0.20175378762496
-0.185452051151638
-0.0739380766728662
-0.0707762962753992
-0.131461114343006
-0.179362817225591
0.0124195437942456
-0.0896857856496017
-0.124685941896152
-0.0199866048495614
-0.017977921458961
-0.0206837987929183
0.0153117516480279
0.01880997294614
0.0229408587954081
0.108148951043068
0.110885919807618
0.10877147481982
0.127364760725623
0.0737180335349151
0.0533900417569771
0.152450058170246
0.202323978781442
0.237513454049367
0.137974824227568
0.183301273869054
0.188849132844764
0.335962984330406
0.167275392760056
0.165473369068644
0.311371085571807
0.258440335794779
0.144479524296818
0.220731373699621
0.36362417269281
0.127954654903518
0.165202926721244
0.258190911048416
0.272440740300624
0.149478078084287
0.164555899230802
0.348279447771335
0.183647864519551
0.148023454096556
0.161860877674319
0.238213433155163
0.249299775052954
0.129320656620039
0.146359871500816
0.182128197804683
0.330936504060596
0.0717027268540341
0.0908102482038435
0.109718390221538
0.167808643036005
0.164135787668296
0.117400891427629
0.107642664286209
0.0378344865571701
0.0928137922495345
0.0184376615191922
0.0532313430032451
0.0171646247386718
0.0187114562775204
-0.0715226263825943
-0.00140618510964663
0.0154224004527765
-0.00135053362167559
-0.0373038666938014
-0.0572610726295826
-0.0515155039652676
-0.0911231832008324
-0.0741496306771465
-0.109976997044874
-0.123532707702282
-0.114774918226706
-0.127532602209569
-0.109089234520986
-0.147765480213875
-0.144621678192307
-0.128219644430329
-0.184498576356188
-0.136404635968056
-0.197564291211334
-0.235429993226208
-0.121981241574723
-0.065830370502799
-0.27310480388184
-0.202462680637351
-0.16463681183086
-0.20934411969215
-0.297711050920496
-0.15321872357367
-0.215966259853382
-0.242491508103266
-0.276282995666043
-0.200573696652978
-0.181876489623178
-0.31276756937177
-0.197865989038684
-0.185939101333908
-0.144506190157878
-0.274896739313537
-0.201840750443688
-0.148906284741497
-0.194539292904553
-0.0809561472969752
-0.220380124118507
-0.117369030595055
-0.17715965271801
-0.0936233049437594
-0.111179635708366
-0.110594666474951
-0.0475595603212062
-0.0947437416452527
-0.0584844199486716
-0.0856041892967744
-0.113125639135299
-0.0202031252214145
-0.0186694829551115
-0.056150678399497
-0.0552713064079868
0.000685503988678191
0.0204860921594594
0.013160703788852
-0.0207305275208337
-0.0159670287679377
0
0.0188800601720362
0.0410787222674752
-0.0214143811942268
0.0712092862479336
0.0967710339119298
0.0686083728226754
0.117113073919211
0.107965935434505
0.0883621281694047
0.145061281023498
0.12921277273162
0.217486197499569
0.225580641425285
0.163221053053445
0.163760712528327
0.222619283968992
0.199022921112407
0.118931991499321
0.338770140748109
0.22772972544505
0.251806068890944
0.236102182062122
0.203703351254859
0.368345421312471
0.200216839811502
0.165481722366102
0.268931203537245
0.257755831270851
0.166862741669021
0.185112832892005
0.239413733147203
0.238125274762955
0.144419470642068
0.129256296541696
0.240673942254907
0.162457754338586
0.178285301770972
0.108350720822645
0.0792091336018264
0.187364193696236
0.277468719965455
0.106865401367566
0.128977249403035
0.163254579306744
0.114023099269843
0.199104054122792
0.143005036085106
0.115333737061429
0.0703316242961134
0.0753802167408227
0.0892240998030629
0.114023099269844
0.0532733384952417
0.0329342891515361
0.125670297173698
0.0209060437882393
-0.0142148245198276
0.0102808159265322
0.0393931080093952
-0.0373679196633567
-0.0690926319970078
-0.0742713190838123
-0.165054449617321
-0.0736106915903898
-0.0724745344290521
-0.0925585768760437
-0.09533039989354
-0.179486892912066
-0.203821417478241
-0.184945834644174
-0.109254842775628
-0.165940734171613
-0.217855022868761
-0.203521038582961
-0.147000217944901
-0.127993495172844
-0.310646056671717
-0.115190289336735
-0.233843661520196
-0.10788728462802
-0.125935733334358
-0.2360183679347
-0.240863732039677
-0.130617099495596
-0.127226253113893
-0.29028667080599
-0.278679616182596
-0.128420598582425
-0.25390912782317
-0.276684607229071
-0.220622164140667
-0.182265739021972
-0.255142300836639
-0.29829062380214
-0.110585085924035
-0.199680205845436
-0.27403937277813
-0.192547246265358
-0.216464736137831
-0.215784136124846
-0.292240179510637
-0.242719841985226
-0.25461041048983
-0.183955329006101
-0.275703569455476
-0.220002095588196
-0.218608197292494
-0.239365254439687
-0.185403200358379
-0.200230124146326
-0.163971213116302
-0.0560994480140867
-0.0550199657467185
0.00137719566252802
-0.0378083708577843
0.0176729998468499
0.0179691695414334
0.00441150844541958
0.120223645523129
0.164985216822154
0.109430014731575
0.0196632144756205
0.0732483491777778
0.16659218444721
0.220866791305437
0.145765192015907
0.115351112012809
0.0871410024018298
0.163137972885235
0.239809971571413
0.146625763248593
0.205963499741011
0.14232913569331
0.221795778366597
0.220599250863853
0.255168977025624
0.161272646123834
0.200415455510591
0.411377505668179
0.144451008636333
0.314538360516975
0.307175712950924
0.165488132208685
0.262430593512585
0.382002017296319
0.166111687517193
0.258747959599791
0.345743408053502
0.128106824355908
0.260174635598487
0.347211417555528
0.163214347679854
0.182135536817531
0.253551555775885
0.255872805462758
0.168405603139589
0.0741901840090792
0.217309835247959
0.239448449711923
0.145573090811727
0.13072472637541
0.0564883095998974
0.166399918269462
0.0920489932531408
0.200778796560183
0.0903641096525883
0.0920951783125419
0.0708559294146088
0.0529626004403049
0.0591993084237481
0.0688024451017857
0.0937104364419511
0.0246141036559191
0.0355736588941842
0.0541295668562689
0.0535411332599911
-0.0517425951022101
-0.0520863118653971
-0.0111376622760673
0.00148107239640559
-0.0960036444715745
-0.0740031740161329
-0.0368303635313596
-0.0555189990147006
-0.0731506916159119
-0.0732957417324564
-0.109834494211405
-0.17906425782066
-0.127487440868188
-0.225049844122177
-0.0889883424024927
-0.125744956228483
-0.232903637966077
-0.222691997644946
-0.162897516903774
-0.110720612435309
-0.315493250520797
-0.10374288998651
-0.194419171733253
-0.122963371134473
-0.207575029927231
-0.19192790414039
-0.181582611358949
-0.150375009913952
-0.147541849446173
-0.218100720557211
-0.221460825407177
-0.164787590181686
-0.166846033578432
-0.181814651459046
-0.21762275641275
-0.240906535390419
-0.14634406277378
-0.272788472687585
-0.183397228029434
-0.185076743077645
-0.261811937198932
-0.231633092364416
-0.123855150171367
-0.0984214668633098
-0.203197242584978
-0.153042312894697
-0.167312914410231
-0.13863743651063
-0.0968149721823585
-0.140213299063733
-0.116049862001532
-0.132918992931396
-0.0511655827988058
-0.0706990116789195
-0.0410098364582043
0.0076463832692745
-0.00257420173034865
0.0298481747686451
0.00672239475334559
0.0504280872844932
-0.00360365478207821
0.0868634306158908
0.112338793711832
0.0776175399982361
0.0554394072500112
0.0934637849659147
0.107215568251028
0.0493306931496909
0.122462448415586
0.0269029007111271
0.129985579979429
0.0958170164640501
0.0411046297782281
0.12409156083402
0.0760972550901602
0.179847871826959
0.072721731949501
0.197308169284061
0.130840036720337
0.090274102936218
0.143863860574183
0.131898595673071
0.280204131292282
0.142983614285829
0.110789718275319
0.295924613498425
0.274831576999222
0.16229667335821
0.148995844816716
0.326394792544948
0.239325294191484
0.170958507104499
0.255536532996985
0.344133365320662
0.0910229211050165
0.182003556223375
0.428145711488304
0.145772754610223
0.162522923835901
0.112327524099837
0.194948909883968
0.257487370164471
0.113504455258646
0.110789530115489
0.089545201085475
0.147903742339995
0.117630699641996
0.18079408217127
0.0705079184727068
0.0675543538217767
0.0187005702341623
0.0599248422893658
0.057710943745829
0.0553450337483288
0.0546001836261311
0.111421676014062
0.0544158045598779
0.0314804974486645
0.0784339739671549
0.0366889556065203
0.0755113106454258
0.00512531242935903
-0.0311466281501172
0.0418365728214397
-0.0200717323856769
-0.0179067217700147
-0.000757171863366584
-0.00834955662140076
-0.0859503945796194
-0.0557455555947442
-0.0872033156457726
-0.111743662627735
-0.145293782053269
-0.0341506920068659
-0.148379896745776
-0.129965802170628
-0.130268880353649
-0.256678771639911
-0.144738846347099
-0.25835365437995
-0.113244074079129
-0.331911053522716
-0.0994246311072128
-0.259428926592242
-0.149811854004263
-0.221075667060191
-0.237501200160957
-0.203511171150143
-0.180298821136349
-0.180179496252648
-0.239150682886908
-0.183071055193082
-0.174417417923785
-0.138406707016129
-0.185655955179978
-0.195724539850017
-0.205884023054377
-0.150921940751057
-0.123980398529802
-0.221386028495869
-0.144125907323459
-0.101609163884288
-0.197419459950415
-0.162930275126525
-0.147932930706231
-0.130398181923673
-0.198384909951757
-0.149921488604532
-0.0888766053966555
-0.114636672467481
-0.105796077143535
-0.0951000534664259
-0.161837075613412
-0.163754769104404
-0.0374443616645794
-0.0684253115840938
-0.0627240533753532
-0.0681909344108261
-0.0238739648014589
-0.067117921869355
-0.0758128666627376
-0.0558069367379341
0.11795323192652
8.43344085118451e-16
0.0117663809285416
-0.00596875431169196
-0.023234029011551
0.100292520475191
0.0365643965123243
0.0135392026419737
0.0411337780344207
0.0322450684854047
0.0382795210265734
0.020964573282335
0.0555744841387538
0.0224386861748692
0.0696763149850747
0.133036621700694
0.0499480278832122
0.072766261480004
-0.001844771827031
0.105815181206844
0.151893955533774
0.0692226319149856
0.097850663925989
0.0548444854919219
0.0917452045767102
0.147714266776224
0.0720489381454015
0.134924082182043
0.13961788363114
0.0729980256675515
0.0717861776061704
0.034548084719709
0.150524910437739
0.0986842670416674
0.19789413529774
0.110430304577608
0.0903485072832553
0.0941222440001943
0.0508094624986155
-0.00540771757490454
0.0820840923267361
0.0941704704755299
0.0907928772769013
0.0363242007908806
0.0708512054381512
0.110833411866733
0.0399742546740908
0.0715268634737301
0.0355441145588375
0.0190705604737259
0.0556547730887966
0.0165977021436763
0.0322715602979029
0.0269436367515514
0.0307276996630067
0.00271934136613901
0.0283713436904591
0.0451959186212695
0.0181826804742125
0.102829682835105
0.0211265285626388
0.0188197596126066
0.0335604164968277
-0.017073069375438
0.0199715835567914
0.0738331282415512
-0.018582881055962
0.0552973387111108
-0.0423920748802277
0.0553248874316442
-0.0525554580285309
-0.0364772594096561
-0.0753648664748775
-0.0362475642667518
-0.0360013037626134
-0.0302776584304957
-0.0597826739619167
-0.0913659245971241
-0.0600875191398805
-0.108576668470576
0.0439712005470304
-0.0903828111250998
-0.0907367688404776
-0.112896973420163
-0.128974667636686
-0.0560763783296604
-0.0354361384315111
-0.05493397348415
-0.0370620156863198
0
-0.0189157160284638
-0.0554646860890496
-0.0178823769499105
0
-0.0195386482120234
0
0
-0.0374298719624624
-0.130835310424745
-0.00230223380593906
0.0986496708777145
-0.0916910196111761
-0.0726443756261447
-0.0183632677636715
-0.074040448606511
0.00100282522709184
-0.0545162307947826
-0.074135973527028
-0.128153336665996
-0.0181038928805964
-0.0194004760232016
-0.0366218347481499
-0.0187709278544006
0.000334853453060144
-0.00106130883845589
-0.0177096190159447
0
0
0.0507296649591785
0.000746932750370159
0.039662965040479
0.0548339537995303
0.0323290223769411
0.152553012948472
0.0909755226082966
0.177090620237468
0.0926049167236326
0.0360585011896077
0.0734363260566512
0.146457869292775
0.0575744199419461
0.273710778059147
0.164313110525235
0.0726295719450912
0.0367444563410775
0.0378266725540644
0.110545144154469
0.109685228542011
0.105896425754476
0.0947711876228449
0.199333963154105
0.0543385827821789
0.0406462224714502
0.03499199431148
0.0193040632028707
-0.00108200433096567
0.0368161636494362
0.0241831279282206
0.0187286886465015
0.101830590385705
0.129383621014353
0.0196176396923771
0.0737610733231737
0.0370615288766785
0.0795561142676088
-0.0431126315699998
0.0381208951350326
-0.0517436846712859
-0.111071275620082
-0.0563540913800444
0.0235021868869504
0.0076183991295972
0.166545408974393
0.114151327634381
0.070090601862537
0.0172926980329155
0.0558961008697967
0.0358294918041783
0.0942423829434421
0.034598547362215
0.0550444306845747
0.108098876349232
0.128035584867909
0.0742135553362983
0.0544743684380915
0.055950075865565
0.0185949890210943
0.0178625927139149
0.07302871335069
0.0207752185187318
-1.63525061877536e-15
0.019194673307071
0.00560688202207556
0.0306841483861773
0.0177586292554668
0.0185281485339633
0.0202570758948575
0.0036481970490085
-0.00704124078439105
0.0420249305772532
-0.00135604765870475
0.033724086218347
0.017142006032373
0.0210369333785853
-0.0172273763242022
0.0416437498818973
-0.00195501916260353
0.0153805680556001
-0.0904042813099891
-0.0345879587088296
0.0356188128650263
-0.0402760552562303
-0.113350919048342
-0.0485555644936747
-0.058585130776831
-0.143352130328425
-0.168866179905731
-0.164900895474838
-0.0930464577099074
-0.123196735565209
-0.0757093754387075
-0.181356648692489
-0.206384533069653
-0.119805517064341
-0.146343672331308
-0.0747855280675561
-0.206078436729615
-0.232443304851961
-0.199340861628166
-0.107742480539781
-0.0532148638848289
-0.174527545720032
-0.299182153851713
-0.127900632218682
-0.165578411894339
-0.0538290494083329
-0.12338018485409
-0.294635352612913
-0.160032667988354
-0.130824769444941
-0.0928779812523724
-0.131994247245802
-0.253308803834821
-0.145433212248718
-0.149176024728183
-0.123705194637556
-0.110985692012698
-0.241690796163863
-0.204009714975452
-0.108318984808909
-0.0724535416868512
-0.0941640009305473
-0.0919430257212311
-0.0900963630555882
-0.110679665797177
-0.146500973291885
-0.0548977974875242
-0.109546173293888
-0.0377565893972835
-0.0546705046580269
0.00090035574778415
-0.0589551828338075
0.0325692698606173
-0.0117806969376788
7.61870432936864e-16
0.000997544840430671
-0.00241253395163381
0.00461938072055949
-0.0034185430732044
0.0719530150310121
-0.013540971112947
0.0126162114415381
0.0429702486905979
0.0320997070597554
0.0620886314930433
0.105087069210943
0.0941507980058351
0.0353486984831587
0.108077316969225
0.0553302946721894
0.109981488972137
0.145762239157023
0.072047807325557
0.185757162290755
0.182917582852521
0.111180642815868
0.141531321465061
0.238232888877414
0.162312530030724
0.0986152438197508
0.199653538121874
0.218443610859011
0.239932408862726
0.151079257105176
0.181997216323579
0.160682684992206
0.281421474065413
0.196884701321181
0.146555118208986
0.205808176992008
0.197111406739758
0.151554678284222
0.12865242047999
0.128338948436388
0.111262109672847
0.163363937167555
0.197767974664018
0.0536661631806613
0.0348510588128036
0.0542583172622968
0.205627656570076
0.0486949265973193
0.152608802508979
0.128791554395105
0.146109955706556
0.00402088991938871
0.144818771295279
0.0675934356285239
0.0574667233448855
0.163232763623484
0.0761209000765571
0.0960132034519385
0.144457104686849
0.0510194718043099
0.038418680695701
0.0193418681033608
0.0692217663789524
0.0541357181048583
-0.0730799784442062
0.0194956442262444
0.0904231595153312
-0.00223391646031542
-0.0363659163358698
-0.0181607018829847
-0.0187102433598499
-0.0686207488711605
-0.0740263553965566
-0.14673016600067
-0.1634279799391
-0.131001373625197
-0.15010005508406
-0.114982455421616
-0.0996951976154517
-0.105098424353138
-0.225706376092049
-0.1089382261837
-0.148270823353897
-0.12887180569134
-0.0639666350588271
-0.086218412568039
-0.197604828876681
-0.181968644487833
-0.0756490424909127
-0.110062728163676
-0.0742176650495451
-0.0939768069271065
-0.110271028484931
-0.125147805653126
-0.183658206140997
-0.128128562523211
-0.0736908106440723
-0.08999709699034
-0.0904863206523605
-0.112248259603815
-0.166731198162963
-0.183415407061286
-0.109326464637698
-0.152590174688531
-0.0801247117563418
-0.138122896467215
-0.217696719073811
-0.149695840350365
-0.123000260770497
-0.128434211074
-0.10973584219785
-0.152066252647671
-0.217531831566446
-0.0750747359162841
-0.106138627051586
-0.0723891486302507
-0.0554480714440345
-0.0174703913767307
-0.0364095711984888
-0.0187538965523939
-0.00138124535313494
-0.0179846254694502
-0.0185139234679103
0.0364985489373605
-0.0429060324997765
0.0612639418444269
1.5702941631555e-15
0.0531359782648411
0.0697284336416748
0.079453695160435
-0.00207186802970233
0.018901612217374
0.0372037960703187
0.0725014545511717
0.0551834613366665
0.0914830496703307
0.0727169532844173
0.0724699983142519
0.072340511319898
0.0727499812711431
0.0193212716273702
0.0345474006749526
0.0971843783122553
0.0188817941302887
0.0136000840161812
0.13373112142959
0.144444984689608
0.109570695340954
0.184721379093879
0.0921635580780327
0.0737663689576647
0.109897010119057
0.16480801360838
0.14399162107668
0.165220601521898
0.166484704013299
0.055280504367842
0.0939186596043234
0.107689753792646
0.0732791350941087
0.206710581701279
0.12586499273291
0.117758025050689
0.0722057191295065
0.0578271586894592
0.0251152701445484
0.0390378922490784
0.0366866116212302
0.000871442897111963
-0.00138124535313398
-0.0167385181912268
-0.0736171724177396
-0.0386525271373249
0.00138124535313477
0
-0.00219925950703979
0.00141904298313852
-0.000695741431096506
0.0541721196586936
0.0379718250312369
0.0736506072180415
0.0360599991008156
0.0173348411581235
0.0917426852504183
0.0445951265196901
0.00180492544939568
0.113586937395137
0.0190688518914541
0.037514411533887
-0.0352991277039987
0.0730432044210897
-0.0571203044883506
0.0543257146201461
0.00190466659684631
-0.109661307194208
-0.0376108702922481
-0.0714972487521879
-0.0921387907498563
0.00072133622064323
-0.0915364997110835
-0.0548495550806376
-0.0530741650433796
-0.0536647487773414
-0.0155154036165704
-0.179374789031701
0.00544182062772237
0.0177806827734883
-0.0887628289117714
-0.0174473871485418
-0.130286710709004
-0.0902693827702745
-0.0724470413455172
-0.0191984326278205
-0.0549112498485036
-0.071018566262068
-0.0192569051844091
-0.0754775734390534
-0.0175256741808277
-0.0172990457663589
-0.0571169366943669
-0.0923881764845847
-0.207392258349962
-0.0831490076976266
-0.183030152189901
0.0352010966901333
-0.116659649995861
-0.0213647223247245
-0.0945364579383617
-0.0173279027348649
-0.0530569832797098
-0.0901522872494376
-0.108604853357148
-0.0664054637594416
-0.0746477152887568
-0.00572648441951425
-0.0725972212993811
-0.0375206094011953
-0.0186355373392219
0.000190061574086907
0.035516937407747
0.00103865610021846
0.0547321817057999
0.101391194042507
-0.0049657616938186
0.025502025782525
0.096052255184351
0.108232492415011
0.0882555628046423
0.0642740654149618
0.0398344419606791
0.0520363612111896
0.0217225753266948
0.0366472241532717
0.0186788422284687
0.0340149559739137
0.0771840497761776
0.0537835945948009
0.039534040043935
0.0180541941479578
0.0469147250735788
0.0498727487491585
0.0820731422332488
0.031365583263875
0.0709583043402764
-0.000315909527936317
0.18543483667701
0.0538187398667437
0.0462463647681066
0.0553275665437694
0.0741460066460054
0.16513582762246
0.0152861301745841
0.144534848545099
0.163073942880601
0.0681983366528153
0.0804486276248861
0.109054742198056
0.127910363933375
0.12541872410304
0.148854031473183
0.127574410562677
0.0546799753001166
0.0588971068582474
0.0323166754509749
0.0700881342835787
0.0363140925122952
0.0760915891970698
0.0720202686787605
0.0719432088828873
0.0567760448722895
0.0156635080050174
0.0394775478620601
-0.0204121402678297
0.0221225384910727
0.0492635181893142
-0.0314814022910738
-0.01901948547
-0.0204982597698338
0.0543591870278206
-0.00167340777516136
-0.0163013155919644
0.0184783275322546
0.0360364972075696
-0.00311060388066728
-0.0416026530999249
0.132406220615009
-0.0121656709718239
-0.0169200641848666
-0.00383705634322851
0.0195585029258835
0.00254582485091238
-0.00361781002672414
0.0222705519789998
-0.0600185211882289
0
-0.0404933602305692
-0.0662868834840235
-0.0533376363051366
-0.0727228142071036
-0.0391297730399904
-0.128746590578607
-0.112587434347147
-0.0197180783536464
-0.129569338370918
-0.0706152977942932
-0.0190907235150379
-0.147573352666742
-0.12791887925032
-0.108865914612544
-0.0894659394682329
-0.127264733108753
-0.0565405412472298
-0.124088099054758
-0.0722082155653953
-0.0760899939551438
-0.0952339949362776
-0.0384344686330396
-0.0368845905895828
-0.0532782140346554
-0.056143415478367
-0.0539515804196748
-0.106092314564
-0.0404092845584503
-0.055562377013156
-0.16521738314529
-0.0636099694228626
-0.050034666230317
-0.0728843831882684
-0.0351580830318438
-0.0369338088780439
-0.0352162375724863
-0.0718947185672922
-0.0550521133403463
-0.0414213871907564
-0.0902903269094875
-0.0359971886102147
-0.069928117571478
-0.110445062399608
-0.0432706031304514
-0.070617042825215
-0.0692831036772921
-0.0383747042241423
-0.00347898192558206
-0.0524565903293944
-0.0381452872911464
0.00672679471834751
0.00979840222410215
-0.000777650970166072
-0.0152260793040985
0.0218095061473875
-0.00228687458767023
-0.0227708133873766
0.021391340571581
-0.0377065810738756
-0.0181184875758841
-0.000772531082128516
-0.0186583102428163
-0.0156417409883535
-0.0726646302338414
-0.019925328687047
-0.0205699085014101
0.00386759075669988
-0.0396875338623289
0.00223319719321755
-0.122977240088111
0.0100983692985447
0.000709929868079315
0.0378658315736446
-0.0741084859821172
-0.000861156824178139
-0.0565500467662849
-0.0167027465872822
-0.02231989637272
-0.000991549651579175
-0.0364607765953982
0.00248151507911097
0.0596129251360196
-0.0608422029579819
0.0205809555993429
0.0154549545857874
0.0558739494711586
0.056384218553913
0.00112736104480894
0.0341866201977859
-0.0821008740876484
0.0643034505664199
0.077270387884326
-0.0225935147672976
0.0185392066172826
-0.0364122966518841
0.0179799565315464
-0.0171466466935445
-0.000106850489269569
0.0211364828538031
-0.0204350614355019
0.0379124679718979
-0.0134669297099788
-0.00451231362348707
0.0346935025098258
0.0719019425396696
-0.000657781087410431
-0.0147833713127116
0.0911402145255741
0.0366573599169991
-0.0867270930443829
0.13448342565451
0.0625142206795644
-0.0011357577950516
0.0740739411809242
0.0371196161134697
0.0361354988818618
0.149249477078073
0.0177881641151028
0.0953573414471535
0.0904326164927971
0.0732102611268068
0.0159902733996773
0.0934896622147542
0.0195613506914725
0.0160427624890495
0.0353672898416762
0.00221008177710029
-0.00147338785140159
0.0370637415073205
-0.053662071767292
0.0585235976916422
0.0483005858248995
-0.0193824700895932
0.0363340803539862
0.0180337411724884
0.0359186014577368
0.0721367478054937
0.0186884928831979
-0.0179556108093482
0.0732033470936486
0.0386457513479324
0.0758950959513721
0.0713653517183465
0.0563124388884088
0.0560435131221503
0.0666690519667833
0.054888282822935
0.031207490830163
0.0567158719197705
-0.0978245837695428
0.170177392663905
0.00511138719849719
0.0347680341621088
-0.0202872165626757
0.0173102141825847
-0.00231447091544446
0.00951047006324045
-0.00641609173347129
-0.0105999818949858
0.00199520350977143
-0.0232607548692369
-0.0345914972574246
-0.022096296944974
-0.0246818432099887
-0.00829586772621874
0.00901553704849569
-0.0285849694969718
0.000731574620250253
-0.00353346869571021
-0.141234763751652
0.150896030913711
-0.00731592499175495
-0.00148362660448366
0.00977782857771987
0.0180852929959623
0.0193238943813702
0.0184501800435753
0.0014938655007409
0.072971038902479
0.0396384995549091
0.0346684241671387
0.0324430396403738
0.0786452724920881
-0.0181447594559479
0.0911554708887189
-0.000153547183497175
0.0359132127606959
0.021826068721897
0.0151168317562862
-0.0246666964895044
0.0640014534649933
0.0132806755683629
0.00132232830014334
0.0516056471835066
-0.0678433984973421
0.0290324158032945
0.0203344563882363
-0.0162418719281134
-0.000844861676806055
0.00301675504518881
-0.00226778453667216
0.0565034233608915
-0.0371643858230147
0.0519433330250075
9.75447456322855e-05
0.0572390934631827
0.000443760847131724
0.0387546007211412
0.0543281781893575
-0.0466214031871864
0.0979397408920361
0.0217943595071747
0.0513761728352437
0.0376495684605372
0.111585296178013
0.0367988867746993
0.0364666848522365
0.0879853554363774
-0.033892780231992
-0.075114386688047
-0.0372633554400387
-0.109865808266941
-0.0549826449450974
-0.0551263465506012
0.00189988413630292
-0.0385531147221614
0.00368346962850111
-0.0165429826923801
-0.0214346765335844
-0.0899744453942724
0.0509107364040742
-0.0764692454708195
-0.148178249749693
-0.164256437043254
-0.126772057129147
-0.11187165924729
-0.0913874183800014
-0.055417745471763
-0.0817416159826772
-0.243502564022654
-0.182896011710457
-0.0928301214886511
-0.0556861698935501
-0.0179689905491467
0.0021793661561857
0.0215779035478452
0.0162921171244193
0.073367694905677
0.0347254955842777
0.0057953906030782
0.190673428228712
0.075691482908254
0.129225967241098
0.081142591269512
0.0497254283276749
0.0891462380424285
0.0214783487775785
0.0871458433607163
0.0720916507350334
0.218511015598909
0.112734031489568
0.0306133103476351
0.135628913599821
0.037254967319339
0.146561186951394
0.0174161378408939
0.127949853447255
0.129472046970247
0.105789524489793
0.0760069482877029
0.156940270267872
0.0362872434180674
0.0606659280886299
0.0935899289750642
0.120576026937339
0.225287466367159
0.0858441498183573
0.128791771041514
0.0927049610396993
0.0796471182839523
0.0657251808937958
0.0633017819040554
0.0486215807742514
0.113656926826818
0.013699968623943
0.0160332384644371
-0.0355465289380197
0.0106881188545721
-0.0229072142134025
-0.0848717353589371
-0.05112890566413
0.0768663461044465
-0.0476012406012701
-0.0585224932989626
-0.0588114570667904
-0.0687004023322192
-0.0612448895387977
-0.0342739351943357
-0.088943791012342
-0.0956986536542997
-0.166456959079345
-0.143520537527971
-0.0704510103295648
-0.0908998686743551
-0.0481034270099372
-0.0752158487877394
-0.0596932604903028
-0.179770077064656
-0.170203855276402
-0.1980152576992
-0.141087026613848
-0.0510530343762517
-0.1449168911016
-0.26025907933838
-0.124920907776841
-0.186924513676715
-0.111420346400275
-0.204096291125388
-0.286844921218277
-0.131356612768838
-0.147812272276968
-0.0683755508839853
-0.368270420258946
-0.141934455107135
-0.145144444447823
-0.130111246191895
-0.198484428651094
-0.258440572078954
-0.149557983365999
-0.177856500913267
-0.0661334936294554
-0.156779620897775
-0.201835828030088
-0.150357523912443
-0.129994389138759
-0.0338993767819823
-0.072779107676107
-0.12769175368823
-0.112508198933232
-0.111496232370574
-0.128946522333132
-0.0925811829857205
-0.127875486558991
-0.054089835766143
-0.0393979293600246
-0.130437461578187
-0.0855409535992196
-0.0555504942121468
-0.147537086203031
-0.0498690138686446
-0.0461529877910006
-0.0192617661493588
-0.0361629874642713
0.0176333361828807
0.0196729322983949
0.0737898452119232
0.128142987588191
0.000812740605675064
0.0540867484323003
0.0914054633458619
0.0945056847183803
0.0170873814533225
0.148381753486156
0.114212299808574
0.145707998227035
0.183488039314003
0.12460955164648
0.153685267045528
0.179922311029412
0.18150536892833
0.131901997091032
0.241790443060596
0.152927427969003
0.182436691552152
0.199971889967081
0.113784691355698
0.181041620766814
0.143396952446217
0.149748430977594
0.148174859489408
0.145501707062426
0.16995259006555
0.0898920448585418
0.217778082773828
0.224389960242652
0.15987659919157
0.166189589790387
0.279691630121205
0.161442234045533
0.119356743359614
0.2252856523282
0.300638519078796
0.179587552689961
0.185287964738194
0.164628403505696
0.291643324317767
0.113546959568677
0.219701682748288
0.183270049385173
0.164054419780808
0.238786336596983
0.143865856055346
0.0743486194830135
0.163157783489241
0.130459509873376
0.090096462663563
0.0737841110680965
0.0734734299309209
0.0916878460634953
0.0122453214505101
-0.0297518974288005
-0.0167443157707591
-0.0576416752413902
-0.0735213732303697
-0.037348989673819
-0.0913947118414887
-0.109505425347015
-0.000670148319897574
-0.0559478626412632
-0.0721586590172842
-0.0366898456887526
-0.0740299813504207
-0.0364981536044446
-0.0929130978846281
-0.113920442061611
-0.0901471441111031
-0.126863009844568
-0.0884832367339646
-0.14730408877048
-0.123992673192006
-0.0104568722026637
-0.0530411028063827
-0.0918523213279897
-0.166478896261486
-0.160907287451534
-0.110667345618699
-0.188943816008931
-0.126325621945059
-0.182280353812741
-0.220021634525009
-0.176310026388676
-0.165725330250975
-0.149851503611987
-0.297317926416946
-0.217517007976977
-0.184005566344599
-0.148361503967956
-0.366074510113936
-0.179937398832293
-0.135853464583481
-0.148796772017868
-0.31248912727411
-0.143077859819252
-0.130275835371339
-0.128003282165271
-0.110433175286067
-0.221052579261808
-0.149701098473607
-0.0777835999586199
-0.0306525423584997
-0.0862648127329651
-0.0214617690673678
-0.0923298220601869
-0.0187538965523943
-0.0178233007913425
-0.0344266809076604
0.0192045461444767
-0.0950185694870669
-0.00487019001767067
-0.0967230330851158
0.0791689118728218
-0.107385778002181
-0.0748195695415383
-0.0374633330138925
-0.0145828524067332
0.0175203668642418
0.0222709408451205
0.0154964915410513
0.0929855005560197
0.01585528452636
0.109949032947765
0.0199904173019056
0.0344996898178395
0.0772500106927981
0.0151104688417471
0.0743048029787269
0.0377165953107882
0.0873934662598704
0.109747524025174
0.155151636740093
0.220564570228326
0.0585794891380499
0.136428272354115
0.144351660776885
0.108217172323699
0.350378866477004
0.127225342223123
0.112270761455409
0.146613321503999
0.257208324493815
0.238448804302731
0.091113605786958
0.111078750666498
0.146745389569078
0.105946681399337
0.280761170697087
0.142643425104993
0.0530411973544449
0.0422481900902369
0.257078212601697
0.171289280881303
0.221868400545239
0.0601049922755014
0.0534116331941512
0.184459993265215
0.20330168706813
0.199859731996516
0.0525002859600531
0.0735069381634614
0.0187709278543993
0.0531959291517481
0.0229665042886895
0.0148037974743671
0.0186077750988576
0.0916768388676861
-0.00290582154157898
0.0788979506623059
0.0171618428207961
-0.0172518693024244
0.0273351468746335
-0.124520332070968
-0.0575011490987506
-0.0317914327418539
-0.0939053247307133
-0.074143614285474
-0.218455472087945
-0.236926755626322
-0.10972730065571
-0.094280348504726
-0.0374352601481206
-0.0152569281610718
-0.0526893019899982
-0.0568328163840164
-0.0184956987439064
-0.0363912025417197
-0.106555358103311
-0.129120454579977
-0.0723103029683629
-0.0902457438455671
-0.00271270932838323
-0.130593799566127
-0.053928945415145
-0.0403489350444185
-0.0179244687687962
-0.0945437700003219
-0.143469585824977
-0.219703633092504
-0.0911844945910882
-0.184200883402346
-0.0559226483248001
-0.0351819597906252
-0.128026286762431
-0.220739250512737
-0.181783456172083
-0.148534582236991
-0.115623593284849
-0.0570085166403363
-0.127272795017715
-0.199490595316002
-0.0884948373439737
-0.136429988889979
-0.0519337116102378
-0.0187271954312359
-0.10629607648932
-0.0188663856958832
-0.0548065405615902
-0.0761178252598894
-0.0317612462285201
-0.0597419482824491
0.00381798463835261
-0.0360238763825647
-0.0536347466803162
-0.00292380766245365
-0.0141825729494821
0.0163901101186698
-0.0511234191941711
0.00305512342191093
-0.0423024086584068
0.0367620448728383
-0.0934540909826046
0.0452991407085039
0.0267903870279119
0.001463149240496
-0.00292629848099699
-0.0251997215976139
0.0453189012480891
-0.018487900830784
-0.0034318067485259
0.0182362379508079
0.0537768016594751
0.0552486753310615
0.0540142181462409
0.113354810614521
0.0734506370574983
0.122948755675314
0.0434547894009299
0.069083222404557
0.144345975979672
0.124701298419254
0.0989445056565325
0.262475167171736
0.121673254203256
0.187811653449584
0.172277907841861
0.208640545076008
0.184789826031873
0.0524584124351862
0.16088223270197
0.190507986592139
0.228261737699271
0.109086611991759
0.0981771092262415
0.163625634376562
0.147255405503584
0.109559232525451
0.128819059670996
0.123570854764061
0.0599225465678001
0.106127293732635
0.0735748922844133
0.0152794248622138
0.118992880740735
0.0370231700982325
0.108897410392317
0.0840204859971937
0.0962938456513967
0.07000839385667
0.0924810204043198
0.0390194805980275
0.00458387331546482
0.0545379109823713
0.0917496989506035
0.10993653055134
0.035283928659948
0.0960113711157875
0.0907925734327038
0.0540566341371886
0.0270891679209508
0.0592414257805033
-0.117659062246945
0.141527370754762
0.0434975541525108
0.00138082256691844
-0.0195689196004483
-0.0356287093522527
-0.0181880970335299
-0.0180364231548268
-0.0998396603138715
-0.0820870191216123
-0.072599219647552
-0.166823077542567
-0.10960177174467
-0.0748175176153879
-0.0339290210414797
-0.0982774242934708
-0.107578474458333
-0.158472606863039
-0.206628925741719
-0.165754947047807
-0.128041728231189
-0.0282372552025309
-0.0700119404137894
-0.0694908813567106
-0.202485042101065
-0.180574596004174
-0.147493059692144
-0.079014382470583
-0.0142914275417152
-0.0952799661404693
-0.0804726603675203
-0.181639541839531
-0.157950133404757
-0.0883113007199679
-0.111256129130538
-0.075245146052512
-0.0206125973385981
-0.0779850480542499
-0.048570995285146
-0.107638962834203
-0.183727445552493
-0.0958916623822161
-0.109140816128082
-0.055997860281011
-0.0896919837110379
-0.0146630230609252
-0.0623668509103325
-0.0546403088753731
-0.0372630207787397
-0.0724312907871615
-0.0903324218167426
-0.150895326304779
-0.0728670280655779
-0.0345525966235605
-0.0397177613107359
-0.024209104002848
-0.0251430911464534
-0.0138098716735586
0.0320925972553125
-0.0747760736473317
0.0567349164298577
-0.0207608839632209
0.0197439459673556
0.0561395454518011
0.0157336886319289
0.105840179262869
0.0419118264618915
0.053969131545178
0.108946816811586
0.0901729156940886
0.0538041273154469
0.0752112380032557
0.0179935719315661
0.0956020752103471
0.0688153542493547
0.0934836021820977
0.0532047089922415
0.149314389114186
0.067085441166244
0.184827927603614
0.02737243133155
0.0818406458499935
0.0585493664562083
0.106740996794689
0.0954533599930548
0.10967265545214
0.126679018221119
0.0525040630517049
0.154950119393676
0.0688623735343764
0.0320698761941669
0.114603644730356
0.0366154564845282
0.10691397439742
0.110639293486911
0.0552410978890768
0.109640393019391
0.0178956477305798
0.0554488276593866
0.0856141096582511
0.0371292186577222
0.0612645519834263
0.108446932206148
0.0544325636079874
0.0545345747563122
0.0537102489287604
0.0905914745664354
0.0583719554946501
0.032875860704474
0.014924979609176
0.0611164730095592
0.0938727197894995
0.0219681731228877
0.107404976175847
0.0736478621115217
0.0369805873992072
0
0.0724384950288977
0.0347995391133964
-0.0868222162576839
-0.0608520715572948
0.0462973436020161
0.045535428974719
-0.0536615276260226
-0.0951265218442383
-0.0991176382388147
-0.0485840924549393
-0.148326426406542
-0.00132168514427455
-0.128763754306039
-0.0313968235265399
-0.093677100077182
-0.160268984770614
-0.0959813556039753
-0.108801563450649
-0.14970631811909
-0.0473009701946832
-0.132515944892098
-0.0524760136479724
-0.227911856971021
-0.162510762605543
-0.0906692948352073
-0.112600652400924
-0.0598921078856204
-0.0661178449269172
-0.115544273446467
-0.0459403520202014
-0.0935919181851412
-0.223021838637059
-0.0787340404412036
-0.123824911016045
-0.0711489399286076
-0.0757510095355024
-0.112707757645902
-0.0879091385537718
-0.1820295137795
-0.163773061960233
-0.167901483604635
-0.111192077907251
-0.237739550057446
-0.174951601878642
-0.146669175165166
-0.14079116703241
-0.161764092544888
-0.108586057356475
-0.169332514391641
-0.203617645653021
-0.141370762743409
-0.115827264400015
-0.0974272821231316
-0.208763018180024
-0.150145366431799
-0.112442801704672
-0.0720331160941628
-0.110455552273676
-0.0335560837742829
-0.0737429422436924
-0.000767411268643816
-0.110334242025339
-0.0306535647715971
-0.123954330779295
0.0399095086988992
0.0198568229692154
0.018566516207863
0.0384923517469071
0.00302868745346196
-0.00383705634322338
0.00408013361797161
0.0144064631007086
0.0372270951071828
0.0146660298249487
0.00410140301068394
0.0540376748334073
0.0430520851860654
-0.00435595159555667
0.0179980485012727
0.0553643760657346
0.0161258719004655
0.0408558484182684
0.0155165470268254
0.0389650320549339
0.0655949805948023
0.0608004191705519
0.0908731202236048
0.0913765176285127
0.129240227365581
0.127862793054014
0.0745697705795108
0.0722311240831673
0.109209948137309
0.172707976657671
0.200414636540027
0.141266446193572
0.163723730390422
0.136528717402849
0.145176093320518
0.290314997592408
0.176075616553345
0.134423668203023
0.107088233242363
0.163978723827741
0.247138189828847
0.182240562534424
0.0912638050748504
0.142665649844914
0.130777740597372
0.277479573929375
0.126942956739024
0.108349091993472
0.0559387794891055
0.129772904701385
0.0892581246181109
0.167966269805381
0.138855335477844
0.115982069530522
0.0551014875254634
0.0358983540264567
0.111579086459567
0.0186480258380044
0.0666166627389232
0.0998617619993084
0.0827977646831092
0.0803046506375563
0.108885430850963
0.0728780813038553
0.0529440543550595
0.0360589499235096
0.0726023858332526
0.0364795476802208
0.0188040614328775
0.0359483533928558
0.0366689976488736
0.00289600126308567
0.0354082061739168
0.0295217896505279
-4.21672042558412e-15
-0.0364196793935564
0.0151662741555578
-0.0112208264110914
-0.0901865068721139
-0.0165770812002125
-0.0226323660383761
-0.0555231522787091
-0.0186812539576133
-0.0553072718455692
-0.0712536838543734
-0.110848207218704
-0.127200723534528
-0.146608601841453
-0.130135183520396
-0.0900672099873537
-0.0539729399432625
-0.0791719179900569
-0.213758589395465
-0.200120382130764
-0.0913924562554514
-0.130042635888466
-0.0742687760470391
-0.0712455643700728
-0.170728280992254
-0.211635435738123
-0.111292960643426
-0.151545435863782
-0.0784888062865816
-0.0576597283080966
-0.0824514547425088
-0.202206433988752
-0.199417257044844
-0.112069652202683
-0.0776730705700238
-0.0121019167368955
-0.0606788662674039
-0.0747935507043357
-0.0157815684195636
-0.126710944432774
-0.109473484666726
-0.0910399752953062
-0.00654777742194838
-0.08303609833049
-0.0607208993251274
-0.0288232188759384
-0.0706928112626268
-0.0333528136099422
-0.0174282405971301
0.00745442073758032
-0.0424820568371379
0.00508518769776088
-0.00667631972017471
0.00658417158223366
-0.00585259696198685
0.00149386550074073
-0.00224079825111108
0.0338639832917652
0.0451672730775788
-0.0198834289457011
0.0905279328664839
0.020420202250701
0.0712200364571832
0.144276736972612
0.0654948121195478
0.016610974119026
0.22723536293225
0.0785421177990256
0.10769373974361
0.163747074294571
0.201879990835918
0.185166420970095
0.108858700570889
0.0555075143019215
0.169729515456094
0.255213465702793
0.256463413925247
0.0688157350736608
0.150754295977979
0.124899553019441
0.309375332233725
0.200820712271605
0.072820344760116
0.205542011281182
0.202626859541122
0.197477269204712
0.131930237177494
0.129717646216087
0.144761859934563
0.194979639381882
0.154279178920117
0.107674565646518
0.0192096326850511
0.0630505803424141
-0.0112956662727965
0.000240158626417271
0.154369154969806
0.0134992915768737
0.106132168280059
0.0627230694083207
0.0851624457974691
-0.0173254948056618
0.0171261153516467
0.0018233734505026
-0.0159157716623588
-0.0383621147772203
-0.0696198777450896
-0.0712884492330589
0.0027937973425552
0.0171572593283504
0.000724271916115706
0.0308598982469317
0.0508871725173113
0.0911590251349276
0.0917350778631768
0.102403410093683
0.0347668435679107
0.113410707217637
-0.00461445395513151
-0.0203965256884001
0.0524287913858638
-0.00448159650222177
0.00907152529107711
-0.056104535845475
-0.0200601291931596
-0.0242332456896879
-0.107111580919179
-0.113557513514476
-0.026040779309639
-0.0747658811832186
-0.0532605961835457
-0.127950238850555
-0.145247820590384
-0.00426463745636902
-0.0920670064140002
-0.0982682093229227
-0.0941300801334464
-0.0504697920359256
-0.113310859003171
-0.196106877226671
-0.077374557955124
-0.0337064027396923
-0.0407519899410996
-0.0698371846613254
-0.0403414569130225
-0.0557035053684307
-0.16293813642389
-0.0367676105154884
-0.133222082137498
-0.140253259950129
-0.134470394036226
-0.163634411567375
-0.101892741985324
-0.151108494750661
-0.184671487742833
-0.185184887271596
-0.117910093032345
-0.222070896761689
-0.23487370879922
-0.182894713658265
-0.161957351379689
-0.196516662675367
-0.325295777340163
-0.143346892076036
-0.13500736964515
-0.285861571509746
-0.276623774579146
-0.118406407031336
-0.084918585246799
-0.188698566235779
-0.144662866187117
-0.219151598854675
-0.111269263518376
-0.0955749458567685
-0.0927393563611335
-0.0484921844681225
-0.0734855974263997
-0.0739273996055822
-0.127807779743644
-0.110244312018211
-0.0179467020468533
-0.0923697285601191
-0.0381560378180897
-0.0558192885404512
-0.0586170797732937
0.0160221177044861
-0.0348096465300667
-0.0315880357002245
-0.0174128097526832
-0.00306939459471039
0.0156752844401152
-0.0179868612508369
0.0373271243810441
-0.0185722850455487
0.0179868612508353
0.020790192242003
0.0354361771400965
0.0445492009438805
0.0334896825997712
0.112839127109187
0.126380728239366
0.0574559989575115
0.0903749836439761
0.075465564029167
0.14347294990611
0.123379270077247
0.116844215317003
0.199896743529686
0.127193507125808
0.142115827731568
0.147363641148111
0.203455346364307
0.220617416452535
0.184332625406851
0.126218083783768
0.200212147414655
0.185343764002396
0.165669849066941
0.144972663077669
0.18260870500925
0.262613491940302
0.123707593676474
0.169486790406401
0.105047729190446
0.312361693373142
0.134940445397444
0.11894204288758
0.165389841285961
0.165762172867958
0.273458399580585
0.0740259334593282
0.146286365867929
0.0920614428911475
0.126780873848098
0.152309554969123
0.179415560702352
0.0738336071559932
0.127653717412717
0.0911986145075168
0.0738357804868077
0.0752558928361923
0.0685417734677857
0.116791858279591
0.0892472475836342
0.160393858491065
0.0364545373829532
0.00526708112451964
0.0011339756115522
0.0323573944185827
-0.0199503323119154
0.0370122228007858
0.00418855755589202
7.85147081576186e-16
-0.0544424873162573
0.0167401072398825
0.0162680226855957
-0.0184040082276201
-0.0364070929409359
4.43346098798053e-05
0.00202748948603734
-0.0410951335185211
-0.0542940019497211
-0.0700949751655272
-0.076294955891459
-0.0888292136977848
-0.191145490900297
-0.0312344314049749
-0.0350181542852695
-0.0195624223885009
-0.147241541292128
-0.0907989409025147
-0.128611099449766
-0.238601156980612
-0.0913781028568801
-0.202059442674407
-0.0903036749473016
-0.146435157236534
-0.239143524660326
-0.200679486733295
-0.127081641003676
-0.124172081577856
-0.190517879493716
-0.280583437812118
-0.104467978570242
-0.109132041040362
-0.240252502214327
-0.19927827563375
-0.129231438210093
-0.12771815133631
-0.108080918031666
-0.061593734426175
-0.120437613327041
-0.0939395719093085
-0.185657101900161
-0.14653392607352
-0.0602685499976636
-0.0855004250222375
-0.0939638233767896
-0.0396146823960527
-0.0504548956551108
-0.0378740710131262
-0.0964788634020948
-0.144135793081651
-0.111053509748368
-0.0713113420471383
-0.0947084181953187
-0.0663330099081017
-0.0604284454485423
-0.0368331725168788
-0.055649573368015
-0.0180227095044509
-0.0506857248484748
-0.0524323711629311
-0.112584275570424
-0.0597404058894431
0.00130691039888114
-0.0476901573760772
0.0193128941018955
0.0496568148055391
-0.00129070673768512
0.0730513851744467
0.0886062682977692
0.0618457285175011
0.0560032372313563
0.0847297735222073
0.0531567959335544
0.133723077229313
0.0926333644223609
0.256065129431776
0.180549461231156
0.0688550052281039
0.132288487680246
0.149848313980729
0.312007984171886
0.126155321024266
0.0925074227561349
0.153201060073397
0.119589979320335
0.242183795067518
0.18559508177417
0.0885395793753168
0.0367433284123932
0.148950444912813
0.0913103176827375
0.106156933674303
0.162291313948295
0.188509430208894
0.0738416034978024
0.0547152240533735
0.0375379964716863
0.0735159575821224
0.0554028404687101
0.0918919320090478
0.126541565437587
0.109441322555775
0.146962430775387
-0.0021332942983936
0.0572302830702619
0.0551197561460204
0.0555912421193081
0.09074370644531
0.0172388213832641
0.0398699722291397
-0.0394320713652431
0.0347049257554237
-0.0161743215189695
-0.0644159576632914
-0.0535960745731393
-0.0485835357348797
-0.0706342238656359
-0.164255325546787
-0.219732302067251
-0.165414420481328
-0.0915361481550372
-0.0741523967629456
-0.0374493075544435
-0.0553602247930795
-0.0915164349771934
-0.128960535138946
-0.145924040398972
-0.055375453215424
-0.053749850283519
-0.0529744251950866
-0.0216722628357217
-0.108472449831114
-0.0141874019039776
-0.0126352749810566
-0.0300420243629083
0.00186896067402086
-0.00238739041832218
-0.0195310821322207
-0.0200512928924028
-0.0157710724528984
-8.02605361570149e-16
-0.0389018388265695
-0.0158599840328149
-0.0359400395292883
-0.0372601106312373
-0.0905105956167419
-0.0570019684628445
-0.0390141445899583
-0.0531425243100041
-0.0189400847581332
-0.0315396683039235
-0.0129149690956153
-0.0176874754535148
-0.0337891740805411
-0.0325015248794108
-0.0349266986710633
-0.0368885273202904
-0.0196990949247079
-0.0419869113467789
-0.0428502880364021
-0.00653809846854649
-0.0146159406328638
-0.0043587323123638
-0.0726950583950169
-0.0173116136792983
-0.00143243425099423
-0.0194058891456186
0.00141195828409906
-0.0188403613287062
-0.000721336220641727
-0.0331929332308094
-0.138146717165425
0.0103853862313761
0.0650418293453569
0.0082374421133995
-0.00213329429839256
0.0212767173666755
0.0493125729740043
0.0181515884960146
0.0207649921087392
0.0366874221959456
0.0392096035692642
0.0157896243929653
0.0387205565763317
0.0325549054341088
0.00429730275298105
0.0345874551613893
0.132016427689377
0.144002360229555
0.0933698209461639
0.142315297187547
-0.0639980417232365
0.0757916895416144
0.136970704377499
0.0529247416586238
0.0588860265455867
0.0165429826923835
0.130337153285413
0.0738854843589928
0.0740726484897774
0.125132045751153
0.112578784743368
0.0695916708768389
0.0212412775639196
0.0537629792928621
0.0562844096184229
0.0563150584570709
0.0558093474040964
0.0298483890022141
0.0208930576889531
0.0547727558205271
0.105197805018748
0.0231539947787494
0.110270019612586
0.0746894794734821
0.0533391164822722
0.0727847508971125
0.0729056650668834
0.0586007180016266
-0.00589355140559219
0.0353004195153336
0.0414562109371339
0.036962452056624
0.0360046887909651
0.0571983805786895
0.0192868434647975
0.0755888589402032
0.0901120362163867
0.0745997579437191
0.0328690195009042
-0.00116322536150404
-0.117722508177993
0.00767411268644072
0.109416546555043
-0.0576990788383613
0.00732640137972424
-0.0500227075283623
-0.0772037961731042
-0.0232137314151491
-0.0795808110886906
-0.00928052757052212
-0.0754207096920908
-0.00148362660448275
-0.059484176981031
-0.0331199243122448
-0.0382776672957849
-0.0337732814357802
-0.0577408084888322
-0.0906026922164177
-0.075760517515489
-0.0870883103178859
-0.0734257838711483
-0.0597632574244108
-0.0461007309776732
-0.0324382045309356
-0.018775678084198
-0.014118079742663
-0.00946048140112801
-0.00480288305959299
-0.000145284718057967
0.00451231362347705
0.00141980190925938
-0.0016727098049583
-0.00476522151917598
-0.00785773323339365
-0.0109502449476113
-0.0988699831250122
-0.0513584081537559
-0.142475497567808
-0.149176778546966
-0.022797733838158
-0.0473691579927882
-0.0742609167349868
-0.0540284471642154
-0.0294770410207134
-0.00540771757489079
-0.0702838756147764
-0.023312223440715
-0.0179716471665743
-0.014114098979576
-0.0403864084552716
-0.0487951067640839
-0.057210903610518
-0.0985257189174722
0.000777650970163814
-0.0333172575425906
-0.0403576315866257
0.0409852650165026
-0.0596710776334326
0.0558841887145908
0.0403520407228078
-0.015243823797616
0.109569353082751
0.0983738742131901
0.0439583145056181
0.018724353017019
0.0320134976217621
0.0263832553227134
0.0299236195571746
0.0504066999662101
0.0577457581712463
0.0565020177384793
0.00708619711127678
0.0164287997311989
0.0528482691211947
0.0853436987792861
0.0386894272620753
0.0576218004036395
0.0321168905259318
0.0562547111844399
0.0771315092915978
0.0871820127942309
9.52729240794863e-05
0.00455027858421203
0.0122559168505567
0.0578893625152945
0.0632908429216264
0.0141865908551637
0.0365164814381932
0.0327983874279121
0.0406436476035168
0.0506416833134532
0.115972821198901
0.0323954026865956
0.0539353049975157
0.0319142745610338
0.0413208084114507
0.119348062331162
0.0291748975079448
-0.000767411268643362
0.0725178433842201
0.0145213138748871
0.0435869465247946
0.0911114529912921
0.0683123654400241
0.061131042430759
-0.00699885873148983
0.0237253721632965
0.0321716226302143
0.00332544883079057
-0.00466590582099418
0.0226902565995803
0.0030082090823174
0.00126195310560942
-0.000757171863365481
-0.0188474834289743
-0.0188985280483109
-0.0383105988368618
-0.0710541538699075
-0.0552101513362816
-0.0717196374580925
-0.0573334112268155
-0.0814161077329764
-0.0120127646778096
-0.0401785376783469
-0.0671305807922064
-0.0173257584647438
-0.0371454079389606
-0.0367947772422533
-0.0371306954878743
-0.0773885706097036
-0.0151631690130311
-0.05709646329638
-0.0933184879002057
-0.150229204015421
-0.0539999810698934
-0.0722247230060221
-0.127150983942124
-0.0370697413800992
-0.0555822486255321
-0.0949532801358569
-0.075224095177413
-0.12534586442759
-0.16439586566682
-0.0942800655209591
-0.124186572306945
-0.0935468950916802
-0.0916330049901538
-0.0569954695188576
-0.16376083162925
-0.203216982184736
-0.142659072471827
-0.0922003907611805
-0.104280194365756
-0.114041506931703
-0.168541772525864
-0.161425259087835
-0.147655378040855
-0.0921123175203142
-0.0722439299767964
-0.13312357880251
-0.191791071568576
-0.105745350096965
-0.0649228427919373
-0.16846667665832
-0.0741350897514322
0.00788429014279149
-0.151312787280985
-0.0207578917004798
-0.0540617852287594
-0.0551498251200267
-0.0165109020330736
-0.077243320529599
-0.0496804829138684
-0.0574330375636925
-0.0712560815948938
-0.000692431402520755
-0.0584264678344606
0.0193576053367121
-0.0503166614926294
-0.03548696726516
-0.07372504652829
0.00307657751092488
0.0662501262507158
-0.00086480811052967
-0.0393726759220353
0.0383055737219195
0.0398608157828115
0.0213636032674495
0.0173161364510169
0.10860703519159
0.0171730305141907
0.12890997993741
0.0503927956550925
0.0357903126032779
0.074439965456015
0.0373194654841572
0.0541302487470078
0.109127051743853
0.0905671097126303
0.166231733565862
0.0649215760687598
0.238531081605194
0.0616448522102935
0.127560565060104
0.114996517052912
0.222055847096662
0.145892449125931
0.163686981027781
0.111344086794735
0.145598127315644
0.165955828690616
0.238934941682767
0.12643358106953
0.0922117839669118
0.128705713351918
0.127066699858128
0.241047342693039
0.199479295801988
0.0726826512797158
0.103526035921744
0.117716446223337
0.12397662138001
0.24084319393405
0.126906362167471
0.0881219099968771
0.0209635163832129
0.0937549200643685
0.123271559491983
0.109876067888324
0.0963036153092457
0.218761144672112
0.0480779019562608
0.00435873231236139
0.0730101619834719
0.00429730275297791
0.0725533215750909
0.0706709823500434
0.0188688461009015
0.0532468108612279
0.0422931302925086
0.12351814063217
0.0556892028700804
0.111180105310355
0.0526480814618732
0.0600175650278117
0.0340665955440991
0.0200958588851095
-0.0253546616870122
0.0200726815898581
-0.0315676526676337
0.0157008009102701
-0.0394575005692014
0.00806485286100029
-0.0212962458143065
-0.0924899806539581
-0.0583671557046574
0.00334234658564925
-0.127968148956427
-0.110409546165786
-0.0734604056259816
-0.119743926870317
-0.0678413305701152
-0.0571715639121751
-1.6401286771757e-15
-0.0371288422771056
-0.141643957523698
-0.152608682940662
-0.104651421984303
-0.113411937251705
-0.101721645474364
-0.0453886005978558
-0.0375546252885672
-0.0233542722600684
-0.0691525958990779
-0.0358029398278072
-0.0526134077007359
-0.130055701179164
-0.0939284566688531
-0.108673247838287
-0.0719572089881339
-0.0979401733707775
-0.0451508653520421
0.0165404711233924
-0.0521670724651487
-0.0366552575670049
0.0143645413414236
-0.0554622672521121
-0.00145291077078675
-0.0134649363030984
-0.0179784408561095
-0.111994196268668
-0.0374914397287718
-0.132309604262427
-0.120822559858506
-0.0757537016068742
-0.112163542147579
-0.05490291554964
-0.0872370673013593
-0.0206566987154594
-0.0189602708814578
-0.192533755467626
0.0636904954534592
0.00619496663166454
-0.0714399683110831
-0.22177598612099
-0.0751942421187455
-0.0726045417572341
-0.0975557338808975
-0.0453927177071403
-0.0402621217176102
-0.0375129075692516
-0.022078894914389
0.0185257761717942
-0.000358108562748669
0.0173774374952035
0.129328147062677
0.0912280791111374
0.108985289877588
0.1652249931238
0.185484360116012
0.0417038831030468
0.0635952598840921
0.154160661936274
0.147553382144627
0.146010137132504
0.145527006326337
0.16751014334296
0.054967704216157
0.0697118679098168
0.102912088990218
0.0614540603588498
0.23536956938416
0.150018862484534
0.0931369291885079
0.0522779259832989
0.0480818695223263
0.0374561697087394
0.114462349787644
0.147811136146852
0.103539887165792
0.0959988778240911
0.219076761026376
0.0185655484612099
0.0535648828089657
0.0715226423729442
0.079138904004386
0.131453079620445
0.126631430501813
0.0871837456858475
0.118506111365072
0.093320670707491
0.033256013540616
-0.00169434994091878
-0.00213329429839193
0.00560688202206134
-0.00280344101103108
-0.00152962147444158
-0.0204467515140767
-0.00284439239785585
-0.0700212889003902
-0.14206551233014
-0.153738797083968
-0.0328185423777893
-0.108863895165709
-0.0688964260522902
-0.113246124845939
-0.114989855194464
-0.0503842598439141
-0.25895814553046
-0.162521375471658
-0.164473580957349
-0.0818861548672882
-0.111493445946003
-0.216054586615004
-0.223138595425626
-0.147715128937149
-0.0928154889491941
-0.0725855418373805
-0.142726314356186
-0.27451188679279
-0.154727628273056
-0.125677252259164
-0.0689935696957554
-0.130034669168503
-0.173498941252625
-0.202468735806017
-0.163115374680286
-0.074906037782834
-0.146622315370291
-0.183054241114128
-0.148059129356099
-0.164851502665916
-0.109423228086787
-0.111023885892498
-0.110459984265177
-0.111069426594612
-0.129065965549415
-0.0751124270855563
-0.203446522399962
-0.0730800624942279
-0.102413901704247
-0.124078008746443
-0.0508796201528371
0.00603133487906585
-0.0739472236971777
-0.109866511441782
-0.0202766123503882
-0.0180406872695428
-0.0714465288138592
-0.0179712669755623
-0.0173264774935545
0.0180060746434817
0.000536118655917244
0.000570025623102673
-0.000536118655917239
0.0349984594786565
0.0914307447257963
0.0555386466622146
0.0342474727217087
0.0556035530512918
-0.0347919349165517
0.11436272773069
0.146801934391179
0.135794593587756
0.16295633551653
0.107695008413438
0.128045413962596
0.108793128523748
0.113256742346784
0.201353198421379
0.172999170937643
0.159981348816889
0.133219517991722
0.159554395911424
0.16346511340664
0.186242060060092
0.179993896477684
0.110516030255423
0.146044697546987
0.239024638734172
0.137904971450259
0.0821685073782533
0.200756097028219
0.128064072819729
0.209055446688567
0.199414670430471
0.10997236974038
0.0914024497551919
0.162278765577795
0.0729740304605086
0.220581449725807
0.128355505662958
0.0916581408187615
0.12617328461483
0.148629646225541
0.163353670384272
0.239105873235763
0.0720305666607609
0.110028219907997
0.0910686830337918
0.0281892888372514
0.31823389838747
0.0754524342565484
0.127946174829855
0.108803524112966
0.0553299192723484
0.0779920585239289
0.0881474280974854
0.0536076860986323
0.0371339584182502
0.0171315843400133
0.0737450352812567
0.0367808816721783
0.0187636249386225
-0.0173617421244027
-1.60521072313946e-15
-0.0924364790096235
-0.0387070159248435
-0.012656997344472
-0.149858682408535
-0.0585372261979923
-0.106280673171097
-0.0544585229598215
-0.0370687264957811
-0.219989284711271
-0.150636085219686
-0.126977060473755
-0.0923770825181986
-0.125202064733558
-0.0667438653265422
-0.0982634368268893
-0.198741309496759
-0.148084781842111
-0.105833004255407
-0.148928175258399
-0.0867662109183865
-0.0585219780681252
-0.18654813939691
-0.18424430281592
-0.165132885788728
-0.109807474431073
-0.0923522219102925
-0.093550941166515
-0.149085243488659
-0.210846172490308
-0.137978576679189
-0.124782796568512
-0.0749208566804746
-0.184459051678199
-0.293091053406911
-0.167479385304806
-0.110039088378583
-0.149187915620371
-0.214193585979709
-0.218094559855966
-0.132349539785736
-0.201803258820453
-0.0729954017076456
-0.222772713235243
-0.183141081012141
-0.151566228412078
-0.109640721940724
-0.0331900367380552
-0.0643023348281921
-0.0562047392190824
-0.0741316258460423
-0.0902865777997705
-0.0727023495984107
-0.0551181213970509
-0.0375338931956912
-0.0199496649943314
0.010085776197155
0.0401212173886415
0.0701566585801279
0.100192099771614
0.130227540963101
0.111822808028792
0.0934180750944823
0.0750133421601731
0.0566086092258638
0.0382038762915546
0.0464423071738508
0.095957898231668
0.0672500771701815
0.115068629360639
0.128521377745505
0.0738627801789789
0.0905699817397135
0.0688385360289443
0.0623007991129236
0.0908861510072904
0.0684301047662734
0.0791439383882727
0.0737836243825922
0.12903389063687
0.149034918645151
0.103635102217013
0.0547597776407616
0.0387795109406078
0.0191976521097701
0.111626012697236
0.0974935891537927
0.192907005395813
0.200195724703699
0.0744205236282116
0.0758453867970993
0.0163138293640939
0.0159319671088146
0.00284439239785496
0.0176125337825778
0.0188099729461395
0.0580680132917115
0.071234530167569
0.0922818118048543
0.0360904200989232
0.201609136883085
0.182659223161872
0.0737228787895134
0.0568134688066132
0.0167352158071656
0.0727118092837707
0.0122922546337964
0.0827389861565855
0.0725442450649124
0.0361700849900762
0.0524396121962871
0.0594292697467698
0.139971805811038
0.057114533406663
0.0166020797641425
0.0300706173001006
0.00721336220641079
0.0119887904533293
0.00800109694322142
0.0525934620229203
0.0184430339162195
0.0118048911287508
-0.0216012674761147
0.0252335444030803
0.0151559593712277
-0.150930580647672
0.177974602871637
0.0501783752551569
0.0177096190159476
0.00286486850198324
-0.00217936615618122
-0.0184360744013386
0.0184360744013402
0.0180137340515107
0.000855112049390593
-0.0188688461009013
0
-0.00072645538539264
-0.0177096190159459
8.25884155112025e-16
-0.0179244687687976
-0.037590687467005
-0.0545231782534047
-0.039176326798774
-0.130887617106441
-0.114076246761061
-0.068306405196934
-0.0672351092154429
-0.0537115621430107
-0.0947502753486009
-0.0531414720989872
-0.0943464343447051
-0.0564898771549006
-0.0601708428582631
-0.086841241288073
-0.188028027401274
0.0031030279457157
-0.0555902609498565
-0.122396077137699
-0.0552072204036633
-0.0405431811356985
-0.0162231958094714
-0.0344522964359689
-0.0239709295727536
-0.0590799605396098
-0.157040947544474
0.115536488207607
-0.0350383619477764
-0.0186909071052463
0.00466832968980758
-0.0195764892185776
-0.00171515594074818
-0.0195675200707564
-0.0290417318469471
-0.00373466375184843
-0.0393269941674646
-0.0523415816411659
-0.015175316354625
-0.0215229132596839
-0.00292188165314274
-0.0338454643399041
0.0394610391204111
-0.0573249808117397
-0.0186097789538611
-0.0361781355169054
-0.0294026966957488
0.0242653253057219
0.0707888488024056
0.0242772883716913
0.0174476316054108
0.0383747635847339
0.0335260947100429
0.0359907063249635
0.0156856286064122
8.89907520620208e-16
0.0592332393395762
0.0179467020468537
-0.00469662559952393
0.0230866303110898
0.0172634070599457
0.0298513953909162
0.0798437796783492
0.110386497428694
0.0660340384876828
0.117653606781187
0.0786727229745824
0.231634638417684
0.035522286496597
0.0465580509755496
0.120514691232039
0.0352303808131041
0.0733037913815679
0.162058079614067
0.166485453025851
0.0368349593073805
0.0926661974087892
0.0603873617618012
0.0314666446362233
0.0380651661351404
0.0195124570632239
0.0748753056770173
0.0537484676764
0.0728035099072842
0.0189767237597056
-0.00314979728981139
-0.0904405294144094
0.136782137463087
0.00851262412768235
0.0188064264596128
-0.00386265541063265
0.000772531082125652
0.00184178704474619
-1.73325026758277e-15
0.0168660202666416
0.0326695993621655
0.00511607512429035
0.0201647414481204
0.051611995419299
0.0211907862735172
-0.00347638986957051
0.0194939905728551
-0.00078277093325389
0.0177526403752962
0.000882892665287544
0.0350835699770059
0.0405583537176285
-0.021109106166863
-0.057401286445587
-0.0170216132005378
-0.00532087518515846
-0.0336551806161378
-0.0548086339840998
-0.0639595668156162
-0.0228488609009987
-0.049129231372701
-0.166216182155323
-0.151321208889175
-0.088601482986648
-0.1318883338689
-0.0913837625054909
-0.0758843728447691
-0.183149767462857
-0.241977949097305
-0.158431341878345
-0.113618971348535
-0.246314338968065
-0.0510709006770152
-0.223936207744207
-0.142447142484708
-0.113433898507914
-0.106144667555774
-0.0962086856367806
-0.174769745094424
-0.224989784249188
-0.114806874040927
-0.0884446947116722
-0.114103626490879
-0.0368353888220096
-0.158513830607713
-0.187290333602161
-0.14871274583323
-0.111480523217982
-0.0856999471257862
-0.0944991980187269
-0.0870641266522174
-0.233698304335575
-0.144494236925759
-0.066663133381085
-0.10631093524939
-0.110361054784752
-0.0772929529955663
-0.123759252758839
-0.149836157663877
-0.143056127053282
-0.16892728333489
-0.0736288264153431
-0.07046562627168
-0.0398998746028394
-0.108579212390033
-0.108292660172239
-0.092067365385869
-0.017785656042008
-0.0188092856222124
-0.0365475662546915
2.07456983761662e-05
-0.0524162228504811
0.0995319329797478
0.0468241027492999
0.0694082562941983
0.0714064963254307
0.11191271046486
0.0702783540790189
0.0783852366059322
0.106339676402005
0.165615066464928
0.127359707455222
0.219437571568025
0.0916365998264422
0.0727102366925659
0.125146580374662
0.152400817675484
0.181585197543745
0.201877348315665
0.0920885784367961
0.111351025159796
0.174083985867321
0.0846323953374108
0.23603381213251
0.128662079091814
0.11053728556677
0.0703935623222544
0.148571788843196
0.220725425165549
0.222969638095451
0.0739524074743485
0.0638544960755486
0.171525194536201
0.129251119617873
0.270888384041834
0.165561594986176
0.0359591344202307
0.143464419897387
0.127961825171788
0.274127011644117
0.205066440164142
0.0850308070573924
0.136321664146556
0.305441841498425
0.200657347125721
0.127998572440863
0.125662305924304
0.167725932831264
0.276140704187719
0.14869211844104
0.0858243487646886
0.12949699149156
0.143334128327178
0.0969609011317656
0.191223173926324
0.104673256543663
0.0851260940247505
0.0250386472036874
0.011409025623813
0.115687156117722
0.00468416125308977
0.0392179452063167
0.0676366195132558
0.0566168173833705
0.0875779528334653
0.0299079069464959
0.0222658920954673
0.0202169885441599
-0.0131097710424074
0.0181972471263651
-0.0364403831623936
-0.00955211743195658
-0.0693494169312096
-0.0143035017522166
-0.132900618108063
-0.0360544406838257
-0.0203191961586983
-0.0715687312345234
-0.077078962415585
-0.0159779618370814
-0.0371341014538473
-0.170370765795883
-0.0121479416916048
-0.167683498652978
-0.201567095351385
-0.109650781643503
-0.110533096734129
-0.105042487567318
-0.385088535820333
-0.146499919533045
-0.108661712595739
-0.0758235668179644
-0.166871869960739
-0.110050368885773
-0.165950574360577
-0.127495068826115
-0.109333132380989
-0.111328327368498
-0.14744209155818
-0.0737484924755116
-0.109491972055562
-0.271175036952739
-0.0803031026425132
-0.101484736198246
-0.166976549977875
-0.125607562132561
-0.0942006474843792
-0.238300393154159
-0.0531222631352807
-0.14943493068116
-0.0698020861368793
-0.133659454556927
-0.179538745744571
-0.0935506103510671
-0.128572977446912
-0.0732560703510723
-0.107414177327861
-0.0579490207888103
-0.0328658772813333
-0.0744751708606874
-0.113634105360314
-0.148008824138725
-0.096637202342034
0.0011665045318109
-0.0548060345496999
-0.0184290296652287
-0.0723800413259463
0.0180204648028076
-0.0374089421297488
-0.0194219013199337
-0.034739200242621
-0.0187175047738306
-0.0734922893351701
0
-0.0377528779268821
-0.0637557021536666
-0.0362533751641099
-0.0730743779601189
-0.0739599214652885
-0.0367059986299192
-0.0371101759680485
-0.0751434316577637
-0.0511817506955029
0.0409088050411602
-0.00517288581552384
0.00637292989681073
0.0381547843419923
0.0603320834647426
0.0126772515285693
0.0225419210670058
0.0922374093191923
0.123361380031028
0.0396233450396057
0.110595220231196
0.127721146202457
0.181058081282851
0.110248514289909
0.148814091407536
0.128023417457271
0.143135767073815
0.165778477468743
0.101366063301646
0.152302614197505
0.167972882192752
0.113594218026321
0.104865478407842
0.151253793201746
0.233282883886211
0.0583746888435516
0.0539855323214087
0.132819670426316
0.0675161148950074
0.114827668249045
0.0890798407143216
0.0870413563864483
0.149634864908142
0.0535915778984276
0.0599680297806255
0.0717668588058082
0.145555423741051
0.107173627804271
0.0642443170590212
0.148957922242055
0.150906181910806
0.0391222633615888
0.126124408297727
0.111557291828059
0.144589697922982
0.145734125430452
0.0750857330473296
0.164904068540122
0.0748160698722428
0.0715556233191692
0.0577686499199423
0.0882587568808088
0.0934461377056161
0.0342299857725058
0.110472278046029
0.037387311577556
0.0374792115756577
0.0705716904449658
-0.0964441095808477
0.133903311759017
-0.0708294345175295
-9.53707911031757e-05
-0.0562521133727133
-0.108834753701573
-0.0737512477081342
-0.106774557867251
-0.0766689271943731
-0.0530554550969366
-0.13098099461089
-0.0353559176749071
-0.0535161679263862
-0.092488459375474
-0.12992002303055
-0.181209913905118
-0.0740177132752939
-0.126595707106371
-0.0732814025770762
-0.055497372690265
-0.0841513633641784
0.0218567070741673
-0.144662619566912
-0.107617612582203
-0.218031902237385
-0.11241732261716
-0.090105986383816
-0.0921499841939653
-0.143776874701073
-0.215844356888337
-0.226664005244645
-0.127657526164118
-0.126494802959016
-0.298345847904059
-0.314839674710499
-0.103717259254711
-0.110632463012305
-0.219344869372607
-0.238959692924548
-0.148754417736256
-0.199612907014903
-0.047863427142744
-0.155446180069299
-0.253767161371038
-0.130730500648815
-0.109849291267658
-0.0901680870699961
-0.110157376120946
-0.149210834337065
-0.166391387288111
-0.146271784683049
-0.0712625212131905
-0.0423349275610823
-0.0353997332045441
-0.0172334809019729
-0.053092353029584
-0.0393734218192073
-0.050742026395266
-0.110734149892502
-0.0224574682073836
-0.0760940429165676
0.0707868013506032
0.0378519842182793
0.0179712224446309
0.0550321377892478
0.0806226406266875
0.100491665409229
0.0790207323154088
0.0864617417904921
0.128850727099764
0.111147266115308
0.120716442437678
0.130285618760047
0.139854795082417
0.149423971404787
0.136731793585472
0.162940499998021
0.103111490191005
0.237171505360785
0.124630174977612
0.17979704221441
0.118143965405765
0.234924061055573
0.174448637716249
0.148487043177051
0.213233786979615
0.160639206903458
0.187894595127435
0.143882549042195
0.151890311807953
0.22084150922265
0.21606791634361
0.129538203906129
0.0869429372652908
0.202220537718124
0.292006430079006
0.17094147857925
0.0686391605882419
0.203307520337588
0.281465372587784
0.139232920925874
0.203325159813563
0.165925717389808
0.23795147293597
0.21804435770058
0.149623605719268
0.127834848682261
0.159068071658856
0.165800016639245
0.146628324055216
0.149481273005098
0.132032872147224
0.0679165030509476
0.0942372171850401
0.147009248093065
0.0502556048581255
0.0556122977301435
7.05067467303678e-05
0.0552442688508521
0.00391385466626424
-0.0872060896476586
-0.00940270414938851
-0.0342535770469796
-0.0564793488774651
-0.107890016232333
-0.038951912125189
-0.0366668354421172
-0.0904546232147799
-0.0386241621528418
-0.164100591677929
-0.0737768385905095
-0.111392707150787
-0.0549488015867748
-0.110644985926642
-0.091513045558813
-0.0906216983278875
-0.241306080521584
-0.113454276194642
-0.136310059989916
-0.0944350478310201
-0.310723679819861
-0.114696744142404
-0.196639825125338
-0.12924932789288
-0.167902731977923
-0.217703454463778
-0.275547473482811
-0.184387877576343
-0.191225462294076
-0.336318163776043
-0.259988245784584
-0.278938755346399
-0.377386673710637
-0.207317611898117
-0.309705868279807
-0.353411984635367
-0.291750994909652
-0.36874498919269
-0.219577616445505
-0.303947299232665
-0.309708840588793
-0.239318689481186
-0.211812697332306
-0.305900453265951
-0.206050221304737
-0.169614063727525
-0.271551415795328
-0.2840646666978
-0.138249003056377
-0.148827544400356
-0.168777008891975
-0.155450562321555
-0.182698433128825
-0.111625198408505
-0.0956820582852603
-0.152638611871973
-0.0984762499112516
-0.037012176205239
-0.0193412788393584
-0.0708798031774615
-0.0558400654487848
0.00889713960007961
0.0249752090038213
-0.0366781360398143
0.000448261551728245
0.0184942707084979
-0.00115857076293442
0.0458979054800764
0.0247258250517823
0.042060871594905
0.0552504368887928
0.142822247788973
0.110113183478442
0.0734634531180609
0.129250863673577
0.200580420020917
0.129281677188144
0.254528200604322
0.0921958426154348
0.184379413543911
0.204466339448039
0.322559702912605
0.164931258042748
0.276828467952251
0.347438533277128
0.14494529126143
0.333314144490175
0.350214592229456
0.200247558055026
0.403472385935435
0.310801289371287
0.240654551991892
0.474263833835455
0.220151009354463
0.423660765758796
0.219399158141612
0.268851689330337
0.439800517703983
0.147958942546224
0.383720545089732
0.306006153130118
0.248327495487093
0.440672175090057
0.216033951736507
0.308461887229002
0.371865790279131
0.147754226898888
0.386704376468991
0.297095235680812
0.128787267008773
0.320721306010387
0.279311259333401
0.184722648410649
0.19812122403659
0.27376300012117
0.224561603970283
0.115114843521483
0.0892455622379494
0.173270193647866
0.191775239985852
0.0442815569871711
0.169804288850683
0.000869510727918665
0.022980941493768
0.0689451877238244
0.086702024069419
0.0434569605126625
0.0213330038007703
0.0312415408137086
0.0235298083601197
-0.00768342784627971
-0.0134509039783047
-0.0427832729663819
-0.121101057080284
-0.0540436712246934
-0.135085027866833
-0.0815457146061608
-0.093448332616795
-0.200532184024228
-0.204688472614644
-0.142348255756732
-0.19646917376397
-0.251198589352021
-0.258530637938234
-0.217481590262271
-0.350649504088429
-0.311212466359816
-0.292313491368588
-0.366482985469195
-0.185758033791028
-0.468385007328242
-0.279184500331019
-0.396909487202689
-0.350371942219985
-0.238698755637117
-0.495481684061675
-0.202743314110991
-0.501913652683635
-0.295256613113213
-0.37574486689686
-0.493851010924777
-0.305495028602349
-0.332300046160418
-0.360028367517536
-0.333138313437026
-0.295487361583377
-0.239655002475203
-0.414464271254859
-0.310064099365768
-0.258009384980954
-0.329732958956316
-0.256924065805028
-0.219239638611908
-0.311663272786737
-0.225291195981234
-0.277488400796039
-0.289809491114906
-0.184867092164265
-0.203477531189225
-0.254863758581689
-0.211192185336226
-0.106699832054597
-0.164240770436913
-0.0917867724124194
-0.0911256048818791
-0.102676728914871
-0.078778627995853
-0.0578570036501077
-0.0303928259488009
-0.0514951197133215
0.0345404981553838
0.0209469168946821
0.0515711450399724
0.12449428762878
0.0900469547284215
0.108576473884114
0.0741674472513111
0.201817011149962
0.12945266330058
0.272325751190055
0.23193816916714
0.153090626823976
0.294777946925004
0.311100009206822
0.238494720843326
0.312041589415061
0.256624603713574
0.276157308174259
0.336312196336062
0.270928323809312
0.254902576185293
0.397873608494211
0.224590312438913
0.440237577215707
0.237962807996219
0.291334388114525
0.427098400249816
0.217192971938906
0.503297890334915
0.198887611029734
0.405932862928808
0.360335064985892
0.220417601342103
0.458299098554424
0.129131696749126
0.36609674669603
0.327085319575151
0.202192662636491
0.331093030157478
0.331576515997125
0.147366315557424
0.273549093466572
0.293866991574366
0.183541423397792
0.107791749651282
0.187445417485361
0.164660687389997
0.147452673755321
0.143761329301894
0.0544101298155613
0.0621668849674103
0.0827392968384286
0.153355006305167
0.102187961408574
0.147131045239775
0.0613543379314073
0.0681404531546433
0.0201089821977202
0.0150758486512666
-0.0185376440617178
0.0185352692674491
-0.0179667592079645
-0.14520406978205
-0.10898005265151
-0.14101693606108
-0.0929559355943629
-0.148566608405772
-0.095379174529571
-0.0943179565356459
-0.289688563563315
-0.100830033536799
-0.213444559230276
-0.128484377952243
-0.199004641689114
-0.164386399670857
-0.20333849947076
-0.202778017742356
-0.30841970233767
-0.164762911449688
-0.189525550853813
-0.149376445321882
-0.246744136011233
-0.202222075727731
-0.203039036697608
-0.199799194381327
-0.305974448121994
-0.167531744650992
-0.171321128678125
-0.240338290571139
-0.335376942681149
-0.080133772092094
-0.252261305376775
-0.28996544458698
-0.237828960456185
-0.225211566999522
-0.180579202467595
-0.293210139368787
-0.257524617811307
-0.166423067279612
-0.291678412548847
-0.198365093950925
-0.182355148866941
-0.134685693586419
-0.220304945655733
-0.200085519657899
-0.217168911772817
-0.114694061066865
-0.0740651982518813
-0.110460404815216
-0.197721150639081
-0.0657694465357143
-0.0469190640096975
-0.0289066955728891
-0.0421395724350442
-0.0402475731323586
0.000956359033397484
0.00777650970163794
0.0169927140386469
0.09434940616471
0.165912739811528
0.0720964737265462
0.0926055258088874
0.0557674094050458
0.0928074194717032
0.128120159379321
0.073339966365317
0.0547041959750321
0.178910035850869
0.18528812474093
0.102250158443804
0.0365220283606447
0.212661687745338
0.17793626935884
0.221663547492699
0.164158373034567
0.165215670375795
0.190858133741973
0.196376824196785
0.236046224671972
0.204984097123178
0.195632658786735
0.206979073093173
0.273292967211322
0.161676707724087
0.217675062567331
0.188519651320154
0.289910225242189
0.201393730861968
0.164888613816792
0.149786227212812
0.216262255576038
0.315239805970933
0.124758026393906
0.148598028849177
0.222300566174293
0.216735455833055
0.147397320298422
0.144754111800743
0.0825442170057924
0.107376685808246
0.0848428415814092
0.147591959222182
0.0729837474402256
0.0558782119413613
0.0769565393103656
0.0141479346158649
-0.00180257252495844
0.0238281355797092
-0.000767411268641816
0.0165376985210906
-0.021616407415697
-0.0400143818049297
0.00746932750368035
-0.050584036076386
-0.150000775580815
-0.128743685316918
-0.0732654593727247
-0.110299132577407
-0.0531619352369723
-0.124588856324728
-0.0786136796472116
-0.115974527685025
-0.179889898945832
-0.235998008745015
-0.0774921322157655
-0.128805970949582
-0.0915844922017253
-0.110498382387061
-0.256004108869133
-0.256434596185887
-0.116050469307725
-0.0506537305034391
-0.29359509643705
-0.236756675656396
-0.168016985144724
-0.0829002514658048
-0.145520536352794
-0.294728770091726
-0.166703456653263
-0.186917341607721
-0.0289287767996967
-0.149415762104198
-0.274876094248357
-0.147689026275064
-0.164163732861432
-0.0376395066505835
-0.112490977497853
-0.164734233893404
-0.146478478287874
-0.22312189420367
-0.0615508194872838
-0.103729162500107
-0.0116041026817055
-0.113721354095089
-0.0565182551403948
-0.094466818778082
-0.107728246027307
-0.0901421824976222
-0.0725403300815473
-0.0190396877952754
-0.0405530653526514
-0.0204724403758204
-0.0300048346694012
-0.00146697310239926
-0.0570553993570161
0.0208466260726402
0.0152884569214732
0.0585104789583598
0.0675788989388785
0.0209335163478123
0.201588999842575
0.166641936592585
0.0733963620027023
0.0912099780740527
0.110632701128136
0.0551280159613603
0.12765702067454
0.164410553807679
0.146525170006105
0.111013062843624
0.0551816164246568
0.110208333934527
0.0739459614448508
0.055925541345958
0.0711118787948388
0.110483076769012
0.183092016451428
0.1161258762063
0.0598024862190196
0.0768667738798652
0.0129311053601897
0.0619829548039044
0
0.147301329129162
0.12973472451367
0.0735675069410376
0.07850157213028
0.0732051612685919
0.128252110770791
0.107775185361477
0.0520505336678459
0.133184953560632
0.0702556061473218
0.113998581155495
0.106732535667186
0.103351650623855
0.0977332344146291
0.0953948153677423
0.128425715696211
0.162425233304348
0.0156208951537143
0.0361277507140478
0.0777386581556672
0.0513363354896843
0.000680385366929306
0.0173397995003029
0.0542854750872943
0.0379217374304948
0.037212710249483
-0.0373425257149723
-0.00126918010755445
-0.0187286310939147
0.0349950061966878
-0.0171014893698371
-0.0909323406989926
0.034499027846903
-0.0533880624742083
-0.0540058628431286
-0.0180339414061761
-0.0409561008642509
-0.00551523680321441
-0.0165933071427591
-0.00958890494710692
-0.00139148286218669
-0.0378116051835399
-0.0179779214589651
-0.145453952576846
-0.132522897255173
-0.1195918419335
-0.106660786611827
-0.0937297312901547
-0.052478362264142
-0.0485894162061418
-0.0447004701481417
-0.0408115240901415
-0.0369225780321414
-0.0180722348116086
-0.0370995556622317
-0.0527091846060491
-0.136795014819189
-0.1105119860992
-0.125354520771413
-0.0876702547833416
-0.073568082241244
-0.0709586067397881
-0.115148787572313
-0.0525317475780984
-0.0350290568346532
-0.0545279959033107
-0.260213989125852
-0.200804512266306
-0.128988042793606
-0.0162827259358351
-0.0951247377519745
-0.0715279722957627
-0.242488937653107
-0.194269504299014
-0.154594547933399
-0.0918096959130873
-0.185272247200031
-0.218982967486648
-0.00826914402253574
-0.185260837778906
-0.0909910138780163
-0.0549093683383057
-0.0366943380018415
-0.0207129264472392
-0.0200889891161899
-0.0102706927934036
-0.0208283957764095
-0.0177259507007237
-0.0376591767181203
-0.00639988289516363
0.00317690613921413
0.00245587782808295
-0.00329685237786074
-4.41159165289532e-05
-0.0399292177294053
0.0361325319967275
-0.0295516018645487
-0.0267180045909163
0.173694878118188
-0.0278799944114384
0.119045030622182
0.028663171885869
0.0422543540126151
0.113002875766038
0.066642254318897
0.0884959159020978
0.134356258993375
0.19521631554135
0.0671081685633693
0.10766157731699
0.15927197807
0.162187045340747
0.219795125488076
0.182781801593224
0.0937010936394854
0.222987832191791
0.123093682966458
0.194440610612167
0.207968063233658
0.128999818235966
0.311153781928491
0.199666129566654
0.0737832331714701
0.192388372514237
0.305741454628399
0.181587938571951
0.0771820078032426
0.144773168534332
0.221095473627625
0.218117284732636
0.17190163657608
0.0882095928744555
0.0946710694891409
0.21512988917216
0.124773320937763
0.11121814577575
0.115655232046063
0.0955424246173529
0.187663902212999
0.0998782900521875
0.109865617834007
0.092046784903223
0.128634752123647
0.00233295291048894
0.181272321436925
0.0547884388248022
0.074962399730579
0.0546208537828141
0.0181913606512451
0.0556168668891444
0.0382518619035414
0.0518242825298694
0.00230223380592596
-0.00271513109270663
0.0208517609728124
0.000777650970164755
-0.0592935510179707
-0.0929401832725775
0.0223239118073824
-0.0930223470844564
-0.162718305261424
-0.129552629890373
-0.0941427405893396
-0.11124200151727
-0.0896972161885559
-0.203616982839627
-0.200798970556893
-0.184626280681875
-0.164392387449897
-0.16938904775668
-0.250182671119059
-0.252504246270307
-0.153320863716093
-0.236841678112525
-0.365554870251301
-0.146259028017075
-0.308298198317915
-0.298341727115466
-0.200704461126837
-0.236462293574202
-0.348680057840797
-0.238500784672821
-0.220146566961058
-0.325164058790809
-0.244477872748035
-0.202134881305181
-0.329834079187186
-0.201030494547923
-0.18361613160736
-0.237593170833771
-0.290261358382884
-0.184356269359466
-0.150867403139721
-0.239161992332343
-0.238012501794962
-0.129059514981243
-0.0900191024783066
-0.180944991038832
-0.127024345320273
-0.165851774930181
-0.0694490992413023
-0.0942477086659669
-0.0411229861772189
-0.0888887521612655
-0.0439621248521924
-0.0239188543342408
0.00877889544295596
-0.0151834295861516
0.0192419932972893
-0.000437217276591987
-0.0188148650067239
0.0552200160947353
0.0367925997761737
0.0918243524407701
0.0373427355656079
0.0710705680493507
0.125587225500863
0.148407237500205
0.199143180018619
0.0725530119030594
0.128639858822395
0.109800099926915
0.236759289970789
0.258276786850561
0.146759140246615
0.203681192359762
0.273383280535923
0.294414612696551
0.20147395973792
0.255717714450684
0.276763798553623
0.220728751989178
0.318720303381509
0.295842803081794
0.238891536126953
0.290899928698354
0.279148802537733
0.114260673510133
0.239647147462532
0.383222232182175
0.108162846582366
0.193324022131951
0.274796625843033
0.205569894260009
0.162934892532488
0.126339164144646
0.202548690999124
0.0897340349567688
0.239324031393739
0.129066217140348
0.073655862181299
0.200489685926932
0.128730708857762
0.0927963631914879
0.0884038145006532
0.0710342324346228
0.109724752346856
0.134794254164688
0.0517710903556032
0.0582849422472668
0.126311590424025
0.0360234855965558
0.0721553780198655
0.00202580043250126
0.0533255732895555
0.0149432831554209
-0.00298423802289548
0.0219373956567837
-0.0206764002905059
0.0186279420514883
0.0034531133828189
-0.00210258075826789
-0.0397413860010399
-0.0549503658153782
-0.0344581163891121
-0.0729224481309152
-0.0737759291818529
-0.185637079227659
-0.167615381531878
-0.142684123758237
-0.128452349197174
-0.145678008721674
-0.219971560049485
-0.198154257161736
-0.168554956857191
-0.182321701852715
-0.106552862179091
-0.315417286850811
-0.183951056602477
-0.167162960565293
-0.106757495574854
-0.328670847834945
-0.183153912069119
-0.144867546442842
-0.133009669310114
-0.309886765349671
-0.189425932760072
-0.171227748125394
-0.08664879924181
-0.213438185067935
-0.293293058327004
-0.16618684530522
-0.0919124037153633
-0.182955464062519
-0.27274597700931
-0.217532704268057
-0.129323435656589
-0.311130586634681
-0.348167450016715
-0.128843765763953
-0.218085902177302
-0.283180605350734
-0.200204612539083
-0.110695335892813
-0.110275687201059
-0.199168506904922
-0.158386339764494
-0.12440162180504
-0.141437108717749
-0.0730919752846325
-0.0859978137047187
-0.128809972217398
-0.094055526654728
-0.0199643576587838
8.31704051331793e-16
-0.0376666317330351
-0.0367400651232537
0.0530829720343686
0.000736693925696389
0.0283515211673217
0.0783453911324514
0.0442658528815991
0.159368347230165
0.127281191138254
0.0885551457909123
0.149855158265701
0.0779141036674618
0.177200089850913
0.237875902376437
0.14866660828063
0.201678950035993
0.225198727989254
0.240656562794842
0.111041954739834
0.343792166113547
0.260042136236187
0.142464774104532
0.273909714414905
0.336161036660226
0.158554553675964
0.252506849550403
0.424794811865369
0.159959489127506
0.225057616592031
0.335116858487105
0.238826488579982
0.102486796351976
0.497281503583178
0.148938407691634
0.275937478972907
0.238994070438547
0.297036596501746
0.23503076514587
0.239478052437512
0.254927737632971
0.250094048856065
0.208741788870136
0.14739431551362
0.205541334769199
0.254585886499613
0.198804348902382
0.166182305632008
0.127084043197805
0.131701783369399
0.182770146528658
0.147954349074757
0.0455811159375377
0.0597675614217625
0.0384141741226334
0.0600634906703921
0.00151286147197807
-0.0223959506341973
0.0151411871372839
-0.0577901550373934
-0.0171573502250568
-0.0558732961566266
-0.0487403207493037
-0.0914015396493543
-0.183176055385729
-0.167972785732511
-0.147446620193354
-0.159078158911889
-0.169854999017901
-0.18085309478332
-0.325618585380806
-0.135226651655304
-0.262001506413618
-0.296008524190228
-0.16186612488794
-0.197158665567219
-0.445137849943647
-0.223594064884069
-0.182747324058272
-0.402804480968448
-0.239599935515963
-0.183774533758872
-0.381323470879755
-0.2216802347509
-0.160778414521808
-0.404981249609006
-0.236118602886035
-0.0921147979740713
-0.328364830454782
-0.275738003815392
-0.128894482656279
-0.146495189096653
-0.316657320543902
-0.218732861135469
-0.158736174871673
-0.153527827287777
-0.289827627433151
-0.241146542552059
-0.0757841834994843
-0.0858515725051915
-0.206337070904978
-0.220077024260465
-0.130019941528325
-0.164040810388547
-0.0909830958854065
-0.0538776211934586
-0.232189275833015
-0.131657186262718
-0.0757538816204693
-0.0731613622992321
-0.0936081149779793
-0.0311777884940597
0.044516487055414
-0.0527353186224208
-0.00790483858399526
0.00205651196602244
-0.00765315574202394
0.0343639579438891
0.0767745980601776
0.0375105246202792
0.0912756466128279
0.164291977743535
0.0550624900574553
0.114301335101944
0.0571728688986822
0.162588387044995
0.110927053302958
0.182827559335987
0.0963920144150563
0.125399749395925
0.145835402524723
0.162462790281782
0.180835393806901
0.160778636312165
0.163854112695796
0.149775382681656
0.185683270664681
0.239225902071187
0.0890376221249075
0.184625294773024
0.146548597964311
0.275189009066777
0.163044337478199
0.148445442188745
0.128071173665745
0.313590721552527
0.198014510302145
0.148323161555218
0.239962215889462
0.297572623091798
0.202250139134373
0.14580498584264
0.296096351407899
0.295087515491204
0.133952082683939
0.293956463954728
0.255603059830954
0.167736583424698
0.181882893764378
0.221941091900197
0.324373763236693
0.0942805565957338
0.148328077823354
0.291662326049157
0.236822863740541
0.112221032580373
0.0730994754690706
0.110537299716062
0.11117312528767
0.165996636014046
0.162458507638789
0.0399363323476448
-0.0436417098972497
0.0559350376858207
0.0727150088660007
-0.0305918071462301
-0.0382036469803785
-0.10874359580765
-0.0559474065417754
-0.142908966114834
-0.0787395291324036
-0.130355797869548
-0.0522047103478163
-0.0731288751706224
-0.0719218485334968
-0.128623257699381
-0.0885758130160813
-0.146675684417919
-0.201588616422244
-0.112123676347345
-0.145852174823982
-0.217796350293479
-0.12438996811646
-0.103891206123009
-0.166653736253513
-0.13027606969345
-0.199176812695561
-0.176475445480728
-0.21829091858202
-0.129695847738663
-0.146809848292986
-0.233726815587439
-0.245437090182323
-0.205242131687005
-0.126859262478337
-0.309254995138749
-0.207307508857633
-0.200557470533112
-0.112745523440316
-0.276409562436788
-0.268595928389961
-0.142081639303435
-0.169474121928225
-0.176117125238815
-0.157703140645448
-0.183021590770336
-0.0769736723802217
-0.146903362539764
-0.107093473212168
-0.168482227702311
-0.0922071688148209
-0.162934828887776
-0.0557547030571413
-0.0382308381458096
-0.0880136059354323
-0.0398164190795744
-0.0543591228256172
-0.0686822927884717
-0.0309769047504366
-0.0975678458768233
-0.0195840595466053
0.0380418106288448
0.0648760402562814
-0.0102036193312388
-0.131202272681364
0.00506254419693573
-0.00690670141778071
-0.0232827328133712
0.00676847043519872
0.000741813302237732
-0.0186182657421854
-8.60804747575647e-16
-0.000117120409678292
0.0556123510815626
-0.0137972956453574
0.0581068527628182
0.035998183365481
0.0122232949561448
0.0724681757156342
-0.0175044570322999
0.0359639310662128
0.0894477755841266
0.003882839365547
0.0514221567309037
0.161861891708825
0.114467933916359
0.0530702397926612
0.053758115733706
0.0777867482967511
0.0362406386312936
0.0905694425075873
0.129852719063721
0.181506968902231
0.200802690182313
0.111561345752903
0.0550081452856124
0.127501632251549
0.201805736848776
0.260658766831194
0.109047037043486
0.0718258888025808
0.168013996690519
0.227235167700037
0.277396634998438
0.0920371922737616
0.147370178851106
0.252394452789123
0.239270476025218
0.166058504405398
0.108553792300864
0.217782270608237
0.19350532246973
0.185435922353522
0.112839799326885
0.090386858270476
0.180651020530028
0.198326506045251
0.144257421974951
0.112534022526252
0.058114033288425
0.0712091793274223
0.0721400460078322
0.0106800980516765
0.105489105849278
0.0832797420617871
0.0926018889028332
0.127808971471355
-3.15048254816831e-05
-0.0167840166558784
0.0535654845745082
0.00737163151884028
0.0342341289359932
-0.00134029663979005
0.0154421291501963
0.0186523542479961
0.0174859547971715
-0.0168313719307598
-0.0585183345286955
0.0599723206226289
-0.0946751017216332
-0.0171484158980606
-0.0730226656755016
-0.0966849897530496
-0.0158497206763988
-0.037550729956065
-0.131824208340775
-0.107873802644071
-0.164154785485181
-0.110035383364876
-0.108859675469904
-0.108665337241034
-0.116515843681643
-0.0880242501024416
-0.254522440371418
-0.221603145044111
-0.146842292476856
-0.0723171208059923
-0.163019451726226
-0.294014001026843
-0.182302099267049
-0.0694253001176092
-0.130188478159565
-0.278448604614104
-0.22905662528965
-0.121367813823765
-0.0579964223371179
-0.0691512400442686
-0.219675934854346
-0.258696156304923
-0.110454457210274
-0.0933964302608185
-0.0979683710394338
-0.0906774204263252
-0.273308218129638
-0.185259180917347
-0.164729458827055
-0.111740524822776
-0.211389668036694
-0.237616769794043
-0.182197904607242
-0.0531266903373077
-0.170863340912777
-0.285030454859094
-0.0683819123210138
-0.0436322294189983
-0.131722507084022
-0.151249398090535
-0.166858924030441
-0.103006171640058
-0.0633650558267434
-0.0887478457497983
-0.0572085556560765
-0.0369899813119542
-0.0535762829195443
-0.0766672501625727
-0.0585177051845899
0.00210861010460835
0.0209335776052556
0.000952499317728044
0.018447827604448
0.0751995292939379
0.090783471943314
0.0614573207263625
0.172500395134163
0.168001707613257
0.0704212597582513
0.150620475329338
0.141976488728364
0.279205269559463
0.128753316921294
0.182498375298508
0.110793120595423
0.237989723797083
0.220928913613487
0.198576009509305
0.110046095870231
0.294629215947405
0.168196892625056
0.224519816244169
0.160342615890524
0.204217407595232
0.197285995722287
0.127492924924586
0.183229332390339
0.252810078804569
0.0981962924324674
0.131491575385075
0.1427403395867
0.259772672780814
0.146497427837361
0.0906687471770211
0.10791979032184
0.14682528266908
0.17949476850637
0.203618287942701
0.0914629515853344
0.0896322043901027
0.0925097107515117
0.110115488384139
0.178859862115734
0.167614948511719
0.127252403303627
0.0152004046816782
0.118109997982215
0.0544015181206566
0.0687935053952996
0.0538043876796053
-0.0138682121307088
0.127688575775047
-0.000585415929933237
0.055443544501611
0.0541220546742285
0.0206756374802734
-0.000428797294602859
-0.0423607082765111
0.0428020498760228
-0.012171072296953
-0.0435842640467328
-0.0318157487092024
-0.00262822594783402
-0.0413314712938485
-0.0368015811920019
-0.0779596429686975
-0.0527965746602733
0.0256014900437969
-0.0238836029891172
-0.0548179419897063
-0.0911937414465203
-0.0131518774621652
-0.0932241492355269
-0.0381828510374429
-0.132600460038054
-0.201826400982776
-0.105554345963367
-0.094110643261466
-0.0900001516217052
-0.0555517314963484
-0.0915325159421325
-0.0296973680643052
-0.248658998831324
-0.16082008180817
-0.16524263452034
-0.158690663549497
-0.133358186615566
-0.0741352804853922
-0.109051198606821
-0.167931260048538
-0.142125908925713
-0.204751617831675
-0.125231278740854
-0.151900086079819
-0.1259151472143
-0.240590085777692
-0.164658558110278
-0.111498098973797
-0.146273799002008
-0.124597607597408
-0.129121284104536
-0.262796362442588
-0.0885673918651404
-0.109701706701536
-0.186309062329702
-0.151272672312167
-0.123758220470938
-0.129013176407931
-0.166454662786299
-0.0891721549516411
-0.0917983517925609
-0.0554500298308919
-0.060371975501267
-0.0670196670545777
-0.0880686772932118
-0.0220522457525934
-0.0741092646324216
0.0179789285010606
-0.0534673681598495
-0.0553437360102993
-0.0181552049605069
-0.0372096768215819
0.000481741724354845
0.0432410997061388
-0.0577363654135391
0.0412311899739186
0.0202668896692655
-0.0195599606873462
0.0435506880332686
0.00458654107771663
-0.0531798809652231
0.0341757520114524
0.000271981662968784
0.055144186271549
0.0174514504835513
0.0442775548909932
0.072363836186628
0.0191125424058799
0.0268857240355271
0.0368916060405312
0.0709793297399031
0.146287308465061
0.0620582206679666
0.140346372208556
0.0573050022165417
0.00316479695224579
0.114743316123983
0.170168732171391
0.203295402202868
0.150127128420844
0.0562849568520851
0.221664502039594
0.24174557610906
0.125776397677629
0.1118624068544
0.217451312749454
0.344632874683228
0.094486300387159
0.147251845569671
0.232407172338731
0.25794295492975
0.186882404317522
0.166581925930326
0.217774361242916
0.273024728329056
0.0712596302784476
0.164724314164914
0.271924909033774
0.177915032623335
0.21166234915714
0.128754985179083
0.108208333434624
0.1421436066002
0.116223593657213
0.126929441120005
0.108839314967709
0.00162435448402825
0.0528117150897783
0.136835329231547
0.0303695059735088
0.0721617651735457
0.00153482253728106
0.0161008568050971
0.0367160261499928
0.0169593900549233
-0.121054587684289
0.159101317464432
-0.0166479056268418
-0.0360558855152976
-0.108454151460186
-0.0232110516278348
-0.0157964710820953
-0.112552195882014
-0.0781130443587278
-0.0480802121411758
-0.0803537629289096
-0.0532912783197343
-0.057439321567408
-0.0531518600314004
-0.035969812721824
-0.0940595095561269
-0.27545585151666
-0.177362028296986
-0.11436912207066
-0.0873511455222508
-0.161268671782714
-0.029039877129165
-0.256886404638125
-0.183951373079701
-0.122481319595403
-0.115492991172935
-0.165661073702576
-0.201591841326617
-0.127505299186663
-0.183075100960078
-0.0361852039875237
-0.0869045469210736
-0.167466085505943
-0.285649785287641
-0.131278376944476
-0.130304340339377
-0.0504810007037567
-0.0724223893458527
-0.14525302143334
-0.218823381740494
-0.140750039414715
-0.112018108054812
-0.0539221074507224
-0.0888103949254277
-0.0952039608721905
-0.141285825042645
-0.10690855905483
-0.0600608747192591
-0.170043452557624
-0.127768371560277
-0.0953921383365348
-0.0343385627224365
-0.108568869362721
-0.0774614107844374
-0.0109671485429398
-0.0737048373938347
-0.146657305392538
-0.00405160086500053
-0.0724427615289789
-0.0365903437040605
-0.120796750767886
-0.00943727090347975
-0.0397624701033081
-0.0378243333977208
-0.0330539165104325
-0.017160865528465
0.0365757139274907
0.0175196445099291
0.0726527595562124
0.0384177732528099
0.052055397639942
0.0739028597242165
0.0543868337170639
0.0969975830051804
0.0327113009336778
0.0868739876806895
0.0723696296243636
0.111878068651431
0.184376666938655
0.0751968039941755
0.0371019506746178
0.212460496586631
0.0804032098737271
0.0359082450988416
0.127996035972883
0.185098386275753
0.0552496689109612
0.0759072652741538
0.0290933080414498
0.162549404974588
0.061472023214115
0.0918293626196088
0.054691290086369
0.112720497753495
0.0887296185975848
0.0913133173871587
0.0587070799981589
0.160119105589516
0.167627604577824
0.0713327835350531
0.0183590580231296
0.216128042505321
0.079941718117929
0.0354333214634356
0.25408746407389
0.10863716763671
0.0739964646174938
0.0811247174268088
0.0755925722956208
0.182873397721314
0.210575634756842
0.0911094346251851
0.0538179484669225
0.0352039562464184
0.0915242725383805
0.126038200362918
0.1490565410854
0.181161880665064
0.0371853772763621
0.130470284647953
0.0692167653778077
0.0344645437285939
0.138451951385133
0.0677039185433343
0.0958408491217057
0.0680955175527939
0.0718154013435283
0.0023175932463735
0.0224622584317962
0.00333833031101056
0.0153679664587035
0.00265010152176961
0
-0.0203725596423993
-0.0371290197608153
-0.0343244342944615
-0.0188320072760254
-0.110793683348789
-0.0778958954174026
-0.087658084298508
-0.171219193655097
-0.162542037123944
-0.037819460900458
-0.056318586108378
-0.11242620981123
-0.0876652095072772
-0.113854718053205
-0.160762516791263
-0.222972981013232
-0.0752649841430572
-0.145796535623285
-0.0880866894594054
-0.130855598244255
-0.204370883874259
-0.105154244441884
-0.18793335674863
-0.0579187142908501
-0.0844484902708835
-0.0918054666389977
-0.164925608421806
-0.17400410724959
-0.16370962036589
-0.0572746323010619
-0.109065557850212
-0.0557360476520238
-0.0556646229576495
-0.0918540600294182
-0.111507880738697
-0.163451790666287
-0.0726841484159809
-0.07302118081426
-0.0545249389747247
-0.0730048067989497
-0.0758785714508853
-0.0363345876222172
-0.0922026578061242
-0.0189132433858435
-0.0527998067042319
-0.103755791630712
-0.0596497971292148
-0.133974391148262
-0.0807725154271441
-0.000226931421881445
-0.0364453691219297
0.0110669600722873
-0.0156518470368769
0.034254680070876
0.0334958746146392
0.0182182186816848
0.0359310516728323
0.0152024594199185
0.00207081821988854
-0.00137100797734658
0.00315124511721966
0.0171280137970358
0.0918355163524336
0.0499385644703564
0.0576449308308313
0.0200993070025633
0.0338936690353869
0.0258117126856483
0.0312022359618351
0.105965534270856
0.0922951575244575
0.110126357422806
0.107276897635867
0.0425308430492317
0.054110123905356
0.0537577180606664
0.00136702420989034
0.0561535719832166
0.110666383472444
0.0356849065189383
0.0201351419055179
0.0908494628261995
0.0937177679332381
0.14753727427993
0.0361683973475004
0.165795105678296
0.032734429159584
-0.107011731802821
0.207964371857316
0.0249217023805065
0.00437183879896245
0.0173085228543375
0.0364273987893007
0.055915443854745
0.0374324220023909
0.0561077294888812
0.0378745684378263
0.0733295254168477
0.0533156173981968
0.0347311627928688
0.0536020353723624
0.0664341297208628
0.0754162006012294
0.074538428757446
0.0328634440535963
0.0156840952192603
0.0552553718052263
-0.0132050391057399
0.047652898079071
0.0246103600478542
-0.0133503846266292
0.0728857195814008
-0.000733070098603538
0.0182909815190488
0.0886094301595559
0.0364695921231183
0.12659641899861
0.0765441916519381
0.10718826339694
-0.0367190729704002
0.110016651113305
0.0228258948529943
0.0550403033045094
0
0.053863687011902
0.0338921455246091
0.00520244604092344
-0.0369813309150432
0.129236804567075
0.0485053981519443
0.0384866660670157
-0.0388469034467363
0.0222803698814206
-0.0195966782440102
-0.055210075423883
-0.0532448591579772
0.000746932750367145
-0.0587907261185681
-0.110795653852942
-0.0555353932627564
-0.1301841377033
-0.0539053482861271
-0.0732469787066053
-0.0613977515578651
-0.0448640763786768
-0.0745417694046617
-0.16879507112112
-0.152085417276105
-0.131275207507245
-0.0832449871395085
-0.0758535340282576
-0.0539720746866799
-0.054688809099548
-0.075762854722926
-0.104658918066113
-0.131877602005282
-0.0910960356984127
-0.089517794483013
-0.0743732751423031
-0.0908081597453011
-0.03758457495913
-0.0513794726280731
0.000695741431092064
-0.0063538122784187
-0.0172273763242088
-0.0144425343477679
-0.00140172050551099
-0.245787179341972
0.143518964338283
-0.0732789203080545
-0.0182152305773943
-0.0560932270036953
-0.118097755978703
0.03560935357957
0.00251854306915808
-0.0810916851853272
-0.0315254965520627
-0.0180976854051939
0.00254880690970236
0.000665029893616297
-0.000665029893616297
-0.00144692472870754
-0.0187075673970774
-0.00536118655915005
-0.0184595958027179
-0.01720375105411
0.0158170286709749
-0.137251454905034
0.117841866536263
-0.00146285023841047
-0.00204115610078405
0.0323067084567165
0.00548403190938348
0.00205651196601783
-0.0027624907062518
0.0577073764283509
-0.00256689616542747
0.073143980758037
0.000818014153899403
0.0386640526978383
0.0184196450543209
0.0354652261212538
0.000737184560829016
0.0541405882106628
0.0201332625784295
0.111693764085222
0.0141835593888697
0.0640399761281715
0.0510802860906536
0.0824137361687876
0.130064061972581
0.0357909552781112
0.0197160449100751
0.0706505694962799
0.00278296572436818
-0.00063208719952149
0.0173902224594699
-8.08424942375846e-16
-0.0374183489010646
0
0.0165534917004119
-0.0163721996946296
0.0182477376594455
0.0199187657063443
0.0187945638495888
0.0189132433858434
-0.0589540779040388
-0.0600293927875131
0.141098870224484
0.0258859664311714
0
0.0178757489376999
0.0217225753266734
0.0366472241532707
-0.0036834696284795
0.0562771357500897
0.0324251123811289
0.0402623389516373
0.0720812802873103
0.0965957642982493
0.0897010682464654
0.13209935139313
0.0729983008459569
0.0297876373327016
0.0419238109263083
0.0579034744690159
-0.000701119823181548
0.053873891645561
0.107002042198528
0.095438851682835
0.117330577620481
0.000762291529219092
0.0395891742223038
0.0376940266768676
0.0460323348312225
0.0624062149090328
0.000741813302236753
-8.43344085112986e-16
0.0184504665796749
-0.016606346095326
0.00126418316365119
-0.0413468481984466
0.0214030855057059
-0.0386524357416816
-0.0581990004927462
-0.0921746046139398
0.0333733356380755
-0.113741658033846
0.0396658172944568
-0.0366212510686145
-0.0374509469867801
-0.0735349040872299
-0.0185423954763163
-0.0186649198961462
-0.112371309546413
-0.0785923659977535
-0.0299124703311433
-0.034543312764317
-0.054301977065478
-0.0719810933364798
-0.0211510529743022
-0.0188713071477365
-0.089716182600795
-0.0181470352316246
-0.0205927221874403
-0.0117296105941325
-0.0247674588124938
-0.0145170621769574
-0.00954136489853145
0.00667911773848195
-0.0158505778269516
-0.0206764002904999
-0.0374641518434806
-0.0699787634171391
-0.0742754592636083
-0.217046055885631
-0.038285018999459
-0.095111691807836
-0.0686922557689345
-0.0767302614316918
-0.0290963244485165
-0.0146412007431292
-0.0346328270822749
-0.036608808782999
-0.071937258731962
-0.0604518077880633
-0.086092948651294
-0.103203791645078
0.0788650028942334
-0.0181813102387565
-0.0125325853106296
-0.0222066837469509
-0.000627838796873856
0.00069062267656289
-0.00181537493669075
0.00141195828409307
-0.0216883183886643
0.0210238095503787
-0.0355132796775657
-0.0361947089749581
-0.00280344101102007
-0.0193818760792315
0.00414373605937577
-0.00243509500882163
0.0362676938559342
-0.0126008738769329
0.0130639250598814
-0.0799804090453585
0.0332302526432133
-0.0116317616863056
-0.017242060689134
-0.00282391656818529
0.00208722429327596
0.000695741431091196
-0.00282391656818529
-8.02605361566708e-16
0.00284439239784402
0
-0.0370564007182399
-0.0720868440547385
-0.00389603433604269
0.0123762562145668
0.0278950958059318
0.0541590520428811
0.0214215679827998
0.0517506268014163
0.0216553343561707
0.0745028889915795
0.0591796762607138
0.023213118346665
0.0373241699067955
0.0363807424056075
0.0997755951752901
0.0461953823546428
0.0948844172131511
0.14128891371095
0.072031680874983
0.0591798352456764
0.0266313356224717
0.0348825963938737
0.102729720305529
0.106907825285348
0.0750625037800713
0.164892826972584
0.0982865123365886
0.0701091104886568
0.0944794019817255
0.0213006353769761
0.0838815271104705
0.148878074985185
0.0885482372588044
0.0939708741199059
0.0526228158692322
0.0382555052893455
0.0738868106949764
0.0347190921793884
0.0722458950315877
0.0374778147432434
0.0934129597862066
0.0169830114128441
0.0361808493746348
0.0177790995209809
0.0741986448386759
0.0333075029505719
0.0382707357159834
0.00214726090649224
-0.0190385276607123
-0.0880527991249678
-0.00651123022407683
-0.0200841879393272
-0.0384980545000986
-0.0325255201333319
-0.0589054556486426
-0.038354027743949
-0.0357540914849589
-0.0344244954422058
-0.0171608666094943
-0.0374285646691154
-0.0894274771020693
-0.0367776260540702
-0.0584347611402181
0.0172872786661202
-0.0198926834655607
0.00711098099460947
-0.0372822251655147
-0.0365987228764717
-0.0232589564360522
-0.198123728801832
-0.0102864624466926
-0.120727890705974
-0.0568350563926312
-0.0876736032082316
-0.0545736783753105
-0.0411833181395313
-0.0546292539121369
-0.0193453137503468
-0.0561521060631312
-0.0888126077954731
-0.146182811138237
-0.0553447361492737
-0.0548587514077008
-0.0517701749762819
-0.0839277712188118
-0.101449595216093
-0.0910829191619976
-0.0899660177684692
-0.0570061369307974
-0.1341008590017
-0.0689088174029485
-0.0176693162486815
-0.0535380001284105
-0.0565499789206359
-0.0576847020257101
-0.0180201848672329
-0.0221123487226856
-0.0338870535767242
-0.0314267764765037
-0.023432180523605
-0.0543194116885912
-0.0723664071758385
-0.0325533615031221
-0.111999376237291
-0.018586270407144
0.00205651196601727
-0.0572867767328167
-0.0322131856733407
-0.0240600531900138
-0.0121843093095015
-0.162827935592892
0.00568878479568711
0.0064008211660427
-0.00245301088464171
-8.08424942375649e-16
-0.0200200926543906
-0.00214042372411552
0.000607566738836417
-0.000173502791797976
-0.0172949358690029
0.0361070382787253
-0.000850769063455822
0.0372702308235968
0.0546675813833033
0.0371800878585897
0.0383205556404119
0.0154402100438406
0.0758833766019182
0.0346518215372963
0.0871930262581873
0.172902002215013
0.122556032628908
0.0377005424858009
0.0030696450745619
0.0995089232561443
0.0900824762553874
0.183515681966307
0.293998293552443
0.0507963885579721
0.0186770369479487
0.095648300703906
0.144238770237404
0.0915221296511806
0.144781232270187
0.108759499220394
0.0593155449610186
0.0922535231910755
0.165596890130758
0.0857983667867091
-0.00889474799031137
0.259382788119673
0.023315855795412
0.0408751307476737
0.129333418827946
0
0.125172754495629
0.0555706627433781
0.0930128578616965
0.107699179681258
0.0917978446613884
0.0341445366258056
0.0169751371693714
0.0386173571909399
-0.00515020721415886
0.0439979311030377
-0.0206979826078714
0.0184902635018149
0.0172204848854386
-0.0172057871115429
-0.0828348307586832
0.045615547248087
0.0184902635018141
-0.0542039037847304
-0.0228749864849424
-0.0554216367937592
-0.0523995734871602
-0.0208407939009532
-0.0560573825556695
-0.0380551354834014
-0.0852936791398412
-0.0761764082913209
-0.0830954445079277
-0.0922411285575669
-0.0228543111899157
-0.0764346608399781
-0.0292883619683888
-0.00127552595700172
-0.0178860846710337
-0.0425690818700622
-0.200403733833739
-0.0319679095926855
-0.0749532730299163
-0.0415422771618624
-0.0545694936738544
-0.0728154074823185
-0.0718653714305705
-0.0947565926904678
-0.128026255697538
-0.127099642913938
-0.0382087132985252
-0.0735856989313051
-0.054758417359399
-0.074339376017554
-0.070747356802678
-0.0884129149544247
-0.114698634482236
-0.132207741736896
-0.107563148840193
-0.146152934149888
-0.107272411375894
-0.0482325215218689
-0.0305270618085309
-0.0173368414212592
-0.0738055702262649
-0.0537492814263216
-0.127890787371995
-0.0920190405100667
-0.0748453334223266
-0.0941681069543591
-0.0360366648698754
-0.0891778549512257
-0.0337440123930819
-0.0166205998471058
-0.0205609715627223
-0.037572859237015
-0.0579976976761493
-0.0919684511553475
-0.0537660689414978
-0.0728057254105429
-0.0297334611841804
0.00765515146999907
0.00119421248913353
0.0260310279786124
0.0128887120227324
0.0327171109227462
0.0739743957138128
0.0159951448101809
0.0921495700548911
0.045560873965166
0.0313146515956066
0.0254338954805243
0.0176902415535141
0.0716473723465948
0.0579350464116962
0.0670889663144718
0.186950422513215
0.149195439355513
0.100300569261932
0.0567020513713255
0.0228763174689398
0.0778304883697697
0.190683281596026
0.130028894239186
0.149836965277798
0.128664799287855
0.164821657984975
0.0377421263849974
0.160223228578397
0.097583726292451
0.0908531425755844
0.0858597264113544
0.0808877260229613
0.0735203582589395
0.0898849892552429
0.0938297358706938
0.179746125242464
0.0901750808996215
0.0373891806437033
0.0313603497743547
0.0112015688128798
0.0234224399757826
0.0593673882115577
0.0968643325753753
0.0155953058825027
0.0862538404601361
0.000631168531670848
0.0518947873176895
0.0590471733571809
0.0393721646013429
0.0169055628067872
0.0182431360360296
-0.00240855442075618
0.0163857707972467
0.038423121774489
0.0338626685976383
0.0356626638921376
0.00432801732382853
-0.00290582154156293
0.0233855231866369
-0.0629646831415837
0.113420122743553
-0.0702303045378762
-0.0737680983335287
-0.000711098099460969
-0.0180039855768683
-0.0734585009859226
-0.0906461749063297
-0.0656684993454005
-0.0744951226487757
0.0169922130731871
-0.0365223493918588
-0.0373162120038942
-0.0184775208571262
-0.0754705205908953
-0.0363046054784396
-0.110737203642877
-0.0908414241002797
-0.0727210779049173
-0.0949685023244623
-0.0882538072758795
0.0265655686862741
-0.0301451424500965
-0.0554731118146922
-0.037848724446753
-0.0974752160132345
-0.0861874775742993
-0.144325587153905
-0.0911491396523692
-0.0532195973824149
-0.0194796795505433
-0.127315607585649
-0.0393142980330284
0.00208722429327441
-0.0732949761036504
-0.0198730995303653
-0.146870133319369
-0.206932839499485
-0.0933173735386444
-0.107341816320574
-0.0531397563810041
-0.0386021253132313
-0.0521582216221867
-0.184802260041455
-0.128593421169928
-0.0572512918592321
-0.0541560495985286
-0.0375078561207176
-0.0555584393656788
-0.0177401832762058
-0.0943990411646504
-0.0552159597853153
-0.0154326716537049
-0.0224541985173348
0.00969647839693624
-0.0471977294369446
0.010208080921678
0.0120310200169698
0.0510340810295328
-0.047155238995634
0.0794338934987239
0.0469065491160152
0.113085812202136
0.0892468659742878
0.0570721084227305
0.0543111155601959
0.0507270614473404
-0.000695097155347838
0.0996100358241752
0.0711700794228809
0.0687718588692333
0.00321769110850989
0.0514544918075418
0.113100787447782
0.0131811306974718
-0.0273365861539889
0.0913574461139867
0.0360602937744382
0.0847430203650283
0.112988598725697
0.0596553593854698
-0.0460188387580032
0.0932465232002551
0.0587090490778404
0.0644257517873006
0.0953537612127778
0.0768714581940625
0.0892097846418046
0.128434038128433
0.0244600648288039
0.0529378351994482
0.0173248726406733
0.0165238296609924
0.0543730269476327
0.0971968630283678
0.0136876275074174
0.0674937248696695
0.0788194614806024
0.142546923036668
0.0366775820676709
-0.00441986015078292
0.186053921122132
-0.0193330778372351
0.042642603880596
0.0390872949126437
0.0317789888693516
0.0179289110163252
-0.00290582154156168
0.00423587485227795
0.0188148650067231
0.0370541943279072
0.0238149929376616
0.000230428287149602
-0.00479852792070905
0.0448567934886858
-0.0202722658207161
0.0171090621810524
0.0360108726302906
0.0188442708910785
0.0695310337542737
-0.023648162186078
-0.0143131609864106
-0.0559346801856702
0.0632496704504288
0.0322012304624769
0.0339884591393968
-0.0172866488127244
0.0154570586638061
0.00194022766078845
-0.0173314591547241
0.0149679139197615
-0.071570555262697
-0.0314448926511924
-0.0938355674577183
-0.0731606452042984
-0.091744452234162
-0.0923929749825915
-0.0539474377254361
-0.0730669011901996
-0.00568878479568859
-0.155267372020231
0.0220065984379841
-0.0995648820365203
-0.129039166368224
-0.0897237678358149
-0.149810364328016
-0.0985123476754841
-0.0681487851590445
-0.0366025159150176
-0.0607201544838036
-0.0843310099972519
-0.0271045822523662
-0.1225120849124
-0.0597883228264406
-0.00214500851759338
-0.0662727495970245
-0.0889203968354937
-0.0357720186728783
-0.0754578119221063
-0.127454506075612
0.0178926221915555
-0.0150467696824981
0.0288014837886938
0.0369404270461248
-0.0512879848683926
0.0163847925550466
0.0375817581602998
-0.0218115838192214
0.00292990591306366
-0.058029367530013
-0.0143997516658868
-0.019853850593835
0.000465522792519114
-0.00386265541061988
-0.0306656271107981
-0.0528178513338887
-0.00381145764609349
0.0170470498237529
-0.0198187921591027
-0.067995535701451
0.00299430821557725
0.0402793572623326
-0.0129074864868485
0.0171686581240435
0.0168806519019785
9.167700354223e-05
-0.0180722178742727
0.0169880353219786
0.0220683513282895
-0.00383270206156228
0.0367685783671252
-0.0181493115782419
0.0181493115782419
-0.018625941284977
0
0.018625941284977
0.0743081432069147
0.0738744637626114
0.0552842594421257
0.036410852810673
-0.060551396397671
0.0961881848875301
0.0379693102291756
0.0179266896173639
0.000480890813759186
0.0376738854686786
0.0186667929172624
0.0350683515146557
0.0787104956274741
0.0209905835696933
0.0145818791165494
0.116580062712869
0.0545068029151327
0.157900306774669
-0.00221223837491164
0.03745930209883
0.0546477674939712
0.073552811863017
0.0739543305275073
0.12210046575177
0.086752236343161
-0.01276350193148
0.116730472965186
0.111256876940783
0.019810129424383
0.0739877689850211
0.0301126994971047
0.00699317448084809
0.0495454359023634
0.0905369009153251
0.0560691109971282
0.0538808876665519
0.0187633901567511
0.0938590391574127
0.133192386484362
0.0154257319728074
0.014628526968201
0.00566310594781161
0.012950361346468
-0.150326249835981
-0.0246058442700327
0.0121224682527829
0.0215480180020219
-0.0218498171392207
-0.0395949380760863
-0.0426976105280763
-0.00781041664947798
-0.0420137477196309
0.0339508999050381
-0.0681992252617319
-0.00451768866403264
-0.0417570283486011
-0.0480394640519882
-0.0545953214929973
-0.00222647489440571
-0.0508520464220391
-0.0421046296484932
-0.0135135358776272
-0.0217336186171372
-0.0595674114617013
-0.0304231896418342
0.0139977174629159
-0.0104080056311857
-0.061011479712421
-0.0332730651812232
-0.0185519056163236
-0.0787988800525942
-0.0134244625963078
-0.0766307065841836
-0.0587962966562146
-0.0296972729072521
-0.0193812897950164
-0.0586603554878847
-0.0390221911019177
-0.0727371654279474
-0.0509324175804055
-0.0595594099253512
-0.0162128456401558
-0.0858629702781234
-0.048237410725077
-0.103163962667831
-0.0918123151982715
-0.0398577082727509
-0.0355192724902315
-0.0209488989343054
-0.0731366528053697
-0.036325701140337
-0.0564803908362435
-0.0290951066082278
-0.096789071118572
-0.0877207419335427
-0.0180136066510855
-0.165631156822458
-0.038906899389428
-0.0697324495200569
-0.0366769104958596
0.0333427862711417
-0.0738205017574404
0.00076887773944901
-0.0592901017415112
0.0151528123437915
-0.0035463069101861
0.0143500178434824
-7.90966431726923e-16
-0.0013277135945271
0.00122523747537852
0.0741210728881225
-0.0589198702248621
0.0374738551010503
0.0157476504946266
0.0733480905276076
0.0745690896163594
0.0358234517234886
0.0359475980021607
0.0927496554990307
0.00402088991935781
0.0698710139889248
0.0375579566978954
0.0170589116456171
-0.00465516029771443
0.0400063745175143
0.108365809640312
0.0741379830159756
0.113611384520691
0.0539878103096937
0.0937560045281176
0.0920130331920014
0.0171424436404121
0.0373912591863245
-0.00164956189542278
0.0730086448587198
0.0536687365928487
0.0476006878598437
0.0080603049058871
0.0935641636067147
0.0196365291361744
0.0922750892992059
0.0541832920113956
0.072817227337201
-0.00267357066049438
0.0304328766252075
0.0929698221581113
0.115162551672619
0.0329437481678254
0.0736363633811579
0.0246507539666268
0.0343516373551417
0.0187296196636489
0.0150843646205513
0.11426611929349
0.0223720117801444
0.01264346271348
0.0391917566945294
0.0664087839239253
0.0798329611335708
0.0392391727008292
0.0863114334042634
-0.039704777055718
0.0182131688453
0.0898818245438677
-0.00209183738288744
-0.0271474247712727
-0.0708581052115701
0.0172578347834494
-0.0542433300131772
0.0162992212134946
-0.0181537814188989
0.020924464560721
-0.0396314658192476
-0.0305377239849721
-0.0652596115644375
0.0211414980544128
-0.024610999342152
-0.0139308091529482
-0.00150410454115175
-0.0360247336513408
-0.0158470649421053
-0.0387035097699411
-0.0530828898714377
-0.0607778997956423
-0.107288776897272
-0.0329026051084787
-0.131546654718509
-0.0595512075940589
-0.065943977499683
-0.0908106964727881
-0.0548391763483661
-0.0773893255715477
0.00438944772146761
-0.0961063197456205
-0.110540554006788
-0.109034420455145
-0.128311384134058
-0.0740324522676029
-0.109275290047359
-0.0365947662600153
-0.071981189381021
-0.0356736263835684
-0.0734918167905733
-0.0730043650538972
-0.121804840393641
-0.0166968120563106
-0.0115479186529355
-0.0522473892259407
-0.0201119638653555
-0.0389423999329192
-0.0529444457203181
-0.0384084973815344
-0.0196745047718239
0.0195226694039877
0.000601791555313577
0.0202632826412472
-0.0368865169011241
0.0173815832153599
-0.0361189323021709
0.000716217125493145
0.0670955150382834
-0.0135791792752252
0.00124909095262853
-0.042825341886583
0.0139826770325185
0.0283502670850257
-0.037250722968197
-0.000705979142045964
0.00141195828409113
0.0360726689812956
-0.000695741431091433
-0.0149151913513983
-0.0442253837078066
-0.0531830061320821
-0.0181621481033614
-0.0366602504124192
0.0926493542838162
-0.0355544532852474
0.0723262639568048
0.0532312652966526
0.0363351431499084
0.0177317328391656
0.054741449184139
0.0616055707436369
0.103316036304179
-0.0194427620251959
0.168555945812692
0.219605311262403
0.0700395299190694
0.0576065849417576
0.0171319747837031
0.0384527290091064
0.0945819605584024
0.0967758501025608
0.0704298057029494
0.131153505019293
0.0882292961513354
0.0592319799580856
0.0517333801065248
0.0353702376213049
0.0366859844083582
0.0526717580904723
0.115859222465982
-0.0636715930683559
-1.77981504123356e-15
0.136492402032713
0.0686508236272947
0.0343341403910487
0.0741197218375987
0.0161316841953658
0.079157895242515
0.0115441683046372
0.0233568164680453
-0.0194986330345489
0.0353093138683096
-1.698328447597e-15
0.0240642839461704
-0.00157904160914662
0.0129497911353363
0.0163652713971188
0.0540429450379006
-0.0114466468544684
-0.0433361731470301
0.00357912512221723
-0.00378585931680864
-0.0112298063093529
0.0520870940216761
-0.0593124429054954
-0.0361228109406515
0.00568878479568236
-0.0218857931379055
-0.0200906982792784
-0.0373668631176029
-0.0165093998169642
-0.0658389202963918
-0.0817400610505934
-0.0853782017313004
-0.0535246797789528
-0.0185583497963252
-0.0540325670968519
-0.0181220330538258
0.0208276410220499
-0.0766337347928657
0.0153337298135314
-0.0341710778159833
-0.0783581539503444
-0.0122857278179656
-0.0359380365285451
-0.0227300064665166
-0.0203098992103548
-0.0198605040393225
-0.0375080451697927
-0.036774547379056
-0.109370674494008
-0.0536689880345005
-0.0178075460802148
-0.109301355259789
-0.0736013702051806
-0.0541639670532009
-0.0194035655714707
-0.0538918229583662
-0.108821530267154
-0.162907793890354
-0.139840707144197
-0.0167127048877592
-0.104692591247705
-0.0725382479862937
-0.0546439440786669
-0.0561524813026264
-0.107318764766773
-0.00690951617488957
-0.0153218563751775
0.032979771850902
0.00222543990671169
-0.00402890916036418
-0.0180310597509375
0.0275111843566592
-0.00666686134281897
0.00838520682140093
-0.00386265541061855
0.0431768338659211
-0.0252658900967262
-0.0134366930846346
0.0308875702761308
-0.0219030299193847
0.0765665595894222
0.0399180645138995
-0.0403160360383924
0.0238357609323362
-0.0219128026704478
-0.00155530194032392
0.00346496149644602
0.0192620117570273
-0.0235821067096147
0.0050152766146433
0.0172354020339662
0.0563508132164315
0.0530015156858624
0.0531007418139191
0.0938913133604564
0.037137622382359
0.0537469923743886
0.0546472487151478
-0.0030643376595746
0.071039255154866
0.153715390852879
0.108518842564337
0.109094261341084
0.0906302165321318
0.100120973637908
0.105177895469033
0.0357510813953344
0.0562707108104077
0.0514619210360383
0.0527082445176981
0.0557457069898393
0.0533360749185102
0.0372015330123321
-0.00178880507501293
-0.0912426486422679
0.0549237545613855
-0.0157203127907174
0.0370408054351567
0.0327056953395845
-0.0023199594430398
0.0423650631528577
0.0362727488462461
0.0227036395978439
-0.00160648108789286
0.0781192348297137
0.0358142885696955
0.00116932144972878
0.0718859833671144
0.0702239531843052
0.0863662455503519
0.0550342620165264
0.0569153392227391
0.111448897032139
0.0922448430948976
0.0365016091386636
0.0185162927952009
0.0369853139723391
0.0173163412781974
0.0177234759119829
0.000700860252753546
-0.0177290223777599
0.00138124535312443
-0.0358356740048215
-0.0556436007911868
-0.179901399767971
-0.0576419283491783
-0.111264422152331
-0.0760395820103133
-0.110992039504248
-0.123080412935048
-0.169637053907364
-0.126935313795225
-0.0919503926206797
-0.112642148310203
-0.100567848053302
-0.0468275070070734
-0.057733115941408
-0.0336090764157059
-0.0417013864293149
-0.0219288376503376
-0.0145713409519115
0.0271789225895005
0.02056196390014
-0.0178187223895972
-0.0174166646087084
0.0547137502588496
-0.0412043824407642
0.00291845075468679
-0.0023483127997526
-0.000155329976360151
-0.0109600822232103
-0.0744406503049123
-0.0895675770035623
-0.0835290367334153
-0.0507388300137408
-0.0943582197139559
-0.0929055707255988
-0.0357260379332003
-0.184926219611382
-0.0360002066141323
0.0568170487814656
-0.113845251795676
-0.0864922364230554
-0.0733380565947483
-0.0563521395860155
-0.0345746294498171
-0.0574953928268291
-0.033694207950628
0.0120254631580235
0.0394782022577474
0.0211166142885213
0.0516877538242008
0.0704246260191652
0.0278673595877154
0.12005588181235
0.0390181902143013
0.0162702411265759
0.0549262600975939
0.046494031231039
0.0779019052597868
0.00428718568648794
0.0191669649638885
0.037234929370648
0.020099307002561
-0.00119369520915359
-0.0016820646066099
0.00139148286218012
0.0224264758742747
0.01494328315543
-0.00264900710963136
0.0407857365628452
0.0159605468576211
-0.0024493873209382
0.0431213478589457
0.106734244699431
0.0727700231448375
0.126164560534709
0.0208549824143188
-0.0151380423932916
0.0296253072508095
0.146610663370239
0.038227577548849
0.0909266963571518
0.110278636667789
0.0742265319010159
0.126923034565572
0.0480769982388954
0.0604147262521393
0
0.0402977716692321
-0.0360006309634179
-7.96785858203818e-16
-0.0543350146712285
-0.0256481945170523
-0.0170390489752904
-0.0324955239956442
-0.00528968433054307
-0.0711317174182634
-0.110919981502106
0.0187632212066659
0.0361663647583544
0.00102136667370608
-0.0370378715337443
0.0353358433344514
0.016670812259721
0.0598335971764784
0.0620301137396013
0.0139996359795688
0.0378664973593273
0.0566641480930705
0.0223586069733167
0.054547673040018
0.0173858832818546
0.0565349592574758
0.0132257947305391
0.00206089395267556
0.0219267384844574
-0.0215259799728354
-0.0896458954676984
0.00554943490831723
0.00740917865123552
-0.0196884514013811
-0.00519234819717875
-0.0507035249524487
-0.0976790929110074
-0.048434639955395
-0.0426107713203508
-0.0297272853341217
-0.0386037639029083
-0.00192068421522877
-0.0601399740129182
-0.0196579721926319
-0.0452095798330683
-0.000731574620243474
-0.0192171133837168
-0.0409537945787706
-0.0114589757079688
0.0363443586177629
-0.0345484487544924
0.0580182217223409
-0.0312020557203405
-0.000716217125492839
0.0546194616599129
-0.0113387723043737
-0.000651673054196784
0.0365346744590844
0.00292576172483839
-0.0171903616962685
-0.00141948628183963
-0.00192007258739859
-0.00191249356586394
-0.03810769109737
-0.0195624223884938
-0.0137077521456546
-0.0553689873712322
-0.0215709042870028
-0.0011254446847204
-0.0885435418784844
-0.121795615282062
-0.02938476767822
0.0909394381133837
-0.0186269905711985
-0.0425338310580715
-0.011620581907668
-0.0360812353577011
-0.0359540208381402
1.59357171640727e-15
-0.000700860252753263
-0.0184737374746807
-0.0353138493985397
-0.0184737374746807
-0.111720739241451
-0.0707001542697061
-0.0166203394857906
0.0119450788311447
0.00716217125492776
-0.0172572377691357
-0.021672913892487
-0.0689481343173673
-0.0110369919642148
0.0235994710639658
0.0178435198131203
-0.0226055612590485
-0.033394761367036
-0.00561215899829424
0.00073930035461923
0.0032676859978625
-0.0329788359496626
0.0493064524355787
-0.0118215734941127
-0.0398682373181376
0.0376327733132291
-0.0195811753403376
0.00387382895783235
-0.00540771757486229
0.00152458305843443
-0.0135994797642225
0.018577149215475
-0.14937279212281
0.0236873383392736
0.136445066006318
0.00148883766063083
0.0331227028939946
-0.0148544797583935
0.0306650929158327
0.0269232615125517
0.0164217253736784
0.0850431047549863
0.0595023333560961
0.0345065250298866
0.0713976870997835
0.147358961606377
0.0359603666810813
0.0366033775155993
0.0821564573198413
0.125553298671756
0.0407355233802878
0.0284611586095149
-0.0127490600214196
0.00971012575475776
0.0799795844671934
0
0.0354106872622797
-0.00432801732382633
0.0181515884960164
9.1547540012706e-05
0.00571503910816513
0.0377574525656673
-0.0361897294148837
0.0394502308541395
-0.0201654592326544
0.0175850840255421
0.0160933939793214
0.0573964743385076
0.0154482829579794
-0.00013588301951158
0.0359495556078622
0.0544009763213654
0.0278627364165426
0.0278517377760254
0.160371082558078
0.0249479590171682
0.000526703358967037
0.0675674160759379
0.0361039303977666
0.0616559863444389
-0.00206483457121422
0.000858538191484523
-0.0222077329536502
-0.0548630332375562
-0.0367270992380023
0
-0.054203389196261
0
-0.051978283163023
-0.0550413731319005
-0.0550872085255522
-0.148486359722242
-0.158457246058887
-0.0140607051157633
-0.0705027015294486
-0.110473969620272
-0.0552742361167298
-0.0547288451412576
-0.0244138359904138
-0.0304589627024182
-0.0597142706010654
-0.0519059915297213
0.0353238069660242
-0.00815705339781869
0.00328879179875663
0.0157736717261724
-0.0230134847339065
0.00228687458765223
-0.0594461202239196
-0.0353045693960977
0.021877743612743
-0.038327678500682
-0.016262508616165
-0.063545727712555
-0.142672033281971
-0.0732467390636178
-0.0582594656531533
-0.0151240628226591
-0.019478773776916
-0.0420648001588385
-0.0140999195067934
-0.0184973551395694
-0.056560774602792
-0.0936184341874789
-0.0335403684815115
-0.0178407229410136
-0.00427876460008261
-0.0202639059313399
0.00729236197962824
-0.0216947322599902
0.0352481920223228
0.055126346550597
-0.0205171646665003
0.128539587740489
-0.00963573681155173
0.0532217718490912
0.0555868095576602
0.0151827674948547
0.0208791293221017
0.0233864828128353
-0.00417444858654605
0.0201712044302656
0.0340349569232846
0.0248095160015727
0.014542549402715
-0.00204115610078053
0.00136077073385371
-0.0206216171700143
0.0124138295331956
0.00737163151881544
0.036040985513588
0.0160730835869723
0.0631985189614288
0.0281575606308624
0.183425665146329
0.0357050802435426
0.0421309539090192
0.030680228728601
0.0695144222099809
0.0760506604681697
0.055023139690293
0.0958182833495289
0.0695466613993791
0.112239072173322
0.0353830645168734
0.0929184869929545
0.0188050834288664
0.000496589129716654
0.0349433918004555
-0.00213329429838194
0.0184313773123183
-0.0317787661825376
-0.126557740831632
0.00785663140808374
0.109240739944026
0.00105287317880647
-0.0157140007486646
-0.00324757070278085
-0.0169908861148236
0.000752052270576529
0.00224079825109604
-0.0149973807719549
-0.0162128456401558
-0.019309440856445
-0.0696275382591552
-0.00823362337470037
0.0222639907288193
-0.0371682074015942
-0.0014711489941412
-0.0233902588379853
0.0020255622728466
0.0203868790546854
0.106133350114154
-0.084503157601587
-0.0640724245000186
0.024814006552604
-0.0225915758656317
-0.0429112681438623
0.0043227712067503
-0.00509485238124574
-0.0130546120292173
0.0165308435895324
-0.00674894433185139
-0.00960728995643824
-0.040405691317777
0.00358205868852347
-0.0197266190055426
-0.0160259843703506
-0.0188925325411983
-0.040189908291433
-0.0181016279121416
-0.0173751732803215
-0.0116039568400856
-0.0681228553565787
-0.0864814812394045
-0.0331225515510608
-0.0202211257132392
-0.0789508918805455
-0.0904404708322948
-0.0738228445114139
-0.0336961744396449
-0.0398557549959059
-0.00057297370039417
0.0006074808927236
-0.0152312961857405
0.0153345061102509
0.0094836192060448
-0.00164767283698145
0.0901257685440423
0.00305631020767664
0.0878118504443758
0.0517480509048912
-0.0654313726569828
0.0611676691425438
0.0756367488097397
-0.0182041157400286
0.055558808506027
-0.0185450273799879
0.00135100431138081
0
-0.0387472931616986
0.00202813761864935
-4.52258488886454e-05
-0.0722177620872505
-0.0358179313218954
-8.02605361565312e-16
-0.000705979142044492
-0.0541046247675107
-0.0519545082247203
-0.0570433572883088
-0.054841776357522
-0.057025887821933
-0.10586218880617
-0.0846380182321805
-0.016830476583324
-0.00305313156890087
-0.0147879877736199
0.0404862961858278
0.0527868534740857
0.086051237821148
0.0426539002754796
0.0404274969059545
0.0887470377971749
0.0131079848991866
0.0815616726381457
0.0184997202278095
0.0329418856908158
0.0188503415231837
0.0400817223422488
-0.00622120776129035
-0.0151070272749084
0.00264261063461939
-0.149089272978118
0.0424028126689554
0.00679216565283131
-0.0204212372203907
-0.0140494016008278
-0.0504928218122167
0.0544648544595831
0.0350634489856812
0.0301524762739305
0.0240033770154181
0.0184384238437243
0.0187733634230826
0.0154610504349824
0.0113221481698461
0.0069095212939028
-0.00437277195573737
0.11965317188434
0.0751480633654828
-0.00776577056249649
0.0974688118943945
-0.0798555622484394
0.120506221682424
0.0194898291382269
0.00286486850196785
-0.00360668110318697
0.000885953990397062
0.0429124098411228
0.0141384625492284
-0.00143243425098472
0
0.0441231461235564
-0.0172494035976787
-0.00204115610078058
-0.0270553590204191
-0.0370297703862372
0.0585269381267281
-0.0200200926543874
0.0251939375617391
0.01674666056549
0.0187953120163278
0.0414462092450328
0.0601792420643068
-0.0150383954390549
0.0944333200807288
-0.00138124535312226
0.00121575805060464
0.0606867812076645
-0.0436895702839561
-0.0338076378436791
-0.017993531860926
-0.0923957157070557
-0.0360445080655653
-0.000607218452246027
-0.000690351655037356
-0.0574934438957033
-0.0537938213373989
0.0147803124475107
-0.0335259994904662
-0.12906821907334
-0.0805094830111838
0.000822700086458282
-0.0366182894775643
-0.0173829832380477
-0.0407313943295354
0.0133843732359526
-0.0281217519701598
0.0160846867299628
0.00239439383331077
-0.0153962152421111
0.0253532893445203
-0.0157567409173505
-0.0174633109883464
-0.0549231239059487
-0.00597941184388544
-0.0188589196407121
-0.00673793190955393
0.00228787370661521
-0.0148364323791736
0.0130372616217212
-0.0509730769590815
-0.0609032237415998
-0.0423170111549571
0.00443070824247938
-0.00346504870906874
0.0217328144169163
-0.0216690265286439
-0.0141922793092289
-0.0010905751258587
0.0185596190343168
0.0137102434868607
-0.0354606865423046
-0.0734866264333731
-0.0535573297554389
-0.0189644722566658
-0.0172498862239974
-0.0191836653459883
0.00037615784959924
-0.0550815691448712
-0.0173367557494506
0.0159372753277864
-0.117807940383618
0.109846454853459
-0.0308805113509904
0.0223398686563643
-0.0244578060824974
0.0056478331363613
-0.0056478331363597
0.0195159520881836
0.0188590083292105
0.0188800601720297
0.0365528123858612
0.0351954625018557
0.00218925582303401
0.0927589231082166
0.0752795455894989
0.134149875675785
0.0280024926039032
0.0369762176941358
0.0193466572402027
-0.0362306796401668
-0.047844276593134
0.0313840862237281
0.0216485071665591
0.0467306213882163
-0.0358356740048213
-0.00487019001763427
8.02605361565124e-16
-0.104841243907623
-0.0189528742204096
-0.0342042734975823
-0.0541349354350758
-0.0221535254667081
0.0211720811594124
0.0339484089233942
0.0176376000349783
-0.00676847043517688
0.0568359570646522
0.0553925310736846
0.0148815102482363
0.0217437781132159
0.000955137723876118
0.0374129712500954
0.112574431527481
0.0402858177859578
0.128077604624349
0.0496266774750686
0.076426327811658
0.0662503257681784
0.0209651395669881
0.00545363986377438
-0.0242604239820794
0.00302868745344261
-0.0640767375934495
-0.0169471378270671
0.0375151418523281
-0.0361709636869436
0.0188705283561241
-0.018828628792763
0.0225933640644213
-0.0579317839552047
-0.00242775471176771
-0.0405191368053978
0.0410900396693725
-0.0144484950795718
0.0159523113708951
-0.0189418599067473
0.00420842424781385
-0.019932940621551
0.0362228109409291
0.00420516151652043
0.0135751267261647
-0.0179877970934803
0.0376236143528079
0.0127096047532993
0.0244692907251413
0.0109415458445625
0.00483896604850849
-0.01945206913419
0.0117690213803984
0.0209598694120568
0.0263133972437397
-0.0852849440428847
0.0234708931602099
-0.0179868612508389
0
-0.0392253266110041
0.0366742335881167
-0.0353714673139621
-0.0342786328848228
-0.023903945802408
-0.0714278983111756
-0.0539534336669543
0.00081852558287119
-0.0716582439219996
-0.110865873084738
8.02605361565e-16
-0.0333037035567441
-0.00282391656818089
-0.0552933884337318
-0.0928873980644274
-0.16402789520536
0.0266906116412382
-0.0510840936352184
-0.00109361075787625
-0.0325485145767176
-0.0761500814740773
0.032886411758008
0.00294456709668211
-0.093137384432005
0.0541432492309964
0.0537643135390705
0.0246088480613125
0.0876078321107824
0.00240941573435627
0.0396063891500457
0.0194266245189931
-0.0132445690535913
-0.025553143407225
0.0260629181820684
-0.0243546377917305
-0.174194592270266
0.0995470541954973
-0.060128684134861
-0.0704444090484891
-0.000759182468792119
0.00340758877406464
-0.0428648684967538
0.0177899199901515
0.0186100285993829
-0.0203361118171777
0.0191920576693641
0.00599141043892994
0.0348609639424102
0.0166213183316555
0.0225153376746836
0.0194379162722666
0.0334547835727574
0.0589834741748462
0.0374889227671805
-0.0585647479410255
0.109261638522391
-0.00611056440566002
0.00907449477285656
0.108735352670187
-0.0166104867776548
-0.00029388913253416
0.0379855261062385
0.0247692473385862
0.058191826194455
-0.0334743865684853
-0.0213677968149046
0.0405709084815828
-7.65654639586714e-05
0.0181059938709652
0.00068550398867148
-0.00251558138627473
0.0178288012649908
0.00508792295170249
0.0106539575823694
0.000260528741762718
-0.0495358779166591
0.117334609553553
0.0622718273641628
0.0541017589366938
0.000768917344152318
0.0193628377971487
0.0372043211897283
-0.023804832939514
0.0613585331773333
-0.0230095752607668
-0.0504822207876118
-0.00705979142044867
-0.0317559073332539
-0.073955819717616
-0.013579023785729
-0.00787838838041351
-0.0106872169571847
-0.0207023300703095
-0.0239815142456296
-0.0187344700118749
0.025234300344793
-0.0479395895104683
0.0221816895851519
0.0218761708824129
0.0172880154528961
-0.00222487277157874
0.0462515233385167
0.0304783089609152
0.0236974290193352
0.0349757732165138
0.0166283617150725
-0.0357441949987514
0.035206528759686
0.000775364289306747
0.0392695306014503
0.01250390337806
0.0392660742140766
-0.00152822038642781
-0.019542722616634
-0.00753550474674189
0.00403999284162659
-0.00103522718627718
0.0514311641146615
0.00802447039988832
-0.0386574962728231
0.0145465686444383
0.00440594654248536
-0.00118714090427071
-0.0527070924600246
0.0389175225015363
-0.0583488433558343
-0.0215779035478195
0.00108234973035343
-0.0193170216306811
-0.029766496329626
-0.0190401247808401
-0.0558362780750483
-0.0573299635464315
-0.0122833545001752
-0.0189548244398848
-0.100145843852159
0.0691962461557133
-0.0711556758304781
0.0580317733170194
0.0091659252453022
-0.0157041732250524
0.0782822339551941
0.00136077073385264
0.0191621823063513
0.000472736208226045
-0.0208514565647116
-0.0178141236027762
0.0178141236027762
0.0291255833517415
-0.0347124475355873
0.0384719641107074
-0.0361043890138172
-0.0362352164713841
-0.0180272005858139
-0.0358268004666556
-0.174145120410421
0.0518048892167759
-0.065307237639494
-0.0815385972409897
-0.108720156314958
0.0006016418164603
-0.0374981352493664
-0.0184949906559755
-0.0730426636959956
-0.0898307605303149
-0.023583800229085
-0.0217310472093721
-0.00359904146788632
0.00395940813617045
0.102307531385842
0.0733034016324102
0.077537408162526
0.0730614183425202
0.105666257965629
0.0364211047560605
0.0143244921959479
0.0146390060873465
0.0395469348459502
0.0360397479586354
0.0181785021158494
0.0203429210754627
0.0149042166727738
0.0205116273149126
0.0342749628100404
0.00376026135287136
-0.000644149552617434
-0.0246557771594838
0.0215542148624059
-0.0217171803366401
0.0194607332197631
-0.017062389789417
0.0200562689073451
0.00151907956987426
-0.0200775973064742
0.0194138948859073
-0.0752692867621532
0.0511571544154804
-0.0370724076787452
0.0180012876483359
0.0254864740365566
0.0168666840928578
0.0760526268018281
0.0128502206331863
0.0428029279566704
0.0202159989370992
0.0613077595411311
0.041648464099773
-0.00352989571022398
-0.00278296572436263
0.0570006769784846
0.0225633811136869
0.0554986836070659
0.000916264393603269
-0.000457002659114452
0.0546932218960726
0.0450206793751903
0.00553687654307255
-0.0327136239498326
0.0039594691890112
-0.00573869401562425
0.034904401193606
0.006739249508666
-0.0771160911294376
-0.0710868366689989
-0.0543126280949411
-0.0174217531721842
-0.112084607957042
-0.0383834759252395
-0.0931535129394654
-0.0330271014903488
-0.0199904173018934
0.000700860252753235
-0.05643903111713
-0.0248721731447751
-0.0115552057587141
0.00170598838782611
-0.0134023676211692
0
0.0103137149597167
0.0195613506914626
0.0172054543770765
0.00871746462466729
0.0352563213701782
0.0309613699725151
-0.0037858593168035
0.00752052270574816
0.000741813302236575
-0.00150410454114998
-0.00827257497632484
-0.0183277560164409
-0.0485593596057929
0.0141419251435599
-0.00267777977563396
-0.0940008225186735
-0.0894220162692913
0.0378032790373926
-0.109484521466998
-0.00536556505488956
-0.0191348142045922
0.0177747311918611
0.018645143286301
0.0171453745239654
0.0246171691012401
0.0561144626029962
-0.0189559341318084
0.0134885100076596
-0.0496109765184628
-0.00101061079981593
0.00310996239563785
-0.0170929803225135
-0.0164843752705626
-0.00393835401363258
-0.0026434153487135
0.0759095051556567
0.0038528190231964
0.0112377502946849
-0.0143877241905918
0.0430105720414081
0.0227531060053317
0.0219197773140984
0.0549552420039317
0.0578140328249801
0.00207014660295244
0.0177002742353007
-0.00491938924510399
0.0369620151540353
-0.000449738035919708
-0.00129993645879401
-0.0210557826158749
0.00138124535312282
-0.000441276871854707
0.00135100431138117
-0.0177925107297378
-0.017984625469453
0.0369075586986057
0.0553254393968953
-0.0395576930081375
-0.037478708614948
-0.00642904861938192
0.00726455385388925
0.000618288189118003
-0.00266023503754251
-0.0341561941447573
-0.0182480975067617
-0.0270267710196339
0.00296725320894603
-0.00300820908230054
-0.0156778702024343
0.0223903204687933
0.00370906651118169
0.014714140399802
0.0450058676281407
0.00847120779296941
0.00498408840429737
-0.00504646530900876
-0.040616021249793
0.0274389194555432
0.0464495249239005
0.0174624611980453
-0.0329942603761327
-0.00625003272170224
0.0443192353705456
0.0162034205166628
0.0330181298292189
0.0305984057069756
0.0419245817555833
-0.000494569234221578
0.0548586904074218
0.00224079825109362
0.0137559737209049
0.00589355140555105
0.0544758532216205
-0.00146314924048473
0.00847174970453324
-0.0446764849188951
-0.00287458491302382
-0.010207380887378
0.00682802978893432
0.0184075761129611
-0.0179266896173638
-0.0178823769499135
-0.0403911510973201
0.000797270472955816
-0.0374884194154149
-0.0195942609372903
-0.0174147040357675
0.0184808164390976
-0.0359299066651243
0.0281631453973199
0.0014007408955602
0.0107619162445741
-0.0362679418526396
0.00111913859434551
-0.000715140055412759
0.103604868006161
-0.121751399719834
0.153910042208181
-0.0277775668728956
0.0375703803206476
0.0210664660084119
-0.0203233929991382
0.0373820375141071
-0.000426757509416125
-0.0349602011544643
0.000716217125491734
-0.0368186760056808
-0.0738332704649895
-0.0435177583127326
0.0028760047256395
-0.0518299903251648
-0.0180052556262639
-0.0399866942622501
-0.0789378121221016
-0.0154577447636718
-0.0200862933688936
-0.063531217644266
0.0134114166168324
-0.0240484607710465
0.00526436589402181
-0.0164783132001494
0.000752052270574789
-0.0208340239148777
0.0177793745342007
-0.0371682074015942
-0.0390607777217994
0.00675172497306318
-0.0411238418221541
-0.0571129963118581
-0.0223191519757866
0.0420387463577129
0.0373482137461451
0.0451016837143771
-0.0301058789829455
0.068284997468297
-0.00522831443351202
0.0299666330492344
0.0978818795271385
0.00228423340133497
0.0181766723494661
-0.000794620179074579
0.005192693115652
0.00432801732381762
-0.0180072465696158
-0.000114248151925468
-0.0175466313892159
-0.091474138085356
-0.0736307252435792
-0.0369831861780141
-0.0361604153080505
-0.00352989571022485
-0.0349433918004592
-0.0363850883943064
-0.0376690900054519
0.0194420211185112
-0.0549548325913817
-0.0204994872854004
0.0460386617197195
0.109271599284577
-7.22354316613768e-07
0.0932536070079096
0.0575255022387652
0.0976456989631775
0.0347408763648873
0.0342968317961296
0.0363119469618355
0.02665117902752
0.033804255102236
0.013228915139904
0.0204403468235567
-1.85608854181324e-05
-0.000677498840010353
0.0175466313892183
-0.017430252275381
-0.000558939630430952
-0.109552223389823
0.0716516574779967
-0.0255987450700447
0.0182867635876622
-0.0213426105800752
0.0439349676078725
-0.0270366268602902
-0.0243466797724396
0.0126528135398809
-0.0104722733511933
-0.0252671299185277
0.00786747065581443
-0.00300820908229834
-0.0207865948154594
0.0184901264853857
0.00304916611686639
-0.0069881194750806
0.00244529356881191
0.0364514565233182
0.0154374120983296
-0.0345950100777891
-0.0583794180488503
0.178308532187785
0.0533124559925596
-0.00127368725154704
0.0232554169955943
0.0187368961281639
-0.000757171863362223
0.0175798556411555
0.00300820908229834
0.0567299431934249
-0.0409593350524091
0.0190837141436034
-0.00363227692694473
-0.0122902654092637
-0.036799961740351
0
-0.0378700271976686
0.0236927703725411
-0.0243317337373655
-0.0595545310500183
-0.11532304535289
0.113924817664667
-0.0722634725097522
-0.0349678530426003
-0.0194732662206201
0.0223772797848558
-0.0195408587693501
-0.0927221107630737
0.0946760507705533
0.00138124535312167
-0.00155241055610044
0.034830494883122
0.0250064093291934
-0.00207182882424136
-0.00714208232861762
-0.0281791890387115
0.0117010766267411
-0.0716196938663376
0.0508799188476425
0.00701555183936875
0.0338799703260571
-0.0781207572506187
-0.0162821555015906
-0.0551797906117703
-0.00121075897564851
-0.0194004760231916
-0.0162567082451705
-0.0188197596126034
-0.00810363318263415
0.00217936615616434
0.0158237981937252
0.00451231362344695
-0.0258431296225226
0.00762291529216923
0.0248918336287898
0.0194456647465562
0.000757171863360489
-0.000757171863360489
-0.0365746419981145
0.00873593404884907
-0.0634633153761974
0.031613395728209
-0.0186221896589327
0.00460446761183448
-0.00546214681831261
0.052888911768834
-0.0472289900130983
-0.0616498478157518
-0.0235894704980084
-0.0273128585870324
0.0495995639366024
0.00398093517207055
-0.0230344126564493
0.0376402923140278
0.0704705074548338
-0.00195211992331565
0.0439139422170502
0.0168112824887055
-0.0208302903103561
-0.0322295760843995
-0.0385037799385504
-0.0563764725454416
0.0182576294255724
-0.0417832346504781
0.0552453261615102
-0.0178571220146505
-0.0565848595103761
0.0560251157037827
-0.0175111974077862
0.0714117172351104
-0.0551033643336907
0.0789151864050286
0.107420694751619
-0.00118826015120296
0.0601169616261006
0
0.0342176739798201
-0.00109811711047574
0.0210887977366055
-0.0421298017963241
-0.121902591113993
0.0608131076807729
0.00828468577543201
-0.0174043202669636
0
-0.0379512256202736
-0.0188648479433783
-0.0165788609902607
-0.0180513445931829
-0.000618288189117863
-0.000721336220636687
0.0185916665937666
0.00131867652028549
0.0357823889058693
0.0350770523181978
0.0031572596815468
0.0165109020330865
0.0365781527600347
0.0191998798750223
-0.01742237127017
0.0690445495612085
-0.0272194198040465
-0.0125587739974063
0.0912234859981565
-0.0160647873559783
0.0581667386409552
-0.0453337315582456
-0.0530121287480216
0.0204462860311338
0.0228707816814209
0.0189485977699634
-0.00579064700002511
0.0139922219560282
-0.0331616758663401
0.00117813597064158
0.00485642505641599
-0.136355135283298
-0.0336617898524464
-0.0328156422112073
-0.0387907076940063
-0.107628661408687
-0.0118644732236986
0.00323089105978853
-0.0718518105627978
-0.0177204566645718
-0.036887128281537
-0.00352184491005648
-0.0522569164168834
0.0375196046921737
0.0137507732595631
0.0181493115782427
0.00540434555588783
-0.000520622054813905
0.0174119861246659
0.0245600838796376
0.0556055094623233
0.0196517560186137
0.0729353771264341
0.127668989098206
-0.0379087046425753
-0.0353165181236394
0.0800129042271957
0.0596998435661993
-0.0565571167774711
-0.0156464974611018
0.00113592757505984
-0.0387126032988758
-0.036525616411124
0.00205651196601203
-0.0194666448222913
-0.0568475959795475
-0.0188099729461381
0.00126233838611342
-0.038189806714406
0.0187636249386186
-0.0543351956017054
0.0355406251368558
-0.0154187470690559
0.0143556360697273
-0.0954227765682977
-0.0460348152392805
0.146387453373064
0.0411295723812299
0.00660652658654495
0.00785753932579385
0.0148794494591605
0.00448159650218773
0.0169830114128456
0.017908938222769
-0.00255803756213103
-0.0207037311731339
0.0580559401550129
0.0499463722993229
-0.0187156743188638
0.0621122409961322
0.0275282287573467
0.0437762612994111
0.0320661385685407
-0.00264765633078492
-0.0387604314966995
-0.0951942398515738
0.119282050772484
-0.0159763621342234
-0.0178967647516776
-0.0221068617992498
0.000936138850734937
-0.0178357866556728
-0.088767116294046
-0.0184921701744691
-0.0406505965636326
0.000324590196405391
-0.0542391501359502
0.0173334744238732
-0.0558962706722039
0.0378484037183121
-0.037341659297759
0.074133968572364
0.0950521948996
0.0578253680136309
-0.0039362308189099
-0.0334161882885201
0.0815733055874971
0.0203858008428316
0.0907487432976587
0.0538342588118041
0.000835851577941433
-0.0668846363889984
-0.00135426661652406
0.0215985517438467
-0.0017441747199656
-0.0050900331264096
-0.0703599093591137
0.00167748249292137
-0.0573010766358658
-0.0248967603330765
0.025442079791679
-0.0180152687571697
-0.0382046472871851
0.0382070576416293
-0.0245797532310641
0.100789407380125
-0.0675876087383633
0.0458630241975027
-0.0186216877896658
-0.0380272281236763
-0.00150410454114929
-0.0189379989400132
0.023093474264473
-0.0786090171180512
0.0581877909551229
-0.000746932750364015
-0.0776724565481215
0.0189042247488814
0.0214153903424575
0.00589333963073773
-0.0429920711018151
0.0351507066587991
0.107166811069172
-0.0102763665227916
-0.044890085172969
-0.0612665984340799
0.117654790792204
-0.00197222128058716
-0.00902242501839919
-0.0401228140312862
-0.0361512241124244
-0.019359913992161
0.0167023770339693
-0.0277791685830047
-0.0437975678057154
-0.0550236679284226
-0.0582290758097314
0.0178835161052517
-0.018194379807824
-0.0189085563133121
-0.0366768615936414
-0.0198287949238384
-1.1613847838175e-05
-0.0539722727832165
-0.00105371480508062
-0.0130180327985276
0.0364572132036558
0.00325773891630286
0.0168055694302499
0.0568206830622208
-0.00418724954447706
0.0521297574824799
0.0403200443703014
-0.0774777187145265
-0.0154761551713684
0.0139387277942536
-0.0152448452961563
-0.0521780039310047
-0.0568494793263106
-0.00564798676365137
-0.0174345320569316
0.0943810859117306
-0.0053899439921446
-0.0125848233293153
-0.00492350484445197
-0.136754036708888
0.187064586394295
0.0107432568823675
0.0173928832299745
-1.67504805561645e-15
0.0318960498072892
-0.01398267703253
0.00432434750210885
-0.00548849901035942
0.0223111778738917
-0.0223111778738926
0.00225615681172346
-0.00201912496895994
-0.0157082086747281
-0.00309012432848724
0.0206239823476381
-0.0219244443174867
-0.0322198754847039
-0.0207657584138643
-0.0961696595169234
-0.00682627212601287
0.0440076235352056
0.0221129973762686
0.0172210620827746
-0.0376485204404513
-0.0193664846205244
-0.0730946608142082
0.0724693884057533
-0.0315056692297104
0.0368346118421891
-0.0349524040263994
0.0858591402310027
-0.0383873786707231
-0.0161336760061595
0.0883715469907101
0.0197987580938249
0.0378687913819891
0.0156723875031704
0.091307032252915
0.00610987721615021
0.022959582381514
0.0900939237185577
0.0814395911560004
0.0197228284273051
0.0171974949964825
0.0184266826161106
-0.0366185834748185
0.00779855573949003
-0.0437545602154974
0.0408283854497324
-0.0355957215358409
-0.00507130190875645
0
-0.0590729545696034
-0.0097414981351173
-0.0396565990187671
0.0206409566284287
-0.0806553351348619
-0.0298998055200863
-0.0456071321768636
-0.00839095622147296
0.0324248679908877
-0.0248721731447676
0.0213647223246922
0.0686980639546196
0.0832135990753527
0.0352824162140077
0.0351398141257054
0.0742269683145741
0.0514922079638712
0.0523951679567969
-0.0656831515558142
0.0808302403161994
-0.0446541104905192
0.0135745249532896
-5.81754015017514e-05
0.0127972470861438
0.024904788280183
-0.0395573755526474
0.022967511810482
-0.0645605326492719
0.0438910144806941
-0.000575558451477581
-0.0196067747975042
0.0249988358947318
-0.0562938967006843
-0.0178544235284698
-0.0243694328830157
-0.0281225403900803
-0.03869175420913
-0.112704642022126
-0.0931587677101726
-0.0288101864040639
-0.0966935456120571
-0.0349216093323804
-0.097654442119899
0.0186204783322202
0.0390077038409239
-0.021216463187192
0.000230692303224234
0.142877241605149
-0.0157467481547355
0.0788856235756185
0.0524470584513417
0.0232628352077886
0.0192197529822317
-0.0374667666970383
-0.00529477385362895
0.0174369831834796
0.0393520727591531
-0.0696705319684113
-0.00359558998798865
-0.0174683383491319
0
-0.0165784350682184
-0.0190925463484811
8.25884155106316e-16
-0.113076629230502
0.0373927589733182
-0.116363697442895
-0.100550003912148
0.135862063232325
-0.0105075624466718
-0.0550410718269544
0.0523804753268482
0.00186802813385477
0.0159469036084342
0.002489775834549
-0.0184926267768013
0.0106814772994266
0.0076229152921642
-0.00381145764608168
0.0195016144021215
0.000762291529216509
0.0335329001194058
0.00233295291048012
0.000762291529213035
-0.0182810235585577
-3.41993777771723e-15
-0.020449982958187
-0.0266630831499872
-0.0508326875570001
0.0956472274797202
-0.0525251383679512
0
-0.0317869457198902
0.0533648105358395
0.000402541070185993
0.00145291077077593
-0.054271878649001
-0.00378701515833953
-0.0348791437576256
-0.0361811321828854
-0.00278296572435683
-0.00286486850196447
-0.0396928591100931
0.0013076196936992
-0.000716217125491105
0.0352850546026842
0.00981433291829415
0.0580840686908143
0.0612471708434338
0.054933783688104
0.0917713783299034
0.0984822945548034
-0.00202580043249119
0.0354084502745904
-0.00270106724332232
0.00158318848754941
0.0361769663685077
0.000796452545134886
0.01975986507236
-0.0380484159482433
0.000619147401177266
-1.59357171640345e-15
-0.0165733046352752
-0.00190991233464319
0.00214865137647247
-0.0438876757444622
-0.0367192298382688
0.0435169544956302
-0.0661496621113077
0.0615413321151328
0.00311338022309295
0.0159855926365674
0.0572903832867992
-0.0180076827636663
-0.0187937548994608
-0.0229839993199618
0.0179844561293101
0.0073715826134262
0.0700678242760266
0.0169000346405044
0.030998284976318
0.0200474210586447
-0.00110189386496808
0.0124048818317043
0.00845945297987487
-0.0380628314353655
-0.0569247821825952
-0.0243838502495038
0.100092892981217
-0.0197143772636458
-0.0181743891347519
0.00121499907982355
-0.0185495271668837
-0.0675128424606511
-0.0768562197377359
-0.000816168060894833
-0.0698376740776974
-0.0886785667535449
0.000790464914742608
-0.111032916989814
-0.0628198985657332
0.00708857085785051
-0.027208085781477
-0.0165608232807382
0.0504860937157272
0.0118218247687291
-0.0451943766107534
0.0310268743643625
0.0429141316653045
0.0713749304533707
0.059347426648479
0.0609258830536218
0.108652966971035
-7.61870432928377e-16
-0.0215271949033073
-0.00291693155977067
-0.0146377834050682
-0.0394067483938132
-0.0536925204660367
-0.0216109688807207
-0.0361992368369109
-0.0886616183315771
-0.0725552834928839
-0.0394699352395127
-0.0326596096101966
-0.152930085906981
-0.0016602837713247
0.0352373878981183
-0.146057917223021
0.00598841623164452
0.0368233322160453
-0.0391251619563585
0.00419875650133525
-0.00452618411816683
0.0304535398776041
0.0238823685883618
0.0177725478321769
0.0644143390393792
0.0847876317242293
0.0779281598244928
0.0094830081922671
0.0556215660920556
0.0517732936415526
-0.0312222668967494
0.0225681963309485
0.0310142214084268
0.0537470190417374
0.0492138850652978
0.00417543082441446
0.0307239226246385
-0.00749436625896709
0.0351252991439052
-0.0158109832481277
-0.0177743253785786
-0.114592169786757
-0.109726944127629
-0.0101523682298736
-0.0570927766600046
0.0122328293859039
-0.0174700877204457
-0.0199577761581858
-0.0562303942452434
-0.0173664009441035
-0.000716217125490037
-3.46032909026735e-05
0.0375200533018418
-0.0156730088217159
0.0612386248596788
0.0627073776449679
0.0740781652437612
0.0968585163778793
0.162432310432586
0.0459133473693492
-0.0194243212933111
0.0487714601232277
0.0199762682291369
0.0360089027858028
-0.01738944464991
0.0333374164457016
-0.0207386651638435
-0.0166639059607156
0.000662285415911984
0.00360668110317998
0.0181535316548984
-0.0362577469119543
-0.00114366468052992
-0.0810335962846174
-0.0209172427028514
-0.0325861755880169
-0.0124942852396258
3.76105416692746e-05
-0.00147338785138628
0.00581164308310205
-0.00672239475327668
0.00499038039685483
-0.0245470446722489
-0.00231759324636374
-0.00510610502279463
-0.0342267068167105
0.0244271905154306
0.000369705829792476
0.0361314376354693
0.0364037088651881
0.0448075635739057
0.104357535849567
0.0136380991778627
0.0140864506878165
0.0544946198477903
0.0453547486254766
0.014882467770844
0.021694732259981
-0.0433438032306621
0.0288658213299677
-0.0181367374036836
-0.0399956212930483
-0.0557166709030379
-0.0357855617875499
-0.0522776021600435
-0.0460783343944469
-0.108027960028181
-0.000358964312688883
-0.0764512772530967
-0.0684175095674179
0.055215117038929
0.0710662046098869
-0.0727592000039358
0.0568643963672177
0.0438520220144564
-0.0492594007629727
0.00676039977900925
0.0351102134698213
0.0712143180725752
-0.0305742099267616
-0.0212956562683497
-0.0217492193557357
0.00155851320372929
-0.00276249070623982
-0.0227994126053741
0.0452279908136123
0
-0.000784614156004617
-0.00586503295255356
-0.0372654306507655
-0.0121559998522803
-0.0172574910218351
-0.000726455385388846
-0.226185200463777
-0.000450892980497166
0.113883037913467
-0.0333728125696855
-0.0919295793023974
0.00519269311564657
-0.0621133312670338
-0.0321978220491544
0.0210971666473696
-0.0578096951764083
-0.0142174777517646
-0.00859086934042386
-0.0363292819528234
0.0683176658377035
0.0202475546703176
0.0209064415187009
-0.0535729228516912
0.0169766747426207
0.0133137419158756
0.0269380000216457
0.0246866524535447
-0.0186132091588922
-0.00900643250405242
0.0364467638495276
0.0181379355524316
-0.0189129261979231
0.000122555209678547
-0.0359072938404236
0.000190012873410298
-0.0200914886124021
0.000890175962681499
-0.0456071321768566
0.00127048588202531
0.00144267244126986
1.65176831021155e-15
0.00435873231232701
-0.0158165273070123
0.00140433176494159
0.0208969192369937
0.0723708606358986
-0.0182857755918722
0.0747534298683838
0.0938093411560523
0.0817718219449171
0.071968687058236
0.110593152630781
0.00792263512216761
0.0343601728841091
0.0141174032152671
0.000670148319889178
-0.00362111130588447
0.0403712478905258
0.00059805760122081
-0.000157812711390978
0.00446484207226526
0.0182523416048636
0.0138692298025537
-0.0181949587401594
0.0185150116643549
-0.0376980608643192
-0.0973619013225107
0.0165634669355362
-0.0114102285159817
0.00081791435143241
-0.0571506983484436
0.0202699694873952
-0.0394082443920989
0.0148794494591633
0.0214560366867425
-0.0161916707927281
-0.00935003990176178
0.010798947743947
-0.0241034549959225
0.0345457774281523
0.0202230756455136
0.05671082684171
0.0982284229501683
0.0317497717772828
0.0533124559925636
0.0521828617401329
0.0155166144709047
0.0211303272313003
0.00681454677023365
0.0155470782299142
-0.00203927963058997
-0.00650756596363935
0.0109901510732381
-0.0179667592079672
-0.0209033218758687
-0.000716217125490757
-0.0337250226712328
-0.0559239946553782
-0.0382652159290377
-0.0972792673131452
-0.126909836915325
-0.109853834606689
0.0072514898174809
-0.0402155011676921
-0.0578705101647964
-0.0109693941147696
-0.0742688011497729
0.0255400524863859
0.0344362158374707
0.034047679540741
0.03730692386726
0.0500861788890572
0.0911930009517616
-0.0200090279667688
0.0187846916014571
0.00038101492597225
0.014658903563992
-0.016040148917112
0.0351274563639895
-0.0146513889724347
-0.0139015061004496
0.0133756126578586
0.0175266355336257
-0.0182661543595492
0.0194067366859874
0.000318094274734971
-0.0533694917466716
0.0190238128001637
-0.0311381916168748
0.0100987070888974
-0.0212314460428668
-0.0171833347963472
-0.0186124428633951
-0.0800510981545784
-0.0534518171313764
-0.127219721086867
0.000170068341239096
-0.0311291961872562
-0.128579188742324
0.0748471700157283
-0.0258266207418017
0.0100095759571576
0.047875241537658
-0.0204614948378555
0.033496239139912
0.0424310190194238
0.0308528945264875
-0.00160650309202077
0.0562675544824789
0.0778420350467812
-0.057214175602656
0.0223145972700738
0.0397639576905253
-0.0592106306321154
0.00290582154155274
-0.0158248035181556
0.0172278344951843
-0.0179689905491497
-0.00145291077077596
0.0201746101979574
-0.038805348274405
0.0150858775620908
-0.000195238306814202
-0.0193972512153317
0.0358691668410058
-0.00165204270867906
-0.0454469031432626
-0.0174538268606185
0.0730065864888844
0.047640834251284
0.0186015648578036
-0.0388154477867135
0.112351137804877
0.0205792046938507
0.0178418556519728
0.0353490127128625
0.0178692721747128
-1.55865561434871e-15
0.000680385366923405
0.0195422594064203
0.0375678068795169
-0.0384889984538928
-0.0168198358980032
0.0714710922527824
0.000558410110085176
0.0192925983227699
0.025997072218239
-0.0178238338195665
0.0100166870288062
0.0361228109406495
-0.00346795757301569
0.00293189188309677
-0.00190760768731766
-0.000695980787068149
-0.0347304491478146
0.00148362660447167
-0.00280099781386635
-0.0222183019998579
-0.0179770313436896
-0.0177326172928488
-6.40134633255114e-05
-0.000744388187337993
0.0315563647854848
0.0444019452186352
-0.00179463982191726
0.00374840866258238
-0.0225932623644444
0.081724598238183
0.0628154029280917
0.0249233446554004
0.020258684110683
-0.00303278744147326
-0.0215260425930049
0.0042068420383662
-0.0565962524268132
0.0036578731012099
-0.0194327540289924
-0.0880210639366796
-0.0792949128127729
-0.0553661898572655
0.0229344323828256
-0.0733104302705912
0.0131239995097503
-0.00196728060173321
0.0352282270957112
0.00010320992450869
-0.0892276106347621
0.105059922121268
0.00210438436579878
-0.00156313952085937
0.0559221449730261
0.0374889227671784
0.038177457546169
-0.00319462194472566
-0.00969468034037308
-0.0223844975678094
0.0415620056052856
-0.0229112009267739
0.0175429518708549
0.00210611710558985
0.0334426200005339
-0.0182018256260855
-0.0541386481345436
-0.0174185469776194
-0.0501774342137793
-0.0221934264221201
-0.0312922266378732
0.000828854060004457
-0.00840433755545075
0.00189626159855629
-0.0201246214891695
-0.0193731375952966
-0.0179289110163263
-0.0356468264357767
-1.66340810265405e-15
-0.017485877266691
-0.125969684253624
-0.0340796654272324
-0.010214332188036
-0.0526305838021677
0.0158453164534744
-0.0379981451938856
-0.0100037889179846
0.0463011616790062
-0.0169371650015433
0.0388609510948523
0.070269779035781
0.00214200412269331
0.0343214005242547
0.0356236987782993
0.020731409797465
0.021460868008086
-0.00556304755120657
0.0763272537670876
-0.0362730812386653
-0.0351069939288787
-0.0720102898309013
-0.0180126250113937
-0.000225798845853962
-0.0341404647346727
-0.0346231725670346
-0.0552946379309798
-0.0367993388151367
-0.0367678494169341
0.0159245267244351
0.0542217465660709
-0.0607126488590348
-0.0026558604012322
0.00464997758991304
0.0725763030026238
0.0186313440688235
0.0359240571884894
0.000718776031947428
0.0373398010548082
0.0550312414962809
0.0376494655945766
0.0926878515299145
0.0362459086913122
0.00521269452794978
0.0324135582992165
0.0555788886561689
0.0342529714567869
0.0229290377325739
0.0154029654193113
-0.00284439239783279
0.0187136766304579
0.0102690049271604
0.00227759864268041
0.044558954102468
-0.00186802813385438
-0.00145291077077673
-0.0539398518317713
-0.0347791876956998
-0.000781508353367989
-0.092794917222385
-0.0171883646497479
-0.0160483748838808
-0.00294677570277209
0.0191995873914217
-0.0172278344951861
-0.0370637415073129
-0.0436955830703238
-0.0329051480483378
-0.0192137745501711
0.0334768793398491
0.00508485949867925
-0.00308472182049381
-0.018469021177138
0.0180343511296156
0.0230971145646133
0.070982208889332
0.0263520609135252
0.0353763575982228
0.0488913390797411
-0.000996353102223906
0.0697728273404897
0.0406808652675572
-0.00113575779503965
0.0155341863940206
-0.0278632938358429
-0.0595083416922888
-0.0178801670664541
-0.0612955864319127
-0.0461683796536813
-0.112234952453126
0.00038949368723517
-0.0575164121203621
-0.0197866624608179
0.0349384602202239
-0.0225185301724828
0.0377303626691527
0.00338071268008162
-0.0184266826161103
0.0208308821158864
-0.000243355278758074
-0.0149770568449388
0.0174777981371738
0.000833785230341135
0.0479169816388259
0.00053468678563751
-0.035252537575021
0.0194143265685867
-0.00197973459450623
0.00201044495966883
-0.000700860252751935
0.0337242197084018
0.0126936144485252
-0.00111805731771738
0.00931082263137487
-0.00141195828408766
0.0166920355200058
0.0026112645759829
-0.00110740935601448
-0.00572973700392493
-0.0017557790885814
-0.00776008492321778
-0.0192966966824185
0.0194004760231908
-0.000975432826989959
-0.0353600485560457
-8.37524027807348e-16
-8.37524027807348e-16
-0.0036472324826025
-0.00156489322361234
-0.00152458305843191
-0.0320626320379861
-0.178923382978987
0.0288222407192006
0.110050465193389
0.020324287392167
-0.0345499320015638
-0.0373629202351234
-0.00609468519911538
0.0416591930995523
0.0133444729173978
0.0227355843914958
-0.0235357014314484
0.00786024668733768
0.0179578393821216
-0.022498641989508
-0.0119812883951186
0.0158588075170686
-0.0339826445874
-0.0233111529703892
0.0179556108093514
-0.0524561420887556
0.00625654055692517
-0.0356814859467493
0.0267833273413528
0.0182408360945227
-8.20649620383942e-16
0.00064573812034514
0.0735221354895476
0.0352322408479875
0.169970154549238
0.110887774565214
0.0535721039823975
0.0178205513641101
0.0561500765805635
0.000591962294193979
0.00144522966342315
-0.0736810738260389
-0.0528283796225747
0.0294402337369965
-0.00108413381775905
-0.0013198230630023
-0.0435680838185902
0.0437978509310671
0.00361714082791415
-0.0034275199433496
-0.016507564613562
-0.00137100797733982
-0.0392145497967155
-0.0154161055718726
-0.000795778949530723
-0.0546494893211861
-0.000705979142043368
-0.0173167303624103
0.000705979142043368
0.0180552127539235
-0.0173648448409202
-0.0193730695036229
-0.0564179094702187
0.0334506387829848
-0.00173702230316971
0.00827617967268981
-0.0799216562971074
0.0143827322110243
0.0154016265140616
0.000515020721413407
-0.0157156417980321
-0.0328642708557995
0.00540771757484502
0.0151740292506421
0.018390045497339
-0.00150356590084503
0.040833774612813
-0.00622120776127515
-0.0138692657264461
-0.00264933617514439
-0.0115919093197888
0.00225615681171917
-0.0564593705346319
-0.0227189019629221
-0.0725836216671238
-0.0361002781247312
-0.0879285898993957
0.00362903786074228
-0.0811625474598981
-0.0221801395169508
-0.0546818809018739
0.0208668044248126
0
0
-0.00145291077077554
-0.00286486850196123
0.0188197596126036
0.0373049205022354
0.036865754570104
0.0539960321109046
0.0189132433858402
0.0362234255587828
0.0353141937194122
-0.0206020587051123
0.0671271388225401
0.0471319534200419
-0.0102208421139066
0.0649902182701814
0.00363329448515821
-0.00340192683462298
0.016033202376673
-0.0131177321523271
0.0144425343477826
0.00140172050550361
-0.00140172050550361
-0.000711098099458013
-0.0236586480202506
-0.0200726815898441
0.00782207909403641
8.0842494237213e-16
-0.00572973700392406
-0.00504781242239486
0.0100569588351888
-0.035377775161593
-0.0893486834979681
-0.00157294461231269
-0.0890010980489012
-0.0305055221790829
0.0383009260205131
0.0599153392306284
0.0490643491979561
0.037896609659047
0.0171189966056599
0.00238234426326414
0.0187156743188597
0.00369384210825539
0.00323517017234796
0.0547803083864927
0.013540421683636
0.0585739902569382
0.0174402175644358
0.0544861795703189
-0.0220336535849271
0.0943266662505475
0.0331472606928364
0.0338952339761283
-0.101602906147771
0.081398041124983
0.020009725851606
0.0211371593967292
-0.0233617392936809
-0.0106651708198539
-0.0541641633833356
0.0166008988210661
-0.0183537354048617
-0.0188660842674449
-0.0346383090611143
-0.0183632591199906
0.0340256892052308
0.0356978400754771
0.0916337009095857
0.0021793661561632
0.0349205209477392
0.0324390658709652
0.00429730275294127
0.0267463931236552
-0.0450362123480082
0.0223870749167577
0.00597546200290967
-0.0142431875331427
0.0353392819303335
-0.0891934634362986
0.0566786928140334
-0.0501606741137638
0.0319707348505112
-0.0323700814565943
0.0148038344912403
-0.0175958379207224
0.0345363103087912
-0.0550219540597181
-0.0172780014405366
0.0189010427597483
-0.0182477376594469
0.000613900393278255
-0.055071510481824
0.0102498268552586
0.0286821958883806
-0.104452086893997
0.0102754287186807
-0.0463324375285387
-4.18762013903588e-15
-0.0309139636671911
0.00416286381435503
-0.0345003902460857
-0.0270556869978184
-0.0147776946689156
-0.00261357095731257
-0.0749168813437038
-0.0368698632431698
-0.0210401968891651
0.00861223851082921
-0.000111344500023601
0.00451231362343965
-0.00463518649272538
0.00129869599307711
-0.00281797535969419
-0.0477216358022182
0.0261004236138079
-0.0169832626819003
-0.0355190770531089
-0.0398473925787645
-0.053725149736449
-0.000762291529218382
0.00381145764607628
-0.037143440187975
-0.0737977135750121
-0.00113575779503758
-0.0202668010213998
0.00421147623388364
-0.0195764892185691
0.0036834696284629
-0.00294677570277181
0.0187517002841809
0.0135443648667203
0.0375984516045375
-0.0162865768329744
0.0284737072598937
0.00554145493926582
0.092424893989764
-0.0355962537230174
0.054222195007993
-0.0186187507272797
0.0181995360882711
0
-0.016939651392757
0.036856727770984
0.0367736054456192
0.0352376829228497
-0.0165213971821698
0.01782605075822
0.0383169485471289
0.00133005978722277
-0.00181436097846512
0.0186248616042733
0.000751659804239165
0.0171169422234992
-0.0366785823282123
0.0691488596376844
-0.0413294845704476
0.034044427110965
0.00525225892026075
-0.0053530180442722
0.0443524293181939
0.0599286586322226
-0.00280344101100502
0.03570890724594
0.0164724955864242
0.000716217125490372
0.0210222222523799
-0.018612442863394
0.00199786787470449
-0.0269586542610408
-0.0227706594066829
-0.0528340979554941
-0.0317953050655878
0.000192528722060897
-0.0405909431651287
0.0166998684135746
0.0179913344816905
0.0211731024833503
0.0189013760767006
0.00172101647823331
0.0559396677530492
0.0150939833316042
-0.0131636795233002
-0.00574202250377331
0.00281907833619477
0.00364171235816868
-0.00167909335443868
-0.00457374917529448
0.00302868745343516
-0.00371322209196039
0.0210437466008207
-0.0199155053957177
0.0512372041917041
0.0980028112515009
-0.0540026625644775
0.133810803634371
-0.0103526593006959
0.0417278372729649
-0.00046705341164132
0.0371576380756892
-0.0229197754532681
0.0206277201582088
-0.00705979142043305
-0.0215333707205424
0.00093493504146198
0.00398971584857176
0.00770946278026957
-0.010512903791274
-0.0185978964554666
-0.0558534035827542
-0.0541256846940686
-0.0167537179136769
-0.0356146978610112
-0.0169303089503548
-0.155441905135329
0.073052094832059
0.0243098677919095
-0.0192747680382112
0.000924015987339581
0.000705979142043226
1.08037562787743e-06
-0.00325553238859232
0.0772383877805459
-0.017264589799878
0.0179734548946279
8.14244601190518e-16
0.020028313392385
0.017529920177231
-0.053532896760998
0.0194587467728435
0.0718952420773137
-0.0566341769637895
-0.0179266896173668
-0.0223503052821601
-0.083247464211495
-0.0732225456791148
0.00622536794000052
-0.0171910912604317
-0.0345098774784647
-0.0202210054616198
-0.047412194317089
-0.00207373592042508
0.0219687848251793
-0.0418858240144013
-0.0733902457865884
-0.0351959255632968
-0.0222463338146017
-0.0141859625052765
-0.0390000623358969
-0.0217680884568769
0.00686062376293997
-0.00618024865696676
-2.59987540135478e-15
0.0274724548513289
-0.0179204292192445
-0.0117440761195593
-0.0314209913160984
0.029385599546048
0.043704373526127
0.000746932750363724
0.015719270257071
0.0183681910648105
0.042044523737724
-0.0188028444882438
-0.021804908332836
0.0711274164559123
0.0546327645154973
0.000321703105183623
0.0737929691714476
-0.0173961667313451
0.0202033944197221
0.0173727461132054
-0.0198841822313453
0.0188663856958782
0.0215167651395072
-0.00696962224502401
0.00274638061920313
0.0197620343301382
0.0343987332325187
-0.0547989490212797
0.0186000016983949
0.00234797304134492
-0.00297174956191626
0.00476269756847144
0.0140453625499341
-0.0198869616048878
0.0360331342128884
0.002488302150293
0.0751012289590924
0.0161471499293018
0.0370677107733341
0.0547432984148255
0.039564463684044
-0.00156971951686234
0.0381976078868355
-0.0662492281586545
-0.00972275203009475
0.0198204133495222
-2.39811789231631e-05
-0.0545048181850653
-0.0394842866583981
-0.00533604070451081
0.00299612637847694
-0.00457374917529423
-0.0879989663837051
-0.0222355018480636
0.00896319300436305
-0.00521821173476949
0.00108906889062071
0.0336728895922039
-0.0221359165010562
0.0423839710066798
-0.0148330820104714
-0.00273369611370138
-0.113314567780692
0.0475420100856463
0.0641105267778846
-0.0402782298789552
-0.0165837828303416
0.0378255655305208
-0.036884063919034
0.0174733356922656
0.0367841016886113
0.00111048076261631
0.0152195884229369
0.0425373957255013
-0.0552355764908141
-0.0748738736000948
0.0362413604396356
-0.0252469619951664
-0.026054554742646
0.0340695264400346
-0.0192247617819135
0.0142616653389967
0.00807994100680368
0.02453163769239
0.0394876034836994
0.0189617072528534
-0.054518108033154
0.056764781112484
-0.0199964243179964
0.00356883039749413
0.0170972259921893
-0.0312740773431501
-0.00109752373927569
-0.0209830979364294
0
0
-0.0222500941198685
-0.00131982306300258
0.00065991153149754
0.0402979684908066
-0.0238843939471243
-0.017474960627681
-0.0183968313421067
0.0455338759779627
0.0816289031932826
0.0173207223848652
-0.0359912234030818
-0.000180411090535014
-0.0185445663789007
-0.0180182206602426
-0.0547345959627771
-0.0175482021572162
-0.0711145978053686
-0.130740094006618
-0.077420104587202
-0.0381107651383514
-0.0561841274025102
-0.0261834355476821
-0.000239294600450959
-0.000821792529016531
0.0107979130589326
-0.0144072820557179
-0.05111237323928
0.00468195331983272
0.0977175809663916
0.0703091747735681
0.0748043247345428
0.00416207894145254
0.0592953625533432
-0.00527933604533985
0.00481906558852559
0.0130495233872265
0.00101411631881918
-0.00148678016740608
0.0310813623632634
-0.0293293380183857
-0.00228687458764706
-0.0208515086213777
-0.110028097678741
0.0172357569720582
-0.0328861127615702
-0.0600839288773143
0.00455767705994533
-0.0423124808343972
0.02283632403528
0.0352934172171546
-0.0155925719570603
-0.00501351987843237
0.0550768586154575
-0.0186094745676977
0.0363832268100338
0.0379265105625787
0.0566776840495252
-0.00112117132775525
0.0374194123400942
0.0198216401590682
0.0916643172012286
0.0333168570759311
0.0551164542841417
-0.0184587598589375
0.0567564799925532
-0.0206687996344973
-0.0657430151931695
0.0961927034599441
0.0991081548473752
0.0735499010647512
0.00272154146769594
-0.00414373605935695
0.059638855374563
0.0315971943802855
0.00202792590486295
-0.0546176698648616
0.0361698256533954
-0.0198388233509676
0.00141195828408545
-0.0360465212615835
0
8.02605361562845e-16
-0.0729718153926844
-0.0540616180413579
0.0188298234132402
0.0368260028459103
-0.105071190149516
0.00258858838708337
-0.044477116536049
-0.00368346962846313
-0.0352370841717805
-0.0606953207021573
-0.0132077149919031
0.0113848297947765
0.00300820908229271
-0.0218860769229671
0.0424716317620708
-0.00537187888046503
0.0183469242734551
0.0373206595595991
0.0993341088873452
-0.00388815483402269
0.0406616784833675
0.0326197402357764
-0.053442174942168
0.001043765361057
-0.152749112287461
-0.0123301607207255
0.0459393205643279
0.0183897489379375
-0.0688582686359618
-0.0868814203083583
-0.0935934068620029
-0.0195531542696621
-0.00798180293640673
0.0011787884394302
0.0382287224328309
-0.105210027202738
0.0169305797028271
-0.00125147236095789
-0.00210986150660149
0.0182440609023813
-0.0184392992091943
0.0184360744013358
-0.0357414133685667
0.0377277122954998
-0.00483117513540153
0.000251137431742186
0.0365650311817115
0.0172850705228474
-0.0182454365575984
0.035551043849217
0.0207823223463678
0.0359707428158618
0.0574527326815173
0.0526863043396981
0.0146968036003123
-0.0319878031146913
0.0504854229865601
-0.0346491323848663
-0.0129022182694642
0.0137130268262011
-0.0565655315450935
-0.0166107512203693
-0.00170663543869744
0.0206865895560852
-0.0919309266977324
0.0789420892271964
-0.0123212127855962
0.00124442167405043
0.00181537493668096
-0.0353138493985445
-0.0735986588368959
-0.0897606693270446
-0.0174900915209084
-0.0182086976971754
-0.0240881640739668
-0.0470344887611733
-0.0376937474161992
-0.0211693468951543
-0.0404827863607383
0.0581490166137527
0.0309800810008353
0.0380081472879456
0.0727970453723571
0.03704020209395
-0.116763669184688
0.195966914119176
0.0279662464094771
0.0299322496773154
0.017146646693554
0.0187603400304912
-0.00383705634318879
0.0357653576192809
-0.0205798239538452
-0.0134242993259852
0.0314320295957484
-0.0201934390317452
0.0195835002519803
-0.019675771950054
-0.0563541187064919
-0.0376045850160385
0.0390328291488731
-0.0641487935639156
0.121060426159804
0.0280048204881259
-0.0785255898265837
0.0969101080088735
0.0250128374148103
0.017190673850186
0.0206881366791107
0.0351796491005025
0.0396529314290818
0.0155483806750696
0.0552922790950371
0.0546307303350102
0.0531669022782904
4.73199902224918e-05
0.0184760965268407
0.0370032023396859
-0.0028239165681727
-0.0090306991271784
-0.0024862416356131
-0.0185862704071405
-0.00834889717306207
0.0420566434135859
-0.099228317256575
0.0568415726650476
0.0240267444909806
0.0186222843674497
0.036686139441124
-0.0173609226558566
0.0724284888081186
-0.00186135589063101
0.0545972392618218
0.0215484405477096
0.012959307109477
0.0375246551477238
0.0199805301400522
-0.0512112526217808
-0.0390484577797885
-0.08918366449192
-0.0185391949933291
-0.0371580378307034
-0.111630092147187
0.000227394645258273
-0.0520752663764573
-0.059545341248248
-0.0419015429676544
-0.0522353184161628
-0.0411879765415504
-0.0167388231615298
-0.0378760748251137
-0.0165758504643039
-0.0195351642920838
0.00251341286195732
0.00126977861636986
-0.0424627656238675
0.00585448425059396
0.0224986419895034
0.0154867815736818
-0.000599946353341982
0.00479542180127113
0.0118133232746058
-0.0157111739136312
0.0184949906559738
-0.0209483045540609
-0.0238688742567323
0.0783607568754782
-0.0369569726430865
-0.0188210657648882
-0.0344699794216323
-0.00104608647044769
-0.0595584672449292
0.0010898494086367
-0.00181560525326184
-0.0334973546022989
0.0155381501979144
-0.0409729065402741
-0.0291810485309895
0.0198433410788818
-0.0384231457310694
0.0338820846390017
-0.0551467145006991
0.0363422966016115
-0.0303074367239832
-0.047331659762229
-0.0399041747422109
0.0376797892299798
-0.0298712181234528
-0.0069574143108835
0.0222555899714606
0
0.00278296572435176
0.0392619689812759
0.0347974738042029
0.0365233974703854
0.0951772971779187
0.037412422117464
0.0722418326007763
0.0521529684700829
0.0284220400710112
0.0378351950952662
-0.0193292849824058
0.0196078138937968
0.0393344447927019
-0.0407014929246983
0.0616400703946038
0.0484009051524898
0
-0.00148421208747019
-0.0156596854985676
-0.033587355106488
-0.0227704388494746
0.00411302393201476
-0.00417444858652994
-0.0505272849433602
-0.0523497365584345
-0.0048089081375657
-0.0731470839746336
-0.0571613853322141
-0.0340682647569578
-0.000944112182213453
-0.0377695079498676
-0.00379298367513224
0.0116504388065121
-0.136603018966889
0.234007255077179
-0.014993179193419
0.0239297909393459
0.0125858543567259
0.0779924465277704
0.0321637682784936
0.0597394914458131
-0.0253275145806937
0.0289394350332798
0.0446574188040146
0.0404571161522352
0.0362568135004558
0.0320565108486764
0.027856208196897
0.0225358561082666
0.0172155040196362
0.0118951519310059
0.00657479984237548
0.00125444775374512
0.000872984800009906
0.000491521846274695
0.000110058892539484
-0.000271404061195726
-0.000652867014930937
-0.00103432996866615
-0.00141579292240136
-0.00479078213058052
-0.00816577133875967
-0.0115407605469388
-0.014915749755118
-0.0182907389632971
-0.0225393178731448
-0.0267878967829925
-0.0310364756928402
-0.0352850546026878
0.000554240526648072
-0.0199680935997784
-0.0404904277262049
-0.0610127618526313
-0.0815350959790578
0.0665199970667386
-0.045366843675222
0.0562739484104767
0.0146338212301589
0.0164177640239349
0.00228774740276568
-0.00345116162982316
0.00671663341633529
-0.00289012490288793
0.0312654376932746
0.0598421928217642
-0.0132578901693755
-0.0259323210186442
-0.0529211452327671
-0.018424336164739
-0.108571035535082
-0.0200866508995552
-0.0538989478806541
-0.00762093377480205
-0.176517170728057
0.00842458247353197
-0.118257528018665
-0.0714335924168249
-0.0271999994783184
-0.0308618650889944
-0.0330828315009666
-0.00319172712542686
-0.0589046435634736
-0.0960596777799212
0.0605603844970094
0.0155554751699503
0.0491691367966447
0.0387877872312888
0.0424824835949433
0.0591766049496025
0.0310522749718464
0.0615239167286323
-0.00336153766098229
0.0209321527167415
-0.124168445085937
0.132889960651394
0.0218166838153757
0.00224339199691353
-0.0556724914358695
-0.00361745098155589
-0.0476350595164806
-0.0459125198126583
-0.0381503450806953
0.0353967896785917
-0.0167984000454898
-0.0109293933532362
-0.00515044128757799
0.0361278276722654
0.0360409687363074
-4.37801260883393e-05
0.0243617819684355
0.0145823296390564
0.0214917584582583
-0.0907111116251243
-0.0776270734473387
0.0725046960894357
0.0258730999110249
0.0550945168495735
0.0175217998153953
0.0445764094070268
-0.0543058322712465
-0.000893629958518825
0.071610499749921
0.0198369793651749
-0.00378711369511343
0.0521963142214401
0.0595441907815388
0.0325344160073587
0.0370483621671563
2.84042203398214e-05
0.0912279778898438
0.0405813853582516
0.000584880059071473
0.0165045949843994
-0.0124739861854193
0.0964574072593928
0.00276066809590687
0.0574720318751542
-0.020073311719917
0.0373378556545019
0.0375233932494471
0.0730137841249232
0.0366815302813238
-0.013310249699019
-0.0576585732785341
0.0365930006104049
-0.0895044410262466
0.0187779411415274
-0.0725524111785067
-0.0937467084708102
-0.00405461727675924
-0.0996637455954953
-0.0127467475397342
-0.0173590586301707
-0.0660480260784259
-0.0322200758891685
0.0108662354039581
-0.0191413017510233
-0.000741813302233822
-0.0107437577609263
0.045119728248695
0.0102596797650979
0.022420684339693
0.0106720814090131
-0.0270721023453407
0.0758671229068572
0.00718309516537762
-0.00195496405072528
0.00163249264828262
0.0162770992432525
0.0528639695787541
-0.0410324642152432
0.0434683363516093
0.047358974821012
-0.113555384286824
0.142126980928064
-0.0131971520960569
0.0178421390328021
-0.0162518285257143
0.0179155908744126
0.000746932750364117
-0.0232818966568133
-0.00230223380591244
-0.0466276696863727
-0.0955159526053163
-0.0229908817508707
-0.00189292965839632
-0.047418351863894
0.0562667145863413
-0.0729631153938105
-0.00223640333754648
8.25884155104823e-16
-0.00290582154154855
-0.0478006220244756
-0.0182493776770256
-0.0993134920364083
0.00368129307449842
-0.0252587442093604
-0.0146742200298179
-0.0201016357866815
0.00897809479526618
-0.0244144098917199
0.00276249070623467
0
0.0546956696809392
0.0754829040192669
0.0901800070229644
-0.00117522183568406
0.0517121902864909
0.0233102878257422
0.0145981868091554
0.00218423898084156
0.0138608662025297
-0.0349086341381382
-0.0212693541934501
-0.0203207208795401
0.000556593144870696
-0.0151558454878972
-0.0752685105226995
-0.016915750773356
-0.1087151540375
-0.0752907348341913
-0.0363959624342024
-0.0728957933653467
-0.0424087612639162
-0.0744917003579135
0.0175007028406607
-0.111205953959261
-0.0465922397791828
-0.0248632063081806
-0.0335276549780581
-0.00381801188763519
-0.0392125412546341
0.0185704236003618
0.145380418566358
-0.0600861328586595
0.15274548356536
0.0568889327416027
0.0939364069740811
0.0400727003670323
0.0507174998503293
0.0557752495920818
0.0253603439907432
-0.00686062376293663
0.0404623447046381
0.0164395164404204
0.0330537670709034
0.0257563044263471
-0.00344053876877039
-0.0775843097615649
-0.016075194537952
0.0174010843851672
-0.0573334957945007
0.0740877984676921
-0.0505258453365311
0.063543197168558
0.0177263704446431
-0.000628292739669536
0.00567947892601726
0.0191954821827136
-0.0169673860336146
-0.0201725640066167
-0.0369806928105919
0.0374981352493651
-0.0216281703901104
0.0578818300665861
0.0539472414311718
0.03420427349759
0.0944644852930476
0.0551383815960672
0.0177860838855504
0.0158526362718676
0.0409613465012496
-0.0226319370494408
-0.108983361604938
0.158605407002713
0.0367437760230481
0.00400491573000431
0.031140890415962
0.056705051147019
-0.0130295567483786
0.0780432620420215
-0.0201267914486062
0.0322185756025225
0.0344175647231631
0.0927801035541356
0.0378810094899499
0.00121992067501137
-0.0379184609796263
-0.000467240168501769
-0.0374010736918095
-0.0326949598265842
-0.127507703664658
-0.054340459877429
-0.0976833064760513
-0.033589694687254
-0.0745194258919481
-0.0580398436156999
-0.019480173599318
-0.0367357770730494
0.00311338022308839
-0.0221498616703485
0.0187782364570636
-0.0782409822319112
-0.00954136489857754
-0.0435345047253413
-0.0013429697201156
0.0344162120321946
0
-0.0203995728313941
0.0467208620540964
0.0180384380877384
0.0204464382409406
-0.078453340751362
0.0204679510585395
0.0446377810345106
0.0469405480465823
-0.0139536617796182
-0.00729358618000296
0.00126635135215731
-0.0153440483740001
0.0326010719266186
0.00210262602007702
-0.0488277390376037
-0.0185027047603504
-0.114935063542277
-0.0249908586692606
-0.0358909997777888
-0.0137793497547043
0.0165066523566769
-0.020153328790435
-0.0367565102579618
0.0348740119661264
-0.0529630313762591
-0.00907966887542232
0.0758218294590752
-0.044774416616707
-0.0525426913370482
0.031975392335493
-0.0181949587401606
-0.0373542637190257
0.0360310425544797
-0.0472784517364866
-0.00140172050550211
0.0315901393645645
-0.0485611539842067
-0.0362352164713846
0.000695741431088044
0.000695741431088834
0.0492615352019668
0.0301637876946756
0.00645063823320311
0.0514701740400748
-0.00177914583566535
0.0121740975740188
0.0766571063865147
0.0385538771917439
0.0556365390423201
0.000742821382438319
0.0362941275575634
-0.0160655210878216
0.0229334470422439
-0.0251350610164753
-0.0168037805691474
-0.0179846254694547
-0.0363878298312328
-0.000695741431088032
-0.000560688202202586
0.017405807364209
-0.0347229045130027
-0.0374112050614987
-0.0363245492062789
0.0189588357589045
-0.0725290746126499
-0.127245368077043
0.0785124771821547
-0.0695263702280034
-0.0184949906559745
0.080726141587314
0.0558074959688116
-0.023513838877076
0.0200380102914794
-0.00451231362343793
0.0706708945598532
0.0573906308506918
-0.00383705634318658
0.0425480978400481
0.0236158364700791
0.0765762611235917
0.0327971486300776
-0.0179100442905277
0.0772820990988296
0.0352543411672141
-0.00166757056311633
0.0242377583580632
0.0247487374488829
-0.00110397745532935
0.0953625114524157
-0.0219353666882242
-0.0157849428297886
0.0328593703482915
-0.00976788356148393
-0.0248810403954302
0.0239246664351634
0.018671229751984
-0.0350005218202163
-0.0224906698968234
0.0200465000174618
-0.00463762323369434
0.00149386550072276
0.000746932750363067
0.0313846073654346
0.00944392001002809
-0.0433882086272857
-0.0707546465581019
0.099501330397163
0.00731574620241038
0.0179985902771901
-0.0380892885564605
0.0372007429369215
0.00732684845844462
-0.00352989571021243
-0.00282391656817155
0.00443878160075499
0.0108292184586253
0.00371043663220905
0.0129153911378984
-1.61684988474232e-15
0.0371158156640168
-0.00128588593895766
-0.0137519344797331
-0.0202346148573056
0.00382657787098478
-0.00346679651454247
-0.0867171245320109
0.0792471483127296
0.0256505792002633
-0.0732847208575343
0.0174537287016421
-0.107591670091288
-0.0774251493715484
-0.0517710371887872
-0.000988696123232799
-0.108152365483027
0.017022615659237
-0.0353945861424499
0.000444055712237796
-0.0368859849088458
-0.0768896254051563
-0.0326206894865055
-0.0730162987237061
-0.0799985424656132
-0.0131429029341346
-0.115393033566689
-0.0109361083394145
0.00823493981874196
0.0634983536120416
0.0504596651672174
-0.0245162754469887
0.0810961109379571
0.0699140411670214
0.0417921282544993
0.024018945463542
0.011852707672365
0.0194619439232649
0.00300820908228916
-0.00199967392326606
0.0172045684098384
0.00231759324635928
0
-0.0248146825219449
-0.031650660995065
-0.0390394724334908
0.0188504499814523
-0.110847961154198
-0.0450820862766
-0.0340314377454848
0.00101115813727308
-0.0202534554556543
0.00308840612426054
0.00164218221767981
0.0157208448413793
-0.00151115234135026
0.0181356620583777
0.0193568376118525
0.000249919480509308
0.0379166225093601
-0.00267566519089409
0.0411007241296246
0.0480295142723332
0.0809664092248433
0.0722853095032938
0.0543218189328584
0.0145883982930631
0.0494788306390412
0.0692322928070112
0.0654500518186173
0.0563538450090705
0.0364312586529676
-0.0549776872479885
0.027235237970929
0.0342154898300835
0.0159047720783278
-0.0798301892787571
0.0214632511764676
0.00556593144870118
0.0145036830883801
0.0194186834479899
0.0013710079773363
0.0007559837410269
-0.0380641950951308
0.00327556762998991
-0.043279915842597
-0.022540034284604
-0.0421709549819302
0.13185932764645
-0.0531381506405617
0.0375629300659035
-0.0711954943560969
-0.0172240973447286
0.0164204862405667
-0.0353334099661107
-0.0175514813521125
-0.00142219619891497
4.31084917137249e-05
-0.0346336844413344
0.0547051298147197
-0.0162178388673819
-0.0548727200315991
0.0130733628983065
-0.0399723545248873
0.0267161735856968
-1.6750480556123e-15
-0.0239405421187058
0.042911296373296
-0.0652775486348264
-0.012290002796483
-0.00438404063437466
-0.0186754427992693
-0.00120309917514795
0.0180133146348295
-0.0125387074100834
0.0330369323783836
0.0211825552510548
0.0030491661168579
-0.0174282824042412
0.0138436524409366
0.00601599891917143
-0.0418198935037329
-0.0151070272749211
-0.00384272213594991
0.0067061579693149
-0.0442014102069462
-0.0541405882106709
-0.0293902276202956
-0.028519543685186
-0.00369702614798695
-0.0290554326353774
-0.0172529975813625
0.0140538700653521
0.0681335015793759
-0.0143261715466555
-0.0415169647637322
0.0915922986489448
-0.0136995596932604
0.0723724207200104
-0.000752052270572647
-0.00113575779503624
0.0323038449544967
0.0242847389401129
0.00759581212998306
2.78327537089323e-05
-0.0231403711188992
0.0726377859464434
-0.0301367129285642
-0.0104772764328829
0.0202874977917907
-0.0392614914213702
0.0250397377603823
-0.0393255885221508
-0.0224803120388597
-0.108433322016406
-0.0177372160313124
-0.0572102405891267
-0.0167661148159348
0.0241556303632682
-0.000504862888926434
0.00142973635906977
0.0161850798443628
-0.00174633025366915
0.0409871402074026
0.00163313584222174
-0.00175976408399948
-0.027396536945531
0.0125150947534316
0.0790703598733273
0.0204051549580272
-0.0178938558903959
0.000114400546072924
-0.0344544286517063
-0.000690622676558703
0.0174058073642102
0.0178215576372164
0.00207186802967609
0.0174548299834441
0.0215201611608131
-0.000686463461272364
-0.0565116071039988
-0.00101807751909359
-0.00799100923925554
-0.0168601396305903
0.00390173130795068
-0.00368346962845925
-0.0743854198239058
-0.0796876071091313
0.150830130210245
0.00228687458764287
-0.0127180518472916
-0.0147579630249895
0.0186683270876413
0.0149510368113729
0.0122856113614872
0.00304916611685689
0.00605737490686507
-0.0177401832762079
-0.00153482253727424
-0.0187417502463351
0.003785859316791
0.0133030500891303
-0.00537187888046164
0.00157578194376376
0.0222273485648387
-0.0380211615499886
-0.0208456971909664
-0.0384050879193933
0.088512899768516
0.0902903165852252
0.0201560329079088
0.0956168668981197
0.0535261500323499
-0.01817587078277
0.0532610534955544
0.0180368848949074
0.0369996824099559
0.0232897927906531
-0.0246021470039817
0.0550027684106127
0.040697687357452
-0.00340005278015152
-0.00162435448402144
0.0227496406084786
-0.0378222175008724
0.00225802805315319
-0.0235980068134384
0.0277538817640198
-0.0458082317895091
0.019575886778937
-0.0178801670664554
-0.0762618191449604
-0.0187684929175881
-0.0389512914417091
-0.0889018623374116
-0.07387919297659
-0.034221282093532
-0.0549888636793687
0.0554860971776587
-0.0171916423105447
0.00452928622331881
0.00961835771418227
0.0060532099755767
0.110719923986939
-0.000757314673021085
-0.0401726699352663
0.0239688416663003
0.00398651959279877
0.02396672188231
0.0360905235229393
0.0189724292908785
-0.0363000704957049
0.019638350891665
-0.0367916630041037
3.84400851832355e-06
-0.0174228330240345
-0.0167900596830152
-0.034833384067617
0.0166561787259534
-0.0251150041743479
-0.0663352588845501
-0.0169451134359911
-0.045840847824913
-0.0108112836397343
-0.0547805553690852
-0.0202628774538075
-0.183413064694487
-0.0707420955402519
-0.0658360728707228
0.00650643990499541
-0.0745188414396038
-0.00511046735622279
0.0201043490076713
0.0711331403839672
0.0196668946480357
-0.0140163543559123
0.0567651973660978
0.0681280604152405
-0.0117658807483573
0.0198640952851663
-0.00212720161723517
0.056538076908922
-0.00221303503641364
0.0766037295578612
-0.00311060388063383
0.0571234670945796
-0.00674349304894375
0.0127285430837788
-0.0279897653977882
0.00292352031433987
-0.00760783089021016
0.0383758183144761
-0.0139644165284522
0.0558806716805682
0.0134382694998357
0.0352155033303559
0.016024828484685
0.00385132236824318
0.0369181366285094
0.000649973347860489
0.0344415547041507
-2.58241424270952e-15
0.0202259100245056
-0.0172381790230572
0.0172868084221298
-0.0133388091012919
0.0315033528648633
-0.0995208456954561
0.0417604967254757
0.000716217125489621
0.000775670705876773
0.0173213525907451
-0.0180322192692893
0.00481187114048185
-0.0410185686488622
0.020964553356819
0.0342926354840525
0.0167135057248405
0.0359150619102216
0.0240349526258383
0.0324707352532077
0.0185733391401396
0.0192210312084055
0.0794369949412728
0.00319678669343465
-0.0213910244228026
0.0538516783186847
-0.013684535378765
0.0242095428765154
-0.000953429287590687
0.00625586706023863
0.019095341699072
0.0291574838465039
-0.0544234350111966
-0.0164186084844561
0.000299635701148094
-0.0343236704903465
0.000206728057339202
-0.0365092888977444
-0.0360579836460724
-0.0197605123520342
-0.0716875176283496
-0.0399065702026625
-0.0322306771211819
-0.0575709257387265
-0.0181039938040947
0.0104450651620796
-0.11439956422823
0.0636586336407332
-0.00373466375181486
0.00217936615615731
0.0169978845317023
0.0215567456957314
0.000736693925691925
-0.0335802308262096
0.0168211835717845
-0.013297570386173
0.0485716219162179
-0.00264290924599562
0.000161410240937619
0.0375789992891
0.0257073806919627
-0.0184973551395672
0.0130797071814078
0.022891177509618
-0.00149386550072592
-0.0774081656890394
-0.00962572839590106
0.0655197210928813
0.0565370515414106
0.0146554331716785
-0.0162128456401669
-0.00701853275323933
0.0215313283707302
0.0418021315720222
-0.0540620884840883
-0.0754386170879684
-0.00302868745343439
0.00532360134544412
-0.0421243579850837
-0.0157804197284637
0.0209645224778609
0.035503620880781
0.00284439239782909
0.0367355484791369
0.0370958225824864
0.0720477306292988
-0.0655985817646759
-0.0368774565655423
-0.026780883989604
-0.0553199306975719
0.0179076526278222
-0.0755726112513661
-0.0343357706795106
-0.0204630889845657
-0.0690191817797366
-0.0260089689031325
0.0921450152571715
-0.000618288189116057
-0.0741760247080205
0.0370654094981373
-0.0194778263257
0.020468098703855
0.0315331446685805
-0.0510664891664382
0.0628424976818012
0.0492689079767068
-0.0082423497708518
0.0479384480509259
0.0355452777720246
-0.0196068139348782
0.00414841049463335
0.0377763630987292
-0.00106158303349972
-0.0207771378549951
0.0173690480991084
0.0214018698207764
-0.0361979138481323
-0.0228869700592582
-0.0174054569406392
-0.036526978117451
-0.000695741431087065
-0.0161559940913855
-0.0257436920214322
0.00556593144870048
-0.0162356625743042
-0.148911097724928
-0.0442047358315269
0.155939557370552
0.0164964767653469
-0.0185000114454555
0.0185428114096043
0.00214865137646872
0.0135703379513864
-0.00370906651117049
0.0401336580536284
0.0133796336143574
0.0427412958941415
0.0208889240055404
0.0187655961545616
-0.00300820908228987
0.0195355682016934
-0.0187994904521565
0.0186379378979382
0.0369737314611366
0.000670384964449168
-0.0386298652392995
-0.0383284354098722
0.052503248184378
0.0442047358315288
-0.00838520682136412
0.02365617551232
-0.0742114437503895
-0.000613757767636006
0.0182224574183557
0.0535443978326094
-0.0174492910542329
-0.0141419251435732
0.0661232370464124
-0.0528542204336621
0.0695244580887629
0.0417200959416012
0.0547619359735698
0.0339188477297042
-0.0199864922775273
0.0776286789638941
-0.0230561186886375
0.00887964417689621
0.0547643157590225
0.0276955145262704
0.0192552314446545
0
0.0181493115782436
-0.0181493115782436
-0.0368294480919431
-0.000658971323469738
-0.035418409537103
0.0264682222644671
-0.0580898612146196
0.0215622004952103
-0.0471328308402628
-0.0882398532755556
-0.0419013714975333
-0.0511600157190016
-0.12708783007001
-0.0379680308399933
-0.00632466985287738
-0.0344177924368999
-0.0551098645510644
-0.0195625387704273
0.0076360532259124
0.0182646605247269
0.017063267068484
-0.0210250138320503
0.0735844887403714
0.0563832422319855
0.0363181521363225
0.0199789413561511
0.0219828450008622
-0.00354515075685279
-0.0221558080128451
0.0207950484336427
-0.0167510250764896
0.0187977539173282
-0.0722718727792596
-0.0344837812058136
0.0512234230669482
-0.12373096559594
0.0843704329295261
-0.0198134731730602
0.00368332094164451
-0.0202092483752118
0.00119369520914867
-0.000568878479564967
-0.0733663398347748
-0.0201221062710969
-0.0370136988034548
-0.0139109819163072
-0.0725952821253852
-0.0815814325194473
-0.0136002790532134
-0.036204662833983
-0.00130545373334914
0.040702456911999
0.0921570705733812
0.0719958391300207
-0.0826754029812519
0.0226538047240232
0.110200367553254
0.0177196199194967
-0.00457374917528915
0.0268185739880988
0.0320667038662039
0.00526436589400669
0.0172946098525967
-0.00181721247206137
-0.0210392688332264
0.0305286356614158
0.0149943182166715
0.0488430940541338
0.00178294097793446
0.0387433579111974
-0.00386265541060062
0.0528327195108307
0.0770134651847082
-0.00427055697933001
0.0683373850791069
0.0604133271925913
-0.0154124316971088
-0.00151434372671838
0.0216479980493355
0.000736693925692682
0.0171980133834129
0.0215779035478053
-0.00357931327061762
0.0143367136222173
-0.0488315343031185
0.01944126271846
-0.0179985902771901
-0.00694995889228687
-0.0185281485339592
0.000598439489182194
-0.0733837319887394
-0.0169659262343229
-0.0538711308469831
-0.0174055864881203
-0.098484846326931
0.012599211790884
0.0204277625914651
-0.00890654608669715
-0.0209131576226351
-0.0412050949082953
0.0744424094176609
-0.0173824307557423
0.0751120828061342
0.000470652761361817
0.0629587092093865
0.0359227363819858
0.0546427399266132
0.0401711478430599
-0.00476269756846631
-1.52374086585343e-15
0.0560377213688279
-0.0165291773091778
0.0150887410855538
-0.0515009351010456
-0.0210549841070133
-0.0055015788787944
-0.0326984402068283
0.000787870727601583
-0.0376942396970979
-0.0148694210880944
-0.0222066153334176
-0.0221784022503689
-0.0333668783499921
-0.0361025921804615
-0.0179267275195516
-0.0186248616042759
0.0138951011818821
-0.0712611191402961
-0.0188026396233511
-0.000700860252750808
-0.036078056745709
0.00164220237739394
0
0
-0.0850904200133335
-0.0305106972676345
0.113542299825578
0.0178801670664554
-0.0195849651763473
0.0315435482236259
0.00794281016261441
-0.00148362660446844
0.00498892336180675
0
0.0375034989942318
0.0136231786035626
0.000796327554499471
-0.0310060321341858
0.0146046789605931
0.0159089779589283
0.0154577447636778
-0.0656113839782287
0.00383705634318363
-0.0117583819818267
-0.0197460230569225
-0.0163490048461826
0.0182966232956898
0.0369837306573791
0.0451659920659332
-0.0651378225799375
-0.0571190656908842
-0.0207607238169136
0.0202402573772888
0.00451231362343211
-0.0038114576460741
0.055538257604325
0.062858608575811
0.0148936960472246
0.0717686348249892
-0.0157962111575463
0.0358045283490606
0.0553563910378535
-0.0371612344534714
-0.0195877219165131
-0.0578614563595302
-0.0141161449636385
0.00414063703997917
-0.0748351143561326
-0.0384563859636519
-0.0357304662921843
0.0114589757079993
-0.058736979156585
0.0264501084989317
-0.0407884946726159
-0.0503575537849884
-0.0546629456194065
-0.0201494868730169
0.0179647032328377
-0.0183593962110824
0.0343580700868144
0.00482424326591639
-0.0210280323082015
0.021940268815683
0.00104284675128813
-0.00603033893397767
0.0180325640908216
0.0159724261992811
0.0560618152135593
0.0915785646603813
0.0378469874135146
0.0238251057136409
-0.00195663548637595
-0.0381439362995715
-0.00142933354568792
0.00271261044916813
-0.0331728409948754
0.0133161645435715
-1.55865561434584e-15
-0.0180316939060033
0.00136077073384581
-0.0179890975881848
0.0179890975881817
0.0152215137543836
0
-0.00283897107927901
0.0343229223114615
-0.0119275613273352
0.0165784350682211
0.000613900393275744
0.00142315852324809
0
0
0.00342258841217847
0.0144892946675679
4.4966884800765e-05
0.0546629456194065
0.033272193572731
0.00013557752672664
0.0576824121085242
-0.000669721750628129
0.0346830799212036
0.0439490185211373
-0.0168266898012349
-0.0355019808536133
0.00550162027169891
-0.0162339561042125
-0.00233441660105305
-0.00215682074690105
-0.0303162747661204
-0.0181483346776884
0.0573664074641211
-0.0568660193995515
-0.0192969124786886
0.0767614280585968
0.0152459714440527
0.0352831671842241
0.0392180640981812
0.0324785533413967
0.0210289750749478
0.0312691813685565
0.0413016698333981
0.0135138137142837
-0.01338828983969
-0.0258158626748556
-0.0133164259106126
0.0192447221775601
0.0430863479568699
0.017400670948771
-0.0403418142639884
-0.0154778125488721
-0.0199738901062811
-0.00290582154154646
-0.0316774397900318
-0.000877889544288804
-0.0371288422770958
-0.0573118474429593
-0.108512160402767
-0.164094797668166
-0.12897181292125
-0.0404569019602314
-0.110441386767387
-0.0180032652403573
-0.0373494415860702
-0.0134206757787054
-0.034216784635705
-0.0184643072870963
0.00149386550072372
0.0107432568823396
-0.0131903962543969
-0.0200993070025537
0.0173085228543428
0.0584017189101412
-0.0223374302463005
0.0343639243545472
0.0720213645168021
0.0377727018599007
0.0131711044310642
0.0206245503099112
0.0361345464142435
0.0560739214075321
0.0371238285865725
-0.0179797308446719
-0.0182105331234237
0.0379969948984469
-0.00867997644468163
0.0447943146407433
-0.0344544286517068
-0.0373953177885224
0
-0.0380886182437136
-0.034920598856546
4.14755813486062e-05
-0.0922182412540469
-0.0552850373219058
0.0168483364683652
-0.024433984606606
0.044593335558781
-0.00128505998189619
-0.0180227095044542
0.0543596068192711
-0.000711372633308799
0.037443422250793
0.0371211945870158
0.0759116707894675
-0.0786079369409959
0.14422651833668
0.0234790994069545
0.0200524799752543
0.0380722588018896
0.0188737688366413
0.0719486204598763
0.0339743524435733
-0.0303837112131122
0.0559833228759443
0.0305220557787528
0.0199886372257412
0.0374820860200603
-0.0223664782689964
0.00812216452217987
0.0479005092693676
0.0328069234142716
0.0114343729382166
0.0653238770839648
-0.0143953554855755
-0.0679040579101287
0.0230527971338147
0.0561470609977964
0.00474314729289039
-0.00222881050077652
0.0365518650563159
0.00174287950732983
0.0364644808075987
-0.0062248921799234
0.0441809007280744
-0.00275752499209914
0.0207894935731025
0.0163817810862208
-0.0356818867745302
0.0196614151672451
-0.00225615681171806
0.0207529092509442
-0.0393228303344912
-0.020524193832711
0.00502134770048308
-0.0734219135975003
-0.0156435443049126
0.049243653560456
-0.0504865834079613
0.0143435934519957
-0.0394629810539855
-0.0297411036841246
-0.0659776338673266
-0.0524125818065941
0.0447557204704135
-0.074282811556952
-0.100416567494002
-0.113017188032485
-0.0265013804057187
-0.0384368083805536
-0.00345484683643845
0.0138405605663233
-0.000160805293005843
0.0390191334458872
-0.0296735266145052
-0.0119757353940986
-0.0288831796209339
0.035889496656408
-0.0019922612961152
0.0480780522728
-0.0267541360499933
0.0351377500617659
-0.0361847517396836
0.0203387079872311
-0.0942790699958152
-0.0868896184811614
-0.000399172996332885
0.0177843289918873
0.034971128032598
-0.0362759268678974
-0.038721011691739
0.00141825543713016
-0.00113674791096879
-0.0224290930353972
-0.0142871919421997
-0.159343150095078
0.0446931124092039
0.097061106017885
0.00059683005368435
-0.111951030489095
-0.000929039759928364
0.016529887517231
-0.0180885945562799
0.0761172905688479
0.000499234686343682
0.0331321449858646
0.078608745864693
0.0334843261312203
-0.000730573525982787
0.0551351249840516
0.000287898793107526
0.00368346962845785
0.000736693925691572
0.0537249850025619
0.00147338785138314
-0.127500131594662
0.0907640116929079
-0.00554076423116321
0.00596001459160489
-0.0253896485426702
-0.0203111651779296
-0.00234831279974121
0.0264109054105292
0.0142066303977216
0.0238081162950343
0.0166081856026842
0.0351446951948298
0.000869531445048864
0.0539521436216452
0.0348791258067595
0.0261621219094213
0.0349680063484972
0.081746404182582
0.0583967158724937
0.0744295520480316
0.0419023464390157
0.00798131277766967
0.0448629105015874
0.0488842478870908
-0.0174233258511412
0.0549708245700509
0.0043546026446942
0.0178784213975145
-0.0166507912611642
-0.00300820908228832
-0.0156658841898667
-0.0199254517490361
-0.0426487606042319
-0.0290354529387558
-0.0750929216648331
-0.00073157462024146
-0.0322023854641109
-0.0528370453153747
-0.0969384977652806
-0.0929408101027394
-0.121559007277464
-0.125976146931816
-0.0306840429473782
-0.0174509238184551
0.000132906734831027
0.0182408360945234
0.0207419053558634
-0.0207236276962168
0.0431087902267722
0.0240493673401922
0.077237912248741
0.0583834030516884
0.033116122961126
0.0589484990824437
0.0703771235227053
0.0370423093306441
0.0642641978618171
0.0164420554382311
0.0152522921636439
0.0167078800404356
-0.139584643762884
0.0360482622925524
0.00557185911198252
0.000690622676558331
-0.018215574959305
-0.0311144573854745
-0.0390273615570589
-0.0143156815429352
-0.0403960431782885
-0.0709688987575419
-0.0376589129181218
-0.0201458456379855
0.00136077073384524
0.000680385366921844
-0.0380952823741841
-0.0378325347538661
0.0184643072870947
-0.0166949540658387
-0.0177788032984309
0.0537973584552683
-0.199340518950471
0.139107554732211
0.0766223925465617
0.0184760965268395
0.017190361696273
0.0197924969026518
-0.000618288189114869
0.0194424356572173
-0.000618288189115682
0.0192966966824191
0.0377821017243369
0.0909383048673065
0.0191774678106884
-0.0387359636247211
-0.0212045582361985
-0.030894088904524
0.0153905029075494
-0.0401126579185777
-0.0177374286985952
-0.0132465697394122
-0.00222079500292431
-0.00507016076511602
-0.0122856113614912
-0.00469662559948355
-0.0172478085854295
-0.0329282178681682
0.030588710414665
-0.0134153628496062
-0.0234456617406875
0.0368932785354967
0.0268982606317924
-0.0093310987718994
-0.0525980015267144
0.0685135433157863
0.0750529395832933
0.00434726063004493
0.0747804781411315
0.0736152198780376
0.0490940277617766
-0.00311060388063179
0.0358312366863629
0.00155530194031589
0.0187417502463323
0.023188597760698
-0.0187070012585252
-0.0229369318482112
-0.0190030235823572
-0.0177346746522951
-0.0143643273064716
-0.0361591938658793
-0.0690602554479921
-0.13033758430173
-0.110520060328107
-0.0301355554218124
-0.0419041326650692
-0.0367887501617526
-0.0368233322160452
-0.0916696045713877
-0.0134178574338959
0.0141908077638577
-0.0811239675149601
0.00984323422364985
0.0110463173557499
-0.038099052708776
-0.00352989571021071
0.0208101663101636
0.032571290580486
-0.0173400675633909
0.0548946928519494
0
0.0370556493844656
0.0184290296652263
0.0356904008167552
0.0187206921031577
0.0344881375361653
0.0174718229811067
0.0188818837677512
0.0413214709231591
0.0133675809760824
-0.0331734841914248
0.0100178342743773
0.00561337607948184
0.0740464424720909
-0.0140626990294574
-0.0172861254291897
-1.5121029118986e-15
0.0391934475207941
0.0157265074299757
0.0710646841168228
-0.00258885920883113
-0.054321776610214
0.0750784919074872
0.0296340418795163
-0.00957698340815834
0.0548438112841488
0.0362164892166579
-0.01935377661371
-0.0186235438153805
0
0.0562603812785102
0.0190330159377312
-0.0609601577462307
0.0385925810609817
0.069210725412168
-0.0575392376447183
0.0257729812406502
0.0706009069877266
0.0385566550576519
-0.018146538876056
-0.0217843866748011
0.0343122720912007
-0.017959831265637
0.0359176706477593
0.00398364133526433
0.0386718857782273
-0.0352237684858473
0.0153842359445346
0.00555959696771996
0.0729847745120564
-0.0222240425593343
-0.0446255524517336
0.0909848460384
0.0801484213127232
0.0157913483886861
0.00378977021630552
0.0164287997312161
0.0201826708143537
-0.0400800967246795
0.00457320262113441
0.0487062031600411
0.00997634649227113
0.0150291702235157
-0.0754738288314434
-0.032332299015123
-0.0399299657056838
0.00311391272841283
-0.00526436589400457
-0.0713553253846813
-0.000775906389037558
-0.0913942947942159
-0.00904385746445176
-0.0323381290816004
-0.0929701220234901
-0.0702828142948593
-0.0429492717404637
-0.103334146812477
-0.0931411263061377
-0.0521301750447633
-0.0721873414897672
-0.0530596927073291
-0.0165652869672955
-0.065432186183809
0.00776577056245398
-0.0228752094605483
-0.0318554559241861
-0.0637793684867895
0.000705979142037623
-0.020910108627965
0.00477478083659159
-0.00363227692693032
-0.115897955471513
0.112511596395433
0.010512903791249
-0.0198153283632872
0.0185210332695449
-0.0185162927951998
-0.00282391656816816
0.00763158941883251
-0.00375700372787088
-0.0372227195485372
0.00274201595467117
0.0205857914975799
-0.0449301070095288
-0.0471090889324307
0.00104558355371609
-0.0687862095682991
-0.0317034511957381
0.0167078800404365
0.00725902684648838
-0.0366737853752932
-0.0946968893994397
0.0256495149122335
0.117737852042351
0.0527936253952024
-0.0155534795090686
0.0730499591997401
0.0545706608693751
0.0363245930531301
0.110044346361685
0.0566308136805542
0.124887270611241
0.0488941727012101
0.0257724546254955
0.0372691580566179
0.0185471448134173
0.0553043601356741
-0.018473684943006
0.0360773808605726
0.0926690685709474
-0.0210518688431341
0.0429666979452253
-0.0652050815550163
0.0783794613356956
-0.00146314924048133
0.0487693081900599
-0.0337263369186572
0.0022254399067005
-0.00192068421521656
-0.0369563822980301
0.00451501504920953
0.0524672123332146
0
0.0084315878850609
-0.00194203762768486
0.122781567473981
0.0405780844557698
0.0337586313045516
0.108390114382833
0.0334406697265072
0.0408293367333544
-0.0548041001464609
0.152389357482128
0.0501742782473858
-0.00626216746597378
0.00306776669700577
0.00424249948491436
0.031336938202422
0.0447540506395938
-0.00765102886592833
0.0531211722650562
-0.0186005571667727
0.0520978171136195
-0.0107178339192471
-0.00195277038214156
-0.000787890971880231
-0.000752370426007021
-0.0322322116541924
-0.0749018069412002
-0.0789124505187321
-0.0985292108744871
-0.126474555067862
-0.0363341049328543
0.0414769044445499
-0.0526835912978838
-0.0583337499413547
-0.0353175845604649
-0.0607782405739479
0.0251181461619973
-0.0738108157173379
-0.0324280095071314
-0.147594271097202
-0.130834633602655
-0.073627810352324
0.0105929552571946
-0.0744353940260122
-0.0774573849556845
-0.049196411960204
-0.0885020954184105
-0.0035554904972813
-0.00282391656816952
-0.112337743728418
0.0610760498317904
-0.0539811660050714
0.000711098099456251
0
0
-0.0364990923164003
-0.0180204648028099
0
-0.018156144045898
-0.0178426824394821
-0.0205308587852992
-0.0107584290061509
0.0174231391442506
-0.0342395675337585
-0.0060963752193091
8.86038116359488e-05
0.037204972638091
0.0165075646135656
-0.0701706807731912
-0.0682175721317241
0.0601002823838779
0.0503283578739616
-0.0126402805965487
0.0202371300386832
0.016537303919096
0
0.0013812453531158
-1.57029416313376e-15
0.0138961992881478
0.0341310671621799
0.00135353944893997
0.0766289378795554
-0.0163837501207298
0.0336283468390785
0.0704266550600206
-0.0339015224404562
0.0627540829730647
-0.00394384379277762
0.0563110767833809
-0.0546353693470679
0.0847921570481302
0.16098037926616
0.00402366041132195
0.0508041572853132
0.0646961744263574
0.0360095158099525
0.0564276447500843
0.0516833385910905
0.0545457538898634
0.125038149297405
0.0921863848831375
0.073667937605385
0.112174753467557
0.0157111739136343
0.0645400640056097
0.0322362435889116
0.00383928079152073
0.019333089410481
-0.00838520682135332
-0.107905069399155
0.135460999778355
0.0241034549959014
-0.00878111722546347
-0.00627881947066084
-8.72445603631676e-16
-0.0187441782486977
0.0026846830280938
-0.0721990057616948
-0.00678051557385697
0.00377517280667498
-0.00454530309237865
-0.0151069746049543
0.0153846048655132
-0.000762291529215699
0.0572490263690942
0.0745990363861721
0.0758469273039889
0.0188320072760228
0.0354789113479571
-0.00213619244204089
0.0841786278279929
-0.033488529278787
-0.00511607512424061
-0.0107210235831689
0
-0.0165160797783789
-0.0743301747672776
-0.0919178570923428
-0.109572822384144
-0.0890089650340289
-0.0392865779267964
-0.0950867694883079
-0.0372113592961619
-0.0483265860616223
-0.0611156351377598
-0.0704946633731729
-0.218504181151575
-0.165332819164647
-0.129161242992539
-0.0608320612893175
-0.0546764838791741
-0.0625067517831223
0.00776577056245188
-0.0744686258452703
-0.0924973473509139
-0.0727329756066414
0.0167368235655022
-0.0162227426868899
0.0139171543349178
-0.013149545573699
0.0152652603571709
0.074005311463946
0.0798801846499113
0.0159507926619806
0.0187490361412064
0.0661996148604403
0.0430875623837348
-0.00340192683461439
0.035706539846296
-0.0124424155225165
0.0248862863932217
-0.0365249373065825
0.0392010462751352
-0.0540536592401131
0.00427169469295745
-0.0759610996924016
-0.00136077073384651
-0.037059448333508
-0.0532843618209491
-0.00374690314767328
-0.0503740162230409
-0.0202109805264591
-0.000588634543382097
-0.0369303771155188
0.0181802438969759
-0.000248046712177584
-0.000448584059506752
-0.00480890813755618
0.0246811935810657
0.0426391589655533
-0.0312340734162748
0.0799440504956557
0.0534896993491792
0.109883437705213
0.146953183594894
0.130731566396287
0.0353454143165758
0.0358134983960257
-0.00642904861935398
0.0458996177669119
0.0810665325062297
0.0572130433885474
0.0434023305500805
0.0203488583933505
0.104350200660037
0.0716150038175604
-0.0179120197388393
0.112768155944549
-0.0526830155010952
-7.33743755283327e-05
-0.0108221868320295
0.0214225820235143
0.0593735225353892
-0.000653154448233474
-0.0390988374240404
0.0557404355333349
-0.0599105011329086
-0.036031967309371
0.0189188734985135
0.038374031573418
-0.0171408309927698
0.0249429413459829
-0.0234180813838164
0.0171466466935554
0.0196206115249907
0.017946702046857
0.0160988030436699
0.0591506094694612
0.0202533891287059
0.0122042998628597
0.00265026841823802
0.108393546194103
0.0500341271337185
0.0166500330928133
0.0508841593135304
-0.0120329366587541
0.0203487305145721
0.000896319300433312
-0.00149386550072473
-0.0965419851759482
-0.12972402157881
-0.0110864914425342
-0.0911283272107936
-0.091765877168738
-0.0353079721637242
-0.0572065217046087
-0.0377724060402185
-0.0473079604815578
-0.0817631220944438
-0.185981066731512
-0.0772319377994993
-0.102934955161162
-0.0724703588371958
-0.0534662003335545
-0.0430378886531228
-0.0373542637190245
-0.036816411353313
-0.0195613506914576
-0.0536087019536727
-0.0189627551991557
-0.00137680982273162
-0.0548938658699106
0.0185281485339587
0
-0.0185281485339587
0.0184808164390962
4.73320948625719e-05
-0.0185281485339587
0.0185281485339587
-0.145184628635317
0.202255081175322
0.00124737317269106
0.0118479476910993
0.00675266810827646
0.0207855197979318
-0.0213101909034804
0.00197973459449676
-0.0373634923632614
0.0368129618566574
-0.0568328936050828
-0.0235813492466494
0.016775986580081
0.0372421825711029
0.00363828102441603
0.055774828787527
-0.00189334962549196
0.0353985655881776
0.0170876855026797
0.0938282510054892
-0.108338611016288
0.103319872243177
0.0199789151553933
0.0724560917472909
0.0190417757675285
0.0195703809625157
-0.0010195187541505
0.0200524056444476
-0.00261954843573017
0.0170372859880692
-0.0164514860368595
0.0367072508016019
-0.00642904861935281
0.00568878479564698
0.0310788075013602
0.0257629757600684
0.0160718250500215
0.019881762185362
0.0189074933307655
0.0332059691853522
0.0963186962827876
-0.0287235665942387
0.0984541200620137
0.0734744163892459
0.0606567000101037
0.0201269314085709
0.0504450872473434
0.0359596148738542
0.0901876198387914
0.0730421457074349
0.0170540174572484
-0.0021151259820454
0.000105413949076301
0.0180474381815843
0.0240118864007536
0.0118728172300381
0.0288903299287001
-0.0481717443123846
0.0218795893324779
-0.0555206996012413
-0.0114112914289457
-0.0237528115353835
-0.0365524299503019
-0.0226821198162581
0.0231685714219951
-0.0179089382227729
-0.0557440041508114
-0.0203211910622786
0.0349404833290876
0.0145030761422347
0.0306477866603844
0.0316687268768545
0.0125497098332642
-0.0343701839940577
0.0354721077011952
-0.0528795718285706
0.0359982313246534
-0.0382438926342019
0.00109987326746284
-0.0343373972758339
-0.0486102116542478
-0.0548246350022165
0.0268427828019616
-0.0379235805928248
-0.00286486850195363
-0.0367437760230481
-0.0178845873796986
-0.0324406622048689
-0.161842249034165
-0.0591729332767474
-0.148451923577656
-0.130149877238479
-0.090171950298254
-0.0943226167899151
-0.0554673355075005
-0.0366999266790577
-0.0919591786032751
-0.111237662488164
-0.129175682611152
-0.110023699448982
-0.102224371847795
0.0101220574415809
-0.000575969114235405
0
-0.0359871761407713
0.0352607207553856
0.035672384467066
0.0736585815662819
0.0737196482679803
0.111923808677327
0.0187650973935649
0.10922016553679
0.0554431734015796
0.0187126632050806
0.00604786992820007
0.0492116377715996
0.0389090779531965
0.0338004530455335
0.0199840801748524
0.112526346399406
-0.0300625333663311
0.0782909238857587
0.0205234919756456
-0.000340554181640107
0.0174820389422416
0.0199102029706621
-0.0198353152644329
0.00137100797733548
0.000846314481285651
0.0218272353889814
-0.0417319081899218
0.00085194735466392
0.0166482016128373
0.0369900417538551
-0.0362891815011054
0.0549510207001334
0
0.0388707233495508
-0.001074325688233
0.0540208373236133
-0.0298607508951608
0.0407548742987369
0.0980604789898721
0.0697706772040776
0.0755898920120118
0.0347354905761671
0.125785166413173
0.108985387331315
0.095697910250887
0.0535745220841967
0.0179689905491499
0.0550856932146703
-0.00292629848095928
0.0202365126635603
-0.00148362660446617
-0.00237384378788874
-0.0156747926233297
0.0165140351631989
-8.54984444426141e-16
-0.00777926557824062
-0.0155585311564804
-0.0233377967347202
-0.0311170623129599
-0.0370030259385408
-0.0428889895641216
-0.0487749531897025
-0.0546609168152833
-0.0605468804408641
-0.05577128211859
-0.0509956837963158
-0.0462200854740416
-0.0414444871517674
-0.0366688888294932
-0.0326997022673753
-0.0287305157052573
-0.0247613291431394
-0.0207921425810215
-0.0168229560189035
-0.00893661765638839
-0.00105027929387325
0.00683605906864187
0.014722397431157
0.0226087357936721
0.0138729176910798
0.00513709958848746
-0.00359871851410487
-0.0123345366166972
-0.0210703547192895
-0.0251781411217304
-0.0292859275241713
-0.0333937139266123
-0.0375015003290532
-0.0416092867314941
-0.0368426580864896
-0.0909219986851247
-0.217708893035073
-0.0939734905533369
-0.074770852314171
-0.0303853010765616
-0.112710383590588
-0.118124140186781
0.0151702063475703
-0.0175264788169548
-0.0919536951226782
-0.036366431347639
-0.126946047797779
-0.0370218744443971
-0.0888660248396073
-0.0743398099701335
-0.0568387594654959
-0.0554698792473386
-0.0185908454626577
0.0182454365575993
-0.0189146163713662
0.0362281311536946
-0.0182740724135191
0
0.0359871761407714
0.0177944055960843
-0.0539628751670893
0.0453286124119964
-0.00969740910486867
0.0716861911863677
0.0569699491206567
0.0546100774241619
0.0269977922639442
0.102201367334621
0.0428032699343412
0.000468542231185854
0.0519706634398403
0.0670423220890605
-0.00781555466698329
0.0160392379067483
0.0174351200162775
0.0552446510778663
0.0520736433945406
0.108648060000725
-0.0162557224310401
0.0539347751892651
0.0365706375448005
-0.0744020235625549
0.152842490082427
0.0449949974849598
0.019402701883336
-0.000680385366924124
0.0532326078308692
0.0535884643566675
0.111262748441901
0.00141195828408149
0.0540214177617717
0.0371708582759229
0.055072701287446
0.0195410024001172
0.0552285535982837
0.0746001795588391
0.127878534383866
0.0720868485972352
0.0180204648028101
0.0739404582991434
0.00190991233463505
-0.0736024959455434
0.159548904006553
0.0199403145923462
-0.0173463145045363
0.0387770549491339
0.0352175029832136
0.0374177947830986
0.0332817687077594
0.00135155848126029
-0.0201648805620761
0.0220676342866389
0.0170937901906542
-0.0178461871302691
-0.0174810108752768
0.00581164308308305
-0.0798734159644562
0.0335321922250207
-0.0740678960679869
-0.000752052270571445
-0.0227536740686018
-0.0234914494086075
0.000419631807834197
-0.0164443693335187
-0.0581522553531087
0.031001301306908
-0.0426563480426964
-0.0184997202278111
-0.0344096156263591
-0.0371856881112987
-0.00591758586578589
-0.0150199636598538
-0.0157835551818143
-0.000554690877270828
0.0186224882954663
-0.00012135426474416
-0.0361126395297763
0.0148471804809245
0.0194013950724587
-0.0662299177798489
-0.0405476303333905
-0.0286018354396837
-0.047431304080534
0.0243318002705191
-0.0256752548212858
-0.111421328298498
-0.0247741308125102
-0.0914148032196882
-0.12237192183213
-0.165059851356911
-0.16431684069754
-0.109372854971042
-0.0361463245875441
-0.0770348103958626
-0.0695540089236887
-0.163309026680977
-0.166629770900034
-0.129477172760646
-0.0391425125309875
-0.110160643524913
-0.0190236835399136
-0.105297273368003
0.0471997166253343
-0.0352913176106316
-0.0186066224518424
-0.000726455385385573
0.000726455385385573
0
-0.0187223488485614
-0.037933322464838
0.0193330778372263
-0.00128516391623747
0.0184831772996537
0.0373014493581974
0
0.0187223488485614
0.0722248885932836
0.0918302481147996
0.0731431485342707
0.0361194275089623
0.0382117943982173
0.0737819871673988
0.0561741708734151
0.0949164712055196
0.0351198944992645
-0.0203027125695003
0.0362915448613521
0.00023380088920202
0.0111054301269466
0.0199263245434754
0.0249768515861642
0.0530234918785642
0.0534208448204775
0.128961681329025
0.147504166954012
0.0368272076937742
0.0867200918860088
0.0117177873781735
0.0987618299674038
0.0774411766898618
0.0153007831696012
0.0940173946368347
0.103604044150409
0.130331559328716
0.161204363570221
0.0555710119259374
0.0923576357243195
0.0193453137503393
0.0367874736726834
0.0355348452386863
0.102866779464112
0.0628681918647024
0.0381663263763331
0.0908356707511422
-0.00597029423046831
-0.0487763150677768
0.041701219698218
0.031998106354528
-0.052996056989392
0.0705788101721053
-0.0739073840174194
-0.0035138380837275
-0.0579627886192726
-0.0346035778846447
-0.0193446804849492
-0.00449498159756715
0.0284463990554572
-0.018098915403676
-0.00254335989337032
0.0351535830597701
-0.0368794454576071
0.0165758504643087
0.00320114035869011
-0.0198379700585514
0.0197728232814107
-0.0367900695312593
-0.00466590582094251
-0.0531325017945824
-0.0380548126524235
-0.0203059238955229
-0.0320998786758536
0.0147679452486841
-0.0396511699848485
0.03924454763218
-0.0514782312969139
-0.00216166131965349
-0.0162230357699225
-0.0153852416476121
-0.0246847008761172
-0.0675943051671999
-0.0240742814288284
-0.0885636163142231
-0.0933158577854782
-0.0571298945788845
-0.0173304111048651
-0.0775945656190275
-0.0571566506245083
-0.0701766767492821
-0.0385509082663137
-0.073392466369305
-0.125983441053457
-0.0618931590580144
-0.0860514555614504
-0.0382024584655908
-0.0736618825219837
-0.0122129269156576
-0.0751006890344194
-0.0736505138701617
-0.0381304680741664
-0.0688932528379546
-0.0538206464773924
-0.126084846570554
-0.184547349915651
-0.0558814864298295
-0.0592525634409216
-0.0903141783647658
-0.0187709278543957
-0.0185075081666187
-0.0540194662511746
-0.0384150610988846
-0.0178338853570519
-0.223194060093034
0.127766378490924
0.0169410012461688
-0.0761068535259622
-0.0107174927939895
-0.0361464998174055
-0.000625816884819471
-0.0362806454990576
-0.145732865276266
-0.00397257736992615
-0.00346685063584903
0.0181949587401613
0.0732831316278925
0.037263638446069
0.129178583283504
0.0365918429243556
0.0176153463318844
0.0369995009439033
0.0577879749724543
0.0675353869264369
0.0553118600840811
0.109636948807008
0.0565868431607727
0.127511811294448
0.135763511895171
0.0869421062045789
0.0939179617424652
0.0201586907324222
0.101031386827757
0.0989793322381469
0.0897745986765191
0.108063748873695
0.0551924258903554
0.131874146141301
0.072643398682452
0.0338279633581993
0.169996748204815
0.0854727587271829
0.154250899050466
0.0822080336989201
0.0347114269512006
0.0903801240804357
0.0542101587529146
0.0577072492813292
0.0879336257744234
0.0733940538278253
0.0918333057160552
0.0731058742617704
0.0554900452815372
0.0538821892658011
0.0764888165909601
0.0414523389511835
0.0564315924980455
-0.020720767844574
0.0136874856012347
0.040010317247921
-0.00358108562743971
-7.23766320113202e-05
-0.0184784561815678
-0.00288534488253251
-0.116415923780186
0.130399721345764
0.00726455385385189
-0.0329505258275143
0.0148973705541282
-0.00145291077077068
-0.017853264152431
0.00256051117083874
-0.053039894043574
0.0370822900445946
-0.0209435472497475
0.00217936615615603
0.0140960910420332
-0.0321075826269681
-0.0411750830633836
-0.0586566500167189
-0.0318343168951562
-0.112442433852481
-0.110875309128914
-0.07126492251955
-0.0340471254324545
-0.172819398357277
0.0210374206099467
-0.0763573497391099
-0.0361186904555252
-0.0495920003649497
-0.168463713655579
-0.125660814768791
-0.056862576285426
-0.0758864084310639
-0.0880714421281877
-0.0957413187990395
-0.0353913197376961
-0.0547348845736662
-0.142245098709753
-0.132884764007206
-0.0405040600762393
-0.0480907822197608
-0.0582558687348282
-0.0227325257418608
-0.154915646638042
0.097733335071968
-0.0126896578846792
-0.0395622094039818
0.0177346746522956
-0.0120096497705304
-0.056576201350618
0.00688586413741871
-0.0614876617210793
-0.112774318853836
-0.0320253552391648
-0.0936216627257965
-0.069292392283544
-0.0567706356859105
-0.0762199494745374
-0.0556102992479853
-0.0363163815728408
-0.0548969159344715
-0.0741139185545471
-0.20207164590004
-0.125662954154039
0.0101538196634588
-0.048568288335692
-0.099782972696566
-0.0300620716478989
-0.0741834256254297
-0.0397733346443446
-0.00752052270571186
-0.0110249915030636
-0.0217913211037935
0.00585259696191453
0.0541763278684312
0.0187709278543956
0
0.0184360744013357
0.0363901476727681
0.126500670240514
0.183347050214278
0.146860299591477
0.0684330025200335
0.0817527465987267
0.10108764583213
0.169227951182688
0.237797714457751
0.167151051640088
0.0907025911943918
0.0550814174775011
0.145749581807571
0.0747842453410147
0.129056224339037
0.181835597763194
0.108957701389048
0.0736990565377872
0.0377836668846174
0.0910499082263579
0.0746085382489051
0.136555348544811
0.0152475916697338
0.0915593057043709
0.0508620156297647
0.00640185536856377
0.0791400495121189
0.0476422990294728
0.0718796289458779
0.103155595147524
0.0555193212254001
0.129998752368563
0.109122591186069
0.0734762695047931
0.0150877809380271
0.0392103985534852
0.0372241169355756
0.0367839014004197
0.0927379702706566
-0.00475370130540105
0.0361716344936188
0.0762268166202236
0.0757058935163922
0.0500202165274501
-0.0179043143059767
0.08660884612552
-0.00890839751377977
0.0344286548155179
-0.0180938749229111
-0.126184644578154
0.000219934705064769
-0.0892003733763843
-0.0732643610095079
-0.0170175843345043
-0.0397534655435038
-0.0510109893296873
-0.0396445184057401
-0.0573988452392366
-0.0323326070854014
-0.133674344262988
-0.125570360703256
-0.167448638003264
-0.0731946623176363
-0.0942268440132486
-0.0212374556931075
-0.184889405860597
0.0339990297871699
-0.0940755590915068
-0.122365999872413
-0.128865248849755
-0.0910917552419306
-0.0929347870586638
-0.10850463148807
-0.0778375756268126
-0.0318584695886549
-0.0794313835534757
-0.0373823560856186
-0.145835450032367
-0.088193289429652
-0.125964415295071
-0.0322816074090478
-0.0577606640908111
-0.0767058850129042
-0.0309574945643393
-0.114440037215784
-0.0762626190509373
0.00188750117887528
-0.0723741738997043
-0.0217125982110062
-0.0649724809641858
-0.0780529499277078
-0.0133067001667453
-0.0369335689700217
-0.00686062376292091
-0.0547236407197882
-0.00309012432847414
0.00228687458763856
-0.0406534007096373
-0.014053255516271
-0.0547630699633516
-0.00437353569818969
-0.0319852043315109
-0.037594325436465
-0.018904575285602
-0.0750162729949877
-0.145399365765161
-0.0558884896412055
-0.0376594234890938
-0.0361781355169125
0
-0.0116039497850462
-0.0526402340777827
0.0300119425638085
-0.00355635281458342
0.0245290280838562
0.0158283137781504
0.0734048660255303
-0.000314791673705301
0.0907521325228802
0.0750898191603373
0.0712171268430838
0.0563287302340108
0.05314873354934
0.0179667592079667
0.0327906819506479
0.0476146046933291
0.0624385274360103
0.0772624501786915
0.0920863729213727
0.0921697759749707
0.0922531790285687
0.0923365820821666
0.0924199851357646
0.0925033881893626
0.096611742524698
0.100720096860033
0.104828451195369
0.108936805530704
0.11304515986604
0.0943157047124811
0.0755862495589227
0.0568567944053642
0.0381273392518057
0.0193978840982472
0.0355879819330964
0.0517780797679456
0.0679681776027947
0.0841582754376439
0.100348373272493
0.0555669749257702
0.109376988483974
0.076989674809581
0.166972827657765
0.0863817168351435
0.0914064919310978
0.073763636184977
0.0917921605317947
0.0737835084376664
0.0530750022403316
0.0677068326903579
0.127643366569812
0.0784477025115807
0.017346189917335
-0.00208722429325814
0.0522254611887308
0.0161786644535003
-0.0308292299879661
0.0180204648028102
-0.0159223740071393
-0.0186364387703837
-0.054614853760397
-0.0399835902481944
-0.0492518904552741
-0.054521422470738
-0.131177430747175
-0.0741726585920919
-0.0566586580924148
-0.0881685913842545
-0.0760569733938169
-0.0554269080162004
-0.034760218559633
-0.0366943380018412
-0.0572112728575418
-0.019234502516518
-0.215163996605945
-0.0695957042858676
-0.10109392446643
-0.12411838609619
-0.12830274537746
0.000310903423895051
-0.0551878110269161
-0.0554708545334533
-0.110219849585936
-0.107323886762148
-0.222591777705256
-0.0917916743222326
-0.107967525955548
-0.0599271403726819
-0.115880568869959
-0.180631044950751
-0.147026585181115
-0.219081272526793
-0.0866422245791322
-0.0334140269042784
-0.24412576436377
-0.161315104994415
-0.118919362215166
-0.126369687467953
-0.112388254123557
-0.0706198666867138
-0.0732231830819606
-0.0743277942974066
-0.0729102324336171
-0.0918972825734581
-0.131708173062605
-0.0578129021591848
-0.0150387206661108
-0.00025751036070671
0.000515020721410783
0.000907259465181887
0
0.0318584256025072
0.00695159339750017
0.0544574354424065
0.0529716260726202
0.0903350627684587
-0.0199193171937688
0.0596649880406253
9.71836831717492e-05
0.0531722186482823
0.0762914363558452
-0.00138028222174498
0.0869928122571403
0.0143999260769737
0.0808956755989638
0.0351013514692781
0.0426568833614648
0.0313349040145058
0.0358180959519832
0.000641439457067207
0.0552398549897743
0.0363981343532366
0.0397093421952523
-0.0178691258369465
0.0708549535356975
0.00787406975230908
0.0095244806731148
0.0220124629397548
0.0724565343606448
0.0746837690084983
0.072753965927202
0.108442319623491
0.14867444126802
0.108690820533786
0.091959178603274
0.0387104573767979
0.0295027710111658
0.133893308497492
0.0862487066376193
0.112872898699202
0.180607435370456
0.111739815619693
0.130757661702126
0.0331584278795996
0.0703822864090995
0.0522030284614617
0.0966539787544316
0.0547601456400413
0.150510016029749
0.107867067721375
0.111813726449672
0.137794655412911
0.0514141631312596
0.108548945324141
0.123780076746584
0.165726608535829
0.1473235889096
0.0914877077474889
0.0766776082074661
0.0389768824569295
0.0499778699270885
0.107409701964456
0.029782118842109
-0.0013607707338442
0.0292405651782093
0.0494417046562362
0.116228970830418
0.0716025310074155
-0.0199044614533878
0.0237751258710294
0.0184997202278074
0.0376712752970764
-0.00033120737013816
-0.0572846645287126
0.0184102699963959
0.0197007565675403
-0.0757046591319722
-0.0960367712727981
-0.0172714352360317
-0.0745376643641043
-0.0719190087630679
-0.123781671374092
-0.112922622991227
-0.0388405474519396
-0.184613255712343
-0.0360845890291991
-0.0162857384728382
-0.0551979338795318
-0.0565278012818835
-0.0536563144547762
-0.0722276981037391
-0.273536495295979
-0.0914222285213997
-0.0918107178431556
-0.129011133324739
-0.0546343283363694
-0.108603746162547
-0.240253937813266
-0.181813713635767
-0.0916325848055574
-0.0917657145641915
-0.111119278135012
-0.256801134255636
-0.238231092464677
-0.173504015195351
-0.156773585451454
0.0242084627672731
-0.190191882183365
-0.205729317927489
-0.159321348411759
-0.122452964994567
-0.0762608118195182
-0.0794002034979184
-0.132747074173069
-0.164722496200108
-0.0921588919289983
-0.0660071585476951
-0.0564244579234892
-0.0799831242911166
-0.0531873218438974
-0.0611222217637022
-0.0330052684099559
0.00222543990669669
-0.0265964657017397
-0.088126432431492
-0.0933264449925005
0.0739500252056048
0.00446828473137753
-0.0370668527629656
0.0207860061372812
-0.0376858338644349
0.0556146897984782
-0.0192844700929103
0.0349955067291056
-1.75653231535322e-15
0.0171763973264866
0.00128755180352892
0.0724409681043082
0.0499146025814945
0.0810668328086732
0.0170000167500583
0.124819519377129
0.129245334726871
0.0725398590064853
0.14519427307686
0.116609813919677
0.164277169257968
0.144056181970407
0.164317723111323
0.117052006198641
0.199373464407668
0.201907770796764
0.180604471282531
0.108159481551737
0.131171374515982
0.132357873182791
0.121075240107307
0.278465524998249
0.0868677502512783
0.0987869896021104
0.0758052312024476
0.0687689304877097
0.14965878644235
0.103210658204793
0.0233680961421992
0.0854161959796757
0.169189220969591
0.0674670011717988
0.025357535005231
0.0323550086196421
0.0179448565017023
0.0172799169646935
0.00072133622063109
0.0594818471401744
0.0330428194398194
0.0531737381422478
0.0388897728744518
0.0713535192805605
0.0731726143706615
0.129972630800884
0.127430348945415
0.0352658633005506
0.054891341922966
-0.0005922714511767
0.0168067463565042
0.0204693050125189
0.0259267548979524
0.0482749743981866
0.0563758437886979
0.0243989385396003
0.0174153946089714
0.017128078417337
0.0359504603150236
0.0484166820622582
0.000895290843800131
0.0768784345151529
-0.0384050064030721
-0.000169987612937081
-0.0174401651785453
0.0091488998554881
-0.0899436232597093
-0.0546018798630406
-0.0364676252032001
-0.0187143267730997
-0.0617568151222337
-0.0704382564746119
-0.0454223473459908
-0.00552106092892352
-0.137979164034714
-0.109940258363007
-0.129818504065933
-0.101722046489212
-0.0171140892600028
-0.0729096763418607
-0.0761386915064728
-0.130813916616759
-0.0931301356608916
-0.110111724043321
-0.0551444455052093
-0.128371625598945
-0.11051198441654
-0.113263002827771
-0.181313503510993
-0.0584854236463427
-0.180362285192796
-0.0986714498795965
-0.0477545853234512
-0.0708135577248308
-0.164112194755024
-0.187773070162765
-0.0552972275124023
-0.129741080047899
-0.125700395650583
-0.112556015747237
-0.0545279959033122
-0.132110962766978
-0.201745991508328
-0.109424863730759
-0.0900658519134817
-0.087035763551378
-0.061913295422149
-0.0333126097130633
-0.110704204742119
-0.0365888697562771
-0.164127982529291
-0.0655640896947493
-0.0320608009749642
-0.0500177180940614
-0.148284990455434
-0.0752095789682928
-0.00948665607371403
-0.0361308062560167
-0.00381389077327005
-0.0150197188777503
-0.0375045370268379
-0.00145291077076961
-0.0332503032254893
0.0130851280028199
-0.0131621398098164
0.0223889040394061
0.0144610273002917
-0.0043587323123105
0.0318165512435854
0.000757171863356357
-0.00251418395808083
0.059362838387689
0.0918556632094549
0.072406430774386
0.0822337383006358
0.0321226555557494
0.0795249839540369
0.0266361909997529
0.227472092959366
0.0265447814719585
0.0931361865779754
0.062938434938999
0.0505073076900091
0.0782161189093372
0.0689377881856625
0.219097854994528
0.220824161166413
0.0565806999490594
0.151058809895167
0.0897063042808814
0.0664762806967867
0.257020674126762
0.127022531809923
0.224031498701246
0.0912760167659379
0.184843481443978
0.129997395746744
0.186502187459403
0.145345093483344
0.224737664136592
0.139966929985965
0.113487660173524
0.159758248588884
0.184283337882536
0.161044767768573
0.114058979083994
0.111867073346228
0.128288994751011
0.0911676151367933
0.0865250226204331
0.0948469555981919
0.143395988522305
0.111562890139337
0.0678095990728054
0.0223586069732873
0.0187156743188589
0.0177374286985952
0.0188052285415283
0.0043612364038486
-0.0179600685081634
-0.0179600685081634
-0.0254251413486151
-0.0139499360524245
-0.0527545555045673
-0.0555532372488805
-0.0787120728383004
-0.0935155407487955
-0.0928438501581155
-0.139326946769077
0
-0.13593014692844
-0.0369890329223795
-0.0477700099540925
-0.0757888278075613
-0.114743219668895
-0.128620750111631
-0.129435793494529
-0.145128025874167
-0.0552589937736658
-0.0690563447317445
-0.0735556661621
-0.0742370655400064
-0.0162150468441398
-0.0749149355818767
-0.130506829347609
-0.0541995710910516
-0.109359449642328
-0.130414090201756
-0.128439233234569
-0.0507547777857091
-0.0583218867828152
-0.110026364063468
-0.140500705165828
-0.0747357071126823
-0.0860346020470159
-0.134518866992499
-0.104151874488265
-0.0551289156856641
-0.0542237029402703
-0.0551542331034244
-0.0386902679442785
-0.0537901136901441
-0.128238564477464
-0.127202753904893
-0.14719653879448
-0.0574774539724566
-0.0706608523367812
-0.0360725302907528
-0.0578281698471643
-0.0754174434200559
-0.167555412995721
-0.0716267271501678
0.0189162631099013
-0.0191642173864675
-0.0186957374210732
-0.0215453381343828
-0.054110586470247
0.0187538865790402
-0.0562305352592305
0.0173087122212624
-0.0525923983774651
-0.00226260154923457
-0.0173013572621742
0.00274201595466636
-0.0587415549591564
-0.00133673984016428
-0.0221930706820927
-0.0107739622195882
-0.0164702428519172
0.0524843152873234
7.1025224326731e-05
-0.0846563254373212
0.0721828858500211
-0.00942874438730962
0.055747623044286
0.013061586311413
0.00828747211867664
0.0125434105490919
0.0562110061425851
0.0227636245837329
0.0899792228972546
0.0743624372692279
0.00192311083824816
0.0720056524405031
0.0912392743493597
0.177617666284783
0.0901663753183649
0.0990342364998381
0.0341180199179819
0.0317213377909518
0.109369678162083
-0.0263303347450177
0.0772867016279712
0.121043864104063
0.128090057941698
0.110905365328313
0.110975030444572
0.109963522223886
0.0347248611350782
0.000613900393273155
0.0567770147792092
0.0738054337267959
0.0380195451839856
0.0340247047009662
0.114688037847831
0.104885345526889
0.0516404601913297
0.0394251780390762
0.0715168760410551
0.0544586494809133
0.0160704504676363
0.110368293183532
0.0882380781879579
0.0367947772422529
0.0186451432862989
0.0614258709918399
0.0915184005631691
0.0441458853403343
0.0145613693232853
0.0862156926200831
0.0720834008153121
0.152005522552802
0.068787655707073
0.0580481225135311
0.0343377379539926
0.0390242459618162
0.0552786773270191
0.0511564428138264
0.0741899487890604
0.0766149073896317
-0.0587858967482772
0.0540403738898932
0.0954924734341724
0.071445804551652
0.0473991356691315
0.0233524667866111
-0.00069420209590937
-0.008142231654105
-0.0155902612123006
-0.0230382907704962
-0.0304863203286919
-0.0379343498868875
-0.00521847288829979
-0.0179467020468576
-0.0370206334394169
-0.0544106123621933
-0.0478865969138943
-0.017936733559257
-0.0917271274803701
-0.0170145129794028
-0.152111373618703
-0.0906567195205439
-0.0670251622853882
-0.13330149421258
-0.0908398407388272
-0.0362412164495344
-0.129939059541593
-0.0710185196363287
-0.164118605324445
-0.149673158769502
-0.0870745064145058
-0.130753466455148
-0.091379072755362
-0.110766099562306
-0.109002817153583
-0.121781186157683
-0.113995249367633
-0.221715633879496
-0.0370922469343878
-0.0757921489307152
-0.20080451217441
-0.156742254866334
-0.136834205922727
-0.130500747834702
-0.115222482912012
-0.0679293277409074
-0.076331667149117
-0.0914796007037719
-0.201521214732365
-0.181073429304252
-0.0616788318841642
-0.0884361681189478
-0.0144480257487684
-0.0174069792833196
-0.0382317797505374
-0.00140172050549859
0.00414373605933509
-0.0631040879959249
0.0231775976809619
-0.00494185399428178
-0.109347304184891
-0.055413864423599
0.154403883279414
0.0308805113510276
0.0232129351726984
0.0139664460451445
0.0758758230948011
0.036919461367193
0.110693646186087
0.126127807641676
0.106576904986092
0.166008658555636
0.0730752007519797
0.043036200297644
0.0546403088753769
0.0375531802363119
0.0907771908371079
0.0743293056375923
0.163105874804304
0.0910412289142268
-0.0211275974226964
0.0364344279242001
0.181725332996433
0.039346439033151
0.109177762983102
0.149430580386983
0.127627717431968
0.0365791315692104
0.0366446658296774
0.0360272282956079
0.0746933069206283
0.0541214955220359
0.0907301535837706
0.0192697513410561
0.0746123740535563
0.0528300848407275
0.184519239944902
0.0872929316936214
0.0791176451728801
0.0684606173677559
0.011122677641336
0.0471624394527362
0.0611111224396309
0.110950988703196
0.0971233329395729
0.0769924676222299
0.128365332370328
0.114152520760351
0.0515134224663232
0.0157535040576458
0.0750527476996392
0.000695741431085524
7.90966431720063e-16
0.0187563277030955
0.0188050834288638
0.0172680879273155
0.0194186834479879
0.0164524908773007
-0.0163347660176286
0.0350374338364829
-0.0434111965537976
0.00451231362342031
0.024789233122341
-0.0394036283714354
-0.0394216569546549
-0.0549887765533816
-0.143072719388177
-0.216943660212745
-0.116158300272783
-0.0922844263887106
-0.0719250793822538
-0.0694279296932374
-0.0396731464065544
-0.0179266896173682
-0.0553734437694126
-0.108785382361588
-0.093733304713607
-0.216934838906432
-0.0555032320967562
-0.0902946299958282
0.0135342556784141
-0.0591373554592262
-0.0465337782881392
-0.110209099660945
-0.0201522300798418
-0.110182822680339
-0.0522134825241764
-0.0733756873431847
-0.0352781681107266
-0.0364784023363192
-0.109195901799614
-0.112928582243767
-0.0447485045329314
-0.0547912249713062
-0.0773505091753032
-0.0295533817530232
-0.0571860511007738
-0.0336035371638727
-0.0322246836874137
-0.0408715598489254
-0.0858014864181481
-0.0413741518030897
0.0223123550663285
-0.0244156749143683
-0.0520174553261413
0.0151055424841315
-0.040707759556485
0.0210115448451199
0.0210921031291656
-0.0219010934983275
0.0201894388217226
0.0400235242521372
0.0707205621252978
0.0400727003670214
0.0659098011137674
0.0754510515600633
0.0794312525664234
0.0495319131617671
0.0694022945314771
0.0929882504001289
0.0161315328018331
0.16199498487332
0.0230328886893673
0.135028043711412
0.0680236598970811
0.0644964211894111
0.122468613279881
0.012680714080833
0.0641707136422918
0.0490670297568457
0.0523969521829826
0.0358885259406248
0.0255190171121067
0.049244328376925
-0.00196017821797449
0.0456422942715234
-0.00192068421521223
-0.00222543990669456
0.000597546200288537
-0.000593450641786456
0.0280324447709392
0.0255528802384337
-0.0180500285023268
-0.0215124439933782
-0.0118703040393155
0.0161656662785296
0.0186269826452118
-0.00731574620238462
0.0205800286887755
-0.00058525969619016
0.0200775623927884
-0.020194202932294
0.0346457815864344
0.00260398552022661
0.0232169426694397
0.0336738925942172
-0.00374115836776637
-0.0204346700130332
0.0258966090405995
0.0160443815093194
-0.00446650093960597
-0.00148362660446523
0.0417657518437106
0.0374947873858701
0.034118905830923
0.0192531789837172
-0.00174349292492285
0.0553795554033656
0.0200843002518219
0.106633819118901
-0.034895712314489
0.0172126938908409
-0.0290489868584555
-0.00893107992159627
0.00343467958285108
-0.0320104365608201
0.00163208441232929
0.0476196157144609
-0.0179745747656948
0.0904165501308239
-0.0179745292792393
0.0406149818812414
0.105984049850245
0.0214600339168331
0.019322334250336
-0.000115328745041977
0.0186839006010068
-0.000705979142039801
0.00141195828408041
-0.000705979142039801
-0.0124596440570067
-0.0576103110627888
0.0185614255165727
-0.0897313730526158
-0.0746260265699746
0.0010964404517923
-0.0625580140967782
-0.0134833508955465
-0.0197725898373833
-0.0470235356818792
-0.00553152178810505
-0.000685503988666326
-0.148572360410089
-0.091517626943936
-0.0879983631460618
-0.0918534567907323
-0.096824954952679
-0.0728669397077531
-0.0369222295067492
-0.0920755978230536
-0.0705219277391409
-0.0748750366481643
-0.0698246125466852
-0.149583824612742
-0.074608926587198
-0.0546932218960786
-0.0929710050072706
-0.0501575149867447
-0.0781271681724276
-0.0355137328482505
-0.0519352347546528
-0.011707937337529
-0.0494393677659357
0.000797840929614371
0.00137764126546145
-0.0349751903748614
-0.0391600039652072
-8.02605361558979e-16
0.0185139234679035
-0.0199077756573701
0.0569277622978439
-0.036994770744222
0.0369805873991977
-0.00139148286217199
0.0402977716692016
-0.0187611918959644
0.0187611918959644
-0.0199582104227628
0.0164030958434248
-0.0048771641349209
-0.164988249023448
0.0231204861602818
0.089120260567892
-0.0139582494318931
-0.0723132868774025
-0.127280012901183
-0.0953578488140869
-0.100651823532333
-0.0407114756640779
-0.0583976667833375
-0.0322857481765514
0.00268820339417623
-0.0425273847648806
0.0179985902771899
0.0418111676393904
0.000726455385384153
0.0142010401735721
0.0180933042272178
0.0917484169140426
0.0733251599517424
-0.0186869293348106
0.0621867631700918
0.154057820852399
0.0737816962538651
0.0890794319757361
0.0366880919050587
0.112182083845039
0.038905910122998
0.0381427315853819
0.0915740467609753
0.146405856172693
0.0687697874758309
0.0519362395774352
0.147331638667434
0.0573823345604684
0.0523539204288684
0.0283031957546789
0.0330057729373346
0.0469411012095159
0.0600650407815241
0.0808167782789958
0.151790960267977
0.146061798502857
0.056139674175605
0.110398169075847
0.0601436416389439
0.0709959174144539
0.0899691842001312
0.131519867866852
0.105317408617543
0.108699384502912
0.11616589127286
0.147541423828041
0.0925043070474436
0.106551254216593
0.0921168744009423
0.126171356930348
0.110947492782204
0.0490085021422095
0.0970179840108392
0.103630715887524
0.0455783871717559
0.0934411626710253
0.0719196059902711
0.07533713550296
0.0341545445614098
0.0356495709603492
0.0359300938212516
0.03544994835038
0.00101638870561596
0
-0.0348600119517811
-0.0562936255358933
-0.0536569701860465
-0.126762596472253
-0.0923337797788241
-0.127978151285906
-0.0571596221269529
-0.0779818801129575
-0.0860813480829337
-0.141622855413778
-0.114152442280823
-0.11134863799008
-0.114551857271606
-0.196561420774181
-0.113398672073671
-0.0409889302521279
-0.163281557545254
-0.181352544741719
-0.182167935354255
-0.132938523741252
-0.11230378541454
-0.0796496535908008
-0.200557230053213
-0.165471646540748
-0.169030697845328
-0.166622564801322
-0.0501877702444361
-0.0909342318020982
-0.184683790085332
-0.215318585723071
-0.160731888091251
-0.0677511498428254
-0.0758033324691876
-0.107623958876204
-0.0192345025165188
-0.165636653995507
-0.128584132608968
-0.146979243994416
-0.0358926532388177
-0.0914307392221209
-0.0547510809486995
-0.0189181893176878
-0.0592453514092199
-0.0320508541958306
-0.0198606109324708
-0.00252467677221186
0.00403416652593976
-0.0507858517201249
0.0308919362807404
-0.155872915466364
0.0808517086606325
0.0574044368230592
-0.00462577452117657
0.0213433246835146
0.0378975105925884
0.0366504232946274
0.0176536944920208
0.0946142621011575
0.057923533849889
0.0343750380009463
0.0736382523422011
0.146362153555348
0.185666103529282
0.0938475391464106
0.0717153508924554
0.0928699869890937
0.0303065164144954
0.0912640721959129
0.151709190725741
0.0423579063122355
0.0772527641431679
0.165459999328718
0.0735811403519011
0.109837013886314
0.0751595381847314
0.109501827461277
0.100043421701595
0.0890610151179533
0.0144552182577964
0.131391138925816
-0.00340192683460526
0.0247271939018555
0.0704830320562879
0.0375531802363115
0.0724329195936622
0.0301974397800016
0.0923918756256608
0.0952969622993573
0.0867986342706097
0.12823660430088
0.0223415368348974
0.0526163047448884
0.0547017129613575
0.0732542964723511
0.0929869826065927
0.0759295579777871
0.0543242389438703
0.161859454204921
0.106112664579413
0.0770374916199138
0.0765155166454589
0.018478456181568
0.0354427492986419
0.0183109426654849
0.069367594354373
0.0416080862561941
0.0553726453551466
0.0118067218562316
0.0588369881051696
-0.0445246930312187
0.00389414622579611
0.0609688387146729
-0.00170516583916897
-0.0490372968976712
-0.0603929148542472
-0.0544284648422742
-0.0769582682851704
-0.0151987929362973
-0.0186619775443911
-0.0369670232258552
-0.0350684632536391
-0.0387904420891304
-0.054824579380364
-0.109704849956307
-0.200335527057128
-0.146701192726551
-0.0922681669372877
-0.0726330862158398
-0.0893494153587181
-0.233207199696861
-0.0835145295192042
-0.14518482184074
-0.0908476580362722
-0.0949743923954726
-0.0162484237290967
-0.0735235572536314
-0.0365535912732688
-0.0908794041221123
-0.146398463529029
-0.107276360646252
-0.0994815378685741
-0.0355387807406704
-0.0571637720249391
-0.0933290377577461
-0.0719496274573648
-0.0753308214471539
-0.0547398901426043
-0.20076563646059
-0.089752280742944
-0.119357599990186
-0.0292974411413725
-0.0355332815911482
-0.129990949365899
-0.0399464002206171
-0.0478585565217776
-0.0777893522213526
0.0156922061550698
-0.0543182685549246
-0.0145826137830712
0.0345045178407049
0.0161753183729262
0.00153482253726683
0.0343974381759427
0.023963045396029
0.0126816028140132
0.0239787815757194
0.104996608503352
0.0813733763558032
0.196759981464138
0.0347059787797489
0.186550182374375
0.0920947077069809
0.057907687112681
0.10555047210995
0.122702734628866
0.192321007543113
0.168975063345915
0.125032935800085
0.0917669970182791
0.127190252512156
0.0546550067580863
0.135633343626047
0.159727936861084
0.0538975632563183
0.0747938653063947
0.137080182620238
0.0835324232420763
0.0208077869744016
0.0904312128104478
0.00640864577277168
0.0596290342820099
0.206430754031409
-1.74489120725888e-15
0.135836264646301
-0.00151434372671101
0.0680750349091172
0.0349189913943472
0.0593993361183931
0.0543690589343565
0.0916509412377647
0.00212008121739295
0.0522603063122368
0.0140418504552439
0.0398147033779793
0.0333147750517319
0.000902030593510791
0.0384998289813804
-0.0200338849653114
-0.0528831152387835
-0.120703156832737
-0.0505689734215749
0.0183045493120071
-0.0305049029482422
-0.0946547264442877
-0.0352370163592949
-0.0755713477923839
-0.128229063838034
-0.0188762311678646
-0.0164076974921053
-0.0772227804393042
-0.0344156059657984
-0.146986945269134
-0.205774520164013
-0.0812830940067465
-0.0576650447865665
-0.0535783204103166
-0.114065426418317
-0.0367786529875911
-0.0555729586796532
-0.0661264248814806
-0.0118392127205258
-0.0856957838710463
-0.150192998503751
-0.0525993316676235
-0.0714372901020765
-0.0359399766949229
-0.0880253314542294
-0.0210569138679869
-0.0563338687990835
-0.0341100233746455
-0.0375287867407103
-0.056321326622388
-0.0195159520881775
0.000705979142038565
-0.000705979142040972
-0.0362887916021839
-0.0376394522346657
-0.0176015554577674
0.0540559441935651
-0.192504111282784
0.150653828816446
-0.0356891892632419
-0.0178068123133271
-0.000721336220630756
-0.0352658633005551
-0.0378256964751046
0.0198982927257464
-0.111259187398495
-0.0364263849573605
-0.0542278878065927
-0.03692245072953
0.000303020390985163
-0.0659704530788651
-0.0175987396350198
-0.0362123735412359
-0.0420002000017767
-0.00136718493973346
-0.0181396276183472
2.79811167525161e-05
-0.0477563787982863
0.0421543086711005
-0.0545987453777987
0.000863052525064602
-0.0548704147461068
0.0415102531303742
0
-0.0399995125923876
0.0178762789785537
0.0545841625053436
0.0559082283883454
0.0353657843666166
0.0366063240719439
0.035892012801396
0.0757660483635133
0.0325911164530532
0.0745924000662987
0.0365316620011115
0.122741373845882
-0.0119604349706079
0.101600939066209
0.113679126256502
0.0963757956423737
0.0923569154307463
0.0722942918402188
-0.00140172050549649
0.0554348739798615
0.0373496258273462
0.0362261439448894
0.0363204432749369
0.0539866910865949
0.0403966015278196
0.0542854550012088
-0.00203656514134599
0.0512849085145494
0.0256106536287571
0.0548920409494565
0.12707500792963
0.0381947566232916
0.0542088117304645
-0.0736571031447937
0.189130801402907
0.0637612860877819
-7.96785858196558e-16
0.0374103151138542
0.0188565504889459
0.0365977403864955
0.0189083000394244
0.0191475944378021
0.0553606604699316
-0.00355549049727019
-0.0174959768109716
0.00217936615615221
0
-0.0737574123095054
-0.000223571365723823
-0.0622455572533808
0.00668338954552899
-0.000716217125486532
-0.0200200926543725
-0.151345898240336
-0.0206152695610174
0.00513852519469256
-0.054957737800945
-0.0560398331076919
-0.0152337793792889
-0.0367886597596993
-0.0427006922853722
-0.055237091601986
-0.0211222938054371
-0.0288205806790825
-0.0190359899999534
-0.0315648556989326
-0.0457916706324786
-0.0141343882536248
-0.0237885737872118
-0.00268593944021977
-0.0157877446892562
-0.0163079476590786
-0.00383705634317044
0.0436223933322658
-0.00633355118554161
-0.0398551475578611
0.0568213509265614
0.0536080894803183
0.077941307280776
0.0886312026399097
0.0531240026621198
0.0745113439509468
0.0739099371828672
0.0718335535920914
0.0351725918628996
0.0202796549573222
0.0190742321021774
-0.00234831279973305
0.0435869465247014
0.0751210365712555
0.0214481761542077
0.0172732760009122
-0.0328773201862971
-0.0402660111391401
0.0282707217175304
0.0937898500877827
0.00239001025623075
0.01548160437312
0.0405554371513949
0.0203594607340502
-0.0187904301171008
-0.035284898510021
0.0314365011245059
0.0181311167796685
-0.0392560096795893
-0.0194131648546558
0.0254436212782925
-0.021548886344655
0.0222552520088193
-0.0368250375768937
-0.0181835254369438
-0.0411240856090949
-0.0875708880528957
-0.0540683926435351
-0.0271669278039309
-0.0132755049408267
-0.0991519987433815
-0.0314417501567055
-0.0532350615808243
-0.116362678165635
-0.0487498500591705
-0.0433402807996772
-0.0870193607537189
-0.106371913827725
-0.148145304880886
-0.185329485574773
-0.128251335730977
-0.0751048440514469
-0.0711038260267242
-0.111313662572727
-0.124079203095365
-0.189971030372986
-0.132250317898757
-0.0641003695896631
-0.0985066555077733
-0.0383704715392952
-0.0351838710562338
-0.0558684345359073
-0.0550300335567523
-0.0186471435308792
-0.0218853613467196
-0.0332243215160464
-0.0371657621119127
-0.0544758563926684
-0.0182596128068464
0.0362721582156554
0.055332382004848
0.0181493115782449
0.0550750202240069
0.0365949318341253
0.017804066118417
0.0751177044950712
0.0179244687688018
0.00159569568589727
0.0471380516405931
0.076176944296033
0.0181493115782458
0.0182408360945246
0.035987176140773
0.109191953049417
0.0908676570092011
0.0547563232469603
0.0547071260190092
0
0.0427886509972111
0.0760643387094087
0.0894503202528901
0.0580286113347577
0.0568423028556731
0.0384987134844879
0.0191683330482277
0.070621663486206
-0.00438617876311185
0.0761549594950088
0.0659051227803146
0.0895360116145155
0.134690767564402
0.0396390865816008
0.00950056143194896
0.109330194785039
0.0407620464662393
0.0723539439298306
0.0722245261200894
0.0953567962555533
0.0319500800129848
0.0578395932592403
0.0948423044582912
-0.00402088991931854
0.0305131524072122
0.0751902217346484
0.0354439237376907
-0.0137464890634714
0.0596441985425076
-0.0327760096344078
0.0622891030213627
0.127629237298363
0.0375629300659013
-0.0010359340148322
0.0365614426326059
0.0158466812425455
0.0396582854938873
0.0588315848952236
0.0499547749671577
0.00790770790964631
-0.0256510824036969
0.0239573955879818
0.011249896223402
0.0162640237819001
0.00362194161233721
-0.0201371429442654
0.0178708028400161
-0.0722634474062925
0.0202521967179571
-0.0110679561572488
-0.0456175815440246
-0.0397413627294168
-0.0150672855126912
0.000845890104002643
-0.074921171198657
-0.072405940477372
0.00358559357680138
-0.0570094808583057
-0.0186214092601429
-0.0559776995726507
-0.0536646473510689
-0.0367872650928058
0.000690622676555546
-0.0379512256202615
-0.0566885258257963
-0.126545065164523
-0.217852967346132
-0.128325426069136
-0.131203906791608
-0.0918847471477634
0.00717892830693951
-0.0653941045082708
-0.0534768310583269
-0.127669914656629
-0.164754851363749
-0.019035408704903
-0.0894159165714647
-0.0795833190747665
-0.129907900846114
-0.0554622672521069
-0.0482828319968575
-0.107903723264087
-0.109359667832488
-0.0382693221240795
-0.056033826593086
-0.017964528420881
-0.0189560306589601
-0.0785265150961153
-0.0381729063069592
0.00762532150795945
-0.0277523789771427
0.0198707122666964
0.0159968211342912
0.03668053846142
0.0227905591925877
0.0429715617515309
0.0536664395883268
0.128113793599754
0.0746678554612507
0.0473561821940335
0.0403412714271546
0.0953524572263434
0.055660600730199
0.128815629168884
0.106398500597269
0.186738857141048
0.102324553089536
0.092365833819131
0.0779950301846077
-0.00579860950454407
0.106197040738374
0.145607274466922
0.0943586547460439
0.11050916367988
0.0584707658774397
0.0329027180871569
0.0584747103872075
0.0617151886853205
0.0514268473531785
0.0478396317457187
0.0230262822579972
0.0871164964139502
0.0389630368485826
0.0554825130435976
0.0314296238678746
0.0365877702217753
0.0793251767237055
0.0218172874696414
0.0131896894867381
-0.065005361757492
0.0657684175507968
0.0467361061390217
-0.0015348225372678
0.0179980485012774
0.0196630304921528
-0.0382910750025759
0.0420562225686482
-0.0250889789486158
-0.0106935428768907
0.00145291077076462
-0.0577877622013957
-0.00700428181118976
-0.0513825720897629
-0.00304916611684476
-0.0695152955896315
-0.0945016489806605
-0.0711333834401925
-0.0597433518612175
-0.179779533635452
-0.150996288060302
-0.0619747020166764
-0.0128767872749397
-0.0512458876537621
-0.0623452899150142
-0.0866508917648678
-0.0525648864665343
-0.109935907085364
-0.00170700744722187
-0.035915445676472
-0.0917790491944175
0.000765430356865835
-0.00292943901876052
-0.0365218805740935
-0.0172759722750527
0.0154828195878992
-0.0295753158753436
-0.00836074475950148
-0.0130648300687708
-0.0232130559666769
0.0043537873486598
-0.0239427518880763
0.0199624996156001
-0.0178382828136813
-0.00894045447699415
-0.0209784972109927
-0.0556265884803527
-0.000695741431085332
-0.0334338962846058
-0.0717266929560358
-0.00959705584131838
-0.0107510909110323
-0.0224217500838594
-0.0181227224297793
-0.0723967649050359
-0.112559711753752
-0.0224786401131477
-0.0488231267650284
-0.0571815169454601
-0.0218896559406773
-0.0814196779630614
-0.00881012628714344
0.0434959501605076
-0.0361354988818722
0.0180903115656126
-0.0217542251689511
0.0139027234870974
0.035561527596671
-0.0012742560592662
0.00240186412740686
0.032812197582192
0.0581723617808867
-0.0205680667128854
0.111833017679717
-3.809352164615e-15
0.0167049471114677
0.0185421108815855
0.0541469843051069
0.0742672128159182
0.0531931420228569
-0.0117691101074797
0.176059010266425
-0.0189011241554996
0.0622245714512364
0.0858437397129853
0.0758794832235781
0.0220714097897059
-0.00471942712832643
0.0405775842047436
0.0334942597771691
0.0761421453447268
0.0327856096509043
0.0132473045856846
0.0235147824603556
0.0927226018759698
0.019337995204029
0.0713807461555142
0.0738856859634983
0.111193774145909
0.0372140793833384
-0.0984865321492538
0.203956463817682
0.0546798794310248
0.0216109688806994
-0.00171892110116575
-0.000705979142037415
0.00141195828407803
-0.0576832253934013
-0.00187876762458278
0.00144267244126246
-0.0728792384103036
-0.0363453252004564
0.0209147099888678
-0.0524839375371564
-0.0192958546871946
-0.0362509770784691
0.00153711841193912
-0.0190468427899592
-0.00268244027420417
-0.0621165169782485
-0.0507509578936135
0.0131868136149157
0.0381820471067594
-0.0489067986824686
-0.00237357352344157
-0.0373346140513086
-0.0577396178306379
-0.0183150851672251
0.0542379674620748
-0.0550023945125603
-0.0184035599028544
0.0386602928203016
0.0302249168056223
-0.0195832673520195
0.0108465530177791
0.0362214391281698
-0.00335356544069497
0.071009678101713
-0.0121837954957305
0.0483950293825059
-0.085184043256291
0.0671540923083685
0.0189404780601747
-0.00230515882299413
0.00652783068560016
0.0539637139640732
0.0186712297519811
0.0321746433270403
0.0178096946105888
0.0272068482239822
0.0366040018373757
0.0460011554507692
0.0553983090641627
0.00605737490683823
0.00749947925637906
0.0089415836059199
0.0103836879554607
0.0118257923050016
-0.0238342897754691
-0.0165672890936136
0.0249198288952607
-0.0832135260384876
-0.0314454109027064
-0.0660427325218878
-0.0604936868793414
-0.0769245381630774
-0.0756643222758334
-0.0384214614605515
-0.0342055638143096
-0.103719282952662
-0.0933895507250281
-0.148405188463306
-0.0738947867645626
-0.0921522651403404
-0.073816302774877
-0.0365992571840322
-0.0141922793092618
-0.0209858814009524
-0.0539786180638447
-0.0732125488710015
-0.182610127752245
-0.0457556703443968
-0.0523474423712318
-0.0185958033155561
-0.0551430588305006
-0.019471432965878
-0.03359200556409
-0.0366917238521092
0.0543843349693911
-0.00139049807030278
-4.5842714640303e-05
0.0182797824628155
-0.0182339397481752
0
0.0548398741826021
-0.00202792331334984
0.0900844378972122
0.0547563232469605
0.0187223488485604
0.0141539408370596
0.00156829991275802
0.0910282124266487
0.0216269931888902
-0.0360641396516054
0.0176304078197685
-4.70908814857651e-05
0.018145049475245
0.000721336220630289
0.0552509199472275
0.0555565515663861
0.000705979142038902
0.058401823247983
0.0215163872586068
0.0382519129085562
0.064868852095898
0.0216778937209925
0.0433286133775794
0.0524279905520197
-0.000937880649517951
0.126102237449095
-0.00270601035560446
0.116306234013174
0.116703934884267
0.0226284386647753
0.124298806946678
0.0791393613468209
0.0742924204594262
0.0372976707905271
0.0548983970335353
0.0471798557812241
0.0524688588386436
0.0552930826018012
0.0741912508727603
0.00237880421319669
4.72233200376263e-05
0.0372562342765398
-0.00474065399635572
0.0359605332830241
0.0250748388951774
0.00103532151670272
-0.0232858270273676
0.0458822318726289
0.0250454141120068
0.0179500101568253
0.0410000307811254
0.0144059796556081
0.0180232754815445
0.0734904604202683
0.0185778286051927
0.0911481722976765
0.0177345440085834
0.0729287894462269
0.0382202512418478
0.0538099219930754
0.0564832712828872
0.0919628881438601
0.0184690211771349
0.00138124535310893
-0.00169434994089225
0.0178095590463049
-0.125695061907346
0.113131163049512
0.0066369155948991
-0.0486178779967641
0.0329026562787515
-0.0350877303466519
-0.072084061950231
-0.238450240297442
-0.100770676101198
-0.117617658649573
-0.0943010556639425
-0.0554567487157006
-0.126421748940377
-0.164341705038251
-0.0716154773557051
-0.164884987312779
-0.111159929488333
-0.0362183834071732
-0.0765729679401417
-0.0907059730624226
-0.248871207423313
-0.0753693322706274
-0.00154082713631168
-0.0558777094962991
-0.0876403371191562
-0.126896997578382
-0.0245249049894917
-0.0737497613458402
-0.0189429578294938
-0.0509191731153601
0.00838520682132339
-0.020843944814331
-0.0138729447530908
-0.0180310597509403
0.0187831120215077
-0.0372781026774805
-0.00552536113416188
0.0048786657869499
-0.00477500344927598
0.00230223380590002
-0.0761953096750844
0.0478320925267858
0.0187514660318387
0.020839772033214
-0.013869265726471
0.0146585446095996
0.0957321640705029
-0.0197242844424748
0.0181721064935649
0.0179467020468581
0.0306338397974917
0.00392945170699131
0.0364528682267098
0.0328776296627922
0.00406555482245864
0.0536843027499173
0.0134153628496241
0.00121499907981639
0.0226273834851344
0.0133851531748501
-0.161978072419268
0.177179785447323
0.00451231362341301
0.00296725320892116
0.00296725320892369
-0.00296725320892285
0.0555382261144063
-0.00169537890842794
-0.0160745885630287
0.0128822482183804
-0.0163781478588158
0.0188417691562836
-0.00111573089024281
0.00368346962844077
0.0173024117725113
0.00221008177706497
-0.00073669392568832
-0.00589355140550656
0.0180092496765957
-0.0162557124963631
0.0520174652053466
-0.0569378086518893
0.0723256394466791
-0.0151079125099822
0.0337473510934895
0.0368233322160451
0
0.112079599786573
0.0346786020367342
0.0376570309219308
0.034755211664561
0.0430300832921443
0.0660034644995897
0.108409865186474
0.0627653570789591
0.0669165226609777
0.0714472597588985
0.0181482518097814
0.0193693620586283
0.0366096048741589
0.116843237174954
-0.0637771041924256
0.0809934342647802
-0.0089780947952164
0.118681667190532
-0.000206728057339569
0.0916883858185919
0.201092919389012
0.0743333764630005
0.0172708026501044
0.0551111042168467
0.0357817324016192
0.0560344461737777
0.0017265566913875
-0.00328112271022375
0.0293874983755438
0.0283996133116264
0.0508267677814718
-0.0182853376125202
0.0551027601057502
0.0113510249270256
0.0387192464210458
-0.0478568467973494
-0.0201973321827579
-0.00272154146768172
-0.0574683050712389
-0.0320431372696124
-0.0209277527152322
-0.00276249070622141
-0.0670276479856984
-0.0431804901821981
0.00402088991931347
-0.00104361214662599
-0.0580808556499244
-0.0168640625548293
-0.00113847006460628
0.00565086095464513
-0.128916104845785
-0.00228180391702575
-0.0149273925328378
-0.0291227876771425
0.000243484964183728
0.0541144876491488
-0.0360917781446931
0.0181515884960194
-8.08424942366961e-16
0.0186667929172598
0.00278296572433537
-0.0390191871516808
-0.016648201612844
-0.020198759637575
-0.000737550112526329
-0.0173637378689302
-0.0188075278697093
-0.0179801555737256
-0.0691815421000816
-0.0404640211277536
-0.091788153889983
-0.220362355425407
-0.0902414449804137
-0.0379023450871818
-0.158134292387325
-0.063529277933032
-0.218618859172223
-0.110216021804925
-0.112226575201143
-0.181321649311423
-0.119872245766535
-0.0732480151385152
-0.0918202935704821
-0.0922794238428356
-0.0909839055117447
-0.0919556583281229
-0.0691699770825274
-0.0366803310287481
-0.0185423954763135
-0.169682806246088
0.0246458376170542
8.43344085104144e-16
-0.0407309438690691
0.0391871823824731
-0.0392271322417757
-0.018162362578734
0.00601641816454821
-0.00540771757481474
-8.78266157674506e-16
0.00231759324634656
0.0068606237628999
0.0286692410011322
0.0317402083932627
0.0050563062107783
0.0604556348029508
0.0301998719538127
0.0227082956936948
-0.00408266759331261
0.0384599188735788
0.0492706403292485
0.0366732758825404
0.0211201813211582
0.0902392854689726
0.0782650506956357
-0.0430615669987967
0.105898863340982
0.0384942148071048
0.11217536744304
0.0750670265529176
0.0337585841258115
0.0731098609335002
0.0359132127607037
0.068517421690885
0.0554682225706815
0.0629974577440256
0.053342361004482
0.0963932427120878
0.0554967257728883
0.108120181146895
0.129726970405841
0.037508977623197
0.087998658005
0.0501276455329953
-0.107864174811157
0.130128353723128
0.0480464743740355
-0.00508638469631961
-0.0172225524014526
0.0403306937817107
-0.00136943643328909
0.0164217253736958
0.00402366041130574
0.0129077983869903
-0.0388086117460212
0.0600602744667937
0.018793754899458
-0.017753964143232
0.0129799406718022
0.0598314507396062
0.0355184536975553
0.0158418254667663
0.0364671363073763
0.0580543695250405
-0.023185821325739
0.177966838392255
0.0710971980554106
0.0984287609608678
0.102757784044723
0.0564992758462888
0.0550116310510647
0.0353417975528735
0.0252216721826368
0.0555446769148631
0.0372904964755061
0.0186867859987912
-0.0188973353774658
0.0874151518386558
0.0153949292977507
0.0477937904448865
-0.05674858972193
0.0366941298233242
0.0578108469861226
-0.170526603998391
0.0883443826149929
-0.095810986896765
0.0189905874609433
-0.0581986916042277
0.00690622676554855
-1.53537896682105e-15
0.00201044495965744
-0.0400696429812214
-0.0219538913749439
-0.023261315832309
-0.0327417792731813
-0.0180339414061786
-0.0663983693076269
-0.054475359804748
-0.0366091879398838
-0.0369407209828376
-0.093062135548593
-0.0205148971788261
-0.00541633536970644
-0.0907535449685454
-0.0625592378745597
0.0254492083848174
-0.0347755100875407
-0.0122109204542773
-7.85147081563547e-16
-0.0421504995163645
-0.0530449109971116
-0.0549293154317849
-0.112869244018789
-0.0354646907572193
-0.0538339304859759
-0.0318855505143236
-0.0798225945084416
-0.0525995831929893
-0.0367516218674611
-0.0356795249379631
-0.0758062334476761
-0.0135183143955089
-0.0395465473983338
-0.0210677746040813
-0.221425884850234
0.0628601361785505
-0.0988912219760341
-0.105739408122516
-0.13015480996598
-0.112378232146101
-0.0559315672438252
-0.145080563701722
-0.16590329340518
-0.0744986428705605
-0.0880389210510461
-0.060259322320717
-0.0902386091726077
-0.0331877701423983
-0.100598782482019
-0.0321123080313077
-0.0778196530969047
-0.0147340580142397
-0.0437941927329224
-0.0113911281801984
-0.161603546502565
0.134804040174171
0.00933859296153319
0.021605996743615
-0.0452623598195209
0.0577591481105365
-0.0165011155307522
0.0345137155910586
0.0346077521907424
0.0760267662515807
0.0166228848138259
0.0964278136655005
0.108173374164105
0.0690010741576706
0.0808349910815696
0.123466774636767
0.099071912980889
0.0537367330331023
0.0908771468375936
-0.0427820543626218
0.0183740921175814
0.104557536699231
0.133084834426318
0.0178141236027789
0.0677104527234955
0.0411430354798693
0.0348851460509521
0.0205959934242441
0.0196978119979542
0.0155869126194812
0.0532427182263844
0.0984501098260828
0.0343982040494777
0.10593684348246
0.0923195991859004
0.0437454242781458
0.0697543343491147
0.0712276255464319
0.0668733888761385
0.0574112073570672
0.0240919967529927
0.013647810994099
0.112606670758987
0.0156478063377798
0.0222048815261194
0.0287619567144591
0.0353190319027987
0.0418761070911383
0.048433182279478
0.0598431189922197
0.0549964528207273
-0.00419380788156323
0.0323805816927182
0.0462615952272527
-0.00267052788802886
0.0184855387634692
-0.0180271704089255
0.0189157160284576
-0.000434899589362783
0.00380531844308438
0.00804553647553154
0.0122857545079787
0.0165259725404259
0.0129492367327774
0.0546814636468508
0.0186925586652659
0.0173746395501107
0.0180609551743551
0.000700388331161359
0.00728629516950375
0.0534980862618185
0.0164860252836658
0.0509384251820844
0.0290937237060622
0.0509562556527462
0.0391817582027799
-0.0241117868778673
0.0310834773703094
0.0305738563212454
-0.03817580742557
0.0264886735855564
-0.0115291439483969
-0.000489092209379205
-0.0169935129511202
-0.0382131060203264
-0.05498337272193
-0.0688541106908093
-0.0354009468908478
-0.0734116348035922
-0.0741576047775163
-0.0719832582470142
-0.0946858862163703
-0.0337345883127414
-0.0719084021851074
-0.0362399946176379
-0.0756579058399605
-0.0915012047656305
-0.0768174425254654
-0.050812582366827
-0.0996304758670779
-0.102711086342366
-0.0875972202029617
-0.0454583923315339
-0.0581472416225123
-0.0156452302398338
-0.0336226408497952
-0.00484390209586422
-0.0532808281130449
-0.0540522093909478
-0.0188393635288644
-0.0546483072099219
0.00133005978721408
-0.0755295207324553
-0.110227332574088
-0.126819663716216
-0.135506286759082
-0.124315374495357
-0.0548975535552673
-0.0525315518950731
-0.0452715058007724
-0.21536412551909
-0.156317330696262
-0.0256898986948833
-0.110957173451632
-0.0540975742741745
-0.165888518151006
-0.0610373010152332
-0.056140993519509
-0.109327903005045
-0.0916427666526951
-0.0915769679439087
-0.0657441559752701
-0.039147542074448
-0.0557669505828183
-0.0232894234941245
-0.00887490249245072
-0.0243715063870663
-0.000942469501848461
0.0514304989161623
0.00831797221787776
0.0789608646976451
0.129638123517252
0.0458123665631768
0.0706400925844184
0.0296277847956164
0.0216868724279799
0.0902775463376793
0.0513089518883301
0.100337213369465
0.0901212738634878
0.150541671377699
0.107453777651164
0.0533323742501565
0.116114162441144
0.0863113462610454
0.0583379870513761
0.106067781449044
0.0783115274731147
0.0705432606450974
0.0865565669536706
-0.0429629955419284
0.17309090672272
0.0179286155760286
0.0817468490532352
0.137559962773587
0.0738942122651372
0.0610270123217034
0.0514995023566627
0.0881234007057514
0.111153212637698
0.0860832131848061
0.00418343336537691
0.06160685613552
0.0354429664747177
0.0681864771531652
0.0883598714386965
0.0272956017497711
0.12342457263209
0.0920146374404675
0.0490987764370342
-0.0172654606828704
0.148359032488922
0.0427247158828657
0.0314422371428437
0.0761275891983798
0.0533168018679469
0.018029084064924
0.0926526127522415
0.0876192513005015
0.152550930633442
0.0524712604899621
0.0734761222883585
0.109342275005658
0.0197599489805391
0.0519670275164202
0.0386907474730403
-0.001463149240473
0.00058116430830635
0.0383171428523775
0.0154939981822432
-0.0131058520147694
0.0303372700949256
0.00358108562742669
0.0202763601045494
-0.0737749615749367
0.00330390629957767
-0.0122841004538964
0.012291488029871
-0.0200750975069387
-0.017308712221266
-0.109306103482916
-0.0723070525407133
-0.0401205089493078
-0.00204115610075921
-0.0730410380042257
-0.0563473515247374
-0.0725350197686627
-0.128092419603178
0.000548842214302096
-0.0388778408634201
-0.0472959568379074
-0.0855639772698646
-0.0315474360910652
-0.110311347914424
0.000695741431084564
-0.0734915058937172
-0.109292319478912
-0.000911610455616284
-0.0507139678734739
-0.0721494823064918
-0.0216526287444175
-0.0929163305180235
-0.0741313015787302
-0.146497994897671
-0.0915771054068839
-0.146767962576174
-0.0911798167297671
-0.146443468933294
-0.0186335435513126
-0.0902865964606324
-0.273834686426106
-0.243224908689185
-0.0938230237570906
-0.052506213221365
-0.112348833391988
-0.196379790170784
-0.109729110731089
-0.145925542984709
-0.148644711814046
-0.164267126507303
-0.182633017510443
-0.113440371685272
-0.0940260396406305
-0.0365874631827232
-0.0925631714171742
-0.092721560924415
-0.0337992937446592
-0.0603325491376642
-0.028375095627001
0.0321981303824961
-0.0987398033468394
0.021970045551413
0.00657300820315619
-0.00170480841341204
0.0170953397643813
-4.92017675686943e-05
0.0376475066239608
0.0541283449944586
0.0558840497749065
0.0182178685345974
0.0355888650223986
0.0399415761396561
0.0491691651100058
0.0742420290546175
0.0548904662233751
0.0562416343326285
0.0744131111773481
0.093296846421403
0.089288566998794
-0.00285467500062855
0.0570743302669491
0.199908463761983
0.0923125772016404
0.108238785305618
0.0389119277804577
0.127645945812323
0.168906813655691
0.107634584001207
0.132029893129982
0.0950176427840057
0.124112895311439
0.109972131737089
0.129746595804756
0.108022343980581
0.23715551965626
0.119610848360942
0.0823225971948408
0.0871749660162405
0.11323273052108
0.103732615471445
0.0781013097664974
0.21935404981295
0.0730069169821709
0.0866173416954071
0.0724844235599033
0.0360593978626996
0.076500736257203
0.112219524159696
0.107077076686426
0.0730062520399319
0.107543054048464
0.108994832144589
0.0377821017243317
0.0728180315403339
0.0370089649730504
0.0410191662662426
0.0893530743761578
0.0552033992663527
0.0553505182899454
0.074476495460223
0.14020519162254
0.131946180993067
-0.037927920943981
0.0922042205810921
0.0237858713858001
-0.0366003494967211
0.00444852684441763
-0.00494185399426727
0.125784069934172
-0.00045364603016997
-0.0115834796743058
-0.0243755707944148
-0.0177073947082139
-0.0520599782108022
-0.0737953962691703
-0.0287670582790066
-0.02014408971962
-0.0382207936305518
-0.0211606630460131
-0.129972205130183
-0.00252309690988787
-0.145779790354636
-0.115425421762703
-0.122145165970048
-0.0986451015946544
-0.0878409673700204
-0.109610991839117
-0.0898163600475752
-0.111091127509884
-0.128518795255074
-0.146643782639364
-0.127627694463755
-0.107311708812467
-0.0939679608136829
-0.0705612154581157
-0.129459852673583
-0.203450378984866
-0.16315482915623
-0.0738317020860887
-0.182745689157591
-0.236619413165192
-0.0298209412892802
-0.23318036178886
-0.163621012667168
-0.110864400359664
-0.109483964890046
-0.197096007296271
-0.129132534839956
-0.132085992117659
-0.184943633605939
-0.183728082538443
-0.185913004129545
-0.129459483837709
-0.0881661064592946
-0.128092008305786
-0.164914250944595
-0.131489208298747
-0.126590490263967
-0.0547882168978277
-0.167449479594239
-0.0446128681082867
-0.0835399201993606
-0.0182989758300302
-0.0879969940024379
-0.0233462178581296
-0.00155530194030867
0.00231759324634509
-0.0388075878000618
0.00476432205756478
-0.00460446761179832
0.0458197425597016
0.0330665241102887
0.0484239824412971
0.0472602391990544
0.0896735770209969
0.10953019791496
0.124524512490707
0.128709773539474
0.067977597180008
0.0475330616333463
0.0353817649494348
0.243715694053882
0.134848142371007
0.127266523855147
0.168776354064312
0.126281176336434
0.146303909555242
0.172073418258382
0.104222011310285
0.190001431897837
0.195194703778092
0.11534911919825
0.121242055777122
0.152452684368144
0.102843536212408
0.115410690231906
0.198393141095581
0.23596782080614
0.0987085635699109
0.0349042588895989
0.0786058683824004
0.211216235214634
0.159776554366467
0.0798091840077131
0.16383730333495
0.109938663371383
0.0433227603743523
0.102510122340889
0.109103590835547
0.146344393637456
0.165329986736316
0.130743673912112
0.0728424151289378
0.0320962579603074
0.134143172207207
0.0911339284620594
0.238715324217298
0.163549135179153
0.120154736473451
0.0470547549893463
0.0609152452805817
0.0993820259366048
0.127159604529968
0.126285678098599
0.10892445069867
0.0375282597275413
0.0945922548735876
0.0411116946575823
-0.0228522299605255
0.0572540789935592
-0.0373953177885179
-0.0368612734745214
-0.0495233043929502
-0.0548847075470127
-0.0725028502017213
-0.0166588843071813
-0.113772759589169
-0.112128483284175
-0.0951751051890261
-0.0322379578861553
-0.264375877503725
-0.0100892260663782
-0.126274475428634
-0.0734715396885613
-0.185524387889487
-0.0930740523534264
-0.150995293470377
-0.128733826638752
-0.126442971134136
-0.139273836846449
-0.0586656772976205
-0.167764376144355
-0.0903984537858067
-0.167566398038271
-0.181714338223257
-0.0724381551741565
-0.111507461935651
-0.110049358848656
-0.147633056261366
-0.252613418027022
-0.145469807211184
-0.104895681975061
-0.102016083285057
-0.307941080330511
-0.258225770603621
-0.130049081135096
-0.184367098374928
-0.201969623854472
-0.218228750343862
-0.150639067521443
-0.23933795429516
-0.144822425957702
-0.167680603829965
-0.194982750596528
-0.318706371553408
-0.144798195295363
-0.123054802843736
-0.147864938663232
-0.173723528713143
-0.205110619938521
-0.0952488428925918
-0.0285699471664856
-0.0560340970684198
-0.0526040199945101
-0.0546063091021451
-0.0360099788794549
0.00203767428748566
-0.019733449621367
-0.014363124598195
0.0334156118430169
0.0880505483038174
0.0841300004759014
0.132915752394446
0.0607174897935174
0.0511641834294457
0.119730089899755
0.113199169633893
0.0689634390673172
0.073187374010024
0.183773517205683
0.150061661692764
0.0862593288061016
0.14537963639662
0.0920342117372487
0.127306671790771
0.125470630509715
0.104990773666074
0.115083019061877
0.209801559228379
0.0298192885648189
0.186649910598428
0.177975399241008
0.150159127267337
0.217845833847473
0.204981618488192
0.168334123553994
0.107088257938861
0.0909614045581222
0.202660373069369
0.290052904883637
0.117879213349751
0.0988348788985789
0.222768767859746
0.183718570788736
0.16361347583556
0.164069010076865
0.130326893008136
0.218709854478525
0.233750701375234
0.169958275404117
0.0929711041837715
0.128565928597541
0.109464215328183
0.254985616862243
0.222570649425726
0.0186567226477302
0.127141007359558
0.107853411480498
0.109236023867053
0.129562078732251
0.103700519609053
0.152005214794596
0.0796508351210858
0.0147183162727701
0.0331352810784
0.0557027416120951
0.0417297483993674
0.0110079298460741
0.0591746891875417
-0.0359316608015835
0.0538327612208503
-0.0585206844044499
-0.0299300354337733
0.000526637657048506
-0.0570433516403063
-0.0783081610837177
-0.0312445124012942
-0.127992047725034
-0.0890960261438388
-0.112662902976378
-0.0751017156746511
-0.0760092534906228
-0.139129412582279
-0.076114158912287
-0.112134490093508
-0.0961506172156482
-0.123589366723439
-0.0926600627039678
-0.127943869182049
-0.16694349006793
-0.183427591446892
-0.106516825167189
-0.149888497507534
-0.126528933272954
-0.127796227697012
-0.239397532396942
-0.177688051917546
-0.206935548276412
-0.109055642827843
-0.254528859898535
-0.291100102939489
-0.134154527014528
-0.128666655933203
-0.330922002519574
-0.273985576429101
-0.13218855841944
-0.14666698564638
-0.161145412873319
-0.175623840100258
-0.190102267327198
-0.204580694554137
-0.206563977833273
-0.202919509106798
-0.199275040380322
-0.195630571653847
-0.191986102927371
-0.188341634200896
-0.140334468274425
-0.13259693511609
-0.1270251806542
-0.0885329295792571
-0.142718106713368
-0.0708273719709261
-0.0365817621572788
-0.0331897940980685
-0.0297978260388583
-0.0264058579796481
-0.0230138899204379
-0.0196219218612276
0.0219319412188979
0.0519464628500017
0.0387918847036714
0.05831441934562
0.00540771757480859
0.0638875940413293
0.132877367026344
0.140576879323893
0.157723885885393
0.174870892446894
0.192017899008394
0.209164905569894
0.226311912131395
0.195697797902633
0.16508368367387
0.134469569445108
0.103855455216346
0.0732413409875836
0.18255292316821
0.111992161878112
0.220678764575432
0.20427249908632
0.182472729968619
0.165100450922973
0.124371887601239
0.243738314110992
0.311460061153747
0.164549096914777
0.164370761609461
0.233280620231367
0.348062692405743
0.0885254223818831
0.26004222317536
0.220056894671022
0.153852978794429
0.217647126544092
0.182290714539134
0.256395927207085
0.108016713088984
0.186540646985238
0.09009741981983
0.253799944767007
0.18584176790524
0.164303642025543
0.111498637142195
0.0893824876890853
0.146374415861133
0.127922882150843
0.108114430932515
0.102135094309827
0.156192901056835
0.0193019439604654
0.0422227286487702
0.0692963360615184
0.0357484095937622
0.0753682115204769
0.0626398150051022
0.100699002301133
-0.0133069006442201
0.0891477015039655
0.0398500028175664
-0.0178664758016963
-0.000638411556437327
0.00187471957809584
-0.0372348763851653
-0.00204115610075929
-0.0369989569453648
-0.0558644034300655
-0.0719431780490487
-0.0755373080804054
-0.0591213248460218
-0.149764120824102
-0.0827739882692339
-0.0919353585031334
-0.108515838324007
-0.164871238089155
-0.150434090762539
-0.242979066854384
-0.107238409139031
-0.202050692551587
-0.165152525910845
-0.142986635642396
-0.222069832505326
-0.235103300431712
-0.0913287458894171
-0.24218730063484
-0.310535414314872
-0.15925695651791
-0.166158292551366
-0.371507904880544
-0.257866654122072
-0.233548403849411
-0.178270326493633
-0.320673621057465
-0.109797999046932
-0.217465289263504
-0.241536170678419
-0.242722546751285
-0.215705727427395
-0.21810781987325
-0.166020200682183
-0.207202930172902
-0.220616347221954
-0.218616156605771
-0.196331106572903
-0.207501348370168
-0.165360908993848
-0.159459171493324
-0.150740636201514
-0.221764500400418
-0.0430932446592607
-0.18694995474282
0.00488817603653939
-0.0496017369045691
-0.052012831980615
-0.0200812537566065
-0.106767205256057
0.000489761492834589
0.00302868745341228
0.0330172349215522
-0.00394714789610408
0.0340460138965537
0.056314674981371
0.078118102139216
0.052059811074778
0.00211646198550001
0.128588371890376
0.0729098652726201
0.0755892034164087
0.181788968959276
0.221201097157698
0.0891689180178473
0.12945187726791
0.106597066166402
0.121919409995873
0.249182631715859
0.160256330744465
0.163967855921131
0.185442107095199
0.165750010782904
0.16054230623358
0.242469645811562
0.239368043831663
0.147350233133438
0.162404146019915
0.260387920178046
0.270445941025622
0.164606945003537
0.180417787147869
0.257132157767208
0.245046649665177
0.0772767241061288
0.19259589161549
0.295930782879975
0.219792171316305
0.126268943074612
0.219709564000849
0.275968784150436
0.182850502391687
0.0886703817293735
0.165262194835981
0.30986613952891
0.240427757318963
0.0551402621749923
0.187916130259956
0.126013868512193
0.255611477341478
0.185180643702537
0.0586208892521285
0.0364178220921865
0.130345784604219
0.0871822406128874
0.0922466956908786
0.127031788453327
0.184405972085291
0.054003942104628
0.0394731801085285
0.0346027737175531
0.0363831849498817
0.0393014647494364
0.000690622676553995
-0.038776563141626
0.00138124535310799
-0.02013059318953
-0.128580186648369
-0.0351436637188534
-0.071641957931134
-0.0381795659693194
-0.0902316131336238
-0.0539725113016708
-0.0986856999249753
-0.110691999439899
-0.236748378206716
-0.0746014294710021
-0.181678121547936
-0.127281745665769
-0.186226664911569
-0.1993651254357
-0.199891904911129
-0.164717647350389
-0.0855741807284142
-0.281017552509867
-0.235646483691883
-0.20527587670152
-0.13960178883677
-0.372640246871621
-0.23729139231095
-0.112138135701827
-0.362593621302422
-0.236237700678795
-0.219220841776594
-0.305954055951485
-0.195140698280617
-0.168656720332648
-0.30496022769861
-0.150489746697276
-0.201981964403132
-0.292759365481503
-0.235969557648498
-0.243901842734783
-0.207253267863223
-0.213548687387817
-0.2167086933048
-0.185830598615528
-0.175007482344833
-0.0909291862817332
-0.251026740672367
-0.146780143981309
-0.183439571976937
-0.11189566689223
-0.0354989874042953
-0.0846508401011427
-0.00965175836522176
-0.0937238761219791
-0.00967139712463418
-0.0230296411068609
-0.0372039886607525
0.0186043862545544
0.0225182409207672
-0.00630020460913807
0.0162215239071151
0.0422650532206816
0.0550128503524339
0.128101666884896
0.0733023807096386
0.0938201622791442
0.0753485075189826
0.162542574856629
0.129826946219804
0.109843438798887
0.0495915309534196
0.0576040399596186
0.262150116434691
0.158860672847381
0.147546877402212
0.203622060854786
0.185502519606204
0.139082447597071
0.149605384893077
0.111565589893182
0.253010748568795
0.237667334654937
0.117592694578679
0.142520253144626
0.258904606365737
0.128364381635478
0.182196750392193
0.183618635726021
0.146250964061781
0.274393963112655
0.230027485373765
0.100807750049532
0.1477239947692
0.327975030228965
0.2158217640072
0.127963804951447
0.272964376170425
0.277103461085575
0.183085063083305
0.0787087119002041
0.190261836990311
0.326886072806466
0.182703932342193
0.106675481675034
0.152395413802706
0.148977045560576
0.216541943188715
0.142575272181759
0.0731861419131337
0.124245996198395
0.0537251778943732
0.0946949577599866
0.041620556504095
0.08525497266861
0.0745553624551373
0.0420039321511651
0.0202821352161611
-0.0202389154456633
-0.00171236669387718
0.00163691974358417
-0.0013812453531076
0.0215018218174991
-0.0306462900291649
-0.0249708867899298
-0.0188018405895503
-0.0173609226558668
-0.0387770094104113
-0.127670226923896
-0.0750338060453379
-0.0744025244666356
-0.146274985563383
-0.112712622990353
-0.0752075916046943
-0.0711662895337175
-0.0728886324948658
-0.125679318349898
-0.185330157790341
-0.253799673247905
-0.111963803678153
-0.127486980256285
-0.145788610077585
-0.294628571493008
-0.255219466293974
-0.14254618123945
-0.240433890333725
-0.331193273107638
-0.147268852875504
-0.276533574470963
-0.270373245774241
-0.185990153937673
-0.390327479798999
-0.169538238734906
-0.157139755142481
-0.366907749391875
-0.239944715596208
-0.242076898037022
-0.217898613637014
-0.275496753968329
-0.164576205956092
-0.185832615431707
-0.147373440454995
-0.162451362456408
-0.202570757234549
-0.224010560488341
-0.128330076767669
-0.0719348019613751
-0.0681436323094309
-0.0686722217304623
-0.115416840682831
-0.109505899171638
-0.057530377146301
-0.100472590825418
-0.032002748362207
-0.0154198699218463
-0.0127398026012694
-0.000976241871420773
-0.00281797535967229
0.0727947166778743
-0.0318288122049075
0.0536193575656684
0.0554122729585356
0.0524462497777263
0.0580330711345434
0.0725917763295468
0.0760739722968277
0.0668251345786968
0.0495164651755745
0.119107763765747
0.0516292372424585
0.128682174787716
0.0600388039397053
0.215071720351967
-0.00111884058198082
0.163606680628369
0.147577396334165
0.204491085197997
0.108945433172334
0.144039057626045
0.114745977172997
0.219749186437438
0.144651055188648
0.187305092283272
0.124290917918149
0.221116060130308
0.223738459360442
0.197356564846108
0.182702836846364
0.138270502219616
0.195071040991856
0.313423149346111
0.0939949047216165
0.0799609933197783
0.366156701064219
0.261956633117937
0.0924019813115206
0.166520357525427
0.201427073082448
0.268656566834565
0.0994321343358372
0.128534132694199
0.14863774934382
0.227621598600801
0.2487098639763
0.0861314578969125
0.0927823745408449
0.126545113059816
0.0723444271613586
0.0917851617887216
0.164958993875027
0.0548281994876387
0.0170509504351408
0.131794804117612
0.0915204887526014
0.0165982471755333
0.0212295769746277
0.0366292203574085
0.0560575164579014
0.0352819353672247
-0.019336835012539
-0.00379028089888061
-0.00267794422566668
-0.0264843011770199
0.0346769903267353
-0.0375956894323771
-0.0343841068626429
-0.0581894802386741
-0.0590108696369346
-0.0955605506915243
-0.0868806817345458
-0.0367701860020754
-0.128997118763877
-0.0229818451696947
-0.117647163094291
-0.108879715897877
-0.237947154624931
-0.129406872426669
-0.184681711673776
-0.11064741832074
-0.252438834361572
-0.259274242942573
-0.149617184618875
-0.307757526667513
-0.16933854373724
-0.182187210872366
-0.242593229486917
-0.247970211773425
-0.165098925948245
-0.202772960684773
-0.345949793389041
-0.211443016734678
-0.184167555695295
-0.394153254786444
-0.15718833067174
-0.158715893763602
-0.149394106780195
-0.151542078437734
-0.167568464591931
-0.16138809946219
-0.192238320467736
-0.1492909900433
-0.0948639353932233
-0.0933179794382963
-0.0224230412981266
-0.067768336906217
-0.0740470507289306
-0.0718746964713347
-0.0734597867540902
-0.0919245023687583
-0.0886368607467471
-0.0186475463206199
-0.0758550659452186
-0.057284425160909
0.0791282793868268
-0.0416429235536446
-0.0531802363700688
0.000917916426761715
-0.0189926937696593
0.000487782766059584
-0.00203330371472197
-0.00742208954861727
0.00920893522358279
-1.73325026755654e-15
0.0346387902038954
0.016955594207287
0.047239703421923
0.0217698033807993
0.111643430160086
0.0211285624162015
0.0553335970591709
0.0586473655887376
0.0860418287614115
0.0538878231460582
0.233830165830542
0.111497692436619
0.130880568543863
0.0698219246507419
0.13605393925405
0.133112260821781
0.234014231816415
0.160937102121248
0.128970852084011
0.147328839735265
0.169172261766311
0.179840428794623
0.238573758689042
0.147315415928795
0.0723256394466817
0.184578182285214
0.254721965397547
0.240650523654123
0.0584933288384891
0.102786872223768
0.153589651537762
0.236585260277689
0.201618834321735
0.107467074622424
0.0563333661955766
0.128074902747631
0.20447066789275
0.145138699997433
0.182199107491533
0.0742502144198143
0.112695697122934
0.0159479414874292
0.186943710022602
0.126287691270623
0.126082740869865
0.132621342102082
0.0711735526437776
0.0913750764491361
0.099679596873374
0.0620488892123255
0.142957452911493
0.11568128651697
0.0337758182026104
0.0538345262650757
0.0363252139237611
0.0348510588128294
0.0370037051050138
0
0.037475363437501
0.000560688202195969
-0.0171169234036664
-0.0402681202926945
-0.0158722202893001
-0.0553175948307183
-0.0783523158360555
-0.12883371891426
-0.0109269759901827
-0.0545816208825975
-0.236594699063466
-0.208298897268276
-0.120489757717038
-0.0424928669308121
-0.116496314355002
-0.171327040338646
-0.218006659013733
-0.223686913637406
-0.0566188363796164
-0.165531410579687
-0.257347749629852
-0.184663413855954
-0.198900982385915
-0.0979453048369234
-0.198819488618007
-0.256221744268096
-0.258960373017644
-0.0675844972510757
-0.0637040343117598
-0.124432098908157
-0.258846317775383
-0.217651727790773
-0.0947257633945015
-0.0459209293401587
-0.073587043616458
-0.0982411043467908
-0.141791621078819
-0.161858698757379
-0.18528047907607
-0.0360544043671375
-0.0731110169696043
-0.111266935536879
-0.075569688997926
-0.143951816054735
-0.111363276996787
-0.0923974225414695
-0.147456278796298
-0.0672555662428187
-0.0957608374905003
-0.114570668518804
-0.0228438272552196
-0.0832529827126087
-0.131096109521311
-0.0887402692401389
-0.0228569275949124
-0.0540684188803527
-0.0566659149364534
0.00587123622407149
-0.0614061451647825
-0.0158689395133445
0.0230733210685876
0.0315768215895353
0.00296725320891562
0.015756906817581
0.0525107949228271
0.0164163327855379
0.0420588416967234
0.0534239651328104
0.0551938398681
0.0368645958789148
0.0484030140629429
0.044600442562846
0.21380196267269
0.14835928621999
0.0920093766506214
0.0930714098070179
0.0736558705198736
0.110333323532308
0.163519612733248
0.164359941301269
0.148277723543823
0.128505562096174
0.0741171024339715
0.146812030181624
0.126820928298824
0.293551384966708
0.0920994050437444
0.128827070307407
0.0563114410084841
0.129015846494218
0.150185528170507
0.186678343020304
0.206044811101795
0.128649689654159
0.0985312528244769
0.12739715506612
0.183313246691943
0.216478964814384
0.149814805313785
0.112107052288605
0.24135001513063
0.144811713564823
0.142763541858123
0.148975345504857
0.0915591993231148
0.18107943927259
0.142487620159177
0.11152138834662
0.129059589307404
0.124300529717181
0.165682752280171
0.132033519957457
0.0530320993569233
0.108597271869134
0.0413630650736574
-0.0240822242438578
0.0556803211735379
0.00469197485137737
0.0395932285564499
-0.0069574143108262
-0.00423261891869213
-0.0677203638165542
-0.052611827953098
-0.0351857821024203
-0.0570023656817084
-0.052646772925717
-0.145032839525186
-0.0716968692343491
-0.128931817838943
-0.134133921039726
-0.102373207714771
-0.0683840069733346
-0.0509272591773427
-0.0923016017217362
-0.155924070176788
-0.222632175413381
-0.16432491649741
-0.0949559484320597
-0.0744077301625868
-0.0398487757568707
-0.0779213137990003
-0.179004266253986
-0.180706019308814
-0.147499175909014
-0.0734383156994626
-0.0529180373996205
-0.0474195012974758
-0.0541443518411821
-0.150322093214093
-0.0779784243018722
-0.192804035158416
-0.178578215425524
-0.047453310133979
-0.0593906196411416
-0.119568794003896
-0.168256431966919
-0.150549364688492
-0.131601998472225
-0.125605392145653
-0.161861075397141
-0.170500633574159
-0.145581350655195
-0.107936408301189
-0.133742632434386
-0.144396179536119
-0.163195637150032
-0.153120843297564
-0.0713180818061537
-0.0917943521685701
-0.0553321014829895
-0.13821789564527
0.0460012223341619
-0.109486577083854
-0.0683624039402304
-0.0409949752377193
-0.0506734563706256
-0.0240316060928496
-0.0527916738777692
-0.0200046195950359
0.0414153211832258
-0.060833927475032
-0.0536734068511693
-0.0333182068837563
0.0342846816258124
-0.000962003539560866
0.0386884563550761
0.0343010371538487
-0.018204711235473
0.0351035834328977
0.0419368094034759
0.0142325897690098
0.0737001078461993
0.118665443319931
0.0719605816052429
0.0746224940136084
0.0152479815495196
0.0602336871089371
0.0435563457397642
0.0268489121995655
0.0727030488307913
0.0737585326667177
0.203271738162785
0.125176698574166
0.143522527258389
0.147775749969707
0.075882689243005
0.0505431366485556
0.238843078926849
0.216952342707026
0.129730883383987
0.171844085109352
0.101943486767833
0.237707035971277
0.166238282222193
0.217604608016748
0.111368771294488
0.129327580360234
0.20727128383746
0.158278409665208
0.184099492232315
0.136913978270614
0.212810797632265
0.0899940564080697
0.168292087682328
0.110488370587755
0.1807631744369
0.11244018245059
0.126207102789791
0.0383767968344949
0.0561422835183717
-0.0157310209009855
0.0482273234246767
0.0554532848964689
0.0197640891089205
0.0367355484791367
0.0186030172284545
0.0372685221036944
0.00092178757140233
0.0352038678653544
-0.000899855551742125
4.47435023634423e-05
-0.0174907584435185
-0.0188246567657646
-0.0193518435117269
-0.0489267418293253
-0.0368748207349981
-0.0247239041096182
-0.00470079776345741
-0.0679311599922405
-0.0134716033589422
-0.0301790779226541
-0.0121588187711258
0
-0.0580049738946397
-0.0154505541109678
-0.0738885856683424
-0.0278657956376887
-0.0768572600614996
-0.131459338878955
-0.0697732361545905
-0.114228569159739
-0.0987798184432737
-0.0911778577439724
-0.0518664274614755
-0.101986361029281
-0.133898597663199
-0.142501467923668
-0.164729876813139
-0.16456176243894
-0.111671915956585
-0.162949253343941
-0.227263586970495
-0.146444232818119
-0.128094326765019
-0.0724668057107195
-0.216160850818802
-0.153490010891879
-0.12288816128964
-0.0914939130295151
-0.186201047811234
-0.162309744619759
-0.129300056391532
-0.0813968926523285
-0.125621854962977
-0.0747125907061122
-0.0713130837586993
-0.112904110028372
-0.13948741123459
-0.131548587685288
-0.108070530309605
-0.162121567489709
-0.010366096686047
-0.0293170405816259
-0.0722651100176866
-0.0606818623328315
-0.110223255665475
-0.0565230982168776
-0.091074240577424
-0.0755568868129428
-0.0295455156464586
-0.0934754314734167
-0.0376216760570341
0.0351486967781852
-0.0728300103897139
-0.0373813808677948
-0.0201038349249467
0.00695741431082146
0.0340177389375339
-0.0200775623927813
0.0363843617225301
0.0638317424424732
0.0226791197168621
-0.0159319671088568
0.14859923305782
0.094199057734038
0.0901952688436361
0.0965837371827416
0.107718009578586
0.0874582110224579
0.0932659025511895
0.152342693913339
0.164393189798561
0.144221129860582
0.127031147920617
0.161613314587375
0.09736356323459
0.254878483546494
0.163443933937963
0.107734083789004
0.16430522719205
0.317449407354394
0.0866791694817863
0.183352176170235
0.110084935889191
0.219519546403716
0.206129990724069
0.108596641249686
0.0743746079364549
0.0353949654291856
0.148513517135449
0.145664416291641
0.219952940405798
0.0547064750407913
0.0537677526991655
0.0908726386176003
0.0540523860454809
0.020294842138576
0.0588309647537994
0.0551395017720115
0.0531106739036609
0.0998988230878128
0.0775214558956032
0.107411299878003
0.127522511115318
0.0613231901182705
0.0186495621868558
0.0121033917626034
0.0179178095234399
0.0548000311999576
0.0272811009932277
0.0178940441507564
0.0721726601511026
0.0408572523193838
0.0378545507134795
0.0334428275646697
0.0536954032908233
0.068565907831681
0.0375567558150273
-0.0163650212958168
-0.0774235658254089
-0.0823811739889369
0.00484024410939882
0.0218117167835358
-0.0786229758162445
-0.0508495286679467
-0.0483618641472625
-0.0723707294034413
-0.146219422384079
-0.0730704994855068
-0.18243544584786
-0.146071451553668
-0.131690886827756
-0.109984930546927
-0.0887648541245797
-0.206970103271825
-0.148747786007833
-0.121635344901604
-0.0973405009936387
-0.275730563404156
-0.0903357509897213
-0.146161196684929
-0.102978699184822
-0.0486685033252026
-0.110829468665014
-0.18364426889479
-0.164754986113711
-0.14605906620562
-0.0715074405374927
-0.162081507930016
-0.132813348257955
-0.148808344113219
-0.158370296732593
-0.165460237347521
-0.110692766484904
-0.0564987941112632
-0.168112423584597
-0.0728437705483894
-0.256754334043618
-0.128606017948696
-0.108561334389416
-0.0873756773008717
-0.0463066385095078
-0.0850654910588829
-0.184481363359933
-0.147496818428919
-0.112850138707036
-0.0339482239897497
-0.0491393457404309
-0.0793528248097432
-0.0200959348886644
-0.0178448830663267
-0.0320960183796503
-0.00323748726952652
0.0177173856478272
0.0175299201772389
0.00536168674757332
0.0312098710999636
0.0221545650409326
0.0550614351790505
0.0553549498294056
0.143116812619176
0.00463602239351468
0.183400771531425
0.127732860636907
0.0709081044154782
0.105886945614206
0.0906987267693346
0.205711916497729
0.20094908383148
0.0913862529462357
0.166390556737129
0.150048035484737
0.232923872036101
0.074446940765117
0.0940535151470034
0.128414617044088
0.091307499516698
0.167946785744545
0.165038428939568
0.145129500636739
-0.0908630985061392
0.24361609692162
0.0841987880194244
0.0538565784097938
0.147188141641616
0.130274509478742
0.0515946957290611
0.169426551409459
0.0604701199844796
0.13080700456554
0.0460907376273137
0.0848317745683261
0.0751970981928803
0.144820780819676
0.106128589632065
0.113745915894555
0.0886247932204585
0.0772227804392901
0.0559669232606557
0.0563776545144641
0.203971483286508
0.0994376883991521
0.224125830971792
0.0723201727976271
0.076299970535755
0.0454652369578841
0.084489208887044
-0.00475011134019979
0.108640580984901
0.0543084047241853
0.0905488219246836
0.0562817641271037
0.00386265541057208
-0.0383095800804722
-0.0367163622953242
-0.0181243031318784
-0.0355406509639998
-0.0536271279704219
-0.0374862260785969
-0.0747659369185887
-0.115619706069326
-0.052531871129687
-0.0579531285719938
-0.10547064236924
-0.0929612344351838
-0.089780584782575
-0.0753549377926191
-0.0551491180488443
-0.071520132011447
-0.0884075224352075
-0.115014771207482
-0.202116256391238
-0.048902301966629
-0.0987071446528652
-0.125224276522818
-0.0367369973108354
-0.163979482166402
-0.117240916129534
-0.140709943560184
-0.217316077050622
-0.0929670830758477
-0.0467320063298984
-0.140843861758229
-0.201128979210672
-0.148993539319076
-0.160132075102895
-0.122774327803971
-0.077222813166347
-0.114412068955849
-0.194957042018656
-0.239371333050028
-0.13314284396655
-0.0723820589709368
-0.0691210826439095
-0.167157401570608
-0.255642273218939
-0.128464698161433
-0.0911668363339088
-0.0777111794104137
-0.0945253422236442
-0.191086006435204
-0.0650308269457169
0.0725666610258348
-0.0945372173957684
-0.0357035323935365
-0.0138181739524256
-0.00225842942550208
-0.0357251854278536
0.0589238866590227
-0.0227926113383966
0.0200882058719934
0.034622585711809
0.0157695387922353
0.0376502519819548
0.12757596320359
0.0015255112837652
0.108451242574649
0.03739978097414
0.0921689650753957
0.130165195776854
-0.0124230395530031
0.188221155314195
0.0402229900915417
0.0320076111699528
0.0781060611014182
0.0542575298501565
0.0599292536648842
0.0717801596117843
0.0909773050501927
0.0734026568454783
0.0393195327447141
0.0135003642803506
-0.000477478083655225
0.141117382469792
0.15384746556897
0.0569418849847554
0.0540093564813437
0.0486670133900136
0.149451979343462
0.0265719302749245
0.0690720345287288
0.172493726412462
0.184305910598477
0.0366967059775528
0.0623905496265382
0.136905252528613
0.1723406375316
0.233248726147164
0.133829772507765
0.0897875889142913
0.0719254638230371
0.133496398391534
0.250545789743518
0.163293798865067
0.111061331148762
0.0384039985880064
0.110856536611654
0.143922880590163
0.0710587941336002
0.113963946345455
0.0227693289912933
0.104895803789788
0.00346949115871247
0.036032010019315
0.0545469245334315
-0.0226887100893085
0.0410915979748307
-0.039509363399753
-0.0188554905641866
-0.037498324151483
-0.0393918179183654
0.00154506216422636
0.000485690106830244
-0.0353063440722872
-3.08477205808593e-05
-0.0172953859110215
-0.0183853987915187
-0.00538993324361863
-0.0366332972137514
-0.0314904888056266
-0.0679114060747607
0.00906082481595751
-0.112726042427929
-0.0322506803419205
-0.0552501229859621
-0.0740446241210198
-0.0179577362174684
-0.111426270916862
-0.132185205673695
-0.08649887125468
-0.0738053102603197
-0.0920995090728432
-0.0206979826078345
-0.0364746264778363
-0.165138661996967
-0.184699416812481
-0.123449482350092
-0.11026989736657
-0.0729859260329659
-0.0555570273535958
-0.23237242267949
-0.0425044701057488
-0.257076700356516
-0.0918069962272344
-0.113065932783645
-0.0469102200220038
-0.0405747916824549
-0.0883962330774148
-0.0921539849567014
-0.224080539169716
-0.130264246343087
-0.0493513126121424
-0.0568001171959533
-0.0374231367738939
-0.0379075420344871
-0.00204115610075415
-0.0359610664692589
-0.0358853849106668
-0.0215484405476803
-0.0193491742642721
-0.0402179598747324
-0.0675060744872014
0.0324141402395439
0.0207901922419534
-0.0209916634215056
0.0243390432615642
0.0166205998471302
-0.0518882736551881
-0.000315341810230694
-0.0190530036179388
-0.000841043882176071
0.0533158317895902
-0.0498053908262572
-0.00412727921400124
-0.0164636083732526
-0.0372808866536805
-0.0188075278697097
-0.0222103942736898
-0.0121681537813123
-0.000736559583188987
-0.0340128135223892
0.0210494992333759
-0.0114577949947529
-0.00147338785137087
0.0014631492404691
0.0355749432621373
0.0477341377233344
-0.0101594570091903
0.0705482265455452
0.0875881468362096
0.153148173213667
0.144258230501145
0.0804266157038481
0.0791214860610832
0.0149051636924996
0.0525667017884779
0.113645771243353
0.120719237484526
0.168557489042958
0.199839403618265
0.012953541691704
0.072477136277625
0.150891437928184
0.0680643417856834
0.111513126856246
0.0967812293014427
0.0873784301812923
0.0760755799714822
0.050755161827528
0.0537427703544469
0.0917228838035417
0.093664615883826
0.0400365364996198
0.0896036331789048
0.0345228065184081
0.072537503006277
0.0169478624294582
0.0425984952788504
0.014369902735858
0.0581279931764154
-0.0136552762820418
0.00882522958925528
0.135127445013069
0.0280034125801219
0.0261218188256866
0.0711501364837159
-0.00373466375178398
0.0236477268973641
0.036344728975129
-0.0539628908427395
0.000726455385380699
0.0131835063819716
0.0367199615491085
0.00228990213858665
0.014499477312798
-0.0591675551081059
0.0089018319574003
0.0153321577584212
-0.00120059302692617
0.000270625071944704
-0.107887978834292
-0.0397205163637209
-0.00142226151676738
-0.0181084245183704
-0.0180182206602465
0.00168206460658781
-0.00487019001757118
-0.0543235337736433
-0.0565610010284271
-0.0173902224594865
-0.0556730079984779
-0.0684017204925139
-0.0342136139411116
-0.0529490392627504
-0.03576605943245
-0.0916921396562241
-0.0404468647822784
-0.0547165727047333
-0.0372762425203297
-0.0701480596621169
0.0177749196516525
-0.0646595230486686
-0.0690522995109585
-0.00194194469365548
-0.0314660009062918
-0.09338351844394
-0.0929176870513361
-0.0585067813558926
-0.0360994258409319
-0.055771627763076
-0.0900849842541528
-0.0556810711694596
-0.0333704233326922
-0.023438323953272
-0.105690088825653
-0.0913560033142128
-0.0704910034462408
-0.13165879894114
-0.0177622390560847
-0.0938754989579268
-0.0876251674871417
-0.159127422813171
-0.00943706979208484
-0.0952072093172742
-0.0909356263851506
-0.0746386216923628
-0.09336153138242
-0.0895947987298015
-0.130220041778585
-0.106308352594992
-0.0177059167468603
-0.0177664459920765
-0.00451231362339954
-0.0503904986024914
0.0180496896085054
0.0127139101073069
0.0047180868309637
0.0354044408748855
-0.034786074934239
0.000639509390524174
-0.0622413971596876
0.0882606561600202
0.0368850505595407
0.058029755065044
0.0210867504921734
-0.014759791230867
0.0680289668334272
0.0545546439140684
0.0731707577877787
0.0738170587544482
0.069879352670376
0.0395906588739263
0.0399245939209113
0.0698241708792767
0.0593834588940392
0.0851633862085435
0.0752378549454392
0.125457785141366
0.0161967875743028
0.0791440621790398
-0.00665388068493471
0.0332299961764772
0.11253438728291
0.013610972215311
0.0475492363151297
0.108163913160802
0.0711945541684763
0.09507108340977
0.0882190026822975
0.014448262119482
0.0403534849946818
0.0903482441725992
0.0941817802900945
0.0526044365296305
0.018722348848559
0.0543540341297034
0.0616246837728535
0.0757506348270792
0.0715519808220928
0.0713137591666199
0.100073595753763
0.12783511323031
0.105955809880635
0.0725898725846582
0.0736345609641341
0.00834889717297588
0.073240633916831
0.0341395962252048
0.103880091878485
0.0402017071394685
0.0678781321932304
0.116814960378931
0.0924785858850476
0.0177255117974888
0.0416052300778124
0.0182109895408156
0.0370454663468227
0.00222213791346372
-0.0544122671834422
0.12189529543876
-0.0785607563598538
0.0703665486029433
0.025271499683455
0.000694661579234336
-0.0408675178492054
-0.0192407688110634
0.00342751994331093
-0.0210557826158454
-0.0475330141928404
-0.0405649927866301
-0.0539883351869416
-0.0208283957763685
-0.0389751986538224
-0.0136860604325607
-0.11268608860526
-0.0735506242758284
-0.162395145632745
-0.0572889392881516
-0.0910664870082999
-0.126696863505405
0.0366977161393083
-0.177649568454314
-0.0451790175759167
-0.0358720340212213
-0.0441797428758373
-0.131002136841718
-0.127062233814591
-0.216764670841233
-0.110638714442927
-0.091360053638265
-0.0924126780147282
-0.0359444325257062
-0.058287683204921
-0.0543624818914224
-0.1927650774353
-0.166055670968422
-0.0909019115757876
-0.0381067266880121
-0.122097752684213
-0.0397742433724504
-0.123457153373106
0.0450335244092671
-0.0653469584650032
-0.162907716862532
-0.102471618627076
-0.114910602118262
-0.033599094978841
-0.0776370428027587
-0.0425023491429184
-0.0110679918131573
-0.0180746192768952
-0.0587705164148435
-0.055372437472193
-0.0221028718340912
-0.0721733821851121
0.000739928516772679
-0.0210935768439365
0.0376594035574921
0.0377904223571936
0.0172065307671261
-0.00863977032450864
0.0803978602782551
0.020586198075432
0.0369701207802867
-0.0188344587219036
0.0738773591679825
0.0557722754734436
0.0372327718561851
-0.00106143963494167
0.0178076898202605
0.00134884581875871
0.0750416035470222
0.0186066224518395
0.0366468176173622
-0.000726455385380513
0.0550729640714488
0.109776026207987
0.0366769104958587
0.0561047103491235
0.131769109055285
0.0341949010721247
0.168993763094867
0.129536064772124
0.0619687118164252
0.0976812173589341
0.0531279736915825
0.109658532455667
0.144585345684914
0.189502030512909
0.126875945471329
0.0913727210720348
0.129336636521747
0.0749402402184604
0.129163067774402
0.161715048420872
0.127396568997193
0.130317830792605
0.10238528483185
0.074733597643055
0.165797818241127
0.0589931845741366
0.0101703753953259
0.135437778291488
0.0346859354668138
0.0758085985531996
0.0183200099518105
0.0522012770278409
0.0245091322484228
-0.0227321725241919
-0.0218842505547648
-0.013578569977886
-0.0370102740705293
-0.00152658722162154
0.0191177317419632
-0.037806212243951
-0.0187150836763268
-0.0208969192369676
-0.00110504088852874
-0.0303938249007799
-0.0207697983393408
-0.0756526839483606
0.0469350254914002
-0.02839263041457
-0.0368642320816122
-0.0209194956869837
-0.0578196244783079
-0.00625908465591761
-0.0630321163619862
-0.0469918441269519
-0.0236921267472423
-0.134041725484878
-0.0711114620207994
-0.0878346555412993
-0.0948583086575405
-0.0341782090859048
-0.0328184952869208
-0.0800756144264473
-0.0766145398231609
-0.030268915697188
-0.131671485970014
-0.0580740720248388
-0.108492182282659
-0.168461470004866
-0.0694159485559173
-0.126079657533799
-0.0423360865451057
-0.111075849626089
-0.149429521236217
-0.0926540162215162
-0.0743835489046252
-0.0298754482317621
-0.0397715162455802
-0.0763323100282829
-0.0488502709527728
-0.130112797183051
-0.0918246394247957
-0.0367620448728382
-0.0906346601274734
-0.0738303997258651
-0.0929133129027533
-0.0149519329335509
-0.0615404740705278
0.0346806212811805
-0.0283291361710825
-0.0765802236390157
-0.0575864538394692
0.0555442203072489
-0.0386498674126839
-0.018485538763468
-0.0353210054921873
-0.0171251981020783
-0.0185310097117845
0.00051418675049751
0.0171730305142114
-0.0368895010151433
-0.0338678389407873
-0.000437297032190303
-0.0895566618529294
0.0542049310799599
-0.0361255129859506
-0.0161322440256531
0.0833749688047139
0.094422589386177
0.0726686465325745
0.0409263685872536
0.0345989566062065
0.0315880276270402
0.0633374577935436
0.0887137863134974
0.0335576201295907
0.16478639068992
0.0519122514478286
0.132786453724545
0.108628046418819
0.0523389422544485
0.0956592319555877
0.15052875025148
0.104913419653234
0.073554143617189
0.0363045827916672
0.0264422887819715
0.107176504025944
0.0630346154433007
0.112314560237839
0.0910325601077339
0.073880503739787
0.0515290010083187
0.059482216746444
0.108794295523167
0.0363223193620513
0.0187593314578463
0.0345886726793539
0.000705979142035895
0.0345867071240026
0.0172640547820938
0.0213910624680726
0.0190587504459458
-0.000244340469027667
-0.0203583884697142
0.0146875662516135
0.0175422213504558
-0.0410894710455298
0.0361445260144311
0.0128579236437403
0.0619436174741204
0.0199333018326465
0.0358693209467202
-0.000534850357485833
0.0339439553237771
0.0560345780254546
0.0360099690343901
0.0547126051281609
0.00153482253726215
0.0172279221190373
0.0246019737477295
0.0202088141387942
0.0172170144078966
-8.54984444420063e-16
0.000752052270565285
0.0157615352713999
-0.120636818765736
0.11039878855136
-0.0716107439621765
-0.014119487356713
-0.00225615681169924
-0.021397401090964
-0.0322358109799762
-0.0403188127713031
-0.00355083784335963
-0.0488502709527737
-0.0784724296696174
-0.0506129295202741
-0.0230345451307081
-0.088511595365495
-0.059510336591784
-0.0875864322558491
-0.0521772255116581
-0.0740289049051394
-0.0204616058829518
-0.108299800239678
-0.0654147610532282
-0.0146599567297218
-0.0558185718597302
-0.0396078732242965
-0.0910688439867874
-0.103862468612095
-0.0721031846541745
-0.0961304208215411
-0.0738127927119088
-0.0376399190848392
-0.0412758103819177
-0.0360859301420308
0.000716217125481353
-0.0193373640883756
-1.61684988472715e-15
-0.0150867405680915
0.0157626809554844
-0.0328076640849849
-0.0234830791020038
-0.0199636307523091
-0.0447911177403638
0.0266906407623562
-0.0158329977594062
-0.0185891759972194
-0.000705979142036584
0.0275737805570119
-0.00067526681082226
0.000665029893604727
-0.0058673631139806
-0.0213566159036864
-0.0543481408730085
-0.0356498110266209
-0.0540112409084522
-0.0617019286002825
0.00213329429835137
-0.000355055717860058
-0.0526613065042012
0.0202328820829625
-0.0794216032950672
0.0219370626455138
0.0230663072669968
0.00631637354186527
-0.0277158280314552
-0.0241551074458676
0.0172043968242228
-0.0137413757017106
0.0343810641450639
0
0.00286486850193167
0
-0.00663024533116704
0.0287167117768722
0.0432029637576295
0.0266578154810459
0.0371499437353887
-0.00519269311559238
0.093826723181704
0.00461729580672629
-0.0114790693877794
0.117753748637697
0.0616420836014238
0.112463982105021
0.00254258008022584
0.0772852706847173
0.0151240628227006
-0.0139450595550971
0.0138040020343713
0.0245588136408375
0.0349042588896048
-0.00676847043509379
0.0230002316686681
-0.00274424950514903
0.0440465731125696
0.0683163048447469
0.0347581719651128
0.0046044676117809
0.0480876338673935
0.0181539002339322
0.136448050134731
0.0575710054174676
-0.0206246130241274
0.0800013037451549
0.0613175530640031
0.0379104545603245
0.121239509500406
0.109592753231877
0.0737490861308229
0.0585884300503973
0.0690423179368003
0.0433749308189716
0.0200310196435966
0.0748490511048861
0.0185305215037991
0.0165857864092811
-0.000255981604162564
-0.0182697945676253
-0.0180182206602459
0.0185257761717879
-0.00228353455972588
-0.00143243425096566
-0.171939721651604
0.0897877363245933
-0.00316001125496768
-0.0526965608464907
-0.0914967754746371
-0.0557357934062638
0.00311550347833668
0.0535488989394769
-0.0741490992994789
-0.0386521193815787
0.00196432903537615
-0.0193262372495457
0.0246358640294704
0.0513837138519138
0.019472160896776
0.0567866393930697
-0.000690622676551978
0.0386583795790872
-0.0204912248808408
-0.0900796371110957
-0.050075070567632
0.0669603106107716
0.0540668610914532
-0.00142848531537619
-0.0382954567377965
-0.032569066008294
-0.0357205175357377
-0.0550476835960184
-0.0394323321007683
-0.0336318231750576
-0.0761302491718326
-0.161794938945091
-0.092901251790694
-0.0726855528871435
-0.0929452954171212
-0.0555322655576636
-0.071740998869341
-0.0763346176599464
-0.182333389949208
-0.0914160029561972
-0.131306371805151
-0.0737250840083844
-0.112433810192322
-0.0547413043115657
-0.0589695788510542
-0.00508518769766042
-0.0526048489639202
-0.00245123528524387
-0.05599549853844
0.0053577740049808
-0.0171390550120195
0.0020467250165595
-0.0149289732349658
-0.0179159242282235
0.000717945754630196
0
-0.0372637004546629
-0.00825246541856283
-0.0303974435160437
-0.0539760877459501
-0.128904524550633
0.064612755777804
0.0633803046677295
-0.0227595726417952
-0.0178207059861773
0.0378137855133115
-0.0159380129360493
0.0698403961609618
0.0037640285466214
0.0366724822922406
-0.0245626003988204
0.0252156367295569
-0.056906896161333
-0.0254479574177559
0.0401396447006783
0.109652969752993
0.0572632989512538
0.0714036104830182
0.106130237200262
0.0544487596877105
-0.0844119113848071
0.156742825980836
0.0169474576842356
0.0409593350523562
0.0918171098380329
-0.0144612898275292
0.0549115645244958
0.0750211942391532
0.0666587406001742
0.0538624518331559
0.000794454014860616
-0.0172601147000927
-0.000200260883785811
0.148027485640302
0.110283145807743
0.0736682468337914
0.0882478339967265
0.0195703809625061
0.0519191666300503
0.054240710236595
0.078758532807336
0.0360708269053169
0.0881673670332329
0.0693738835315123
0.0834568127436795
0.180768046986423
0.0694213972442899
0.0883764759639019
0.023457856625085
0.0572312233182352
0.0198008904074213
0.0381063799225621
0.052896409786833
0.0180740299288096
0.0896076119476034
0.0384612578532919
0.0549222788514948
0.0381654672806323
0.0205326195552166
-0.0215754140709747
-0.0147727552143983
0.00614824198063164
-0.00830340612815983
-0.0241117868778436
-0.0133641732561997
-0.0415390538478267
-0.0891779347057517
-0.0215728769271274
-0.0199938027072592
-0.0697381820706552
-0.0373005847192408
-0.128133108215301
-0.0726734244777115
-0.0201037769498422
-0.0535798074354357
-0.0174730435872006
-0.076511047432228
-0.0158072137827547
-0.0378601427123019
-0.00182980614549402
-0.196979868325568
0.0969816148635237
-0.0274067295102482
-0.119358475135113
-0.157202503875483
-0.130009556528449
-0.108918311621005
-0.0394287934173459
-0.105624202411861
-0.0203107329026542
-0.0380834256193597
-0.0517698401628938
-0.0528871859156561
-0.108520681469262
-0.224373603280418
-0.143100809533542
0.0196168656617974
-0.113507502843009
-0.0488015931635493
-0.0298055185963911
-0.0720684324084487
0.0261083038895759
-0.0256606642361644
-0.0154505541109735
-0.0572310300032502
-0.0805738748657359
0.0373332565527729
0.00743566544942374
0.0143117337241887
0.0577665082510242
0.000174471608820554
0.032417990524754
0.0569760238821611
-0.00457374917524765
0
0.0544003952661016
0.0547005538045977
-0.018836910806101
0.00869298832308156
0.0551366907053325
-0.0783681280816479
0.0708499060914062
-0.0557824109960784
-0.0372999619227704
-0.0546151044442584
-0.0916586071554528
-0.0736094553144832
-0.0544190002027315
0.0192034408953396
-4.47212557154313e-05
0.0192553861569414
0.0923447504829168
0.0219037262334322
0.0911093484997997
0.0733400062689497
0.0533308663826917
0.127209255533183
0.0364967935156446
0.0554596418600445
0.0542427921248936
-0.0185232476118181
0.0876232670333311
0.165631351056785
0.155703947918156
0.108069134079838
0.142958703438443
0.0763910816122458
0.0524353553468545
0.0702198333985231
0.0898214160619206
0.132919867450159
0.0559948298906408
0.0550452217278904
0.0377036038768681
0.0368247272940599
0
-0.03620784244928
0.0181200452055012
-0.0364771498849415
0.0128174541427828
-0.0600488190644973
0.050403712591388
-0.0301437796847214
-0.00324679334504405
0.0180316939060024
-0.0150008714850778
0
-0.00144267244125539
0.0382976806291683
8.20064338572067e-16
-0.0180513445931872
0.0186643849202334
0.0173496206408654
0.00121075897563268
-1.65176831019329e-15
-8.25884155096647e-16
0.037304920502228
-0.0166826447551582
0.027838644660174
-0.0526580288028813
0.0390576630530594
-0.0299105795741296
0.0267601024200422
0.0180970996750196
-0.012660075336368
0.0133313167908918
-0.0537730809441201
-0.00847717311406043
-0.040010305715836
-0.0173552863727914
-0.0443038239395549
-0.017987806361419
-0.0516162666059058
-0.0937268617840926
-0.0754527721157988
-0.0249786536779058
-0.0883177882627754
0.00330020841371437
-0.0249445349055168
0.0163861276882986
-0.115333684404302
0.0585151478889539
-0.0111164075808219
0.020213996193819
-8.49164223786654e-16
-0.0067396417413127
0.00746932750355836
-0.0236181610451287
0.00460410066231488
-0.0566358749151169
-0.0355203219058914
-0.0551785899560897
0.000585259696187431
-0.00144267244125533
-0.0716384934765389
-0.0584359253152278
-0.00144267244125451
-0.0927882847917081
-0.126745811772232
-0.164376436410455
0.00403690699526394
-0.0635800186011845
0.00974038003513084
-0.0207207678445546
-0.0199806588593795
-0.00282391656814106
-0.00286486850193062
0
0.00551868130943522
-0.0393516339007263
-0.020470260377296
-0.000711098099449342
0.00612346830224965
0.0187538965523865
-0.0243222591517407
0.0425312093667193
-0.0205503427326627
0.0184954300929723
-0.0385665334038468
0.0366299220003094
-0.0996280178511072
0.117994785511869
-0.0372013080467919
0.0223930391521141
-0.0195684021562426
-0.0214860115367837
-7.73508607968246e-16
-0.0210194385802492
0.00137100797732241
-0.0357959419845473
0.00305782439193047
-0.000427730520069488
0.00124208897521687
4.89716136947374e-05
0.0144482574145439
0.0410793081655536
-0.00131099637968297
4.5045464000687e-05
0.0739683522568453
-0.00146462202517346
0.00108484062143903
0.108374560376918
0.14134329989071
0.0330388238286601
0.0229604966335377
0.0379775802932036
0.00363227692690004
0.0315536145433695
0.0191947920455423
0.0181698177207094
0.0208668044247835
0.0176985430147719
0.0328362145180257
0.0186884928831906
0.055371297290477
-0.00303647334886677
0.0403195665746707
-0.053916548606012
0.0220731084007973
-0.0227964962112872
-0.0233756943752584
0.126143644609428
0.022632810622108
0.0421070985945155
0.0366442898948889
0.0550678876436641
0.0158299685497908
0.0306035195328482
0.0608398847512687
0.0127387076446823
0.0754349249519936
0.0580170639292215
0.0533225288959185
0.138439385480347
0.0982706910554506
0.106210351545239
0.0569558678078982
0.0244680887796415
0.0498538891894685
0.0133364606739027
-0.0474464788121765
0.0601669092463975
0.0286112125888722
0.0180444724690124
0.00429730275289392
-0.0217361698075035
-0.000797270472946657
-0.0731879424581033
-0.0184808164390934
-0.0334913183368728
-0.11220511877831
-0.0938602576870232
-0.109772164901405
-0.0949562312500778
-0.0533440344222301
-0.0167214317342036
-0.0751307101348136
0
-0.00075335829940546
-0.0583178418239507
-0.0214006341187001
-0.032858996913492
0.0186925586652658
-0.0186925586652658
0.0360773808605789
0.00144267244125523
0.0166307757242885
0.00564734602780167
0.0339534267774542
-0.0206486052595134
0.0235994738423666
-0.0182142149029049
-0.00276249070620627
-0.0365622983663663
-0.0110992331603796
0.0187879901183822
-0.0763074894273734
-0.0921196010452087
-0.0764758813930995
-0.109296118506711
-0.120641200959677
-0.0385755161374796
-0.0296705765245042
-0.0894370231754208
-0.0918700159179655
-0.145301735533524
-0.0940713873369474
-0.12944171210225
-0.111669851353407
-0.0154477764802945
-0.0395806694147898
-0.0540053068081729
-0.0185949890210885
-0.00642904861930256
0.00716217125482343
-8.14244601181626e-16
-8.14244601181626e-16
-0.00572648441939485
-0.000746932750356773
-0.000606498593369043
-0.0574463904871861
0.131580295712783
0.00752052270565675
0.00136937670898513
-0.02059663592826
0.057037337098254
0.0218145002373796
0.0337641947768938
0.0200021849211287
0.0311025933038279
-0.0299107316044217
0.0114614240211973
0.0258022364789852
-0.0240935067654945
-0.0146852356975338
0.0150283632474382
0.010698043898044
0.0388459862130671
0.0235841109042927
-0.0599361879869496
-0.0565260681713098
0.201965707078197
0.0450102600141117
0.035119706836474
0.0374315697824686
0.0684924889540241
0.0584932474149383
0.126987309325328
0.146799873643989
0.126231225507497
0.110276151100238
0.05854082763933
0.0725928419225454
0.0718658189781104
0.0187709278543914
0.0377999477155364
0.0559610633686232
0.0534186923096584
0.039019604369903
-0.00652917934660484
-0.0718532050149905
0.0327214372065808
0.0264922748805326
-0.00219001047025145
-0.0209056117410528
-0.0383315742344556
0.0355262280461372
-0.0181515884960209
0
0.0192119158693839
0.0169612207036361
-0.0175366395600021
0.00437748767320138
0.0682032155413553
0.0177987836021366
-0.0275334078854334
0.0912306013816485
0.127725676924799
0.000680385366916745
-0.077397802019767
0.0827829247157394
0.152097881780347
0.0182569478740428
0.018965336803623
-0.00154394253337777
-0.0349501949508921
-0.0363307530851845
-0.0384656845170112
-0.0137735821464943
-0.0574494499746656
-0.037112832559606
-0.0348672844483895
-0.0315341905371384
-0.0608979929949562
0
-0.0541725724894167
-0.164590613442906
-0.0903194486682108
-0.0930412767489415
-0.0534225585662221
-0.069624059933881
-0.138567232812152
0.0758966056340963
-0.145484389127803
0.000618288189110796
-0.019058750445945
0.0171353203604788
-0.0372558340139329
-0.0179222484704301
0.0112897833908806
-0.00702763798811085
-0.0206979826078316
0.000330204796601643
-0.0133675672241999
0.0147579630250181
-0.0266985206656552
0.00451231362339178
-0.0327171470444479
-0.0347519960351686
-0.0404402015923041
-0.181941215052111
-0.00984643206081893
-0.0886754384213606
-0.0560618947390098
-0.0497180125927678
-0.0240587944232964
0.0178207059861766
-0.0864606280331153
0.0179089382227712
-0.0576495450699286
0.0157296712519655
0.0245663053402578
0.0527037760653072
0.0177903432057455
0.0370373861322813
-8.54984444419406e-16
0.0359849450402681
0.0520309415921695
0.0396338843608699
-0.0187603400304877
0.0263425549821581
0.0234778004697825
0.0953741508028583
-0.0142532316765451
0.0160000112857221
0.0946907320537032
0.0125935192977115
-0.0549512428128239
-0.0732736314847383
0.0741921003690668
-0.109220517978868
0.000721336220627475
0
-0.029468553066997
-0.025213571609812
0.002461854294591
-0.023606238914481
-0.0348762109937861
0
0.0115985922201997
-0.0564672493388606
0.0793958444536753
0
0.036257022991269
0.0760993452558392
0.0325759179000313
0.127692267888036
0.0352253487555634
0.151962955236681
0.0913885035386588
0.0792904472708361
0.0553705754382342
0.0722643244366338
0.0716418442513553
0.0483570730116302
0.116444355479645
0.0730175101113221
0.0166938863412314
0.0187538965523864
-0.0326985427015431
-0.0442678594818449
0.081075022628136
0.00630774227469114
-0.0723181508981101
-0.0164485077076058
-0.0182089005318625
-0.164574242090244
-0.0363443448732945
-0.00410638009078777
-0.051930966688192
-0.071532878971053
-0.0370604480274059
0
-0.0383985384814615
0.0385593675315442
-0.00810363318253232
0.0967027796511653
0.110593845067096
0.0710989264764036
0.019078890475392
-0.0103885263094679
0.211148406155927
0.0333980762676257
0.0150023071857122
0.0400322522469235
0.0289658644292097
-0.02061068138561
0.0173257584647635
0.0207865948154263
-8.60804747561633e-16
0.0352340282727583
-0.0594315120646328
0.00416275237001097
-0.00458299665144811
-0.0743950522775422
-0.0379080660841116
-0.044841279081613
-0.043653800232897
-0.0783880421668945
-0.0734893178613912
-0.0261779857586303
0.00993508190761246
0.0156908943485302
-0.0552311876242628
-0.0507400068668599
0.0524867420204327
-0.0301244435057097
-0.00291861028280032
-0.021037420609929
0
0.0231549913032707
-0.019880752723365
0.0188028444882374
-0.0194563464465132
-0.01679627318692
-0.0148214101907397
0.00128101732856803
0.0138527377149976
-0.0201406469305645
-0.0879147683686658
-0.0616934711039403
0.0472801040397665
-0.0451011820289758
-0.0472879367064445
-0.139764989777666
-0.0950319492219151
-0.0278961569749406
-0.0545010324880034
-0.0202828575704715
-0.0369321960200508
-0.0882899231098499
0.0104987926005152
0.00202580043246507
-0.0584739272149001
-0.00270106724328676
-0.0163561727075867
-0.0321922264084139
0.0153702728261275
-0.0673175613554267
-0.0438756751653414
-0.0272430658483411
0.00132328098812857
0.0107402167362358
0.0179227340858701
-0.0209277527152186
0.00385386536964497
-0.0749658666967726
0.0186451701019956
0.0378134737096911
-0.0953671767859623
0.0188668040657942
-0.00204462687820406
-0.00071621712548239
0.00143243425096475
-0.00491129283789737
-0.00948287388708868
-0.0743883480172453
-0.00731574620233955
0.0361002781247383
-0.0203750269819797
0.0906405530173874
-0.0855579565358241
0.0698694740457552
-0.0301523151281377
0.0624543843529058
0.049103139617107
-0.0381027635324332
0.056267413458932
0.0566928835492053
-0.020735118594366
0.133347946328489
0.0888445471876941
0.0379569345792262
0.0349378869863458
0.0727819220093251
0.0335909179650366
0.0374431399616304
0.0399635326004196
0.0316680476366635
-0.0212278579107899
0.0147770602216518
0.204295857631435
0.0758794939820736
0.0351480444930747
0.0179045058658313
0.0405012127564555
0.0350733229784734
0.0593551620368259
0.0345935257509544
-0.00588348639282736
0.0575332458720181
0.0414916755155442
-0.00209435628661561
0.0556138512978587
-0.018648025837996
0.00426658859669621
0.0317606951966904
-0.037301411553854
0.0182380452583044
-0.0193812839592204
0.0603011543268376
-0.00806090880337583
0.0762524033392439
-0.0176330978302964
-0.00171957535862065
0.0361553902872751
-0.0379107032285108
-0.00106268320814354
0.0590122447328044
0.0520917159930594
-0.0181039938040986
0.037435469921193
-0.0195544645219389
-0.0347327024138641
0.00694178300721706
0.0532471884952666
0.000109425582552201
-0.0218075052368465
4.43785436592493e-05
-0.0907278281577245
-0.04854251930548
-0.0113979806451423
0.0250773405474317
-0.0723514584251777
-0.0188746230962869
-0.058896512468622
-0.144565710161178
-0.0199777867712625
-0.1267631025819
-0.0573271372517714
-0.0369225780321417
-0.0895611485792461
-0.0380636348534507
-0.0567906546385111
0.0360550598377646
0.00127997657900884
-0.0541905308550543
-0.0180182206602486
-0.0014529107707573
-0.00752052270565251
-0.16174439118044
0.112594351312231
-0.000675299649446459
-0.0339080033495328
0.000736693925684555
-0.0187459436022819
-0.0184431795750633
-0.0309693349944881
-0.135000794169701
0.000766418804000127
-0.0683341284558921
-0.184982565356363
-0.0721383645100595
-9.00913487278362e-05
-0.054846663807661
-0.0187320445237787
-0.0184454757651294
-0.0557020567317564
-0.0375375543115062
-0.00547939653268077
-0.0179667211634828
0.0695265040018104
-0.0124329792581376
0.0696834800589384
0.077774364381615
0.0533254205888711
0.0545433707177619
0.0557151147744647
0.0312765931359427
0.0616186210518071
0.0181402096165727
0.0352468769303076
0.0567242378571319
0.017707294417386
0.0516677279724562
0.0207163282241754
-0.00232175999427048
0.00917148574376583
-0.00493630999891631
-0.0894500657366728
0.0298722553551893
-0.0641969917891747
-0.0027510636703027
-0.0264995353431961
0.0193298488267241
-0.0361019560977656
0.0167903626133154
-0.0162244007916581
-0.0130935120025873
-0.026488872011205
-0.0156027660479684
0.0980154576461947
0.0520520208935969
0.0331529539102584
0.0346223118666745
0.0720870498084843
0.114242797539587
0.188140233422763
0.0917056829101612
0.037510235676231
0.0421284923134909
0.0755570748261767
0.0969104974608272
0.107376785627571
0.0759545827960712
0.0202912224922531
0.017383879979391
0.0214963792596085
0.0149897804515062
0.00136077073383151
-0.00328648802993917
-0.0221533869527109
0.0063077422746914
-0.00487019001756393
0.00274201595464338
-0.0558170618736932
-0.0234356855166547
-0.0120361225483119
-0.072971534977427
-0.092239112345962
-0.047432436162674
0.0219436661961225
0.0030767247389246
-0.0243034323797473
0.0752947427013121
0.0468452129799953
0.0534852568014927
-0.0371446234785056
0.0695109616571574
-0.0007571718633502
0.0259352636607947
-0.00150410454113069
0.0191170553669722
0.0119223493580008
0.0150347587314072
0.00460873381420977
-0.0227325257418278
0.00137286204562006
-0.0166801426675225
-0.00297527721949689
-0.133170722573746
0.0840238411049735
-0.0730076197246285
-0.040531544240054
-0.0761953362376652
-0.0121986268216543
-0.017133833356805
-0.00277629683228729
-0.0508476625500326
-0.0433402807996376
-0.0249587097328501
-0.0259511591462381
-0.117093123526183
-0.018582881055956
-0.0140669728391293
-0.018580494657977
-0.0390102375851149
-0.0304140636806906
-0.0347435618841771
-0.0929014756391296
-0.0512574408940465
-0.0290122988369914
-0.0350705541610679
-0.0182431360360338
-0.0905875359021767
-0.0175407425765928
-0.0063998828950471
-0.0180032652403609
0.00214865137644651
-0.0489918322813798
0.012521009124685
-0.0537586396628962
0
-0.00143243425096433
0.000726455385378587
-0.00214865137644569
-0.0123718706715882
-0.0241989642237183
0.00211793742610412
0.0170147243320364
-0.112184187094735
0.0937299869169987
-0.0532510038507248
-0.0176274370300945
-0.0352690843372639
0.00199192130554711
-0.0054840319092919
-0.0157073272481316
-0.0336626325635602
-0.043145072460485
-0.0318756687603061
0.0159914058461802
0
-0.0179185492722153
0.0198935927606948
0.0186781316749006
-0.022213796311178
0.00255982758338737
0.0535547115922932
-0.0540961371887783
0.0467631770171421
0.0201447097474648
0.027457654061447
0.00910182119456349
0.0636719322452334
0.017792217400612
0.0534632558029162
0.0744339818775498
0.0942312879776867
0.107939628803365
0.0230989217491708
0.024546181160597
0.0052643658939539
0.0216502546261915
0.0127381614050088
0.0365875643588308
0.00292658557267615
0.0126620077968254
0.0737499278527468
-0.0380190864999832
0.0340815794949543
0.0473547691626205
0.0704767468810289
0.0381158967708847
0.0702067289658711
0.0784460085817808
0.0498141139249279
0.0591990250409924
0.0351475027558752
0.00296725320890453
0.031475798090122
0.0333568490291596
0.00690839954125986
0.0662034663407088
0.0177927790544714
0.073802066861125
-0.0127125413624869
0.000869992147062036
-0.00616552357692991
-0.0679395773651257
-0.0304621594035602
0.0493871518644927
-0.0768055432480455
0.0234463938840924
-0.0713749798040493
0.014481997243054
-0.0606364849843908
0.00124767978647109
0.00132215847658077
-0.0586177211620095
0.0179502745551711
-0.0205215569452005
0.0012290425751788
-0.0178473253082837
0.0538795029272804
0.000721336220626264
0.0187373132971793
-0.00100347328221338
-0.0011493105795769
-0.0541697039999463
-0.00118398965049518
0.0466318932484733
-0.0142240619900169
-0.000438442324905209
-0.056541394281834
0.00131982306298443
-0.0199777830957559
-0.071603694055704
-0.092555544340962
-0.0208643988532374
-0.0758533419633824
-0.0511203833255075
-0.0951588734795651
-0.0351737257460355
-0.0381399575982723
-0.0184619512443127
-0.0550523146700084
-0.0911444050749994
-0.0565783251021235
-0.0413854467144415
-0.0383838327316456
-0.0302096166365409
0.0357706905966067
-0.0173212219996354
7.99131946372948e-16
0.0188467029955783
-5.05514090472915e-05
0.0551208872914377
0.0316268811797206
0.0523612692847291
0.0431609843179178
0.0752231337644049
-0.0219469099759722
0.0207276189422512
-0.0739582047927625
-0.0354209298753559
-0.07398329596649
-0.0106834592963541
-0.0628217212990788
-0.0903121599382485
-0.032662611666291
-0.0705684632789755
-0.0296945564169356
0.0166922306429306
-0.0609113046848263
0.0126135555198617
-0.0211520353603893
0.0216010445963541
-0.000569074126446499
0.0668431089590352
0.0528173785124968
0.0532575425874739
0.0584370015632224
0.00302868745340166
0.0502386404170769
0.077364954688651
0.125008506715295
0.114618888564177
0.072697873030845
0.14901081060654
0.0150589073202807
0.0931398120475384
0.0405882136352317
-0.00192068421520089
0.0187296196636453
0.0186983338282037
-0.00243928789477996
0.00360668110313607
0.000837147596075459
-0.0203756417040861
-0.0197170594453423
-0.0567460606600883
-0.0477631136953993
-0.0407541177374408
-0.0247421837285559
0.0358254490313361
-0.0730133274879352
-0.0575585988441101
0.0236296125404061
-0.0589301709154659
0.0217886509728601
0.0188338748567236
0.0318310839103631
0.0978433975635566
0.0548409852264164
0.0505659908994908
0.0173258204763305
0.0378552114409957
0.0541460328703212
0.0568793261456738
0.0376756713150301
0.0535902382575393
0.0364042705237744
0.0256956425507588
0.0745848191280292
-0.037199526178498
0.0527721668049274
0.0155153789194174
0.0253665946334978
-0.138720250048907
-0.0204101161815746
0.0590570212621633
-0.0158871705044643
-0.0192195229817396
-0.036096280400629
-0.0563491539166509
-0.0720395407070211
-0.0561395617129939
-0.0379640435914629
-0.0738319389514308
-0.0703219422572401
-0.0183605829146647
-0.0181949587401649
0
-0.0167200749250386
-0.00461729580672167
0.0373627570624424
-0.00451231362339075
0.0246386179077215
-0.00866703758340822
-0.00309012432845161
-0.0317913901881991
0.00811132953107421
-0.0335468563968807
0.072479959810089
0.00222321206433953
-0.0578612965361154
0.0104746725144565
-0.0330866988697922
-0.0275399884661303
-0.00932811239657351
-0.0131164923782787
-0.0227031077849167
0.00153482253725745
-0.00380379872155601
0.000465522792514436
-0.0118155641665217
0.0473609035553198
-0.0371372859678381
-0.0565250820803464
0.00558691894431808
0.0856935795974741
-0.0356085681260901
-0.0019187745796403
-0.0321876194607057
0.0381090456051611
-0.0538914063097444
-0.0399268312930331
-0.00200188092366564
-0.030147960407661
-0.0439772427539081
-0.0511315091148436
-0.0540735044550513
-0.0361183021274013
-0.0563864324420735
-0.0366396753364886
0
-0.0189157160284559
-0.0179266896173688
-0.0495832016467531
-0.0509384276178873
-0.0109383992997751
-0.0172694380778007
-0.0206802626241678
-0.0363349608472844
0.0186037131705447
-0.0173116136793156
-0.000716217125482005
0.0375860339495498
0.0171610407292898
0.0386150818131945
-0.00107432568822261
0.000705979142034816
0.0222277163962242
0.0372520868868294
0.0375385649786208
-0.00744261473403577
0.00595687395450448
0.0355161184640955
0.161635427045109
-0.00937737086814779
0.00954610304810103
-0.0161082836943797
-0.00161340350087372
-0.0194716982626745
0.029479204271435
0.00695741431080037
0.0332293018843561
0.00414373605930539
-0.00140172050548657
0.000851947354656869
0.0351418969889011
0.00115956905179993
-0.0340936732861807
-0.00171892110115568
0.0173167303624234
0.0186896720201119
0.00189626159853227
-0.00131306473005048
-0.111796372338539
0.101781156523021
0.061081159200231
0.0201273793062824
0.017093572520967
0.0582260495575348
0.0375587504663784
0.0917544483730297
-0.0187141012212519
0.0195200497592866
0.0696679611795581
0.0612721547784186
0.0487207506967709
0.0260178837280702
0.0721607853483878
0.024101576705881
0.0711388481723026
-0.0204266217319668
0.0499358464106139
-0.0362403108967948
0.0894669694623737
-0.00810694734295656
-0.0677772149171171
-0.0140651712661772
-0.0387560222047126
0.0340303838466294
0.00130024594019645
0.0187272471705928
8.89907520604196e-16
-0.0235361822709896
-0.00879710485163525
0.000601641816452287
0.0139355139810548
0.00612451929122235
-0.00541859082657445
0.00411761665110523
0.0160801164581088
0.0144790305224039
0.00170890215475129
-0.0551926034103545
-0.0373977124919529
-0.0145527683223972
0.034431527287062
-0.018108424518371
-0.0543181899619249
-0.0198638115632775
-0.00273436738907718
-0.0406513130797279
-0.0169517314787667
0.00501351987837265
-0.0603431936670978
-0.0135791792753011
-0.0156860554528134
-0.110236370142723
0.000127429136860683
-0.0596068698779061
-0.030110006477235
-0.0725495218460054
-0.0375706605467744
-0.0751599185316432
-0.0679029560211634
-0.0532288878527327
0.0627066833660777
-0.0278316699624815
-0.0475516691858821
-0.128760879778659
0.00369550457635428
-0.00199508968081134
-0.017845264565513
-0.0328964562660789
-0.0215942025887054
-0.0544130955095317
0.0140506528899055
-0.0581987734772334
0.00256967311061742
-0.0155705140196553
-0.00153413526013878
0.00146934700346829
-0.00230880010234316
-0.0010406008496463
-0.00328630729539398
0.0542130806329963
0.0636664171736746
-0.0373065435703438
-0.0383179791998402
-0.00133154604392484
0.0128039183287261
0.0633892339686159
0.000872607205835332
0.0184853460902966
-0.0181138108722172
0.0359961304181375
8.25884155095839e-16
-0.0361210031609862
0.0383489143456181
-0.0367732647499177
-0.0547233659021403
0.0834796754827587
0.00921938469954656
-0.0624097102333863
-0.0115279758492154
-0.0403535716114266
0.0380565413943276
-0.0348650734853899
0.0889443939297085
0.0347049623571616
0.0992555470998654
0.0141483117067179
0.0202922348446515
0.0134240489103872
0.0956137760891412
0.0719204623523679
0.0502974613800075
0.0991488892323811
0.0745042558412139
0.0525861392353194
0.0347264047141669
0.0713223632846597
0.0224416650102945
0.0148824677708838
0.0302620021500782
0.037965080564271
0.0241954443225992
-0.00457374917524419
0.0071828547133096
-0.0215727600542083
-0.000752052270565119
-0.03459050407987
-1.65176831019174e-15
-0.013867715254754
-0.00432801732376298
-1.65176831019174e-15
-0.000716217125481204
-0.0204941580539941
0.000705979142033218
-0.0213235780966326
-0.0381185683895327
0.00493230118524011
-0.0142792457894761
-0.0204356603377515
-0.115628825747094
0.0639480204787089
0.0854082428104281
0.015745102612666
0.0384366666043173
-0.023501091113207
0.0746787889715829
-0.000711098099451105
0.000716217125480363
0.0439292299516934
0.0393354032162567
0.0153398260290655
0.000680385366916997
-0.0200040168912188
-0.0186248616042701
-0.0192608464361432
-0.000971979095594952
-0.00182417907238316
-0.0540974157676163
-0.0100392764087904
-0.123565001126368
-0.00901587202652941
0.0342222670325579
-0.000685503988661331
-0.0567278830126781
-0.0340780448007472
-0.0217624462816747
-0.000847174970440822
-0.0132092044611459
-0.0395316415447222
-0.0546980637199035
-0.00169811636583156
-0.0348065312206806
0.00115474029917115
-0.0198386409001744
-0.0166662136302717
-0.000705979142034011
0.00141195828406882
-0.000705979142036416
-0.0176150253201878
-0.0509704449943034
0.0747882756087807
-0.0267038873270713
-0.0160121389326268
-0.0192245947564612
-0.0174858772667018
-0.0187757996238852
0.0187757996238852
-0.0455506776536926
-0.0120532999436086
0.00445087981335834
-0.0431452017886862
-0.0530762445503724
0.00346262154324577
-0.000935191797948774
-0.0484387604021069
-0.0606296637713268
0.0149791614798739
7.94797565299269e-05
0.0196664931404643
0.0851123471943361
-0.0196851953211769
-0.036322904981479
0.0555359270451552
0.00209990043411591
0.0344309281560472
0.0451018125156931
0.0547729577636291
-0.036009929794643
-0.00536877208397969
0.0419500570661653
0.067871976436997
-0.0595269323282511
0.0400855228182497
-0.0358401269891754
0.0335118041557793
-0.0589382639903716
-0.00686918487034707
-0.0215181337495376
-0.0886372427092003
-0.0698334030728463
-0.0137485664541671
0.0457912879786009
-0.0177096190159553
-0.0585583306711757
0.00155328556767787
0.0156914290557444
0.00387811557868318
-0.0194668682047144
-0.0263096117607312
0.0038974814518737
0.0367887501617523
0.0178272932358038
0.0364266216447808
0.0355931886597254
0.0557811325077062
0.0530237157378646
0.0379485932065489
0.0798502366879686
0.0153800159354562
-0.0296239191752223
0.072007886008247
0.0462849171118043
0.0750614530865064
-0.0782866543982701
0.0198507902773457
-0.0108901666331833
-0.0158600741018384
-0.00143339715632109
-0.0356209236584284
-0.0189412612298751
-0.0227745667858274
-0.0373723066590811
0.000675266810819708
0.0194705788271433
-0.00280974377773702
0.0347237096457491
0.000841243202597871
0.0549008528304639
0.000705979142034753
-0.049489915013902
0.027401346496317
0.132312334445957
0.000834641476199052
0.0733398122378241
0.0368314048246195
0.0173916401275976
0.0886943300848547
0.0203874978177273
0.054599138474431
0.0366702654996001
-0.017786098554459
0.0757494446937106
-0.0196446447030646
-0.0198467399747092
-0.0185804946579761
-0.0549935292517271
0.00122782320947317
-0.0197210215272379
-0.0900553587331321
-0.121887966241173
-0.0128969288695517
-0.0382680369476118
-0.0321313260222826
-0.0531047515169414
0.0327981922776662
-0.0350622864714822
-0.0162388338442775
0.0138383976094384
0.00196918735278151
0.0388116005692349
0.0535702438264374
0.0220754600545671
0.0329544754315709
0.0567153572971317
-0.0032669636966018
0.00302868745340109
0.0352067629026416
0.0722148178165148
-0.00198650849685991
-0.00681118383209743
-0.0285570275177033
0.0759542558665345
0.0178017529388735
0.00286517579173913
-0.0231118850622287
-0.0378975435695524
-0.0181379355524364
-0.0552452003510992
-0.0122058121048847
-0.0544923652074106
-0.113250840827769
-0.0892206670960815
-0.183245927332116
-0.0928548384300334
-0.0548357679286518
-0.0735168575359406
-0.0737059123684565
-0.0188197596125987
-0.00035810856274052
-0.122941617107204
0.0624443843719888
-0.0326367395340911
-0.00119073395732157
0.0178040661184195
0.018961707252843
-0.0192021526597199
0.0370042323533531
0.0203647801155679
0.0228878670860572
-0.00556593144864094
0.036832682450591
0.0422327407521797
0.020530698153011
-0.00685503988661019
-0.00115103779424958
-0.000690622676551787
0.0180192039465139
-0.00995182370984623
0.000527929225193745
0.0731930996646751
-0.0262510502631979
-0.0687110486819831
-0.0239242990118834
-0.0527797117846575
-0.0386868823467473
-0.0565335419382528
-0.017773561987153
-0.0193372990231257
-0.0342759901244772
0.0323947251864777
0.0390765066344312
0.0208079779978195
-7.7932780716425e-16
0.0646762964322902
0.11693799302284
0.0729331567000328
0.0148149498274593
0.0352840816173014
0.0981414696599623
-0.107628431487082
0.173566685048404
0.00528244302447929
0.0377379489302841
0.0540610277942275
0.0129459020817286
0.0737785502174429
0.0129077983870193
0.00957702103389029
0.0400586464201734
-0.0201877380943631
0
0.0171976273531522
0.0208107079736877
0.0232779861115578
-0.00248977583451601
-0.00520860912419994
0.0325656905839389
-0.0709759053401867
0.0155182824548667
0.00701490482306625
0.0618525117325285
0.0801341703487977
0.0615178115726913
0.067882877977077
0.0232016799384659
0.0343377379540066
0.04209191754023
0.0368351734668947
0.0340077950260128
0.0116947665816048
0.0834508104550158
0.0669864842202549
0.0910168062260156
0.0146505127356212
0.061207322172528
0.016913917677185
-0.0189479444155387
-0.00057075960266662
-0.017968624021865
-0.102800353105441
-0.13845526639398
0.0208142366702951
-0.0904148304946052
-0.0905712946506853
-0.0368088481776038
-0.0548763761535982
-0.07506060996219
-0.017950274555172
-0.0367440016087408
-0.0187733634230767
-0.0201879210667448
-0.0529784935319271
-0.0712820437360576
-0.0421198418404805
-0.132248346775552
-0.0818320229692161
-0.00642267260783387
0.00046721811951501
0.0360355299400554
-0.0271983706207033
-0.0134683760821081
-0.0278879446765731
-0.0228114571408487
0.0232041343947182
-0.0213721417215376
-0.0179158242881985
-0.0509876159909482
0.00240083671206307
-0.0578030591502604
-0.0104361214662001
-0.0339829499648776
-0.0192192572601842
-0.047350808421453
-0.0179533827896494
-0.0727445663453594
-0.0614003222501592
-0.048421042747902
-0.0414436711399817
-0.0232656924248874
-0.0984878908447153
-0.0150429609951071
0.115864507801825
-0.0179400262742448
-0.019592234893919
0.0374878826245031
-0.0165144023774852
0.0305366815319502
0.0773597793700967
0.0328160170527546
0.0988407703859005
0.0185893763249611
0.0556106383950457
0.034808260986686
0.0189863183211295
0.0701217715405875
0.021873113021422
0.019209632685029
0.00217936615613715
-0.0206625434557871
-0.157942798646127
0.0921028774858253
0.0455037729769169
0.000736693925684116
0
-0.00827257497621382
0.00850949335266193
-0.0893884673096363
-0.00270956530568391
-0.024327921804248
0.0209211333516207
0.0417031772969939
0.0570369691556917
0.0117739250412266
0.0536001903622133
0.0148133925043954
0.0615950357851063
0.0550233427110934
0.0238357609322527
0.031624126318582
0.0436210155982412
0.186747402150008
0.078368665976398
0.0544989425312895
0.0320795467329295
0.0599407593713105
0.0906206171140098
-0.00158652342115736
0.0805292440354903
0.0701960424449262
0.0195457774786709
0.0332985583035955
0.00298773100141879
-0.00399400658887212
-0.0151980799465181
-0.0944583375865662
-0.106923088352163
-0.0547250423057237
-0.0212193731261415
-0.0554117058002733
-0.035486351100101
-0.0261785062679074
-0.010499027130715
-0.02382838488509
-0.0236870924617784
0.00288534488250547
-0.0366468176173605
0.00126233838609624
0.017205353396743
-0.018547144813416
0.0201752596193163
0.0164840171761154
-0.000753358299404689
8.25884155095588e-16
0.0181061584159427
0.0389159976371928
-0.0166884949892091
0.0340031049284192
0.0185948983598196
-0.0172872786661389
-0.0075791923463393
0.00484303590252536
0.0025206858976484
-0.0326809027238188
-0.0023191381035998
-0.0387463607945998
-0.029872608050395
-0.0343912066848682
-0.09069174815332
-0.0908508396405247
-0.0613034588732439
-0.0518974518734332
-0.0588356602946883
-0.0371995261784992
-0.00170096341728954
-0.0141851115334965
-0.0371658273696959
-0.0158238589396408
-0.00427383442458601
0.0160276818323199
-0.143852675154418
0.159354935788072
-0.0171029072937581
0.0369286145741841
0.0384659281554434
0.0186306489507942
0.0346343162171416
0.000564783313627786
-1.60521072310615e-15
-1.61684988472429e-15
0
-0.00216400866188023
0.00184170117981065
0.00214865137644521
-0.000716217125483364
0.000632087199510781
-0.0207081422154027
-0.0165429826924213
-0.0185449778064767
-0.0206802626241669
-0.197103566275649
0.0607104420143751
0.0659338709893467
-0.126741757130108
-0.000271709529936156
0.0190876844443393
0.00877545362363554
0.00143635082181782
0.0353452158314718
-4.53391402280494e-05
0.0764512694861046
0.0325166428448449
0.0223533908777118
0.00324169219223836
0.0353238069660431
0.0585109463132937
-0.00388825485075288
0.079624245231514
0.0328558492259845
0.0856744910406621
-0.0437350219884098
0.149233093030518
0.0048521937642247
0.0317876153487064
0.00698551871822535
0.0179915258750004
-0.0192545270029149
0.000508194352804976
0.00451231362338709
-0.000752052270564801
-0.0359775024026499
0
-0.0230034232316904
-0.033765906778334
-0.0390571881187429
-0.054682526001876
-0.0121116871849059
-0.0224626251928773
-0.0546053171714654
-0.0374959102673347
-0.0546340548572148
-0.0481942153615163
0.0206320061662921
0.00767933375917476
0.0733822881698906
-0.0245167109138804
0.0452714193756922
0.0180677212664576
0.0373075867178188
0.0353509741032232
-0.0164253872702302
0.0346994766813021
0.0369905252962189
-0.00192539766009422
-0.0220984675661363
0.0408114310557199
-0.0370375681563372
0.0601903784971225
0
0.0385996221249939
-0.224706899928965
0.0621156781558255
0.0552020610652771
-0.0540045202285078
0.00175610828801354
-0.0550134111429518
0.00407698176377495
0.0523668557456472
-0.0356303652452596
0.0510528201339084
-0.0172433954393297
-0.0187074531970334
0.0753155514212578
0.0515557237257136
0.0277958960301694
0.00403606833462511
-0.0197237593609191
0.0556916030692511
0.0382989446504136
0.0209062862315762
0.00351362781273875
-0.0138790306060987
-0.0294943169445471
-0.0451096032829956
-0.060724889621444
-0.0763401759598924
-0.0919554622983408
-0.0880040417234774
-0.084052621148614
-0.0801012005737506
-0.0761497799988872
-0.0721983594240238
-0.0580024991147559
-0.0438066388054881
-0.0296107784962203
-0.0154149181869524
-0.0012190578776846
0.0139824088196079
0.0291838755169004
0.044385342214193
0.0595868089114855
0.074788275608778
0.0638914197860513
0.0529945639633245
0.0420977081405978
0.031200852317871
0.0203039964951443
0.0276785968113317
0.0350531971275192
0.0424277974437067
0.0498023977598942
0.0571769980760817
0.023764752707907
-0.0031949763354355
-0.00270385878739169
0.00461547477761045
-0.0402902975868763
0.0227709739137384
-0.0202271263994066
-0.0365335040837912
-0.12161340534593
0.112223479506658
-0.0440171212229126
-0.130060121127861
-0.130246755012966
-0.0575159236593129
-0.103125980262002
-0.0931601147156211
0.000736693925683912
-0.0759744750908011
0
0.000975432826977084
-0.0186283393719143
-0.0382850780870779
-0.0367251875810838
0.000703358901763724
-0.00736881811566546
-0.0105381682192825
-0.00217936615613654
-0.000726455385379674
-0.00463646291539327
-0.00753924362065495
-0.00149386550070987
0.00944392000992324
0.000726455385378838
-0.000726455385378838
0.018740189436896
-0.000726455385378838
0.000480890813751345
-0.0372654618311337
0.000477478083654662
0.000477478083654662
0
0.00605236685742146
-0.0383622739258752
0.00476269756841071
-0.0608324265699693
-0.0587948113245
-0.0368479976068808
-0.0522201253767125
-0.0645036953011187
0.0246021363872674
0.128309263963878
0.0367544939172285
0.000804559903845927
0.0568515750613878
0.086752365773492
0.0871295172134744
0.108867325601669
0.0612424935833119
0.0940916622563367
0.0360380548051877
0.0715040941172843
0.0131970622361674
0.100138708264436
0.0704545980973736
0.0842521057418661
0.137361192492925
0.0181607018829906
0.0348186732053664
-0.0477534384819824
0.0152470688408391
-0.00255490719974175
0.0176963357732053
-0.0581267726979039
-0.0152365691740002
-0.0138235846731006
-0.038516560537909
-0.0357933022367663
-0.020940593866184
-0.0185804946579759
0.0185654599772878
0.000751193614276554
-0.015896038707829
0.0512299717181938
0.0165069124838174
0.0220681986351169
0.108747180055354
0.0356501938898078
0.0541175912728806
-0.103636874312228
0.204447132976585
0.0169515171824472
0.0202483885020299
0.0227756349586482
0.0359784176435345
0.0564443077393103
0.0207424779751135
0.0231466100722686
0.066883214171558
0.0216537789164493
-0.00147034649011962
-0.0211633670969894
-0.0132140437061808
-0.0700379956086288
-0.133744755478231
-0.0110686204416922
-0.0746925522438422
-0.0573266846993751
-0.109222647401888
-0.0579810292897804
-0.0667656172259773
-0.0102224156797616
-0.0172753628026844
-0.0364950054884103
-0.0441061894898444
-0.0826325158702891
-0.0370562821981407
-0.0894471861563089
-0.13363172725336
-0.0343109868462156
-0.0737708026360301
-0.0405513572864289
-0.0540773928210808
-0.00221008177705173
-0.0459179615505232
-0.00329456932949248
0.0158599840328662
-0.0188644018204722
-0.0714753315132115
-0.0210952507882655
-0.00908752455169912
-0.0144767883528735
-0.0121672209912346
-0.0197729766370877
0.000583084211359663
-0.0204464309296355
-0.0126481334136438
-0.0276514663211224
-0.0295388074521562
0.0157308657948107
-0.0526969377275796
-0.0551217195424961
-0.0521593239933695
-0.0259935695642455
0.0186215319532607
0.00100682810650605
-0.0211301459450366
0.0615911926933695
-0.0242385633560282
-0.0637056935496288
0.0247840970077034
0.0939204068093791
0.0918818184374017
-0.00979207989085478
0.0257095080247071
0.000680385366915013
0.0187490361412007
0.128924678684157
0.0693522409396296
0.0958799527224309
0.0381021173493755
0.0692215776478097
0.0376793702642318
-0.0145763335832018
0.0152215137544187
0.0380974637795022
-0.000568878479559403
-0.0229065475520148
-0.00261122775123546
-0.118971862693712
0.141947899265719
0.0218357290716104
-0.0190846039842941
0.00125337996959289
0.0136677992859755
0.0148609167546925
0.0358473997889306
0.0258077131418295
0.0586377265271257
0.0555122447317077
0.0540957059610965
0.0362327222960338
0.109336902066517
0.052917591706009
0.0165488821860918
0.106836659484484
0.0881420974067978
0.0582869357914836
-0.000515484641056433
-0.0524174013175681
0.111424736359943
0.0157483157601053
0.000307021314089485
0.0391831251857546
-0.0393551712970013
0.0358236306877185
-0.0292105461194181
-0.0551420634205979
-0.00597328126906194
-0.0213920525143282
0.0012376014688894
0.00423899750074891
0.000701010466698422
-0.0370311930462679
0.00643845435017434
-0.0419142211784665
-0.0203971934064683
0.0900204660737963
-0.0528270974325204
-0.0604479955686156
0.0219045700366011
0.0113061146009101
0.0187165108843204
-0.00128147628504778
-0.0433965464605833
0.0253406673721796
-0.0169616671556413
-0.0203639879278354
-0.0777124502923394
-0.0155729095174925
-0.0346035778846627
-0.0541383360349384
-0.00226975345557374
-0.0179689905491554
-0.0757722576552554
-0.0199582104227503
-0.105408260073461
-0.205133850912512
-0.121828662263803
-0.134927123988538
-0.00878011782097813
-0.0300915327594042
-0.0151540048908329
-0.0217781181960953
-0.0352491875683186
-0.0408993053587707
-0.0340005625645945
0.0427928014326924
-0.0171484158980823
0.0372097568660666
-0.0102825598299114
0.00225351775329308
0.0559560483330261
-0.0193338685713369
0.0568548361503281
0.052591053036042
0.060034394963783
0.0496480323358609
0.0205148971788082
-0.119274531610644
0.152483055411708
-0.0360140724354122
0.0364985489373601
-0.0185139234679025
0.0379142566302111
-0.0370183732638261
-0.0184666639312902
0.0185139234679026
-0.0373953177885135
-0.0369805873991943
-0.109268417705901
-0.0754145624607387
-0.0895436618347084
-0.00171848359271462
-0.0186422310653406
-0.0923101391035778
-0.0317841278826124
-0.00271809131923524
0.0107226673042922
0.0265082384610844
0.0208709549615021
0.079284729760661
0.117445774275101
0.094575678898576
0.109927540983736
0.0547575232174344
0.0174565291066563
0.012194411434608
0.0998164662564084
0.0549472608991418
0.0375029950551117
0.0290789293538499
0.0245889648833639
0.0131471024063254
0.0368932785354966
-0.00377789182370552
0.0353555382345338
0.0426322582955365
0.0593034386584929
-0.0489235107183375
0.0756869642487306
-0.0109381050831507
-0.0258121651522034
0.00699885873135143
0.013670091135072
0.00406555482243521
-0.014764833357387
-0.0237070755728271
-0.00299227731788952
0.0408906747506649
-0.0410262776906856
0.0397160896849981
-0.00322395828506139
0.0560904774291498
0.0149097259511646
0.0427837674229517
0.00677809242035663
0.0329620941159804
-0.000130989028506556
0.0602817003784042
-0.0488252550011519
0.0797525671129423
-0.0550181065207861
-0.00296725320890478
-0.0209352515996432
0.0049040341800641
-0.0563013821018678
-0.0334075391999854
-0.00144267244125384
-0.038273031090334
0.00205985515652274
-0.058437407517293
0.00148362660445318
-0.0406895935147496
-0.0147166307305603
-0.0828629807817976
-0.0624225623179784
-0.0970467377431741
-0.0740299160691411
-0.0706445104937336
0.0264762243139846
0.00437730046799506
-0.0112979489640221
0.0163579318475839
0.0343464393463967
0.00487019001755663
0.0367684104123876
-0.00137100797732004
0.115200529711642
-0.00311147573771372
-0.022261549765434
-0.000193289837412379
0.0169724988842319
0.0226284206587433
0.0147926700261482
-0.0175960190708267
0.0177117685735755
-0.0188931353454215
-0.0218607013339835
-0.103677340485095
0.0314954734726183
0.0182802661702066
0
-0.0195249167094299
-8.02605361552777e-16
-0.051637344126442
-0.0379294206432063
0.0187126632050773
-0.0173007049210087
-0.0223471442398167
-0.00543996421632395
0.0277895883632542
0.0181315377391033
-0.0172126938908505
-0.00358108562740645
-0.0164521531287387
-8.1424460118033e-16
0.0308844848218592
0.00290582154151144
-0.125921500374099
0.114626264179413
0.00618300039520316
0.0026788870024849
-0.00451231362338703
0.0037090665111322
-0.00219125563447828
0.0199519321455744
-0.0165781438892425
-0.0225271319648901
0.0022868745876185
-0.0194607332197501
-0.00105713165516255
0.000777650970149395
-0.0164105121552238
-0.0211151389474586
0.00367682453540921
-0.0153781028989562
-0.0747246669961132
-0.0357075330757311
0.0602219249422042
-0.0882823316230633
0.0428556513086509
-0.0203868790546604
0.0415296842091764
0.0299864482097536
0.042289672980654
0.0523221570492894
0.131854530992174
0.0360402919422098
0.0541790409607538
0.0737016243662674
0.0305463222410102
0.00463518649266931
0.0148807306010932
0.025478362087769
-0.00454303118010213
-0.00518433980100027
-0.00763383397223522
-0.0435517305198336
-0.166244141262064
0.105879613605978
0.00502649943449467
-0.0701610929278821
-0.079670424643289
-0.0334936025881024
-0.0744600795628764
0.020658216431069
-0.0743427404323172
-0.0902181867855336
-0.0723214138911541
0.0143252459090409
0.00127129692441287
-0.038908999153607
-0.0188197596125985
0.0374937802503963
0.0336726435753335
-0.0181515884960198
0.0395543169826293
0.0897849001596591
0.0418002181174044
0.10210630971323
0.180928521572915
0.0556108811865999
0.0355773047449992
0.0550524338384142
0.00142219619889613
0.0549811237986513
-0.019389879743037
0.00743633362293213
0.0345831424922297
-0.0205290128575916
0.00593097567298719
-0.0387112409264889
-0.0754442055333486
0.00353493020757413
-0.0146972331203083
-0.026111018521137
7.52326092279854e-05
-0.0377654834354294
-0.0522440341956492
-0.0212208862996679
0.0543136644897997
-0.0211397601773977
0.00112698116873076
0.00314129762074887
-0.0577989508976714
0.0391756376154976
0.0542695370731597
0.00126021966867429
0.0181584226784379
0.0908409178198799
0.0560033771944799
0.0675517386288012
0.0626921797799508
-0.000698352886131664
0.0540693339976027
0.0356518435695897
-0.017077610733042
-0.0440803453204479
-0.0507017314711249
0.0104276830908358
0.00190186526992854
-0.0872941850846231
-0.0175734688962842
-0.0426839531238254
-0.0632488808028306
-0.114653055236806
-0.0195066318400927
-0.0380277328473247
-0.0398344141693127
-0.0586063309265809
-0.0194351251812299
-0.0370269077403922
-0.0185115547468856
-0.019325457100834
0.00931153157385925
-0.0187514660318373
0.0211467933472889
-0.0172732760009223
-0.0605290749455408
0.0299865985999395
0.100073997162215
-0.00422296747993364
0.0234655069905615
0.0534971667358812
0.0494784051249464
0.0578036411541539
0.0333153819833213
0.0271904353627953
0.0187869779910305
-0.00290195150242349
-0.0185423954763114
-0.0597138541035499
-0.0308152654420623
-0.0935606901667746
-0.0553503780167547
-0.0925013971919919
-0.111016407252413
-0.0141507715225552
-0.0804022635396551
-0.0792161022147987
-0.0464859346418099
0.00214865137644396
-0.0209147099888516
-0.0736605164208102
-0.0157710724529513
-0.0192270124115756
-0.0553370322297814
-0.0200277750028132
-0.0566030494642948
-0.0227928771510234
-0.0144928137942886
0.0741183733958998
0.0185685718559606
0.0745669644783522
-2.40781608465788e-15
0.0549310764181349
-0.00270561522938539
0.0419366247384542
0.0740023556018097
-0.0297555285931495
0.118212023937205
0.0749525244840822
0.0540347372147564
0.00380556388358264
0.000449625913301564
0.0481201276805387
0.0217086344194753
0.108585556869609
0.0182923448544815
0.015416600778314
0.0204684519343388
0.0330591655164909
0.000670148319878996
0.0181254002234937
-0.000932568083106703
0.0230597454195977
-0.0222486523656006
-4.88644543486706e-05
-0.0339885641017047
0.0422796866288505
0.0786536110303141
0.0321347360210541
0.0607342492504727
0.0552886880982347
0.12656934243087
0.0366323221667333
0.0564959970151182
0.0737314202791882
0.0371265806769709
0.0362887916021819
0.0554098415808321
0.00190991233461629
-0.000303877806587602
-0.0188148650067174
-0.000837147596077254
-0.000726455385379382
-0.0359105302275874
-0.000563290293036587
-0.182931611556902
0.116558061238324
0.00802902644366764
-0.0378236194510494
-0.0922538130050508
-0.0537919140618662
-0.0307966117334405
-0.0202872165626344
-0.0184949906559706
-0.0366285137770429
-0.04075239089133
0.0163392199312149
-0.0663247531846622
0.0107640404133938
-0.000260175099724177
-0.0343516201431961
0.0191281299629521
0.0378883967352888
0.00077765097015018
0.0488238042899718
-0.0730311296832716
0.0669734751833963
0.000787890971873638
0.00709101874686097
-0.0047273458312418
-0.0103978395739447
-0.0223391422640708
-0.0409773060769883
0.0068606237628581
0.0149208333339913
-0.0383401379795849
0.0081221645220933
-0.0604219368950747
-0.076169395308272
-0.0763458728580871
-0.0838599178272699
-0.0729973415873175
-0.075210051383894
-0.0534843027780968
-0.0173896278585134
-0.0232334674146836
-0.14065212546938
0.00922332598593136
-0.0549828052423629
0
0
0.0029058215415142
-0.058929619748263
4.73442041486725e-05
0.0262503065560878
-0.04099154926873
-0.00352989571017211
0.0028239165681356
0.036994770744216
-0.0220509289797143
0.0595247840807484
-0.0374738551010405
-0.0220036331848483
0.00417444858647584
0.0177705187721068
0.0269425043831332
0.000102208030259449
-0.00834606539817833
0.0180201848672394
0.00272154146766209
-0.00204115610074735
-0.027932963892987
0.042704764798489
-0.000503890000340679
0.0147924403641325
0.0206023896022077
0.0354684204330448
0.0729022027597743
0.113915750993193
0.03407241430766
-0.00532023914882579
0.021253570701528
0.108182061914969
0.0578093119613863
-0.0174717870734996
-0.0219313650446361
0.0886385858222612
0.0910687338111532
0.0187611918959617
0.0731743204183541
0.0904928700420803
0.073946211773095
0.00141195828406734
0.0370856740450719
0.0363363301886027
0.018864401820472
0.00075527085225152
0.00120945424295975
-0.0712838151978988
-0.128171942014532
-0.0749141485840579
-0.0377348959115643
0.000726455385378511
-0.0363474518548477
-0.0260195574107435
0.0604574118616962
-0.0931966152299596
0.0180114915849355
0.00302927779830192
-0.0206063936063133
0.0185828810559539
0.0542533726429092
0.0161673075051762
-0.0185900439292883
0.0734141355845195
0.0865404896565772
0.0228630973489297
0.0536351659186042
0.0155959772612841
0.0366448555621945
0.0247365024757198
-0.000690490556668057
-0.003837056343144
0.00526436589394771
-0.00391385466619525
-0.00511747662702143
0.00284068519134384
-0.0546935402464768
-0.021280439936622
-0.0210121272929091
-0.0499640739287387
-0.0155816731009618
-0.0405027310898562
-0.034196673226405
-0.0553550777997763
-0.00533604070444485
-0.0701060927841971
0.003904280538029
-0.0417513912787937
-0.107279761380725
-0.076146992165888
-0.0299822540583874
-0.0178316874416802
-0.00254955321209351
-0.0385488110002659
-0.0440476690323673
0.0191939362699035
0.0167356424476859
0.00148362660445094
-0.0344327886165678
0.0355072049953652
-0.00222763495057256
0.0197230835523823
0.00026177479837641
0.0181890886335474
0.0194294700829633
-0.0134848877387699
-0.00352989571017003
-0.0713310382219299
-0.0286914834101857
-0.0337631926876254
-0.0107134360366209
0.0174374482965437
-0.0809238170397397
0.0242496234805756
-0.098176347577027
0.0338588093159163
0.0343267192917778
-0.0201352311065174
-0.0161505959425614
-0.00697948414115058
-0.00961474255734607
0.0538989441864465
0.0003074246737092
0.0197586286226187
0.0528077203567823
0.0925581441542078
0.0570726660024689
0.0165258736752822
0.0386293520918706
0.0566876455834384
0.0151373032418315
0.0204969027254662
0.0325491894026764
0.0208496543817444
-0.0461021136819738
0.132457880958695
-0.0186015648578069
0.0914352438222115
-0.0178009734131135
0.0185069525551475
-4.69262723921707e-05
-0.0166682511629377
8.08424942361504e-16
-0.0164735865477096
-0.0384970485418631
0.00193935845304281
-0.00121075897563179
-0.0903059016075122
-0.0380744410112533
0.017438908100049
-0.0174325697432153
-0.0557873573505964
0.0195408653622951
-0.00815300218287482
-0.0492324197721683
0.0441924767784685
0.00699157116735282
-0.00618357021735595
0.0265444070675103
-0.0169673860336255
-0.00686062376285804
-0.0193405854262561
0.000190207788508882
-0.0119568176787661
0.0495178185835341
0.0219215213751327
-0.00283321202577557
-0.02494556077821
0.0664123847181866
0
-0.0236949714919811
0.023442947449629
0.0343561778579153
-0.0132546485056762
-0.0854623823739537
0.087261522046871
0.00155581477457818
0.0388962978472666
0.0334636142247558
-0.0134032821684562
0.0186270046915441
0.034682537081764
0.00488833975866506
-0.00378585931674946
-0.0205713101239687
0.00601641816451167
0.00168391727656797
-0.00370906651112966
-0.0371345894034386
0.0008408948087638
0.0207276189422469
-0.0242385103845656
-0.0513010995177332
-0.0609718205605374
-0.0514547593513662
-0.00812929742207225
0.0445276789390243
-0.0818059633243538
-0.0292204028160178
-0.0361583737402679
0
-0.0211339519367759
-0.0415617649747466
-0.0281810697666728
0.015335014553014
-0.0364357948346916
0.00120007142627385
0.000124508919188859
-0.0182041157400338
-0.0159733619787769
0.0692547289059324
0.0799305373817326
0.0520650253783112
0.0210539391311599
0.0170263745087945
0.082095954565482
0.0652003496094036
0.0126285884064841
-0.00273850155620207
-0.0534236660610301
0.055115358290308
-0.0182294266573425
0.0942114526612336
-0.0212552474652369
0.00197973459447058
-0.0375147135701348
0.0483561492619558
-0.0158331300567023
0.0189079986051288
-0.000697222744859149
-0.00447294788657148
-0.0118035201545364
-0.0201606954455077
-0.0512293245116337
-0.0183340935196907
-0.0272347185641825
0.0593026389893877
-0.0366539188368805
0.000705979142033809
0.00143243425096117
-0.0014119582840676
0
-0.0174963417553541
0.000481617423316684
0.000448761157135407
-0.00276362146024723
-0.0542221950080071
-0.0177440372320119
-0.0383724333475112
0.00271766985442489
0.0174755063265623
0.0208070329881067
-0.0197706121961376
0.0296045379564337
-0.133149861374209
0.143613993926261
-0.0260787454306003
-0.0187757996238839
-0.0564276447500733
-0.043926189692211
-0.00154506216422285
-0.0202027601512818
-7.09589993130113e-05
-0.0151936047244039
-0.0226348617309837
-0.0128392242836839
-0.0147906870923911
-0.0504173510749724
-0.0780233106264257
-0.0373228632185333
-0.0146896939046762
-0.0228511655803816
-0.0124867481930075
0.0692823098067135
0.0578222596758651
-0.0457427645501859
-0.00986963626278877
0.0369182790108298
-0.000807858532935937
0.0511173949116355
0.0541736177660177
0.0421074425719482
-0.0044408345532327
0.08294255914702
0.0342745023427183
0.0323242716087541
0.0222363600979701
-0.00144996729594094
-0.042194285509987
-0.00217766179118338
-0.0109637062390656
-0.0590098704494041
0.0222518509957774
-0.0756388477452039
0.0732658908411215
-0.0972066418374469
-0.0185903209907641
-0.0353154212297314
-0.0179138972408424
-0.035580059486484
-0.0203048727386237
-0.0542718786490145
0.0181949587401646
-0.0523949691506705
0.034256428678557
0.00272379463220131
0.0735470959209486
-0.00210258075822672
0.0157269456402259
0.0940453448908687
0.112779050795872
0.0549257783745635
0.0740449963873894
0.144287941372765
-0.181974237662459
0.224734812445899
-0.015930438348621
0.0762504140386678
0.0174598416302487
0.0755617363474821
0.0166731706723496
0.0721575886788003
0.0242464053776329
-0.0215224101699592
-0.00185531048287654
0.0601789817568405
0.0531557638808565
-0.000721110409864224
0.0246549586181972
-0.0786556500393482
0.0378723035828655
-0.0216895697551904
-0.014637262503943
-0.0049730774899573
-0.0165795047863186
-0.0244463697610806
0.000685503988659452
0.0020258004324598
-0.030716258058764
-0.00858193128759473
-0.0353142955007688
-0.018044910789271
0.0183761229173045
-0.0896748223610753
0.0365946626514525
-0.034264124151698
-0.0202429715716529
-0.0562094971672296
-0.0535859870662303
-0.00350200512832421
-0.0337494436331896
-0.0552044064018193
-0.0211410058287882
0.0028393972456073
0.0218011281503157
-0.0677221695439917
-0.029830981624421
-0.0196042092586068
-0.0562741404724514
-0.0217376706490616
-0.0366002432869012
-0.0368621565579872
-0.0124013879941562
-0.00895779049454113
-0.0798116114915497
-0.0407779147270995
-0.0493719250659618
-0.0210836962600195
-0.00418572628144946
-0.0186909071052408
-0.0467963563084741
-0.0053360407044444
-0.00381145764603282
0.0644516579351252
0.0348967201618169
-0.0685600191295336
0.00379707429646693
0.00457374917523549
0.0112274262311169
0.0277835400500261
-0.00525999431906092
-0.00326696369659832
-0.0127830722876423
0.0357432135154679
-0.0187994904521516
0.0164106471713478
-0.0369392367329203
0.0421684710217501
-0.0213258850302123
-0.0622264204215915
0.0453237964084174
-0.0423929150754924
0.0209703955426863
-0.0954573018526085
-0.00400690325385971
0.00311022035794496
0.0564157896314458
0.00145291077075701
1.65176831018908e-15
0.00152839269061627
0.0121573474661309
0.0449259047862358
0.0649566107622475
0.0458031198380918
0.0870279687359921
-0.00233304322555705
0.0356589380659216
0.0412120783898919
0.0921977337759283
0.0541725724894196
0.0554070986448654
0.0566157031903738
0.084840126034356
0.0248952164310195
-0.1175256488725
0.139047974059385
0.000589169063705322
0.00187314799936169
0.018855884685563
0.000579211715508694
0.0241181599213481
0.0154032908863545
0.0319021367135752
0.0407784548810732
-0.0200302536889323
0.0384303161784783
0.0343457691124734
0.0202074962648497
-0.00276249070620076
0.0566272129384018
-0.00204241395123925
0.0116264458326259
0.0288732636161498
0.0336064436670574
-0.0940468580587006
0.143246651066733
0.0204968735345774
0.00137100797732034
0.0209050348749645
-0.0152675561205268
-0.0262274983928452
0.00115956905179878
-0.0178912219490286
7.96785858190061e-16
-0.035361893542531
-0.109929674025343
-0.108973698285564
-0.127318630947603
-0.0200283133923614
-0.0914560973992558
-0.0914880034556067
-0.00638468068925336
-0.0499891081420626
-0.00687894856279556
-0.252982380984343
0.0702631421083922
0.00274223976855813
-0.0263525299816581
-0.0483419553678011
-0.0230075637344138
-0.0200243032862155
0.00451231362338164
-0.0305734154933911
-0.0223198963726257
0.00438928405436249
0.0321215749357831
0.0388459904695888
0.0160604816460192
0.0312826676945708
0.0223460103394206
0.0372600602582883
-0.0361899617813276
0.0576963358458842
-0.0786562566605132
-0.0208074836340047
0.0699888641615872
-0.0716047054948398
-0.0170545408569442
-0.0543869645490262
-0.0196126330523842
-0.0179980485012798
0.00446740274075978
-0.0936236659329619
-0.00167478261430471
-0.038006823695713
-0.0327781657228369
-0.0172725557509149
-0.0180391056982015
-0.0199425405110878
-0.0366659723243257
-0.000726455385378045
0.0356612849008589
-0.0571890353668649
0.019279457363935
-0.138395761552808
0.149313208587911
0.00726455385377779
0.00145291077075606
0.0567029093879774
0.0338033584445375
-0.00272550051241858
0.0549823534295215
0.0548838472814787
0.0726921060559949
0.0606966356878781
0.0556225378712447
0.0371565589296426
0.0883292915370892
0.0195779940467667
0.0186324997021089
-0.000556596288002097
0.0941443033899216
0.0743886181927841
0.00301631207079174
-0.137072694427874
0.0658887107573392
-0.0180987666469261
0.0359901322700966
-0.0356548059068003
0.0562962542039877
0.0246059890646377
0
-0.00461938072043566
0.0147926700261522
0.0373314794649414
0.0378912523665873
0.0345742405184705
0.0379447775550088
0.0519265698188025
0.0397241869750393
0.0732668062279677
0.0414163872798046
0.0512085419965666
0.0383722933857021
-0.093118039980547
0.0965965287083978
0.0458917253071092
0.000779307738816573
-0.000191629935537374
0.0187175047738226
-0.0157710724529534
-0.0208306006311767
-0.0166303306402705
-0.0927665201043705
-0.042570652760239
-0.155523589169952
-0.0534551004115933
-0.0927111984906359
-0.00672577394017593
-0.0862321647997159
-0.00319861564747189
-0.0401863794064133
-0.0330833354401262
-0.0230952744683619
-0.212565210419468
0.115000642242139
-0.0341668424249704
0.00231759324633337
-0.0219778092639767
0.00504268525894244
-0.0153962152421531
0.0123826246394665
-0.0132696396085324
0.00460446761176751
0.0312587371967196
0.000157197828003905
0.0407309438690409
0.0303756206052245
0.0182293450802314
0.0282624136213928
-0.00478089174270598
-0.00388825485074847
0.0425698209249549
-0.039162936542077
-0.0960108355410201
0.129607817576678
0.0351440366593773
-0.0410218940152838
-0.0323382095643666
-0.0182838807632198
-0.00458169188518309
0.0070338653345384
-0.0903638689936188
-0.0611951333779393
-0.00181926058424338
0.0169597527699871
-0.0349612174577801
-0.0560018749917634
-0.00345257133073497
-0.0125334835737181
-0.0224077019928052
0.0420193854653765
-0.000731574620233708
-0.0525481069955712
0.00457095993641134
0.129925179082381
0.0268124814438403
0.0169567451082629
0.0385089397050853
0.0179598238698138
-0.0154073590081409
0.0489691529354535
-0.00352989571016961
-0.0121785921043221
0.0209839132173929
0.0321752802931397
0.00556593144862805
-0.00180767002377819
-0.00012695175396014
0.000695741431078112
0.051906718442512
0.0938193754986742
0.00484968424583644
-0.0944022659311911
-0.0536905114692621
0.043827487207027
0.0194857004415776
0.00135053362163977
0.0188418168904339
0.017948928408608
0.00355873133363813
0.0153435316711326
0.0151104688418215
-0.00129519027144793
0.0677340522965745
0.0244913025459253
0.000980823322591983
0.00265633070283053
-0.0013052703489953
0.0671312063517355
-0.00948111777177685
0.0183987841686338
-0.0563449109590469
0.00227068726204544
0.00462900321895316
-0.0521516555948405
-0.0108252331061503
-0.0360534906663925
-0.0370600122879336
-0.0342264211300983
-0.0742771668417127
-0.0187102433598423
-0.000613900393268947
-0.0337134008581741
-0.0201752596193142
-0.058436687114701
-0.0699934802857161
-0.10969533994255
-0.0396031199101741
-0.00448159650212346
0
-0.0278112214533963
0.035707436379386
-0.00837506463227614
-0.0661077965106888
0.11437840198107
0.0404807358992872
0.00602852649117362
0.00176616858936945
0.000762291529204159
0.0177848577980156
-0.0410271833571385
0.0217203958688014
0.0208340239148374
-1.73966504564206e-15
-0.0413854973560083
0.00317751640272678
0.0149820983051624
0.00601747385418729
-0.0188052285415236
-0.0420173590622283
0.015703236556242
0.0168577125435175
-0.0330027939894711
0.0321822376349973
-0.0393326539782679
0.042331277374055
0.0137393599529169
0.016560887451264
0.0234745594922642
-0.00428282622774307
0.0595175799428765
-0.0404555789562884
0.0843784060904233
0.0270580294101712
0.000216539991349937
0.0127281758464715
0.0187417502463282
0.0227612271198435
0.0489441070397868
0.0441538673987944
0.0185430255656963
-0.00196451713515438
0.0756152974965704
-0.0707069001257404
0.0594934143113092
0.00720058634001024
0.0160597119803226
0.0370136988034473
0.00823510796971428
0.0152153722037506
-0.000646947925607775
-0.00494185399423372
-0.00358108562740235
0.0392564538635567
-0.0143869206853192
-0.00308297349192816
-0.00047065276135579
0.00627838796863229
0.0348687709499722
0.000716126326929214
-0.0170399159695436
0.0356741160070315
0.0642516487085062
-0.0422010363655729
0.0795856250760808
0.000833130694026534
0.0239050341796241
-0.00113381735037452
-0.0018951725168518
0.0324004505567973
0.0258723211675352
0.0352522015709098
0.0340301514017113
0.00431756509495929
0.0323429746934044
-0.0194022587654732
-0.0116632098389299
-0.00556593144862986
-0.0374671662948444
0.0374671662948428
-0.073341004534432
-0.05001182639718
-0.0759976451675132
-0.0875777356600618
-0.0796438534720042
-0.0197946315133592
-0.0547658077864546
-0.073786009024492
-0.0361806796918183
-0.0340936732861847
-0.000711098099447971
-0.035817931321905
-0.0366055759481481
-0.128511541503931
-0.0900069694563154
-0.0734117999300383
-0.0211466576360382
-0.0409361060345768
-0.0216249452408259
0.0240251516113356
-0.0551847398087399
0.0179600685081665
-0.034254980167661
-0.0135442483173158
0.023795145772724
-0.0578852407314786
-0.0181487574941904
0.00799804416988073
0.0192391627703745
-0.0478905020600248
-0.060381099056823
0.0341441585601802
0.00643591046846956
0.0290331334060363
0.0218862608086093
-0.00469662559943019
0.0180425355899393
0.0212463174239817
0.0122972571833906
0.0216851765899019
-0.00273969826633465
0.00540897415206094
0.0326385752841099
-0.030968709893101
0.0254682817669862
0.0366726136652925
0.00717283110898967
-0.00403703045704135
0.0762784694817431
-0.0422994041240537
0.0423328669182694
0.0174611308278257
0.0762335844392946
0.0512611377024352
0.0389428987260907
0.0106095218668579
0.0391179647635586
0.0373434391897286
0.00345944044459016
0.0216968728725434
0.0173138118174873
0.0151300433619409
0.0134371806810398
-0.0761009505772784
0.0969455138341217
0.00276372634309661
0
-0.00363227692688869
0.0629608319028014
0.0380186344488773
0.0563519012447068
0.0892122564173218
0.00208722429323548
0.0178330663169862
-0.0236265177206435
0.017980155573728
0.0340627422657192
0.00199915455125235
0.00703361824283468
0.0727859616888776
-0.00137789944094185
0.000600237165174223
0.0547249526996931
-0.0892799414450496
0.0803727002060307
0.0242963840607826
-0.00450177873879779
0.0006701483198789
0.00593920378341482
0.0338429893147989
-0.0418589815884944
0.026816978650964
0.0531677248384721
0.0339677172028934
-0.0209607295584024
0.00862719151908094
-0.0471310328513143
-0.014322927871992
0.0394797891181932
-0.0195628271515621
-0.004898409903226
-0.0551953385178076
0.00150112904712631
-0.0675365400813689
-0.0895625747655009
-0.0833205349758177
-0.0356150921604404
-0.0523307127776795
-0.0187563277030923
-0.0912405390635898
-0.0180552127539281
-0.0185406456225624
-0.0186037131705438
-0.0351426119405878
-0.0931471395588093
-0.117017231395067
-0.0549823534295216
0
-0.0372781026774752
-0.0126863052406293
-0.0574592554403844
-0.0608788813582219
-0.0902385357652343
0.0492683826943258
-0.0715222488408981
0.00868299700256222
-0.0154396185221916
0.0143745630739386
-0.0149632856723713
0.0320721493555613
0.018337358302736
0.00310432686297451
0.0335968850871331
0.0204416362390258
0.0117254942856659
0.039876388377392
-0.018886086920985
0.0351638478031656
0.00156554186647654
0.0588049802165875
-8.60804747559397e-16
0.0174109374103281
-0.0208049156342622
0.0745525974215471
-0.0404176089004656
0.0590179979816387
0.00143526089841201
-0.0072653101655776
0.040142784264404
-0.00401644488538828
0.0237505000130418
-0.0266479578735783
0.0257638683239135
0.050225085955771
-0.0118310117105752
-0.00164604289552147
0.0363605431701358
0.0188932064484735
-0.0393017018308579
0.0385299124560954
0.0165087988769626
0.00451105358237924
-0.0389577741091946
0.0255092591534149
0.0973391309112676
0.0729034546801023
0.0548181553727002
0.0577689685738741
0.0914566026843408
0.0134787949895772
0.03963221476267
-0.00140172050548413
0.0230458477983303
0.0225964388973523
0.021783208904394
0.0163477770246677
0.0543378232185352
0.000534679518810719
0.0201351419054852
0.0514465481380091
0.0181105782688565
0.0124928723854122
0.0269403764684276
0.0369111992361808
-0.0665024180439456
0.0442541533798037
-0.0361892173479322
-0.0362718235630114
-0.00405160086491775
0.0137201550025519
-0.0278757510437757
-0.000208584214718688
-0.0255298017474203
-0.0370321818174958
0.000259543196706197
-0.00119697435902073
0.0191326617581378
0.0179584057782
0.020686509282061
-0.0194506549112084
-0.000705979142033103
0.0372024261211662
0.00304158951616123
-0.105476589232084
0.0200269547973856
-0.101895667328305
-0.0346213448232474
-0.0724185440754372
-0.0543727574374035
-0.0542033891962774
0.000142034471504801
-0.0373978684854348
-0.0740917661095513
-0.0186259412849708
-0.0556672024850378
-0.0723663642544247
-0.0221475470535174
-0.0505061393105865
-0.0942278202221257
-0.0774007841662157
0.00120381896853898
-0.0751723862253321
-0.137532788841873
0.0135226136522635
-0.06846539349636
-0.00992162090494502
0.00663773518704394
0.011722906198933
0.0220362103732964
-0.00150129280618127
0.0504032465597934
0.0631958817654562
-0.0400846967149324
0.0356996573007092
0.0331227028940564
0.0351004701344124
0.0424220851510745
-0.00426594222747304
-0.0195386340957959
0.062647301965184
0.0298559819315639
0.0359069867240504
0.0218759135401119
0.0373604586704908
-0.0998425123636806
0.0934997203989612
-0.0484404884940613
-0.00586088497881992
0.0189440836180991
0.0155162775120718
0.00517388059065715
-0.00408295514530876
0.0553524100591598
-0.0374533777251204
-0.0516187471376317
-0.0395202068336774
0.0188802668360376
0.0051868422105844
-0.018666204653298
0.0747195248550376
0.0163880517985301
-0.0380316100236392
-0.00201303371670587
0.0252805492637058
0.0575683896335111
0.0974314340918579
0.0366951825349533
0.0928285171149818
0.0618302761749963
0.0340642665622961
0.0951310746818925
-0.0215317405415831
0.0330199758836242
0.00141195828406609
0.00414373605929481
0.0325939618259166
0.016723121527792
0.000523997323729959
0.0376542763532037
-0.0216141274360553
0.0625185010525928
-0.0213676685357933
0.0333595377604645
-0.0235687319919473
0.0448635287487359
-0.0375321803634274
-0.0239700219995523
-0.0124612691371934
0.0567467363922064
0.0124561606678346
-0.0172275327619609
0.0297970971943324
0.0243339076913193
0.000136462885563153
-0.0154257319728674
0.0186379597031987
0.000856070842780059
0
-0.05460848011887
-0.0002839742722636
-0.0351049115255695
-0.0549859003773686
0.0288233750291599
-0.0831763935418466
-0.0647870282294351
-0.0121400378577788
-0.0734620815776652
-0.00515685747977763
0.0257006282551048
-0.0403843327254217
-0.00501368180375383
-0.0507162260799289
-0.0770960552954241
-0.0528593806474986
-0.022482687398007
-0.07494171549044
-0.0188109691698541
-0.000240688569532672
-0.0555535490804156
0.000263933610741026
0.020992134712117
0.0204919823810869
-0.145961844640631
-0.0282441539796074
0.13847912113439
0.0017864372577142
-0.0110218727706794
0.0122769923051832
0.0389119277804394
-0.0192297720441808
-0.00391385466619113
0.0194939905728277
-0.0176393029469462
0.015423152336323
-0.0174754653841012
-0.0319464109245484
0.0141900254155212
-0.00324240556003302
0.0455640000818974
-0.0211189990190113
0.0508866322408265
0.00463633313890454
-0.00313985380625556
-0.0270753026432727
-0.0195940588203582
0.00532363891697905
0.0247475889412086
0.0286302027772496
0.00445376036143352
0.019517308342937
0.0398211095796973
0.0463139216356628
-0.0306164405044407
-0.00448948514865382
-0.0172272295279457
0.056127342527885
0.000848739770867949
0.0183483768552284
0.0351738363019061
0.093248152961459
-0.0177229968234627
0.0916721351904065
0.0113367462421252
-0.0957228728244606
0.0563843533754562
0.0640178289334678
0.000122439714591637
-0.00171892110115116
0.0172706119862329
0.0192270124115722
0.00688453110876123
0.0198479092843881
-0.00375700372782311
-0.00139148286215604
0.00414373605929578
0.0180934312762607
-0.0207919376721524
0.00204115610074312
-0.0223089980683099
-0.0157324152634942
-0.00250655132106292
-0.00240902273310974
-0.053243447406462
0.025463362705472
0.115673872916516
0.0226684362398941
0.000457002659106558
-0.00186896067397729
-0.0227091855321777
0.0563551523207565
0.0230331716773251
-0.00561443501134595
0.0221447178379618
-0.0139361352368746
0.0290508864468143
0.000705979142033711
0.000974239079699859
-0.0358246972781715
-0.0327110222595038
-0.112832079331308
-0.0676869788498729
-0.0231459697342661
-0.0922963459147813
-0.0328564399935801
-0.0502259074468155
-0.00948089891613331
-0.0374190067954134
-0.00113830485513212
-0.0537213344375
-0.163296102065436
-0.042427373879398
-0.0431044665829357
-0.112095355883151
-0.0281812169906329
-0.0338083684409063
0.0194046092777841
-0.0970553964620123
0.0355538301761363
0.0185337697283241
0.0183910993068163
0.058096394884675
0.0701459205638039
0.0581393883151829
0.00640865865961605
0.132487296262253
0.064625673154333
0.0201615143299546
0.0195819470591312
0.0321542522812129
0.0407500753217524
0.0204658307255454
-0.020465830725548
0.0386905834528147
0.0185829975153839
0.0357302978777196
-0.0230456503847625
0.0170227355080442
-0.0363599126034542
0.0440036219978547
-0.0440055771413404
0.0350117972466224
0.00801461847822414
-0.0413031483414204
-0.0781084736364459
0.15100900136413
0.0153157819736604
-0.0230627712432157
0.00602951155945868
-0.0145663274987302
0.0143894493492004
-0.00515020721406911
-0.000781968882464685
0.0193697704398891
0.0792229785684742
0.0196503640150466
-0.020460703679783
0.0122790391334219
0.0270267710194963
0.0349453415538329
0.0540345444608788
0.00219472386069426
8.31704051314835e-16
-0.0252150215299761
0.0119382813405736
0.0288186335865671
0.0338746450051187
-0.012912396823139
0.00483435873584253
-0.0179400262742456
-0.0291846761515791
0.00966871747168657
-0.00345311338274579
-0.0353234497588643
-0.000690622676549157
-0.0202632826412152
-0.00458744892703345
-0.0724507972595731
0.0191639469056772
-0.0207509212042784
-0.0191943307117207
0.0460581727216138
-0.00201044495964066
-0.0373676427165362
-0.0331349720487465
0.100559038968173
-0.0355140678225826
0.0390882900052204
-0.00564783313626231
0.0186595707894816
0.00213329429834239
-0.00142219619889575
-0.00141195828406557
-0.00494542201483044
-0.0267694775593297
-0.00235364367822127
-0.0358610629944482
0.0380735798426502
0
-0.0590174116670411
-0.016185079844395
-0.0548941975021479
-0.0540885648653688
0.0181560669170768
-0.0884971751175656
0.041278147006813
-0.0441061666537087
-0.0554437492637247
-0.0210005364436916
-0.147573787220811
-0.0128150512227522
-0.0554978956524127
-0.05677390036066
-0.0148509003727631
-0.0591642847302705
-0.0365003061259312
-0.0584741555431843
-0.0385242561465477
-0.0185743567499111
0.00137554264672544
0.021325442043362
0.0412753414399986
0.043446343960142
0.0456173464802854
0.0477883490004289
0.0499593515205723
0.0521303540407157
0.040433226250141
0.0726863012871034
0.0538223367507721
0.0372153945466575
0.017146646693567
0.0253047691267642
0.0118581894308608
0.0541984704718663
0.00376026135281083
-0.0227020952875832
0.0228605727131893
0.0139536617796701
0.00690121287228605
0.0364128705171785
0.0356063814357232
0.0178691258369508
-0.0714724117070912
-0.0164923004300088
0.148945594956386
0.0638612171854494
-0.00123479199332755
0.0316184813631706
-0.0330123773159452
-0.00109565759857881
-0.00221381196550275
0.0371803333742434
0.000577035902379107
0.0203179959870493
-0.0162908149027727
-0.00148362660444824
-0.0134787949895823
0.0334022838699234
-0.0142756958467935
-0.0204287566372267
0.0362406952376498
-0.0183561078579475
0.0171283110254208
-0.0793545886913695
0.119575473891874
0.000700860252741141
0.0109954213336017
0.00765315574185789
-0.0032347396280353
0.00166977943458723
0.0160221177045485
0.00139148286215469
-0.00417444858646884
-0.00140172050548228
0.0335611718261749
0.0230617120053879
7.85147081556771e-16
0.0189058293351171
-0.01999380270725
0.00138124535309799
0
0.0178934345661379
0.0117682827706844
0.0297841880526542
-0.064982764787684
-0.012570541750807
-0.00414373605929379
-0.0188672421453492
-0.0356207724079315
-0.0011995941280986
-0.0361111863389836
-0.0193453137503268
-0.0664040942671529
-0.0205517540026175
0.0145503934654591
-0.0420315163871832
-0.0123866551233784
-0.0321870170258941
-0.0217551637873657
-0.0346328673688286
-0.01802495476539
-0.000700860252741063
-4.73778691395942e-05
-0.180549071610873
0.113873271084879
-0.00848382666328901
-0.0561939909847301
0
-0.0554129775587447
0.0208302903103128
-0.0276799960837541
-0.0522479959099218
-0.093835521048298
-0.0176861641462253
0.0276763845442204
0.0294490205233942
3.53009613322636e-05
-0.0594942486731736
0.00553284890639367
-0.0186770369479426
-0.0384554563520482
0.0200417851960417
0.00317522818317851
-0.0688686651484855
0.0207472528476969
0.0461608758983892
0.00129003181865208
0.0344496609706532
-0.0145292674242844
-0.0187904301170993
-0.0230993021219271
0.0399725415464793
0.0140039446347289
0.0442434361279347
-0.00629880534995021
0.0036467997789889
0.0877422463664734
0.0446918248949903
-0.00914177115206555
0.0171908180723782
0.018752649647047
0.113570911734916
-0.0233737556180817
0.0507369180348489
0.134968849859656
-0.0339770934945963
0.054724882767769
-0.0179474276196408
0.0134811372025093
-0.0525530535950761
0.0151811902299744
0.00407997316223288
0.0395044548521424
0.0170697458410874
-0.0577690059854355
0.0185804946579734
0.0577528133566399
-0.0010019176399817
0.00504935354437211
-0.00617487077570191
0.0234710237681082
-0.0584961700577095
0.0343784530572232
-0.0267409397445029
0.0245062625819118
0.000650354437337887
0.0184808164390921
-0.0174590509872373
0.0163298048051257
0.0048701900175448
0.00207186802964489
0.026255238800188
0.00331845779741944
-0.020289438344245
0.0202632826412151
0.0448191341196977
0.0138923142784
0.0161564051401452
0.0270416149083768
0
0.0353618616994389
-0.00134029663975769
0.0546419547539239
-0.0493103047776219
0.00708476800940579
-0.0180699777571866
0.0012523345759396
-0.0034275199432964
0.0194796795505225
-0.0187737004084901
-0.0541619572317251
-0.000552498141239181
-0.0545403703529114
-0.0173290762747224
-0.00642904861927665
-0.0281785301343151
-0.0375068806921946
-0.0362169522294621
-0.0716751017771053
0
-0.0028034410109636
-0.0358223653453152
-0.0905702743909203
-0.0859239550327726
0.058776623800967
-0.0259350236975071
-0.037982273725381
-0.0231963895690957
-0.0758844155970079
-0.0455413779101875
0.00992110579880402
-0.0556018060903756
0.0154347066327939
0.00693040434905268
-0.0412096967603845
0.0912568372873963
0.0209879615450952
-0.00132294126669818
0.0370933004914978
-0.0123242035622857
0.0151363198397048
-0.00472734583123147
-0.017029923000831
0.00997801292723216
0.0628176189609074
0.0220580951968687
0.00381145764602277
0.0360815989257563
0.0125926326756517
0.00645285368895419
0.0136975921527027
0.0235149968423637
-0.0605219208739662
0.0407238805547358
-0.00231759324633004
-0.00333278987206504
-2.58241424267527e-15
-0.00155530194029599
0.0240252164838851
-0.0160699942596638
-0.00310460028189317
-0.000749664157118925
-0.00409159460201686
-0.0276829893836973
0.0802969754935665
-0.00299144716073914
0.0249082057011122
-0.00355736046962129
0.0156643702388244
-0.00101638870560619
0.00739262484850285
-0.0247561359256748
0.00729181498513499
-0.0187430662051664
0.012988845495217
0.00468805225433958
0.0328685856707942
-0.0324916686054894
0.0214883014883629
0.0346849479166771
-0.000705979142033941
0.0357383963685873
-0.0389062852488094
0.0275211703715126
0.059493536923454
-0.0468909390708369
0.0377729632070205
-0.0420778756895089
0.0182497889283652
-0.0273938233421071
-0.0466406998853997
-0.0156830359870188
0.0231248344664194
-0.0345298849605976
-0.0486457259502262
0.00630651648342497
0.000685503988658856
-0.0185590446256615
0.0370233519127525
-0.0408801483851265
0.0397005944299551
-0.019606813934856
-0.0578421778157128
-0.00802588872930343
0.0934554881842423
0.0441846343894386
-0.0182064064303251
0.0350421967977703
-0.0155172359259545
0.0341955377803609
-0.00421502589614544
0.0237812069321145
0.0370195031315494
0.000405459669010415
-0.0364679374148608
0.0182086976971802
-0.0182109895408173
-0.0108063344477849
-0.00769648231207648
-0.0161518275010927
0.000695741431078568
-0.00130159761223278
-0.0352183049282576
-0.10879773797836
0.0479559701233671
0.00142219619889397
-0.0352850546027068
-0.0736840529571322
-0.0408877397355134
-0.0635539680479914
-0.112253513997949
-0.0224106650596348
-0.0507826575201062
-0.0744748004109154
-0.0270211572378794
-0.0662409151058235
0.066985596908526
-0.00305914804299101
0.0922840842016791
0.03821395099371
0.115448889761906
0.0568954504997122
-0.0622436703266294
0.0402786278587423
0.108879939907179
0.0232449789272071
-0.00207373592039592
0.0200780219370342
0.0377245193942135
0.0508356399582346
0.000772531082107297
0.0526998317929664
0.0238739648013132
-0.00359456167638293
0.0261172709839242
0.0140002717946162
-0.00151410508407979
0.0138125610324883
-0.0203388884813108
-0.0328915225398834
0.0926545744149099
-0.0186957374210722
-0.0613264105309838
0.0134124294973958
0.0770761274624
-0.107485103742388
-0.0157635791892059
0.000701915452524297
0.0187517002841731
-0.00511607512417893
0.0179511553228031
0.0052285292524681
-0.0380182547513402
-0.0179851117734237
0.0744488422898903
0.0352255515819699
0.0338076381088143
-0.0144253513545179
-0.0221998152829563
0.0406229595876305
0.0378208463889341
0.017473043587204
0.0349042588896107
-0.0464045246592149
0.032300573516139
-0.0192609080313134
0.00256624883586551
0.0177732797460549
-0.0204122228016716
0.0325932987584028
-0.0128234631984428
-0.0429670051404193
-0.00268581422054826
-0.0317376019537549
-0.000947424878577117
-0.027720357737137
-0.0935553094175373
-0.0361195784568326
-0.0428173713390575
-0.0213257896219558
0.0416121818982846
-0.0198570025972951
-0.0719930193937043
-0.0383943598900702
0.132057073226529
-0.00266011957440502
0.0549603402923588
-0.0222196941332856
0.020036034060826
0.00458355263134838
-0.00297057065061726
0.0149633933604305
0.0391719597405918
0.0349199725116419
0.0188984210947787
0.0178097380479772
0.00188127647869847
-0.0196619976258634
0.0182500393418013
-0.0189100948820667
-4.5935174544345e-05
-0.0537342548345375
-0.0799501278563484
0.0158109832481645
-0.0271990575507023
-0.00705979142032377
-0.00965255415566368
-0.0189479785921033
-0.017720703474072
-0.0201820775663955
-0.036381450979853
-0.0382446407346555
-0.0123300883227133
-0.00435873231225969
-0.0538050250521423
-0.0370377792936742
-0.000222617121995329
-0.0550357742806286
-0.00248874154924805
-0.024352419552633
0.0429726642242757
0.0303356541953428
-0.107524270462735
0.0837576742954178
0.112896189569466
0.0324288654432706
-0.00154506216421897
-0.000762291529204822
0.00153482253725236
0.0720777485290287
0.0150387206661466
0.0250853764901113
0.035237370594905
0.0326313519123506
-0.00391385466618575
0.00838520682125217
-0.000762291529203954
-0.0348353295450445
0.0288971111852027
0.00375194216120853
-0.0233971958335798
0.0261621219093208
0.0106727802935
-0.0386952039359806
0.114498380772785
0.0140974805767483
-0.0162732565070667
0.0143581325136094
-0.0719240645093805
-0.00594258733730588
-0.0140017409170228
-0.00619751783686892
0.00973346070348988
-0.0612063108727611
0.00511184200988579
-0.00294677570272887
0.0215567456956868
-0.0378341904584004
0.00129204073482372
-0.0352466761726767
0.000651106477707861
-0.020615440557461
-0.00444928943152383
-0.0525698373936449
0.0794501850621886
-0.0354050423489327
-0.00139148286215549
-0.00278296572431099
0.000695741431076167
-0.0335682623789943
-0.0912655098156193
-0.00280344101096301
-0.00115771894325181
0.0163704242507877
0.0213462439230819
0
-0.00282391656812751
-0.000705979142030674
0.0377482884726666
-0.0392004466981371
0.0387459011782981
-0.0297216459011423
-0.00162794893074316
-0.0124367685439218
0.0621346498314755
-7.73508607964626e-16
0.017164468626002
0.000232645907661546
0.0786326637120148
-0.0411752562618614
0.0399844511290948
0.0144906558592055
-0.00105129037911069
0.0185479444888074
0.0193747645307175
-0.00137100797731911
0.000849296573106191
-0.00138124535309877
0.0372270737397385
0.0311353178153747
-0.0308974106974366
0.0195991007074878
-0.0843352495217896
0.0398323069318572
0.0269503818105905
-0.0186781316748999
0.000126905981188881
0.0164958076891929
-0.0152776205477049
0.0193817463755258
-0.0358223653453154
0.0178890098790529
-1.61684988471901e-15
-0.0365057343425918
-0.0374787086149362
0.00190991233461121
-0.05859502223039
-0.00638468068924103
-0.0114339621721929
-0.0260334870164707
-0.0180310597509412
-0.0507313015397934
-0.096299519482429
-0.0621957430536188
0.169248499321891
-0.0110232992732701
0.0173387747231933
0.0126409906392608
0.0429150334214079
-0.0207865948154168
0.0185020859209272
0.0444226874365932
-0.00540771757476882
0.0379478721319575
0.0231983929081023
0.0332102187173754
0.0126830169876885
0.0227242716804377
0.0360275055147445
0.0398647386758767
-0.00518433980098757
0.0577997534213597
-0.0302148571790628
0.00319507153143403
0.0970917243864917
0.0234760738262072
0.0330704313899429
-0.0174761977300687
0.0134656101734454
0.0224980811319186
-0.00304916611681769
-0.013577692266829
-0.0223716827040213
-0.0202287612753366
-0.00076741126862775
0.00515900835345939
0.0373277578246617
-0.0414855597294238
0.00522852925246589
-0.024625236639132
0.00597546200281844
-0.0429350994806105
-0.0177319090063035
-0.0594357032114801
-0.126029972983591
0.000354824135439278
-0.0305386765470309
-0.0354750080855145
0.0189242455496655
-0.0201105426710199
0.0192717820736587
-0.0548744794760533
-0.0203217568716462
0.0181425359067115
0.0177987836021396
-0.0554615609369825
0.000137046471344057
-0.0121962817410647
0.0166827936132501
-0.0206759765341066
-0.00121760536216079
0.00902309997261419
-0.0298577830240592
0.0150015360133283
-0.0295343110996857
0.0164743658874312
-0.035983340617588
-0.0579806728646095
-0.0353302347960941
-0.0028034410109621
0.00210258075822158
0.0545663115474262
-0.0364958926504914
0.0030324114387952
0.0166193773625022
-0.0205562454703643
0.0038486102056021
-0.000351158330066586
0.0734992808228919
0.00408231220148008
0.034218096692997
0.0308030026561009
0.0349379664322218
0.00653567273886397
0.0324638141329066
0.0226654767930025
0.0310945970157704
-0.0175011785314402
-0.000483218619761139
0.0196398698999261
0.0197589486580065
0.000705979142032063
-0.00060951265666853
0.0566549935229554
-0.0193453137503235
-0.0172772856993434
-0.0201858211375071
0.0205144207792939
-0.000705979142032873
-0.0541017237218088
-0.0181897635460909
0
-0.139509456352213
-0.0294592972597607
0.0855032785551655
-0.0372798348804619
0
-0.00861336266010465
-0.00426888555832641
-0.0391633093635681
-0.0369830158890995
0.0156856286064693
-0.00233295291044436
0.0059712836454343
0.0174018580526466
0.0304058759258836
0.0483580734793137
0.00381145764602114
0.0156220636351606
0.0344984796812056
0.0587304347706944
0.0569108226034147
-0.0635078624424795
0.0541065148739565
0.10014357000742
0.0414183568231807
0.0316028363848511
0.0169083752575553
0.0167033823418019
0.0756949534842913
-0.0184560756880774
-0.0196018377099669
0.0330103139915469
0.0183631839995573
0.0231090740518506
0.0166127099283396
-0.00457445800466484
-0.0129032321388383
-0.0207205441856427
-0.00151434372669779
-0.0226934733179903
-0.0159480010435024
0.0108831201504241
0.000793011086544761
-0.0124399802327799
-0.0249587097328268
0.00971012575457987
-0.00358125258692349
0.0224667082755375
-0.0253926479077572
0.024682463261339
-0.0388082594888557
-0.038382022954666
-0.0298919089350068
0.0178977658459398
-0.0400875329343851
0.00234564194490279
0.0017611841623881
-0.0977340772752184
-0.0336732873135378
-0.0360384533648713
-0.130972587252761
0.00157539447924639
-0.0348124195703072
-0.0510830128763584
-0.00240334118307272
-0.0164912989051294
-0.0182064064303253
-0.00560688202192364
-0.0697011595452568
-0.00792337769527768
0.0213092417742436
-0.0540630095705843
-0.00429730275287502
0.000632087199508499
-0.0200535812138492
0.00490602176918156
-0.0042665885966791
0.00352989571015984
0.0144928137942988
-0.0173167303624267
7.79327807161223e-16
0.0105105370453206
0.0191879951807599
-0.0111743562417732
0.00299959787040401
-0.00455781811630989
0.0193508186367245
0.00177202631856816
0.0343046441779516
0.0578059453503763
0.091499727504046
0
0.0210795313513601
0.0385340275539555
0.0132674341225692
0.0207239539477871
0.00133005978719953
-0.00244938732088849
0.00255100795197989
-0.00205651196597544
0.0187977539173224
0.0160734188093305
-0.0286887006296536
0.0297006906253073
-0.0364087916589463
0.0384280813139574
0.000675266810816897
0.01478539716283
0.00342751994329156
-0.0246476205544724
-0.0316373013499984
-0.0384553073759897
-0.000716217125478301
0.000716217125478301
0.0208466260725872
-0.0201668720366857
0.0116245689873611
-0.0100227248123791
-0.0360622947763758
-0.0276161267320593
0.00653809846838473
-0.136148980007103
0.0192372467728582
0.128899498814314
0.0180025272989674
-0.000707322864990279
0.0187879901183797
0.0379332415089865
0.0329282178682181
0.00701308206867855
0.0421933245866883
0.0336114884452944
0.0606900453138665
0.0489791466523968
0.0750922079798261
0.0510212137601263
0.0454637676419904
0.0702336844412653
0.0532583991529196
0.000995373773924944
0.0507336043234229
-0.00601387840533477
0.0404718828062425
-0.0491564062515838
0.0141030796309557
-0.0132453332661292
0.014904216672833
-0.0707651226077486
-0.0230262822579526
-0.00407574836278567
0.00457374917522377
-0.0166378958906009
-0.0209829028848765
0.0360369443105276
-0.0871751505430526
0.0127173404416199
-0.0371912535784293
0.0365879807658208
-0.018083528546656
-0.0357090136300014
0.00448159650211174
-0.0070235552442607
-0.0042210826222338
-0.0126554851705713
-0.0352483253273922
-0.0548154492521303
-0.0610870617357079
0.00715099049407544
0.00021313716076107
-0.0022100817770431
-0.0485693890330052
-0.0266650298769337
0.00341401489440812
-0.0582902659560989
-0.0282686564624167
-0.0769546882076751
-0.0698449932187481
-0.038040269617755
-0.0185069525551478
-0.0730243707137221
-0.0541817570700621
0.0144404755938373
-0.0226346795786975
0.00488780044727233
-0.0205446200421996
-0.0396862967532558
-0.0484982223502385
-0.0181173685504114
-0.00280344101096118
0.00952539513678228
-0.00759684944202748
-0.0351474609846893
-0.00340192683456622
-0.0173882654073746
-0.00136077073382646
-0.00202580043245486
0.014086357799268
-0.0163644937622032
-0.0326249347117071
0.0583040206017859
0.0372444537146628
-0.0262599554654424
0.0358131153073067
0.056248976074547
0.0607869251638439
0.0374934655316554
0.0888691133451541
0.0764852683640954
0.0525371001819392
0.0400438482566933
0.0132189556685058
0.00202580043245333
0.00392875939829749
-0.00450911298022094
0.0192528241316319
0.0385773510389166
-0.0567458051989701
0.020870071323525
-0.00137100797731667
-0.0179289422482638
-0.00210701507941444
-0.0850180529148176
0.0203156073001904
0.0467030777463162
-0.00284439239778591
0.00142219619889377
8.08424942359027e-16
-0.00092562030237253
-0.0243025893112779
0.00726455385376147
-0.00389521559137002
0.0198173814274644
0.00217936615612786
-0.00341401489440804
0.00226692113745415
-0.00337649824721641
0.0219330593053761
0.0188246567657622
0.0194155361541401
-0.00166907993000306
0.0712926707914535
0.0489502830741651
0.060867776570743
-0.00182617994651448
0.135561285538546
0.109157042797087
0.0171319747837234
0.0477974927139752
0.00550155848820519
0.0352860904847646
0.00714127014857337
0.0145904025278115
0.0134656101734487
0.0256067249150606
-0.00304916611681625
-0.000482862602551455
0.0211981022416334
-0.0254069795511178
0.00207322495378072
-0.0327156682038524
0.014097480576754
0.0329011668967851
-0.0603791265944545
0.0274088493597727
-0.0753784900917674
0.0203560313340731
-0.0374824176089017
-0.000847865198027511
-0.0322036304456091
-0.000746932750353119
0.0319766224473998
-0.0566140714570432
-0.0103303171773511
-0.00331270887842908
-0.0187831120215043
-0.0155230102929155
-0.00130713231311665
0.00111271995333665
-0.00516395141738237
-0.0338086407918069
-0.0373239582668156
-0.0402196595666966
-0.0386037269024994
-0.0868909102628786
-0.0514147642195608
-0.0942474737938255
-0.0338599013832924
-0.0430790426867137
-0.0115135095007352
-0.0967234772456409
-0.0552729459179972
-0.0560310963209634
0.000726455385376124
-0.108270160443896
0.0175350862628049
-0.0366640029145468
-0.0362187981275416
0.0173746395501227
0
-0.0368334936641156
-0.0179689905491549
-0.149487119634879
-0.0169516102644234
0.0406379610878353
-0.000716217125479688
-0.0377677694690509
-0.0172572052630497
0.000194341505338531
0.00476269756838866
-0.0244692907250271
0.0189083000394207
0.0164030958434453
0.0449036371124423
0.0187466068802342
0.0374546889967081
0.0172599725753247
0.0547283582441266
0.0381708062959998
0.034699129002647
0.0362975473942734
0.034421133284238
0.138925595270184
0.000695741431077137
0.0204222896497337
0.0556372613966222
0.0374591918746105
0.0364095711984882
0.0374593020988162
-0.000690622676548024
0.0188026396233468
0
0.0365806591076239
0.0382486771948709
-0.000556593144860288
-0.0346846362105868
0
0.0180549725744145
0
0
-0.0186211469628891
0
-0.069641999128409
0.0231132752067978
-0.00881250379030527
0.0350175557162947
-0.0186308998644261
0.0562158272819329
0.0185471448134131
-0.000577068976499256
0.0555184408087102
0.0113785528712367
0.0376191868907026
0.0174138349323292
-0.0188173276913396
0.0610600184574201
0.0362396680744436
0.0713455053086699
0.054906517764906
0.0531743944972247
0.126977383500634
0.0876854596934554
-0.07272322691708
0.106014847269918
0.00933181164177017
0.0188634032976545
0.0214947538854646
0.00397798334778447
-0.0241136291267128
0.0270656545426763
-0.000762291529204122
0.00326783078278903
-0.040740135509574
-0.0580494184614911
-0.0740681122144488
-0.0224622584317119
-0.0231484583052001
-0.0238346581786884
-0.0245208580521767
-0.025207057925665
-0.0258932577991532
-0.0105008800997415
0.010709134834544
0.02104942533006
-0.0140581701005049
-0.0181271013515992
-0.000588829903687874
-0.0215406370135639
-0.000762291529204111
-0.0365876667051789
-0.0141809271226585
-0.0238578253705024
0.00522852925246309
-0.0567076679375281
-0.0227447087687006
-0.0572272098928856
-0.0884460102733167
-0.0365552051216783
-0.0150691699459411
-0.0206527287389678
-0.0965645815313141
-0.064447493848188
-0.178638377997167
-0.10362407086099
0.00346179541037378
-0.0195200497592834
-0.0544432599465726
-0.111692275525932
-0.0380460050331323
-0.0907179420957759
-0.125400141631031
-0.0742049470732362
-0.0905613537958318
-0.00155024057999412
-0.0676432401372631
0.0172122396002237
-0.00210258075822165
0.00434152526150009
-0.000695741431077006
-1.55865561432141e-15
0.000685503988657269
-0.0213487947485676
0.0405495552975616
0.00787838838026314
-0.0527167869455215
0.01588874663695
0.0590831166728968
0.0690194997752231
0.00221125244246527
0.0369756482299321
0.0165593967861682
0.0728539939999494
0.0746021601371328
0.0529929678377518
0.020109806875026
0.0166540590245112
0.0810016678449844
0.0521231554959108
0.0703681919293696
0.0767840297363392
0.015627900643833
0.108810809219245
0.137944392639044
0.0445467851499723
0.036716027353424
0.0381160978654831
0.0362308805278221
0.0724751022083202
0.0563761661002488
-0.00103593401482141
0.037372719589907
0.0559348978801127
0.0736871118580298
0.0551918210445853
0.0163103870963853
0.077549266137405
0.0538060625662639
0.0557238944428372
0.0165646262052457
0.0555106365656587
-0.000381209925547898
4.73442041486662e-05
-0.122650696545623
0.00815529234800611
0.0876653168775803
0.00390173130789189
0.0147570627657044
-0.0170302665288991
0.0342745023427243
0.00157375522115169
-0.0207334250278523
0.0194619439232486
0.0194363387650098
-0.0194448582009849
-0.015305509287641
0.0175307542921892
0.0531467062817614
0.00306964507450215
0.0152091332845162
-0.0023022338058803
0.020208955575901
0.00383705634312831
-0.0065079385244192
0.000813492315552518
0.00896307392613853
0.0195835002519605
0.00309012432843435
0.0132924719887694
-0.0133583854389228
0.0126173420852233
0.00210058597477116
-0.016975137169397
-0.0172806454831155
0.0180429370123203
-0.0518211437623783
-0.00586233841774892
0.022291943065278
-0.0424505344088747
-0.0730493707475843
-0.0541282975584635
-0.0735439785612881
-0.0590597430633504
0.0143800889407961
-0.0358683916628291
-0.0685476597320817
-0.0478420174401374
-0.00359363795409367
-0.00673964174127728
0.00154506216421802
-0.0731709263193512
-0.0928819126329826
-0.0390344253752669
-0.0724190519179399
-0.0382929387807988
-0.0524749261942252
-0.071368667120964
-0.0577325572618942
-0.0721490721031361
-0.0731865002766252
-0.0133456967336948
-0.0389192359757886
-0.033578995070264
-0.104183603786398
-0.0321770885491599
-0.139304169737811
-0.0539590367416314
-0.0580840636632838
-0.104692476282507
-0.0562842163145746
-0.0704774504630327
-0.0574873539493523
-0.0165910815381112
-0.0556537257629265
-0.0230548124195814
-0.0327229907759643
-0.00577068976498618
-0.0179712224446399
-0.0180159770765529
-0.037017791917587
0.00102344357707948
-0.0367044082877566
0.0186005818169795
-0.104442779170091
0.0480116242226923
0.07118741642093
0.0552840186452496
-0.0195159520881633
0.0222837905842415
0.000685503988657119
0.0147361568785842
0.0400977069670048
-0.00423587485218654
0.034468335964592
0.0258820666610698
0.0903060181840768
0.0328944236948519
0.0817213825415266
0.127086311066209
0.0709168474521959
0.0563986748599929
0.0721198721674627
0.124928964253724
0.14216067429276
0.129939604373405
0.0748519932343022
0.11503036654187
0.106941654127178
0.038663618375855
0.0913161887799761
0.0712235983623752
0.0332850180961381
0.157920398744632
0.100889464583682
0.0735149214214725
0.0553870985953454
0.0548146742585029
0.00208722429323047
0.0533198743516329
0.0340986561200336
0.0259578442700455
0.0311320330360118
0.00624068655389354
0.0177472765154702
-0.0144906996733138
0.00796410632510587
0.0210097144221083
-0.018103892880606
0.0361625934830727
-0.0192998329488794
0.00134491135332568
0.013043855625416
-0.0043266499734655
0.0219156859979311
0.00214638913461967
0.0192088890556764
0.0172660355584747
0.0156665082020402
-0.0349027553766577
0.0242346009725174
0.0335366582492272
-0.00230223380587819
0.0366584916057982
0.082953959794634
0.0432133227979067
0.0127372687672739
0.0596285094044987
0.0522468889031759
0.00387791496572961
-0.0127000733798536
-0.036331894806996
-0.0231121459035577
-0.07328845928482
-0.0205370956474951
-0.028267496459481
-0.128524574077152
-0.0655615194378568
-0.0659010656896424
-0.0173846435472187
-0.0352968303067551
-0.078276829489787
-0.0315208429514498
-0.11273723808711
0.00444354992129963
-0.140663948777392
-0.108854663830202
-0.0816564681102782
-0.0590277835682361
-0.0797303239866824
-0.109321776439272
-0.119411091653272
-0.0406011335936743
-0.109841905507555
-0.0219352530377973
-0.0917059881070312
-0.0157781438385573
-0.0598313546746607
-0.0179958099380344
-0.0512357015752607
-0.0740535694767585
-0.0925123486159224
-0.0396580104106276
0.000741813302222209
-0.147621009203496
-0.0542693605619044
-0.0146549037687262
-0.0575723842679091
-0.038496300712929
-0.125201484694545
-0.0388382022468828
-0.127568701382232
8.31704051312998e-16
-0.0728656788428596
-0.054465901900322
-0.0910255293647025
-0.146771564538649
-0.0743115640818145
-0.000842181782096431
-0.0716595606078547
-0.0362098266436833
-0.0551887884178242
5.50480893242885e-05
-0.0181084245183735
0.0763315617694154
-0.0322120221128338
-0.0650384574919572
0.0353934950412382
0.0185395307388489
0.0202346148572775
0.0724000344075098
0.0546652719888665
0.0186667929172554
0.109512079049589
0.164965151596837
0.0544749230122244
0.0545195571192145
0.037287029355672
0.0541616855300938
0.0424670053413089
0.0746327465065852
0.071671040598466
0.0728662428040842
0.221739442302699
0.000869922876860641
0.225308778634654
0.110466379294213
0.0774128891723275
0.163558270193143
0.207746359417763
0.0542751007264267
0.120565260239238
0.165587822810025
0.0983970589456968
0.0946546736999124
0.145553438394051
0.104832850360133
0.0579527137203998
0.0522371230654462
0.108417224912422
0.0949982885219172
0.0526539187386226
0.10933092146967
0.130068973466442
-0.10369856785546
0.0950061146359152
0.111883695348105
0.0235499939524378
-0.00177588688255028
0.0185862704071338
-0.00138124535309728
-1.57029416311003e-15
-0.00153381557173162
0.00278296572430478
0.0187490361411992
0.0020565119659714
-0.00577068976498487
-0.0243381444178099
0.00988370798843223
0.00564783313624813
-0.00352989571015557
-0.000705979142031914
0.00143243425095579
-0.0058525969618379
-0.0237647283778959
0.0255720062549917
-2.47765246527496e-15
-0.0379220791575374
-0.0125557570840264
-0.020763083968379
-0.0208850627323352
-0.00225615681168424
-0.0538772880755862
-0.0593104852582249
-0.0329534625085344
-0.037381550575409
-0.127094784031188
-0.128421783267868
-0.0721907951300803
-0.0521471851416028
-0.060630737225769
-0.0681880970088843
-0.0307777078787259
-0.0372390431007001
-0.207294136055185
-0.0772750069866306
-0.0910066354604916
-0.142585328089506
-0.0889968561242901
-0.0390042347357409
-0.05945651118839
-0.051535284438928
-0.109415542425915
-0.0954879604581723
-0.133257514765049
-0.045636337679006
-0.0418152639648423
-0.0553436103859603
-0.0734609362509548
-0.109955307945126
-0.125680474000018
-0.0961623774380345
-0.103649358364326
-0.0574932251123212
-0.163972214609102
-0.00955084361364674
-0.0370183732638217
-0.0296959043755461
-0.0791080035366161
-0.0860198173547596
-0.0764279415505782
-0.0552880930502565
-0.0952356665045063
-0.065590603539073
-0.0358801077111274
-0.0790709240373103
-0.00623023218981817
-0.00741813302223036
-0.0167503131437343
-0.0173590586301851
-0.05405611818974
0.0336654945439249
-0.0940088026812873
-0.019137072187844
-0.066070583460007
0.0415928721409454
-0.0307194481376382
-0.00219472386068932
0.017286393797161
0.000487716413486791
0.0199929787452338
-0.00133290707054192
0.0559938926248097
0.0359783527206661
0.039029999245498
0.0167089160547769
0.0378581528090833
0.0917643953919929
0.072994984151676
0.111772829276469
0.055627791370609
0.144377907014886
0.0910222078462462
0.0537867907190951
-0.045926748694984
0.149473016575939
0.0479173946665333
0.0723441434527986
0.112202778171963
0.17806621886837
0.203822937954722
0.0732812617674808
0.0710131527049952
0.186045075011724
0.0717893977230606
0.237766644655719
0.166935782725852
0.129156724434839
0.128346050828631
0.164313010468517
0.223690977987237
0.168439725570464
0.125038721637418
0.139229548766156
0.18233149423732
0.059900821199153
0.21802033710794
0.110834379685038
0.0690556050094162
0.173333295854647
0.088654019791278
0.0711482793179734
0.0135653572556725
0.0811776030085304
0.0150984749141647
-0.00208722429322898
0.020025767118836
0.00136077073382279
-0.00207186802964244
0.0209056927765029
-0.0216370590135495
-0.01726808792733
-0.0177262488798036
-0.00179524861409264
-0.193139643002481
-0.0285542765803959
0.0566728442669811
-0.0554396287130239
-0.089819447929022
-0.0735645933279424
-0.185801333473068
0.00362652709418542
-0.129208484590012
-0.00491129283786922
-0.10296904355406
-0.00288534488249394
-0.024550274053171
-0.0681440807827216
-0.0544495288862127
-0.147253631044117
-0.14745410201732
-0.13078144910516
-0.108779967270692
-0.0910536742984181
-0.0726292931288818
0.00796790952697122
-0.0510344720946974
-0.156318890203808
-0.145509919451033
-0.146625566122332
-0.11374970807394
-0.0719784147639137
-0.0882981468116993
-0.0409372566007236
-0.0698398451061302
-0.172205773629309
-0.146069680110497
-0.1047873816235
-0.110813431262103
-0.0386143098231252
-0.1220242093532
-0.0581264641656703
-0.0585775503567373
-0.12431522813552
-0.151362325180354
-0.206198327765932
-0.0203868259808465
-0.0539906223234645
-0.0927734177110891
-0.0543673553000296
-0.0756866057304185
-0.164009149239588
-0.0781329319221408
-0.0708980695256651
-0.0862397817972049
-0.0347138020724566
-0.0218829950780971
-0.0731093965994998
-0.0272997519162562
-0.028713219822268
-0.034940121807107
-0.0371233806906708
-0.0218709418037395
0.0341215513167734
-0.0598976011460007
0.0806442635376558
0.0173846595404522
0.0174109374103333
0.0538120854465811
0.0916504813166443
0.0030082090822434
0.0346387148493655
0.0798532685557718
0.0869217931213588
0.0164537348410027
0.077828461585246
0.0181917339323066
0.0535320000536506
0.0552957476661727
0.0347780557717031
0.0554019609958878
0.00340968801316912
0.0166403934564715
0.106386883277053
-0.0610756561322204
0.112519394604099
0.151960329195078
0.0367403280447671
0.0209017150046828
0.0727667861633799
0.0755256675965774
0.0540687768929417
0.148606402976834
0.182123907977197
0.164207366251486
0.110598823264484
0.0336648470196003
0.0352792436184972
0.15265090152854
0.12030837129994
0.23786399289977
0.166777008006665
0.0550051259481871
0.0752904174601709
0.118057147201126
0.169657582212392
0.203447946391093
0.167213130890602
0.0748611177640773
0.0899093035996066
0.0824791036678638
0.2022739488059
0.110842453702196
0.145360002011076
0.109204462103538
0.0744678066687573
0.0929234089486021
0.0548803950599321
0.147490317068813
0.0551984465745195
0.142856955260891
0.0920820429537601
0.0157585285594424
0.126228482324551
-0.0999666150920781
0.114241933797083
0.0931288193581527
-0.00163401043212063
0.0363606593185776
0.0734733745342307
-0.0367046951119624
0.0376654670621855
-0.0487329442786589
-0.0777885848494801
-0.0335600466265722
-0.0561316949205989
-0.0512319364036441
-0.0594997236483112
-0.0733847369354102
-0.0535992078354826
-0.092288189141409
-0.0915328954707304
-0.130426348379712
-0.220012324164082
-0.120453054207683
-0.159694263293027
-0.0679897184697921
-0.0919774534633743
-0.311193795129905
-0.145917490074241
-0.203365413872758
-0.0733163999304158
-0.0737078606249566
-0.202275806586137
-0.276560923266225
-0.170391518621603
-0.0454752474459714
-0.0682331149057255
-0.13753763608832
-0.18336265498383
-0.181677358560483
-0.137138532661887
-0.100896841379076
-0.0174112972138742
-0.202338714357462
0.0498907292768572
-0.123085298199283
-0.17318792047696
-0.0844313028644698
-0.0926115400352856
-0.0320276818169621
-0.116574258369264
-0.0174532447799888
-0.0739209360978392
-0.0776834377043419
-0.0870521703285306
-0.12846948995967
-0.113008437121343
-0.0885147204838365
-0.0573118230995079
-0.0371670829044117
-0.0360706583215408
-0.0557715026325202
-0.073997340228715
0.00829446269178007
-0.014168821936612
-0.0316651663329873
-0.0549805516049111
-0.00443570195500294
-0.0239707828367892
-0.00204643004966869
0.035526425283619
-0.0431555775669438
0.0210545014034644
0.0391862135546626
0.0739328255217069
-0.00695277973897649
0.126969131322292
0.0749677441852821
0.0551142032991976
0.108939161923765
0.0596980819446497
0.0692196156901881
0.0571490591336639
0.0648681917314583
0.170016869881642
0.151852785323244
0.111372296634875
0.122696627664749
0.149068736666366
0.0562471015832394
0.18217871398212
0.144843135639257
0.094317467052632
0.12997869844895
0.144353415143527
0.10873118276593
0.150918377939906
0.161476380380024
0.0748060014269083
0.131264947600122
0.147300144272034
0.0150024415259693
0.0944747038530417
-0.0615179328127347
0.082327413597301
0.11679709314201
0.209661902220665
0.11552725030168
0.0787553007441067
0.124737590246651
0.020259984432616
0.0358769641725446
0.0546959785091334
0.094558812504279
0.127716628284937
0.134687230150376
0.124089915965233
0.110428344707845
0.0352946518213994
0.0371864006797495
0.0365283444873475
0.0360331342129003
0.0199647132452951
0.0616602313631476
0.008070386243491
0.111555862317217
0.0549133891925703
0.0539613887211772
0.0752485607388255
0.0229463756826267
0.0359009111293397
0.0352155844018037
0.0165297015075581
0.00204505173761178
0.0182638616387031
-0.0178356903524005
-0.0206951128983999
-0.00157069514656615
-0.0388249684520401
0.00603133487889973
-0.0344301115658305
-0.0259347540417386
-0.110068210830941
0.0170831087124631
-0.0704627753293196
-0.126309666864206
-0.0560612324035436
-0.0722628487001846
-0.167819673344801
-0.047296815401976
-0.149755803739571
-0.0953766925594992
-0.0654821614363881
-0.278564119448596
-0.204785041515379
-0.0921724085476086
-0.0918331577969873
-0.09180889957155
-0.164099342513186
-0.275360380270004
-0.18280200591372
-0.110358052438273
-0.110680175485779
-0.312420254841102
-0.194125026344868
-0.0838754834962342
-0.128779592350169
-0.188123298837419
-0.200416997284406
-0.257939583618131
-0.0374981352493529
-0.110707031566718
-0.146766506753696
-0.211329872656245
-0.184096510785532
-0.13408891245429
-0.0920621461828468
-0.0858253168698998
-0.061916192188474
-0.124425722236569
-0.159591935987645
-0.113741275426792
-0.0972799762200472
0.031088700715427
-0.106896750410977
0.00699910769082788
-0.0161055816069817
0.033272330717141
-0.000633976701105316
0.0202020241193265
0.0203761232697115
-0.0216931026995665
0.0142787398503081
0.0632726314034617
0.0665122640152934
0.0838086825334045
0.140371203115174
0.146536845419388
0.0910088740333374
0.0495658727067537
0.0457268616664475
0.0901754840438622
0.0938456772083396
0.0557109391932764
0.220707731578965
0.171418818886031
0.0919701812654105
0.0934343179752194
0.0707384233798216
0.0803098736482258
0.160684074531528
0.184238091444955
0.143420306779364
0.112029177052528
0.0897419274141501
0.0940598933955834
0.141671522544563
0.164263863507713
0.128820047093168
0.198037526904299
0.0979378851930732
0.176970400550536
0.154923650227394
0.125166194349792
0.0857634319198605
0.242110520114142
0.203395078810777
0.112016853499235
0.0871766017095866
0.163860057502137
0.165515474814399
0.204331713040852
0.108180883064513
0.0903511478531365
0.0917960339976332
0.145832591459251
0.218503042489155
0.091437177878253
0.135556750563696
0.0875664788872418
0.0743186205963016
0.0193890092656183
0.0193102941647562
-0.00214455240140055
0.129969423594588
0.102413362360299
0.03930456774128
-0.0167753874924043
0.031940804718598
-0.0250220943357726
-0.00284439239778112
-0.0526702194673629
-0.0605119306185976
-0.0407589320710942
-0.0824877335347072
-0.111661487359583
-0.0573018843559524
-0.0585892573304664
-0.13099654078828
-0.23515331131337
-0.0921908995301233
-0.109750897932981
-0.0166432544698707
-0.239505740148781
-0.0304088686812486
-0.0694848983013376
-0.126062222436838
-0.216928129109241
-0.0949425946770645
-0.0561370585762534
-0.0908081190697787
-0.0715149853418995
-0.241932754487655
-0.202455795849511
-0.145129121344587
-0.0937309239214531
-0.0904838173708922
-0.110778510430275
-0.328927103278349
-0.123361715675195
-0.144907734348734
-0.082032492224165
-0.0164521531287492
-0.342873234151289
-0.0957026428650876
-0.145187399441029
-0.0777874340420179
-0.0550357503028416
-0.105358050798284
-0.113066893112012
-0.0753175816488199
-0.109148976039869
-0.0372726204982864
-0.00139148286215291
-0.0346873230858267
-0.104734099828825
-0.0723050789959307
-0.0743664295342938
-0.0242002295583817
-0.0665389259404429
-0.00126358705065402
-0.041233097535474
-0.0701652917097178
-0.0664188282062587
-0.0327134250456317
0.0410314108159011
-0.0950929076537006
0.0173804580545191
-0.0532082723076385
-0.0357237342513264
-0.0398920421522114
-0.011865629285982
-0.00417444858645534
-0.0180249547653933
-0.000700860252740628
-0.0178448830663278
0.00140172050547648
0.0166682511629456
0.00140172050547648
-0.00142219619889047
0.0202815057429197
0.00142798372547304
0.0151085863927241
0.0661030428677498
-0.0159677460145264
0.00556000013891359
0.0511960756397813
0.0621977316808222
0.107849836345976
0.0684001097821674
0.13043533590374
0.14510211355224
0.0720033853012321
0.0734937212179283
0.0538489182006822
0.0640724824129259
0.163990893259675
0.177058110908682
0.186927832071942
0.0900028771681776
0.0703124156426491
0.0792885821891386
0.151297125778771
0.220927600614569
0.294864864743034
0.0664739366014648
0.105789521045381
0.177524719069948
0.316380664730937
0.128704933653138
0.0748162131734643
0.037725783731696
0.199701294673355
0.181604525398321
0.243271104639285
0.0877667428378821
0.0383000967486018
0.0720450195939099
0.146171459268763
0.166976430282935
0.162286520251492
0.129126930584478
0.0729100963553759
0.00542976661005291
0.050284526463244
0.0932486997367757
0.059075272187618
0.050995548385915
0.0553095968305356
0.0186957374210678
0.035720823056056
0.0185116304638513
0.0357687663555048
0.0185996030211652
-0.00125644301679951
0.0182201626875457
0.0181288449945871
0
-0.080733763695137
0.00849784190318541
-0.00103538725728443
-0.0724053128483823
-0.057211088460724
-0.141256379516222
0.0104011390893989
-0.0338955848153648
-0.0936983724745841
-0.0920400267607787
-0.10951711607062
-0.072515402666542
-0.0923062709253331
-0.01542406237133
-0.0695672831941534
-0.0764512622010906
-0.166333199127215
-0.143367173543824
-0.134147423751175
-0.0965283450055308
-0.101480671429705
-0.0911272191987522
-0.131746318713532
-0.109697334894371
-0.180922297796992
-0.208422937149472
-0.0951748200359609
0.00586038145062317
-0.11041805956399
-0.130855361006386
-0.144258658548442
-0.201935323862881
-0.113268973788892
-0.129976724050883
-0.0542329610776965
-0.0906224007571335
-0.167569309535888
-0.200170283773134
-0.108336471103715
-0.164940514795723
-0.0748995651703673
-0.166470446037604
-0.236884925886086
-0.201391971120691
-0.0718537883491326
-0.131167970650703
0.00626529241526251
-0.119055920600597
-0.124066255898317
-0.127671831003146
-0.109039086772556
-0.149673597503417
-0.0193613452672872
-0.0759481794546752
-0.0359462196022331
-0.0187344377857266
-0.0182076178453374
-0.056138130187056
0.0243766181422263
-0.0225653988248619
0.000695741431075834
0.0167152745559849
0.00321865110649609
0.0146023663532723
0.0388085513500732
0.00918643091033577
0.0599428603051801
0.0975488035565794
0.050509922565794
0.0780844072524804
0.219388642371932
0.141253016266868
0.137268606741033
0.0922301816286191
0.126053134549664
0.182425918945481
0.18279485432685
0.148480108813497
0.157155959888284
0.190758047351702
0.221776837821708
0.125008699782447
0.180820794548202
0.115167148639278
0.183324664240758
0.112039813444849
0.134451569177207
0.186737369561597
0.0362075820670149
0.172817795135703
0.143561258703903
0.146756075880732
0.0903382586899088
0.0325989298383122
0.112632791538645
0.10855725252056
0.146081123968361
0.110926273961974
0.0715153518706915
0.0794074945814082
0.0366301747421145
0.0337899769044442
0.0898281858850979
0.00205651196596887
0.0898711150133507
0.0875606404247193
0.0133371672027776
0.0621159175865943
0.071526060299
0.0553395768115548
0.0380896812963624
0
0.000685503988655253
0.00208722429322642
-0.000934480336984728
-0.0210280323081564
-0.0177940845019459
-0.0318240356864391
-0.113458230560703
-0.135597678026583
-0.0347820046578479
-0.0382032718715054
-0.0704235260876611
-0.018866385695872
-0.034331568269152
-0.192467788549496
0.12354658821724
-0.0268080720208035
-0.0552366842757707
-0.0818996090396735
-0.177223976998609
-0.0729951246831776
-0.0556471245619505
-0.072178207462324
-0.0384090353809623
-0.0579470838117643
-0.0570046752585029
0.00581164308299375
-0.0225291802488744
0.00225615681168142
-0.0749666236275766
-0.0177429383854083
-0.0179578393821274
-0.107315583914171
-0.184463353222837
-0.0676926441312444
-0.179380432533928
-0.0122765220703187
-0.0652052523357309
-0.0759409534611842
0.000746932750351571
-0.0621449215910941
-0.0753926808857836
-0.0431991516378353
-0.0955073519087852
-0.238544681487896
-0.127699098226723
-0.0359558712260018
-0.074549299229387
-0.0549455565869739
-0.0171319747837256
-0.0569418813456998
-0.0351845020425761
-0.111772905622462
-0.111761971723201
-0.123816012622884
-0.0126222743362509
-0.0464205647044586
-0.0744554442832302
-0.0428758878647424
-0.033767445075271
-0.000904141421797006
-0.0178750152385078
-0.0165863186617068
-0.0221331643687362
0.0134211780270207
0.00636456038707248
0.00131960143806614
0.00558142308890729
0.0371711694862234
-0.00371177853132019
0.0591537349073472
0.0336689966383945
0.085340905927193
0.038943998926564
-0.0243486115246661
0.0367260609377631
0.063353460904524
0.0351935150388366
0.0692560720174817
0.0585287997802045
0.0523218568911551
0.107403041417316
0.113500470876183
0.130322247801846
0.109727853656453
0.0354623477368897
0.0372495702254948
0.115696690384521
0.0731852947779684
0.0688270759475845
0.127353631258199
0.145437834592565
0.131537923927737
0.0725174908385055
0.029262776486474
0.0213194612442594
0.0765623291294238
0.0332165181687074
0.114724563588202
0.0129153911379899
0.0231696836615169
0.0319753882185831
0.0230514713911329
0.0533870112933938
0.018639334608292
-0.0716388759678319
-0.0718265361712665
0.0178009734131143
-0.0234488065493573
0.0521386242600862
0.0163087451900105
-0.000119593471968924
0.0183708282291532
0.0382857594295971
0.0094633656057621
-0.0659543197952437
0.0358315159099701
0.000174177366966436
-0.0009170101232538
-0.0188639259324174
0.0235811886025013
-0.0047526756161049
-0.0188700831106485
0.0172200348664478
0.000946235099274702
-0.0181515884960232
0
-0.0372999015003714
-0.0365853859795798
-0.0165300479655907
0.0164321269315713
0.0374501901848067
-0.0547683296775162
-0.0390210012464987
0.0327458577634255
-0.0492051497588463
0.0592020448193111
-0.0573996677679668
0
0.0191811384219158
-8.02605361548001e-16
-0.0203679767678917
0.0453383466640394
0.00126942708957769
0.0738527804445947
-0.0362150957993172
-0.00340192683455742
0.0562640676180812
-8.95096791361264e-05
-0.0179533827896529
0.0348546599253129
-0.0376229055192884
-0.019493041031146
-0.0344320833153184
0.0387260052658375
-0.0684948405786609
-0.0896776877886183
-0.104573820182935
-0.0936699501745988
-0.0357475723544684
-0.071232967528394
-0.0938140224504739
-0.0524870330836121
-0.0751677534939483
-0.05522241288301
-0.110959878093609
-0.146897983428433
-0.0933575242241369
-0.147257978503865
-0.113409931477894
-0.0675179080261263
0
-0.0733937285231566
-0.021400533240511
-0.180441689379426
0.0428259948841063
-0.102797401170384
-0.0877683313513396
-0.0194677257302465
-0.0930287366220011
-0.132157026144347
-0.0918013436549002
-0.0146603540101717
-0.0349926457910146
-0.00141195828405921
-0.0358090665672907
-0.0198998484187836
-0.0181970262603582
-0.00487716413485593
-0.0321534533291388
0.00288534488248621
-0.044103384364619
0.0259869027022985
0.01142732000288
-0.192007466081013
0.0802230050181758
0.081763901989873
-0.00363227692687205
0.0367091799860499
0.002905821541496
0.0265757435084593
0.00797201532027764
0.0733963933715384
-0.000660413986704093
0.0790362525862203
0.0926236138126179
0.0722042836903679
0.212980931922831
0.191574478596336
0.0653185978183243
0.0996925814307109
0.0112150043765771
0.168432250353408
0.124249723593203
0.168502986305098
0.230575011805223
0.0188320072760173
0.101151253774388
0.067105840734006
0.0438479653875425
0.156770423661549
0.165119287984013
0.186301255134521
0.074764654262761
0.0529916192912655
0.0345463085438708
0.0729929947685608
0.0896808440121949
0.0581277827303409
0.1614665606859
0.108545545881623
0.128082434974995
0.0559323849094778
0.0748839904293641
-0.117846122206905
0.169893119531704
0.0195519279549053
0.0726299665752535
0.035818592233198
0.0195986934616985
0.108615826894366
0.0569511168865929
0.105476163200542
0.0544827378540805
0.0181207735253696
0.01817667234947
-0.0103114485783883
0.0491752433381933
-0.0217376706490441
0.0195100181038259
-0.0752228324340672
-0.0174444179191434
-0.0378013865230147
-0.00048348700390985
0.00270130404687882
-0.021782803716302
-0.0140974805767664
-0.00153482253724852
-0.00150410454112216
-0.0548680167376867
-0.0329046760483451
-0.0577524576335194
-0.0291068770064552
-0.09760873622332
-0.0658669695543627
-0.0581107993347071
-0.0975497893526253
-0.0739783558933123
-0.0906697781730908
-0.0358092310751693
-0.0280474942690282
-0.0382274140209197
-0.0608760352529881
-0.02259226862882
-0.135905471287771
-0.0341666715971253
-0.121992098351145
-0.145235964281998
-0.145681306466287
-0.0382209667394501
-0.0705115711651426
-0.108013425694419
-0.0764858845126159
-0.171090056348495
-0.111393574568847
-0.121076577339695
-0.126274091177828
-0.110013454626212
-0.11197643905789
-0.132283601649469
-0.13074311030736
-0.166736056675724
-0.144364780887695
-0.163117297556768
-0.129281508386197
-0.00204043860779182
-0.239757531030907
-0.273527895115369
-0.128189298643031
-0.0712548439369723
-0.0582654914001004
-0.101757653437691
-0.095404961029939
-0.0699644309378612
-0.134306582849014
-0.0704918325022795
-0.0597016878636858
-0.104144197527495
-0.0435492953585783
0.00133607644001916
-0.0324356930100443
-0.0263097656925592
-0.0129471558848494
0.0377276507792162
-0.0293936585030754
0.00650025786418044
0.0185119745479078
0.0186237600688984
0.0355008588349487
0.0535208949870102
0.0386471615767958
0.0909615248168121
0.127937021003264
0.111032367249583
0.090457583994058
0.112493661312151
0.0922040098257263
0.076535625205089
0.111681691954811
0.143587290152746
0.259763315171031
0.126558437155869
0.0915069732750254
0.0949004916827503
0.277110174943334
0.282130076970537
0.0750292707932141
0.209598138921449
0.109179647535529
0.229882544920896
0.217010407978671
0.0795247222831212
0.162867099816347
0.106374787724825
0.219046320247829
0.183329159204778
0.111610735848879
0.116778009324373
0.127599958748459
0.127908308738416
0.166665011900209
0.0541518475279135
0.0368659602720074
0.146240966418377
0.0460825312708776
0.125248530088615
-0.00784385123049243
0.056441716058184
0.0554188179123353
0.0715076881409446
0.0199190031526947
-0.00402088991926234
0.0231191009482116
-0.00194902499335883
0.0533529265119743
0.0369287822949999
-0.0577319341526281
-0.0400303107264693
-0.0139378726657752
0.00180071149550754
-0.021160663045975
-0.0395094116028134
-0.123133029768407
-0.0746591965655302
-0.195578591311699
-0.0874896128299281
-0.0686718591034653
-0.110626061574199
-0.0743470936898172
-0.0349087193695522
-0.16548159040767
-0.157720579047863
-0.147316911031151
-0.11206693486312
-0.0944057990888568
-0.0926042599171441
-0.03652495407135
-0.111364411357009
-0.254540170282932
-0.129642447874977
-0.0528222651000129
-0.127797831519856
-0.0152896779513829
-0.0592982494324494
-0.274659638967044
0.0068592376456482
-0.178670184093224
-0.0601200721083149
-0.0734905822898358
-0.0840527186629508
-0.0987570541637131
-0.04971877175898
-0.0529210925830317
-0.0552186185798644
-0.0933967491195162
-0.146256545445448
-0.128086567180716
-0.0356019468262313
-0.0355507442628169
-0.0375930904669584
-0.0552581199430512
-0.0375085752863398
-0.00238739041825671
0
0.00142154522384322
0.0083007992284083
-0.00713047097404739
-0.00195331943311952
0.018431377312312
-0.0256139864468602
0.0582328567003427
0.0139772847767837
0.0475875452486701
0.00413917724142089
0.0175232710561173
0
0.0735103466766037
0.0370607446035071
0.201040464370051
0.103912450667159
0.0765144647449715
0.0366917238521088
0.0476267058088226
0.0226959604766595
-0.032904014856793
0.0531479768837807
0.0753270789342034
0.0235960277976301
0.116219075856127
0.102359801789649
0.126786253017668
0.0750789634650637
0.0347184745195836
0.109704047134633
0.0529860921701835
0.0824932298628924
0.0340942303737816
0.0178831672118472
0.129476418011612
0.0912322799057207
0.0367633199988206
0.091652983309512
0.128529991965074
0.105676700490588
0.020457656098979
0.0778218110756621
0.0886702072154398
0.018760340030483
0.138779478349718
0.133854844162063
0.0900630393981583
0.0727741065225839
0.111226551259433
0.0576480102399425
0.147571216720647
0.0559985111584931
0.0864429744460309
0.0984205950434353
0.0121238655935855
0.0344722220080973
0.0625833261169178
0.0139543239594856
0.0606534024903365
-0.0239742575466085
0.0239754509726004
-0.0324334790702258
0.0605479372660657
0.0377219950990159
0.0171807322844504
-0.0171807322844495
0.0377330129277647
-0.0180310597509442
0.000741813302219994
-0.022648368452109
-0.0302144372222838
-0.0228938931119068
0.0026637618112394
-0.0194714329658662
-0.0387536747666155
-0.0352983608144313
-0.053245592182238
-0.055323836373496
-0.0375011579117534
-0.0875142350737737
-0.235164982015939
-0.0784788868273307
-0.0791044515056365
-0.098282831555277
-0.100564525988934
-0.130935328356257
-0.148951076334621
-0.239197256774144
-0.167897445629167
-0.0731762420003542
-0.0914960555527638
-0.276211692430308
-0.199578506273643
-0.20205853783305
-0.0538979400624889
-0.200991716798341
-0.330258394632597
-0.146413847983766
-0.128621670353828
-0.20130820138143
-0.181373646178486
-0.156544856942988
-0.141143476228337
-0.0757405173494227
-0.035973471293683
-0.0924937988595025
-0.110831053058354
-0.10719742216355
-0.113556479193995
-0.0688887643685948
-0.132451055908432
-0.0193232935604492
-0.052033909305823
-0.00320250658023162
-0.0314984699692982
-0.0196218694890197
-0.00142219619888888
-0.00306950196633
-0.0131033613379371
0.0107852280709771
0.0171232171686764
-0.00267872177805419
0.0410151655550324
0.071291652814881
0.0172314985232349
0.116207337556857
0.096269374070555
0.177234499943128
0.0869252447420139
0.0993336745576719
0.0908067546826951
0.109283302848798
0.0740730313594444
0.234397759464628
0.224884755414426
0.067022597111545
0.15290804969487
0.109808468712161
0.298326664098132
0.193752396287661
0.0798733180259949
0.15153085637151
0.165607009644539
0.25888456425805
0.18176909257363
0.0904209784240438
0.11165210592955
0.115980363138166
0.203204840968366
0.126471908370276
0.146185491354374
0.127218225328289
0.10846113825436
0.134818497774609
0.0914873029307029
0.127409009669609
0.0179518066882741
0.0881666156347781
0.0761938841450588
0.0111524460819179
0.0723863170297836
0.167999834299714
0.0439100885071185
0.0850651988865762
0.021594552735773
0.015805751879483
0.0218079825614512
0.0321925643131133
-0.000389726161562101
0.0378344865571261
-0.0137527184676654
0.0143326441306755
0.00272154146764374
-0.00204115610073261
-0.0360275239483882
-0.0536166548661212
-0.0696883697008566
-0.0958783944405764
-0.0366790110576044
-0.180633612475045
-0.0595179025084168
-0.0947180802284196
-0.114017393041013
-0.074394316717636
-0.103410458595877
-0.164578731042723
-0.112231083146085
-0.147920686746295
-0.111439576129812
-0.0963955861147581
-0.0729576912318794
-0.0760310174993791
-0.1393264363807
-0.219533427417083
-0.0528706198824954
-0.147264575303388
-0.0547791875419189
-0.130848895283765
-0.0187200696425027
-0.145448028422328
-0.200285159908479
-0.11550272530768
-0.149335120948999
-0.05406835222989
-0.0352381252940631
-0.0942736689669723
-0.038824547531549
-0.123435761403231
-0.16918777434778
-0.110956119140422
-0.158412398022181
-0.0742031686346887
-0.00143243425095283
-0.0974865183737339
-0.0665590571763782
-0.0726450431276054
-0.0917131469354472
-0.0726710041679167
-0.0368665835204934
-0.0770013258513629
-0.0321550202887587
0.0363177985717896
0.0716315203709517
0.0567893673881575
0.0749062733385481
0.0892846481062061
0.033741672465836
0.0582902659560855
0.0483527124309404
0.053299236641961
0.0210461392130713
0.0972403919048016
0.0727996258355864
0.182473644610663
0.180056687689692
0.149766307225979
0.0178757489377072
0.0367446854878075
0.0933210560147219
0.0543470360858547
0.162362159378309
0.0615130706884595
0.207694493340872
0.0344092153445859
0.0626126805473936
0.0677475933856352
0.0378886433835021
0.0547660673632667
0.0917970430930947
0.0552034900212363
0.1453633370197
0.165037569090069
0.168928992483298
0.0519690505926439
0.036647842786634
0.110846602323207
0.055746630008104
0.0918024816595154
0.127719050510781
0.145165073471224
0.0215484968140024
0.224885638586042
0.0270564365731995
0.0521395097175132
0.0572117975415052
0.0238968046054554
0.0891440879124343
-0.00448707564066431
0.0745073558151607
0.0960027274975367
0.0305848287976698
0.0991855190705033
-0.00680152206304777
0.00522852925244928
-0.000747040034938924
-0.00454303118007361
-0.0540473514485189
0.0337411845089772
-0.0188983557908866
0.0537187344479095
-0.0646268625931412
0.0141691226392784
-0.0377399260484798
-0.0195916305852478
-0.014628918526983
-0.00228687458760619
0.0176953515665956
-0.00225615681168117
-0.0363871554689732
-0.000555523810554046
-0.0366933089270954
0.0177429383854069
-0.0662966850514805
-0.0372840184012608
-0.0537797585525183
-0.0736888162290406
-0.076705045777224
-0.103630039935647
-0.0626890145163936
-0.145409641747506
-0.0759972933476903
-0.0605319604379111
0.00672239475314849
-0.0602666330614384
-0.0870559052458617
-0.133758155336195
-0.123763764100741
-0.151877543551248
-0.110223494921096
-0.0669358051750623
-0.0956887695984733
-0.0699205746225703
-0.134022141037751
-0.168096990650993
-0.0986382595286732
-0.171044359701554
-0.0503111699353522
-0.0940440235155041
-0.126560148035557
-0.0938743030887503
-0.195218396750192
-0.198869976846235
-0.0868120966605886
-0.0910487678093962
-0.109750080387016
-0.146747399909138
-0.200591708300041
-0.165746993115087
-0.110495173988793
-0.0562221270395097
-0.0923462908789845
-0.0912104031110216
-0.162170075944476
-0.146416043410705
-0.131165133276057
-0.106949721482041
-0.0577789436715673
-0.0728579033509374
-0.110991448558643
-0.112319084604167
-0.190085368271139
-0.162214460111953
-0.0855267021618024
-0.00028605401110304
-0.0177532067235455
0.0181055426518504
0.0187150836763213
0.0184933622658122
0.0727447341353599
0.0941078472189591
0.0536903208592637
0.109544451328474
0.0759051161975424
0.161804629546954
0.054002812062267
0.0763554866198347
0.0712554092247857
0.110521319562433
0.130560250151925
0.158899611734219
0.0394668007140758
0.252719937912394
0.0983744477185674
0.127723029555552
0.220024497932401
0.255127601651555
0.110327974120222
0.0886338037241115
0.218448325245114
0.293043020421474
0.129012768240013
0.146696547254884
0.200423302176781
0.309685698016106
0.191335988413614
0.201252151343525
0.269583290427948
0.257335970251278
0.128953211744594
0.180189830593065
0.306255385239448
0.244928984762101
0.163067480450744
0.300742370975676
0.286661844316836
0.132915342745711
0.162941450190886
0.201168321582059
0.282436494375728
0.0696138933911095
0.129638793992074
0.10933498199708
0.110995546647479
0.160309746523349
0.17834194733179
0.0606631556862614
0.0312554987058649
0.0797502258881428
0.074171810595981
-0.0210830918676987
0.00324902695155402
0.00840754453372762
0.00243872960306946
-0.0124959665130973
-0.0364065582669767
-0.00138124535309139
-0.0569660346759409
-0.0530763004306583
-0.0887952790215373
-0.0535014158103767
-0.144630503579816
-0.109054005209533
-0.0709273824172709
-0.170880529272226
-0.18445016461737
-0.0913153254016235
-0.147119797948633
-0.238643524639969
-0.164873466213908
-0.311629336895073
-0.179200595285984
-0.100804981002098
-0.30921426223622
-0.245364031512384
-0.216148052547417
-0.310163094692598
-0.275470641758591
-0.195486423282919
-0.316673660928412
-0.236239215562438
-0.260583986084624
-0.291642518688238
-0.290181061188211
-0.243443679548233
-0.32937237270099
-0.220394078921019
-0.241240905560875
-0.260311343973649
-0.291137286792052
-0.203210301249234
-0.280237634729805
-0.141472566436513
-0.197315948130866
-0.185496463176443
-0.145698708765298
-0.257087741165069
-0.129746575669343
-0.19971460442898
-0.0747214246861545
-0.0916968192430982
-0.127319280630116
-0.200882432414325
-0.0757552246295311
-0.0738772119069565
-0.127665774935516
-0.0550768843911182
-0.0180012876483449
-0.0381353124509888
-0.0181477088069397
0.00504619381971023
-0.166533902410775
0.156797596971441
0.0373945342298246
0
0.020345677636788
0.0190846039842878
0.0930668109773739
0.072447160379786
0.0706711094533789
0.238858892519009
0.154755746629072
0.144320821840252
0.0669788282344573
0.201931295402774
0.189943807610497
0.267959001816988
0.147117407090894
0.260954543643214
0.310594163492052
0.19572330660031
0.183521436984819
0.31604044529883
0.253762847539805
0.189498776668618
0.378988527772111
0.279716823524834
0.200776124864066
0.443784962754701
0.180188757826543
0.313374073429131
0.422408797031255
0.181657223306183
0.43534271001246
0.216131487368026
0.334293949284505
0.422064635874739
0.128388852895773
0.311434862552888
0.365958167717129
0.111126840729232
0.286648047296191
0.425702458972358
0.091318249579739
0.212748226596587
0.365147881471026
0.125318817801554
0.132830216611636
0.163317759562697
0.162917106237986
0.240394934363488
0.0749517305629094
0.0753523064467992
0.0711996734995005
0.0202324482329611
0.0892111739172399
-0.0174006709487907
0.0736851569269838
0.0351861590224066
-0.052931472239951
-0.0042435064042876
-0.0692018382374476
-0.0667048722892951
0.0179489284086098
-0.0765179078950562
0.00752052270559263
-0.0746521821861898
-0.113674559713307
-0.227804713915681
-0.146804635016004
-0.146273682509507
-0.11160137957091
-0.146747708648202
-0.294179444633253
-0.163762774456748
-0.201736477407983
-0.135625394399912
-0.311397264702017
-0.218307241521047
-0.200485632651019
-0.310521731445663
-0.353129502132167
-0.109422468847306
-0.317176901954806
-0.275518275443813
-0.236192769236776
-0.333329653903813
-0.292905433349849
-0.253631648692921
-0.293034389066452
-0.275583308675142
-0.276466456810749
-0.348920246678783
-0.219116924229696
-0.37915977205534
-0.201582016738087
-0.241757502121784
-0.258899680137485
-0.26083555936766
-0.236455960134689
-0.273352813528026
-0.150728085951596
-0.198363919596138
-0.164568957900862
-0.251444125087029
-0.242289904612249
-0.0727315705146793
-0.133837399913593
-0.180469175109379
-0.109311803995818
-0.0928112992393602
-0.180837751840821
-0.0546872269072126
-0.0383248166894857
-0.0717019122592013
-0.00230223380587145
-0.108362663274958
-0.0421244152455107
-0.0498132083549761
-0.0379067660558042
-0.0581964095294891
-0.0348819167165909
0.000241968114228231
0.0184405126518422
-0.0179600685081701
0.0172879224583934
0.0366618872098752
0.0560188287506471
0.0716364419582724
0.0373641486153241
0.0497929802853243
0.0424330360640158
0.0730756613591815
0.0569242727866555
0.108532449753659
0.0344922372057786
0.151770966506828
0.198539102859106
0.166934792179228
0.0918875541432711
0.0910820211690197
0.190737434316479
0.280356244078709
0.1696735022161
0.143054706717351
0.146868960286565
0.258284657108161
0.255786048469179
0.110733547909636
0.164924472199305
0.203220219290947
0.329287783353221
0.127843384614239
0.111140038669802
0.127956190209119
0.293621418558236
0.221239600988146
0.0229183581054625
0.105320226335432
0.14572396440099
0.126089291469711
0.0563510968870627
0.288150743289429
0.125554905751392
0.149041150762715
0.240486059950045
0.253546926265412
0.18885683863988
0.129858149541378
0.348634188039159
0.213867547764557
0.1300623624111
0.181124283060215
0.385193614098679
0.146893807488951
0.147057376809074
0.184104816374391
0.30982672471287
0.129138025376436
0.0547562369148806
0.129897001594632
0.197051929535755
0.240505709965978
0.150525253888156
0.0360756107477373
0.0367503664865134
0.0346174352834487
0.0772541452301279
0.131155582789377
0.0190736028899163
0.0259706192153854
0.0548798106262144
0.00470566764334316
0.0729707221893571
0.0174058073642314
-0.0034014986121595
0.00127289741196206
-0.071291958451478
-0.00102119429137079
-0.0722401688778153
-0.0712710763393731
-0.0504653817277491
-0.0428846946991283
0.00243269538820388
-0.11597100510461
0.0246810906447793
-0.0737698105410559
-0.0939908757473123
-0.11162253043222
-0.0728799859345989
-0.220064199827661
-0.1637235071379
-0.0739927344134441
-0.0724275395169026
-0.12955307875417
-0.235276114593509
-0.243048106959877
-0.106274532816228
-0.144777846034053
-0.257336522503466
-0.331845697436518
-0.144345077680437
-0.12234249104532
-0.173522844333896
-0.3323869827924
-0.168000435010256
-0.156522796657758
-0.294397927931162
-0.241710259520991
-0.147876840042016
-0.27305751171469
-0.22289534760464
-0.221099015786426
-0.214568364458345
-0.235938326864275
-0.276698190442766
-0.164330570579777
-0.293872269476978
-0.146859444144954
-0.234760005118086
-0.244752313636611
-0.285198573772382
-0.180271068523309
-0.158637640258122
-0.21912522278555
-0.163222916094112
-0.198739903637607
-0.244865826760761
-0.184655093125786
-0.0958447946215001
-0.160242198163882
-0.147192085942789
-0.204007262597973
-0.0878363110731528
-0.0585039125119968
-0.182159832454705
-0.0564484244157773
-0.0167208064477883
-0.054171162832871
-0.0184126128660793
-0.0226963893631681
-0.0959133422024891
0.0953098095411995
0.0192849174282883
0
0.0187078241403721
0.0180272005858217
0.0730096552811921
0.0399543567848514
0.0902697977611441
0.108314975106582
0.111356081619884
0.0738037654396314
0.164985783949077
0.127618535092319
0.0909404378789077
0.110954565247935
0.294145299008516
0.0918029656426152
0.219652487226611
0.162428373652619
0.179964089772461
0.186801592029549
0.256821991465573
0.124370198649303
0.316232367914569
0.201090063187816
0.273151913886999
0.222240182408572
0.333360034761503
0.234541102785254
0.172109185734729
0.438701902176308
0.164482009576366
0.222857261786611
0.382892176901463
0.1980144501022
0.187203822648051
0.419970393782583
0.1761454520323
0.114994122934483
0.316109021753762
0.354288468219429
0.117956691728577
0.237804152436464
0.328331639381278
0.109275956887418
0.20193344432483
0.129190176282901
0.276267684913163
0.163926288611951
0.130010354028981
0.0730889336310521
0.147449516100961
0.146807830662438
0.256460436777206
0.0926690854060947
0.0902209765102264
0.0940858208965331
0.0526029410460415
0.135154624182731
0.166480601525223
0.168667036952965
0.0614520166228692
0.0208565673271242
0.0493173678274117
-0.0052643658939126
0.0231142195476374
0
0.00365787310113523
-0.018702869120012
-0.0193326742828585
-0.0170776107330503
-0.0367043447135974
-0.127997372148412
-0.273409580879934
-0.146332647398921
-0.109837076002591
-0.0928557412302665
-0.204836423432007
-0.382890642652418
-0.163065825438476
-0.140862927049111
-0.337730037837826
-0.254638929150635
-0.183634523740221
-0.494867679559965
-0.204703500825359
-0.207967132070413
-0.423104344229241
-0.200132421002198
-0.160856747393656
-0.458061742261763
-0.167246269292101
-0.219855795008986
-0.409753810890439
-0.199107520348139
-0.248682693857354
-0.437710399838142
-0.145565220775358
-0.334607207328105
-0.285349325879587
-0.170300855425005
-0.263272297678923
-0.348367150106753
-0.163000447713199
-0.277723838472365
-0.29838409337107
-0.216046574764174
-0.26148332832195
-0.18541681067052
-0.314177989010282
-0.103669637372624
-0.251745380854916
-0.237513051386104
-0.191388284194642
-0.0734935744927021
-0.164968019748094
-0.178565228265441
-0.202730685213414
-0.113538276213551
-0.0613773578291739
-0.0151836413225137
0.00762291529201051
-0.0204011217929755
0.0488018242884199
-0.011182313249513
0.0180384380877454
-0.00154506216421175
0.0856599407240654
0.0548580497339297
0.131347559846919
0.125670927020062
0.118985440667585
0.182042071047369
0.131576098105629
0.105629707336859
0.147771870114796
0.21840854737423
0.201488066184497
0.166415902637481
0.206199581829852
0.245759707762521
0.26340693166203
0.237122222307864
0.141624886419524
0.312536167695892
0.278023399529458
0.201878713766224
0.222352251131907
0.365245051613991
0.19755335683782
0.259317507602542
0.380324682407641
0.206732991790433
0.287939551548037
0.376913276511954
0.181594182043966
0.366393984660861
0.276514355327928
0.164599082231736
0.343439315666787
0.290194466178489
0.183503327792334
0.311237261532709
0.2952993943124
0.181655293498416
0.183835956173883
0.220145215714484
0.23820752134421
0.0726968836594442
0.1488917137936
0.177680088674325
0.168868930122476
0.204221047602305
0.036101609288802
-0.00227151559003396
0.0749428693356056
0.0185352692674401
0.0580954039775627
-0.0221412781177999
-0.0347994011293405
0.00912535335863082
0.0245937277449647
-0.0776714516740469
-0.0100638918503722
-0.0339327792590807
-0.0426576282380607
-0.122666887968794
-0.14781164621987
-0.118043237405993
-0.236488490594161
-0.0871856248806962
-0.0992410118769123
-0.218017144246337
-0.192793123584871
-0.212883698559558
-0.176131865986881
-0.135577056891416
-0.402168595442255
-0.182757797473146
-0.287689861995303
-0.212293794598991
-0.275148158303325
-0.126308117538971
-0.385648436335405
-0.251025812816788
-0.166930221374844
-0.347232618333347
-0.275819745105935
-0.147421011805159
-0.308720954075506
-0.31283214947776
-0.129018787593155
-0.237103693533211
-0.347415863816379
-0.166528620130815
-0.165306592800545
-0.2938271405712
-0.294504727056147
-0.151527573937536
-0.308447479355679
-0.131258672025682
-0.236535895684439
-0.182788484321134
-0.219738826803002
-0.274544320414255
-0.22060146617372
-0.257719136801266
-0.256460617441661
-0.146683391915564
-0.183206967396276
-0.0920714754065972
-0.0711506403860432
-0.0729634305640086
0.0225143262561114
-0.0212615638461808
0.0210262374655033
0.050588151868373
0.0560372258219213
0.0126026678730307
0.0473057208150077
0.183853894425437
0.156723300955367
0.128698944251611
0.233923710150532
0.145810368454876
0.0524095172305175
0.258304271802983
0.274690877596233
0.256301357051289
0.169179541602154
0.292817446633806
0.291754246938563
0.154220017579722
0.397339362058112
0.292351717301901
0.207892200981293
0.362855517108033
0.27504194312114
0.218256714458094
0.359663982188536
0.33397061621128
0.498752200317347
0.200015390873161
0.295280959323656
0.458222796357072
0.293289608936621
0.42352041522817
0.254894739510491
0.403429020663167
0.257932495300421
0.329980562298982
0.378170093510827
0.201402942925813
0.388367670128861
0.278107296103705
0.290976597306657
0.312379962890211
0.238146183692427
0.202757470402082
0.419707047297055
0.191794196287515
0.181104799131155
0.23503003574747
0.235551991244999
0.130600910381829
0.134884644846056
0.139211169836991
0.152835789770516
0.165713518315937
0.124764025189383
0.0512673036391574
0.0340665141299032
0.00661099629845735
0.0565776549763454
-0.0172714352360477
-0.0153199938183065
0.0179511553228055
-0.0768965829247775
-0.00445227097919827
-0.246683111875406
-0.140119003829308
-0.184211984260227
-0.0754369020826736
-0.146518447169893
-0.177285205284305
-0.35169580236022
-0.139849969130143
-0.221984775604868
-0.358491176198812
-0.223399135229573
-0.254018221405383
-0.312340783628824
-0.292446913746729
-0.366029474959422
-0.358717977900612
-0.347579975722303
-0.386099022751969
-0.349081255868481
-0.422764320434659
-0.552245966550191
-0.288146892188898
-0.366688323832389
-0.480291591461433
-0.359041039647902
-0.448095808220455
-0.359223498805087
-0.480395090862342
-0.3859204967757
-0.46077312946318
-0.407507942830173
-0.439194446924308
-0.38344754328693
-0.418678555788858
-0.445546622185129
-0.275285929495698
-0.403137579480374
-0.291681119512233
-0.420795087610815
-0.292020267855049
-0.361928814784732
-0.289980737746881
-0.247109023982422
-0.18562893854749
-0.293622695792511
-0.203569394703034
-0.145939209867281
-0.107886483228632
-0.0976820091266974
-0.204983692482724
-0.135018170744961
-0.0584181306018026
-0.164563448966552
-0.0349784259754731
-0.0353279129444975
-0.0022836537004362
0.0169057310063662
0.0553650052988385
0.0703466496669974
0.145155869824522
-0.00328806210074455
0.183955509827172
0.189654468226906
0.111820848937014
0.144502283971893
0.179637913520572
0.200487622645641
0.225901226752972
0.235681150452132
0.27133369289012
0.375811326320911
0.198123474309338
0.329409754687255
0.33099466727997
0.292264568327732
0.460558583183032
0.292612006980872
0.423629443386046
0.322983141720765
0.368943117567453
0.394653343251375
0.411216525241657
0.440663182876403
0.425643283343805
0.422449086351013
0.422234665126756
0.422177080080801
0.402650483222447
0.405493064961497
0.457876370155003
0.36077123782792
0.480744616486109
0.328152409722219
0.532070131479656
0.255560266738045
0.404851265399735
0.348496528765742
0.278667486098372
0.455048628220556
0.143307858210387
0.404294820054941
0.35501564954123
0.251310035702861
0.350088991698603
0.197928262933739
0.246350849543495
0.384229469766912
0.163299661447574
0.145241034365525
0.250685399163251
0.280822009819572
0.11561288014467
0.0567485508425746
0.107442147107503
0.174739918056904
0.0177878426237775
0.0782598934377181
0.0352934183405307
0.0767182649316202
-0.109956947717946
0.00400070886419875
-0.0878005060796804
-0.103424075526405
-0.133153894464063
-0.0956136727390241
-0.0965600513458435
-0.136896901063821
-0.35039331358811
-0.175182490988906
-0.144364023304765
-0.388611254475578
-0.296214145477722
-0.225203418564058
-0.393008180448037
-0.235638371285921
-0.367208814515603
-0.405035404716814
-0.364522034602022
-0.405979386669309
-0.432199236172112
-0.393407717799212
-0.488612320854082
-0.376341140311446
-0.413008883451494
