2.54777070063694
2.54777070063694
2.95903876576138
2.41537717233445
2.82664523745889
2.60129353021575
2.69425170915641
2.78720988809706
2.88016806703771
2.65481635979457
2.74777453873522
2.52242283149208
2.29707112424894
2.39002930318959
2.48298748213024
2.57594566107089
2.35059395382775
2.4435521327684
2.21820042552526
2.31115860446591
2.40411678340656
2.17876507616342
2.27172325510407
2.36468143404473
2.13932972680159
2.23228790574224
2.32524608468289
2.41820426362354
2.1928525563804
2.28581073532105
2.3787689142617
2.47172709320235
2.24637538595921
2.33933356489986
2.11398185765672
2.20694003659737
1.98158832935423
2.39285639447868
2.16750468723554
2.26046286617619
2.03511115893305
2.1280693378737
1.90271763063056
1.99567580957121
2.08863398851186
2.18159216745251
1.95624046020937
2.04919863915002
1.82384693190688
1.91680511084753
2.32807317597198
1.78441158254505
1.8773697614857
1.97032794042635
2.063286119367
1.83793441212386
1.93089259106451
2.02385077000516
2.11680894894581
1.89145724170267
1.98441542064332
2.07737359958398
2.17033177852463
2.26328995746528
2.03793825022214
2.13089642916279
2.22385460810344
2.31681278704409
2.09146107980095
2.1844192587416
2.59568732386604
2.3703356166229
2.46329379556355
2.23794208832041
2.33090026726106
2.42385844620172
2.19850673895858
2.29146491789923
2.38442309683988
2.47738127578053
2.25202956853739
2.34498774747804
2.1196360402349
2.21259421917555
2.3055523981162
2.39851057705685
2.4914687559975
2.26611704875436
2.35907522769502
2.45203340663567
2.54499158557632
2.31963987833318
2.41259805727383
2.50555623621448
2.59851441515513
2.69147259409578
2.46612088685264
2.55907906579329
2.65203724473395
2.42668553749081
2.83795360261525
2.61260189537211
2.70556007431276
2.79851825325341
2.57316654601027
2.66612472495092
2.75908290389157
2.85204108283222
2.62668937558908
2.71964755452973
3.13091561965418
2.90556391241104
2.6802122051679
2.77317038410855
2.8661285630492
2.64077685580606
3.0520449209305
2.82669321368736
2.60134150644422
3.01260957156866
2.78725786432552
2.88021604326617
2.97317422220682
2.74782251496368
2.84078069390433
2.93373887284499
2.70838716560185
2.8013453445425
2.89430352348315
2.9872617024238
3.08021988136445
3.1731780603051
2.94782635306196
3.04078453200261
3.13374271094326
3.22670088988391
3.00134918264077
3.09430736158142
2.86895565433828
2.96191383327893
3.05487201221958
3.14783019116023
2.92247848391709
3.01543666285775
3.1083948417984
2.88304313455526
3.2943111996797
3.06895949243656
3.16191767137721
3.25487585031786
3.34783402925851
3.12248232201537
3.21544050095603
2.99008879371289
3.08304697265354
2.8576952654104
3.26896333053484
3.0436116232917
3.13656980223235
3.229527981173
3.32248616011365
3.4154443390543
3.19009263181116
3.28305081075181
3.37600898969246
3.46896716863311
3.24361546138997
3.33657364033062
3.42953181927128
3.52248999821193
3.93375806333637
3.39009646990944
3.48305464885009
3.57601282779074
3.3506611205476
3.44361929948825
3.5365774784289
3.62953565736955
3.7224938363102
3.49714212906706
3.9084101941915
4.00136837313216
3.77601666588902
3.86897484482967
3.96193302377032
4.05489120271097
4.14784938165162
4.24080756059227
4.33376573953292
4.74503380465736
4.51968209741422
4.29433039017108
4.38728856911174
4.48024674805239
4.57320492699304
4.66616310593369
4.75912128487434
4.5337695776312
4.94503764275564
4.7196859355125
4.81264411445315
4.58729240721001
4.68025058615066
4.45489887890752
4.86616694403196
4.64081523678882
4.41546352954568
4.82673159467012
4.91968977361077
5.33095783873522
5.10560613149208
4.88025442424894
4.97321260318959
4.74786089594645
4.8408190748871
4.93377725382775
5.0267354327684
4.80138372552526
4.89434190446591
4.98730008340656
4.76194837616342
4.85490655510407
5.26617462022851
5.04082291298537
5.13378109192602
4.90842938468288
5.00138756362353
5.09434574256418
4.86899403532104
5.59857198662927
5.69153016556993
4.82955868595921
4.92251686489986
4.69716515765672
5.10843322278116
4.88308151553802
4.97603969447867
5.06899787341932
4.84364616617618
4.93660434511683
5.02956252405748
5.44083058918193
5.21547888193879
4.99012717469565
5.0830853536363
5.17604353257695
4.95069182533381
5.04365000427446
4.81829829703132
5.54787624833955
5.00421465491262
4.77886294766948
5.19013101279392
4.96477930555078
5.05773748449143
5.15069566343209
5.24365384237274
5.33661202131339
5.11126031407025
4.88590860682711
4.97886678576776
5.07182496470841
5.48309302983285
5.25774132258971
5.03238961534657
5.44365768047101
5.21830597322787
5.62957403835231
5.72253221729296
6.4521101686012
5.59013868899048
5.36478698174734
5.1394352745042
5.55070333962864
5.3253516323855
5.73661969750994
5.82957787645059
5.92253605539124
5.6971843481481
5.47183264090496
5.8831007060294
5.65774899878626
5.43239729154312
5.52535547048377
5.30000376324064
5.39296194218129
5.48592012112194
5.57887830006259
5.99014636518703
6.40141443031147
5.53944295070075
5.6324011296414
5.40704942239826
5.50000760133891
5.91127566646336
6.00423384540401
6.09719202434466
5.87184031710152
5.96479849604217
5.73944678879903
5.83240496773968
5.92536314668033
5.70001143943719
6.11127950456163
6.52254756968607
6.29719586244293
5.753534269016
5.84649244795666
6.2577605130811
6.98733846438933
5.48874721241103
5.58170539135168
5.67466357029233
5.76762174923298
5.86057992817363
5.63522822093049
5.40987651368735
5.502834692628
5.59579287156865
5.05213127814172
5.46339934326617
5.55635752220682
5.33100581496368
5.10565410772054
5.19861228666119
4.97326057941805
5.38452864454249
5.47748682348314
5.57044500242379
5.98171306754823
4.80143170175372
5.21269976687816
5.30565794581881
5.08030623857567
4.85495453133253
4.94791271027318
5.04087088921383
5.13382906815448
4.59016747472755
4.68312565366821
4.45777394642507
4.55073212536572
4.32538041812258
3.78171882469565
4.19298688982009
3.96763518257695
3.74228347533381
4.15355154045825
4.2465097193989
4.33946789833955
3.47749641872883
3.57045459766948
3.66341277661013
3.43806106936699
3.21270936212385
3.62397742724829
3.39862572000515
3.49158389894581
3.26623219170267
3.67750025682711
3.45214854958397
3.54510672852462
3.31975502128148
3.41271320022213
3.50567137916278
3.28031967191964
3.37327785086029
3.46623602980094
3.55919420874159
3.97046227386603
3.4268006804391
3.51975885937975
3.29440715213661
3.06905544489347
2.84370373765033
2.93666191659098
3.02962009553164
2.8042683882885
2.89722656722915
2.67187485998601
2.76483303892666
2.85779121786731
2.95074939680796
3.04370757574861
2.81835586850547
3.22962393362991
3.00427222638677
2.77892051914363
3.19018858426807
2.96483687702493
2.7394851697818
2.83244334872245
2.9254015276631
3.01835970660375
2.79300799936061
2.88596617830126
2.97892435724191
3.07188253618256
2.84653082893942
3.25779889406386
3.03244718682072
3.12540536576137
2.90005365851823
3.31132172364268
3.08597001639954
3.17892819534019
2.95357648809705
3.0465346670377
3.13949284597835
3.55076091110279
3.00709931767586
3.10005749661651
2.87470578937337
2.96766396831402
3.06062214725467
3.15358032619532
2.92822861895218
3.02118679789283
2.79583509064969
2.88879326959034
2.981751448531
2.75639974128785
2.84935792022851
2.94231609916916
3.03527427810981
2.80992257086667
2.90288074980732
2.99583892874797
3.08879710768862
3.50006517281306
2.95640357938613
3.04936175832678
2.82401005108364
2.91696823002429
3.00992640896494
2.7845747017218
2.87753288066245
2.97049105960311
3.06344923854376
2.83809753130062
2.93105571024127
3.02401388918192
3.11697206812257
2.89162036087943
2.98457853982008
2.75922683257694
2.85218501151759
2.94514319045824
3.0381013693989
3.44936943452334
2.90570784109641
2.99866602003706
3.09162419897771
3.18458237791836
3.27754055685901
3.05218884961587
3.14514702855652
2.91979532131338
3.33106338643782
3.42402156537847
3.19866985813533
3.29162803707599
3.06627632983285
3.1592345087735
3.25219268771415
3.3451508666548
3.11979915941166
3.21275733835231
3.30571551729296
3.39867369623361
3.17332198899047
3.26628016793112
3.04092846068798
3.13388663962863
2.90853493238549
3.00149311132614
3.09445129026679
3.18740946920745
2.96205776196431
2.73670605472117
3.14797411984561
3.24093229878626
3.33389047772691
3.42684865666756
3.51980683560821
3.29445512836507
3.70572319348951
3.48037148624637
3.57332966518703
4.62121750267905
3.75924602306833
3.53389431582519
3.62685249476584
4.03812055989028
3.81276885264714
3.587417145404
3.99868521052844
3.7733335032853
3.54798179604216
3.64093997498281
3.73389815392346
3.50854644668032
3.60150462562098
4.01277269074542
4.10573086968607
3.56206927625914
3.65502745519979
4.06629552032423
4.15925369926488
4.25221187820553
3.39024039859481
3.48319857753546
3.57615675647611
3.66911493541677
3.76207311435742
3.53672140711428
3.62967958605493
3.40432787881179
3.49728605775244
3.59024423669309
3.36489252944995
3.77616059457439
3.55080888733125
3.6437670662719
3.41841535902876
3.51137353796941
3.28602183072627
3.37898000966692
3.79024807479136
4.20151613991581
3.65785454648888
3.75081272542953
3.52546101818639
3.61841919712704
3.71137737606769
3.80433555500834
3.5789838477652
3.67194202670585
3.7649002056465
3.53954849840336
3.63250667734401
3.40715497010087
3.50011314904153
3.91138121416597
4.00433939310662
3.46067779967969
3.55363597862034
3.64659415756099
3.73955233650164
3.83251051544229
3.60715880819915
3.38180710095601
3.47476527989666
3.24941357265352
3.34237175159417
3.43532993053482
3.20997822329168
3.30293640223234
3.39589458117299
3.17054287392985
3.2635010528705
3.03814934562736
3.13110752456801
3.54237558969245
2.99871399626552
3.40998206138996
3.18463035414682
3.27758853308747
3.37054671202812
3.46350489096877
3.23815318372563
3.33111136266629
3.42406954160694
3.51702772054759
3.29167601330445
3.3846341922451
3.47759237118575
3.5705505501264
3.34519884288326
3.11984713564012
3.53111520076456
3.62407337970521
3.39872167246207
3.49167985140272
3.58463803034337
3.35928632310023
3.45224450204088
3.54520268098154
3.95647074610598
3.73111903886284
3.5057673316197
3.59872551056035
3.691683689501
3.78464186844165
3.8776000473823
3.65224834013916
4.0635164052636
3.83816469802046
3.61281299077732
4.02408105590176
3.48041946247483
3.57337764141549
3.66633582035614
3.440984113113
3.53394229205365
3.6269004709943
3.40154876375116
3.49450694269181
3.90577500781625
3.68042330057311
3.45507159332997
3.22971988608683
3.32267806502748
3.09732635778434
3.50859442290878
3.28324271566564
3.37620089460629
3.15084918736315
3.2438073663038
3.33676554524446
3.11141383800132
3.52268190312576
3.29733019588262
3.39028837482327
3.16493666758013
3.25789484652078
3.35085302546143
3.44381120440208
3.53676938334273
3.62972756228338
3.40437585504024
3.4973340339809
3.27198232673776
3.36494050567841
3.45789868461906
3.55085686355971
3.64381504250036
3.41846333525722
3.51142151419787
3.60437969313852
3.37902798589538
3.47198616483603
3.56494434377669
3.33959263653355
3.4325508154742
3.52550899441485
3.6184671733555
3.71142535229615
4.12269341742059
3.89734171017745
3.35368011675052
3.76494818187496
3.85790636081561
3.95086453975626
3.72551283251312
3.81847101145377
3.59311930421064
3.68607748315129
3.77903566209194
3.87199384103259
3.64664213378945
3.7396003127301
3.83255849167075
3.9255166706114
3.70016496336826
4.1114330284927
3.56777143506577
3.97903950019022
4.07199767913087
3.84664597188773
3.62129426464459
3.39594255740145
3.4889007363421
3.58185891528275
3.35650720803961
3.44946538698026
3.54242356592091
3.31707185867777
3.41003003761842
3.50298821655907
3.27763650931593
3.37059468825658
3.46355286719723
3.55651104613788
3.33115933889474
3.4241175178354
3.19876581059226
3.29172398953291
3.38468216847356
3.15933046123042
3.57059852635486
3.34524681911172
3.43820499805237
3.21285329080923
3.30581146974988
3.08045976250674
3.49172782763118
3.26637612038804
3.35933429932869
3.13398259208555
3.2269407710262
3.00158906378306
3.09454724272371
2.86919553548057
3.28046360060502
3.37342177954567
3.14807007230253
2.92271836505939
3.01567654400004
3.10863472294069
3.20159290188134
2.9762411946382
3.06919937357885
3.1621575525195
2.93680584527636
3.02976402421701
3.12272220315766
3.21568038209831
2.99032867485517
2.76497696761203
3.17624503273648
2.95089332549334
3.04385150443399
2.81849979719085
2.9114579761315
3.00441615507215
3.0973743340128
2.87202262676966
2.96498080571031
2.73962909846717
2.83258727740782
2.92554545634847
2.70019374910533
2.47484204186219
2.56780022080284
2.66075839974349
2.43540669250035
2.528364871441
2.62132305038166
2.39597134313852
2.48892952207917
2.90019758720361
2.67484587996047
2.44949417271733
2.54245235165798
2.63541053059863
2.72836870953928
2.82132688847993
2.59597518123679
2.68893336017744
2.7818915391181
2.87484971805875
2.9678078969994
2.74245618975626
2.83541436869691
2.92837254763756
3.02133072657821
2.79597901933507
2.88893719827572
2.98189537721637
3.07485355615702
2.84950184891388
2.94246002785453
2.71710832061139
3.12837638573583
3.22133456467649
2.99598285743335
3.088941036374
2.86358932913086
3.2748573942553
3.36781557319595
3.14246386595281
2.91711215870967
3.32838022383411
3.10302851659097
3.19598669553162
3.28894487447227
3.38190305341292
3.47486123235357
3.24950952511043
3.34246770405109
3.43542588299174
3.52838406193239
3.62134224087304
3.3959905336299
3.48894871257055
3.5819068915112
3.67486507045185
3.7678232493925
3.86078142833315
3.9537396072738
3.41007801384687
3.50303619278752
3.91430425791196
3.68895255066882
3.46360084342568
3.55655902236634
3.64951720130699
3.74247538024764
3.5171236730045
3.61008185194515
3.7030400308858
3.79599820982645
3.8889563887671
3.98191456770775
3.75656286046461
3.84952103940526
3.62416933216212
4.03543739728657
4.12839557622722
3.90304386898408
3.67769216174094
3.77065034068159
3.86360851962224
3.95656669856289
4.04952487750354
3.8241731702604
3.91713134920105
4.0100895281417
3.78473782089856
3.87769599983922
3.97065417877987
3.74530247153673
3.83826065047738
3.93121882941803
4.02417700835868
3.79882530111554
3.89178348005619
3.98474165899684
4.39600972412128
4.17065801687814
3.945306309635
4.03826448857565
3.81291278133251
3.90587096027317
3.99882913921382
4.41009720433826
3.86643561091133
4.59601356221956
4.05235196879263
4.46362003391707
4.23826832667393
4.33122650561458
4.74249457073902
4.83545274967967
4.61010104243653
4.70305922137718
4.79601740031783
4.88897557925849
5.61855353056672
5.07489193713979
5.16785011608044
4.9424984088373
5.03545658777795
5.1284147667186
5.22137294565925
4.99602123841611
5.08897941735676
5.18193759629741
4.95658588905427
5.04954406799492
4.82419236075178
4.91715053969243
5.01010871863308
5.10306689757374
5.19602507651439
5.60729314163883
5.0636315482119
5.47489961333634
5.88616767846078
5.34250608503385
5.11715437779071
5.52842244291515
5.30307073567201
5.07771902842887
5.48898709355331
5.26363538631017
5.03828367906703
5.13124185800768
5.54250992313213
5.31715821588899
5.41011639482964
5.50307457377029
5.27772286652715
5.05237115928401
5.46363922440845
4.91997763098152
5.01293580992217
5.10589398886282
5.83547194017106
5.29181034674412
5.06645863950098
5.15941681844164
5.25237499738229
5.02702329013915
5.1199814690798
4.89462976183666
4.98758794077731
5.08054611971796
5.17350429865861
5.26646247759926
5.35942065653991
5.13406894929677
4.90871724205363
5.31998530717807
5.41294348611873
5.50590166505938
5.59885984400003
5.37350813675689
5.14815642951375
5.2411146084544
5.33407278739505
5.4270309663357
5.20167925909256
5.612947324217
5.38759561697386
5.48055379591452
5.25520208867137
5.34816026761203
5.44111844655268
5.21576673930954
5.30872491825019
5.40168309719084
5.81295116231528
5.26928956888835
5.362247747829
5.13689604058586
5.22985421952651
5.95943217083474
5.41577057740781
5.50872875634846
5.60168693528912
5.69464511422976
5.78760329317042
5.56225158592728
5.33689987868414
5.42985805762479
5.52281623656544
5.61577441550609
5.07211282207916
5.16507100101981
4.93971929377667
5.03267747271732
5.12563565165797
5.21859383059862
4.99324212335548
5.08620030229613
5.49746836742058
5.90873643254502
5.36507483911809
4.82141324569116
5.55099119699939
5.64394937594004
5.4185976686969
5.51155584763755
5.28620414039441
5.69747220551885
5.47212049827571
5.88338856340016
5.65803685615702
5.43268514891388
5.84395321403832
5.30029162061139
5.39324979955204
5.1678980923089
5.26085627124955
5.03550456400641
5.12846274294707
5.8580406942553
5.63268898701216
4.45240762121765
4.86367568634209
4.95663386528274
4.7312821580396
4.50593045079646
4.9171985159209
4.69184680867776
4.78480498761841
4.87776316655906
4.65241145931592
4.74536963825657
4.52001793101343
4.29466622377029
4.06931451652715
4.48058258165159
4.57354076059225
4.98480882571669
4.75945711847355
5.48903506978178
4.62706359017106
4.08340199674413
4.49467006186857
4.58762824080922
4.36227653356608
4.45523471250673
3.9115731190798
4.32284118420425
4.09748947696111
3.87213776971797
3.64678606247483
3.42143435523169
3.51439253417234
3.92566059929678
3.70030889205364
3.79326707099429
3.56791536375115
3.6608735426918
3.43552183544866
3.8467899005731
3.30312830714617
3.07777659990303
3.17073477884368
3.26369295778434
3.35665113672499
3.13129942948185
2.90594772223871
2.99890590117936
3.09186408012001
2.86651237287687
2.95947055181752
3.05242873075817
3.14538690969882
2.92003520245568
3.01299338139633
3.10595156033698
2.88059985309384
2.97355803203449
3.06651621097514
3.1594743899158
3.57074245504024
3.02708086161331
3.12003904055396
2.89468733331082
2.98764551225147
3.08060369119212
3.17356187013277
2.62990027670584
3.04116834183028
2.81581663458714
2.590464927344
2.68342310628465
2.45807139904151
2.55102957798216
2.64398775692281
2.41863604967967
2.51159422862032
2.60455240756097
2.37920070031783
2.79046876544228
2.56511705819914
2.65807523713979
2.43272352989665
2.84399159502109
2.61863988777795
2.7115980667186
2.80455624565925
2.8975144245999
2.67216271735676
2.76512089629741
2.53976918905427
2.63272736799492
2.72568554693557
2.81864372587622
2.59329201863308
2.68625019757373
2.77920837651439
2.55385666927125
2.6468148482119
2.73977302715255
2.51442131990941
2.60737949885006
2.70033767779071
2.79329585673136
2.56794414948822
2.34259244224508
2.75386050736952
2.52850880012638
2.30315709288324
2.71442515800769
2.80738333694834
2.5820316297052
2.35667992246206
2.44963810140271
2.54259628034336
2.63555445928401
2.41020275204087
2.50316093098152
2.91442899610596
2.68907728886282
2.78203546780347
2.55668376056033
2.96795182568477
2.74260011844163
2.5172484111985
2.92851647632294
2.7031647690798
2.47781306183666
2.8890811269611
2.66372941971796
2.75668759865861
2.84964577759926
2.62429407035612
2.71725224929677
2.81021042823742
2.58485872099428
2.67781689993493
2.77077507887559
2.86373325781624
2.6383815505731
2.73133972951375
2.50598802227061
2.59894620121126
2.69190438015191
2.78486255909256
2.87782073803321
2.65246903079007
2.74542720973072
2.83838538867137
2.61303368142823
2.70599186036888
2.79895003930954
2.5735983320664
2.66655651100705
2.7595146899477
2.85247286888835
2.62712116164521
2.72007934058586
2.81303751952651
2.90599569846716
2.68064399122402
2.77360217016467
2.54825046292153
2.64120864186218
2.73416682080283
2.82712499974348
2.92008317868414
3.01304135762479
3.10599953656544
2.8806478293223
2.97360600826295
3.0665641872036
2.84121247996046
2.93417065890111
3.02712883784176
3.12008701678241
2.89473530953927
3.30600337466371
2.76234178123678
2.85529996017743
3.26656802530187
3.35952620424253
2.8158646108156
2.90882278975625
3.0017809686969
3.09473914763755
3.1876973265782
2.96234561933506
3.3736136844595
3.46657186340015
3.24122015615701
3.33417833509766
3.42713651403831
3.52009469297896
3.61305287191962
3.70601105086027
3.48065934361713
3.57361752255778
3.98488558768222
4.39615365280666
4.48911183174731
3.94545023832038
4.03840841726103
4.13136659620168
3.90601488895854
3.99897306789919
4.09193124683985
4.1848894257805
3.95953771853736
4.05249589747801
4.46376396260245
4.23841225535931
4.01306054811617
3.78770884087303
4.19897690599747
3.97362519875433
4.06658337769498
4.15954155663563
3.93418984939249
4.66376780070072
4.43841609345758
3.89475450003065
3.9877126789713
3.76236097172816
3.53700926448502
3.62996744342568
3.72292562236633
4.13419368749077
3.59053209406384
4.00180015918828
4.09475833812893
3.86940663088579
3.96236480982644
4.05532298876709
3.82997128152395
3.9229294604646
4.33419752558905
4.4271557045297
4.20180399728656
4.93138194859479
4.06941046898407
3.84405876174093
3.93701694068158
4.02997511962223
4.44124318474667
4.21589147750353
3.99053977026039
4.40180783538483
4.49476601432549
4.26941430708234
4.362372486023
4.45533066496365
3.91166907153672
4.32293713666116
4.09758542941802
4.19054360835867
4.28350178729932
4.05815008005618
4.15110825899683
4.56237632412127
4.01871473069434
3.47505313726741
3.88632120239185
3.9792793813325
3.75392767408936
4.1651957392138
3.93984403197066
4.03280221091132
3.80745050366818
4.21871856879262
4.31167674773327
4.40463492667392
4.49759310561457
4.27224139837143
4.36519957731208
4.45815775625273
4.86942582137717
4.64407411413403
5.05534217925847
5.46661024438291
3.96801899240461
4.69759694371284
4.79055512265349
4.88351330159415
4.65816159435101
5.06942965947545
5.1623878384161
4.93703613117296
4.71168442392982
4.80464260287047
4.89760078181112
4.67224907456798
5.08351713969242
4.85816543244928
4.95112361138993
4.72577190414679
4.50042019690365
4.91168826202809
4.68633655478495
5.09760461990939
4.87225291266625
4.64690120542311
4.42154949817997
4.83281756330442
4.60746585606128
4.70042403500193
4.47507232775879
4.56803050669944
4.66098868564009
4.43563697839695
4.5285951573376
4.93986322246204
4.7145115152189
4.80746969415955
4.9004278731002
4.67507616585706
4.76803434479771
4.86099252373837
4.63564081649523
5.04690888161967
4.82155717437653
4.59620546713339
4.68916364607404
4.78212182501469
4.87508000395534
4.96803818289599
5.06099636183664
4.8356446545935
4.92860283353415
4.70325112629101
4.79620930523166
4.88916748417232
4.34550589074539
4.43846406968604
4.84973213481048
4.94269031375113
5.03564849269178
4.49198689926485
4.5849450782055
5.31452302951373
4.7708614360868
4.54550972884366
4.32015802160052
4.41311620054117
4.50607437948182
4.28072267223868
4.05537096499554
4.14832914393619
3.92297743669305
4.01593561563371
4.10889379457436
4.20185197351501
3.97650026627187
4.38776833139631
4.48072651033696
4.25537480309382
4.03002309585068
4.12298127479133
3.89762956754819
3.99058774648884
3.7652360392457
3.85819421818635
3.951152397127
4.04411057606765
3.81875886882451
4.23002693394896
4.00467522670582
3.77932351946268
4.19059158458712
3.96523987734398
4.05819805628463
3.83284634904149
3.60749464179835
4.01876270692279
3.79341099967965
3.8863691786203
3.66101747137716
3.75397565031781
3.52862394307467
3.93989200819912
4.03285018713977
3.48918859371284
3.58214677265349
3.67510495159414
3.76806313053479
3.54271142329165
3.6356696022323
3.72862778117295
3.50327607392981
3.27792436668667
3.37088254562732
3.14553083838418
3.23848901732483
3.33144719626548
3.42440537520613
3.19905366796299
2.97370196071985
3.06666013966051
3.15961831860116
2.93426661135802
3.34553467648246
3.12018296923932
3.21314114817997
3.30609932712062
3.39905750606127
2.85539591263434
3.26666397775878
3.35962215669943
3.45258033564008
3.54553851458073
3.32018680733759
3.41314498627824
3.5061031652189
3.28075145797576
3.37370963691641
3.46666781585706
3.55962599479771
3.33427428755457
3.10892258031143
3.20188075925208
3.93145871056031
3.70610700331717
3.48075529607403
3.25540358883089
3.66667165395533
3.44131994671219
3.53427812565285
3.6272363045935
3.72019448353415
3.8131526624748
3.90611084141545
3.68075913417231
3.77371731311296
3.86667549205361
3.95963367099426
3.73428196375112
3.82724014269178
3.60188843544864
4.01315650057308
4.10611467951373
3.88076297227059
3.97372115121124
3.7483694439681
3.84132762290875
3.9342858018494
3.70893409460626
3.48358238736312
3.89485045248756
3.66949874524442
3.76245692418507
3.85541510312572
3.63006339588258
3.72302157482324
3.81597975376389
3.90893793270454
4.00189611164519
3.77654440440205
3.8695025833427
3.64415087609956
3.73710905504021
4.14837712016465
3.60471552673772
3.69767370567837
3.79063188461902
3.88359006355967
3.65823835631653
3.75119653525718
3.84415471419783
3.93711289313849
3.71176118589535
3.804719364836
3.89767754377665
3.67232583653351
3.44697412929037
3.53993230823102
3.95120037335546
3.72584866611232
3.81880684505297
3.91176502399362
4.00472320293427
4.09768138187493
3.87232967463179
3.64697796738865
3.7399361463293
3.83289432526995
3.60754261802681
4.01881068315125
3.47514908972432
3.88641715484876
3.97937533378941
3.75402362654627
4.16529169167071
3.93993998442757
3.71458827718443
3.80754645612508
4.21881452124953
3.67515292782259
4.08642099294704
4.17937917188769
3.95402746464455
5.00191530213657
4.45825370870964
4.2329020014665
4.32586018040715
4.4188183593478
4.51177653828845
4.6047347172291
4.37938300998596
4.47234118892661
4.56529936786726
4.65825754680791
4.11459595338098
4.84417390468922
4.61882219744608
4.07516060401914
4.1681187829598
4.26107696190045
4.67234502702489
4.12868343359796
4.85826138490619
4.95121956384684
4.7258678566037
4.50051614936056
4.59347432830121
4.68643250724186
4.14277091381493
4.55403897893938
4.64699715788003
4.73995533682068
4.83291351576133
4.60756180851819
4.38221010127505
4.4751682802157
4.88643634534014
4.34277475191321
4.43573293085386
4.52869110979451
4.30333940255137
4.39629758149202
4.80756564661647
4.90052382555712
4.99348200449777
4.76813029725463
4.54277859001149
4.63573676895214
4.72869494789279
4.50334324064965
4.5963014195903
4.68925959853095
4.46390789128781
4.55686607022846
4.64982424916911
4.42447254192597
4.19912083468283
4.29207901362348
4.70334707874793
4.159685485321
4.25264366426165
4.3456018432023
4.75686990832674
4.84982808726739
4.62447638002425
4.39912467278111
4.17377296553797
4.58504103066241
4.35968932341927
4.77095738854371
4.22729579511678
4.32025397405743
4.73152203918187
4.50617033193873
4.59912851087938
4.69208668982003
4.4667349825769
4.55969316151755
4.6526513404582
4.42729963321506
4.52025781215571
4.93152587728015
4.70617417003701
4.48082246279387
4.57378064173452
4.34842893449138
4.75969699961582
4.85265517855647
4.62730347131333
5.03857153643778
5.13152971537843
4.90617800813529
4.68082630089215
5.09209436601659
4.86674265877345
4.9597008377141
4.73434913047096
4.82730730941161
4.92026548835226
5.01322366729291
4.78787196004977
4.88083013899042
5.61040809029866
4.74843661068794
4.84139478962859
4.93435296856924
5.02731114750989
4.80195944026675
4.8949176192074
4.98787579814805
4.76252409090491
4.85548226984556
4.63013056260242
4.72308874154308
4.49773703429994
4.2723853270568
4.36534350599745
4.77661157112189
4.86956975006254
4.32590815663561
5.05548610794384
4.51182451451691
5.55971235200894
4.06112110003063
4.47238916515508
4.88365723027952
4.97661540922017
4.43295381579324
4.84422188091768
4.93718005985833
4.71182835261519
5.12309641773963
4.89774471049649
4.99070288943714
5.08366106837779
4.85830936113465
4.9512675400753
5.04422571901595
5.13718389795661
4.91183219071346
5.6414101420217
5.41605843477856
6.46394627227058
4.64704513410849
4.74000331304914
4.83296149198979
4.92591967093044
4.7005679636873
4.79352614262795
4.56817443538481
4.34282272814167
4.75409079326611
4.52873908602297
4.30338737877983
4.07803567153669
3.85268396429355
4.26395202941799
4.03860032217485
3.81324861493171
3.90620679387236
3.68085508662922
3.77381326556987
4.82170110306189
3.64141973726738
3.41606803002424
3.82733609514868
3.60198438790554
3.6949425668462
3.46959085960306
3.56254903854371
3.65550721748436
3.43015551024122
3.52311368918187
3.61607186812252
3.39072016087938
3.48367833982003
3.57663651876068
3.66959469770133
3.44424299045819
3.53720116939884
3.6301593483395
3.40480764109636
4.13438559240459
3.27241411279387
3.36537229173452
3.45833047067517
3.23297876343203
3.64424682855647
3.41889512131333
3.19354341407019
3.28650159301084
3.37945977195149
3.47241795089214
3.247066243649
3.34002442258965
2.79636282916272
2.88932100810337
2.98227918704403
2.75692747980089
3.16819554492533
2.94284383768219
2.71749213043905
3.12876019556349
2.58509860213656
2.67805678107721
2.77101496001786
2.54566325277472
2.63862143171537
2.73157961065602
2.82453778959667
2.59918608235353
2.69214426129418
2.46679255405104
2.55975073299169
2.65270891193234
2.74566709087299
2.52031538362986
2.61327356257051
2.70623174151116
2.48088003426802
2.57383821320867
2.66679639214932
2.75975457108997
2.53440286384683
2.30905115660369
2.72031922172813
2.49496751448499
2.26961580724185
2.3625739861825
2.45553216512315
2.5484903440638
2.32313863682066
2.41609681576131
2.50905499470197
2.60201317364262
2.37666146639948
2.46961964534013
2.56257782428078
2.65553600322143
2.74849418216208
2.52314247491894
2.61610065385959
3.02736871898403
2.4837071255571
2.25835541831396
2.35131359725461
2.44427177619527
2.21892006895213
2.31187824789278
2.08652654064964
2.17948471959029
2.27244289853094
2.36540107747159
2.14004937022845
2.2330075491691
2.32596572810975
2.10061402086661
1.87526231362347
1.96822049256412
2.06117867150477
2.15413685044543
2.24709502938608
2.34005320832673
2.43301138726738
2.20765968002424
2.30061785896489
2.39357603790554
2.48653421684619
2.57949239578684
2.3541406885437
2.44709886748435
2.22174716024121
2.31470533918186
2.40766351812252
2.50062169706317
2.27526998982003
2.36822816876068
2.46118634770133
2.23583464045819
2.32879281939884
2.42175099833949
2.51470917728014
2.289357470037
2.38231564897765
2.4752738279183
2.24992212067516
2.34288029961581
2.43583847855646
2.21048677131332
2.30344495025397
2.39640312919463
2.48936130813528
2.26400960089214
2.35696777983279
2.44992595877344
2.54288413771409
2.31753243047095
2.4104906094116
2.50344878835225
2.5964069672929
2.37105526004976
2.46401343899041
2.87528150411485
2.64992979687171
2.42457808962857
2.51753626856922
2.92880433369366
2.38514274026673
2.79641080539117
2.57105909814804
2.66401727708869
2.43866556984555
2.5316237487862
2.62458192772685
2.39923022048371
2.49218839942436
2.58514657836501
2.35979487112187
2.45275305006252
2.86402111518696
2.63866940794382
2.73162758688448
2.82458576582513
2.59923405858199
2.37388235133885
2.78515041646329
2.55979870922015
2.6527568881608
2.74571506710145
2.8386732460421
2.61332153879896
3.0245896039234
2.79923789668026
2.89219607562092
2.66684436837778
2.75980254731843
2.85276072625908
2.94571890519973
2.72036719795659
2.81332537689724
2.90628355583789
2.99924173477854
2.7738900275354
2.86684820647605
2.9598063854167
3.05276456435735
3.14572274329801
2.92037103605487
3.01332921499552
3.10628739393617
2.88093568669303
2.97389386563368
3.06685204457433
3.15981022351498
2.93445851627184
3.02741669521249
3.12037487415314
3.21333305309379
3.30629123203444
3.0809395247913
3.17389770373196
2.94854599648882
3.35981406161326
3.13446235437012
2.90911064712698
3.32037871225142
3.09502700500828
3.18798518394893
3.28094336288958
3.37390154183023
3.14854983458709
3.24150801352774
3.3344661924684
3.42742437140905
3.5203825503497
3.61334072929035
3.38798902204721
3.48094720098786
3.8922152661123
3.98517344505295
3.75982173780981
4.17108980293425
4.5823578680587
4.03869627463177
4.13165445357242
4.22461263251307
3.99926092526993
4.09221910421058
3.86686739696744
3.95982557590809
4.05278375484874
3.8274320476056
3.92039022654625
4.0133484054869
4.10630658442755
3.88095487718441
3.97391305612506
3.74856134888192
4.15982941400636
3.93447770676323
3.70912599952009
4.12039406464453
4.21335224358518
4.30631042252583
3.7626488290989
3.85560700803955
3.9485651869802
3.72321347973706
3.81617165867771
3.59081995143457
3.68377813037522
4.09504619549966
3.86969448825652
3.96265266719717
4.05561084613782
4.14856902507847
3.92321731783533
4.01617549677599
3.47251390334906
3.8837819684735
3.65843026123036
4.0696983263548
4.16265650529545
3.61899491186852
4.34857286317675
3.80491126974982
3.89786944869047
3.99082762763112
3.76547592038798
3.85843409932863
3.95139227826929
3.72604057102614
3.8189987499668
3.91195692890745
4.0049151078481
4.09787328678875
3.87252157954561
3.96547975848626
4.05843793742691
3.83308623018377
3.60773452294063
3.38238281569749
3.79365088082193
3.56829917357879
3.66125735251944
3.4359056452763
3.52886382421695
3.94013188934139
4.03309006828204
3.48942847485511
3.58238665379577
3.99365471892021
3.76830301167707
3.86126119061772
3.95421936955837
3.72886766231523
3.82182584125588
3.91478402019653
4.00774219913718
4.10070037807783
4.19365855701848
4.28661673595913
4.69788480108358
4.15422320765665
4.2471813865973
4.34013956553795
4.4330977444786
4.20774603723546
4.93732398854369
4.71197228130055
4.16831068787362
4.89788863918185
4.35422704575492
4.76549511087936
4.54014340363622
4.31479169639308
4.08943998914994
3.8640882819068
3.95704646084745
3.73169475360431
3.82465293254497
4.23592099766941
4.64718906279385
3.46690769699934
3.87817576212378
3.65282405488064
3.74578223382129
3.52043052657815
3.93169859170259
4.02465677064324
3.7993050634001
3.57395335615696
3.9852214212814
3.75986971403826
3.53451800679512
3.62747618573577
4.03874425086021
4.13170242980087
3.90635072255773
3.99930890149838
3.45564730807145
3.86691537319589
3.64156366595275
3.41621195870961
3.50917013765026
3.60212831659091
3.69508649553156
3.78804467447221
3.88100285341286
3.65565114616972
4.06691921129417
3.52325761786724
3.93452568299168
3.70917397574854
3.4838222685054
3.57678044744605
3.6697386263867
3.44438691914356
3.53734509808421
3.63030327702486
3.40495156978172
3.81621963490616
3.90917781384682
3.36551622041988
3.45847439936054
3.2331226921174
3.32608087105805
3.4190390499987
3.51199722893935
3.60495540788
3.37960370063686
3.15425199339372
3.24721017233437
3.34016835127502
3.43312653021567
3.20777482297253
3.30073300191318
3.39369118085383
3.48664935979448
3.57960753873514
3.354255831492
3.12890412424886
3.22186230318951
2.99651059594637
3.08946877488702
3.18242695382767
2.95707524658453
3.36834331170897
3.14299160446583
2.91763989722269
3.01059807616334
3.103556255104
3.19651443404465
2.97116272680151
3.06412090574216
3.15707908468281
2.93172737743967
3.02468555638032
3.11764373532097
3.21060191426162
3.30356009320227
3.07820838595913
2.85285667871599
2.94581485765665
3.0387730365973
2.81342132935416
2.90637950829481
2.99933768723546
3.09229586617611
2.86694415893297
2.95990233787362
2.73455063063048
3.14581869575492
2.92046698851178
3.01342516745244
2.7880734602093
2.88103163914995
2.9739898180906
3.06694799703125
2.84159628978811
2.93455446872876
3.02751264766941
3.12047082661006
2.89511911936692
2.98807729830757
2.76272559106443
2.85568377000508
2.63033206276194
2.7232902417026
2.81624842064325
2.59089671340011
2.68385489234076
2.77681307128141
2.86977125022206
2.64441954297892
2.73737772191957
2.51202601467643
2.60498419361708
2.69794237255773
2.47259066531459
2.56554884425524
2.65850702319589
2.75146520213654
2.8444233810772
2.61907167383406
2.39371996659092
2.48667814553157
2.57963632447222
2.35428461722908
2.44724279616973
2.22189108892659
2.31484926786724
2.0894975606241
1.86414585338096
2.2754139185054
2.05006221126226
2.14302039020291
1.91766868295977
2.01062686190042
1.78527515465728
1.87823333359793
1.97119151253859
1.74583980529545
2.15710787041989
1.93175616317675
2.0247143421174
1.79936263487426
1.89232081381491
1.98527899275556
1.75992728551242
1.85288546445307
1.94584364339372
2.03880182233437
1.81345011509123
1.90640829403188
1.99936647297253
1.77401476572939
1.86697294467005
1.9599311236107
2.05288930255135
1.82753759530821
2.23880566043265
2.01345395318951
2.42472201831395
2.19937031107081
2.29232849001146
2.06697678276832
2.15993496170897
2.25289314064963
2.34585131959028
2.12049961234714
2.21345779128779
2.30641597022844
2.39937414916909
2.49233232810974
2.2669806208666
2.35993879980725
2.4528969787479
2.22754527150476
2.32050345044541
2.41346162938606
2.18810992214292
2.28106810108357
2.69233616620802
2.46698445896488
2.24163275172174
2.33459093066239
2.42754910960304
2.52050728854369
2.61346546748434
2.70642364642499
2.48107193918185
2.5740301181225
2.66698829706315
2.7599464760038
2.53459476876066
2.62755294770131
2.72051112664196
2.49515941939882
2.58811759833947
2.68107577728012
2.45572407003698
2.54868224897763
2.95995031410208
2.73459860685894
2.5092468996158
2.60220507855645
2.6951632574971
2.78812143643775
2.8810796153784
2.65572790813526
2.74868608707591
2.84164426601656
2.61629255877342
2.70925073771407
2.48389903047093
2.89516709559537
2.66981538835223
2.76277356729288
2.53742186004974
2.6303800389904
2.72333821793105
2.8162963968717
2.90925457581235
3.002212754753
2.77686104750986
2.86981922645051
2.96277740539116
2.73742569814802
2.83038387708867
2.92334205602932
3.01630023496997
2.79094852772683
2.88390670666748
2.97686488560813
2.751513178365
2.84447135730565
2.61911965006251
2.71207782900316
2.80503600794381
2.89799418688446
2.67264247964132
3.08391054476576
2.85855883752262
2.95151701646327
2.72616530922013
2.81912348816078
2.91208166710143
2.68672995985829
2.77968813879894
2.8726463177396
2.64729461049646
3.0585626756209
2.83321096837776
2.92616914731841
2.70081744007527
2.79377561901592
2.88673379795657
2.97969197689722
2.75434026965408
2.84729844859473
2.94025662753538
3.35152469265982
3.12617298541668
3.21913116435733
2.99377945711419
3.08673763605484
3.17969581499549
2.95434410775235
3.04730228669301
2.82195057944986
2.91490875839052
3.00786693733117
2.78251523008803
2.87547340902868
2.96843158796933
3.06138976690998
3.15434794585063
2.92899623860749
3.02195441754814
3.11491259648879
3.20787077542944
3.30082895437009
3.39378713331074
3.4867453122514
3.26139360500826
3.35435178394891
3.44730996288956
3.22195825564642
3.63322632077086
3.40787461352772
3.50083279246837
3.59379097140902
3.36843926416588
3.46139744310653
3.55435562204718
3.64731380098783
3.74027197992848
3.83323015886914
3.92618833780979
3.70083663056665
3.7937948095073
4.84168264699932
3.9797111673886
3.75435946014546
4.1656275252699
3.94027581802676
4.03323399696741
4.12619217590806
4.21915035484871
4.31210853378936
3.76844694036243
3.86140511930308
4.27267318442752
4.04732147718438
4.14027965612504
3.9149279488819
4.32619601400634
4.1008443067632
4.19380248570385
3.96845077846071
4.37971884358515
4.79098690870959
4.56563520146645
4.34028349422331
4.11493178698017
4.20788996592082
4.30084814486147
4.39380632380213
4.48676450274278
4.26141279549964
4.67268086062408
4.44732915338094
4.54028733232159
4.63324551126224
4.4078938040191
4.50085198295975
4.5938101619004
5.00507822702485
4.77972651978171
4.55437481253857
4.96564287766301
5.05860105660366
4.83324934936052
5.24451741448496
4.70085582105803
4.79381399999868
4.88677217893933
4.97973035787999
4.43606876445305
4.8473368295775
4.94029500851815
5.0332531874588
4.48959159403187
4.58254977297252
4.35719806572938
4.45015624467003
4.22480453742689
4.63607260255134
4.4107208953082
4.50367907424885
4.91494713937329
5.32621520449773
5.10086349725459
4.87551179001145
4.9684699689521
5.06142814789275
4.83607644064961
4.92903461959026
5.02199279853091
5.11495097747156
4.88959927022842
4.98255744916907
5.39382551429352
5.16847380705038
4.94312209980724
5.03608027874789
4.81072857150475
4.9036867504454
4.99664492938605
5.0896031083267
5.50087117345114
5.91213923857558
5.36847764514865
5.4614358240893
5.23608411684616
5.32904229578681
5.42200047472747
5.19664876748433
4.97129706024119
5.38256512536563
5.79383319049007
5.25017159706314
5.34312977600379
5.43608795494444
5.52904613388509
5.30369442664195
5.3966526055826
5.48961078452325
5.26425907728011
5.35721725622076
5.76848532134521
6.17975338646965
4.99947202067514
5.09243019961579
4.86707849237265
5.27834655749709
4.73468496407016
4.82764314301081
4.92060132195146
5.3318693870759
5.42482756601655
5.19947585877341
5.29243403771406
5.38539221665471
5.47835039559536
5.25299868835222
5.02764698110908
5.12060516004974
5.53187322517418
5.62483140411483
6.03609946923927
6.12905764817992
5.2670861685692
5.36004434750985
5.4530025264505
5.54596070539115
5.32060899814801
5.41356717708866
5.8248352422131
5.91779342115375
5.69244171391061
5.46709000666747
5.24173829942433
5.65300636454878
5.10934477112185
5.52061283624629
4.97695124281936
5.06990942176001
5.16286760070066
4.93751589345752
5.34878395858196
5.7600520237064
4.2614607717281
4.99103872303633
5.08399690197698
4.85864519473384
4.95160337367449
5.04456155261514
5.13751973155579
4.91216802431265
4.68681631706951
4.77977449601016
4.55442278876702
4.64738096770767
4.74033914664833
4.83329732558898
4.92625550452963
4.70090379728649
4.79386197622714
4.568510268984
5.29808822029223
5.07273651304909
4.21076503343837
4.30372321237902
4.71499127750346
4.80794945644411
4.58259774920097
4.35724604195783
4.13189433471469
4.22485251365535
3.99950080641221
4.09245898535286
3.86710727810972
3.32344568468279
4.05302363599102
3.50936204256409
3.60232022150474
4.01358828662918
3.46992669320225
3.5628848721429
3.97415293726734
3.43049134384041
3.20513963659727
3.29809781553792
3.39105599447857
3.16570428723543
3.25866246617609
3.35162064511674
3.44457882405739
3.21922711681425
3.3121852957549
3.08683358851176
3.17979176745241
3.27274994639306
3.36570812533371
3.14035641809057
3.23331459703122
3.32627277597187
3.41923095491252
3.51218913385317
3.60514731279382
3.69810549173447
3.15444389830754
3.24740207724819
3.02205037000505
2.79669866276191
2.88965684170257
2.98261502064322
2.43895342721629
2.85022149234073
2.94317967128138
2.71782796403824
2.81078614297889
2.58543443573575
2.99670250086019
2.77135079361705
2.86430897255771
2.63895726531457
2.73191544425522
2.82487362319587
3.23614168832031
3.01078998107717
2.78543827383403
2.87839645277468
2.65304474553154
3.06431281065598
2.83896110341284
2.93191928235349
2.70656757511035
2.799525754051
2.89248393299165
2.66713222574851
2.76009040468917
2.85304858362982
2.94600676257047
2.72065505532733
2.81361323426798
2.90657141320863
2.68121970596549
2.77417788490614
2.86713606384679
2.96009424278744
2.41643264936051
2.82770071448495
2.60234900724181
2.69530718618246
2.78826536512311
2.88122354406376
2.65587183682062
2.74883001576127
2.84178819470193
2.93474637364258
2.70939466639944
2.80235284534009
2.57700113809695
2.6699593170376
2.76291749597825
2.8558756749189
2.94883385385955
2.72348214661641
2.81644032555706
2.90939850449772
2.68404679725457
2.77700497619523
2.86996315513588
2.64461144789274
3.05587951301718
2.83052780577404
2.6051760985309
2.69813427747155
2.7910924564122
2.88405063535285
2.9770088142935
2.75165710705036
2.84461528599101
2.93757346493167
2.71222175768853
3.12348982281297
2.57982822938604
2.99109629451048
3.08405447345113
3.17701265239178
2.95166094514864
3.04461912408929
2.81926741684615
2.9122255957868
2.68687388854366
2.77983206748431
3.19110013260875
2.96574842536561
2.74039671812247
2.83335489706313
2.92631307600378
3.01927125494443
2.79391954770129
2.88687772664194
3.29814579176638
3.07279408452324
3.16575226346389
2.94040055622075
3.0333587351614
3.12631691410205
2.90096520685891
2.99392338579957
2.76857167855642
3.17983974368087
2.95448803643773
2.72913632919459
2.82209450813524
2.91505268707589
3.00801086601654
2.7826591587734
2.87561733771405
2.9685755166547
2.74322380941156
3.154491874536
3.24745005347665
3.02209834623351
3.43336641135796
3.20801470411482
3.30097288305547
3.39393106199612
3.48688924093677
3.57984741987742
3.35449571263428
3.76576377775872
3.54041207051558
3.31506036327244
4.04463831458067
3.81928660733753
3.91224478627819
4.00520296521884
4.09816114415949
3.87280943691635
3.64745772967321
4.05872579479765
4.1516839737383
3.60802238031137
4.01929044543581
4.11224862437646
4.5235166895009
3.97985509607397
4.07281327501462
3.52915168158769
3.62210986052834
3.71506803946899
3.48971633222585
3.58267451116651
3.67563269010716
3.45028098286402
3.54323916180467
3.63619734074532
3.41084563350218
3.50380381244283
3.59676199138348
3.68972017032413
3.46436846308099
3.55732664202164
3.65028482096229
3.42493311371915
4.15451106502739
3.92915935778425
3.70380765054111
3.47845594329797
3.88972400842241
3.66437230117927
3.43902059393613
3.53197877287678
3.30662706563364
3.71789513075808
3.49254342351494
3.58550160245559
3.36014989521245
3.4531080741531
3.22775636690996
3.6390244320344
3.41367272479126
3.50663090373191
3.28127919648877
3.37423737542943
3.46719555437008
3.56015373331073
3.33480202606759
3.42776020500824
3.52071838394889
3.29536667670575
3.3883248556464
3.48128303458705
3.5742412135277
3.34888950628456
3.44184768522521
3.21649597798207
3.30945415692272
3.40241233586337
3.49537051480402
2.95170892137709
3.36297698650153
3.1376252792584
3.23058345819905
3.3235416371397
3.41649981608035
3.19114810883721
2.96579640159407
3.05875458053472
3.15171275947537
2.92636105223223
3.33762911735667
3.11227741011353
3.20523558905418
2.97988388181104
3.39115194693548
3.48411012587613
3.57706830481678
3.03340671138985
3.12636489033051
3.21932306927116
3.31228124821181
3.40523942715246
3.8165074922769
3.90946567121755
4.32073373634199
3.77707214291506
3.87003032185571
3.96298850079636
4.05594667973702
4.14890485867767
4.24186303761832
4.01651133037518
4.10946950931583
4.20242768825648
4.29538586719713
4.38834404613778
4.16299233889464
3.9376406316515
4.03059881059215
3.80524710334901
3.57989539610587
3.99116346123031
4.08412164017096
4.17707981911161
4.27003799805227
3.72637640462534
3.5010246973822
3.91229276250664
3.6869410552635
3.46158934802036
3.55454752696101
3.32919581971787
3.74046388484231
3.51511217759917
3.60807035653982
3.70102853548047
3.47567682823733
3.25032512099419
3.66159318611863
3.4362414788755
3.52919965781615
3.6221578367568
3.71511601569745
3.48976430845431
3.90103237357875
3.35737078015182
3.45032895909247
3.22497725184933
3.63624531697377
3.41089360973063
3.50385178867128
3.91511985379572
3.68976814655258
3.46441643930944
3.55737461825009
3.65033279719075
3.42498108994761
3.51793926888826
3.61089744782891
3.38554574058577
3.47850391952642
3.57146209846707
3.66442027740772
3.75737845634837
3.85033663528902
3.62498492804588
3.71794310698653
3.81090128592718
3.58554957868404
3.3601978714409
3.45315605038155
3.5461142293222
3.63907240826285
3.41372070101971
3.50667887996036
3.28132717271722
3.37428535165788
3.14893364441474
3.24189182335539
3.33485000229604
3.42780818123669
3.52076636017734
3.2954146529342
3.38837283187485
3.4813310108155
3.57428918975615
3.34893748251301
3.12358577526987
3.21654395421053
3.30950213315118
3.40246031209183
3.49541849103248
3.27006678378934
3.36302496272999
3.45598314167064
3.54894132061129
3.32358961336815
3.4165477923088
3.50950597124945
3.28415426400631
3.37711244294696
3.47007062188762
3.24471891464448
3.33767709358513
3.2926067521365
3.24753641068787
3.20246606923924
3.15739572779062
3.11232538634199
3.13091702213012
3.14950865791825
3.16810029370638
3.18669192949451
3.20528356528264
3.22387520107077
3.2424668368589
3.26105847264703
3.27965010843516
3.29824174422329
3.07289003698015
3.1658482159208
2.94049650867766
3.3517645738021
3.12641286655896
3.21937104549961
2.99401933825647
3.08697751719713
3.17993569613778
3.59120376126222
3.04754216783529
3.14050034677594
3.23345852571659
3.00810681847345
3.1010649974141
3.19402317635475
3.2869813552954
3.06162964805226
3.15458782699291
2.92923611974977
3.02219429869043
2.79684259144728
2.88980077038794
2.98275894932859
3.07571712826924
2.8503654210261
3.26163348615054
3.0362817789074
2.81093007166426
2.90388825060491
2.99684642954556
2.77149472230242
2.86445290124307
2.95741108018372
3.05036925912437
2.82501755188123
2.91797573082188
3.01093390976254
2.7855822025194
2.87854038146005
2.9714985604007
3.06445673934135
2.83910503209821
2.61375332485507
2.70671150379572
2.79966968273637
2.57431797549323
2.34896626825009
2.44192444719074
2.53488262613139
2.30953091888825
2.40248909782891
2.17713739058577
2.58840545571021
2.36305374846707
2.45601192740772
2.23066022016458
2.32361839910523
2.41657657804588
2.50953475698653
2.28418304974339
2.37714122868404
2.47009940762469
2.56305758656534
2.65601576550599
2.43066405826285
2.84193212338729
2.93489030232794
2.7095385950848
2.80249677402546
2.89545495296611
2.67010324572297
2.76306142466362
2.85601960360427
2.63066789636113
3.04193596148557
2.81658425424243
2.90954243318308
3.00250061212373
3.09545879106438
2.87010708382124
2.96306526276189
2.73771355551875
3.14898162064319
2.92362991340005
3.0165880923407
3.42785615746515
3.20250445022201
2.97715274297887
3.38842080810331
3.16306910086017
3.25602727980082
3.34898545874147
3.44194363768212
3.21659193043898
3.30955010937963
3.40250828832028
3.17715658107714
3.58842464620158
3.36307293895845
3.4560311178991
3.23067941065596
3.6419474757804
3.41659576853726
3.50955394747791
3.60251212641856
3.69547030535921
3.47011859811607
3.56307677705672
3.33772506981358
3.43068324875423
3.52364142769489
3.61659960663554
3.3912478993924
3.48420607833305
3.5771642572737
3.35181255003056
3.44477072897121
3.53772890791186
3.63068708685251
3.72364526579316
3.49829355855002
3.59125173749068
3.68420991643133
3.77716809537198
3.87012627431263
3.96308445325328
3.41942285982635
3.83069092495079
3.60533921770765
4.01660728283209
3.79125557558895
3.8842137545296
3.97717193347025
3.75182022622711
3.84477840516776
3.93773658410841
4.03069476304907
3.80534305580593
3.89830123474658
3.99125941368723
3.76590770644409
3.85886588538474
3.95182406432539
4.04478224326604
4.13774042220669
4.23069860114734
4.0053468939042
3.77999518666106
3.87295336560171
3.96591154454236
4.05886972348302
4.47013778860746
4.24478608136432
4.01943437412118
4.43070243924562
4.52366061818627
4.29830891094313
4.39126708988378
4.48422526882443
4.57718344776508
4.67014162670573
4.76309980564638
4.85605798458703
4.94901616352769
5.04197434246834
5.45324240759278
4.90958081416585
5.0025389931065
5.09549717204715
4.87014546480401
4.96310364374466
5.05606182268531
4.83071011544217
5.24197818056661
5.01662647332347
4.79127476608033
4.88423294502098
4.97719112396163
5.07014930290229
4.84479759565915
4.9377557745998
5.34902383972424
5.44198201866489
4.89832042523796
5.62789837654619
5.08423678311926
5.17719496205991
5.27015314100056
5.04480143375742
5.13775961269807
5.23071779163872
5.32367597057938
5.09832426333624
5.50959232846068
5.60255050740133
5.0588889139744
5.47015697909884
5.56311515803949
5.65607333698014
5.11241174355321
5.52367980867765
5.29832810143451
5.70959616655895
5.16593457313203
5.57720263825647
5.35185093101333
5.12649922377019
4.90114751652705
4.9941056954677
5.08706387440835
4.86171216716521
4.95467034610586
5.3659384112303
5.14058670398716
5.5518547691116
5.32650306186846
5.41946124080911
5.83072930593355
5.60537759869042
5.38002589144728
5.47298407038793
5.56594224932858
5.65890042826923
5.43354872102609
5.84481678615053
5.3011551927236
5.39411337166425
5.4870715506049
5.58002972954555
5.6729879084862
5.76594608742685
5.8589042663675
5.31524267294057
5.40820085188122
5.81946891700567
6.5490468683139
5.68707538870318
6.09834345382762
5.55468186040069
5.96594992552513
5.74059821828199
5.83355639722264
5.6082046899795
5.38285298273636
6.43074082022838
5.88707922680145
5.66172751955831
5.75468569849896
5.52933399125582
5.94060205638026
5.71525034913712
5.48989864189398
5.58285682083463
5.67581499977528
5.76877317871593
5.86173135765659
5.63637965041345
6.04764771553789
5.50398612211096
5.9152541872354
6.00821236617605
5.78286065893291
6.19412872405735
5.65046713063042
6.69835496812244
5.51807360232793
5.61103178126858
6.02229984639302
6.11525802533368
6.20821620427433
6.61948426939877
5.75751278978805
6.16878085491249
5.94342914766935
5.71807744042621
6.12934550555065
6.2223036844913
5.67864209106437
5.77160027000502
5.54624856276188
5.63920674170253
5.41385503445939
5.18850332721625
5.2814615061569
6.32934934364892
5.14906797785441
4.92371627061127
5.01667444955192
5.10963262849257
4.88428092124943
4.97723910019009
4.75188739294695
4.8448455718876
4.93780375082825
5.0307619297689
4.80541022252576
4.58005851528262
4.67301669422327
4.76597487316392
4.85893305210457
4.63358134486143
4.40822963761829
4.81949770274273
4.91245588168338
5.00541406062403
4.4617524671971
4.23640075995396
4.32935893889461
4.74062700401906
4.51527529677592
4.60823347571657
4.38288176847343
4.47583994741408
4.25048824017094
4.0251365329278
3.79978482568466
3.89274300462531
3.98570118356596
3.44203959013903
3.53499776907968
3.30964606183654
3.40260424077719
3.49556241971785
3.27021071247471
3.68147877759915
3.45612707035601
2.91246547692908
3.00542365586973
3.09838183481038
3.19134001375103
3.28429819269168
3.05894648544854
3.15190466438919
3.24486284332985
3.01951113608671
3.11246931502736
3.20542749396801
3.29838567290866
3.07303396566552
3.16599214460617
2.94064043736303
3.03359861630368
3.12655679524433
2.90120508800119
2.99416326694184
3.08712144588249
2.86176973863935
2.95472791758001
3.04768609652066
2.82233438927752
3.23360245440196
3.00825074715882
3.10120892609947
2.87585721885633
2.65050551161319
2.74346369055384
2.5181119833107
2.61107016225135
2.38571845500821
2.47867663394886
2.57163481288951
2.34628310564637
2.43924128458702
2.53219946352767
2.30684775628453
2.71811582140898
2.17445422798205
2.2674124069227
2.36037058586335
2.453328764804
2.54628694374465
2.6392451226853
2.73220330162595
2.50685159438281
2.59980977332346
2.69276795226411
2.46741624502097
2.56037442396162
2.65333260290227
2.74629078184292
2.52093907459978
2.61389725354044
2.70685543248109
2.79981361142174
2.89277179036239
2.66742008311925
2.44206837587611
2.53502655481676
2.62798473375741
2.40263302651427
2.81390109163871
2.58854938439557
2.68150756333622
2.45615585609308
2.86742392121752
2.64207221397438
2.73503039291503
2.50967868567189
2.60263686461255
2.37728515736941
2.47024333631006
2.56320151525071
2.65615969419136
2.74911787313201
2.84207605207266
2.61672434482952
2.39137263758638
2.80264070271082
2.57728899546768
2.67024717440833
2.76320535334898
2.53785364610584
2.63081182504649
2.72377000398715
2.8167281829278
2.59137647568466
2.68433465462531
2.77729283356596
2.55194112632282
2.64489930526347
2.73785748420412
2.83081566314477
2.92377384208543
2.69842213484229
3.10969019996673
2.88433849272359
2.65898678548045
2.7519449644211
2.84490314336175
2.61955143611861
3.03081950124305
2.80546779399991
2.89842597294056
2.67307426569742
2.76603244463807
2.54068073739493
2.63363891633558
3.04490698146002
2.81955527421688
2.91251345315754
3.00547163209819
2.78011992485505
2.8730781037957
2.96603628273635
3.058994461677
2.83364275443386
2.92660093337451
3.01955911231516
3.11251729125581
3.20547547019646
2.66181387676953
3.07308194189398
2.84773023465084
2.94068841359149
3.03364659253214
3.12660477147279
2.90125306422965
2.9942112431703
3.08716942211095
2.86181771486781
2.95477589380846
3.04773407274911
3.14069225168977
3.23365043063042
3.32660860957107
3.41956678851172
3.19421508126858
2.96886337402544
3.38013143914988
3.15477973190674
3.24773791084739
3.34069608978804
3.43365426872869
3.52661244766934
3.93788051279378
3.71252880555064
3.4871770983075
3.89844516343195
3.9914033423726
4.40267140749704
4.1773197002539
3.95196799301076
4.68154594431899
3.81957446470827
4.86746230220029
4.64211059495715
4.41675888771401
4.19140718047087
4.60267524559531
4.05901365216838
4.47028171729282
4.33436631893609
4.19845092057936
4.06253552222263
3.92662012386589
3.96380339544215
4.00098666701841
4.03816993859467
4.07535321017093
4.1125364817472
4.27704370779697
4.44155093384675
4.60605815989653
4.7705653859463
4.93507261199608
4.39141101856915
4.4843691975098
4.25901749026666
4.03366578302352
4.44493384814796
4.21958214090482
3.99423043366168
4.40549849878612
4.18014679154298
4.59141485666742
4.04775326324049
4.14071144218115
4.55197950730559
4.64493768624624
4.10127609281931
3.87592438557617
3.96888256451682
4.06184074345747
4.15479892239812
4.88437687370635
4.34071528027942
4.11536357303628
4.52663163816072
4.30127993091758
4.39423810985824
4.80550617498268
4.58015446773954
4.03649287431261
4.44776093943705
4.22240923219391
4.31536741113456
4.09001570389142
4.18297388283207
3.95762217558893
4.05058035452958
4.14353853347023
4.23649671241088
4.01114500516774
4.42241307029218
4.51537124923283
3.9717096558059
4.38297772093035
4.475935899871
4.25058419262786
4.34354237156851
4.43650055050916
4.52945872944981
4.30410702220667
4.71537508733111
4.49002338008797
4.90129144521241
4.67593973796927
5.08720780309371
4.86185609585057
4.95481427479123
5.04777245373188
4.82242074648874
4.91537892542939
5.00833710437004
5.41960516949448
4.55763368988376
4.9689017550082
5.06185993394885
5.1548181128895
4.92946640564636
5.02242458458701
4.47876299116008
4.89003105628452
4.98298923522517
4.75763752798203
4.85059570692268
4.94355388586333
4.71820217862019
4.81116035756085
4.9041185365015
4.67876682925836
4.77172500819901
4.86468318713966
4.95764136608031
5.05059954502096
4.82524783777782
4.91820601671847
5.01116419565912
4.78581248841598
4.87877066735663
4.97172884629728
4.74637713905414
4.8393353179948
4.93229349693545
5.0252516758761
4.79989996863296
4.89285814757361
5.30412621269805
5.07877450545491
5.17173268439556
4.94638097715242
5.03933915609307
5.13229733503372
5.22525551397437
5.31821369291502
4.77455209948809
4.54920039224495
4.96046845736939
5.05342663631005
4.82807492906691
4.92103310800756
5.01399128694821
5.10694946588886
5.19990764482951
4.97455593758637
4.74920423034323
4.84216240928388
4.93512058822453
4.70976888098139
4.80272705992204
4.5773753526789
4.67033353161955
4.44498182437641
4.53794000331706
4.63089818225771
4.72385636119837
4.81681454013902
4.90977271907967
4.68442101183653
4.77737919077718
4.55202748353404
4.64498566247469
4.41963395523155
4.5125921341722
4.60555031311285
4.6985084920535
4.47315678481036
4.24780507756722
4.34076325650787
4.43372143544852
4.20836972820539
4.30132790714604
4.39428608608669
4.48724426502734
4.2618925577842
4.67316062290864
4.4478089156655
4.22245720842236
4.31541538736301
4.09006368011987
4.18302185906052
4.27598003800117
4.05062833075803
4.46189639588248
4.23654468863934
4.32950286757999
4.10415116033685
3.87879945309371
3.97175763203436
3.42809603860743
3.52105421754808
3.61401239648873
3.38866068924559
3.48161886818624
3.57457704712689
3.66753522606754
3.4421835188244
3.53514169776506
3.62809987670571
3.72105805564636
3.81401623458701
3.58866452734387
3.99993259246831
3.77458088522517
3.54922917798203
3.64218735692268
4.05345542204712
3.82810371480398
3.92106189374463
4.01402007268528
4.10697825162593
3.88162654438279
3.97458472332345
4.0675429022641
3.84219119502096
4.57176914632919
4.34641743908605
4.12106573184291
4.21402391078356
4.30698208972421
4.39994026866486
4.49289844760551
4.90416651272995
4.36050491930302
4.77177298442746
4.54642127718432
4.32106956994118
4.73233763506563
4.50698592782249
4.59994410676314
4.69290228570379
4.46755057846065
4.87881864358509
4.33515705015816
4.7464251152826
4.83938329422325
4.61403158698011
4.38867987973697
4.48163805867762
4.57459623761827
4.66755441655892
4.76051259549958
4.85347077444023
4.62811906719709
4.72107724613774
4.81403542507839
4.58868371783525
4.99995178295969
4.45629018953276
4.54924836847341
4.96051643359785
4.73516472635471
4.82812290529537
4.92108108423602
4.69572937699288
5.42530732830111
4.88164573487418
4.65629402763104
4.74925220657169
4.84221038551234
4.93516856445299
5.02812674339364
5.12108492233429
4.89573321509115
4.9886913940318
5.08164957297245
4.85629786572931
5.26756593085376
5.36052410979441
5.45348228873506
5.54644046767571
5.00277887424878
5.41404693937322
5.18869523213008
5.91827318343831
6.01123136237896
5.78587965513583
5.56052794789268
5.97179601301713
5.74644430577399
5.83940248471464
5.93236066365529
5.70700895641215
5.7999671353528
5.57461542810966
5.66757360705031
5.76053178599096
5.85348996493161
5.94644814387226
6.03940632281291
5.81405461556977
5.90701279451042
5.99997097345107
6.09292915239172
6.50419721751617
5.96053562408924
5.7351839168461
5.82814209578675
5.9211002747274
6.33236833985184
6.1070166326087
6.19997481154935
6.29293299049
6.06758128324686
6.47884934837131
6.57180752731196
5.70983604770124
5.80279422664189
5.89575240558254
6.30702047070698
6.08166876346384
5.8563170562207
5.94927523516135
5.72392352791821
6.45350147922644
6.2281497719833
6.00279806474016
6.09575624368081
6.18871442262146
6.28167260156212
6.69294066668656
6.46758895944342
6.56054713838407
6.33519543114093
6.42815361008158
6.52111178902223
6.61406996796288
6.70702814690353
6.48167643966039
6.57463461860104
6.98590268372548
6.76055097648234
6.85350915542299
6.94646733436364
7.35773539948808
6.81407380606115
6.58872209881801
6.99999016394246
6.77463845669932
6.86759663563997
6.64224492839683
6.73520310733748
6.82816128627813
6.60280957903499
6.69576775797564
6.78872593691629
6.56337422967315
6.97464229479759
6.43098070137066
6.8422487664951
6.61689705925196
6.70985523819261
6.80281341713326
6.89577159607392
7.94365943356594
7.08168795395522
6.85633624671208
6.94929442565273
7.04225260459338
7.13521078353403
7.22816896247468
7.32112714141533
7.41408532035598
7.18873361311284
7.28169179205349
7.05634008481035
6.51267849138342
6.92394655650786
6.69859484926472
6.47324314202158
6.56620132096224
6.65915949990289
6.43380779265975
6.5267659716004
6.93803403672484
6.07606255711412
6.16902073605477
6.26197891499542
6.35493709393607
6.12958538669293
6.54085345181738
6.31550174457424
6.40845992351489
6.50141810245554
6.2760663952124
6.36902457415305
6.14367286690991
6.55494093203435
6.01127933860742
5.78592763136428
5.87888581030493
5.65353410306179
5.74649228200244
5.83945046094309
5.93240863988374
5.07043716027302
5.16339533921367
5.25635351815432
5.03100181091119
4.80565010366805
5.21691816879249
4.99156646154935
5.08452464049
5.17748281943065
5.2704409983713
5.04508929112816
5.13804747006881
5.23100564900946
5.32396382795011
5.09861212070697
5.19157029964762
5.28452847858827
5.37748665752892
4.83382506410199
4.92678324304264
4.7014315357995
4.15776994237257
4.88734789368081
4.34368630025388
4.75495436537832
4.84791254431897
4.62256083707583
4.71551901601648
4.49016730877334
4.90143537389778
4.99439355283843
4.76904184559529
4.86200002453594
4.95495820347659
5.04791638241725
4.8225646751741
4.91552285411476
5.00848103305541
4.78312932581227
4.87608750475292
4.96904568369357
4.74369397645043
4.83665215539108
4.92961033433173
5.34087839945618
5.11552669221304
4.8901749849699
5.30144305009434
5.39440122903499
5.48735940797564
4.94369781454871
5.35496587967315
5.12961417243001
5.22257235137066
5.31553053031131
5.09017882306817
5.50144688819262
5.27609518094948
5.36905335989013
5.78032142501457
5.55496971777143
5.64792789671208
5.42257618946894
5.51553436840959
5.60849254735024
5.70145072629089
5.79440890523154
5.5690571979884
5.66201537692905
5.7549735558697
5.84793173481035
5.940889913751
6.03384809269165
5.80849638544851
5.90145456438916
5.67610285714602
5.76906103608668
5.86201921502733
5.63666750778419
6.04793557290863
5.82258386566549
5.91554204460614
6.00850022354679
6.10145840248744
6.19441658142809
6.28737476036874
6.38033293930939
6.47329111825004
6.56624929719069
6.34089758994755
6.4338557688882
6.52681394782886
6.30146224058572
6.39442041952637
6.48737859846702
6.58033677740767
6.35498507016453
6.76625313528897
6.54090142804583
7.27047937935406
6.72681778592713
6.50146607868399
6.91273414380843
6.68738243656529
6.46203072932215
6.55498890826281
6.64794708720345
6.42259537996032
6.83386344508476
6.60851173784162
7.01977980296606
6.47611820953913
6.25076650229599
6.02541479505285
6.43668286017729
6.52964103911794
6.62259921805859
6.39724751081545
6.4902056897561
7.21978364106433
6.35781216145361
6.76908022657805
6.54372851933491
6.95499658445935
7.36626464958379
7.14091294234066
7.23387112128131
7.64513918640575
7.41978747916261
7.83105554428705
7.60570383704391
7.69866201598456
7.15500042255763
7.24795860149828
7.34091678043893
7.11556507319579
7.20852325213644
7.30148143107709
7.07612972383395
7.4873977889584
7.26204608171525
7.35500426065591
7.44796243959656
7.22261073235342
7.31556891129407
7.72683697641851
7.50148526917537
7.27613356193223
7.05078185468909
7.46204991981353
7.40571199300275
7.34937406619196
7.29303613938118
7.23669821257039
7.01134650532725
7.1043046842679
7.19726286320856
7.29022104214921
7.06486933490607
7.7944472862143
6.61416592041978
6.70712409936044
6.80008227830109
6.89304045724174
6.34937886381481
6.44233704275546
6.53529522169611
6.30994351445297
6.72121157957741
6.49585987233427
6.58881805127492
6.36346634403178
6.13811463678864
6.23107281572929
6.32403099466994
6.0986792874268
5.87332758018366
5.96628575912431
6.05924393806497
5.83389223082183
5.92685040976248
6.01980858870313
5.79445688145999
5.56910517421685
5.6620633531575
5.75502153209815
5.8479797110388
5.62262800379566
5.71558618273631
5.49023447549317
5.26488276825003
5.35784094719068
5.13248923994754
4.9071375327044
5.00009571164505
4.77474400440191
4.86770218334256
4.96066036228321
5.05361854122387
5.14657672016452
5.55784478528896
5.33249307804582
4.78883148461889
5.51840943592712
5.29305772868398
5.38601590762463
5.47897408656528
5.57193226550593
5.66489044444658
5.43953873720344
5.53249691614409
5.62545509508474
5.71841327402539
5.49306156678225
5.58601974572291
5.67897792466356
5.77193610360421
5.86489428254486
5.95785246148551
6.05081064042616
6.14376881936681
5.91841711212367
5.69306540488053
5.78602358382118
5.87898176276183
5.65363005551869
5.74658823445934
5.83954641339999
5.93250459234064
5.7071528850975
6.11842095022195
5.89306924297881
5.98602742191946
6.07898560086011
5.85363389361697
5.94659207255762
6.03955025149827
6.13250843043892
5.90715672319578
6.31842478832022
6.09307308107708
6.18603126001773
5.96067955277459
6.05363773171524
6.46490579683969
5.92124420341276
6.3325122685372
6.10716056129406
6.20011874023471
6.29307691917536
6.38603509811601
6.47899327705666
6.25364156981352
6.34659974875417
6.43955792769482
6.53251610663547
6.94378417175992
6.71843246451678
6.81139064345743
7.54096859476566
7.31561688752252
6.77195529409559
7.18322335922003
6.95787165197689
7.05082983091754
7.46209789604198
6.91843630261505
7.3297043677395
7.10435266049635
7.19731083943701
7.29026901837766
7.38322719731831
7.15787549007517
7.25083366901582
7.66210173414026
7.43675002689712
8.16632797820535
7.62266638477842
7.39731467753528
8.12689262884351
7.90154092160037
7.99449910054102
7.76914739329788
7.54379568605474
7.3184439788116
7.41140215775226
7.50436033669291
7.27900862944977
7.37196680839042
7.78323487351486
7.55788316627172
7.65084134521237
8.06210941033681
8.15506758927746
7.92971588203432
8.02267406097498
8.11563223991563
7.89028053267249
7.98323871161314
9.03112654910516
8.16915506949444
8.58042313461888
8.35507142737574
8.44802960631639
8.85929767144084
8.63394596419769
8.09028437077076
8.50155243589521
8.27620072865207
8.36915890759272
8.46211708653337
8.23676537929023
8.64803344441467
8.42268173717153
8.19733002992839
8.29028820886904
8.3832463878097
8.47620456675035
8.88747263187479
9.93536046936681
8.43676921738851
8.84803728251295
8.9409954614536
8.71564375421046
8.49029204696732
8.58325022590797
8.35789851866483
8.13254681142169
8.22550499036234
8.31846316930299
8.09311146205985
8.18606964100051
7.96071793375737
7.73536622651423
8.14663429163867
7.92128258439553
8.33255064951997
8.10719894227683
8.20015712121748
8.29311530015813
7.43114382054741
7.52410199948806
7.29875029224492
7.07339858500178
7.16635676394244
7.25931494288309
7.35227312182374
6.80861152839681
7.21987959352125
6.67621800009432
6.76917617903497
6.86213435797562
6.63678265073248
6.72974082967313
6.50438912242999
6.91565718755443
7.00861536649508
7.10157354543574
6.5579119520088
6.65087013094946
6.42551842370631
6.51847660264696
6.61143478158762
6.38608307434447
6.47904125328513
6.57199943222578
6.66495761116643
6.75791579010708
6.85087396904773
6.62552226180459
6.71848044074524
6.81143861968589
6.58608691244275
6.6790450913834
6.77200327032405
6.8649614492647
6.95791962820535
6.73256792096221
6.82552609990286
7.2367941650273
6.69313257160037
6.78609075054102
6.87904892948167
6.97200710842232
6.74665540117918
6.83961358011983
6.93257175906049
7.02552993800114
6.800178230758
6.89313640969865
6.66778470245551
7.07905276757995
6.85370106033681
6.94665923927746
6.72130753203432
7.13257559715877
6.90722388991563
7.00018206885628
7.09314024779693
7.18609842673758
6.64243683331065
7.05370489843509
6.51004330500816
6.9213113701326
7.01426954907325
7.1072277280139
6.88187602077076
7.29314408589521
7.38610226483586
7.47906044377651
7.57201862271716
7.02835702929023
7.75793498059846
7.21427338717153
7.62554145229598
7.08187985886905
7.1748380378097
7.26779621675035
6.72413462332342
7.77202246081544
7.22836086738851
7.00300916014537
7.09596733908602
7.18892551802667
6.96357381078353
7.05653198972418
6.83118028248104
6.92413846142169
6.69878675417855
6.47343504693541
6.24808333969227
6.65935140481672
6.75230958375737
6.52695787651423
6.30160616927109
6.39456434821174
6.48752252715239
6.58048070609304
6.67343888503369
6.76639706397434
6.22273547054741
6.63400353567185
6.72696171461251
6.81991989355316
6.59456818631002
6.68752636525067
6.78048454419132
6.87344272313197
6.64809101588883
7.05935908101327
7.15231725995392
7.24527543889457
7.01992373165143
6.79457202440829
6.88753020334894
6.98048838228959
6.75513667504645
6.52978496780331
6.94105303292776
7.03401121186841
6.17203973225769
6.58330779738213
6.67626597632278
6.76922415526343
6.86218233420408
6.95514051314473
7.04809869208538
6.50443709865845
6.91570516378289
7.00866334272354
6.7833116354804
6.87626981442105
6.9692279933617
6.74387628611857
6.83683446505922
6.92979264399987
7.02275082294052
6.79739911569738
6.89035729463803
6.98331547357868
6.75796376633554
6.85092194527619
6.62557023803305
6.7185284169737
6.81148659591435
6.58613488867121
6.67909306761186
6.45374136036872
6.54669953930938
6.32134783206623
6.41430601100689
6.50726418994754
6.60022236888819
6.37487066164505
6.4678288405857
6.56078701952635
6.33543531228321
6.42839349122386
6.20304178398072
6.29599996292137
6.38895814186202
6.16360643461888
6.25656461355953
6.03121290631639
6.12417108525705
6.2171292641977
6.31008744313835
6.403045622079
6.17769391483586
6.27065209377651
6.04530038653337
6.13825856547402
5.91290685823088
6.00586503717153
5.78051332992839
5.87347150886904
5.6481198016259
5.74107798056655
5.83403615950721
5.92699433844786
6.3382624035723
5.79460081014537
5.88755898908602
5.98051716802667
6.07347534696732
6.48474341209176
6.57770159103241
6.35234988378927
6.44530806272992
6.53826624167057
6.63122442061122
7.04249248573567
6.81714077849253
6.91009895743318
7.00305713637383
7.09601531531448
7.18897349425513
6.96362178701199
7.05657996595264
7.46784803107708
7.56080621001773
7.33545450277459
7.42841268171524
7.2030609744721
7.61432903959654
7.3889773323534
7.80024539747784
7.57489369023471
7.66785186917536
7.76081004811601
7.53545834087287
7.94672640599731
7.72137469875417
7.81433287769482
7.90729105663547
8.00024923557612
8.09320741451678
7.86785570727364
7.6425040000305
8.37208195133873
8.46504013027938
8.55799830922003
8.65095648816068
8.42560478091754
8.51856295985819
8.61152113879884
8.70447931773949
9.11574738286394
9.20870556180459
8.98335385456145
9.39462191968589
8.85096032625896
9.2622283913834
9.35518657032405
9.76645463544849
9.54110292820535
9.31575122096221
9.72701928608666
9.81997746502731
11.1861751887031
10.0058938229086
10.7354717742168
10.5101200669737
10.6030782459144
9.74110676630363
9.51575505906049
9.60871323800114
10.0199813031256
10.1129394820662
10.5242075471907
10.6171657261313
10.710123905072
10.8030820840126
10.5777303767695
10.3523786695264
10.445336848467
10.8566049135915
10.9495630925321
10.724211385289
10.8171695642296
10.5918178569865
11.0030859221109
10.7777342148678
10.5523825076246
10.6453406865653
10.7382988655059
10.8312570444466
10.9242152233872
10.6988635161441
11.1101315812686
10.8847798740254
10.6594281667823
10.4340764595391
10.5270346384798
10.3016829312366
10.0763312239935
10.1692894029341
9.94393769569101
10.0368958746317
10.1298540535723
8.9495726877778
9.36084075290224
9.77210881802668
9.86506699696733
9.32140540354041
9.09605369629726
9.50732176142171
8.96366016799478
9.05661834693543
8.83126663969229
8.60591493244915
8.38056322520601
8.15521151796287
7.92985981071972
8.02281798966037
7.79746628241723
7.5721145751741
7.66507275411475
8.07634081923919
8.48760888436363
7.9439472909367
8.03690546987735
7.81155376263421
7.26789216920728
7.04254046196414
7.13549864090479
6.91014693366165
7.0031051126023
6.77775340535916
6.87071158429981
6.96366976324046
7.05662794218111
6.83127623493797
6.92423441387862
6.69888270663548
7.11015077175992
6.88479906451678
6.97775724345743
7.07071542239808
7.16367360133873
6.93832189409559
7.03128007303624
6.8059283657931
6.89888654473375
6.9918447236744
7.08480290261506
6.85945119537192
6.95240937431257
6.72705766706943
7.13832573219387
6.91297402495073
7.00593220389138
7.09889038283203
7.19184856177268
6.64818696834575
6.7411451472864
7.15241321241084
6.9270615051677
7.33832957029215
7.74959763541659
6.88762615580587
6.66227444856273
6.75523262750338
6.52988092026024
6.62283909920089
6.71579727814154
6.7390368228767
6.76227636761186
6.78551591234703
6.80875545708219
7.22002352220663
7.16368559539585
7.10734766858506
7.05100974177428
6.99467181496349
7.40593988008794
7.18058817284479
7.27354635178544
7.3665045307261
7.77777259585054
7.23411100242361
7.00875929518047
7.42002736030491
7.19467565306177
7.28763383200242
7.06228212475928
7.15524030369993
7.24819848264058
7.02284677539744
7.11580495433809
6.89045324709495
7.30172131221939
7.39467949116004
7.1693277839169
7.26228596285756
7.03693425561442
7.12989243455507
6.90454072731192
6.99749890625258
7.09045708519323
6.86510537795009
6.95806355689074
7.36933162201518
7.46228980095583
7.23693809371269
7.64820615883713
7.422854451594
7.83412251671844
7.92708069565909
7.70172898841595
7.7946871673566
7.88764534629725
7.66229363905411
7.75525181799477
7.52990011075163
7.62285828969228
7.39750658244914
7.49046476138979
8.22004271269802
8.31300089163867
7.76933929821174
7.86229747715239
7.95525565609304
8.04821383503369
8.14117201397434
8.23413019291499
8.64539825803943
8.1017366646125
8.19469484355315
8.2876530224938
8.06230131525066
8.15525949419131
8.24821767313197
8.02286596588883
8.11582414482948
8.20878232377013
8.30174050271078
8.07638879546764
8.16934697440829
7.94399526716515
7.71864355992201
7.81160173886266
7.90455991780331
7.99751809674396
8.09047627568461
7.86512456844147
7.95808274738212
7.73273104013898
7.82568921907964
7.6003375118365
7.69329569077715
7.7862538697178
7.24259227629087
7.65386034141531
7.42850863417217
7.83977669929661
7.61442499205347
8.02569305717791
7.80034134993477
7.89329952887543
7.66794782163229
7.44259611438915
7.21724440714601
7.31020258608666
7.40316076502731
7.81442883015175
7.58907712290861
7.36372541566547
8.0933033669737
7.86795165973056
7.96090983867122
8.05386801761187
8.14682619655252
8.23978437549317
8.33274255443382
8.74401061955826
8.83696879849891
8.92992697743956
8.38626538401263
9.11584333532086
9.20880151426151
8.98344980701837
8.75809809977523
9.16936616489967
8.94401445765653
9.03697263659719
9.12993081553784
10.8144384253974
9.31584717341914
9.40880535235979
10.7750030760356
10.8679612549763
10.9609194339169
11.0538776128576
11.1468357917982
10.9214840845551
11.0144422634957
11.4257103286202
11.200358621377
11.6116266865015
11.3862749792583
11.1609232720152
11.5721913371396
11.6651495160803
11.7581076950209
11.8510658739616
11.6257141667184
12.0369822318429
12.1299404107835
11.9045887035404
11.6792369962973
11.7721951752379
11.8651533541786
11.6398016469354
11.7327598258761
11.5074081186329
11.6003662975736
11.0567047041467
11.4679727692711
11.5609309482117
11.6538891271524
11.4285374199093
11.5214955988499
11.9327636639744
11.7074119567312
11.8003701356719
11.8933283146125
12.304596379737
12.3975545586776
11.8538929652507
11.6285412580075
12.039809323132
11.8144576158888
11.5891059086457
11.3637542014026
11.4567123803432
12.1862903316515
12.2792485105921
12.053896803349
11.8285450961058
11.6031933888627
11.6961515678033
11.4707998605602
10.9271382671333
11.0200964460739
10.476434852647
10.2510831454038
10.3440413243445
10.1186896171014
9.89333790985822
10.3046059749827
10.0792542677395
10.1722124466802
9.94686073943703
10.0398189183777
9.81446721113454
9.5891155038914
9.04545391046447
9.13841208940512
9.54968015452956
8.36939878873505
8.7806668538595
8.55531514661636
8.64827332555701
9.05954139068145
8.51587979725452
8.60883797619517
8.70179615513582
8.47644444789268
7.93278285446575
7.70743114722261
7.80038932616326
7.89334750510391
7.66799579786077
7.76095397680142
8.17222204192586
8.26518022086652
8.03982851362337
8.13278669256403
8.54405475768847
8.00039316426153
8.09335134320219
7.86799963595905
8.27926770108349
7.73560610765656
7.82856428659721
7.92152246553786
8.01448064447851
7.78912893723537
8.20039700235981
7.97504529511667
8.06800347405733
7.84265176681419
7.93560994575484
8.02856812469549
8.43983618981993
8.21448448257679
7.98913277533365
8.40040084045809
8.49335901939874
7.94969742597181
8.36096549109626
8.13561378385312
8.22857196279377
8.32153014173442
8.41448832067507
8.50744649961572
8.60040467855637
8.69336285749702
9.10463092262147
8.56096932919454
8.97223739431898
8.42857580089205
8.83984386601649
8.61449215877335
8.38914045153021
8.48209863047086
8.57505680941151
8.98632487453595
9.0792830534766
9.17224123241726
8.94688952517412
9.03984770411477
8.49618611068784
8.58914428962849
8.68210246856914
9.09337053369358
8.86801882645044
8.32435723302351
8.41731541196416
8.51027359090481
8.60323176984546
8.69618994878611
9.10745801391055
9.20041619285121
8.97506448560807
10.6595720954677
10.7525302744083
11.4821082257166
9.66520708755446
9.75816526649511
10.8060531039871
10.580701396744
9.40042003094948
10.7666177546253
11.4961957059335
11.2708439986904
11.0454922914473
11.1384504703879
11.2314086493286
11.642676714453
11.0990151210261
11.1919732999667
11.2849314789074
11.377889657848
11.4708478367887
11.2454961295455
11.3384543084862
11.7497223736106
11.2060607801837
10.9807090729406
10.7553573656974
11.1666254308219
10.9412737235787
11.0342319025194
11.12719008146
10.9018383742169
9.72155700842238
9.49620530117924
9.58916348011989
9.36381177287675
9.13846006563361
9.23141824457426
9.32437642351491
9.09902471627177
9.19198289521242
9.28494107415308
9.37789925309373
9.15254754585059
9.24550572479124
9.0201540175481
9.11311219648875
8.88776048924561
9.29902855437005
9.39198673331071
10.7581844569865
10.8511426359272
11.2624107010516
11.3553688799923
11.4483270589329
11.2229753516898
11.6342434168142
11.7272015957549
11.8201597746955
11.9131179536362
11.687766246393
12.0990343115175
11.8736826042743
11.966640783215
12.3779088483394
12.1525571410963
12.2455153200369
12.3384734989776
12.4314316779182
12.5243898568589
12.2990381496158
12.7103062147402
12.1666446213133
12.2596028002539
12.3525609791946
12.763829044319
12.8567872232597
12.6314355160165
13.3610134673248
12.8173518738978
12.9103100528385
12.6849583455953
12.777916524536
12.8708747034766
13.9187625409687
12.7384811751742
12.8314393541148
12.9243975330555
13.0173557119961
12.4736941185692
12.5666522975098
12.6596104764505
12.7525686553911
12.2089070619642
12.9384850132724
13.0314431922131
12.8060914849699
12.8990496639106
12.9920078428512
12.4483462494243
12.541304428365
12.9525724934894
12.4089109000625
13.1384888513707
12.9131371441276
12.3694755507006
12.7807436158251
12.5553919085819
12.6483500875226
12.7413082664632
12.8342664454039
13.2455345105283
13.0201828032852
12.1582113236745
12.2511695026151
12.025817795372
12.1187759743126
11.5751143808857
11.6680725598264
10.8061010802156
10.5807493729725
10.3553976657294
10.7666657308538
10.8596239097945
10.6342722025513
10.0906106091244
10.183568788065
9.9582170808219
10.0511752597625
9.82582355251941
9.91878173146006
9.37512013803313
9.78638820315757
9.87934638209822
9.65399467485508
9.74695285379573
9.83991103273639
9.93286921167704
9.07089773206632
8.84554602482318
8.93850420376383
8.71315249652069
8.80611067546134
8.89906885440199
9.31033691952643
9.08498521228329
9.17794339122394
9.27090157016459
9.36385974910524
9.1385080418621
9.23146622080276
9.32442439974341
9.41738257868406
9.51034075762471
8.96667916419778
9.05963734313843
9.47090540826287
9.24555370101973
9.33851187996038
9.43147005890103
9.52442823784168
9.61738641678233
9.71034459572299
10.1216126608474
10.2145708397881
10.3075290187287
10.0821773114856
10.1751354904262
9.63147389699931
9.72443207593996
10.1357001410644
10.2286583200051
10.3216164989457
11.0511944502539
10.8258427430108
11.2371108081352
11.3300689870759
11.1047172798328
10.5610556864058
10.9723237515303
11.0652819304709
11.1582401094116
11.569508174536
11.3441564672929
11.1188047600497
11.2117629389904
11.6230310041148
11.3976792968717
11.1723275896286
10.6286659962016
11.0399340613261
11.4512021264505
11.2258504192074
11.9554283705156
12.6850063218238
12.4596546145807
12.5526127935213
12.645570972462
12.4202192652189
12.5131774441595
12.6061356231002
12.0624740296732
12.7920519809815
12.8850101599221
12.9779683388628
12.7526166316196
12.8455748105603
12.9385329895009
13.0314911684416
12.8061394611984
12.8990976401391
12.9920558190797
13.0850139980204
13.177972176961
12.6343105835341
12.7272687624748
12.5019170552316
12.2765653479885
12.6878334131129
12.144171819686
11.6005102262591
11.6934684051997
11.7864265841404
11.879384763081
11.6540330558379
12.0653011209623
11.5216395275354
11.9329075926598
12.0258657716005
11.8005140643574
11.5751623571142
11.6681205360549
11.7610787149955
12.17234678012
12.2653049590606
12.0399532518175
12.1329114307581
12.2258696096988
12.3188277886394
12.7300958537639
12.8230540327045
13.234322097829
13.0089703905858
13.1019285695265
13.5131966346509
12.969535041224
13.3808031063484
13.1554513991053
13.8850293504135
13.6596776431704
13.4343259359272
13.8455940010517
13.9385521799923
13.7132004727492
14.1244685378736
13.5808069444467
13.6737651233873
14.0850331885118
13.5413715950849
13.6343297740255
14.04559783915
14.1385560180906
14.2315141970313
14.3244723759719
14.7357404410963
14.5103887338532
14.2850370266101
13.7413754331831
14.1526434983076
14.2456016772482
14.0202499700051
14.1132081489457
13.5695465555188
13.6625047344595
13.7554629134001
14.1667309785246
14.2596891574652
14.3526473364059
14.1272956291627
13.9019439219196
14.6315218732278
14.0878602798009
13.8625085725577
14.2737766376822
13.7301150442553
13.8230732231959
14.2343412883203
14.327299467261
14.4202576462017
14.5132158251423
14.2878641178992
13.7442025244722
14.1554705895967
13.9301188823535
13.3864572889266
12.8427956954997
12.6174439882565
12.0737823948296
12.1667405737703
11.9413888665271
12.0343470454678
11.8089953382246
11.2653337447977
11.0399820375546
11.1329402164952
10.2709687368845
10.6822368020089
10.138575208582
10.2315333875227
10.6428014526471
10.7357596315877
10.8287178105284
10.2850562171015
10.0597045098583
10.152662688799
10.2456208677396
10.3385790466803
10.4315372256209
10.5244954045616
10.2991436973185
10.3921018762591
10.8033699413835
10.8963281203242
10.0343566407135
11.0822444782055
10.2202729985948
10.6315410637192
11.0428091288437
11.1357673077843
11.228725486725
11.9583034380332
12.0512616169738
11.8259099097307
11.9188680886714
12.3301361537958
11.7864745603689
11.8794327393095
11.9723909182502
11.747039211007
12.1583072761315
11.9329555688883
12.025913747829
12.1188719267696
12.5301399918941
12.9414080570185
12.7160563497754
12.809014528716
12.5836628214729
12.9949308865973
12.7695791793542
12.2259175859273
12.9554955372355
12.7301438299924
12.5047921227492
12.2794404155061
12.0540887082629
12.7836666595712
13.1949347246956
12.9695830174525
13.3808510825769
13.7921191477014
13.5667674404582
13.6597256193989
13.7526837983395
12.8907123187288
13.620290270037
14.0315583351615
13.8062066279183
13.899164806859
13.9921229857996
14.4033910509241
13.8597294574971
13.9526876364378
13.4090260430109
13.5019842219515
14.2315621732597
13.6879005798328
13.7808587587735
13.2371971653465
13.648465230471
13.4231135232278
13.1977618159847
12.6541002225578
12.4287485153146
12.5217066942553
12.6146648731959
12.3893131659528
12.4822713448934
12.5752295238341
12.6681877027747
12.4428359955316
11.8991744021047
12.3104424672291
12.4034006461698
12.1780489389266
12.2710071178673
12.6822751829917
12.7752333619324
12.868191540873
13.2794596059975
13.3724177849381
13.4653759638788
13.5583341428194
13.3329824355763
14.0625603868845
13.5188987934576
13.930166858582
13.7048151513389
14.4343931026471
14.209041395404
13.9836896881608
14.7132676394691
14.4879159322259
14.2625642249828
14.6738322901072
14.7667904690479
14.5414387618047
14.6343969407454
14.727355119686
14.8203132986267
14.9132714775674
14.6879197703242
15.0991878354487
14.8738361282055
16.2400338518813
15.3780623722706
15.1527106650275
15.2456688439681
15.3386270229088
14.7949654294818
15.2062334946063
14.9808817873631
15.0738399663038
15.4851080314282
15.2597563241851
15.6710243893095
15.4456726820664
15.2203209748233
15.6315890399477
15.4062373327046
15.4991955116452
15.2738438044021
15.0484920971589
16.4146898208348
15.2344084550402
15.3273666339809
15.7386346991053
14.8766632194946
14.6513115122515
15.3808894635597
14.8372278701328
14.6118761628896
14.0682145694627
13.8428628622196
13.6175111549764
13.7104693339171
13.4851176266739
13.2597659194308
12.7161043260039
12.4907526187607
12.2654009115176
11.7217393180907
11.8146974970313
12.5442754483395
12.6372336272802
12.0935720338533
12.1865302127939
11.642868619367
11.09920702594
11.1921652048807
11.2851233838214
12.0147013351296
12.1076595140702
11.5639979206433
11.656956099584
12.0682241647084
11.8428724574653
11.9358306364059
12.3470987015304
12.1217469942872
12.5330150594117
12.6259732383523
12.718931417293
13.1301994824174
13.2231576613581
12.9978059541149
13.0907641330556
12.8654124258124
12.6400607185693
13.3696386698775
13.4625968488182
12.9189352553912
13.0118934343319
13.4231614994563
13.516119678397
13.2907679711538
13.0654162639107
12.8400645566676
13.5696425079758
13.0259809145489
13.4372489796733
12.8935873862464
12.986545565187
13.3978136303115
12.5358421507008
12.6288003296414
13.0400683947659
12.4964068013389
12.9076748664634
13.9555627039554
13.7302109967122
14.4597889480205
13.9161273545935
14.0090855335342
13.7837338262911
13.8766920052317
13.9696501841724
14.062608363113
14.1555665420537
14.5668346071781
14.341482899935
14.1161311926918
14.5273992578163
14.3020475505731
13.7583859571462
13.8513441360869
14.2626122012113
13.7189506077844
13.811908786725
13.9048669656657
13.6795152584225
13.7724734373632
12.9105019577525
13.0034601366931
12.77810842945
12.5527567222068
12.6457149011475
12.7386730800881
12.8316312590288
12.9245894379694
13.0175476169101
12.4738860234832
12.5668442024238
12.0231826089969
13.0710704464889
13.1640286254296
13.2569868043702
13.3499449833109
13.7612130484353
13.8541712273759
13.6288195201328
14.0400875852573
14.1330457641979
13.9076940569548
14.3189621220792
14.4119203010199
14.5048784799605
14.5978366589012
15.0091047240256
14.7837530167825
15.1950210819069
15.2879792608476
15.0626275536044
15.1555857325451
15.5668537976695
15.3415020904264
15.7527701555508
15.5274184483077
15.6203766272483
15.713334806189
16.1246028713134
16.2175610502541
15.9922093430109
16.4034774081354
15.5415059285246
15.9527739936491
16.3640420587735
15.8203804653466
15.9133386442873
15.6879869370441
16.0992550021686
15.8739032949254
15.6485515876823
16.3781295389905
16.1527778317474
15.6091162383204
16.6570040758125
15.7950325962017
15.8879907751424
16.6175687264506
15.7555972468399
16.8034850843319
16.259823490905
16.0344717836619
16.1274299626025
15.9020782553594
15.6767265481162
15.7696847270569
15.5443330198137
14.682361540203
13.8203900605923
14.2316581257167
14.3246163046574
14.7358843697818
13.2372931178035
12.3753216381928
12.7865897033173
12.5612379960741
12.6541961750148
12.7471543539554
12.8401125328961
12.9330707118367
12.3894091184098
11.8457475249829
12.2570155901073
11.7133539966804
12.1246220618048
12.5358901269293
12.3105384196861
12.4034965986268
12.4964547775674
12.9077228426919
12.6823711354487
12.7753293143894
12.86828749333
12.6429357860869
13.3725137373951
13.4654719163358
13.8767399814602
13.0147685018495
13.4260365669739
13.2006848597308
13.6119529248552
13.7049111037959
13.4795593965528
13.5725175754934
13.9837856406178
13.7584339333747
13.8513921123154
13.6260404050722
14.0373084701967
13.8119567629535
14.223224828078
14.6344928932024
14.4091411859593
14.1837894787161
14.2767476576568
14.0513959504136
13.5077343569867
13.2823826497436
13.3753408286842
13.7866088938087
14.1978769589331
14.2908351378738
14.7021032029982
14.4767514957551
14.2513997885119
14.0260480812688
14.4373161463932
14.5302743253339
14.6232325042745
14.7161906832152
14.8091488621558
14.9021070410965
14.6767553338533
14.769713512794
14.5443618055509
14.9556298706753
14.7302781634322
14.504926456189
13.9612648627621
14.0542230417027
14.1471812206434
14.240139399584
13.6964778061571
13.471126098914
13.2457743916708
13.3387325706115
13.4316907495521
13.206339042309
13.6176071074334
13.7105652863741
13.1669036929472
13.2598618718878
13.6711299370123
13.7640881159529
13.8570462948936
14.268314360018
14.3612725389586
14.4542307178993
14.8654987830237
14.6401470757806
15.051415140905
14.8260634336619
14.9190216126026
15.0119797915432
15.4232478566677
15.5162060356083
15.9274741007327
16.0204322796734
16.113390458614
16.2063486375547
15.9809969303116
16.7105748816198
16.4852231743766
16.2598714671335
16.671139532258
16.4457878250148
16.8570558901393
16.3133942967123
17.0429722480206
16.8176205407774
17.2288886059019
17.0035368986587
17.0964950775994
16.8711433703562
16.3274817769293
16.1021300696862
16.1950882486268
16.6063563137513
17.0176243788757
17.1105825578164
17.203540736757
17.2964989156976
16.7528373222707
16.8457955012114
16.6204437939682
16.3950920867251
17.1246700380333
17.217628216974
17.3105863959146
17.4035445748553
17.1781928676121
17.2711510465528
17.0457993393096
16.5021377458827
16.2767860386396
15.0965046728451
14.8711529656019
15.2824210307264
15.0570693234832
14.5134077300563
13.9697461366294
14.06270431557
13.5190427221431
12.9753811287162
13.0683393076568
13.4796073727813
13.8908754379057
13.028903958295
12.485242364868
12.5782005438087
12.9894686089331
13.0824267878738
13.1753849668144
13.2683431457551
13.3613013246957
13.1359496174526
13.2289077963933
13.3218659753339
13.0965142680908
13.5077823332152
13.6007405121559
13.6936986910965
14.4232766424047
13.8796150489778
14.2908831141023
14.3838412930429
14.1584895857998
13.9331378785566
14.3444059436811
14.1190542364379
13.8937025291948
13.9866607081354
14.3979287732599
13.854267179833
14.2655352449574
14.6768033100818
14.4514516028387
14.5444097817793
14.63736796072
14.4120162534769
14.5049744324175
14.2796227251744
13.4176512455636
13.5106094245043
13.9218774896287
14.651455440937
15.3810333922452
14.8373717988183
15.2486398639427
15.0232881566996
14.7979364494564
15.2092045145809
14.9838528073377
15.0768109862784
15.4880790514028
15.2627273441597
15.3556855231003
15.448643702041
15.5416018809816
15.3162501737385
15.4092083526792
15.183856645436
14.3218851658253
14.7331532309497
15.1444212960742
15.2373794750148
14.6937178815879
14.4683661743448
13.9247045809178
14.0176627598585
14.4289308249829
14.2035791177398
14.6148471828642
14.7078053618049
14.1641437683779
14.8937217196862
14.668370012443
14.7613281913837
15.1725962565081
15.2655544354488
15.6768225005732
16.0880905656977
16.4993586308221
16.274006923579
16.3669651025196
16.7782331676441
16.8711913465847
16.9641495255254
17.3754175906498
17.1500658834067
17.2430240623473
17.335982241288
17.4289404202286
17.840208485353
17.6148567781099
18.0261248432343
17.4824632498074
17.8937313149319
17.6683796076887
18.397957558997
17.5359860793862
19.2204936892458
18.6768320958189
18.133170502392
17.9078187951488
17.6824670879057
17.7754252668464
18.1866933319708
18.2796515109114
17.7359899174845
18.4655678687927
17.603596389182
17.6965545681227
17.7895127470633
17.882470926004
17.9754291049446
18.0683872838853
18.4796553490097
18.5726135279504
17.7106420483397
17.8036002272803
19.1697979509561
17.0345869266102
17.1275451055509
16.5838835121239
15.7219120325132
15.8148702114539
15.9078283903945
15.3641667969676
14.5021953173569
14.2768436101137
14.0514919028706
13.5078303094437
13.6007884883843
14.3303664396925
14.4233246186332
13.2430432528387
13.3360014317793
13.1106497245362
13.2036079034768
13.9331858547851
14.0261440337257
13.4824824402988
13.5754406192395
13.6683987981801
14.0796668633045
13.5360052698776
14.2655832211858
13.7219216277589
14.4514995790671
14.8627676441916
14.3191060507647
14.4120642297053
14.505022408646
14.2796707014028
14.0543189941597
14.7838969454679
14.8768551244086
14.6515034171654
14.7444615961061
14.8374197750467
15.2486878401712
14.7050262467443
14.7979844256849
14.8909426046256
14.9839007835662
14.7585490763231
14.8515072552637
14.6261555480206
14.7191137269612
14.1754521335343
14.9050300848425
14.6796783775994
15.4092563289076
15.1839046216645
15.2768628006051
15.6881308657296
14.8261593861189
15.2374274512433
15.9670054025515
15.4233438091246
16.7895415328004
15.9275700531897
16.0205282321303
16.4317962972548
15.5698248176441
15.9810928827685
16.392360947893
16.1670092406498
16.2599674195905
16.0346157123473
15.8092640051042
15.583912297861
15.0402507044341
15.1332088833748
14.5895472899478
15.0008153550723
15.7303933063805
15.8233514853212
15.597999778078
15.3726480708349
15.1472963635917
15.8768743149
16.2881423800244
16.3811005589651
16.4740587379057
16.8853268030302
17.2965948681546
17.0712431609115
17.4825112260359
17.2571595187928
17.6684275839172
17.7613857628579
18.1726538279823
18.265612006923
18.3585701858636
18.4515283648043
18.8627964299287
18.9557546088693
19.04871278781
18.1867413081993
19.5529390318751
19.3275873246319
19.4205455035726
19.1951937963295
19.6064618614539
19.062800268027
19.4740683331514
18.6120968535407
19.0233649186651
18.798013211422
18.8909713903627
18.6656196831195
19.7135075206115
18.533226154817
18.6261843337577
18.7191425126983
18.4937908054552
18.5867489843958
18.9980170495203
19.0909752284609
20.4571729521367
18.6402718139746
18.7332299929153
18.8261881718559
18.6008364646128
17.4205550988183
16.2402737330238
16.3332319119644
16.7444999770889
16.5191482698457
15.657176790235
15.1135151968081
14.5698536033811
14.6628117823218
14.4374600750787
14.5304182540193
14.62337643296
13.4430950671654
13.5360532461061
13.6290114250467
14.0402794901712
14.1332376691118
13.9078859618687
14.0008441408094
14.09380231975
14.1867604986907
14.2797186776313
14.372676856572
14.4656350355126
14.5585932144533
14.9698612795777
15.0628194585184
14.8374677512752
15.2487358163997
14.7050742229727
15.1163422880972
15.2093004670378
14.9839487597947
15.0769069387353
15.169865117676
15.5811331828004
15.0374715893735
15.1304297683141
15.2233879472548
14.9980362400117
15.7276141913199
15.183952597893
14.9586008906498
15.0515590695905
14.8262073623473
14.919165541288
15.6487434925962
16.0600115577207
16.1529697366613
15.9276180294182
16.0205762083588
15.7952245011157
15.8881826800563
16.6177606313646
16.7107188103052
16.8036769892459
16.5783252820027
16.6712834609434
16.764241639884
16.8571998188247
16.9501579977653
17.043116176706
16.4994545832791
16.5924127622197
17.0036808273441
16.4600192339172
16.2346675266741
15.6910059332471
15.7839641121878
16.1952321773122
16.6065002424367
16.3811485351935
16.1557968279504
16.5670648930748
15.7050934134641
16.7529812509561
17.1642493160806
17.575517381205
17.6684755601457
17.7614337390863
18.1727018042108
18.2656599831514
18.3586181620921
18.4515763410327
18.5445345199734
18.9558025850978
19.0487607640384
19.4600288291629
19.2346771219197
19.6459451870442
19.4205934798011
19.8318615449255
19.2881999514986
20.0177779028068
19.4741163093799
21.4769338054233
20.6149623258125
20.0713007323856
20.48256879751
19.6205973178993
19.0769357244724
19.4882037895968
19.5811619685375
19.6741201474781
19.7670783264188
19.5417266191757
18.9980650257487
19.4093330908732
19.18398138363
19.2769395625707
19.3698977415113
19.462855920452
19.5558140993926
19.3304623921495
18.7868007987226
19.8346886362146
18.3360973842363
16.837506132258
17.2487741973824
17.3417323763231
17.1163806690799
16.572719075653
15.7107475960423
15.4853958887992
14.9417342953722
14.7163825881291
14.8093407670697
15.2206088321942
14.995257124951
13.8149757591565
13.9079339380972
13.682582230854
14.4121601821623
14.5051183611029
14.5980765400436
15.3276544913518
14.7839928979249
14.5586411906817
14.9699092558062
15.0628674347468
15.1558256136875
15.5670936788119
15.6600518577526
15.7530100366932
15.8459682156339
15.6206165083907
15.7135746873314
15.4882229800882
15.2628712728451
15.6741393379695
15.7670975169102
15.8600556958508
15.6347039886077
15.7276621675484
16.1389302326728
16.5501982977972
16.0065367043703
15.4628751109434
15.555833289884
15.6487914688247
15.7417496477653
16.1530177128898
16.2459758918304
16.9755538431387
17.0685120220793
16.5248504286524
16.9361184937768
17.0290766727175
17.1220348516581
17.5333029167826
17.6262610957232
17.4009093884801
17.4938675674207
17.2685158601776
17.679783925302
17.7727421042427
17.2290805108157
17.6403485759402
17.414996868697
16.8713352752701
16.9642934542108
16.4206318607838
16.5135900397245
17.2431679910327
17.0178162837896
17.1107744627302
16.8854227554871
16.9783809344277
17.0713391133684
17.4826071784928
17.8938752436173
18.3051433087417
18.3981014876824
18.8093695528068
18.5840178455637
19.6319056830557
19.4065539758126
19.817822040937
19.5924703336939
19.6854285126345
20.096696577759
19.8713448705158
20.2826129356403
20.3755711145809
20.7868391797053
19.9248677000946
19.6995159928515
21.3840236027111
20.5220521231004
21.5699399605924
20.3896585947979
20.4826167737385
19.9389551803116
19.7136034730685
20.1248715381929
20.8544494895011
20.3107878960742
20.0854361888311
19.5417745954041
19.6347327743448
19.4093810671017
19.8206491322261
19.9136073111667
20.0065654901074
20.099523669048
19.5558620756211
19.330510368378
18.786848774951
19.5164267262593
18.017835474281
17.474173880854
17.5671320597947
17.0234704663678
16.4798088729408
15.6178373933301
16.3474153446383
14.84882409266
14.9417822716007
15.3530503367251
15.4460085156658
14.5840370360551
14.3586853288119
14.4516435077526
14.5446016866932
14.9558697518177
15.0488279307583
15.4600959958828
15.2347442886396
15.3277024675803
15.4206606465209
15.5136188254616
16.2431967767698
16.0178450695267
16.1108032484673
15.8854515412242
16.6150294925324
16.0713678991055
16.4826359642299
16.2572842569868
16.0319325497436
16.1248907286843
16.2178489076249
16.3108070865656
16.4037652655062
17.1333432168145
16.5896816233875
16.6826398023282
16.457288095085
16.8685561602095
16.3248945667826
16.4178527457232
16.5108109246639
16.9220789897883
17.6516569410965
17.4263052338534
18.1558831851616
17.2939117055509
17.7051797706753
18.1164478357998
17.8910961285566
18.6206740798649
18.3953223726217
18.1699706653786
18.2629288443193
18.6741969094437
18.1305353160168
17.9051836087736
18.3164516738981
18.4094098528387
18.1840581455956
17.3220866659849
17.0967349587417
17.8263129100499
17.9192710889906
18.0122292679313
17.7868775606881
17.8798357396288
17.9727939185694
18.0657520975101
18.7953300488183
18.888288227759
19.6178661790672
19.7108243580078
19.4854726507647
19.8967407158891
19.9896988948298
20.0826570737704
20.4939251388949
20.5868833178355
20.6798414967762
21.0911095619006
20.8657578546575
21.2770259197819
20.4150544401712
20.5080126191119
21.8742103427877
21.6488586355445
22.060126700669
21.1981552210583
21.6094232861827
20.1108320342044
20.5221000993288
20.6150582782695
20.3897065710264
20.482664749967
20.2573130427239
20.0319613354807
20.1249195144214
19.8995678071782
19.6742160999351
19.7671742788758
20.1784423440002
20.5897104091246
19.7277389295139
19.5023872222708
20.8685849459466
18.4150640354169
17.87140244199
17.6460507347468
18.0573187998713
17.1953473202606
16.6516857268336
16.4263340195905
15.8826724261636
15.6573207189204
15.7502788978611
16.1615469629855
15.6178853695586
14.7559138899479
14.5305621827047
14.9418302478292
15.6714081991374
16.0826762642618
15.5390146708349
15.9502827359594
16.3615508010838
15.8178892076569
15.9108473865975
16.6404253379058
17.0516934030302
16.8263416957871
16.9192998747277
17.0122580536684
17.105216232609
16.8798645253659
16.6545128181227
16.7474709970634
16.840429176004
16.9333873549447
16.7080356477015
17.7559234851936
17.2122618917666
17.6235299568911
17.0798683634642
16.854516656221
17.2657847213455
17.0404330141023
17.133391193043
17.2263493719836
17.6376174371081
18.0488855022325
18.1418436811731
18.2348018601138
18.6460699252382
18.7390281041789
19.1502961693033
18.6066345758764
18.699592754817
18.7925509337577
19.2038189988821
18.978467291639
18.7531155843959
18.8460737633365
18.6207220560934
17.7587505764826
18.1700186416071
17.944666934364
18.3559349994884
18.7672030646128
18.5418513573697
18.6348095363103
18.0911479428834
18.5024160080079
18.9136840731323
19.9615719106243
19.7362202033812
20.1474882685056
20.5587563336301
20.6517145125707
20.7446726915114
20.837630870452
21.2488989355765
21.0235472283333
21.116505407274
21.2094635862146
21.6207316513391
22.0319997164635
21.1700282368528
21.5812963019772
21.6742544809179
22.0855225460423
22.178480724983
21.6348191315561
21.7277773104967
20.865805830886
20.9587640098266
21.3700320749511
21.1446803677079
21.5559484328324
21.0122868394055
20.4686252459785
20.5615834249192
20.336231717676
20.7474997828005
20.8404579617411
23.1615853439683
20.0714446610711
19.8460929538279
19.9390511327686
20.0320093117092
18.8517279459147
18.9446861248554
18.4010245314284
17.8573629380015
17.9503211169421
16.7700397511476
16.5446880439045
16.3193363366614
16.412294515602
16.8235625807264
16.2799009872995
15.7362393938726
15.8291975728132
15.9221557517539
16.3334238168783
16.7446918820028
16.2010302885758
16.6122983537003
16.3869466464571
16.7982147115816
16.8911728905222
17.3024409556467
17.3953991345873
17.8066671997118
17.2630056062848
17.6742736714093
17.7672318503499
17.5418801431068
17.6348383220475
17.4094866148043
17.502444793745
17.2770930865018
18.3249809239938
18.4179391029345
18.1925873956914
17.6489258022644
17.4235740950213
17.1982223877781
16.972870680535
18.020758518027
18.1137166969677
18.2066748759083
18.299633054849
18.7109011199734
18.4855494127303
19.5334372502223
19.9447053153468
19.082733835736
19.4940019008605
19.2686501936173
19.361608372558
19.7728764376824
19.5475247304393
19.6404829093799
19.4151312021368
18.8714696087099
18.6461179014667
18.1024563080398
18.832034259348
18.9249924382887
19.3362605034131
18.7925989099862
18.8855570889268
19.2968251540513
19.7080932191757
20.1193612843002
20.2123194632408
20.9418974145491
20.7165457073059
20.8095038862466
21.220771951371
21.3137301303116
21.7249981954361
21.8179563743767
21.5926046671336
22.3221826184418
21.7785210250149
22.1897890901394
21.9644373828962
21.7390856756531
22.4686636269613
22.8799316920858
22.9728898710264
21.7926085052319
21.5672567979887
21.6602149769294
21.4348632696863
21.5278214486269
21.9390895137514
22.032047692692
21.1700762130813
21.2630343920219
21.3559925709626
21.4489507499032
22.4968385873953
23.5447264248873
20.45458574199
20.5475439209307
20.6405020998713
21.0517701649958
19.8714887992013
19.0095173195905
19.1024754985312
18.5588139051043
18.0151523116773
17.4714907182504
17.564448897191
17.3390971899479
17.1137454827048
17.5250135478292
16.3447321820347
16.1193804747916
16.2123386537322
16.6236067188566
17.0348747839811
17.4461428491055
16.9024812556786
17.313749320803
17.0883976135599
17.8179755648681
17.592623857625
18.0038919227494
18.0968501016901
17.871498394447
18.2827664595714
18.6940345246958
18.4686828174527
18.2433311102096
17.6996695167826
18.1109375819071
18.2038957608477
18.6151638259722
18.7081220049128
18.4827702976697
18.2574185904265
18.3503767693672
17.8067151759403
18.5362931272485
18.6292513061891
19.0405193713136
18.8151676640704
19.2264357291949
19.0010840219517
19.73066197326
19.8236201522006
20.2348882173251
20.0095365100819
19.7841848028388
20.1954528679632
20.6067209330877
19.744749453477
20.1560175186014
19.9306658113583
19.3870042179313
19.1616525106882
18.6179909172613
19.3475688685695
19.7588369336939
19.5334852264508
19.3081335192077
19.0827818119645
19.8123597632727
20.541937714581
20.6348958935216
21.0461639586461
21.1391221375867
21.2320803165274
21.325038495468
21.7363065605925
22.4658845119007
22.5588426908413
22.3334909835982
22.1081392763551
22.2010974552957
22.2940556342364
22.387013813177
23.1165917644853
22.5729301710583
22.665888349999
23.713776187491
22.8518047078803
22.3081431144534
22.0827914072102
22.1757495861509
22.2687077650915
22.0433560578484
22.7729340091566
21.5926526433621
21.6856108223028
21.1419492288758
21.5532172940003
22.6011051314923
23.0123731966167
21.5137819446384
20.9701203512115
23.9278675058063
20.2011070505414
19.9757553432983
19.4320937498714
19.8433618149958
18.6630804492013
18.4377287419581
17.8940671485312
17.6687154412881
17.4433637340449
17.8546317991694
17.94758997811
17.0856184984993
16.5419569050724
16.634915084013
17.6828029215051
17.1391413280781
17.5504093932026
17.3250576859594
18.0546356372677
18.1475938162083
17.9222421089652
18.0152002879058
18.4264683530303
18.5194265319709
18.2940748247278
18.7053428898522
18.7983010687929
18.5729493615497
18.6659075404904
18.4405558332472
18.5335140121879
19.2630919634961
19.037740256253
19.1306984351936
18.5870368417667
18.6799950207074
19.0912630858318
19.1842212647724
19.9137992160807
19.3701376226538
19.1447859154106
19.5560539805351
20.2856319318433
20.3785901107839
20.4715482897246
23.4292954443194
20.3391547614221
20.4321129403627
20.8433810054872
20.9363391844278
20.3926775910009
21.1222555423091
20.5785939488822
20.3532422416391
19.8095806482121
19.9025388271528
20.3138068922772
20.0884551850341
19.8631034777909
20.2743715429154
20.367329721856
21.0969076731643
22.7814152830239
21.2828240310456
22.9673316409052
22.741979933662
23.1532479987865
22.9278962915433
23.3391643566678
23.1138126494246
22.8884609421815
22.9814191211222
22.756067413879
23.1673354790035
22.9419837717603
23.3532518368848
24.082829788193
24.1757879671337
23.9504362598905
23.7250845526474
22.2264933006691
22.6377613657935
22.7307195447342
23.1419876098586
23.2349457887992
21.7363545368209
23.1025522604968
22.5588906670698
22.9701587321943
23.0631169111349
23.1560750900756
22.6124134966486
21.4321321308541
22.7983298545299
23.5279078058382
20.4377671229409
20.2124154156978
19.9870637084546
19.7617120012115
19.2180504077846
18.0377690419901
17.8124173347469
17.9053755136876
18.316643578812
18.0912918715689
16.9110105057744
17.3222785708988
17.7335466360232
17.8265048149639
17.6011531077207
17.3758014004776
18.1053793517858
17.8800276445427
18.6096055958509
18.7025637747916
18.7955219537322
18.8884801326729
18.6631284254297
19.392706376738
19.4856645556786
19.2603128484355
19.0349611411924
18.8096094339492
18.9025676128899
19.3138356780143
19.7251037431387
19.1814421497118
18.6377805562849
18.7307387352255
19.4603166865338
19.5532748654744
19.9645429305989
19.1025714509881
20.1504592884802
20.2434174674208
23.5194745081994
23.61243268714
24.0237007522645
23.7983490450213
20.7082083621241
19.8462368825133
23.7589136956595
22.8969422160488
23.3082102811732
23.0828585739301
20.3110277772166
20.0856760699735
19.8603243627303
20.2715924278548
20.6828604929792
20.1391988995523
20.2321570784929
20.3251152574336
21.3730030949256
23.0575107047852
23.4687787699096
23.2434270626665
23.3363852416072
23.4293434205478
23.8406114856723
24.2518795507967
23.7082179573698
23.8011761363104
23.8941343152511
23.3504727218241
23.7617407869486
23.5363890797054
23.9476571448299
24.9955449823219
25.0885031612626
24.5448415678356
24.0011799744087
23.4575183809818
23.8687864461062
23.9617446250469
23.4180830316199
23.8293510967444
23.2856895033174
23.6969575684419
24.1082256335663
23.5645640401394
23.9758321052638
24.0687902842045
23.2068188045938
23.936396755902
23.7110450486589
22.5307636828643
20.3955526585185
21.1251306098267
20.5814690163998
19.4011876506053
19.1758359433621
18.6321743499352
18.7251325288758
19.1364005940003
18.2744291143896
17.4124576347788
17.8237256999033
18.5533036512115
18.6462618301522
18.1026002367252
18.1955584156659
18.6068264807903
19.0180945459148
19.1110527248554
19.2040109037961
18.9786591965529
19.0716173754936
19.482885440618
19.2575337333749
19.3504919123155
18.8068303188886
18.8997884978293
19.3110565629537
19.4040147418944
20.1335926932026
19.5899310997757
19.3645793925325
19.4575375714732
19.5504957504138
19.3251440431707
20.0547219944789
19.8293702872358
19.6040185799926
20.3335965313009
20.7448645964253
23.3843018648363
24.1138798161445
23.8885281089014
23.3448665154744
23.4378246944151
23.8490927595395
23.6237410522964
23.7166992312371
23.4913475239939
20.7195167272805
20.4941650200373
19.9505034266104
20.6800813779186
23.3195186463296
21.1843076219837
20.6406460285568
23.2800832969678
23.6913513620922
23.7843095410328
23.8772677199735
24.2885357850979
24.3814939640386
24.4744521429792
24.5674103219199
24.9786783870443
24.7533266798012
24.5279749725581
25.2575529238663
25.0322012166232
23.8519198508286
24.8998076883207
25.3110757534451
25.4040339323858
25.8153019975102
24.6350206317157
24.4096689244725
24.5026271034132
24.9138951685376
25.0068533474783
24.7815016402351
24.2378400468082
24.3307982257489
25.0603761770571
24.835024469814
25.2462925349384
24.3843210553277
25.1138990066359
25.2068571855766
24.9815054783334
22.8462944539875
23.257562519112
23.0322108118689
22.8068591046257
20.9899579664636
19.1730568283015
19.584324893426
19.9955929585504
18.8153115927559
18.271649999329
18.3646081782696
18.7758762433941
18.8688344223347
18.9617926012754
19.6913705525836
19.4660188453404
19.5589770242811
19.9702450894055
20.38151315453
19.837851561103
19.9308097400437
20.3420778051681
20.116726097925
19.8913743906819
19.9843325696225
20.395600634747
20.4885588136876
23.4463059682824
20.0378553992013
19.4941938057744
19.587151984715
20.3167299360233
20.0913782287801
20.1843364077208
19.9589847004777
20.0519428794183
20.4632109445427
24.3758877576889
24.4688459366295
23.9251843432026
24.336452408327
24.1111007010839
23.567439107657
24.615326945149
23.1167356931707
23.5280037582951
23.9392718234196
23.0773003438089
20.3054695470954
20.7167376122198
21.1280056773443
23.1308231733877
22.9054714661445
21.0885703279824
23.7280075963934
24.1392756615179
24.2322338404585
24.3251920193992
24.4181501983398
24.8294182634643
24.9223764424049
25.0153346213456
24.7899829141024
25.2012509792269
25.9308289305351
25.0688574509244
25.4801255160488
25.2547738088057
25.3477319877463
26.0773099390546
26.1702681179952
25.6266065245683
25.4012548173251
25.4942129962658
25.5871711752064
25.0435095817795
25.454777646904
24.911116053477
25.0040742324177
25.7336521837259
25.189990590299
25.6012586554234
25.3759069481803
25.7871750133047
26.1984430784292
24.6998518264509
23.8378803468401
24.2491484119646
24.0237967047215
23.4801351112945
21.0266142007649
20.1646427211541
20.5759107862786
20.987178851403
19.4885875994247
19.2632358921816
19.674503957306
19.7674621362467
19.5421104290035
19.953378494128
19.7280267868848
20.1392948520093
20.5505629171337
20.9618309822582
21.0547891611988
20.8294374539557
23.4688747223666
23.5618329013073
19.8350724460425
19.9280306249831
20.6576085762913
20.4322568690482
24.3449336821943
24.437891861135
20.3928215196864
20.8040895848108
24.3984565117732
24.17310480453
20.1280344630814
20.220992642022
24.7702892275358
24.5449375202926
24.6378956992333
25.0491637643577
24.5055021709308
24.5984603498714
24.3731086426283
24.4660668215689
24.5590250005096
24.0153634070827
24.4266314722071
23.5646599925964
23.9759280577208
23.1139565781101
23.5252246432345
23.2998729359914
23.3928311149321
23.1674794076889
23.5787474728134
24.3083254241216
24.4012836030622
24.4942417820029
24.5871999609435
24.6801581398842
25.4097360911924
25.5026942701331
25.5956524490737
25.6886106280144
25.1449490345875
25.5562170997119
25.3308653924688
25.1055136852256
25.8350916365338
26.8829794740259
26.6576277667827
25.4773464009882
25.8886144661127
25.9815726450533
25.7562209378102
25.8491791167508
25.9421372956915
25.3984757022645
25.1731239950214
26.2210118325134
26.3139700114541
25.4519985318434
25.8632665969678
25.3196050035409
26.3674928410329
25.1872114752384
24.3252399956277
24.7365080607521
24.1928464673252
23.3308749877145
23.1055232804713
20.3336924837579
20.7449605488823
21.1562286140067
19.3393274758446
19.7505955409691
20.4801734922773
20.2548217850342
20.029470077791
20.7590480290993
23.0801754113265
20.6266545007968
23.2660917692078
23.6773598343322
21.2238389238025
23.5449663060297
23.6379244849704
23.4125727777272
20.6407419810138
23.9167990217923
24.3280670869168
25.057645038225
24.8322933309819
20.4689131033494
23.744970144128
24.1562382092524
24.8858161605607
24.0238446809499
24.7534226322582
24.8463808111988
24.3027192177719
24.7139872828963
24.806945461837
24.8999036407776
24.9928618197183
24.4492002262914
24.542158405232
24.9534264703565
24.7280747631133
24.5027230558702
24.277371348627
23.7337097552001
23.8266679341408
23.9196261130814
24.0125842920221
23.7872325847789
23.5618808775358
24.291458828844
25.0210367801523
24.7956850729091
25.2069531380336
25.2999113169742
25.3928694959149
25.4858276748555
25.89709573998
25.6717440327368
25.7647022116775
25.8576603906181
25.632308683375
25.7252668623156
26.1365349274401
26.8661128787483
27.2773809438727
26.7337193504458
26.5083676432027
25.9647060497757
26.0576642287164
26.7872421800246
25.9252707004139
26.0182288793546
26.429496944479
25.8858353510521
25.9787935299927
26.0717517089334
25.8464000016902
25.9393581806309
26.6689361319391
26.7618943108798
24.3083734003501
25.0379513516583
24.4942897582314
23.6323182786207
23.0886566851937
22.8633049779506
23.274573043075
23.0492213358319
19.6407707667509
20.0520388318753
20.7816167831835
20.8745749621242
20.649223254881
20.7421814338217
23.3816187022327
23.4745768811733
23.567535060114
23.6604932390546
23.7534514179953
23.8464095969359
23.6210578896928
23.7140160686334
23.8069742475741
24.2182423126985
24.629510377823
25.0407784429474
24.4971168495205
24.2717651422773
25.0013430935856
24.4576815001586
25.5055693376507
25.2802176304075
24.7365560369806
24.8295142159212
25.5590921672295
25.6520503461701
25.1083887527432
25.2013469316838
24.9759952244407
25.0689534033813
25.7985313546896
24.6182499888951
24.7112081678357
24.8041663467764
24.2605047533494
24.0351530461063
24.4464211112307
24.2210694039876
23.9957176967445
24.0886758756851
24.1816340546258
24.911212005934
25.959099843426
25.4154382499991
25.5083964289397
25.9196644940642
26.0126226730048
26.4238907381293
26.1985390308861
25.973187323643
26.3844553887674
25.8407937953405
26.252061860465
26.6633299255894
27.3929078768976
27.8041759420221
26.6238945762276
27.035162641352
26.8098109341089
26.9027691130495
27.3140371781739
27.0886854709308
26.8633337636877
26.3196721702607
26.7309402353852
26.505588528142
26.9168565932665
26.3731949998396
26.784463064964
27.1957311300884
26.0154497642939
24.8351683984994
25.2464364636239
24.7027748701969
23.8408033905862
23.2971417971593
23.3900999760999
23.8013680412244
21.0295372445109
20.8041855372678
20.5788338300246
23.8548908708032
23.3112292773763
23.4041874563169
23.8154555214413
23.908413700382
24.3196817655064
24.0943300582633
24.187288237204
24.5985563023284
24.3732045950853
23.5112331154745
24.2408110667828
24.6520791319072
24.7450373108479
25.1563053759723
25.249263554913
24.705601961486
24.7985601404267
25.2098282055511
25.3027863844918
25.3957445634324
24.8520829700055
25.2633510351299
25.6746191002544
26.0858871653788
25.8605354581357
25.9534936370763
25.4098320436494
25.5027902225901
25.9140582877145
25.3703966942876
25.1450449870444
25.2380031659851
24.3760316863744
24.1506799791312
24.8802579304394
24.9732161093801
24.4295545159532
24.8408225810776
25.5704005323858
25.3450488251427
26.0746267764509
25.8492750692078
26.578853020516
26.3535013132729
26.4464594922135
26.5394176711542
26.6323758500948
26.4070241428517
26.1816724356085
26.592940500733
26.6858986796736
27.0971667447981
27.8267446961063
28.5563226474145
27.0577313954362
26.8323796881931
26.9253378671338
27.3366059322582
27.4295641111988
27.2042124039557
27.2971705828964
26.7535089894694
27.1647770545939
26.6211154611669
26.7140736401076
26.4887219328644
27.2182998841727
26.356328404562
25.1760470387675
25.2690052177081
25.3619633966488
24.8183018032218
23.9563303236111
24.0492885025517
24.1422466814924
23.2802752018817
22.7366136084547
23.1478816735792
23.2408398525198
23.6521079176443
24.0633759827687
24.1563341617094
24.5676022268338
24.6605604057745
24.7535185847151
24.8464767636558
25.2577448287802
24.7140832353533
24.4887315281102
24.263379820867
24.9929577721753
25.4042258372997
25.8154939024241
25.590142195181
25.3647904879379
25.1394387806947
25.869016732003
25.6436650247598
26.0549330898843
26.7845110411925
25.604229675398
26.3338076267062
26.4267658056469
26.2014140984037
25.9760623911606
25.7507106839174
26.7985985214095
25.618317155615
26.3478951069232
25.4859236273125
24.9422620338855
24.7169103266424
25.4464882779506
25.5394464568913
25.3140947496482
25.088743042405
25.8183209937132
25.9112791726539
26.0042373515945
26.415505416719
27.1450833680272
26.9197316607841
27.3309997259085
27.4239579048492
27.198606197606
27.2915643765467
27.0662126693035
26.8408609620604
27.2521290271848
28.3000168646769
28.7112849298013
27.8493134501906
27.9422716291312
27.3986100357043
27.8098781008287
27.9028362797694
27.99579445871
27.1338229790993
26.9084712718562
28.274668995532
27.4126975159213
27.5056556948619
26.961994101435
27.3732621665594
27.7845302316839
25.3310093211542
25.7422773862787
25.8352355652193
24.6549541994248
24.4296024921817
24.2042507849385
24.615518850063
24.071857256636
23.5281956632091
23.302843955966
23.7141120210904
23.8070702000311
24.2183382651555
24.3112964440962
25.0408743954044
25.133832574345
24.9084808671019
25.3197489322263
25.412707111167
24.8690455177401
24.6436938104969
24.4183421032538
25.7845398269296
25.8774980058702
25.6521462986271
25.7451044775678
25.8380626565084
26.2493307216328
26.0239790143897
25.4803174209628
26.209895372271
27.257783209763
26.7141216163361
27.1253896814605
26.9000379742174
26.6746862669743
26.7676444459149
26.8606026248556
26.6352509176124
26.4098992103693
26.1845475031261
25.959195795883
25.7338440886399
26.1451121537643
25.9197604465212
26.0127186254618
26.1056768044025
26.1986349833431
26.6099030484676
27.021171113592
27.4324391787164
27.5253973576571
27.9366654227815
28.0296236017222
28.1225817806628
28.2155399596035
28.3084981385441
27.7648365451172
27.5394848378741
28.5873726753661
29.3169506266743
29.0915989194312
28.2296274398205
28.6408955049449
28.4155437977018
28.5085019766424
28.6014601555831
27.4211787897885
28.4690666272806
27.9254050338536
28.0183632127943
27.4747016193674
27.567659798308
27.6606179772487
29.3451255871083
27.2099145627624
25.3930134246003
26.4409012620923
25.5789297824816
24.7169583028709
24.1732967094439
24.5845647745684
24.677522953509
23.4972415877145
23.5901997666552
24.0014678317796
23.7761161245365
24.8240039620285
24.9169621409691
25.0099203199098
25.1028784988504
25.5141465639749
25.6071047429155
26.01837280804
25.7930211007968
25.2493595073699
25.3423176863106
25.753585751435
26.1648538165595
25.6211922231325
25.7141504020732
26.1254184671976
26.2183766461383
26.3113348250789
25.767673231652
26.1789412967764
27.2268291342685
27.0014774270253
27.7310553783335
27.5057036710904
27.5986618500311
27.0550002566041
27.7845782079124
26.9226067283016
26.6972550210585
26.7902131999992
26.564861492756
26.0211998993291
26.4324679644535
26.843736029578
26.300074436151
26.7113425012755
27.1226105663999
27.2155687453406
27.626836810465
28.0381048755895
28.4493729407139
28.2240212334708
28.6352892985952
28.7282474775359
28.5028957702927
28.5958539492334
29.0071220143578
28.4634604209309
29.8296581446067
30.8775459820987
28.7423349577528
29.1536030228773
28.9282513156341
29.0212094945748
28.7958577873316
28.5705060800885
28.9817741452129
28.7564224379698
27.8944509583591
28.3057190234835
27.7620574300566
28.8099452675486
29.2212133326731
26.7676924221434
26.2240308287165
26.3169890076571
26.091637300414
25.2296658208032
25.6409338859277
25.7338920648683
24.8719205852576
24.0099491056469
23.7845973984038
24.1958654635282
24.6071335286526
24.7000917075933
25.1113597727177
25.2043179516584
25.6155860167828
26.0268540819073
25.4831924884803
26.5310803259724
25.6691088463616
25.7620670253023
25.8550252042429
25.6296734969998
26.0409415621242
26.1338997410649
26.2268579200055
26.0015062127624
26.7310841640706
25.8691126844599
26.5986906357682
27.3282685870764
27.7395366522008
27.8324948311415
27.6071431238983
27.700101302839
27.7930594817796
27.8860176607203
27.6606659534771
27.1170043600502
27.5282724251747
26.6663009455639
26.7592591245046
26.8522173034452
27.2634853685697
27.0381336613265
26.8127819540834
27.8606697915754
27.9536279705161
27.7282762632729
28.4578542145812
29.1874321658894
28.9620804586463
29.3733485237707
29.1479968165276
28.9226451092844
28.6972934020413
29.4268713533495
29.5198295322902
31.2043371421498
30.3423656625391
29.4803941829283
29.573352361869
29.9846204269934
29.4409588335665
29.5339170125071
29.6268751914478
30.0381432565722
28.5395520045939
28.6325101835346
29.3620881348428
28.8184265414159
29.2296946065403
29.6409626716648
26.8691318749513
26.962090053892
27.0550482328326
26.1930767532219
25.3311052736112
25.105753566368
25.1987117453087
24.336740265698
23.793078672271
24.5226566235793
24.6156148025199
24.7085729814606
25.4381509327688
25.8494189978932
25.6240672906501
26.3536452419583
26.446603420899
26.8578714860234
25.9959000064127
25.7705482991696
25.5451965919264
26.2747745432347
25.7311129498077
26.1423810149322
26.2353391938728
26.964917145181
27.0578753241217
26.195903844511
26.9254817958192
27.0184399747599
28.0663278122519
28.1592859911925
28.2522441701332
27.7085825767063
27.8015407556469
27.8944989345876
28.305766999712
27.4437955201013
27.5367536990419
27.3114019917988
26.7677403983719
26.8606985773125
27.271966642437
27.0466149351938
27.1395731141345
27.5508411792589
27.9621092443834
28.3733773095078
29.102955260816
29.1959134397567
28.9705617325136
29.381829797638
29.7930978627624
29.8860560417031
29.3423944482762
29.7536625134006
29.2100009199737
31.5311283022009
30.9874667087739
29.1705655706118
29.9001435219201
29.6747918146769
30.0860598798014
30.4973279449258
29.3170465791313
30.0466245304395
29.5029629370126
29.2776112297695
30.0071891810777
29.145217701467
29.5564857665914
29.0128241731645
27.5142329211862
26.9705713277592
26.7452196205161
25.8832481409054
25.0212766612946
25.4325447264191
25.8438127915435
24.3452215395652
24.4381797185059
24.8494477836303
24.942405962571
25.6719839138792
25.7649420928199
25.8579002717605
26.269168336885
26.6804364020094
26.4550846947663
26.5480428737069
26.00438128028
25.7790295730368
26.8269174105289
26.2832558171019
25.739594223675
26.4691721749832
26.5621303539239
26.6550885328645
26.7480467118052
26.2043851183783
27.2522729558703
27.9818509071785
27.7564991999354
28.1677672650598
28.5790353301843
28.6719935091249
28.128331915698
28.5395999808224
27.6776285012117
28.4072064525199
27.863544859093
27.0015733794823
27.0945315584229
27.8241095097312
27.598757802488
27.0550962090611
27.7846741603693
28.5142521116776
28.6072102906182
29.0184783557427
29.4297464208671
29.8410144859915
31.5255220958511
31.9367901609756
29.8015791366297
29.8945373155703
29.987495494511
30.0804536734517
32.4015810556788
31.8579194622519
30.0410183240898
30.1339765030305
31.5001742267063
30.9565126332793
30.7311609260362
30.5058092187931
29.9621476253661
29.4184860319392
29.8297540970636
29.9227122760043
29.3790506825774
30.7452484062532
28.2917274957235
27.4297560161128
27.2044043088696
27.2973624878103
26.4353910081996
25.2551096424051
25.9846875937133
25.1227161141026
24.8973644068594
24.9903225858001
25.4015906509245
25.1762389436814
25.9058168949896
26.3170849601141
26.4100431390547
26.8213112041791
27.2325792693036
27.3255374482442
26.7818758548173
26.2382142613904
26.6494823265148
26.7424405054555
26.1987789120285
26.9283568633368
26.3846952699098
26.7959633350343
26.2523017416073
26.9818796929156
27.39314775804
28.1227257093482
28.2156838882889
27.9903321810458
28.4016002461702
28.8128683112946
28.5875166040515
28.998784669176
28.7734329619328
28.2297713685059
28.0044196612627
27.4607580678358
27.5537162467765
27.6466744257171
27.7396326046578
27.5142808974146
27.9255489625391
28.6551269138473
29.0663949789717
29.4776630440962
29.5706212230368
29.9818892881613
32.3030166703885
32.3959748493291
32.170623142086
30.0354121177401
29.810060410497
32.4494976789079
32.5424558578486
32.3171041506054
31.1368227848109
30.9114710775678
30.6861193703246
30.4607676630815
31.1903456143897
31.2833037933304
30.4213323137197
30.1959806064765
30.9255585577848
30.7002068505416
30.1565452571147
30.5678133222391
28.4326022978933
27.8889407044663
28.3002087695908
27.1199274037962
26.2579559241855
26.3509141031262
26.4438722820668
25.5819008024561
25.356549095213
25.7678171603374
25.5424654530943
26.5903532905863
26.6833114695269
26.4579597622838
27.5058475997758
27.9171156649003
27.6917639576571
27.466412250414
26.9227506569871
26.3790890635601
27.7452867872359
26.5650054214414
26.9762734865659
27.0692316655065
27.480499730631
26.936838137204
26.7114864299609
27.4410643812691
28.1706423325774
27.9452906253342
28.3565586904587
29.0861366417669
28.8607849345238
28.6354332272806
29.3650111785889
28.1847298127943
28.5959978779188
28.6889560568594
27.8269845772487
28.2382526423732
28.3312108213138
28.4241690002545
27.8805074068275
28.291775471952
28.7030435370764
29.1143116022008
30.1621994396929
31.8467070495525
32.2579751146769
32.6692431798014
32.1255815863744
32.2185397653151
31.9931880580719
31.7678363508288
31.8607945297695
32.9086823672615
31.728401001467
31.8213591804076
31.2776975869807
30.7340359935538
31.7819238310458
30.9199523514351
31.3312204165595
30.4692489369488
30.8805170020732
31.2917850671977
30.4298135875869
31.1593915388952
29.3424904007331
28.4805189211224
29.2100968724306
28.0298155066361
27.1678440270254
26.9424923197822
27.3537603849067
26.1734790191122
25.6298174256852
26.0410854908097
26.1340436697503
26.8636216210586
27.5931995723668
27.0495379789398
27.7791159302481
28.5086938815563
28.601652060497
28.3763003532538
27.5143288736431
27.6072870525838
27.7002452315244
27.1565836380975
27.8861615894057
27.9791197683464
27.7537680611032
26.8917965814925
27.3030646466169
28.350952484109
28.4439106630496
28.2185589558065
28.9481369071147
29.3594049722392
31.3622224682826
28.9087015577529
29.3199696228773
29.0946179156342
29.5058859807586
28.6439145011479
28.4185627939048
28.8298308590292
29.2410989241537
28.3791274445429
28.1537757372998
28.883353688608
29.2946217537325
31.6157491359597
31.7087073149003
32.4382852662085
32.849553331333
32.9425115102736
32.7171598030305
32.1734982096036
32.9030761609118
33.63265411222
33.0889925187931
33.1819506977337
32.0016693319392
31.4580077385123
31.5509659174529
31.3256142102098
31.4185723891505
31.5115305680911
30.9678689746642
31.0608271536048
31.1537853325455
30.9284336253023
31.021391804243
30.7960400969998
29.2974488450215
29.3904070239622
29.1650553167191
27.348154178557
28.0777321298652
27.8523804226221
26.6720990568275
26.1284374634006
26.2213956423413
25.9960439350981
26.7256218864064
27.4551998377146
27.2298481304714
28.5960458541473
28.6890040330879
29.1002720982124
27.9199907324178
28.6495686837261
28.1059070902991
27.880555383056
27.9735135619967
28.7030915133049
28.159429919878
28.2523880988186
27.7087265053917
27.4833747981485
29.1678824080081
29.8974603593164
29.0354888797056
29.1284470586463
31.4495744408735
29.9509831888952
31.6354907987548
29.5002797744089
29.5932379533495
29.3678862461064
28.8242246526795
28.9171828316201
29.0101410105608
29.1030991895014
28.2411277098907
29.2890155473827
30.018593498691
31.7031011085506
32.7509889460426
33.162257011167
32.9369053039239
33.3481733690483
33.441131547989
33.2157798407459
32.6721182473189
33.4016961986272
33.176344491384
33.9059224426923
32.7256410768977
32.5002893696546
31.6383178900439
32.0495859551683
32.142544134109
31.598882540682
31.0552209472551
31.1481791261958
31.5594471913202
30.6974757117095
32.0636734353853
30.2467722972232
28.7481810452449
30.1143787689207
28.9340974031262
27.7538160373317
27.2101544439048
28.2580422813968
26.7594510294185
26.2157894359915
26.627057501116
26.7200156800566
27.4495936313649
27.8608616964893
27.95381987543
29.001707712922
29.0946658918626
29.1876240708033
28.6439624773764
28.1003008839494
29.4664986076253
28.2862172418307
28.3791754207714
28.7904434858958
27.9284720062851
27.703120299042
27.7960784779826
28.5256564292908
29.2552343805991
29.0298826733559
29.4411507384804
31.7622781207076
32.173546185832
30.0383351614861
30.1312933404268
29.9059416331836
31.5904492430432
29.4552382186974
29.2298865114542
29.3228446903949
31.9622819588058
29.1904511620924
28.9650994548492
31.922846609444
32.3341146745684
32.7453827396929
33.1566508048173
33.249608983758
33.6608770488824
33.7538352278231
33.8467934067637
33.6214416995206
32.7594702199099
33.4890481712181
33.9003162363425
33.0383447567318
32.8129930494887
32.2693314560617
32.3622896350024
32.455247813943
33.1848257652513
31.0496147409054
31.4608828060298
32.1904607573381
31.6467991639111
31.421447456668
30.8777858632411
29.3791946112627
30.108772562571
29.5651109691441
28.0665197171657
27.5228581237388
28.5707459612308
27.3904645954363
26.8468030020094
26.9397611809501
27.3510292460745
27.7622973111989
27.8552554901396
28.5848334414478
29.6327212789398
29.0890596855129
29.5003277506373
28.9566661572104
29.0496243361511
29.1425825150917
28.5989209216648
28.6918791006054
28.1482175071785
28.2411756861192
28.015823978876
28.7454019301843
29.1566699953087
30.2045578328007
29.6608962393738
31.982023621601
32.0749818005416
32.1679399794823
31.6242783860553
31.717236564996
30.2186453130177
31.5848430366935
29.4496320123476
29.5425901912883
29.9538582564127
29.7285065491696
28.8665350695588
29.5961130208671
32.2355502892781
32.6468183544025
33.3763963057107
33.4693544846514
34.1989324359596
33.9735807287165
34.0665389076571
34.1594970865978
33.6158354931708
33.7087936721115
35.0749913957873
33.576400143809
34.3059780951172
33.1256967293227
32.9003450220796
33.311613087204
32.1313317214095
31.9059800141664
31.998938193107
32.4102062582315
31.229924892437
31.6411929575614
31.7341511365021
30.2355598845238
30.6468279496482
30.4214762424051
28.604575104243
28.060913510816
29.1088013483081
27.9285199825135
27.3848583890866
27.7961264542111
28.5257044055193
27.9820428120924
28.075000991033
29.4411987147088
29.5341568936495
29.3088051864063
29.7200732515308
29.1764116581038
28.9510599508607
29.3623280159852
28.8186664225582
29.2299344876827
29.3228926666233
28.7792310731964
28.2355694797695
28.6468375448939
29.0581056100183
31.3792329922455
31.1538812850024
31.8834592363106
32.2947273014351
31.7510657080081
32.1623337731326
31.9369820658894
32.6665600171977
32.1228984237707
29.9876873994248
31.6721950092844
31.4468433020413
29.948252050063
29.4045904566361
32.3623376112308
33.0919155625391
33.1848737414797
33.914451692788
34.0074098717286
35.0552977092206
34.5116361157937
34.6045942947344
34.0609327013074
34.4722007664319
35.5200886039239
35.2947368966808
33.4778357585187
32.9341741650917
33.3454422302162
33.4384004091568
32.5764289295461
32.6693871084867
32.4440354012436
32.5369935801843
32.9482616453087
31.4496703933304
32.8158681170062
30.6806570926603
30.773615271601
30.5482635643578
29.3679821985633
28.8243206051364
29.8722084426284
29.3285468492015
27.5116457110394
27.60460388998
28.0158719551045
28.4271400202289
28.8384080853534
29.2496761504778
30.2975639879698
29.7539023945429
29.8468605734835
29.3031989800566
29.0778472728135
29.4891153379379
29.2637636306948
29.6750316958192
29.4496799885761
28.5877085089653
28.9989765740898
29.0919347530304
30.1398225905225
30.2327807694631
29.3708092898524
32.6468663306309
32.7398245095716
32.1961629161447
32.6074309812691
32.382079274026
32.7933473391504
31.9313758595397
30.1144747213776
32.117292217421
32.2102503963616
31.6665888029347
30.1679975509564
32.8074348193674
32.900392998308
33.9482808358
34.0412390147407
34.4525070798651
34.5454652588058
34.9567333239302
35.0496915028709
34.1877200232602
35.2356078607522
35.9651858120604
35.4215242186335
33.9229329666552
33.6975812594121
33.7905394383527
34.2018075034771
32.7032162514988
33.1144843166233
32.5708227231964
33.3004006745046
32.7567390810777
32.5313873738345
31.9877257804076
30.4891345284293
30.9004025935537
30.6750508863106
30.1313892928837
29.2694178132729
29.3623759922136
27.8637847402353
27.9567429191759
28.6863208704842
28.460969163241
28.8722372283655
29.9201250658575
30.0130832447981
30.1060414237388
30.1989996026794
29.9736478954363
29.4299863020094
29.2046345947662
28.9792828875231
30.0271707250151
29.801819017772
29.5764673105288
29.3511156032857
30.3990034407777
29.8553418473508
31.5398494572104
31.3144977499672
32.9990053598268
33.4102734249513
32.5483019453406
32.959570010465
32.7342183032219
32.8271764821625
32.6018247749194
31.7398532953087
32.1511213604331
32.5623894255575
32.3370377183144
32.1116860110713
33.1595738485633
33.5708419136877
34.300419864996
34.3933780439366
35.1229559952449
35.5342240603693
35.3088723531262
35.083520645883
34.5398590524561
35.5877468899481
36.3173248412563
35.4553533616456
34.5933818820349
34.3680301747918
34.1426784675486
33.9173267603055
33.3736651668786
32.5116936872678
33.2412716385761
33.6525397037005
32.7905682240898
33.520146175398
31.0666252648683
30.8412735576252
31.2525416227496
30.0722602569551
29.846908549712
29.9398667286526
29.3962051352257
28.2159237694312
28.6271918345556
28.4018401273125
29.1314180786207
29.2243762575614
29.9539542088696
30.3652222739941
30.1398705667509
30.2328287456916
30.0074770384484
30.1004352173891
29.5567736239622
29.9680416890866
31.6525492989462
29.5173382746003
29.9286063397248
29.066634860114
30.4328325837899
31.4807204212819
32.2102983725901
32.6215664377145
33.3511443890228
32.8074827955959
32.9004409745365
33.3117090396609
33.4046672186016
33.1793155113585
31.9990341455639
32.0919923245046
32.503260389629
32.2779086823859
31.734247088959
33.4187546988186
33.830022763943
33.9229809428837
34.9708687803757
35.7004467316839
35.4750950244408
35.5680532033814
35.3427014961383
34.7990399027114
35.2103079678358
36.5765056915116
36.0328440980847
35.170872618474
34.3089011388632
34.7201692039877
34.4948174967446
33.9511559033176
32.7708745375231
32.8638327164638
34.2300304401396
32.0948194157937
33.7793270256533
31.0074962289398
32.0553840664319
30.5567928144536
30.3314411072104
29.7877795137835
30.1990475789079
29.3370760992972
28.4751046196865
29.2046825709947
29.2976407499354
29.7089088150598
29.8018669940005
30.2131350591249
30.6244031242494
30.3990514170062
30.1736997097631
30.5849677748875
29.404686409093
29.8159544742175
31.1821521978933
31.2751103768339
30.0948290110394
29.5511674176125
30.2807453689207
31.6469430925965
32.058211157721
32.1511693366616
33.1990571741537
32.9737054669105
33.0666636458512
33.7962415971594
33.2525800037325
33.6638480688569
32.8018765892462
31.6215952234517
32.6694830609437
33.0807511260681
31.9004697602736
33.2666674839494
33.9962454352577
34.4075135003821
35.1370914516903
35.8666694029986
36.277937468123
35.7342758746961
35.8272340536367
35.2835724602098
35.3765306391504
36.7427283628263
37.1539964279507
35.6554051759724
35.1117435825455
34.8863918753023
34.979350054243
32.8441390298971
33.2554070950215
33.666675160146
34.0779432252704
33.2159717456597
33.6272398107841
31.810338672622
31.9032968515627
30.7230154857682
30.497663778525
29.6356922989143
30.3652702502226
30.1399185429794
28.6413272910011
29.3709052423093
29.46386342125
29.8751314863744
30.2863995514989
31.3342873889909
30.790625795564
30.5652740883208
30.6582322672615
30.4328805600183
29.8892189665914
30.3004870317159
31.6666847553917
30.4864033895972
31.2159813409054
30.0356999751109
31.4018976987867
31.8131657639111
32.5427437152194
33.2723216665276
33.683589731652
33.7765479105927
33.5511962033496
34.2807741546578
34.0554224474146
34.1483806263553
32.649789374377
33.0610574395014
33.1540156184421
32.928663911199
32.385002317772
34.0695099276316
34.4807779927561
34.8920460578805
35.9399338953725
36.351201960497
36.4441601394376
36.2188084321945
36.3117666111351
35.1314852453406
36.1793730828326
37.8638806926922
36.3652894407139
35.821627847287
35.5962761400439
35.3709244328007
34.1906430670062
33.9652913597631
34.0582495387037
34.4695176038282
33.2892362380336
32.4272647584229
34.1117723682825
31.0216316853853
32.3878294090611
30.570928270899
30.3455765636558
30.7568446287803
30.5314929215371
29.3512115557426
29.1258598484995
30.1737476859915
29.6300860925646
30.3596640438728
30.4526222228135
31.5005100603055
30.6385385806948
31.0498066458192
30.8244549385761
30.5991032313329
30.3737515240898
31.103329475398
31.1962876543387
30.334316174728
31.0638941260362
30.2019226464255
31.5681203701013
32.6160082075933
33.0272762727177
33.756854224026
33.2131926305991
33.9427705819073
34.0357287608479
33.492067167421
33.9033352325454
33.0413637529347
32.179392273324
33.227280110816
33.6385481759405
32.7765766963297
33.506154647638
34.2357325989462
34.9653105502544
34.7399588430113
36.4244664528709
36.5174246318116
35.9737630383846
36.0667212173253
35.5230596238983
36.2526375752066
37.9371451850662
37.0751737054555
35.894892339661
35.6695406324178
36.0808086975423
35.5371471041153
34.3568657383208
34.1315140310777
34.2244722100183
34.6357402751428
33.1371490231645
34.1850368606565
31.413206063943
31.5061642428837
32.2357421941919
30.7371509422136
30.1934893487867
30.6047574139111
29.1061661619328
29.1991243408734
29.9287022921817
29.3850406987548
30.114618650063
30.5258867151874
31.2554646664957
30.3934931868849
31.1230711381932
30.89771943095
30.0357479513393
30.7653259026475
31.8132137401396
31.9061719190802
30.0892707809181
31.7737783907777
31.2301167973508
31.6413848624752
32.0526529275997
32.7822308789079
33.8301187163999
33.6047670091568
34.0160350742812
33.4723734808543
33.5653316597949
33.9765997249194
33.4329381314925
32.5709666518817
32.6639248308224
33.7118126683144
33.1681510748875
33.5794191400119
33.9906872051364
34.4019552702608
35.131533221569
35.2244914005097
36.5906891241855
36.3653374169424
36.7766054820668
35.9146340024561
35.6892822952129
37.0554800188887
38.1033678563808
35.9681568320349
35.7428051247917
36.1540731899162
35.928721482673
34.4301302306947
34.5230884096354
33.9794268162084
34.3906948813329
32.8921036293546
33.6216815806628
32.4414002148683
30.94280896289
31.6723869141982
31.4470352069551
30.2667538411606
30.678021906285
30.1343603128581
29.2723888332474
30.0019667845556
29.7766150773125
30.1878831424369
29.9625314351938
31.0104192726858
30.7850675654426
31.1963356305671
31.2892938095077
29.4723926713456
29.8836607364701
31.2498584601459
31.3428166390866
29.8442253871083
29.9371835660489
30.9850714035409
32.0329592410329
30.8526778752384
32.8554953712818
33.2667634364063
33.6780315015307
33.1343699081038
33.2273280870444
34.2752159245365
33.0949345587419
33.8245125100502
32.9625410304395
31.7822596646449
33.1484573883208
32.9231056810776
32.3794440876507
33.1090220389589
33.8385999902671
34.2498680553916
35.2977558928836
35.0724041856405
36.4386019093163
36.2132502020732
35.98789849483
35.1259270152193
34.9005753079762
36.9033928040196
36.6780410967764
35.4977597309819
35.2724080237388
35.3653662026794
35.4583243816201
33.9597331296418
33.7343814223986
34.1456494875231
33.2836780079123
31.785086755934
34.424524024345
31.016073455264
31.1090316342046
30.8836799269615
30.9766381059021
29.7963567401076
29.8893149190483
29.6639632118051
28.8019917321944
29.8498795696864
29.3062179762595
30.0357959275677
30.4470639926922
30.221712285449
30.3146704643897
31.0442484156979
30.1822769360872
29.3203054564765
29.7315735216009
30.1428415867253
30.235799765666
30.0104480584229
30.4217161235473
31.1512940748555
30.2893225952448
30.0639708880017
32.7034081564126
33.1146762215371
33.2076344004777
33.3005925794184
33.0752408721752
33.8048188234835
32.624537457689
33.3541154089972
32.8104538155703
31.6301724497758
32.6780602872678
32.7710184662084
32.5456667589653
32.9569348240897
33.3682028892142
33.7794709543386
34.5090489056468
34.9203169707713
35.9682048082633
35.7428531010202
35.1991915075932
34.9738398003501
34.7484880931069
36.1146858167828
36.844263768091
35.6639824022965
34.8020109226858
34.8949691016264
34.9879272805671
33.8076459147726
34.218913979897
33.6752523864701
32.8132809068593
33.2245489719838
32.3625774923731
33.4104653298651
30.6386345331516
31.0499025982761
31.1428607772167
29.9625794114222
29.4189178179953
30.1484957693035
28.968214403509
28.7428626962658
29.1541307613903
29.5653988265147
29.9766668916392
30.0696250705798
30.1625832495205
30.2555414284611
30.3484996074018
30.7597676725262
29.2611764205479
29.9907543718562
29.765402664613
30.1766707297375
29.6330091363105
30.9992068599863
29.8189254941918
29.9118836731325
31.5963912829921
32.6442791204841
33.0555471856085
32.1935757059978
33.5597734296736
33.3344217224305
33.1090700151874
32.8837183079442
33.2949863730687
32.7513247796417
31.889353300031
32.3006213651555
32.7118894302799
31.8499179506692
32.8978057881612
32.9907639671018
33.4020320322263
34.1316099835345
35.8161175933941
35.590765886151
35.6837240650916
35.4583723578485
35.2330206506054
34.3710491709946
35.4189370084867
36.4668248459787
34.9682335940004
35.061191772941
34.8358400656979
34.9287982446385
33.748516878844
34.1597849439685
33.9344332367253
33.0724617571146
32.8471100498715
32.3034484564445
33.3513362939366
30.8978153834069
31.3090834485313
30.4471119689206
29.9034503754937
29.9964085544343
29.7710568471912
28.5907754813967
28.3654237741535
28.776691839278
28.8696500182186
29.2809180833431
29.6921861484675
30.103454213592
29.8781025063488
30.2893705714733
30.0640188642301
29.2020473846194
29.29500556356
30.0245835148683
29.4809219214414
29.8921899865658
29.9851481655064
29.7597964582633
29.5344447510202
29.9457128161446
32.2668401983718
32.3597983773124
32.4527565562531
32.8640246213775
33.275292686502
33.3682508654426
32.8245892720157
32.5992375647726
32.3738858575294
31.5119143779187
31.9231824430431
32.3344505081676
32.1090988009244
31.5654372074975
32.9316349311733
32.3879733377464
34.7091007199736
34.4837490127304
35.2133269640387
35.3062851429793
35.0809334357362
34.855581728493
34.3119201350661
34.7231882001905
36.0893859238664
35.5457243304394
34.6837528508287
34.1400912574018
34.5513593225262
34.0076977290993
33.1457262494886
33.2386844284292
33.3316426073699
33.1062909001267
31.9260095343322
33.292207258008
32.1119258922135
29.9767148678676
30.7062928191759
30.4809411119327
29.3006597461382
29.0753080388951
29.4865761040195
28.6246046244088
28.0809430309819
28.8105209822901
28.585169275047
29.633057112539
29.7260152914796
29.8189734704203
29.9119316493609
30.0048898283016
29.4612282348746
28.5992567552639
29.3288347065721
29.7401027716966
29.1964411782697
28.9710894710265
29.7006674223348
29.4753157150916
28.9316541216647
29.6612320729729
32.3006693413839
32.7119374065083
32.1682758130814
32.2612339920221
32.3541921709627
33.0837701222709
32.540108528844
32.6330667077847
32.0894051143577
29.9541940900118
31.9570115860552
32.0499697649959
31.8246180577527
29.3710971472231
32.6471541880016
32.7401123669423
33.7880002044343
34.1992682695587
34.928846220867
35.0218043998076
34.7964526925645
34.5711009853213
34.0274393918944
34.4387074570188
35.4865952945109
35.2612435872677
34.399272107657
34.1739204004139
34.2668785793545
34.3598367582952
33.1795553925006
33.9091333438089
32.7288519780144
32.821810156955
33.5513881082633
31.7344869701012
32.4640649214094
30.6471637832473
30.740121962188
30.5147702549448
29.3344888891503
28.7908272957234
29.2020953608478
28.3401238812371
27.7964622878102
28.2077303529346
28.3006885318752
28.7119565969997
29.1232246621241
29.2161828410648
29.945760792373
29.7204090851299
29.1767474917029
28.9513957844598
29.680973735768
29.4556220285249
28.911960435098
29.3232285002224
29.0978767929793
29.5091448581037
28.647173378493
29.3767513298012
32.0161885982122
32.4274566633366
31.8837950699097
32.6133730212179
32.7063312001586
32.1626696067317
32.8922475580399
32.0302760784292
32.7598540297374
31.5795726639429
29.444361639597
31.4471791356404
32.1767570869486
29.4049262902352
29.8161943553596
32.1373217375868
32.5485898027112
33.5964776402033
34.0077457053277
34.7373236566359
34.5119719493928
34.6049301283334
34.3795784210903
33.8359168276634
34.5654947789716
35.2950727302798
34.7514111368529
34.207749543426
33.9823978361828
33.4387362427559
33.5316944216965
32.351413055902
33.3993008933941
31.9007096414157
32.9485974789078
32.0866259992971
32.4978940644215
31.9542324709946
30.4556412190163
30.5485993979569
30.00493780453
29.1429663249193
28.5993047314923
29.0105727966168
27.5119815446385
27.6049397235791
28.0162077887035
27.7908560814604
28.8387439189524
28.6133922117093
29.0246602768337
29.754238228142
30.1655062932664
29.3035348136557
28.7598732202288
28.8528313991694
28.9457895781101
28.7204378708669
29.1317059359914
28.9063542287482
29.3176222938727
28.7739607004457
29.1852287655702
29.9148067168784
31.599314326738
32.0105823918625
32.1035405708031
32.5148086359276
31.6528371563168
32.0641052214413
29.9288941970954
31.613401806955
29.7965006687929
29.5711489615498
29.6641071404904
31.6669246365338
29.5317136121879
29.3063619049448
31.627489287172
32.0387573522964
33.4049550759722
33.4979132549129
34.2274912062211
34.3204493851618
34.0950976779186
34.1880558568593
33.9627041496161
34.0556623285568
34.4669303936812
34.8781984588057
33.6979170930112
33.7908752719518
33.8838334508925
33.3401718574655
32.4782003778548
33.207778329163
32.0274969633685
32.1204551423092
32.8500330936174
31.6697517278229
32.3993296791311
30.2641186547853
30.6753867199097
30.4500350126666
28.9514437606882
28.4077821672613
28.500740346202
28.5936985251426
27.4134171593481
27.188065452105
27.5993335172294
28.9655312409052
28.4218696474783
28.8331377126027
29.2444057777272
29.3373639566678
29.7486320217923
28.5683506559978
28.3429989487546
28.7542670138791
27.8922955342683
28.6218734855766
28.7148316645172
28.4894799572741
28.2641282500309
28.6753963151554
29.4049742664636
30.1345522177718
29.9092005105287
31.9120180065721
32.0049761855127
32.4162442506372
31.8725826572103
30.0556815190482
30.1486396979888
32.1514571940322
29.6979362835025
28.517654917708
29.5655427552
29.6585009341407
29.1148393407138
28.8894876334706
29.9373754709626
32.2585028531898
33.3063906906819
33.3993488696225
33.8106169347469
34.2218849998714
33.9965332926282
33.7711815853851
33.545829878142
33.6387880570826
35.3232956669422
34.1430143011477
33.281042821537
32.7373812281101
32.8303394070507
33.2416074721751
32.0613261063806
32.1542842853213
31.2923128057106
32.0218907570188
32.751468708327
31.5711873425325
32.3007652938407
30.4838641556786
30.2585124484355
30.3514706273762
28.8528793753978
27.9909078957871
28.0838660747278
29.4500637984036
27.3148527740577
27.0895010668146
27.500769131939
27.5937273108797
27.6866854898203
28.4162634411285
28.827531506253
29.5571094575612
29.0134478641343
28.4697862707074
28.8810543358318
28.3373927424049
28.4303509213455
28.5233091002862
29.2528870515944
28.7092254581675
28.1655638647405
27.9402121574974
28.6697901088056
29.3993680601139
29.4923262390545
29.903594304179
30.3148623693034
31.6810600929792
31.4557083857361
31.8669764508605
29.4134555403308
29.8247236054553
29.5993718982121
28.7374004186014
29.4669783699097
29.2416266626665
29.0162749554234
28.4726133619964
29.5205011994885
31.5233186955319
32.5712065330239
32.9824745981483
33.075432777089
33.8050107283972
34.2162787935216
33.6726172000947
33.4472654928516
32.9036038994246
33.6331818507329
34.0444499158573
33.5007883224304
33.2754366151872
32.7317750217603
32.5064233145172
32.9176913796416
31.4191001276633
31.8303681927877
31.2867065993608
32.016284550669
31.4726229572421
30.9289613638152
31.9768492013072
28.8867085184099
30.5712161282695
30.3458644210264
28.2106533966805
27.3486819170698
28.3965697545618
27.5345982749511
26.6726267953404
27.0838948604648
27.4951629255893
27.5881211045299
27.9993891696544
28.4106572347788
28.5036154137195
28.9148834788439
28.6895317716008
28.4641800643576
28.2388283571145
28.6500964222389
28.106434828812
28.5177028939364
28.9289709590609
28.3853093656339
27.841647772207
27.9346059511477
28.9824937886397
29.0754519675803
29.4867200327048
29.8979880978292
29.6726363905861
30.0839044557105
31.7684120655701
31.8613702445108
29.4078493339811
29.8191173991056
29.5937656918624
28.4134843260679
28.8247523911923
28.917710570133
29.0106687490736
28.1486972694629
29.1965851069549
32.1543322615497
32.2472904404904
32.6585585056148
33.388136456923
33.4810946358637
33.5740528148043
33.3487011075612
33.7599691726856
32.8979976930749
33.6275756443831
34.0388437095076
33.8134920022644
32.9515205226537
31.7712391568592
31.8641973357999
31.9571555147405
32.0501136936812
31.1881422140704
31.2811003930111
31.055748685768
32.4219464094438
30.9233551574655
31.6529331087737
29.8360319706116
29.2923703771847
30.0219483284929
28.8416669626984
27.9796954830877
27.4360338896608
27.8473019547852
26.6670205889907
26.1233589955638
26.852936946872
26.9458951258126
27.3571631909371
27.4501213698777
27.8613894350022
28.5909673863104
28.6839255652511
29.0951936303755
28.2332221507648
28.3261803297054
28.1008286224623
27.8754769152192
28.2867449803436
28.0613932731005
28.1543514520411
27.6106898586142
28.0219579237386
29.0698457612306
29.1628039401713
29.2557621191119
29.3487202980526
29.759988363177
31.4444959730366
29.3092849486908
30.038862899999
29.1768914203883
29.2698495993289
29.0444978920858
28.8191461848426
28.9121043637833
28.6867526565402
28.461400949297
28.2360492420539
28.6473173071783
29.6952051446703
32.0163325268975
32.427600592022
32.8388686571464
33.2501367222709
33.3430949012115
33.4360530801522
33.210701372909
32.9853496656659
33.0783078446065
34.1261956820986
33.5825340886716
32.7205626090609
31.8585911294502
31.9515493083908
31.0895778287801
31.1825360077208
30.9571843004776
30.7318325932345
30.8247907721751
31.5543687234834
31.0107071300565
31.1036653089971
29.9233839432026
29.0614124635919
30.1093003010839
28.6107090491056
27.7487375694949
27.5233858622517
28.25296381356
26.4360626753979
26.5290208543385
26.6219790332792
27.0332470984036
26.8078953911605
26.9008535701011
27.3121216352256
28.0416995865338
27.8163478792907
27.9093060582313
28.002264237172
27.458602643745
27.5515608226857
27.6445190016263
28.0557870667508
28.4670551318752
27.6050836522645
27.0614220588376
27.472690123962
27.5656483029027
28.2952262542109
28.7064943193353
28.4811426120922
29.5290304495842
28.6670589699735
29.3966369212817
29.1712852140386
29.2642433929792
28.7205817995523
29.1318498646768
28.5881882712498
28.0445266778229
28.1374848567635
28.8670628080718
28.6417111008286
28.4163593935855
29.1459373448937
29.5572054100182
31.8783327922454
32.2896008573698
32.7008689224942
32.7938271014349
32.5684753941917
32.6614335731324
33.0727016382568
31.8924202724623
32.6219982237705
33.9881959474464
33.4445343540194
31.9459431020411
31.0839716224304
31.1769298013711
31.5881978664955
30.7262263868848
30.5008746796416
30.5938328585823
31.0051009237067
31.0980591026474
30.5543975092205
30.9656655743449
29.7853842085504
29.2417226151234
29.3346807940641
29.109329086821
27.6107378348426
26.7487663552319
27.7966541927239
26.2980629407456
25.7544013473187
26.4839792986269
26.5769374775676
26.6698956565082
26.7628538354489
26.8558120143895
27.5853899656978
27.6783481446384
27.7713063235791
27.2276447301522
27.6389127952766
27.0952512018497
27.5065192669741
27.5994774459148
28.0107455110392
28.4220135761636
26.6051124380015
27.3346903893098
28.064268340618
28.4755364057425
28.2501846984993
28.34314287744
29.391030714932
29.4839888938726
29.2586371866295
28.7149755932026
28.8079337721432
28.5825820649001
28.9938501300245
28.4501885365976
27.5882170569869
27.9994851221113
28.4107531872357
28.1854014799926
27.3234300003819
28.6896277240577
30.0558254477335
29.8304737404904
31.8332912365338
32.2445593016582
32.6558273667827
32.7487855457233
32.5234338384802
32.6163920174208
32.3910403101777
31.8473787167508
33.2135764404266
33.624844505551
31.8079433673889
31.5825916601458
31.0389300667188
31.1318882456595
31.2248464246002
30.0445650588056
30.4558331239301
31.1854110752383
30.9600593679952
30.734707660752
29.5544262949575
30.9206240186333
28.7854129942875
29.8333008317795
28.9713293521688
28.109357872558
26.6107666205797
27.0220346857042
26.796682978461
26.2530213850341
25.3910499054234
26.1206278567316
26.2135860356723
26.3065442146129
26.3995023935536
26.810770458678
27.2220385238025
27.6333065889269
27.7262647678676
27.5009130606244
27.5938712395651
26.4135898737706
27.1431678250788
27.5544358902032
27.9657039553277
27.1037324757169
26.56007088229
27.2896488335982
28.3375366710903
28.1121849638471
28.5234530289716
28.6164112079122
29.0276792730367
29.1206374519773
28.8952857447342
28.3516241513073
28.7628922164317
28.2192306230048
28.6304986881292
28.0868370947023
27.5431755012753
28.2727534525836
28.0474017453404
27.8220500380973
27.2783884446704
28.6445861683462
29.0558542334706
29.1488124124113
29.5600804775357
31.8812078597629
31.9741660387036
32.385434103828
32.1600823965849
32.5713504617093
32.0276888682824
30.2107877301203
32.2136052261637
33.2614930636557
33.0361413564126
31.5375501044343
30.6755786248235
30.1319170313966
31.1798048688886
29.9995235030941
30.0924816820348
30.1854398609754
30.5967079260999
30.0530463326729
29.509384739246
30.2389626905542
29.6953010971273
28.196709845149
28.2896680240897
27.4276965444789
26.884034951052
26.6586832438089
27.0699513089333
26.5262897155064
25.3460083497119
26.0755863010201
25.850234593777
25.9431927727176
26.3544608378421
26.4474190167827
27.1769969680909
26.633335374664
26.4079836674209
27.4558715049129
27.5488296838535
26.368548318059
26.7798163831835
27.5093943344917
27.6023525134324
27.3770008061892
26.8333392127623
27.2446072778867
27.6558753430112
28.0671434081356
26.8868620423411
27.9347498798331
28.3460179449576
28.4389761238982
28.2136244166551
28.6248924817795
27.7629210021688
28.1741890672932
27.9488373600501
28.3601054251745
27.8164438317476
27.5910921245045
27.6840503034451
27.7770084823858
27.8699666613264
26.6896852955319
28.3741929053915
28.7854609705159
28.8784191494566
29.9263069869486
32.2474343691758
30.1122233448299
32.4333507270571
31.8896891336302
31.9826473125708
32.0756054915115
29.9403944671656
32.2615218493928
32.991099800701
32.4474382072741
31.2671568414796
30.0868754756851
30.8164534269933
30.5911017197502
29.7291302401394
29.8220884190801
29.596736711837
30.0080047769614
30.100962955902
30.5122310210265
30.2868793137833
29.1065979479888
28.2446264683781
28.019274761135
27.7939230538918
26.6136416880973
26.3882899808542
26.4812481597948
26.5742063387355
25.0756150867572
25.1685732656978
25.8981512170061
25.9911093959467
26.4023774610712
26.177025753828
26.5882938189525
26.9995618840769
26.45590029065
26.8671683557744
27.5967463070826
26.4164649412881
26.191113234045
27.239001071537
26.6953394781101
27.4249174294183
26.5629459498076
26.974214014932
27.7037919662403
28.1150600313647
26.6164687793864
27.3460467306946
27.7573147958191
28.1685828609435
28.2615410398842
28.036189332641
27.8108376253979
27.9037958043386
28.315063869463
28.0897121622199
27.8643604549767
27.3206988615498
26.7770372681229
27.5066152194311
27.9178832845555
27.3742216911286
27.1488699838855
28.1967578213775
28.6080258865019
29.0192939516264
29.112252130567
29.5235201956915
29.6164783746321
29.7094365535728
29.8023947325134
31.8052122285568
29.9883110903947
29.7629593831516
32.0840867653788
32.1770449443194
31.6333833508925
31.7263415298331
29.909440391671
30.9573282291631
30.4136666357361
29.2333852699416
29.6446533350661
29.4193016278229
29.5122598067636
29.2869080995204
29.3798662784611
29.7911343435855
29.8840925225262
27.7488814981803
28.4784594494885
27.9347978560616
26.7545164902671
25.8925450106564
25.985503189597
26.7150811409053
25.5347997751107
24.9911381816838
25.0840963606245
25.4953644257489
25.5883226046896
25.999590669814
26.4108587349384
26.5038169138791
26.2784652066359
26.3714233855766
26.782691450701
26.2390298572741
26.013678150031
26.4249462151554
26.8362142802799
27.2474823454043
26.3855108657936
26.1601591585504
26.8897371098587
27.3010051749831
27.7122732401075
27.1686116466806
27.2615698256213
27.6728378907457
27.4474861835026
27.858754248627
27.9517124275677
27.4080508341407
28.137628785449
27.593967192022
28.0052352571465
27.4615736637195
26.9179120702926
26.6925603630495
27.1038284281739
27.1967866071146
27.2897447860552
27.7010128511797
28.1122809163041
27.886929209061
28.6165071603692
29.3460851116774
29.4390432906181
29.5320014695587
29.3066497623156
29.3996079412562
29.4925661201969
29.2672144129538
29.3601725918944
31.3629900879378
31.7742581530622
29.9573570149001
30.0503151938408
30.1432733727814
29.9179216655383
30.010879844479
29.1489083648682
29.5601764299927
29.3348247227495
29.1094730155064
29.8390509668146
28.9770794872039
28.7517277799608
29.481305731269
27.0277848207393
27.4390528858638
27.2137011786206
26.3517296990099
25.4897582193992
25.5827163983398
25.6756745772805
24.8137030976698
24.5883513904266
24.9996194555511
25.4108875206755
25.5038456996162
25.9151137647406
26.0080719436812
25.7827202364381
25.557368529195
26.605256366687
26.3799046594438
25.8362430660169
25.29258147259
25.7038495377144
26.1151176028389
26.8446955541471
26.3010339607202
26.075682253477
26.1686404324177
26.5799084975421
26.9911765626666
27.0841347416072
27.1770929205479
27.5883609856723
28.3179389369805
27.7742773435536
27.5489256363105
27.0052640428835
28.0531518803756
27.5094902869486
26.9658286935217
27.3770967586462
26.8334351652192
26.6080834579761
27.0193515231005
27.430619588225
26.886957994798
26.9799161737387
28.0278040112307
27.8024523039876
28.1440017349065
28.4855511658255
28.8271005967444
29.1686500276634
29.1421713220029
29.1156926163424
29.0892139106819
29.0627352050214
29.0362564993609
29.153761660825
29.2712668222892
29.3887719837533
29.5062771452174
29.6237823066815
29.7412874681457
29.8587926296098
29.8323139239493
29.8058352182888
29.7793565126283
29.7528778069678
29.7263991013073
29.5109062314046
29.2954133615019
29.0799204915993
28.8644276216966
26.7292165973507
26.593301198994
26.4573858006372
26.3214704022805
26.1855550039238
25.9602032966806
25.4165417032537
23.9179504512754
24.010908630216
24.4221766953405
24.5151348742811
25.2447128255894
25.0193611183462
25.7489390696545
25.8418972485951
25.9348554275358
25.7095037202926
26.4390816716009
25.8954200781739
25.351758484747
25.4447166636876
25.8559847288121
26.5855626801203
26.3602109728772
26.7714790380016
26.2278174445747
26.9573953958829
26.413733802456
26.8250018675804
27.2362699327049
27.3292281116455
27.1038764044024
27.196834583343
27.6081026484675
27.0644410550405
27.475709120165
27.5686672991056
27.0250057056787
27.1179638846193
26.5743022911924
26.3489505839493
27.0785285352575
26.8531768280144
26.6278251207712
26.7207832997119
27.7686711372039
27.5433194299608
27.6362776089014
28.0475456740258
28.4588137391503
28.8700818042747
28.9630399832154
29.055998162156
28.8306464549129
29.2419145200373
28.6982529266104
28.4729012193673
29.2024791706755
30.2503670081675
30.0250153009244
29.4813537074974
29.2560020002543
29.348960179195
29.1236084719518
29.85318642326
28.9912149436493
28.4475533502224
28.8588214153468
28.3151598219199
28.4081180008606
28.1827662936174
29.5489640172932
27.7320628791311
26.8700913995204
26.9630495784611
26.1010780988503
25.2391066192396
25.0137549119965
24.7884032047533
24.881361383694
24.0193899040833
23.7940381968401
24.8419260343321
23.9799545547214
25.0278423922135
25.1208005711541
25.2137587500948
25.6250268152192
25.7179849941598
25.4926332869167
26.2222112382249
25.3602397586142
25.1348880513711
25.2278462303117
25.3208044092524
26.0503823605606
25.8250306533175
25.9179888322581
25.692637125015
26.1039051901394
25.2419337105287
25.6532017756532
25.7461599545938
27.4306675644534
27.5236257433941
26.6616542637833
27.0729223289078
27.1658805078484
27.2588386867891
28.3067265242811
26.8081352723028
26.9010934512434
26.6757417440003
25.8137702643896
25.9067284433302
26.6363063946385
26.7292645735791
26.1856029801522
26.5968710452766
27.0081391104011
27.4194071755255
27.5123653544662
27.9236334195906
28.0165915985313
28.7461695498395
29.1574376149639
28.613776021537
28.7067342004777
28.4813824932345
28.5743406721752
28.9856087372996
29.3968768024241
30.1264547537323
28.9461733879378
28.7208216806946
29.1320897458191
29.2250479247597
28.363076445149
28.4560346240897
28.5489928030303
28.3236410957872
28.7349091609116
28.1912475674847
27.9658958602415
29.6504034701012
28.4701221043066
26.016601193777
26.7461791450852
26.5208274378421
25.6588559582313
25.1151943648044
24.5715327713775
24.6644909503181
24.439139243075
23.5771677634643
23.3518160562211
24.0813940075294
24.17435218647
24.5856202515945
24.6785784305351
24.7715366094758
25.1828046746002
25.2757628535408
25.3687210324815
26.0982989837897
25.5546373903628
24.6926659107521
25.4222438620603
25.1968921548172
25.9264701061254
25.3828085126985
25.1574568054553
25.8870347567636
26.6166127080718
25.7546412284611
25.5292895212179
26.2588674725262
27.3067553100182
26.7630937165913
26.8560518955319
27.2673199606564
27.0419682534132
26.8166165461701
27.5461944974783
26.3659131316838
26.1405614244407
26.2335196033813
26.326477782322
25.782816188895
26.5123941402033
25.9687325467763
26.3800006119008
26.1546489046576
26.2476070835983
26.9771850349065
27.0701432138472
27.4814112789716
27.892679344096
27.9856375230367
28.3969055881611
28.171553880918
28.2645120598586
28.0391603526155
28.1321185315562
28.2250767104968
28.954654661805
29.3659227269295
29.7771907920539
28.2785995400756
28.3715577190163
28.4645158979569
28.5574740768976
29.2870520282058
28.4250805485951
28.5180387275357
28.2926870202926
27.7490254268657
28.1602934919901
27.2983220123794
27.7095900775038
29.0757878011796
25.3490273459148
26.078605297223
25.8532535899799
26.2645216551043
24.765930403126
24.2222688096991
24.6335368748236
23.7715653952128
23.5462136879697
23.3208619807266
23.0955102734834
23.8250882247916
24.2363562899161
24.6476243550405
24.4222726477974
24.8335407129218
24.9264988918625
25.3377669569869
25.1124152497438
25.2053734286844
24.9800217214413
25.0729799003819
25.4842479655064
25.8955160306308
25.3518544372039
25.4448126161445
25.2194609089014
25.9490388602096
25.7236871529665
25.4983354457234
25.9096035108478
26.639181462156
26.7321396410967
26.5067879338535
27.2363658851618
27.0110141779186
27.1039723568593
26.8786206496161
26.9715788285568
26.1096073489461
26.5208754140705
25.6589039344598
25.7518621134005
25.8448202923411
25.9377784712818
26.0307366502224
25.8053849429793
25.8983431219199
26.6279210732282
26.7208792521688
26.8138374311095
27.2251054962339
27.6363735613583
27.729331740299
28.1405998054234
27.9152480981803
28.0082062771209
27.7828545698778
27.8758127488185
27.9687709277591
28.6983488790673
28.791307058008
27.9293355783973
29.6138431882569
28.1152519362786
28.2082101152192
28.3011682941599
28.3941264731005
27.8504648796736
28.5800428309818
28.0363812375549
27.492719644128
27.9039877092524
27.3603261158255
28.0899040671337
27.5462424737068
25.4110314493609
25.8222995144853
25.915257693426
24.7349763276315
23.8730048480208
23.6476531407776
24.0589212059021
24.4701892710265
21.0617387019455
20.8363869947023
23.4758242631133
23.2504725558701
23.9800505071784
24.3913185723028
24.1659668650597
24.2589250440003
24.9885029953086
25.399771060433
24.8561094670061
24.6307577597629
24.087096166336
24.1800543452767
24.5913224104011
25.3209003617093
25.0955486544662
25.5068167195906
25.5997748985313
26.3293528498395
24.5124517116774
24.9237197768019
25.3349878419263
26.0645657932345
26.7941437445428
26.5687920372996
26.0251304438727
26.4363985089971
26.5293566879378
26.3040049806947
27.0335829320029
26.1716114523922
26.2645696313328
26.0392179240897
25.4955563306627
25.2702046234196
25.3631628023603
25.4561209813009
25.2307692740578
25.3237274529984
26.0533054043066
26.4645734694311
26.5575316483717
27.28710959968
27.0617578924368
27.4730259575613
27.5659841365019
27.6589423154426
27.7519004943832
27.5265487871401
27.6195069660807
27.0758453726538
28.4420430963296
28.5350012752703
28.6279594542109
27.4476780884164
27.8589461535409
28.2702142186653
27.4082427390546
28.4561305765466
27.5941590969359
27.3688073896927
27.7800754548172
27.2364138613903
27.0110621541471
27.4223302192715
26.8786686258446
27.6082465771529
26.7462750975421
24.92937395938
25.6589519106883
25.4336002034451
24.2533188376506
24.3462770165913
23.4843055369806
23.5772637159212
23.3519120086781
20.5800812119646
20.0364196185377
23.6307865455
20.8589557487866
23.1800831310137
23.909661082322
23.6843093750788
24.0955774402033
24.8251553915115
24.9181135704522
25.0110717493928
24.1491002697821
23.923748562539
24.3350166276634
24.7462846927878
24.8392428717285
24.2955812783016
24.3885394572422
24.4814976361829
25.5293854736749
25.6223436526155
25.0786820591886
25.4899501243131
25.2645984170699
25.9941763683781
26.0871345473188
25.8617828400757
26.2730509052001
26.3660090841407
26.7772771492652
26.551925442022
26.3265737347789
25.782912141352
25.8758703202926
25.3322087268657
25.1068570196226
25.1998151985632
25.2927733775039
25.7040414426283
25.1603798492014
25.253338028142
25.6646060932665
26.3941840445747
26.4871422235153
26.8984102886398
26.9913684675804
27.0843266465211
27.1772848254617
27.2702430044024
27.0448912971592
27.4561593622837
27.2308076550406
27.0054559477974
27.4167240129219
28.4646118504139
28.2392601431707
27.0589787773762
26.8336270701331
27.5632050214413
27.3378533141982
27.112501606955
27.2054597858957
28.5716575095715
26.7547563714094
26.8477145503501
26.9406727292907
26.7153210220476
26.8082792009882
27.2195472661127
27.3125054450533
24.8589845345237
24.9519427134643
24.7265910062212
24.1829294127942
23.3209579331835
22.7772963397566
23.188564404881
23.2815225838217
20.1913819009244
20.2843400798651
21.0139180311733
20.4702564377464
23.1096937061574
23.202651885098
23.2956100640387
23.7068781291631
23.7998363081037
24.529414259412
24.6223724383526
24.3970207311095
24.1716690238664
23.6280074304394
24.0392754955639
24.7688534468721
24.543501739629
24.6364599185696
25.0477279836941
24.5040663902671
24.5970245692078
24.3716728619646
24.7829409270891
25.1942089922135
25.2871671711542
25.061815463911
25.1547736428517
25.5660417079761
25.9773097731006
26.0702679520412
25.8449162447981
26.2561843099225
25.7125227164956
25.4871710092524
25.5801291881931
25.0364675947662
24.811115887523
24.9040740664637
24.9970322454043
25.089990424345
24.8646387171018
24.6392870098587
25.6871748473507
25.4618231401076
26.5097109775996
26.6026691565403
26.3773174492971
26.4702756282378
26.8815436933622
26.6561919861191
26.7491501650597
26.5237984578166
26.6167566367572
26.3914049295141
27.1209828808223
27.5322509459468
27.9435190110712
26.7632376452767
27.1745057104012
26.949154003158
26.7238022959149
26.8167604748555
27.22802853998
26.684366946553
28.0505646702289
25.915353645883
26.3266217110074
26.7378897761319
26.5125380688887
26.6054962478294
27.3350741991376
24.2449335162403
24.337891695181
24.7491597603054
24.2054981668785
23.6618365734516
20.5716958905543
20.9829639556788
23.3040913379059
20.2139506550087
19.6702890615818
19.7632472405224
20.1745153056468
20.2674734845875
23.2252206391823
20.7716997286526
23.0928271108798
23.5040951760042
24.2336731273125
24.0083214200693
24.7378993713776
24.1942377779506
23.6505761845237
23.4252244772806
23.836492542405
23.9294507213456
24.0224089002863
24.4336769654107
23.8900153719838
24.3012834371083
24.7125515022327
23.850580022622
24.5801579739302
24.9914260390546
25.7210039903629
24.8590325107522
24.9519906896928
25.681568641001
26.0928367061255
25.8674849988823
25.3238234054554
26.0534013567636
25.1914298771529
25.2843880560936
25.3773462350342
25.1519945277911
24.2900230481804
24.382981227121
24.4759394060617
24.8872074711861
24.3435458777592
24.7548139428836
24.8477721218243
24.9407303007649
25.6703082520731
26.3998862033814
26.1745344961382
26.2674926750789
26.6787607402033
26.4534090329602
26.5463672119008
26.6393253908415
26.0956637974146
26.506931862539
26.5998900414797
26.3745383342365
27.1041162855447
26.8787645783016
26.6534128710585
26.4280611638153
25.8843995703884
26.6139775216966
27.0252455868211
26.1632741072104
27.5294718308862
25.7125706927241
26.4421486440323
26.2167969367892
26.6280650019136
26.4027132946705
26.4956714736111
26.270319766368
23.4984889696545
23.909757034779
24.3210250999034
23.4590536202927
20.6872228235792
20.1435612301523
20.5548292952767
20.6477874742174
19.1491962222391
19.2421544011797
19.6534224663042
19.7463806452448
20.1576487103693
20.2506068893099
20.3435650682506
20.1182133610074
23.394270401786
24.1238483530942
23.8984966458511
23.6731449386079
24.0844130037324
23.2224415241216
20.768920613592
23.0900479958192
20.3182171991057
20.4111753780463
24.0055423050087
24.4168103701331
24.19145866289
20.1463883214414
23.4224453622199
24.1520233135282
24.5632913786526
24.3379396714095
25.0675176227177
24.8421659154746
25.253433980599
25.3463921595397
25.4393503384803
25.532308517421
25.6252666963616
25.3999149891185
24.8562533956915
24.6309016884484
24.723859867389
24.4985081601459
23.954846566719
24.3661146318434
24.7773826969678
24.2337211035409
24.0083693962978
24.4196374614222
25.1492154127305
25.5604834778549
25.3351317706118
25.4280899495524
25.5210481284931
25.9323161936175
26.3435842587419
25.799922665315
25.8928808442557
25.9858390231963
26.078797202137
25.8534454948938
26.2647135600183
26.3576717389589
26.7689398040834
26.2252782106564
26.3182363895971
26.0928846823539
25.8675329751108
25.9604911540514
27.0083789915435
25.5097877395652
26.2393656908734
25.6957040974465
25.7886622763871
25.8816204553278
25.9745786342684
25.7492269270253
26.1604949921497
26.2534531710904
23.4816223743769
23.8928904395014
23.3492288460744
23.4421870250151
20.3520463421178
19.8083847486909
20.2196528138153
20.6309208789398
18.8140197407777
18.9069779197183
19.9548657572104
19.4112041637834
19.5041623427241
19.9154304078485
20.326698472973
20.1013467657298
20.5126148308543
23.470361985449
23.5633201643897
23.3379684571465
23.749236522271
20.6590958393737
20.1154342459468
20.5267023110712
20.3013506038281
19.7576890104012
20.1689570755256
23.763324002488
20.3548734334069
23.9492403603693
23.4055787669423
19.9971281978613
20.4083962629857
24.3210730761319
25.0506510274401
24.5069894340132
24.5999476129538
24.3745959057107
25.1041738570189
25.5154419221433
24.9717803287164
25.0647385076571
24.8393868004139
24.6140350931708
24.7069932721115
24.1633316786845
23.9379799714414
23.3943183780145
24.1238963293227
24.2168545082633
23.9915028010202
23.4478412075933
23.8591092727177
24.2703773378422
24.6816454029666
24.7746035819072
25.1858716470317
25.2788298259723
25.371788004913
26.1013659562212
25.5577043627943
25.6506625417349
25.7436207206756
25.5182690134325
25.2929173061893
25.7041853713138
26.1154534364382
26.2084116153789
25.6647500219519
26.0760180870764
26.4872861522008
24.9886949002225
25.7182728515307
26.1295409166552
25.5858793232282
25.9971473883527
25.135175908742
25.8647538600502
25.3210922666233
26.0506702179315
25.1886987383208
25.5999668034452
25.3746150962021
23.55771395804
23.3323622507968
23.7436303159213
23.1999687224944
20.4281379257809
19.884476332354
19.9774345112946
21.0253223487866
19.8450409829921
18.9830695033814
18.4394079099545
18.8506759750789
18.9436341540196
19.0365923329602
19.7661702842684
19.8591284632091
19.633776755966
20.3633547072742
23.321101861869
20.5492710651555
23.1887083335665
20.7351874230368
20.1915258296099
20.2844840085505
19.7408224151236
20.152090480248
19.9267387730049
20.6563167243131
20.1126551308862
20.2056133098268
19.6619517163999
19.4366000091568
19.8478680742812
19.9408262532219
24.1718129525518
24.5830810176762
24.6760391966169
24.4506874893737
24.8619555544982
24.9549137334388
25.0478719123795
24.8225202051363
24.5971684978932
24.6901266768339
24.4647749695907
24.5577331485314
24.0140715551044
23.7887198478613
23.5633681406182
23.6563263195588
23.7492844984995
23.5239327912563
23.2985810840132
23.3915392629538
24.1211172142621
24.5323852793865
24.3070335721434
24.7183016372678
24.8112598162085
25.2225278813329
25.3154860602735
25.4084442392142
25.1830925319711
25.2760507109117
25.0506990036686
25.7802769549768
24.5999955891823
26.2845031990419
26.0591514917988
25.8337997845556
25.2901381911287
25.7014062562531
25.1577446628262
24.932392955583
25.0253511345237
26.0732389720157
24.8929576062212
24.9859157851619
25.0788739641025
25.1718321430432
25.2647903219838
25.6760583871083
25.4507066798651
25.225354972622
25.0000032653788
23.1831021272167
23.2760603061574
24.6422580298332
20.5971876883846
19.7352162087739
19.5098645015307
19.2845127942876
19.695780859412
19.4704291521689
18.2901477863744
17.7464861929474
18.4760641442557
18.5690223231963
18.3436706159532
19.3915584534452
19.1662067462021
19.5774748113265
19.9887428764509
20.7183208277592
20.1746592343323
20.5859272994567
20.6788854783973
20.771843657338
20.2281820639111
19.6845204704841
20.0957885356086
19.2338170559979
20.2817048934899
20.3746630724305
20.1493113651874
19.6056497717605
19.3802980645173
19.473256243458
19.5662144223986
20.2957923737068
23.8901593006692
24.6197372519774
24.0760756585505
24.1690338374912
24.5803019026156
24.6732600815562
24.7662182604969
23.9042467808862
23.9972049598268
24.0901631387675
23.8648114315243
24.2760794966488
23.0957981308543
20.9605871065084
20.7352353992653
23.3746726676762
23.4676308466169
21.0141099360872
21.4253780012117
23.4281954972551
23.5211536761957
23.9324217413201
24.3436898064446
24.4366479853852
24.8479160505097
24.6225643432665
24.7155225222072
25.1267905873316
24.9014388800885
24.9943970590291
24.769045351786
25.4986233030942
24.6366518234835
24.4113001162404
25.7774978399162
25.552146132673
24.3718647668785
25.1014427181868
23.9211613523922
24.9690491898843
25.0620073688249
25.4732754339494
24.6113039543386
24.3859522470955
24.4789104260362
24.5718686049768
24.6648267839175
25.7127146214095
24.2141233694312
24.6253914345556
24.7183496134963
23.5380682477018
21.4028572233559
23.0873648332155
21.2704636950534
20.0901823292589
19.2282108496482
19.3211690285888
19.0958173213457
19.5070853864701
18.6451139068594
18.1014523134325
17.8761006061893
18.6056785574976
18.3803268502544
18.4732850291951
18.8845530943195
19.2958211594439
18.752159566017
19.800047403509
19.8930055824497
19.9859637613903
20.078921940331
20.1718801192716
19.9465284120285
19.7211767047854
19.814134883726
19.2704732902991
19.3634314692397
19.7746995343642
19.8676577133048
19.6423060060617
19.7352641850023
19.1916025915754
19.2845607705161
19.3775189494567
20.4254067869487
20.5183649658894
19.9747033724624
20.3859714375869
20.7972395027113
24.7099163158575
24.4845646086143
24.2592129013712
23.7155513079442
23.8085094868849
23.9014676658255
23.3578060723986
24.0873840237069
23.2254125440961
21.0902015197502
20.8648498125071
23.1859771947343
22.9606254874912
21.1437243493291
20.9183726420859
20.374711048659
23.3324582032538
23.7437262683782
23.5183745611351
23.9296426262595
23.7042909190164
24.1155589841408
23.8902072768977
24.6197852282059
24.076123634779
24.1690818137196
24.2620399926603
24.3549981716009
24.7662662367254
24.2226046432984
24.6338727084229
25.0451407735473
25.138098952488
23.9578175866935
24.3690856518179
23.5071141722072
24.5550020096992
23.6930305300885
24.7409183675805
24.1972567741536
24.608524839278
24.0648632458511
23.5212016524242
24.2507796037324
24.6620476688569
24.7550058477975
23.8930343681868
24.622612319495
23.7606408398843
21.3071199293546
21.0817682221115
20.8564165148683
19.9944450352576
19.4507834418307
18.9071218484038
19.3183899135282
20.0479678648364
18.8676864990419
17.6874051332474
17.7803633121881
17.8733214911287
18.2845895562532
18.3775477351938
18.1521960279507
18.5634640930751
19.2930420443833
19.0676903371402
19.7972682884484
19.8902264673891
19.9831846463297
20.3944527114542
19.5324812318435
19.6254394107841
19.400087703541
19.1747359962978
19.9043139476061
19.6789622403629
19.7719204193036
20.183188484428
19.6395268910011
19.0958652975742
19.1888234765148
19.2817816554555
19.6930497205799
20.1043177857043
20.197275964645
19.9719242574018
20.3831923225263
23.6592493633048
24.3888273146131
24.1634756073699
23.619814013943
20.5296733310458
23.4874204856405
23.2620687783974
23.0367170711542
23.1296752500949
20.994464225749
20.4508026323221
20.2254509250789
20.6367189902034
20.729677169144
20.5043254619009
20.5972836408415
20.6902418197822
23.0113692020094
23.10432738095
23.1972855598907
23.2902437388313
23.7015118039558
23.4761600967126
23.8874281618371
23.9803863407777
23.7550346335346
23.8479928124752
23.6226411052321
24.3522190565403
24.445177235481
23.5832057558703
24.3127837071785
25.3606715446705
24.8170099512436
23.9550384716329
24.3663065367573
23.5043350571466
23.915603122271
24.0085613012117
23.7832095939685
24.194477659093
23.3325061794823
23.4254643584229
23.5184225373636
23.6113807163042
24.0226487814287
24.1156069603693
23.8902552531262
25.256452976802
21.5296925215372
22.895890245213
20.1240594484995
20.5353275136239
20.3099758063808
19.4480043267701
18.5860328471594
18.3606811399162
18.1353294326731
18.8649073839813
18.3212457905544
17.7775841971275
17.5522324898843
17.9635005550088
18.0564587339494
18.1494169128901
18.2423750918307
18.3353332707714
19.0649112220796
19.1578694010203
19.2508275799609
19.6620956450854
19.1184340516584
19.8480120029667
19.6226602957235
19.3973085884804
19.1719568812372
18.6282952878103
18.721253466751
18.8142116456916
19.5437895969998
19.9550576621243
20.0480158410649
19.1860443614542
18.6423827680273
18.7353409469679
19.1466090120924
19.239567191033
19.9691451423413
19.4254835489143
19.8367516140388
20.2480196791632
23.5240767199418
23.9353447850662
23.3916831916393
20.6198523949258
20.7128105738665
23.3522478422774
23.1268961350343
20.6733752245046
22.9945026067318
20.2226718100183
20.315629988959
19.7719683955321
20.1832364606565
20.9128144119647
20.050842932354
20.4621109974785
19.9184494040515
22.8761965586463
22.9691547375869
22.7438030303438
22.8367612092845
22.9297193882251
23.3409874533495
23.1156357461064
23.5269038112309
23.3015521039877
23.3945102829284
23.487468461869
22.9438068684421
23.3550749335665
22.8114133401396
23.5409912914478
23.9522593565723
24.0452175355129
24.1381757144536
23.2762042348429
22.7325426414159
23.4621205927242
22.6001491131134
23.0114171782379
23.4226852433623
22.5607137637516
23.2902917150598
22.4283202354491
23.4762080729411
23.5691662518818
23.6621244308224
23.4367727235793
21.6198715854172
23.3043791952768
23.3973373742175
19.9888868051364
20.0818449840771
20.1748031630177
19.6311415695908
19.0874799761639
18.8621282689207
18.9550864478614
17.7748050820669
18.5043830333751
17.6424115537644
16.7804400741536
17.1917081392781
16.9663564320349
17.3776244971594
17.4705826761
17.8818507412245
17.9748089201651
18.0677670991058
18.4790351642302
18.8903032293547
19.3015712944791
19.076219587236
19.1691777661766
18.9438260589335
19.0367842378741
18.811432530631
18.9043907095716
18.6790390023285
18.1353774089016
18.546645474026
19.2762234253342
19.6874914904587
18.825520010848
18.9184781897886
18.3748165963617
18.7860846614861
18.560732954243
19.2903109055512
19.3832690844919
19.7945371496163
19.2508755561894
19.9804535074976
20.7100314588058
20.4846797515627
20.5776379305034
20.3522862232602
20.1269345160171
20.5382025811415
20.3128508738984
20.7241189390228
20.1804573455959
19.9551056383528
19.093134158742
19.8227121100503
19.9156702889909
20.0086284679316
20.1015866468722
19.8762349396291
19.9691931185697
20.698771069878
21.1100391350024
21.2029973139431
21.2959554928837
21.7072235580081
22.7551113955002
22.8480695744408
23.2593376395653
23.0339859323221
22.808634225079
22.9015924040196
22.6762406967765
22.7691988757171
22.543847168474
23.2734251197822
23.0480734125391
23.4593414776635
23.870609542788
23.0086380631773
23.1015962421179
22.2396247625072
22.3325829414478
22.7438510065723
22.5184992993292
22.9297673644536
21.7494859986591
22.7973738361511
22.8903320150918
21.7100506492972
23.0762483729731
23.1692065519137
22.6255449584868
21.1269537065085
22.4931514301843
22.5861096091249
19.8142788124115
19.2706172189845
19.681885284109
18.8199138044983
18.5945620972551
17.7325906176444
17.1889290242175
17.2818872031581
18.0114651544664
17.7861134472232
16.6058320814287
17.0171001465532
17.4283682116776
17.5213263906182
17.2959746833751
17.3889328623158
17.4818910412564
18.2114689925646
18.3044271715053
18.397385350446
18.8086534155704
18.2649918221435
18.6762598872679
18.7692180662086
18.8621762451492
18.9551344240899
18.0931629444791
17.5495013510522
18.2790793023604
18.6903473674849
18.7833055464255
19.5128834977338
18.9692219043068
18.7438701970637
17.881898717453
18.2931667825774
19.0227447338856
19.1157029128263
18.5720413193994
19.3016192707076
19.0762675634645
19.4875356285889
20.2171135798971
19.991761872654
20.7213398239622
19.8593683443515
19.9523265232922
20.3635945884166
20.774862653541
20.2312010601141
20.6424691252385
19.462187759444
19.2368360522009
18.693174458774
19.4227524100822
18.8790908166553
19.6086687679635
19.7016269469042
19.1579653534772
19.2509235324179
19.9805014837261
20.3917695488506
20.803037613975
20.8959957929156
20.9889539718563
20.7636022646132
22.4481098744728
22.5410680534134
22.6340262323541
22.7269844112947
22.5016327040516
22.2762809968084
22.6875490619329
22.4621973546897
22.2368456474466
22.648113712571
23.0593817776955
23.1523399566361
23.2452981355768
22.7016365421499
22.1579749487229
21.9326232414798
22.0255814204204
22.7551593717287
22.5298076644855
21.6678361848748
21.4424844776317
21.5354426565723
21.3100909493292
21.7213590144536
21.1776974210267
23.4988248032539
21.363613778908
20.1833324131135
21.2312202506055
20.3692487709948
19.5072772913841
18.9636156979571
19.0565738768978
18.8312221696546
17.3326309176763
17.7438989828008
16.5636176170063
17.2931955683145
17.704463633439
17.160802040012
16.6171404465851
16.0734788531582
16.1664370320988
16.896014983407
16.9889731623477
17.7185511136559
16.5382697478614
17.2678476991697
17.3608058781103
17.7720739432347
18.1833420083592
17.957990301116
18.0509484800567
18.4622165451811
18.5551747241218
18.6481329030624
18.1044713096355
17.5608097162086
17.6537678951492
18.0650359602737
18.1579941392143
18.5692622043388
18.6622203832794
17.8002489036687
18.5298268549769
18.3044751477338
18.0791234404907
17.8537717332475
18.5833496845557
18.0396880911288
18.769266042437
18.8622242213777
19.2734922865021
19.6847603516266
19.7777185305672
19.5523668233241
19.327015116081
19.4199732950216
19.5129314739623
19.9241995390867
19.3805379456598
19.4734961246004
19.2481444173573
18.7044828239303
18.797441002871
18.2537794094441
19.3016672469361
19.3946254258767
18.8509638324498
19.2622318975743
19.0368801903311
19.7664581416394
20.4960360929476
19.9523744995207
20.3636425646451
20.7749106297695
20.5495589225264
20.9608269876508
21.0537851665915
21.4650532317159
21.5580114106566
21.6509695895972
21.7439277685379
22.1551958336623
21.6115342402354
22.0228023053598
22.1157604843005
21.5720988908735
22.9382966145494
22.7129449073062
22.4875932000631
22.2622414928199
22.0368897855768
21.8115380783337
21.5861863710905
22.6340742085826
21.7721027289718
21.5467510217287
21.0030894283018
20.7777377210586
20.8706958999993
20.9636540789399
21.3749221440644
21.1495704368212
20.6059088433943
21.0171769085187
21.1101350874594
19.6115438354811
19.386192128238
18.842530534811
18.9354887137517
18.3918271203247
17.529855640714
17.3045039334709
17.0791522262277
16.8538005189846
17.265068584109
17.6763366492335
16.1777453972552
15.6340838038283
16.0453518689527
16.1383100478933
16.8678879992016
16.6425362919584
16.7354944708991
17.1467625360235
17.2397207149642
17.0143690077211
17.4256370728455
17.8369051379699
17.6115534307268
17.7045116096674
18.1157796747919
17.8904279675488
17.9833861464894
18.0763443254301
17.2143728458193
17.6256409109438
18.0369089760682
18.1298671550089
18.5411352201333
18.634093399074
17.4538120332794
17.8650800984039
17.6397283911607
19.0059261148366
18.1439546352258
18.2369128141665
18.3298709931071
18.4228291720478
18.5157873509884
19.2453653022967
19.0200135950535
19.7495915463618
19.2059299529348
18.9805782456917
19.0735364246323
19.4848044897568
19.8960725548812
19.3524109614543
19.445369140395
19.5383273193356
18.6763558397249
18.4510041324817
17.9073425390548
18.3186106041793
18.7298786693037
19.1411467344281
18.5974851410012
18.6904433199419
18.7834014988825
19.194669564007
19.6059376291314
19.698895808072
19.4735441008289
20.2031220521371
19.977770344894
20.3890384100185
20.4819965889591
20.8932646540835
20.9862228330242
21.0791810119648
21.1721391909055
21.5834072560299
21.039745662603
21.7693236139112
21.8622817928519
21.0003103132412
22.0481981507332
22.1411563296738
22.5524243947983
21.6904529151876
21.7834110941282
21.2397495007013
21.6510175658257
21.4256658585826
21.5186240375232
21.6115822164639
20.7496107368532
20.52425902961
20.6172172085507
20.3918655013075
20.4848236802482
20.2594719730051
20.3524301519457
20.1270784447026
19.9017267374594
19.6763750302163
20.0876430953407
18.9073617295462
18.3637001361193
18.4566583150599
18.2313066078168
17.3693351282061
16.8256735347791
16.600321827536
16.6932800064767
16.1496184130497
16.879196364358
15.6989149985634
15.1552534051365
15.2482115840772
15.9777895353854
16.3890576005098
16.1637058932667
16.5749739583911
16.6679321373318
16.7608903162724
17.1721583813969
17.2651165603375
17.3580747392782
17.4510329182188
17.2256812109757
17.6369492761001
17.7299074550408
17.5045557477976
17.2792040405545
17.0538523333114
16.8285006260682
17.2397686911927
17.6510367563171
17.7439949352578
18.1552630003822
17.9299112931391
17.7045595858959
18.4341375372042
17.5721660575934
17.6651242365341
18.3947021878423
18.1693504805992
17.943998773356
18.0369569522967
18.1299151312374
18.222873310178
18.9524512614862
19.0454094404269
18.501747847
18.5947060259406
19.0059740910651
18.7806223838219
19.1918904489464
18.9665387417032
18.1045672620925
18.5158353272169
17.97217373379
18.0651319127307
17.8397802054875
17.6144284982444
18.0256965633688
18.4369646284933
18.2116129212501
18.3045711001908
18.0792193929476
18.8087973442559
18.9017555231965
19.313023588321
19.0876718810778
19.4989399462023
19.2735882389591
19.6848563040836
20.096124369208
19.8707726619649
20.6003506132731
20.0566890198462
20.4679570849706
20.8792251500951
21.2904932152195
21.0651415079764
20.8397898007332
20.6144380934901
20.3890863862469
21.7552841099228
21.5299324026796
21.9412004678041
20.7609191020096
20.8538772809502
20.9468354598909
20.7214837526477
21.1327518177722
20.5890902243452
21.0003582894697
19.8200769236752
20.2313449887996
19.6876833953727
19.7806415743133
20.5102195256216
19.9665579321946
19.4228963387677
19.1975446315246
18.6538830380976
19.3834609894059
19.4764191683465
18.9327575749196
18.0707860953089
18.1637442742495
17.6200826808226
17.0764210873956
16.5327594939687
16.3074077867256
15.7637461932986
15.5383944860555
16.2679724373637
16.3609306163044
15.1806492505099
14.9552975432667
15.684875494575
15.7778336735156
15.8707918524563
15.9637500313969
15.7383983241538
16.1496663892782
16.5609344544027
16.6538926333433
16.746850812284
16.8398089912246
16.9327671701653
17.0257253491059
17.4369934142304
17.2116417069872
16.9862899997441
17.0792481786847
16.8538964714416
16.9468546503822
17.0398128293229
16.8144611220797
17.8623489595718
17.9553071385124
18.0482653174531
17.1862938378424
17.279252016783
17.0539003095399
17.1468584884805
17.8764364397887
17.3327748463618
17.7440429114863
17.2003813180593
17.6116493831838
18.341227334492
18.7524953996164
18.5271436923733
18.3017919851302
18.3947501640708
18.4877083430115
18.5806665219521
18.9919345870766
18.7665828798334
18.2229212864065
17.9975695791634
18.4088376442878
17.8651760508609
17.6398243436177
17.4144726363746
17.1891209291315
17.6003889942559
18.0116570593804
17.4679954659534
17.8792635310779
17.9722217100185
18.0651798889592
18.4764479540836
18.887716019208
18.6623643119649
18.7553224909056
18.8482806698462
19.2595487349706
19.3525069139113
19.7637749790357
19.8567331579764
19.6313814507333
20.0426495158577
20.4539175809821
20.228565873739
20.0032141664959
20.4144822316203
19.5525107520096
20.6003985895016
21.011666654626
21.4229347197505
21.1975830125073
20.9722313052642
20.4285697118373
20.5215278907779
20.2961761835348
20.3891343624754
20.1637826552323
20.5750507203567
20.6680088992974
19.1694176473191
19.5806857124435
19.3553340052004
19.1299822979573
19.5412503630817
19.3158986558386
19.0905469485954
18.8651952413523
18.6398435341091
19.0511115992336
19.1440697781742
18.9187180709311
17.7384367051366
17.1947751117097
17.2877332906503
17.0623815834072
16.5187199899802
15.6567485103695
16.3863264616778
15.524354982067
15.2990032748239
15.3919614537645
15.4849196327052
14.6229481530945
14.3975964458513
15.4454842833434
15.8567523484678
14.9947808688571
15.4060489339815
15.817316999106
15.9102751780466
16.0032333569873
15.7778816497441
16.5074596010524
16.2821078938092
16.6933759589337
16.7863341378743
16.5609824306312
17.6088702681232
17.0652086746963
16.2032371950855
15.9778854878424
16.3891535529669
16.8004216180913
16.8933797970319
16.6680280897888
17.0792961549132
16.8539444476701
16.628592740427
16.7215509193676
17.132818984492
17.2257771634327
17.0004254561896
17.0933836351302
17.1863418140709
17.2792999930115
17.3722581719522
18.1018361232604
18.194794302201
17.9694425949579
18.0624007738985
17.8370490666554
17.6116973594123
18.0229654245367
17.7976137172936
18.208881782418
18.6201498475425
17.7581783679317
18.1694464330562
17.944094725813
17.4004331323861
17.175081425143
16.9497297178998
16.7243780106567
17.4539559619649
17.2286042547218
17.3215624336625
17.0962107264193
17.5074787915437
17.9187468566682
17.693395149425
17.7863533283657
17.8793115073064
17.972269686247
18.3835377513714
18.4764959303121
18.5694541092527
18.6624122881934
19.0736803533178
19.4849484184423
19.2595967111992
19.3525548901398
19.4455130690805
19.8567811342049
19.313119540778
20.0426974920862
19.4990358986593
19.9103039637837
20.0032621427244
21.3694598664002
20.8257982729732
20.6004465657301
20.0567849723032
20.1497431512438
19.6060815578169
20.0173496229413
20.110307801882
19.8849560946389
20.2962241597633
19.7525625663364
19.2089009729094
19.3018591518501
19.3948173307907
19.1694656235476
19.2624238024883
18.7187622090613
19.1300302741858
18.5863686807588
19.6342565182509
18.7722850386401
18.8652432175808
18.3215816241538
17.4596101445431
17.2342584373
16.6905968438731
16.7835550228137
16.2398934293868
16.0145417221436
15.1525702425329
14.9272185352898
15.0201767142304
15.4314447793549
14.8877831859279
14.0258117063172
14.7553896576254
14.8483478365661
15.5779257878743
15.3525740806312
16.0821520319394
15.8568003246963
15.9497585036369
15.7244067963938
15.8173649753344
15.9103231542751
16.3215912193995
16.0962395121564
16.189197691097
16.9187756424053
16.6934239351621
16.468072227919
16.5610304068597
16.0173688134327
15.4737072200058
16.5215950574978
16.9328631226223
16.3892015291953
16.8004695943198
16.5751178870766
17.3046958383849
16.4427243587741
16.5356825377148
16.9469506028392
17.0399087817799
16.8145570745367
16.5892053672936
17.0004734324181
17.0934316113587
17.1863897902994
17.27934796924
17.3723061481807
17.7835742133051
17.558222506062
17.6511806850026
17.4258289777595
17.2004772705163
16.9751255632732
17.7047035145814
17.5687881162247
17.432872717868
17.2969573195112
17.1610419211545
17.0709012382572
16.98076055536
16.8906198724627
16.8004791895655
16.7103385066682
16.7475217782445
16.7847050498207
16.821888321397
16.8590715929733
16.8962548645495
17.0421704548112
17.1880860450728
17.3340016353345
17.4799172255961
17.6258328158578
17.8354103833562
18.0449879508546
18.254565518353
18.4641430858514
18.6737206533498
18.7559742663747
18.8382278793996
18.9204814924244
19.0027351054493
19.0849887184742
19.0399183770256
18.994848035577
18.9497776941283
18.9047073526797
18.8596370112311
19.9075248487231
20.0004830276638
19.4568214342368
19.2314697269937
19.3244279059343
18.7807663125074
18.8737244914481
19.6033024427563
19.6962606216969
18.8342891420862
19.2455572072107
18.3835857275999
18.7948537927244
18.5695020854812
18.6624602644219
18.7554184433625
18.5300667361194
18.3047150288763
18.0793633216331
17.85401161439
17.9469697933306
18.3582378584551
18.1328861512119
17.589224557785
16.7272530781743
16.5019013709311
16.5948595498718
17.0061276149962
15.5075363630179
14.963874769591
15.0568329485317
14.8314812412885
14.2878196478616
15.0173975991698
15.1103557781105
13.6117645261322
14.0230325912566
14.4343006563811
14.5272588353217
14.9385269004462
15.0314850793868
14.8061333721437
15.5357113234519
15.3103596162088
15.4033177951494
15.1779660879063
15.5892341530307
16.3188121043389
16.0934603970958
15.8681086898527
16.2793767549771
16.054025047734
16.4652931128584
15.6033216332477
15.3779699260045
15.1526182187614
15.5638862838858
16.2934642351941
15.7498026417671
16.4793805930754
16.2540288858322
16.0286771785891
16.4399452437135
16.5329034226542
16.3075517154111
16.4005098943517
15.8568483009248
16.586426252233
15.4061448864385
16.1357228377467
16.5469909028712
16.6399490818118
17.3695270331201
17.7807950982445
17.5554433910014
17.3300916837582
17.4230498626989
17.1976981554557
16.9723464482126
17.0653046271532
17.1582628060939
17.2512209850346
16.7075593916076
16.8005175705483
16.8934757494889
16.6681240422458
15.8061525626351
15.8991107415757
15.9920689205164
16.085027099457
16.1779852783977
16.2709434573383
16.363901636279
16.1385499290358
16.2315081079765
16.3244662869171
16.4174244658578
16.8286925309822
16.9216507099229
17.0146088888635
17.425876953988
17.2005252467448
17.6117933118693
17.7047514908099
17.7977096697506
17.8906678486912
17.9836260276319
18.0765842065725
18.4878522716969
17.94419067827
18.6737686295783
18.1301070361513
18.5413751012758
17.679403621665
18.7272914591571
18.1836298657301
19.2315177032222
19.006165995979
19.0991241749197
18.5554625814927
18.6484207604334
18.4230690531903
18.5160272321309
18.9272952972553
19.020253476196
18.7949017689528
18.5695500617097
19.2991280130179
18.1188466472234
18.5301147123479
18.6230728912885
18.3977211840454
18.1723694768022
17.6287078833753
18.0399759484998
18.1329341274404
17.9075824201973
17.6822307129541
18.0934987780786
18.1864569570192
17.0061755912247
16.4625139977978
15.9188524043708
16.0118105833115
15.7864588760684
15.5611071688252
15.0174455753983
15.4287136405227
14.566742160912
14.3413904536689
14.4343486326095
14.845616697734
13.6653353319394
13.4399836246963
13.8512516898208
13.9442098687614
14.3554779338858
14.4484361128265
14.5413942917671
14.9526623568916
15.0456205358322
14.8202688285891
14.9132270075298
15.0061851864704
15.7357631377786
15.5104114305355
15.6033696094761
16.0146376746006
15.7892859673574
15.8822441462981
15.3385825528712
15.4315407318118
15.2061890245687
14.9808373173255
15.39210538245
15.1667536752068
15.5780217403313
15.9892898054557
15.7639380982126
15.5385863909694
15.9498544560939
16.3611225212183
16.1357708139752
15.9104191067321
16.0033772856727
15.7780255784296
16.189293643554
16.2822518224947
15.4202803428839
16.7864780665597
16.5611263593166
16.6540845382573
17.0653526033817
16.8400008961386
16.6146491888954
17.0259172540199
16.8005655467767
16.8935237257174
16.3498621322904
16.7611301974149
16.5357784901717
15.9921168967448
16.4033849618693
16.1780332546261
15.6343716611992
15.7273298401398
14.8653583605291
15.2766264256536
16.3245142631456
15.1442328973511
15.5555009624755
15.6484591414162
15.423107434173
15.8343754992975
15.2907139058705
16.0202918571788
16.1132500361194
16.2062082150601
15.9808565078169
16.7104344591252
17.1217025242496
16.8963508170065
16.9893089959471
17.0822671748878
17.1752253538284
17.5864934189528
17.3611417117097
18.0907196630179
17.8653679557748
17.3217063623479
17.7329744274723
17.5076227202292
17.9188907853536
17.3752291919267
18.1048071432349
17.561145549808
18.9273432734838
18.3836816800569
18.7949497451813
18.2512881517544
18.344246330695
18.1188946234519
17.8935429162087
18.3048109813332
18.0794592740901
18.4907273392145
17.6287558596038
18.6766436970958
17.8146722174851
17.9076303964257
18.0005885753664
17.7752368681232
17.8681950470639
17.324533453637
17.0991817463938
17.5104498115183
16.9667882180913
17.059746397032
17.7893243483402
17.2456627549133
16.7020011614864
16.4766494542432
15.6146779746325
15.7076361535731
15.48228444633
15.2569327390869
15.0315810318437
14.8062293246006
14.2625677311737
13.7189061377467
13.8118643166874
13.5865126094442
13.9977806745687
13.7724289673255
13.2287673738986
13.6400354390231
13.7329936179637
13.8259517969044
13.918909975845
14.0118681547857
14.1048263337263
14.5160943988508
14.2907426916076
14.3837008705483
14.1583491633051
14.5696172284296
14.6625754073702
14.7555335863109
14.8484917652515
14.9414499441922
15.6710278955004
15.4456761882573
14.5837047086465
14.994972773771
14.4513111803441
14.5442693592847
14.9555374244091
15.0484956033498
15.1414537822904
15.5527218474149
15.3273701401717
15.4203283191124
14.8766667256855
15.6062446769937
15.3808929697506
15.4738511486912
15.2484994414481
15.3414576203887
14.7977960269618
15.2090640920862
15.3020222710269
15.7132903361513
16.1245584012758
15.8992066940326
16.3104747591571
16.4034329380977
15.8597713446708
16.2710394097952
16.3639975887359
16.1386458814928
16.5499139466172
16.0062523531903
16.0992105321309
16.1921687110716
15.6485071176446
15.4231554104015
15.5161135893422
14.9724519959152
14.7471002886721
14.5217485814289
14.9330166465534
14.3893550531265
14.8006231182509
14.8935812971915
14.9865394761322
15.0794976550728
14.8541459478297
14.6287942405866
15.040062305711
15.1330204846517
15.5442885497761
15.6372467287168
15.4118950214736
15.8231630865981
16.2344311517225
16.3273893306631
16.4203475096038
16.8316155747282
16.9245737536689
16.380912160242
17.1104901115502
16.8851384043071
16.9780965832477
16.7527448760046
16.8457030549452
16.9386612338859
17.0316194128265
17.1245775917672
16.899225884524
17.3104939496485
17.0851422424053
18.1330300798974
17.5893684864704
18.3189464377787
17.4569749581679
17.5499331371086
17.3245814298655
18.3724692673575
17.5104977877468
17.6034559666874
18.0147240318119
17.4710624383849
17.8823305035094
17.6569787962662
17.4316270890231
17.5245852679637
17.6175434469044
17.710501625845
17.1668400324181
16.941488325175
17.3527563902994
17.1274046830563
16.9020529758131
16.9950111547538
17.0879693336944
16.8626176264513
16.955575805392
16.7302240981488
14.9133229599867
15.0062811389274
15.099239317868
15.1921974968087
14.330226017198
14.1048743099548
13.5612127165279
13.3358610092847
13.7471290744092
13.5217773671661
13.9330454322905
13.3893838388636
13.1640321316204
12.9386804243773
13.0316386033179
13.1245967822586
13.535864847383
13.6288230263237
13.7217812052643
14.4513591565726
13.9076975631456
14.0006557420863
14.0936139210269
14.1865720999676
13.9612203927244
14.6907983440327
14.4654466367895
14.5584048157302
14.6513629946708
15.0626310597953
14.5189694663684
13.9753078729414
14.3865759380659
14.1612242308227
14.2541824097634
14.6654504748878
14.4400987676447
14.5330569465853
14.9443250117098
15.0372831906504
14.8119314834073
14.9048896623479
14.9978478412886
15.0908060202292
15.5020740853537
15.5950322642943
15.0513706708674
15.1443288498081
14.6006672563811
15.0119353215056
15.7415132728138
16.1527813379382
15.9274296306951
15.702077923452
16.1133459885764
15.5696843951495
15.9809524602739
15.7556007530308
15.8485589319714
16.2598269970959
15.3978555174851
15.4908136964258
15.9020817615502
15.9950399404909
15.451378347064
14.907716753637
15.3189848187615
15.0936331115183
14.5499715180914
14.3246198108483
14.0992681036051
14.1922262825458
14.6034943476702
14.3781426404271
14.4711008193677
14.5640589983084
14.3387072910652
14.7499753561897
14.2063137627628
14.6175818278872
15.0288498930116
14.8034981857685
15.2147662508929
14.9894145436498
15.0823727225905
15.8119506738987
15.5865989666555
15.6795571455962
15.7725153245368
15.8654735034775
15.9584316824182
16.3696997475426
16.1443480402995
16.5556161054239
16.3302643981808
16.4232225771214
16.1978708698783
16.2908290488189
16.3837872277596
16.4767454067002
16.8880134718247
16.3443518783977
17.073929829706
17.1668880086466
16.6232264152197
17.3528043665279
17.1274526592848
16.9021009520416
16.9950591309823
17.0880173099229
17.1809754888636
16.9556237816205
17.3668918467449
17.1415401395018
17.2344983184424
17.3274564973831
16.4654850177723
17.1950629690806
17.0226686731584
16.8502743772363
16.6778800813141
16.505485785392
16.3330914894699
16.4153451024947
16.4975987155196
16.5798523285445
16.6621059415694
16.7443595545943
16.3173173497251
15.8902751448559
15.4632329399868
15.0361907351176
14.6091485302484
14.3916838928776
14.1742192555069
13.9567546181361
13.7392899807653
13.5218253433946
13.4316846604973
13.3415439776
13.2514032947028
13.1612626118055
13.0711219289083
12.5274603354813
12.620418514422
12.7133766933626
12.8063348723033
12.8992930512439
12.6739413440008
13.0852094091253
13.1781675880659
13.5894356531903
13.682393832131
13.4570421248879
13.5500003038285
13.6429584827692
14.0542265478936
13.8288748406505
13.9218330195911
14.0147911985318
13.7894394912886
14.2007075564131
14.2936657353537
13.7500041419268
13.8429623208674
13.6176106136243
13.7105687925649
14.1218368576894
14.5331049228138
14.6260631017545
14.4007113945113
14.493669573452
14.5866277523926
14.6795859313333
14.4542342240902
14.8655022892146
14.9584604681553
15.0514186470959
14.507757053669
14.2824053464258
14.0570536391827
14.4683217043071
14.5612798832478
14.6542380621884
15.0655061273129
15.4767741924373
14.9331125990104
15.3443806641348
14.8007190707079
14.5753673634648
15.304945314773
15.0795936075299
15.1725517864705
15.5838198515949
14.7218483719842
15.1331164371087
15.2260746160493
15.0007229088062
14.1387514291955
13.9133997219523
14.3246677870768
14.4176259660174
13.8739643725905
13.9669225515311
13.741570844288
13.5162191370448
13.6091773159855
13.3838256087424
13.476783787683
13.8880518528075
13.6627001455643
13.4373484383212
13.211996731078
13.6232647962025
13.7162229751431
13.8091811540838
14.2204492192082
14.3134073981489
14.0880556909057
14.4993237560302
15.2289017073384
15.3218598862791
14.7781982928521
14.8711564717928
15.2824245369172
15.0570728296741
15.7866507809823
15.5612990737392
15.6542572526798
15.7472154316205
15.5218637243773
15.9331317895018
15.7077800822586
15.4824283750155
16.2120063263237
15.6683447328968
16.0796127980212
15.8542610907781
16.2655291559025
17.3134169933946
16.1331356276001
16.2260938065407
16.0007420992976
16.412010164422
16.1866584571789
15.9613067499357
16.0542649288764
16.147223107817
15.9218714005739
16.6514493518821
16.426097644639
16.5190558235796
16.2937041163365
16.0683524090934
16.7979303604016
16.2542687669747
16.0289170597315
16.1218752386722
15.896523531429
16.9444113689211
15.4458201169428
15.8570881820672
15.9500463610079
16.0430045399485
15.8176528327054
15.5923011254622
15.3669494182191
14.5049779386084
13.9613163451814
14.0542745241221
14.1472327030627
13.6035711096358
13.3782194023927
12.8345578089657
12.6092061017226
12.3838543944795
12.4768125734201
12.251460866177
12.6627289313014
14.0289266549772
12.2120255168151
11.986673809572
12.0796319885126
11.8542802812695
12.2655483463939
12.3585065253346
12.4514647042753
11.9078031108483
12.6373810621566
12.7303392410972
12.8232974200379
12.9162555989785
13.0092137779192
13.1021719568598
12.8768202496167
13.2880883147411
13.6993563798656
13.1556947864386
13.8852727377469
13.9782309166875
13.7528792094444
13.2092176160174
12.6655560225905
13.076824087715
13.1697822666556
13.2627404455963
13.6740085107207
13.7669666896613
13.859924868602
13.9528830475426
13.7275313402995
13.5021796330564
13.9134476981808
14.0064058771215
14.4176739422459
14.5106321211866
14.2852804139434
13.7416188205165
13.5162671132733
13.9275351783978
13.0655636987871
13.7951416500953
14.5247196014035
14.6176777803442
14.392326073101
14.1669743658579
14.5782424309824
14.671200609923
14.4458489026799
14.5388070816205
14.6317652605612
15.0430333256856
14.4993717322587
14.9106397973831
14.68528809014
14.7782462690806
14.8712044480213
14.6458527407781
13.7838812611674
13.5585295539243
13.6514877328649
14.0627557979894
13.8374040907462
13.2937424973193
13.0683907900762
13.1613489690168
12.6176873755899
12.7106455545305
13.121913619655
13.2148717985956
13.3078299775363
13.0824782702932
12.85712656305
13.2683946281745
13.0430429209313
13.136001099872
13.2289592788126
13.3219174577533
13.4148756366939
13.5078338156346
13.919101880759
14.0120600596997
14.4233281248241
14.197976417581
14.6092444827054
14.0655828892785
14.4768509544029
14.8881190195274
14.6627673122842
14.7557254912249
14.8486836701655
14.9416418491062
14.716290141863
14.8092483208037
15.2205163859281
14.995164678685
15.4064327438094
15.1810810365663
14.9557293293232
16.0036171668152
15.778265459572
15.5529137523289
15.6458719312696
15.7388301102102
15.8317882891509
15.6064365819077
15.6993947608484
15.792352939789
15.5670012325459
15.6599594114865
15.1162978180596
15.527565883184
15.6205240621247
15.7134822410653
16.4430601923736
15.5810887127629
15.6740468917035
16.085314956828
16.1782731357686
16.589541200893
15.0909499489147
15.1839081278554
15.276866306796
15.6881343719205
15.4627826646773
14.9191210712504
15.6486990225586
15.4233473153155
15.1979956080724
15.290953787013
14.7472921935861
13.5670108277916
13.6599690067322
13.7529271856729
13.8458853646135
13.6205336573704
13.0768720639435
12.5332104705165
12.6261686494572
12.7191268283978
11.8571553487871
11.9501135277278
12.0430717066684
12.4543397717929
12.2289880645497
11.367016584939
11.1416648776959
11.2346230566365
11.645891121761
11.7388493007016
11.8318074796423
11.6064557723991
11.6994139513398
12.1106820164642
12.2036401954049
11.9782884881617
12.0712466671024
12.164204846043
12.5754729111675
12.6684310901081
12.1247694966812
13.1726573341732
12.6289957407463
12.7219539196869
12.8149120986276
12.9078702775682
12.6825185703251
12.457166863082
11.913505269655
12.3247733347795
13.0543512860877
12.5106896926608
13.240267643969
13.6515357090934
13.1078741156665
12.8825224084234
13.6121003597316
12.7501288801209
13.4797068314291
13.5726650103698
13.0290034169428
12.8036517096997
13.2149197748241
13.3078779537648
12.7642163603379
12.2205547669109
12.9501327182192
13.3614007833436
13.772668848468
14.5022467997763
13.9585852063494
14.3698532714738
13.8261916780469
13.6008399708037
14.0121080359282
13.786756328685
14.1980243938095
13.6543628003825
14.3839407516908
14.1585890444476
13.6149274510207
14.0261955161451
14.1191536950858
13.8938019878427
13.9867601667833
13.7614084595402
13.2177468661132
13.3107050450539
13.0853533378108
13.1783115167514
12.6346499233245
12.7276081022651
12.502256395022
12.2769046877788
12.0515529805357
12.1445111594764
12.237469338417
12.6487374035415
12.4233856962983
12.516343875239
11.972682281812
12.0656404607527
12.1585986396933
12.251556818634
12.3445149975746
12.4374731765153
12.5304313554559
12.9416994205804
12.3980378271535
12.4909960060941
13.2205739574023
13.313532136343
13.4064903152836
13.4994484942243
13.5924066731649
13.6853648521056
13.4600131448625
13.8712812099869
13.9642393889276
14.375507454052
14.1501557468089
13.9248040395657
14.3360721046902
14.110720397447
14.5219884625715
14.2966367553283
14.389594934269
14.8008629993934
14.2572014059665
14.6684694710909
14.7614276500316
15.172695715156
15.2656538940967
14.7219923006697
15.1332603657942
15.2262185447348
14.6825569513079
15.0938250164323
14.5501634230054
15.5980512604974
15.0543896670705
14.8290379598274
15.2403060249518
15.3332642038925
15.4262223828331
15.8374904479575
14.9755189683468
15.3867870334713
15.7980550985957
15.8910132775364
15.3473516841094
15.1219999768663
14.8966482696232
14.67129656238
14.7642547413207
15.1755228064451
15.5867908715696
15.3614391643264
15.1360874570833
15.8656654083915
14.0487642702294
14.4600323353539
14.2346806281107
13.3727091485
13.4656673274406
13.2403156201975
13.3332737991382
13.107922091895
12.8825703846519
12.0205989050412
12.1135570839818
11.8882053767387
11.3445437833117
11.4375019622524
11.2121502550093
11.6234183201337
11.7163764990743
11.4910247918312
10.6290533122205
11.0403213773449
10.8149696701018
10.9079278490424
11.3191959141669
11.4121540931075
11.1868023858644
11.279760564805
11.0544088575619
11.4656769226863
11.558635101627
11.6515932805676
11.1079316871407
11.2008898660814
11.9304678173896
11.7051161101465
11.7980742890871
12.2093423542116
11.9839906469684
12.3952587120929
9.94173780156318
12.5811750699742
12.0375134765472
11.8121617693041
11.5868100620609
11.9980781271854
12.091036306126
11.5473747126991
11.9586427778236
12.6882207291318
12.4628690218887
11.9192074284617
12.0121656074024
12.4234336725268
12.1980819652837
12.2910401442243
12.0656884369812
12.1586466159218
12.2516047948625
12.9811827461707
12.11921126656
12.2121694455006
11.6685078520737
12.0797759171982
12.4910439823226
12.5840021612633
12.6769603402039
13.4065382915121
12.8628766980852
13.2741447632097
13.0487930559665
13.1417512349072
12.916399527664
13.0093577066047
13.1023158855453
13.195274064486
13.2882322434266
13.3811904223673
13.1558387151241
13.2487968940648
13.0234451868217
12.7980934795785
12.8910516585192
12.9840098374598
12.7586581302167
12.5333064229735
12.3079547157304
12.0826030084873
12.1755611874279
12.2685193663686
11.7248577729416
11.8178159518823
11.9107741308229
11.367112537396
11.4600707163367
11.2347190090935
11.645987074218
11.7389452531586
11.8319034320993
11.6065517248561
11.6995099037968
11.7924680827374
11.5671163754943
11.6699333917754
11.7727504080565
11.8755674243376
11.9783844406187
12.0792296894317
12.1800749382448
12.2809201870578
12.3817654358708
12.4826106846838
12.5755688636245
12.6685270425651
12.443175335322
12.8544434004464
12.9474015793871
12.7220498721439
12.8150080510846
13.226276116209
13.3192342951497
13.7305023602741
13.8234605392148
13.5981088319716
13.6910670109123
13.7840251898529
13.5586734826098
13.3333217753667
13.7445898404911
13.8375480194318
13.9305061983724
14.0234643773131
14.1164225562537
14.5276906213782
14.6206488003188
14.3952970930757
14.8065651582001
14.581213450957
14.6741716298976
14.4488199226545
14.8600879877789
14.9530461667196
14.4093845732926
14.1840328660495
14.2769910449901
14.3699492239308
14.4629074028715
14.8741754679959
14.6488237607528
14.4234720535096
14.8347401186341
15.2460081837585
14.3840367041478
14.7953047692722
14.5699530620291
14.9812211271535
14.1192496475428
14.2122078264835
14.6234758916079
14.3981241843648
15.127702135673
14.9023504284299
13.7220690626353
14.1333371277598
13.9079854205166
13.6826337132735
13.1389721198466
12.5953105264196
12.6882687053603
12.4629169981172
12.5558751770578
12.6488333559985
11.7868618763877
10.924890396777
11.3361584619015
10.7924968684745
10.5671451612314
10.3417934539883
10.4347516329289
10.8460196980534
10.938977876994
11.3502459421184
10.1699645763239
10.2629227552646
10.3558809342052
10.1305292269621
10.2234874059027
10.953065357211
10.409403763784
10.5023619427247
10.2770102354816
10.688278300606
10.7812364795467
10.5558847723035
10.6488429512442
10.7418011301848
10.5164494229417
11.2460273742499
11.0206756670068
11.4319437321312
11.2065920248881
11.6178600900125
11.3925083827694
11.48546656171
11.5784247406507
11.3530730334075
11.1277213261644
11.220679505105
11.3136376840457
11.0882859768026
11.499554041927
11.2742023346839
11.6854703998083
11.4601186925652
11.8713867576896
11.3277251642627
11.7389932293871
11.1953316359602
11.6065997010846
11.6995578800253
12.1108259451497
12.2037841240904
11.0235027582959
11.4347708234203
11.8460388885447
11.6206871813016
11.3953354740585
11.4882936529991
10.9446320595722
11.9925198970642
11.4488583036373
11.8601263687617
12.2713944338862
12.3643526128268
12.4573107917675
12.5502689707081
12.9615370358326
12.0995655562218
11.5559039627949
12.6037918002869
12.3784400930438
12.1530883858007
12.2460465647413
12.339004743682
12.7502728088064
12.5249211015633
12.6178792805039
12.3925275732608
12.4854857522014
12.5784439311421
12.3530922238989
12.4460504028396
12.2206986955965
11.9953469883533
11.4516853949264
11.8629534600508
11.9559116389915
11.4122500455645
11.1868983383214
11.2798565172621
11.0545048100189
10.8291531027758
10.9221112817164
9.42352002973813
10.4714078672301
10.8826759323546
10.9756341112952
11.0685922902359
10.8432405829928
9.66295921719824
9.4376075099551
10.8038052336309
9.30521398165262
9.39817216059327
10.7643698842691
10.8573280632097
10.9502862421504
11.3615543072748
11.1362026000317
11.5474706651561
11.6404288440968
12.370006795405
12.4629649743457
11.9193033809187
12.3305714460432
12.1052197388
12.1981779177407
11.9728262104975
12.384094275622
12.4770524545626
12.5700106335033
12.6629688124439
12.7559269913846
12.8488851703252
12.9418433492659
12.7164916420228
12.8094498209634
12.5840981137203
12.6770562926609
13.0883243577854
13.181282536726
13.5925506018505
13.6855087807911
13.460157073548
13.5531152524886
13.3277635452455
13.7390316103699
13.5136799031268
13.9249479682512
14.0179061471919
13.7925544399487
13.5672027327056
13.6601609116462
13.4348092044031
13.5277673833438
13.3024156761006
13.0770639688575
13.4883320339819
13.5812902129226
13.992558278047
13.7672065708039
14.1784746359283
13.3165031563176
14.0460811076258
14.1390392865665
13.5953776931396
13.6883358720802
13.4629841648371
13.8742522299615
13.6489005227184
14.0601685878428
14.1531267667835
14.2460849457241
14.020733238481
13.477071645054
13.2517199378109
13.6629880029354
13.1193264095084
13.2122845884491
12.3503131088384
12.443271287779
11.8996096943521
11.0376382147413
11.7672161660496
11.8601743449902
11.6348226377471
11.0911610443202
10.2291895647094
10.3221477436501
10.4151059225907
10.1897542153476
10.2827123942883
10.3756705732289
10.1503188659858
10.2432770449264
10.3362352238671
10.4291934028077
9.88553180938079
9.97848998832144
10.0714481672621
9.84609646001895
10.2573645251434
10.0320128179003
9.80666111065712
9.89961928959777
9.99257746853842
9.76722576129528
10.1784938264197
9.95314211917658
10.0461002981172
10.1390584770579
9.91370676981475
10.3249748349392
10.0996231276961
10.5108911928205
10.2855394855774
10.0601877783342
10.4714558434587
10.5644140223993
10.3390623151562
10.7503303802806
10.8432885592213
10.6179368519781
10.7108950309188
10.1672334374918
10.5785015026163
10.6714596815569
10.12779808813
10.8573760394382
10.9503342183789
11.0432923973195
11.454560462444
11.2292087552009
10.6855471617739
11.0968152268984
11.189773405839
11.2827315847797
11.0573798775365
11.1503380564772
11.2432962354178
11.3362544143585
10.7925928209316
10.8855509998722
11.2968190649966
11.0714673577535
10.5278057643266
10.6207639432672
9.7587924636565
10.4883704149647
10.8996384800892
11.3109065452136
11.4038647241543
11.4968229030949
11.9080909682194
11.6827392609762
11.7756974399169
11.8686556188575
11.3249940254306
11.4179522043713
11.5109103833119
11.9221784484363
11.3785168550094
11.4714750339501
12.2010529852583
11.9757012780152
11.750349570772
11.5249978635289
11.9362659286533
12.029224107594
11.485562514167
11.8968305792915
11.3531689858646
11.764437050989
11.5390853437459
10.9954237503189
11.0883819292596
11.1813401082002
10.6376785147733
11.3672564660815
11.1419047588384
9.64331350686009
9.73627168580074
9.5109199785576
9.28556827131446
9.06021656407133
9.15317474301198
9.24613292195263
9.33909110089328
9.11373939365014
9.20669757259079
9.29965575153144
9.0743040442883
8.84895233704516
8.94191051598581
9.03486869492646
8.80951698768332
8.90247516662397
8.99543334556463
9.08839152450528
9.18134970344593
8.95599799620279
11.27712537843
11.0517736711868
11.1447318501275
11.2376900290681
11.3306482080088
11.7419162731332
11.1982546797063
11.6095227448307
11.7024809237714
11.795439102712
11.8883972816527
11.6630455744096
12.074313639534
12.1672718184746
12.2602299974153
12.0348782901722
12.4461463552966
12.2207946480535
11.9954429408103
12.7250208921186
12.8179790710592
12.2743174776323
12.6855855427567
12.7785437216974
12.871501900638
12.6461501933949
13.0574182585193
12.8320665512762
12.9250247302168
13.0179829091575
12.7926312019144
13.5222091532226
13.2968574459794
13.3898156249201
13.164463917677
12.9391122104338
13.0320703893745
12.8067186821313
12.899676861072
12.9926350400126
13.0855932189533
12.8602415117101
12.634889804467
13.0461578695914
13.1391160485321
13.5503841136565
13.0067225202296
13.0996806991703
13.5109487642947
13.2855970570516
13.3785552359922
12.8348936425653
13.2461617076897
13.3391198866304
13.1137681793872
13.5250362445117
13.6179944234523
13.3926427162092
13.4856008951498
13.8968689602743
13.0348974806636
12.1729260010528
12.5841940661773
12.3588423589342
12.133490651691
11.5898290582641
11.0461674648372
10.820815757594
10.9137739365347
11.0067321154753
11.099690294416
10.8743385871728
10.3306769937459
10.1053252865028
10.1982834654434
9.97293175820027
10.0658899371409
9.84053822989778
9.61518652265464
10.0264545877791
10.1194127667197
9.89406105947659
9.98701923841725
9.44335764499031
8.89969605156338
8.99265423050404
8.76730252326089
9.17857058838534
9.27152876732599
9.04617706008285
9.1391352390235
8.91378353178036
9.3250515969048
9.09969988966166
9.19265806860231
9.28561624754296
9.37857442648361
9.15322271924047
9.24618089818112
9.65744896330557
9.11378736987864
9.20674554881929
9.29970372775994
9.39266190670059
9.48562008564124
9.2602683783981
9.35322655733875
9.4461847362794
9.22083302903626
9.31379120797691
9.72505927310135
9.49970756585821
9.59266574479887
9.68562392373952
9.46027221649638
9.87154028162082
9.32787868819389
9.42083686713454
9.51379504607519
9.92506311119964
10.6546410625079
11.0659091276323
9.8856277618378
9.66027605459466
9.43492434735152
9.20957264010838
9.62084070523282
9.71379888417347
10.7616867216655
9.58140535587098
9.35605364862784
9.1307019413847
9.54197000650914
9.63492818544979
9.72788636439044
9.18422477096351
9.27718294990416
9.37014112884482
9.14478942160168
9.55605748672612
9.64901566566677
9.42366395842363
10.7898616820994
10.8828198610401
10.9757780399807
11.0687362189214
11.161694397862
11.2546525768027
11.3476107557434
10.8039491623164
11.2152172274409
11.6264852925653
11.4011335853222
11.4940917642628
11.5870499432035
11.3616982359603
11.454656414901
11.5476145938416
11.3222628865985
11.7335309517229
10.8715594721122
10.9645176510529
11.3757857161773
11.1504340089342
11.2433921878748
11.3363503668155
11.1109986595723
11.203956838513
9.70536558653468
11.0715633102105
10.8462116029673
10.6208598957242
9.75888841611349
9.53353670887035
9.30818500162721
9.40114318056786
9.17579147332472
9.26874965226537
9.36170783120602
9.77297589633046
10.5025538476387
9.32227248184418
9.09692077460104
9.18987895354169
8.64621736011476
9.0574854252392
9.15044360417985
8.92509189693671
9.01805007587737
8.79269836863423
9.20396643375867
9.29692461269932
9.38988279163997
10.7560805153158
11.1673485804402
11.2603067593809
11.3532649383215
11.764533003446
11.8574911823866
11.3138295889597
12.3617174264517
11.8180558330248
11.9110140119654
12.0039721909061
12.0969303698467
12.1898885487874
12.6011566139118
12.3758049066687
12.4687630856093
12.56172126455
12.3363695573069
12.7476376224313
12.840595801372
12.6152440941288
12.3898923868857
12.8011604520101
12.8941186309508
12.6687669237076
13.0800349888321
13.4913030539565
13.2659513467134
13.0405996394702
13.1335578184109
12.9082061111677
13.637784062476
13.7307422414166
13.1870806479897
13.2800388269304
13.372997005871
13.1476452986279
12.9222935913847
13.3335616565092
12.7899000630822
13.2011681282067
13.2941263071473
13.387084486088
13.1617327788448
13.2546909577855
13.0293392505424
13.122297429483
12.8969457222399
13.6265236735481
13.0828620801212
13.1758202590618
13.2687784380025
12.7251168445755
12.8180750235162
13.2293430886406
13.0039913813975
13.0969495603381
13.1899077392788
12.9645560320357
13.0575142109763
13.150472389917
12.2885009103062
12.0631492030631
11.5194876096362
11.9307556747606
11.0687841951499
11.1617423740905
10.9363906668474
10.3927290734205
10.8039971385449
10.5786454313018
10.6716036102424
10.1279420168155
10.2209001957561
9.99554848851301
10.0885066674537
9.86315496021052
9.95611313915117
9.41245154572424
9.82371961084868
9.91667778978933
10.00963596873
10.1025941476706
9.24062266805991
9.01527096081677
8.78991925357363
8.88287743251428
8.97583561145493
8.75048390421179
9.16175196933624
8.9364002620931
9.02935844103375
9.1223166199744
8.89696491273126
8.98992309167191
9.08288127061256
9.17583944955321
8.95048774231007
9.04344592125072
9.13640410019137
8.91105239294823
9.32232045807267
9.09696875082954
9.18992692977019
8.96457522252705
9.0575334014677
9.78711135277593
9.243449759349
9.01809805210586
9.4293661172303
9.20401440998716
9.29697258892781
9.07162088168467
9.48288894680911
9.25753723956597
9.35049541850662
9.44345359744727
9.53641177638792
9.62936995532857
9.72232813426922
9.81528631320988
10.5448642645181
9.3645828987236
9.45754107766425
9.5504992566049
9.64345743554555
10.3730353868538
9.51106390724306
10.5589517447351
9.69698026512436
9.78993844406501
9.56458673682187
9.33923502957873
9.43219320851938
10.4800810460114
9.61810956640069
9.07444797297376
9.16740615191441
9.26036433085506
9.35332250979571
9.44628068873636
10.4941685262284
9.63219704661766
11.3167046564773
11.0913529492341
11.5026210143586
11.5955791932992
10.7336077136885
11.4631856649967
11.2378339577536
11.3307921366942
11.4237503156349
11.8350183807593
11.6096666735162
12.0209347386406
12.1138929175813
12.2068510965219
11.9814993892788
12.0744575682195
11.8491058609763
11.942064039917
12.0350222188576
11.8096705116145
12.2209385767389
12.3138967556796
11.7702351622526
11.5448834550095
11.0012218615826
11.0941800405232
11.5054481056477
11.5984062845883
11.3730545773452
10.8293929839183
10.9223511628589
10.6969994556158
10.7899576345564
10.8829158134971
10.9758739924377
11.0688321713784
11.161790350319
11.2547485292597
11.0293968220165
10.8040451147734
10.897003293714
10.9899614726547
11.0829196515953
10.8575679443522
11.5871458956604
11.6801040746011
11.4547523673579
11.5477105462986
11.958978611423
12.0519367903637
12.1448949693043
12.237853148245
12.6491212133694
12.4237695061263
12.516727685067
12.6096858640076
12.7026440429483
12.7956022218889
12.8885604008296
13.299828465954
13.0744767587109
12.8491250514677
13.2603931165922
13.3533512955328
13.4463094744735
13.2209577672303
13.313915946171
13.4068741251116
13.4998323040523
13.5927904829929
13.3674387757498
14.097016727058
13.8716650198149
13.328003426388
13.7392714915124
13.8322296704531
13.9251878493937
13.6998361421506
14.111104207275
13.8857525000319
13.9787106789725
13.7533589717294
13.5280072644862
13.6209654434269
13.7139236223675
13.8068818013082
13.5815300940651
13.6744882730057
13.7674464519464
13.5420947447032
13.6350529236439
13.4097012164007
13.5026593953414
14.2322373466496
13.3702658670389
13.1449141597958
13.2378723387364
13.3308305176771
13.4237886966177
13.8350567617422
14.2463248268666
14.0209731196235
13.7956214123803
13.888579591321
13.0266081117102
12.8012564044671
12.8942145834078
12.6688628761646
12.4435111689215
11.8998495754945
11.6744978682514
11.4491461610083
10.9054845675813
11.3167526327058
11.0914009254626
10.8660492182195
10.3223876247926
10.4153458037332
10.1899940964901
10.2829522754307
10.0576005681876
9.83224886094446
9.92520703988511
10.3364751050096
10.4294332839502
9.88577169052327
9.97872986946392
9.75337816222078
9.20971656879385
9.3026747477345
9.39563292667516
9.17028121943201
9.58154928455646
9.35619757731332
9.44915575625397
9.22380404901083
8.99845234176768
9.40972040689213
9.50267858583278
9.27732687858964
9.37028505753029
9.46324323647094
9.2378915292278
9.64915959435225
9.10549800092532
9.19845617986597
9.60972424499041
9.38437253774727
9.47733071668792
9.57028889562857
9.66324707456922
9.43789536732608
9.84916343245052
9.62381172520738
10.0350797903318
9.80972808308869
9.58437637584555
9.6773345547862
10.0886026199106
10.1815607988513
10.2745189777919
11.0040969291002
11.0970551080408
11.5083231731653
11.2829714659221
10.7393098724952
10.8322680514358
10.9252262303765
10.6998745231334
11.1111425882578
10.8857908810147
10.9787490599553
10.7533973527122
10.8463555316528
11.2576235967773
11.6688916619017
11.1252300684748
10.8998783612316
10.3562167678047
11.0857947191129
11.1787528980536
11.2717110769942
11.3646692559349
11.7759373210593
11.5505856138162
11.9618536789406
12.0548118578813
12.4660799230057
12.5590381019464
11.6970666223357
12.1083346874601
12.8379126387683
12.2942510453414
12.7055191104659
12.7984772894065
12.5731255821634
12.666083761104
12.7590419400447
12.8520001189853
12.6266484117422
12.7196065906828
12.4942548834397
12.9055229485641
12.680171241321
12.1365096478941
11.9111579406509
12.3224260057754
12.7336940708998
12.5083423636567
11.9646807702297
11.7393290629866
11.5139773557435
11.2886256485003
11.6998937136248
11.4745420063816
11.5675001853223
11.9787682504467
12.0717264293874
11.8463747221442
11.6210230149011
11.7139811938417
11.8069393727824
11.5815876655393
11.6745458444799
12.7224336819719
12.178772088545
12.2717302674857
12.6829983326101
12.457646625367
12.8689146904914
13.2801827556158
13.3731409345565
13.1477892273134
13.240747406254
13.3337055851947
13.4266637641353
13.519621943076
14.2491998943842
14.0238481871411
13.7984964798979
14.2097645450224
14.302722723963
14.0773710167199
14.1703291956605
14.581597260785
14.037935667358
14.4492037324825
14.2238520252393
14.31681020418
14.4097683831206
14.1844166758775
14.2773748548181
14.3703330337588
14.4632912126994
14.2379395054563
14.330897684397
14.4238558633376
14.835123928462
14.2914623350351
13.7478007416082
13.8407589205488
13.6154072133057
13.7083653922463
14.7562532297384
14.5309015224952
14.6238597014359
14.3985079941927
14.1731562869496
14.2661144658902
14.0407627586471
13.815411051404
13.5900593441608
13.6830175231015
13.7759757020421
13.8689338809828
13.9618920599234
14.6914700112317
14.1478084178047
14.2407665967454
13.6971050033185
13.4717532960753
13.2464015888322
13.021049881589
13.4323179467135
12.252036580919
11.0717552151245
11.4830232802489
11.2576715730058
11.6689396381302
11.4435879308871
11.2182362236439
10.674574630217
10.4492229229739
10.2238712157307
10.3168293946714
10.0914776874282
10.1844358663689
10.2773940453095
10.3703522242502
10.145000517007
10.2379586959477
10.3309168748883
9.78725528146142
9.88021346040206
9.97317163934271
10.0661298182834
9.84077811104022
9.93373628998087
10.0266944689215
10.1196526478622
9.89430094061904
9.98725911955969
10.0802172985003
10.173175477441
9.94782377019785
10.0407819491385
10.1337401280792
9.90838842083602
10.3196564859605
10.4126146649011
10.5055728438418
10.5985310227824
11.0097990879069
9.82951772211234
11.1957154457882
11.2886736247288
11.0633219174857
10.8379702102425
11.249238275367
11.6605063404914
11.4351546332483
11.5281128121889
11.6210709911296
11.3957192838864
11.4886774628271
11.2633257555839
11.6745938207084
11.767551999649
11.8605101785897
12.2717782437141
12.046426536471
12.1393847154116
11.9140330081685
12.325301073293
11.781639479866
11.8745976588067
11.6492459515635
12.060514016688
11.8351623094448
11.6098106022017
12.3393885535099
12.4323467324506
12.843614797575
13.2548828626995
12.7112212692725
12.8041794482132
13.5337573995214
12.9900958060945
12.7647440988514
13.4943220501596
13.5872802291002
13.6802384080409
13.7731965869815
13.8661547659222
13.6408030586791
13.4154513514359
13.8267194165604
13.6013677093172
13.3760160020741
14.1055939533823
13.5619323599554
13.3365806527122
13.4295388316529
13.5224970105935
13.6154551895342
13.3901034822911
12.5281320026803
12.3027802954372
12.3957384743778
12.1703867671347
12.2633449460754
12.6746130111998
12.4492613039567
12.5422194828973
12.635177661838
12.091516068411
12.1844742473517
12.2774324262923
12.370390605233
12.1450388979899
12.5563069631143
12.9675750282387
13.0703920445198
13.173209060801
13.2760260770821
13.3788430933632
14.1084210446714
14.1316605894066
14.1549001341417
14.1781396788769
14.2013792236121
13.9760275163689
14.0689856953096
14.480253760434
14.5732119393747
14.3478602321315
14.4408184110722
14.5337765900128
14.6267347689535
14.4013830617103
14.1760313544672
14.5872994195916
14.6802575985323
14.7732157774729
14.5478640702298
14.3225123629867
14.7337804281111
14.8267386070518
14.2830770136248
14.6943450787493
14.4689933715061
14.5619515504468
14.6549097293874
14.4295580221443
14.5225162010849
14.2971644938418
13.7535029004149
13.8464610793555
14.25772914448
14.0323774372368
14.4436455023613
14.2182937951181
14.3112519740588
13.7675903806319
14.1788584457563
13.9535067385132
13.72815503127
14.1394230963945
14.5506911615189
14.007029568092
14.0999877470326
14.5112558121571
14.2859041049139
14.6971721700384
13.5168908042439
13.6098489831845
14.021117048309
13.7957653410658
13.2521037476389
13.0267520403957
12.4830904469688
11.3028090811743
11.7140771462987
12.1253452114232
11.89999350418
11.6746417969369
10.8126703173262
10.5873186100831
10.3619669028399
10.4549250817806
10.2295733745374
10.3225315534781
10.4154897324187
11.145067683727
10.9197159764838
10.3760543830569
10.1507026758137
9.92535096857061
10.0183091475113
10.1112673264519
10.2042255053926
9.97887379814942
10.3901418632739
10.1647901560307
10.5760582211552
10.350706513912
10.4436646928527
10.5366228717933
10.3112711645502
10.7225392296746
10.8154974086153
10.5901457013721
11.0014137664966
9.82113240070208
11.5056400105617
11.5985981895023
11.691556368443
11.4662046611998
11.5591628401405
11.9704309052649
11.7450791980218
12.1563472631462
11.9309955559031
12.0239537348438
11.7986020276006
12.2098700927251
11.9845183854819
12.7140963367902
12.1704347433632
12.5817028084877
12.6746609874283
12.4493092801852
12.5422674591258
13.2718454104341
13.0464937031909
12.502832109764
12.5957902887046
13.0070583538291
12.1450868742184
12.8746648255266
12.3310032320997
12.4239614110403
13.1535393623485
13.2464975412892
13.3394557202299
13.7507237853543
13.5253720781112
13.6183302570518
13.3929785498087
13.4859367287493
13.57889490769
13.9901629728144
14.4014310379388
14.4943892168795
14.2690375096364
14.0436858023932
14.4549538675177
14.2296021602745
13.6859405668476
14.097208631972
14.5084766970965
13.9648151036695
13.7394633964264
13.8324215753671
13.9253797543077
13.7000280470646
13.1563664536376
12.9310147463945
13.0239729253351
12.798621218092
12.5732695108489
12.9845375759733
12.7591858687302
13.4887638200384
13.2634121127953
12.4014406331845
12.812708698309
12.5873569910658
12.9986250561903
13.0915832351309
13.1845414140716
13.595809479196
13.6887676581367
13.7817258370773
14.1929939022018
13.9676421949586
14.3789102600831
14.1535585528399
14.2465167317806
14.3394749107212
14.4324330896619
14.5253912686025
14.6183494475432
14.7113076264838
14.8042658054245
14.8972239843651
14.671872277122
14.7648304560627
14.8577886350033
14.6324369277602
14.7253951067008
15.1366631718253
14.9113114645821
14.685959757339
14.7789179362796
15.1901860014041
15.6014540665285
15.0577924731016
15.1507506520422
14.6070890586153
15.0183571237398
14.7930054164966
14.2493438230697
14.6606118881941
14.7535700671348
14.2099084737079
14.3028666526485
14.7141347177729
14.4887830105298
14.9000510756543
14.3563894822273
14.449347661168
14.5423058401086
14.3169541328655
14.0916024256223
14.184560604563
14.5958286696874
14.3704769624443
14.463435141385
14.8747032065094
14.96766138545
14.7423096782069
14.5169579709638
15.5648458084558
13.1113248979261
13.5225929630506
13.2972412558074
13.3901994347481
12.5282279551374
11.9845663617104
12.7141443130187
13.1254123781431
12.5817507847162
12.356399077473
11.1761177116785
10.9507660044354
10.7254142971922
10.8183724761329
10.9113306550735
10.6859789478304
11.0972470129548
11.5085150780793
11.2831633708361
11.057811663593
10.5141500701661
10.2887983629229
10.7000664280474
10.4747147208042
10.8859827859287
10.9789409648693
11.07189914381
11.1648573227506
11.2578155016913
11.6690835668157
11.4437318595726
11.5366900385132
11.3113383312701
11.4042965102108
12.133874461519
11.9085227542758
12.3197908194003
12.7310588845247
12.1873972910978
12.5986653562222
12.3733136489791
12.4662718279198
12.2409201206766
12.9704980719849
12.4268364785579
12.5197946574986
12.931062722623
13.3423307877475
13.1169790805043
12.5733174870774
13.3028954383856
13.3958536173263
13.8071216824507
13.9000798613914
13.6747281541482
13.4493764469051
13.5423346258457
13.3169829186026
13.4099410975432
13.5028992764839
13.2775475692408
13.3705057481814
13.7817738133059
14.1930418784303
14.2860000573709
13.742338463944
13.8352966428847
14.2465647080091
14.3395228869498
14.7507909520742
14.5254392448311
14.9367073099555
15.0296654888962
14.804313781653
14.8972719605937
14.6719202533505
14.7648784322912
14.539526725048
14.9507947901725
14.7254430829293
13.5451617171348
13.9564297822593
14.3676978473837
14.4606560263244
14.2353043190812
13.6916427256543
13.4662910184112
13.240939311168
13.0155876039249
13.1085457828655
13.51981384799
13.6127720269306
13.3874203196875
13.1620686124443
13.255026791385
13.0296750841419
13.4409431492663
13.5339013282069
13.9451693933314
14.3564374584558
14.7677055235803
14.2240439301533
14.317002109094
14.7282701742184
14.5029184669753
14.2775667597322
15.0071447110404
14.7817930037972
14.8747511827379
15.2860192478623
15.0606675406192
15.1536257195598
15.2465838985005
15.0212321912574
15.4325002563818
15.2071485491387
15.3001067280793
15.7113747932038
14.849403313593
15.8972911510851
15.9902493300257
15.4465877365988
16.176165687907
15.3141942082963
16.0437721596045
15.8184204523614
15.2747588589345
15.6860269240589
14.8240554444482
14.9170136233888
14.6916619161457
15.1029299812701
15.1958881602108
15.2888463391514
15.3818045180921
15.7930725832165
15.5677208759734
15.3423691687303
15.1170174614871
15.5282855266116
14.9846239331846
15.0775821121253
15.4888501772497
15.2634984700066
16.3113863074986
15.7677247140717
15.8606828930123
15.3170212995854
15.7282893647098
15.1846277712829
15.2775859502236
14.7339243567966
13.8719528771859
13.9649110561266
14.376179121251
14.1508274140079
13.6071658205809
13.3818141133378
12.2015327475433
12.9311106988515
12.0691392192408
12.1620973981814
12.2550555771221
12.6663236422465
12.7592818211872
12.2156202277603
11.6719586343333
11.1282970409064
11.8578749922146
11.6325232849715
12.0437913500959
12.1367495290366
12.2297077079772
12.3226658869179
12.4156240658585
9.96210315532886
12.6015404237398
12.3761887164967
12.7874567816211
13.5170347329294
13.2916830256862
13.3846412046269
13.4775993835675
13.5705575625082
13.6635157414488
13.4381640342057
13.8494320993301
13.9423902782708
13.7170385710277
13.4916868637845
13.2663351565414
13.9959131078496
14.407181172974
13.8635195795471
13.9564777584878
14.686055709796
14.4607040025529
14.2353522953097
14.6466203604342
14.421268653191
13.8776070597641
13.652255352521
13.7452135314616
13.8381717104023
14.2494397755267
14.3423979544673
14.7536660195918
15.1649340847162
14.9395823774731
14.71423067023
14.8071888491706
15.218456914295
15.6297249794195
15.4043732721763
15.8156413373008
15.5902896300576
15.3649379228145
15.4578961017552
15.232544394512
15.3255025734527
14.7818409800257
14.8747991589664
14.6494474517233
14.4240957444801
15.1536736957884
14.9283219885452
14.3846603951183
14.1593086878751
13.933956980632
13.7086052733889
13.8015634523295
13.8945216312702
13.9874798102108
13.7621281029677
13.5367763957245
13.948044460849
14.0410026397896
14.1339608187303
14.2269189976709
14.3198771766116
15.3677650141036
15.1424133068605
14.9170615996173
15.3283296647418
15.1029779574986
14.8776262502555
15.2888943153799
15.3818524943206
15.4748106732612
15.5677688522019
15.9790369173263
15.7536852100832
16.1649532752076
15.9396015679645
16.0325597469051
16.1255179258458
16.2184761047864
16.6297441699109
16.0860825764839
16.8156605277922
16.9086187067328
16.3649571133059
17.0945350646141
17.0680563589536
17.0415776532931
17.0150989476326
16.9886202419721
16.9621415363117
16.1001700567009
16.5114381218254
15.9677765283984
16.3790445935229
16.7903126586473
17.2015807237718
16.9762290165286
16.4325674231017
16.8438354882261
16.618483780983
16.6417233257182
16.6649628704533
16.6882024151885
16.7114419599237
17.1227100250481
17.2156682039887
16.9903164967456
16.4466549033187
16.8579229684431
16.6325712612
16.088909667773
15.5452480743461
14.6832765947354
15.0945446598598
15.1875028388005
14.9621511315573
14.1001796519466
13.5565180585197
13.3311663512766
13.4241245302172
13.5170827091579
14.2466606604661
13.7029990670392
13.7959572459798
12.6156758801853
12.3903241729422
12.164972465699
12.5762405308235
12.9875085959479
13.0804667748886
13.1734249538292
13.2663831327699
13.6776511978943
13.4522994906512
13.5452576695918
13.6382158485325
13.7311740274731
13.8241322064138
14.553710157722
14.3283584504789
14.4213166294195
14.1959649221764
14.288923101117
14.3818812800577
14.4748394589983
14.567797637939
14.6607558168796
14.4354041096365
14.5283622885771
14.6213204675178
15.0325885326422
14.8072368253991
14.9001950043397
14.6748432970966
14.7678014760373
14.8607596549779
14.9537178339186
14.7283661266754
14.5030144194323
14.9142824845567
15.0072406634974
15.100198842438
15.1931570213787
15.2861152003193
15.6973832654438
15.4720315582006
15.2466798509575
15.6579479160819
16.0692159812064
15.5255543877794
15.6185125667201
16.0297806318445
15.8044289246014
15.5790772173583
15.6720353962989
16.0833034614234
16.176261640364
15.3142901607533
15.7255582258777
15.5002065186346
14.9565449252077
14.4128833317807
14.5058415107214
13.9621799172944
14.0551380962351
14.7847160475433
14.5593643403002
14.6523225192408
14.1086609258139
14.5199289909384
14.612887169879
14.3875354626359
14.7988035277603
15.2100715928848
15.6213396580092
16.0326077231336
15.4889461297067
15.5819043086474
15.674862487588
15.7678206665287
16.1790887316531
16.5903567967775
16.3650050895344
16.4579632684751
16.5509214474157
16.9621895125401
17.0551476914808
16.8297959842377
17.2410640493621
17.015712342119
17.4269804072434
17.2016287000003
17.2945868789409
17.3875450578816
17.4805032368222
18.2100811881305
17.9847294808873
18.077687659828
17.8523359525848
17.9452941315255
16.765012765731
17.812900603223
17.2692390097961
17.3621971887367
17.7734652538612
17.8664234328018
17.9593816117425
17.7340299044993
17.5086781972562
17.6016363761968
17.3762846689537
17.7875527340781
17.562201026835
17.9734690919594
17.4298074985325
17.5227656774732
16.9791040840462
17.0720622629869
17.1650204419275
16.9396687346844
16.0776972550737
16.8072752063819
14.9903740682198
15.4016421333442
15.8129101984687
14.6326288326742
14.0889672392472
14.1819254181879
13.9565737109448
14.3678417760692
14.4607999550099
14.2354482477667
13.6917866543398
12.8298151747291
13.2410832398535
13.0157315326104
13.4269995977348
13.8382676628592
13.9312258417999
13.7058741345568
13.7988323134974
13.8917904924381
13.9847486713787
14.0777068503194
14.4889749154438
14.5819330943845
14.9932011595089
14.7678494522658
14.8608076312064
14.9537658101471
15.0467239890877
15.1396821680284
14.9143304607852
14.6889787535421
14.7819369324827
14.5565852252396
15.2861631765478
15.0608114693047
14.8354597620616
15.246727827186
15.0213761199429
15.7509540712511
14.5706727054566
14.981940770581
15.0748989495217
14.8495472422785
15.260815307403
15.6720833725274
15.7650415514681
15.5396898442249
15.3143381369818
15.7256062021062
15.8185643810469
15.5932126738037
16.0044807389282
16.0974389178688
15.8720872106257
15.9650453895664
15.7396936823232
15.8326518612639
15.9256100402045
16.336878105329
15.4749066257182
15.5678648046589
15.6608229835995
15.7537811625402
15.8467393414808
15.3030777480539
15.0777260408108
14.2157545612001
14.9453325125083
15.3566005776327
14.8129389842058
14.9058971631464
15.3171652282709
14.773503634844
15.5030815861522
14.9594199927253
15.0523781716659
15.7819561229741
15.8749143019148
16.2861823670392
17.0157603183475
16.4720987249205
16.5650569038612
16.339705196618
16.7509732617425
17.1622413268669
17.2551995058076
17.3481576847482
17.1228059775051
17.5340740426295
17.6270322215702
17.7199904005108
17.8129485794515
18.2242166445759
18.3171748235166
17.4552033439059
18.1847812952141
18.5960493603385
18.6890075392792
19.1002756044036
19.1932337833443
18.3312623037336
18.4242204826742
17.5622490030635
17.9735170681879
18.0664752471286
18.1594334260692
18.2523916050099
18.3453497839505
18.1199980767074
17.8946463694643
17.9876045484049
17.1256330687942
17.8552110201024
17.6298593128593
18.3594372641675
18.7707053292919
18.227043735865
17.6833821424381
18.7312699799301
16.5960589555842
17.3256369068925
16.7819753134655
16.5566236062224
16.3312718989792
16.4242300779199
16.1988783706768
15.336906891066
14.7932452976391
14.567893590396
14.024231996969
14.4355000620935
14.5284582410341
14.6214164199748
13.7594449403641
13.5340932331209
13.6270514120616
13.7200095910022
13.8129677699429
14.5425457212511
14.317194014008
13.773532420581
14.1848004857055
14.2777586646461
14.3707168435868
14.4636750225274
14.5566332014681
14.9679012665925
15.0608594455332
14.83550773829
14.9284659172307
15.0214240961713
15.4326921612958
15.2073404540526
15.3002986329933
15.0749469257502
14.849595218507
14.9425533974477
15.0355115763883
15.4467796415128
15.8580477066372
15.6326959993941
15.7256541783347
15.5003024710916
14.9566408776647
14.7312891704215
14.8242473493622
14.9172055283028
15.646783479611
15.4214317723679
15.5143899513086
15.6073481302492
15.7003063091899
15.4749546019467
15.5679127808874
15.9791808460118
16.3904489111363
16.1650972038931
15.93974549665
16.0327036755906
15.8073519683475
16.2186200334719
16.3115782124126
16.4045363913532
16.8158044564777
16.2721428630507
16.0467911558076
16.1397493347482
15.9143976275051
15.689045920262
15.145384326835
14.9200326195919
15.3313006847163
15.424258863657
15.1989071564139
15.2918653353545
15.3848235142952
15.4777816932358
15.2524299859927
15.9820079373009
16.7115858886091
16.8045440675498
16.5791923603067
16.6721505392473
17.0834186043717
16.8580668971286
17.269334962253
17.3622931411937
17.1369414339506
17.548209499075
17.9594775641994
18.0524357431401
17.8270840358969
18.2383521010214
18.0130003937783
18.4242684589027
19.1538464102109
17.9735650444164
18.7031429957246
19.1144110608491
19.8439890121573
18.9820175325466
19.7115954838548
19.1679338904279
18.9425821831848
18.080610703574
18.1735688825147
17.9482171752716
18.359485240396
18.4524434193366
19.1820213706449
18.3200498910342
18.4130080699748
18.5059662489155
17.9623046554885
18.6918826067967
18.4665308995536
18.5594890784943
18.6524472574349
18.4270955501918
17.565124070581
17.6580822495217
17.7510404284624
17.5256887212192
16.6637172416085
16.4383655343654
16.531323713306
15.9876621198791
15.4440005264521
14.9003389330252
14.6749872257821
14.4496355185389
14.5425936974796
14.6355518764202
14.7285100553609
14.184848461934
13.3228769823232
13.7341450474477
13.8271032263883
14.5566811776966
14.3313294704534
13.7876678770265
14.1989359421509
14.2918941210916
14.0665424138485
14.4778104789729
14.5707686579136
14.982036723038
15.0749949019786
15.4862629671031
14.9426013736762
15.0355595526168
15.1285177315575
15.2214759104981
14.996124203255
15.0890823821956
15.1820405611363
14.9566888538931
15.6862668052014
15.4609150979582
15.2355633907151
15.6468314558395
15.1031698624126
15.8327478137208
15.2890862202939
15.0637345130508
15.1566926919914
14.9313409847483
15.0242991636889
15.7538771149972
16.1651451801216
15.6214835866947
15.3961318794515
16.1257098307598
15.5820482373328
15.3566965300897
16.0862744813979
16.4975425465224
16.2721908392792
16.3651490182199
16.4581071971605
16.2327554899174
16.325713668858
16.1003619616149
16.5116300267393
16.60458820568
16.3792364984369
16.4721946773775
16.2468429701344
15.7031813767074
15.7961395556481
15.5707878484049
15.027126254978
15.7567042062862
15.5313524990431
15.9426205641675
15.7172688569244
15.4919171496813
15.2665654424381
15.9961433937464
16.4074114588708
16.8186795239952
16.9116377029359
17.0045958818765
17.0975540608172
17.5088221259416
17.2834704186985
17.3764285976391
17.7876966627636
17.8806548417042
18.2919229068287
18.0665711995855
18.47783926471
18.2524875574668
18.6637556225913
18.4384039153481
18.5313620942888
18.6243202732294
18.3989685659863
19.4468564034783
19.8581244686027
18.996152988992
20.0440408264841
19.1820693468733
19.5933374119978
18.4130560462033
18.5060142251439
18.5989724040846
18.6919305830252
18.7848887619659
18.8778469409065
18.6524952336634
18.745453412604
19.1567214777285
18.2947499981177
18.7060180632422
18.7989762421828
18.5736245349397
18.3482728276966
19.0778507790048
17.5792595270265
17.6722177059671
18.4017956572754
17.5398241776647
16.9961625842377
16.7708108769946
16.5454591697514
16.3201074625083
15.4581359828976
14.9144743894707
15.0074325684113
14.4637709749844
14.556729153925
14.6496873328657
14.7426455118063
14.5172938045632
13.9736322111363
13.7482805038931
13.8412386828338
14.2525067479582
14.3454649268989
14.1201132196557
13.8947615124126
13.9877196913532
14.3989877564777
14.4919459354183
14.2665942281752
14.3595524071158
14.7708204722403
14.8637786511809
14.9567368301216
15.0496950090622
15.1426531880029
15.2356113669435
15.3285695458842
15.103217838641
15.1961760175817
14.6525144241548
15.0637824892792
15.4750505544036
15.5680087333443
15.6609669122849
16.0722349774094
15.5285733839825
15.6215315629231
15.5950528572626
15.5685741516021
15.5420954459416
15.5156167402811
15.4891380346206
15.9004060997451
15.8739273940846
15.8474486884241
15.8209699827636
15.7944912771031
15.7680125714426
16.8159004089346
16.5905487016915
16.6835068806321
16.458155173389
16.2328034661458
16.9623814174541
16.4187198240271
16.3285791411299
16.2384384582326
16.1482977753354
16.0581570924381
15.9680164095408
16.3792844746653
15.5173129950546
15.928581060179
15.3849194667521
15.4778776456927
15.8891457108172
15.9821038897578
16.0750620686985
16.048583363038
16.0221046573775
15.995625951717
15.9691472460565
15.942668540396
15.9161898347355
15.889711129075
15.8632324234145
15.836753717754
15.8102750120935
17.8130925081369
17.9060506870775
18.317318752202
18.7285868173264
18.5032351100833
18.9145031752077
19.0074613541484
19.100419533089
18.8750678258459
19.2863358909703
19.0609841837272
19.1539423626678
18.6102807692409
21.2497180376519
19.7511267856736
20.7990146231656
18.9821134850035
19.3933815501279
18.849719956701
19.2609880218254
18.7173264283985
19.128594493523
19.2215526724636
19.632820737588
18.4525393717935
18.863807436918
18.6384557296748
18.4131040224317
19.1426819737399
19.2356401526806
18.6919785592536
18.4666268520105
18.2412751447674
18.9708530960756
17.1539519579135
18.2018397954055
17.3398683157948
16.7962067223679
16.8891649013085
16.3455033078816
16.4384614868222
15.2581801210277
15.3511382999684
14.4891668203577
14.9004348854821
14.675083178239
15.0863512433634
14.8609995361203
13.6807181703258
13.7736763492664
13.8666345282071
13.9595927071477
14.6891706584559
14.7821288373966
14.2384672439697
14.3314254229103
14.1060737156672
14.1990318946078
14.6102999597323
14.7032581386729
15.1145262037974
14.8891744965542
14.6638227893111
15.0750908544355
15.48635891956
15.2610072123168
15.3539653912575
15.4469235701981
15.221571862955
15.3145300418957
15.4074882208363
15.1821365135932
15.5934045787176
16.6412924162096
15.7793209365989
15.8722791155396
15.3286175221126
15.7398855872371
15.5145338799939
16.2441118313022
15.7004502378752
15.7934084168159
16.2046764819403
15.6610148885134
15.753973067454
15.5286213602109
16.2581993115191
16.3511574904598
17.080735441768
16.5370738483411
16.9483419134655
16.7229902062224
16.8159483851631
16.9089065641037
16.046935084493
17.094822921985
17.1877811009257
16.9624293936825
16.7370776864394
16.83003586538
16.2863742719531
16.06102256471
16.1539807436506
15.6103191502237
16.3398971015319
16.1145453942888
16.5258134594132
15.9821518659863
16.0751100449269
16.1680682238676
16.579336288992
17.3089142403003
17.4018724192409
17.8131404843654
17.906098663306
18.3173667284305
17.7737051350035
18.184973200128
18.5962412652524
18.3708895580093
18.7821576231337
18.8751158020744
19.2863838671988
19.0610321599557
19.4723002250801
19.246948517837
19.6582165829614
19.1145549895345
19.5258230546589
19.3004713474158
20.6666690710916
20.4413173638485
20.8525854289729
20.6272337217298
19.7652622421191
19.5399105348759
19.6328687138166
19.0892071203896
19.1821652993303
19.5934333644547
19.6863915433954
18.5061101776009
19.2356881289091
19.010336421666
19.1032946006066
19.1962527795473
19.2892109584879
18.745549365061
18.5201976578178
17.9765360643909
18.3878041295154
18.1624524222722
18.5737204873967
18.0300588939697
15.8948478696238
16.6244258209321
16.7173839998727
15.855412520262
15.3117509268351
14.7680893334081
14.542737626165
14.9540056912894
14.7286539840463
15.1399220491708
13.9596406833762
13.7342889761331
14.1455570412575
13.9202053340144
14.6497832853226
14.4244315780795
14.1990798708364
14.6103479359608
14.7033061149014
14.7962642938421
14.8892224727828
14.9821806517234
15.0751388306641
15.4864068957885
14.6244354161778
14.7173935951184
15.4469715464267
15.5399297253673
15.632887904308
15.7258460832486
15.5004943760055
14.9568327825785
15.0497909615192
15.1427491404598
15.5540172055843
15.6469753845249
16.0582434496494
15.5145818562225
15.6075400351631
15.38218832792
15.1568366206768
15.8864145719851
15.6610628647419
16.3906408160501
16.165289108807
15.6216275153801
16.3512054666883
16.1258537594452
16.5371218245696
16.6300800035103
17.0413480686347
17.1343062475754
17.227264426516
17.0019127192729
17.4131807843973
16.8695191909704
16.962477369911
17.6920553212193
17.4667036139761
16.9230420205492
17.0160001994898
17.1089583784305
16.2469868988198
16.6582549639442
16.1145933705173
15.8892416632741
16.6188196145824
16.711777793523
16.8047359724637
16.5793842652205
16.6723424441612
17.0836105092856
17.4948785744101
17.9061466395345
17.9991048184752
18.0920629974158
18.5033310625403
18.2779793552971
18.3709375342378
19.100515485546
18.8751637783029
19.2864318434273
19.0610801361842
19.4723482013086
19.2469964940655
19.6582645591899
19.4329128519468
19.8441809170712
19.3005193236443
20.0300972749525
19.4864356815256
20.8526334052014
20.6272816979583
21.0385497630827
19.8582683972882
19.6329166900451
19.4075649828019
19.8188330479264
19.911791226867
20.3230592919915
19.7793976985645
19.5540459913214
18.6920745117107
19.1033425768351
18.5596809834082
18.9709490485326
19.0639072274733
19.4751752925977
19.2498235853546
18.7061619919276
18.1625003985007
18.5737684636252
18.6667266425658
18.4413749353227
16.9427836833444
17.035741862285
16.8103901550419
16.5850384477987
16.3596867405556
16.1343350333125
14.6357437813342
14.7287019602748
14.8216601392155
14.9146183181561
15.0075764970968
13.8272951313022
13.9202533102429
14.0132114891836
14.424479554308
14.5174377332486
14.2920860260055
14.0667343187624
14.159692497703
14.2526506766437
14.3456088555843
14.1202571483412
14.8498350996494
15.2611031647738
15.0357514575307
15.1287096364714
14.5850480430444
14.9963161081689
15.0892742871095
15.500542352234
15.2751906449908
15.0498389377477
15.1427971166883
15.235755295629
15.3287134745697
15.7399815396941
15.8329397186347
15.9258978975754
15.7005461903323
15.1568845969053
15.5681526620298
15.6611108409704
16.0723789060949
15.8470271988517
16.5766051501599
15.7146336705492
15.8075918494899
15.9005500284305
16.6301279797388
16.7230861586794
16.8160443376201
17.2273124027445
17.3202705816851
16.7766089882582
17.1878770533827
17.2808352323233
17.0554835250802
17.4667515902046
17.2413998829615
17.0160481757183
17.109006354659
17.2019645335996
16.9766128263565
16.4329512329296
16.2075995256864
16.6188675908109
16.7118257697515
16.4864740625084
16.579432241449
16.6723904203897
16.4470387131465
16.858306778271
17.5878847295792
17.6808429085199
18.0921109736443
17.8667592664012
17.9597174453418
18.3709855104663
18.4639436894069
18.5569018683476
18.968169933472
19.0611281124127
19.4723961775371
18.9287345841102
19.3400026492346
19.751270714359
20.4808486656673
19.3005672998728
20.3484551373648
19.4864836577541
19.8977517228785
19.9907099018192
20.7202878531274
20.813246032068
20.2695844386411
20.044232731398
19.500571137971
19.5935293169117
19.6864874958523
19.779445674793
19.5540939675498
19.9653620326743
19.1033905530636
18.8780388458204
18.9709970247611
19.3822650898855
18.8386034964586
19.249871561583
19.0245198543399
18.7991681470967
18.5738164398536
18.3484647326105
18.7597327977349
18.5343810904918
17.3540997246973
16.8104381312703
17.2217061963948
16.6780446029678
16.7710027819085
15.590721416114
15.3653697088708
14.8217081154439
14.5963564082008
14.6893145871414
15.1005826522659
15.5118507173903
13.6949495792282
13.7879077581689
13.8808659371095
14.292134002234
14.7034020673584
14.4780503601153
14.2526986528721
14.3456568318128
14.4386150107534
14.5315731896941
14.9428412548185
15.0357994337592
14.810447726516
14.9034059054567
14.9963640843973
15.089322263338
15.5005903284624
15.5935485074031
16.0048165725275
15.4611549791006
15.2358032718574
15.3287614507981
15.4217196297387
15.5146778086794
16.2442557599876
16.0189040527445
16.1118622316851
15.5682006382582
15.9794687033827
16.0724268823233
16.4836949474477
16.2583432402046
16.3513014191453
16.4442595980859
16.2189078908428
16.3118660697834
16.4048242487241
16.8160923138485
17.2273603789729
17.0020086717298
17.0949668506705
17.1879250296111
17.2808832085518
17.3738413874924
17.4667995664331
16.9231379730061
17.9710258104981
17.4273642170712
17.2020125098281
17.2949706887687
17.3879288677094
16.8442672742824
16.6189155670393
16.0752539736124
16.168212152553
16.8977901038613
16.6724383966181
16.7653965755588
17.1766646406832
17.2696228196239
17.3625809985645
17.7738490636889
17.8668072426296
18.278075307754
18.0527236005109
18.4639916656353
18.556949844576
18.9682179097004
18.7428662024573
18.8358243813979
19.5654023327062
19.0217407392792
19.4330088044037
19.5259669833444
19.9372350484688
19.3935734550419
20.1231514063501
19.2611799267394
19.9907578780476
21.0386457155396
20.8132940082965
20.9062521872371
20.680900479994
20.1372388865671
19.5935772931401
19.6865354720808
20.0978035372052
20.1907617161459
19.9654100089028
19.7400583016596
18.8780868220489
18.9710450009895
19.382313066114
19.1569613588708
19.2499195378115
19.0245678305684
19.117526009509
18.8921743022659
18.3485127088389
19.0780906601472
17.2611895219851
18.3090773594771
17.7654157660502
16.9034442864395
16.6780925791963
16.4527408719532
16.22738916471
15.3654176850993
15.1400659778562
14.914714270613
14.6893625633699
14.7823207423106
14.8752789212512
14.9682371001919
13.7879557343974
14.1992237995218
14.2921819784625
15.0217599297707
14.4780983363438
14.5710565152844
14.0273949218575
14.7569728731657
14.8499310521064
14.942889231047
14.7175375238039
15.4471154751121
15.221763767869
15.3147219468096
15.4076801257503
15.5006383046909
15.9119063698154
16.004864548756
15.7795128415129
15.5541611342697
15.3288094270266
15.1034577197834
16.1513455572755
15.9259938500323
16.3372619151568
16.7485299802812
16.2048683868543
16.2978265657949
16.0724748585518
16.1654330374925
16.8950109888007
16.6696592815575
16.4443075743144
16.5372657532551
16.3119140460119
16.4048722249526
17.1344501762608
16.9090984690177
17.3203665341421
17.095014826899
17.8245927782072
17.9175509571478
17.6921992499047
17.7851574288454
17.2414958354184
17.3344540143591
17.4274121932997
17.8386802584242
17.613328551181
18.0245966163055
17.1626251366947
16.6189635432678
16.7119217222085
16.8048799011491
16.8978380800898
17.3091061452142
17.4020643241549
17.1767126169117
17.2696707958524
17.6809388609768
18.0922069261013
18.5034749912257
18.2781232839826
18.3710814629232
18.7823495280477
19.1936175931721
18.968265885929
19.3795339510534
19.4724921299941
19.8837601951185
19.6584084878754
19.751366666816
19.8443248457567
19.9372830246973
20.030241203638
20.1231993825786
19.8978476753355
19.6724959680923
21.0386936917681
20.4950320983412
21.2246100496494
19.4077089114874
20.4555967489794
19.5936252693687
20.0048933344931
20.7344712858013
19.8724998061906
19.6471480989475
19.7401062778881
18.8781347982774
19.2894028634019
19.3823610423425
19.1570093350994
19.24996751404
19.0246158067969
18.7992640995537
18.8922222784944
18.3485606850675
18.7598287501919
18.5344770429488
18.6274352218894
17.1288439699111
16.5851823764842
16.6781405554248
16.7710987343655
16.5457470271223
15.047155775144
15.1401139540847
14.5964523606577
15.0077204257822
14.782368718539
14.8753268974797
14.6499751902366
13.7880037106258
14.1992717757503
14.2922299546909
15.0218079059992
15.1147660849398
14.8894143776967
14.3457527842697
14.7570208493942
15.1682889145186
15.2612470934593
15.0358953862161
15.7654733375244
15.5401216302812
14.9964600368543
15.7260379881625
16.137306053287
15.9119543460438
16.0049125249845
15.4612509315576
15.2358992243144
15.6471672894389
16.0584353545633
16.151393533504
16.5626615986284
16.9739296637528
16.1119581841421
16.2049163630828
16.2978745420234
16.0725228347803
16.4837908999047
16.8950589650292
17.3063270301536
16.1260456643591
16.5373137294835
17.2668916807918
17.6781597459162
17.4528080386731
17.2274563314299
17.6387243965544
17.4133726893112
17.8246407544357
17.9175989333763
17.3739373399494
17.7852054050738
18.1964734701983
18.2894316491389
17.745770055712
17.8387282346527
17.9316864135933
17.0697149339826
17.1626731129232
16.9373214056801
17.3485894708045
17.1232377635614
17.2161959425021
17.3091541214427
17.7204221865671
17.495070479324
18.2246484306322
18.3176066095729
18.7288746746973
18.5035229674542
18.5964811463949
18.6894393253355
18.7823975042762
19.1936655694006
19.2866237483412
19.6978918134657
19.4725401062225
19.883808171347
19.9767663502876
20.0697245292283
20.4809925943527
20.2556408871096
19.7119792936827
20.1232473588071
19.897895651564
21.2640933752398
20.7204317818128
20.4950800745697
20.2697283673266
20.0443766600834
19.8190249528403
19.9119831317809
20.0049413107216
20.0978994896622
19.8725477824191
19.9655059613597
19.103534481749
19.5148025468735
19.2894508396303
19.382409018571
19.1570573113278
19.2500154902685
18.7063538968416
18.4810021895984
18.5739603685391
18.9852284336635
18.7598767264204
18.5345250191772
17.0359337671989
17.1288919461396
17.2218501250802
16.9964984178371
15.8162170520426
15.9091752309832
15.0472037513725
15.1401619303132
15.2331201092538
15.3260782881945
15.1007265809513
14.8753748737082
14.650023166465
14.4246714592219
14.8359395243463
14.928897703287
14.7035459960439
14.7965041749845
15.207772240109
15.3007304190496
15.3936885979903
15.4866467769309
15.5796049558716
15.6725631348122
15.7655213137529
16.1767893788773
16.5880574440017
16.0443958505748
16.1373540295155
15.9120023222723
15.6866506150292
16.0979186801536
17.1458065176456
16.6021449242187
16.6951031031594
17.1063711682838
16.8810194610407
16.3373578676137
16.4303160465544
16.523274225495
16.9345422906195
17.0275004695601
17.1204586485008
17.2134168274414
17.3063750063821
17.3993331853227
17.4922913642634
17.585249543204
18.3148274945122
17.7711659010853
17.864124080026
18.2753921451504
18.0500404379073
17.5063788444803
18.2359567957886
18.3289149747292
17.7852533813023
18.1965214464267
17.9711697391836
17.4275081457567
17.2021564385135
16.3401849589028
16.7514530240273
17.1627210891517
17.5739891542761
17.348637447033
17.4415956259736
17.5345538049143
17.9458218700387
18.3570899351632
18.4500481141038
18.5430062930445
19.2725842443527
19.0472325371096
18.8218808298664
19.2331488949909
19.3261070739315
19.4190652528722
19.8303333179966
19.9232914969373
19.6979397896941
20.1092078548186
19.5655462613916
19.9768143265161
19.751462619273
19.8444207982136
19.9373789771543
21.3035767008301
20.4416052212193
21.1711831725276
20.3092116929169
20.0838599856737
20.4951280507982
19.6331565711874
20.0444246363119
20.4556927014363
19.5937212218256
19.6866794007663
19.4613276935231
19.5542858724638
19.3289341652206
19.1035824579775
19.1965406369181
18.971188929675
19.0641471086157
18.5204855151887
18.6134436941294
18.70640187307
18.7993600520107
18.2556984585838
17.0754170927892
17.8049950440975
17.2613334506705
16.3993619710598
16.1740102638167
15.9486585565735
15.0866870769628
15.1796452559035
15.2726034348441
15.3655616137848
15.1402099065416
14.5965483131147
14.6895064920554
14.782464670996
15.1937327361205
14.9683810288773
14.7430293216342
15.4726072729424
15.2472555656993
15.3402137446399
15.7514818097644
16.4810597610726
16.2557080538295
16.3486662327701
16.123314525527
16.5345825906514
16.9458506557758
16.7204989485327
16.4951472412896
15.9514856478626
16.0444438268033
16.7740217781115
16.8669799570522
16.641628249809
17.0528963149335
16.5092347215065
16.6021929004472
17.0134609655716
16.7881092583285
17.1993773234529
17.2923355023936
17.703603567518
16.8416320879073
16.934590266848
17.3458583319724
17.7571263970968
17.8500845760375
18.2613526411619
18.3543108201026
18.1289591128594
18.2219172918001
17.996565584557
18.0895237634976
18.1824819424383
18.9120598937465
18.6867081865034
17.8247367068926
18.2360047720171
17.6923431785901
17.466991471347
16.9233298779201
17.0162880568607
18.0641758943528
17.8388241871096
17.6134724798665
17.3881207726233
17.7993888377478
18.2106569028722
18.3036150818129
18.7148831469373
18.4895314396942
18.5824896186348
18.9937576837593
19.0867158626999
19.4979839278244
19.590942106765
19.6839002857057
19.7768584646463
19.869816643587
19.9627748225276
19.7374231152845
19.8303812942251
20.5599592455334
20.3346075382902
19.7909459448633
19.5655942376202
21.2501018474798
20.7064402540528
21.1177083191773
20.2557368395666
20.3486950185072
19.8050334250803
20.2163014902047
20.6275695553292
20.402217848086
19.8585562546591
19.9515144335997
19.4078528401728
19.5008110191135
19.9120790842379
19.368417490811
19.7796855559354
19.2360239625085
19.3289821414491
19.103630434206
18.5599688407791
18.9712369059035
19.0641950848441
18.5205334914172
16.7036323532551
17.1149004183796
17.2078585973202
16.6641970038933
16.1205354104664
15.8951837032232
15.3515221097963
15.1261704025531
15.5374384676776
15.3120867604344
14.7684251670075
14.8613833459482
15.2726514110726
15.3656095900133
15.7768776551377
15.5515259478946
15.6444841268352
15.7374423057759
16.1487103709003
15.9233586636572
16.0163168425978
16.1092750215385
15.8839233142953
16.6135012656036
16.3881495583604
17.1177275096686
16.5740659162417
16.3487142089986
16.4416723879392
16.5346305668799
16.3092788596367
17.038856810945
17.1318149898856
17.5430830550101
16.6811115753993
16.77406975434
16.8670279332807
16.9599861122213
17.3712541773457
17.1459024701026
17.2388606490433
17.3318188279839
17.4247770069246
17.5177351858652
17.9290032509897
18.3402713161141
17.7966097226872
18.5261876739954
18.3008359667523
18.0754842595091
18.1684424384498
17.9430907312066
18.0360489101473
18.1290070890879
17.9036553818448
17.9966135607855
18.4078816259099
17.864220032483
17.6388683252398
16.7768968456291
16.8698550245698
17.599432975878
17.6923911548186
17.4670394475755
17.2416877403324
17.6529558054568
17.7459139843975
18.1571820495219
18.5684501146463
18.3430984074032
18.7543664725276
18.8473246514683
19.2585927165927
19.988170667901
19.1261991882903
19.5374672534147
19.9487353185391
19.723383611296
19.8163417902366
19.9092999691773
20.3205680343017
19.7769064408748
20.1881745059993
19.6445129125723
20.3740908638806
20.785358929005
20.8783171079457
20.9712752868863
20.7459235796432
20.8388817585838
19.6586003927893
20.0698684579137
20.4811365230382
20.8924045881626
19.7121232223681
20.4417011736764
19.5797296940656
19.9909977591901
20.0839559381307
19.8586042308876
19.6332525236444
19.0895909302175
19.1825491091582
19.2755072880988
18.7318456946719
19.1431137597963
19.5543818249208
18.6924103453101
17.5121289795155
17.2867772722724
17.6980453373969
16.8360738577861
17.2473419229106
16.7036803294836
15.8417088498729
15.6163571426298
15.7093153215704
15.8022735005111
15.5769217932679
15.3515700860248
15.1262183787817
15.2191765577223
15.9487545090305
16.0417126879712
15.4980510945443
16.2276290458525
16.3205872247932
16.7318552899176
16.5065035826744
16.5994617616151
16.6924199405557
17.1036880056802
17.1966461846208
17.6079142497453
17.0642526563183
16.5205910628914
16.2952393556483
16.3881975345889
17.1177754858972
16.892423778654
17.3036918437785
17.7149599089029
17.171298315476
16.9459466082328
17.0389047871735
17.1318629661141
17.2248211450548
17.3177793239954
17.4107375029361
17.1853857956929
17.2783439746336
18.3262318121256
19.0558097634338
17.5572185114555
18.2867964627638
18.6980645278882
18.4727128206451
18.247361113402
18.3403192923426
18.4332774712833
18.8445455364077
18.6191938291646
18.0755322357376
18.1684904146783
18.2614485936189
17.3994771140082
17.1741254067651
17.2670835857057
17.6783516508302
17.452999943587
17.8642680087115
17.9572261876521
18.0501843665928
18.1431425455334
18.2361007244741
18.6473687895985
18.7403269685391
18.8332851474798
19.562863098788
19.3375113915449
19.4304695704855
19.5234277494262
19.6163859283668
20.3459638796751
20.1206121724319
20.5318802375564
20.3065285303132
20.7177965954377
20.1741350020107
20.5854030671352
20.0417414737082
19.8163897664651
21.8192072625085
21.9121654414492
21.3685038480222
21.1431521407791
20.9178004335359
20.6924487262928
20.7854069052335
20.8783650841741
20.653013376931
21.0642814420554
20.5206198486285
20.6135780275691
20.7065362065098
20.1628746130829
20.5741426782073
20.0304810847804
20.123439263721
19.8980875564779
19.354425963051
20.0840039143592
20.8135818656674
19.6333004998729
17.498089475527
18.8642871992028
18.0023157195921
17.776964012349
16.9149925327383
17.0079507116789
16.464289118252
16.2389374110088
16.6502054761333
16.4248537688901
15.2445724030956
15.9741503544039
15.4304887609769
16.1600667122852
16.5713347774096
16.3459830701665
16.4389412491071
16.8502093142316
17.261477379356
17.0361256721129
17.1290838510535
17.2220420299942
17.3150002089348
18.044578160243
17.8192264529999
17.5938747457568
17.6868329246974
17.1431713312705
17.2361295102111
17.010777802968
17.1037359819087
18.1516238194007
17.9262721121575
17.7009204049144
17.1572588114875
17.5685268766119
17.3431751693688
17.7544432344932
18.1657112996177
16.9854299338231
18.0333177713152
18.1262759502558
18.8558539015641
18.3121923081371
18.7234603732616
18.4981086660184
18.9093767311429
19.0023349100835
19.0952930890242
18.869941381781
19.2812094469055
19.3741676258461
18.5121961462354
18.2868444389923
18.6981125041167
17.836141024506
17.6107893172628
17.7037474962035
18.4333254475117
18.5262836264524
18.3009319192092
18.0755802119661
18.4868482770905
18.5798064560312
18.9910745211556
19.0840327000963
19.1769908790369
18.9516391717938
19.681217123102
19.7741753020427
20.1854433671671
19.960091659924
20.3713597250484
20.4643179039891
20.5572760829297
20.6502342618704
21.0615023269948
20.5178407335679
21.5657285710599
21.3403768638168
21.1150251565736
21.8446031078819
21.3009415144549
22.348829351947
21.1685479861524
21.5798160512769
21.3544643440338
21.4474225229744
21.5403807019151
21.6333388808557
21.7262970597964
21.1826354663694
21.2755936453101
22.6417913689859
22.4164396617428
20.9178484097645
21.3291164748889
21.1037647676458
22.4699624913216
20.9713712393433
20.1093997597326
20.8389777110408
19.3403864590625
18.7967248656356
19.20799293076
18.6643313373331
17.8023598577223
17.2586982642954
17.3516564432361
16.4896849636253
16.9009530287498
17.3122210938742
16.4502496142635
16.5432077932042
16.317856085961
16.7291241510855
16.8220823300261
16.596730622783
17.3263085740912
17.4192667530319
17.1939150457887
17.6051831109132
17.37983140367
17.7910994687945
17.8840576477351
17.9770158266758
18.0699740056164
17.8446222983733
17.3009607049463
17.7122287700708
17.1685671766439
17.5798352417683
18.3094131930765
18.0840614858334
17.8587097785903
18.2699778437147
18.0446261364716
18.1375843154122
18.5488523805367
17.3685710147421
17.7798390798666
17.8727972588072
18.2840653239317
19.0136432752399
19.1066014541806
19.1995596331212
19.9291375844294
19.7037858771863
19.1601242837594
19.2530824627
19.0277307554569
19.4389988205813
19.8502668857058
19.3066052922788
19.0812535850357
19.1742117639764
18.6305501705494
18.0868885771225
17.5432269836956
17.95449504882
18.0474532277606
18.4587212928851
18.2333695856419
18.6446376507664
18.1009760573395
18.8305540086477
19.2418220737721
19.6530901388966
19.4277384316534
19.8390064967779
19.9319646757185
20.343232740843
20.4361909197836
20.8474589849081
20.9404171638487
21.0333753427894
21.12633352173
21.2192917006707
21.3122498796113
22.0418278309195
21.1798563513088
21.5911244164333
22.0023924815577
21.7770407743146
22.5066187256228
21.6446472460121
21.7376054249527
21.5122537177096
22.2418316690178
22.0164799617747
22.1094381407153
22.8390160920236
21.3404248400453
22.3883126775373
21.8446510841104
21.6192993768672
21.0756377834403
20.5319761900134
23.1714134584243
20.3995826617109
20.4925408406515
20.903808905776
20.360147312349
18.8615560603707
18.9545142393114
18.7291625320682
18.1855009386413
17.6418393452144
17.0981777517875
16.8728260445443
16.965784223485
17.6953621747932
17.1517005813663
16.6080389879393
16.3826872806962
16.7939553458206
16.5686036385775
16.9798717037019
17.3911397688264
17.484097947767
17.5770561267077
17.6700143056483
17.762972484589
18.1742405497134
18.2671987286541
18.3601569075947
18.7714249727191
18.546073265476
17.6841017858653
17.7770599648059
17.8700181437466
17.9629763226872
18.0559345016279
18.1488926805685
17.9235409733254
18.0164991522661
17.7911474450229
18.2024155101474
19.2503033476394
18.0700219818449
17.5263603884179
18.2559383397262
18.6672064048506
18.7601645837913
19.1714326489157
19.5827007140401
19.0390391206132
19.4503071857376
19.5432653646783
19.9545334298027
19.7291817225596
19.8221399015003
19.5967881942571
19.0531266008302
19.1460847797708
18.9207330725277
18.6953813652846
17.8334098856738
18.5629878369821
18.9742559021065
19.0672140810472
18.841862373804
19.2531304389285
19.0277787316853
19.120736910626
19.5320049757504
20.2615829270586
20.0362312198155
20.4474992849399
20.5404574638806
20.951725529005
21.3629935941295
21.4559517730701
21.230600065827
21.9601780171352
21.7348263098921
22.1460943750165
21.9207426677734
22.3320107328978
22.7432787980223
21.8813073184116
22.9291951559036
23.0221533348442
22.1601818552335
22.2531400341742
22.3460982131148
22.4390563920555
22.5320145709961
22.9432826361206
23.354550701245
22.1742693354505
22.9038472867587
23.3151153518832
23.08976364464
23.5010317097645
22.9573701163375
22.7320184090944
22.824976588035
24.5094841978947
21.7376534011812
20.2390621492029
19.3770906695922
20.1066686209004
19.2446971412897
18.7010355478627
18.4756838406196
17.6137123610089
17.3883606537657
17.7996287188902
17.8925868978308
17.0306154182201
17.1235735971608
16.8982218899176
17.3094899550421
17.0841382477989
17.4954063129234
17.9066743780478
17.9996325569885
18.4109006221129
18.5038588010536
18.915126866178
19.0080850451186
18.7827333378755
19.5123112891837
18.650339809573
17.7883683299623
18.1996363950867
17.9742846878436
18.0672428667842
18.1602010457249
18.5714691108493
18.0278075174224
17.8024558101793
18.5320337614875
18.3066820542444
18.0813303470012
17.5376687535743
17.9489368186987
18.678514770007
18.4531630627638
19.1827410140721
19.2756991930127
19.3686573719534
19.461615550894
19.2362638436509
20.2841516811429
20.0587999738998
20.1517581528404
20.5630262179649
19.0644349659866
19.475703031111
19.8869710962354
19.0249996166247
18.7996479093816
18.5742962021384
19.3038741534467
19.0785224462035
19.1714806251442
19.2644388040848
19.6757068692093
19.1320452757823
19.5433133409068
19.9545814060312
20.0475395849719
20.4588076500963
21.1883856014046
20.9630338941614
21.3743019592859
21.4672601382265
22.5151479757185
22.2897962684754
22.382754447416
22.4757126263567
22.2503609191136
22.9799388704218
22.1179673908111
22.5292354559355
22.94050352106
23.6700814723682
23.444729765125
22.2644483993305
22.675716464455
23.0869845295794
22.8616328223363
23.2729008874607
23.3658590664014
22.5038875867907
23.5517754242827
23.0081138308557
23.4193818959802
22.8757203025533
23.2869883676777
23.6982564328021
23.1545948393752
23.5658629044997
23.3405111972565
20.2503705143593
20.0250188071161
20.7545967584244
19.2560055064461
18.3940340268353
18.486992205776
17.6250207261653
17.7179789051059
18.1292469702304
17.9038952629872
17.0419237833765
17.1348819623171
17.2278401412578
17.6391082063822
17.4137564991391
17.188404791896
17.9179827432042
18.0109409221448
18.1038991010855
17.8785473938424
18.9264352313344
18.7010835240912
20.0672812477671
19.2053097681563
18.3433382885456
17.7996766951187
18.2109447602431
18.3039029391838
18.0785512319407
18.1715094108813
18.264467589822
18.3574257687626
18.4503839477032
18.5433421266439
18.6363003055845
17.7743288259738
18.1855968910983
18.2785550700389
18.3715132489796
18.782781314104
19.830669151596
19.2870075581691
19.6982756232935
19.1546140298666
19.5658820949911
20.2954600462993
19.7517984528724
20.1630665179968
20.2560246969374
19.3940532173267
19.4870113962674
19.579969575208
18.7179980955973
18.810956274538
18.5856045672948
18.9968726324193
19.4081406975437
19.1827889903006
19.2757471692412
19.0503954619981
19.7799734133063
19.5546217060632
19.9658897711876
21.0137776086796
21.1067357876203
21.1996939665609
21.2926521455016
21.703920210626
22.4334981619343
22.5264563408749
22.6194145198156
22.3940628125724
22.8053308776969
22.8982890566375
22.6729373493944
23.0842054145188
23.4954734796433
23.2701217724001
23.6813898375246
22.50110847173
23.2306864230383
22.3687149434276
23.7349126671034
23.5095609598602
22.9658993664333
23.3771674315577
23.1518157243146
23.563083789439
23.6560419683797
22.794070488769
23.2053385538934
23.6166066190179
23.7095647979585
23.4842130907154
23.577171269656
21.4419602453101
19.625059107148
20.0363271722725
19.8109754650293
19.2673138716024
18.7236522781755
17.543370912381
18.591258749873
18.3659070426298
18.1405553353867
17.278583855776
17.0532321485328
16.8278804412897
17.5574583925979
17.013796799171
17.7433747504792
18.1546428156037
18.2476009945443
18.340559173485
18.7518272386094
19.1630953037339
19.2560534826745
19.3490116616152
19.123659954372
18.5799983609451
18.354646653702
17.810985060275
18.8588728977671
18.6335211905239
18.089859597097
18.1828177760376
18.2757759549783
18.3687341339189
18.4616923128596
18.872960377984
18.0109888983733
17.7856371911302
18.1969052562546
18.9264832075629
19.3377512726873
19.7490193378117
18.887047858201
19.6166258095093
19.7095839884499
19.8025421673906
20.5321201186988
19.9884585252719
20.7180364765801
19.8560649969694
19.6307132897262
20.0419813548507
19.8166296476075
19.2729680541806
19.3659262331213
19.1405745258781
19.5518425910026
19.3264908837594
19.4194490627001
19.1940973554569
18.9687456482138
20.0166334857058
19.7912817784627
20.8391696159547
20.9321277948954
21.3433958600198
21.4363540389604
22.8025517626363
22.8955099415769
22.9884681205176
22.7631164132744
23.1743844783989
22.9490327711557
22.7236810639126
22.8166392428532
22.5912875356101
23.6391753731021
23.7321335520428
23.5067818447996
23.5997400237403
23.0560784303134
22.8307267230702
23.5603046743784
23.0166430809515
23.427911146076
23.5208693250166
23.6138275039573
24.0250955690817
24.7546735203899
23.5743921545954
23.6673503335361
23.7603085124767
23.5349568052336
23.3096050979904
24.3574929354825
23.4955214558717
21.0420005453421
19.8617191795476
20.272987244672
20.0476355374289
18.8673541716344
18.0053826920236
17.7800309847805
17.8729891637211
18.2842572288456
17.7405956354187
17.1969340419917
16.9715823347486
17.7011602860568
17.4758085788137
17.2504568715705
18.2983447090626
18.0729930018194
18.4842610669439
18.2589093597007
18.988487311009
19.0814454899496
19.4927135550741
18.9490519616471
18.723700254404
18.4983485471608
18.2729968399177
18.0476451326746
18.1406033116152
18.2335614905559
18.3265196694965
18.1011679622534
18.8307459135616
18.6053942063185
18.6983523852591
17.8363809056484
18.2476489707728
18.3406071497135
19.0701851010217
19.1631432799624
19.8927212312706
19.3490596378437
19.1237079306005
19.534975995725
20.2645539470332
20.3575121259739
20.7687801910983
20.2251185976714
20.318076776612
20.0927250693689
19.8673733621258
20.2786414272502
19.0983600614557
19.5096281265801
19.6025863055208
19.3772345982776
19.7885026634021
19.5631509561589
19.6561091350996
19.1124475416727
20.1603353791647
20.5716034442891
20.346251737046
20.7575198021704
22.44202741203
22.8532954771545
22.9462536560951
23.0392118350358
23.1321700139764
22.9068183067333
23.3180863718577
23.0927346646146
22.8673829573715
23.5969609086797
23.3716092014365
23.782877266561
23.5575255593179
23.9687936244423
23.7434419171992
23.1997803237722
23.2927385027129
23.7040065678373
23.4786548605942
23.5716130395348
23.9828811046593
23.4392195112323
24.1687974625406
23.9434457552974
23.7180940480543
23.1744324546274
23.9040104059356
23.6786586986925
23.7716168776331
25.1378146013089
22.6842936907792
20.2307727802496
20.0054210730064
20.4166891381309
19.8730275447039
18.3744362927256
18.1490845854825
17.6054229920556
17.6983811709962
18.4279591223045
17.5659876426937
17.3406359354506
17.4335941143912
17.8448621795157
17.3012005860888
17.3941587650294
18.1237367163376
18.2166948952783
17.9913431880351
18.7209211393434
19.1321892044678
19.2251473834085
19.3181055623491
19.4110637412898
18.549092261679
18.3237405544359
18.0983888471928
18.1913470261334
18.6026150912579
17.7406436116471
18.1519116767716
18.2448698557122
18.6561379208367
18.1124763274097
18.5237443925342
17.6617729129235
17.7547310918641
18.1659991569885
18.8955771082968
19.625155059605
18.7631835799943
19.1744516451187
19.904029596427
19.6786778891838
20.0899459543083
20.5012140194327
20.2758623121896
20.687130377314
20.4617786700709
20.2364269628277
20.0110752555846
20.1040334345252
19.5603718410983
19.3350201338552
19.109668426612
19.8392463779203
19.9322045568609
19.7068528496178
19.4815011423746
19.5744593213153
20.6223471588073
20.0786855653804
21.1265734028724
20.9012216956293
22.5857293054889
22.9969973706133
22.7716456633702
22.8646038423108
23.2758719074353
23.0505202001921
23.1434783791328
23.2364365580734
23.3293947370141
23.7406628021385
23.1970012087116
23.608269273836
24.0195373389605
24.1124955179011
22.9322141521066
24.6167217619662
23.1181305099879
23.2110886889286
23.3040468678692
23.3970050468099
24.1265829981181
23.901231290875
23.9941894698156
23.4505278763887
23.5434860553293
23.9547541204538
24.0477122993944
23.8223605921513
23.9153187710919
23.6899670638488
22.5096856980543
20.0561647875246
20.4674328526491
20.2420811454059
19.3801096657952
19.4730678447359
17.9744765927576
17.7491248855144
18.4787028368226
18.2533511295795
17.3913796499688
17.1660279427256
17.2589861216663
17.6702541867907
16.80828270718
17.856170544672
17.9491287236127
18.0420869025534
18.135045081494
18.5463131466184
18.9575812117429
18.7322295044997
18.8251876834404
19.2364557485648
18.3744842689541
18.4674424478948
18.5604006268354
18.3350489195923
17.7913873261654
17.884345505106
18.2956135702304
18.7068816353549
18.4815299281117
18.5744881070524
17.7125166274417
18.1237846925661
18.2167428715068
18.946320822815
19.0392790017557
19.7688569530639
19.5435052458208
19.3181535385776
20.0477314898858
19.5040698964589
20.2336478477672
20.6449159128916
19.7829444332809
20.5125223845891
20.287170677346
20.3801288562866
20.4730870352273
20.2477353279841
19.3857638483734
19.4787220273141
19.5716802062547
19.6646383851954
20.0759064503198
19.8505547430767
19.9435129220173
20.036471100958
20.1294292798986
21.1773171173906
21.2702752963313
22.9547829061909
22.7294311989478
23.459009150256
23.2336574430128
23.3266156219535
23.4195738008941
23.5125319798348
23.2871802725917
23.3801384515323
23.473096630473
22.929435037046
23.9773228745381
23.7519711672949
24.1632392324194
24.25619741136
23.7125358179331
23.4871841106899
23.8984521758144
23.6731004685712
23.7660586475119
24.4956365988201
23.3153552330256
24.9998628428852
23.1829617047231
23.9125396560314
24.005497834972
24.7350757862802
24.5097240790371
24.284372371794
24.0590206645508
23.1970491849401
20.4252183882266
20.1998666809835
20.2928248599241
19.7491632664972
18.8871917868865
18.0252203072758
17.7998686000326
18.2111366651571
18.3040948440977
17.1238134783032
16.8984617710601
17.6280397223683
17.7209979013089
17.177336307882
17.9069142591903
17.9998724381309
18.0928306170716
18.1857887960122
18.5970568611366
19.3266348124449
19.4195929913855
19.5125511703262
19.287199463083
19.3801576420237
18.8364960485968
18.6111443413536
18.7041025202943
18.1604409268673
18.253399105808
18.3463572847486
18.4393154636893
19.1688934149975
18.9435417077544
18.7181900005112
18.1745284070843
18.5857964722087
18.6787546511494
18.77171283009
19.5012907813983
19.5942489603389
19.3688972530958
20.098475204404
20.5097432695285
23.1491805379394
20.6956596274098
20.4703079201666
23.1097451885776
20.3379143918641
20.4308725708048
21.160450522113
19.9801691563185
20.0731273352592
19.847775628016
20.2590436931405
20.3520018720811
20.126650164838
20.2196083437786
19.9942566365355
20.7238345878437
21.1351026529681
22.8196102628278
22.9125684417684
23.0055266207091
23.4167946858335
23.5097528647741
23.6027110437148
24.0139791088392
23.7886274015961
23.5632756943529
23.6562338732936
23.4308821660505
24.1604601173587
24.5717281824831
24.0280665890562
24.4393346541807
25.1689126054889
23.6703213535106
23.7632795324512
24.1745475975757
23.312576117965
24.360463955457
24.4534221343976
23.9097605409707
24.3210286060952
23.4590571264844
24.1886350777927
23.9632833705495
24.6928613218578
24.4675096146146
24.2421579073715
24.3351160863121
24.7463841514366
20.0646940376203
20.7942719889286
20.5689202816854
20.0252586882585
18.5266674362802
17.9830058428533
18.3942739079777
19.123851859286
18.2618803796752
17.7182187862483
17.811176965189
17.267515371762
17.6787834368865
17.7717416158271
18.1830096809516
18.594277746076
18.3689260388329
18.7801941039573
19.1914621690817
19.92104012039
19.377378526963
19.7886465920875
19.2449849986606
19.3379431776012
18.7942815841743
18.5689298769311
18.6618880558718
18.4365363486286
18.8478044137531
18.9407625926937
19.3520306578182
18.4900591782075
18.5830173571481
18.357665649905
18.7689337150294
19.4985116663376
19.2731599590945
19.6844280242189
20.0956960893434
23.6900630163057
20.5999223334085
23.875979374187
23.6506276669439
23.7435858458845
23.8365440248252
23.9295022037658
23.3858406103389
23.1604889030958
23.2534470820364
20.7999261715067
20.5745744642636
20.3492227570205
21.0788007083287
22.7633083181883
20.6280972938424
20.7210554727831
22.7238729688265
23.1351410339509
23.2280992128916
23.639367278016
24.3689452293242
23.8252836358973
23.9182418148379
24.0111999937786
24.422468058903
24.5154262378437
24.6083844167844
24.701342595725
24.4759908884819
24.5689490674225
24.6619072463632
24.43655553912
24.8478236042445
25.5774015555527
24.715430075942
24.4900783686988
24.5830365476395
24.0393749542126
24.450643019337
25.8168407430128
23.6816297186669
24.729517556159
24.185855962732
24.5971240278565
24.6900822067971
24.7830403857378
24.5576886784946
24.9689567436191
24.7436050363759
22.6083940120301
21.1098027600518
22.7943103699114
20.6590993455655
20.4337476383224
18.6168465001603
18.7098046791009
18.8027628580416
19.214030923166
18.6703693297391
18.4450176224959
18.2196659152528
17.9943142080097
18.0872723869503
18.4985404520747
18.9098085171992
19.0027666961398
18.7774149888967
19.1886830540211
20.2365708915132
19.6929092980862
20.4224872493945
19.5605157697837
19.9717838349082
19.746432127665
19.2027705342381
19.6140385993626
18.7520671197518
20.1182648434277
19.8929131361845
23.8055899493306
19.4422097216982
19.2168580144551
18.991506307212
19.4027743723364
19.8140424374608
20.2253105025853
24.1379873157314
20.4112268604666
24.0055937874289
23.7802420801858
24.509820031494
24.2844683242509
24.3774265031915
24.4703846821322
24.245032974889
23.7013713814621
23.7943295604028
23.5689778531596
21.1154569426299
23.1182744386733
23.211232617614
23.3041907965546
23.0788390893115
23.1717972682522
21.0365862439063
23.3577136261335
23.7689816912579
24.1802497563823
23.9548980491392
24.3661661142636
24.7774341793881
24.8703923583287
24.9633505372694
25.05630871621
25.1492668951507
24.9239151879075
25.0168733668482
25.1098315457888
24.5661699523619
25.6140577898539
25.3887060826108
25.4816642615514
24.9380026681245
24.7126509608814
25.1239190260058
24.8985673187627
24.9915254977033
25.4027935628278
24.8591319694008
25.2704000345253
24.7267384410983
24.819696620039
25.2309646851634
25.3239228641041
25.098571156861
25.1915293358016
24.9661776285585
22.8309666042126
23.242234669337
23.9718126206453
20.2450521653804
20.0197004581373
19.1577289785266
19.2506871574672
19.9802651087754
19.4366035153485
18.256322149554
18.3492803284947
18.1239286212515
18.535196686376
18.6281548653166
19.3577328166248
19.1323811093817
19.2253392883223
19.6366073534468
20.0478754185712
20.1408335975119
20.2337917764525
20.3267499553932
20.4197081343338
20.1943564270907
19.6506948336638
19.7436530126044
19.1999914191775
19.6112594843019
20.0225275494264
19.7971758421832
19.5718241349401
19.346472427697
19.1211207204538
19.5323887855783
20.2619667368865
20.6732348020109
24.2676017289733
24.0422500217302
24.1352082006708
24.5464762657952
24.9577443309197
24.7323926236765
24.1887310302496
23.6450694368227
23.7380276157633
23.830985794704
24.5605637460122
24.0169021525853
23.7915504453421
20.7014097624449
23.6591569170397
23.7521150959803
23.2084535025534
23.301411681494
23.7126797466185
24.1239478117429
24.5352158768674
24.3098641696242
24.7211322347487
25.1324002998731
24.90704859263
25.3183166577544
25.7295847228789
25.5042330156357
25.5971911945764
25.3718394873332
25.7831075524577
25.2394459590307
25.6507140241552
25.7436722030958
26.1549402682203
25.6112786747933
25.0676170813664
25.4788851464908
25.5718433254315
25.3464916181884
26.0760695694966
25.2140980898859
24.9887463826427
25.4000144477672
25.174662740524
25.5859308056485
26.9521285293243
24.8169175049784
25.5464954562866
24.6845239766759
23.1859327246976
23.9155106760058
23.3718490825789
21.236638058233
20.3746665786223
19.8310049851954
19.923963164136
20.0169213430767
18.8366399772822
18.2929783838553
18.7042464489797
19.1155145141041
19.5267825792286
19.938050644353
19.7126989371099
19.8056571160505
20.8535449535425
20.6281932462994
21.0394613114238
20.8141096041807
20.9070677831214
21.000025962062
20.7746742548189
20.2310126613919
20.3239708403326
20.0986191330894
20.1915773120301
23.4676343528087
20.3774936699114
20.1521419626683
20.2451001416089
20.0197484343658
20.1127066133064
24.3436933126364
24.436651491577
24.8479195567014
23.9859480770907
24.715526028399
24.8084842073396
25.2197522724641
24.6760906790371
24.450738971794
24.8620070369184
24.6366553296753
24.4113036224321
24.5042618013728
23.9606002079459
23.7352485007027
23.8282066796434
24.2394747447678
24.0141230375247
23.7887713302815
23.8817295092222
24.2929975743466
25.0225755256549
24.4789139322279
25.5268017697199
25.3014500624768
25.3944082414175
25.8056763065419
25.8986344854825
25.9915926644232
26.0845508433638
25.5408892499369
26.2704672012452
25.7268056078182
26.1380736729427
26.2310318518833
26.6422999170078
25.780328437397
25.5549767301539
25.9662447952783
26.059202974219
26.1521611531596
25.9268094459165
25.7014577386734
26.4310356899816
25.2507543241871
25.9803322754953
26.3916003406197
26.1662486333766
26.2592068123173
26.0338551050741
24.5352638530958
23.9916022596689
24.4028703247933
23.5408988451826
21.0873779346529
20.543716341226
20.6366745201666
21.0479425852911
20.1859711056804
19.3239996260696
18.7803380326427
19.509915983951
19.9211840490754
20.9690718865674
19.4704806345891
20.5183684720811
20.6113266510218
23.2507639194328
23.980341870741
23.4366802773141
23.5296384562547
21.076117545725
23.3972449279522
20.6254141312388
20.0817525378118
19.8564008305687
24.0873875298986
24.8169654812068
24.5916137739637
24.0479521805368
20.3211917252719
20.0958400180288
24.3268267173587
24.7380947824832
23.8761233028724
24.6057012541807
24.6986594331213
25.1099274982458
25.2028856771864
25.2958438561271
24.7521822627001
25.4817602140084
24.9380986205814
25.0310567995221
25.1240149784627
24.5803533850358
24.3550016777927
23.8113400843658
24.2226081494902
24.6338762146146
23.7719047350039
23.8648629139446
24.276130979069
25.324018816561
25.4169769955017
25.1916252882585
25.602893353383
25.6958515323236
25.4704998250805
26.2000777763887
25.9747260691456
26.0676842480862
26.1606424270269
26.2536006059675
26.0282488987244
26.4395169638488
27.1690949151571
27.2620530940977
26.0817717283032
26.4930397934276
25.9493782000007
26.0423363789414
26.135294557882
27.5014922815578
25.6845911433957
26.0958592085202
26.5071272736446
25.9634656802177
26.3747337453421
26.4676919242828
25.9240303308558
26.3352983959803
25.7916368025534
23.9747356643913
24.7043136156995
24.1606520222726
23.2986805426618
20.8451596321322
20.619807924889
21.0310759900135
20.4874143965865
19.307133030792
19.0817813235489
19.8113592748571
19.9043174537978
19.9972756327384
20.0902338116791
20.5015018768035
20.5944600557442
23.5522072103389
23.3268555030958
23.1015037958527
23.5127718609771
23.6057300399178
23.0620684464908
20.6085475359612
20.383195828718
20.1578441214749
24.7071407069886
24.4817889997455
24.2564372925023
23.3944658128916
23.805733878016
20.397283308935
20.1719316016918
24.4029183010218
24.8141863661462
24.2705247727193
24.6817928378437
25.411370789152
25.1860190819088
25.2789772608495
24.7353156674225
24.8282738463632
24.9212320253039
24.6958803180607
24.7888384970014
24.5634867897582
24.0198251963313
23.7944734890882
24.2057415542126
24.2986997331532
23.4367282535425
23.847996318667
24.2592643837914
24.6705324489158
24.7634906278565
25.1747586929809
25.5860267581054
25.3606750508622
25.4536332298029
25.8649012949273
25.957859473868
25.7325077666248
26.1437758317493
26.2367340106899
25.693072417263
26.4226503685712
26.8339184336957
26.9268766126363
26.3832150192094
26.1578633119663
25.6142017185393
26.6620895560314
25.8001180764206
26.2113861415451
25.6677245481181
25.7606827270588
25.5353310198157
25.3099793125725
25.721247377697
26.1325154428214
25.2705439632107
25.6818120283351
25.7747702072758
23.9578690691137
24.0508272480543
23.5071656546274
23.2818139473843
22.7381523539573
19.9663215572439
20.3775896223683
21.1071675736765
20.5635059802496
19.0649147282713
18.8395630210282
19.8874508585202
19.9804090374608
20.0733672164015
19.8480155091583
20.5775934604666
20.6705516394072
23.628298794002
23.4029470867588
23.4959052656995
23.2705535584564
23.6818216235808
23.4564699163377
20.3663292334404
20.4592874123811
24.0536543393434
24.1466125182841
24.8761904695923
24.3325288761654
19.9691486485329
20.6987265998412
23.9747836406197
24.0677418195604
24.160699998501
24.5719680636255
24.6649262425661
25.0761943076906
25.487462372815
25.5804205517556
24.7184490721449
24.4930973649018
25.22267531621
24.6790137227831
24.7719719017237
24.8649300806644
24.0029586010537
23.7776068938105
24.188874958935
23.9635232516918
24.0564814306325
23.8311297233893
23.6057780161462
24.3353559674544
25.0649339187627
24.5212723253357
24.9325403904602
25.0254985694008
25.4367666345253
25.5297248134659
25.9409928785904
25.7156411713472
25.4902894641041
25.9015575292285
25.9945157081692
25.1325442285585
25.5438122936829
26.9100100173587
26.6846583101156
26.7776164890562
25.9156450094455
25.6902933022024
25.4649415949592
26.1945195462675
25.9691678390243
25.1071963594136
25.5184644245381
24.9748028311111
25.3860708962356
25.4790290751762
25.5719872541169
24.7100157745061
25.4395937258144
25.8508617909388
23.3973408804091
23.4902990593498
23.2649473521066
21.4480462139446
20.5860747343338
20.9973427994583
19.49875154748
20.8649492711558
19.3663580191775
19.1410063119344
18.5973447185074
19.3269226698157
19.4198808487563
19.512839027697
19.6057972066376
20.017065271762
20.1100234507027
20.5212915158271
20.6142496947678
20.3888979875246
20.8001660526491
23.4396033210601
20.6677725243466
20.1241109309197
19.8987592236765
24.1297459230065
23.9043942157633
20.4959436466823
24.0903105736446
20.045240232196
20.1381984111366
20.5494664762611
23.8255235170396
20.4170729479586
23.6931299887372
24.7410178262292
24.1973562328023
24.6086242979267
25.0198923630511
24.794540655808
24.5691889485649
24.3438372413217
25.07341519263
24.2114437130192
23.9860920057761
24.0790501847167
23.5353885912898
23.3100368840467
23.7213049491711
23.8142631281118
23.9072213070524
23.3635597136255
23.4565178925661
24.1860958438744
24.279054022815
24.3720122017557
24.7832802668801
24.557928559637
24.9691966247614
25.0621548037021
25.4734228688265
25.2480711615834
25.341029340524
25.1156776332809
25.2086358122215
25.619903877346
25.7128620562866
25.8058202352273
26.2170883003517
26.3100464792923
25.7663848858654
24.9044134062547
24.6790616990116
25.4086396503198
25.1832879430766
25.2762461220173
24.4142746424066
24.5072328213472
24.9185008864717
24.6931491792285
25.4227271305368
24.8790655371098
24.6537138298667
24.7466720088073
24.839630187748
23.3410389357697
21.2058279114238
21.2987860903645
20.7551244969375
19.8931530173268
19.0311815377161
19.7607594890243
19.853717667965
18.6734363021705
18.1297747087435
17.9044230015004
18.9523108389924
19.3635789041168
19.1382271968737
18.9128754896306
19.6424534409388
19.7354116198794
19.8283697988201
20.2396378639445
20.3325960428852
20.7438641080096
20.2002025145827
20.2931606935233
19.4311892139126
19.2058375066695
19.6171055717939
20.3466835231022
20.4396417020428
23.3973888566376
19.6706284013727
19.7635865803134
20.1748546454378
20.2678128243785
20.0424611171353
20.135419296076
24.0480961092221
23.822744401979
24.5523223532872
24.6452805322279
24.7382387111685
24.8311968901092
23.9692254104984
24.3804934756229
24.4734516545635
23.9297900611366
24.0227482400773
23.7973965328341
23.2537349394072
20.8002140288775
23.4396512972885
23.2142995900454
22.9889478828022
23.4002159479267
23.4931741268673
23.9044421919917
23.9974003709324
24.090358549873
24.5016266149975
24.2762749077544
24.369233086695
25.0988110380032
25.1917692169439
24.9664175097007
25.0593756886414
25.152333867582
24.9269821603389
24.383320566912
25.1128985182202
25.5241665833447
25.9354346484691
25.3917730550422
25.166421347799
24.9410696405559
24.7157179333127
25.445295884621
24.901634291194
24.9945924701347
24.4509308767078
24.8621989418322
24.9551571207729
25.3664251858973
24.8227635924704
23.9607921128596
24.3720601779841
24.4650183569247
24.8762864220492
22.4227655115195
21.242484145725
21.3354423246656
20.4734708450549
19.929809251628
19.0678377720173
18.8424860647741
19.5720640160824
19.0284024226554
17.8481210568609
17.9410792358016
18.352347300926
19.0819252522342
18.5382636588073
19.2678416101155
19.3607997890562
19.135448081813
19.5467161469375
19.9579842120619
19.7326325048188
19.8255906837594
19.9185488627001
20.0115070416407
19.4678454482138
18.9241838547869
19.6537618060951
20.0650298712196
20.1579880501602
23.7523549771225
19.7072846356739
19.8002428146146
19.5748911073714
20.6227789448635
20.0791173514365
19.8537656441934
19.946723823134
23.8594006362802
24.2706687014046
24.3636268803453
24.1382751731021
24.2312333520428
24.0058816447996
23.7805299375565
24.1917980026809
24.2847561816216
23.4227847020109
24.1523626533191
23.2903911737084
23.0650394664653
20.6115185559356
22.9326459381628
21.1157448000007
22.8002524098603
21.301661157882
22.9861687677416
23.7157467190498
23.8087048979905
23.9016630769311
23.676311369688
23.7692695486286
24.4988474999369
24.2734957926937
24.6847638578182
24.459412150575
24.5523703295157
24.6453285084563
24.4199768012132
24.8312448663376
24.2875832729107
24.6988513380351
25.7467391755272
25.521387468284
24.6594159886733
25.0706840537977
25.1636422327384
24.3016707531277
25.0312487044359
25.1242068833766
23.943925517582
24.0368836965227
23.8115319892796
24.222800054404
24.3157582333447
24.7270262984691
23.8650548188584
24.2763228839828
24.3692810629235
23.8256194694965
21.0537886727831
21.4650567379075
21.2397050306644
20.0594236648699
19.5157620714429
19.2904103641998
19.7016784293242
18.8397069497135
18.6143552424704
17.7523837628597
17.8453419418003
18.2566100069247
18.3495681858654
18.1242164786223
18.5354845437467
18.6284427226873
19.0397107878118
19.1326689667524
19.2256271456931
19.3185853246337
19.7298533897582
19.8228115686988
19.9157697476395
19.3721081542126
18.8284465607856
18.9214047397263
19.9692925772183
20.0622507561589
19.518589162732
19.9298572278565
19.0678857482457
19.4791538133702
19.8904218784946
19.6650701712515
19.7580283501921
20.1692964153166
20.580564480441
20.6735226593817
20.4481709521385
24.3608477652847
24.1354960580415
23.5918344646146
23.6847926435553
23.7777508224959
24.1890188876203
23.3270474080096
20.5552166112962
23.1946538797071
20.7411329691775
20.8340911481181
19.9721196685074
20.7016976198156
21.1129656849401
20.5693040915131
20.6622622704538
20.7552204493944
23.0763478316216
23.4876158967461
23.2622641895029
23.3552223684436
23.4481805473842
23.8594486125087
23.9524067914493
24.04536497039
23.8200132631468
23.9129714420875
24.3242395072119
23.4622680276012
24.5101558650932
23.6481843854825
24.0594524506069
25.107340288099
25.2002984670396
24.0200171012451
24.7495950525533
23.8876235729426
24.2988916380671
24.0735399308239
23.8481882235808
23.9411464025214
23.0791749229107
23.4904429880352
23.5834011669758
23.6763593459164
24.0876274110409
24.1805855899815
23.9552338827384
23.0932624031277
24.1411502406197
21.3693194439062
20.5073479642955
20.6003061432362
20.374954435993
18.8763631840147
18.9693213629554
18.4256597695284
18.2003080622853
18.6115761274097
18.0679145339828
17.2059430543721
17.6172111194965
18.3467890708048
18.1214373635616
17.5777757701347
18.3073537214429
18.7186217865674
18.811579965508
18.2679183720811
18.6791864372055
19.4087643885138
19.1834126812706
19.2763708602113
19.3693290391519
19.4622872180926
18.9186256246656
18.0566541450549
19.1045419825469
19.5158100476714
19.608768226612
19.3834165193689
18.839754925942
18.9327131048826
19.6622910561909
18.8003195765801
19.5298975278884
19.622855706829
19.7158138857697
20.1270819508941
20.2200401298348
23.4960971706133
23.589055349554
23.6820135284946
23.4566618212515
23.2313101140083
23.6425781791328
23.7355363580734
20.6453956751762
21.0566637403006
23.059481236344
20.6059603258144
20.0622987323874
19.8369470251443
20.5665249764525
20.6594831553932
20.43413144815
20.8453995132745
23.1665268955017
22.6228653020747
23.0341333671992
23.1270915461398
23.2200497250805
22.9946980178373
23.4059660829618
23.4989242619024
23.9101923270269
23.6848406197837
23.7777987987244
23.5524470914812
23.3270953842381
24.0566733355463
23.5130117421194
23.9242798072438
25.2904775309197
24.7468159374927
23.5665345716982
23.9778026368227
24.0707608157633
23.5270992223364
24.2566771736446
24.0313254664015
23.8059737591583
23.2623121657314
23.6735802308559
23.4482285236127
23.2228768163696
23.3158349953102
23.4087931742509
22.8651315808239
23.913019418316
24.0059775972566
21.5524566867269
20.0538654347486
20.4651334998731
19.9214719064462
19.3778103130192
19.1524586057761
18.6087970123492
18.0651354189222
18.4764034840467
17.9327418906197
17.070770411009
17.1637285899497
17.8933065412579
17.9862647201985
18.0792228991392
18.4904909642636
18.5834491432043
18.3580974359611
18.4510556149018
18.5440137938424
18.9552818589669
19.0482400379075
19.1411982168482
19.5524662819726
19.3271145747295
18.4651430951188
18.8764111602432
18.9693693391839
18.7440176319407
18.8369758108814
19.2482438760058
19.3412020549465
19.1158503477033
18.8904986404602
19.3017667055846
19.3947248845253
18.8510632910984
19.5806412424066
19.6735994213472
20.4031773726555
20.4961355515961
23.7721925923747
23.2285309989478
20.1383903160505
23.4144473568291
23.1890956495859
21.05388462524
20.5102230318131
20.6031812107538
20.6961393896944
20.4707876824513
19.9271260890243
19.7017743817812
20.4313523330894
20.5243105120301
20.2989588047869
20.3919169837276
20.4848751626682
20.8961432277927
20.9891014067333
21.4003694718578
22.7665671955336
23.177835260658
22.9524835534149
23.3637516185393
23.45670979748
23.8679778626044
23.0060063829937
23.4172744481182
23.191922740875
22.6482611474481
23.3778390987563
23.470797277697
23.5637554566376
24.9299531803134
24.7046014730703
23.5243201072758
23.6172782862164
23.0736166927895
23.484884757914
23.5778429368546
23.3524912296115
23.4454494085521
22.5834779289414
23.3130558802496
24.0426338315579
23.4989722381309
22.955310644704
23.0482688236447
23.1412270025853
21.0060159782394
23.3271433604666
23.1017916532235
20.32996085651
19.7862992630831
19.8792574420237
19.017285962413
18.7919342551699
18.2482726617429
18.0229209544998
18.1158791334405
18.2088373123811
17.3468658327704
17.439824011711
17.2144723044679
17.9440502557761
18.0370084347168
17.8116567274736
17.9046149064143
18.3158829715387
18.4088411504794
18.1834894432362
18.2764476221769
18.3694058011175
18.780673866242
18.8736320451826
19.2849001103071
18.7412385168801
18.1975769234532
18.6088449885777
18.7018031675183
18.794761346459
18.8877195253996
18.6623678181565
19.0736358832809
18.8482841760378
18.9412423549784
18.7158906477353
19.1271587128597
18.9018070056166
18.9947651845572
19.4060332496817
20.1356112009899
20.2285693799306
20.639837445055
20.4144857378119
20.1891340305687
20.6004020956932
20.37505038845
20.4680085673907
20.8792766325151
20.3356150390882
20.4285732180288
20.2032215107857
19.9778698035425
19.4342082101156
20.1637861614238
19.9384344541807
20.3497025193051
20.124350812062
19.8989991048189
19.9919572837595
20.403225348884
20.8144934140084
20.907451592949
21.6370295442573
21.7299877231979
22.77787556069
22.8708337396306
23.2821018047551
23.0567500975119
23.1497082764526
22.9243565692094
23.0173147481501
23.1102729270907
22.5666113336638
23.9328090573396
23.3891474639127
23.4821056428533
23.8933737079778
23.0314022283671
23.1243604073077
23.2173185862484
22.9919668790052
23.4032349441297
23.1778832368865
23.2708414158272
22.7271798224002
22.8201380013409
23.2314060664653
23.0060543592222
23.0990125381629
22.8736608309197
21.0567596927576
23.059577188801
23.4708452539255
22.9271836604985
18.8821133190499
19.2933813841743
19.386339563115
18.842677969688
17.9807064900773
17.7553547828342
17.8483129617748
17.3046513683479
18.0342293196561
16.8539479538616
17.2652160189861
17.3581741979267
17.7694422630512
17.544090555808
17.9553586209325
18.0483167998731
17.82296509263
17.9159232715706
18.3271913366951
18.4201495156357
18.1947978083926
18.2877559873332
19.0173339386415
18.7919822313983
18.5666305241552
18.341278816912
17.7976172234851
18.5271951747933
18.3018434675502
19.0314214188584
18.4877598254315
18.5807180043722
18.355366297129
18.7666343622535
19.1779024273779
19.2708606063186
18.7271990128916
19.1384670780161
20.1863549155081
19.6426933220812
19.7356515010218
20.46522945233
19.9215678589031
20.3328359240276
20.4257941029682
20.2004423957251
20.6117104608495
20.3863587536064
19.8426971601794
19.9356553391201
20.3469234042445
19.8032618108176
19.2596002173907
19.3525583963313
19.7638264614558
19.8567846403964
19.6314329331533
19.7243911120939
19.4990394048508
20.5469272423428
20.6398854212835
20.4145337140403
21.1441116653485
21.2370698442892
21.3300280232298
22.6962257469057
22.7891839258463
22.882142104787
22.6567903975438
22.7497485764845
22.5243968692413
22.2990451619982
23.0286231133064
22.1666516336957
23.2145394711877
23.3074976501284
23.400455829069
23.4934140080097
22.631442528399
23.0427105935234
22.8173588862803
22.5920071790371
23.0032752441616
23.0962334231022
22.8708817158591
22.3272201224321
22.7384881875566
22.8314463664972
21.3328551145189
22.6990528381948
23.1103209033192
20.9751098789733
21.3863779440978
23.0708855539574
20.9356745296115
19.4370832776332
19.21173157039
18.9863798631469
19.0793380420875
18.5356764486606
17.3553950828661
17.130043375623
17.5413114407474
17.6342696196881
17.0906080262611
16.5469464328342
16.9582144979586
17.6877924492669
17.1441308558399
17.2370890347806
17.3300472137212
18.0596251650295
17.8342734577863
18.2455415229108
18.0201898156676
18.7497677669759
18.2061061735489
18.6173742386734
19.3469521899816
18.4849807103709
17.941319116944
17.7159674097008
18.1272354748253
18.5385035399497
18.6314617188903
18.724419897831
18.8173780767716
18.5920263695285
18.6849845484692
18.7779427274098
19.1892107925342
18.3272393129235
19.0568172642318
18.8314655569886
19.5610435082969
19.9723115734213
20.0652697523619
20.1582279313026
20.2511861102432
20.3441442891839
20.4371024681246
19.8934408746976
20.6230188260059
20.0793572325789
19.8540055253358
20.2652735904602
19.7216119970333
19.4962602897902
19.270908582547
19.3638667614877
19.4568249404283
19.8680930055528
19.3244314121258
19.7356994772503
19.8286576561909
19.9216158351316
20.332883900256
20.1075321930129
21.1554200305049
22.8399276403645
22.6145759331214
21.7526044535107
22.8004922910027
22.5751405837595
22.3497888765164
22.1244371692733
22.5357052343977
22.3103535271546
22.4033117060952
22.4962698850359
22.5892280639765
23.9554257876523
23.0934543080416
22.2314828284309
22.9610607797391
22.0990893001284
22.5103573652529
22.2850056580097
22.6962737231342
23.1075417882586
21.2906406500965
22.3385284875885
22.1131767803454
22.8427547316536
21.0258535934915
21.437121658616
21.2117699513728
20.6681083579459
21.3976863092541
22.7638840329299
20.3103631224003
19.1300817566058
19.5413498217302
19.3159981144871
18.4540266348763
17.9103650414494
17.3667034480225
17.4596616269631
18.1892395782714
18.6005076433958
16.7836065052337
16.8765646841744
16.6512129769312
17.3807909282395
17.4737491071801
16.9300875137532
17.6596654650614
17.7526236440021
17.8455818229427
18.2568498880672
18.031498180824
18.1343151971051
18.2371322133863
18.3399492296674
18.4427662459485
18.5357244248891
18.4793864980783
18.4230485712676
18.3667106444568
18.310372717646
18.411217966459
18.512063215272
18.612908464085
18.7137537128981
18.8145989617111
18.9154442105241
19.0162894593371
19.1171347081501
19.2179799569631
19.3188252057762
19.4647407960378
19.6106563862995
19.7565719765611
19.9024875668227
20.0484031570844
20.0033328156358
19.9582624741871
19.9131921327385
19.8681217912899
19.8230514498413
19.6506571539191
19.478262857997
19.3058685620748
19.1334742661527
18.9610799702305
18.9796716060187
18.9982632418068
19.0168548775949
19.0354465133831
19.0540381491712
19.7836161004794
20.1948841656039
20.6061522307283
20.3808005234852
20.7920685886096
21.203336653734
21.6146047188585
21.7075628977991
22.7554507352912
23.1667188004156
22.3047473208049
22.0793956135617
22.1723537925024
22.5836218576268
22.0399602641999
22.7695382155081
22.8624963944488
22.6371446872057
23.0484127523301
22.5047511589032
22.9160192240276
22.3723576306007
22.7836256957251
22.8765838746658
22.6512321674226
23.0625002325471
21.8822188667526
22.6117968180608
23.0230648831852
22.7977131759421
21.2991219239638
21.3920801029044
20.8484185094775
20.9413766884182
21.3526447535426
21.7639128186671
19.947011680505
18.7667303147104
19.4963082660187
18.9526466725918
18.4089850791648
17.8653234857379
17.321661892311
17.0963101850678
17.1892683640085
17.6005364291329
17.056874835706
17.1498330146466
16.9244813074035
17.6540592587117
17.1103976652848
17.5216657304092
17.9329337955337
18.0258919744743
17.8005402672312
18.2118083323556
18.6230763974801
18.7160345764207
18.4906828691776
18.5836410481182
18.6765992270589
18.132937633632
17.589276040205
18.0005441053295
18.0935022842701
18.1864604632108
18.2794186421514
18.6906867072759
18.7836448862165
18.8766030651571
18.651251357914
19.0625194230385
18.5188578296115
18.2935061223684
19.3413939598604
19.1160422526173
20.4822399762931
19.6202684966824
20.3498464479906
20.1244947407475
20.2174529196881
19.6737913262612
20.0850593913856
20.4963274565101
20.5892856354507
20.0456240420238
19.8202723347807
19.9132305137213
19.0512590341106
19.462527099235
18.6005556196243
19.3301335709325
19.741401636057
19.8343598149976
19.6090081077545
19.0653465143276
19.1583046932682
19.8878826445765
19.9808408235171
19.755489116274
20.803376953766
20.8963351327066
21.6259130840149
21.7188712629555
22.4484492142638
21.9047876208368
22.3160556859613
21.7723940925343
22.5019720438426
22.5949302227832
22.0512686293563
21.8259169221131
22.2371849872376
23.2850728247296
22.4231013451189
22.1977496378758
22.2907078168164
22.0653561095733
22.1583142885139
22.5695823536384
22.3442306463952
23.0738085977034
22.5301470042765
22.6231051832172
22.397753475974
22.8090215410985
21.3104302891202
21.4033884680608
23.4062059641042
22.8625443706773
20.4090234601476
21.1386014114558
20.5949398180289
18.7780386798668
19.1893067449912
18.6456451515643
18.4202934443212
17.5583219647105
17.6512801436511
17.1076185502242
17.2005767291648
17.6118447942893
17.0681832008623
17.161141379803
16.9357896725599
17.0287478515005
17.1217060304412
17.2146642093818
17.6259322745063
17.4005805672631
17.4935387462038
17.5864969251444
17.9977649902689
18.0907231692095
18.1836813481502
18.2766395270908
18.3695977060315
18.1442459987883
17.6005844053614
17.693542584302
17.7865007632427
18.1977688283671
18.2907270073078
18.0653753000646
18.1583334790053
17.9329817717621
18.6625597230704
18.755517902011
19.1667859671355
17.986504601341
18.0794627802816
18.4907308454061
19.2203087967143
19.9498867480225
19.7245350407794
19.4991833335363
19.5921415124769
20.0034095776013
19.7780578703582
19.8710160492989
19.6456643420557
20.0569324071802
19.5132708137532
19.2879191065101
19.6991871716345
18.8372156920238
18.9301738709645
18.0682023913537
18.1611605702944
18.8907385216026
19.3020065867271
19.0766548794839
18.8513031722408
18.9442613511814
19.0372195301221
19.4484875952465
19.5414457741872
19.9527138393116
20.6822917906199
20.7752499695605
20.8682081485012
21.2794762136256
21.3724343925663
21.4653925715069
21.5583507504476
21.6513089293882
21.7442671083289
21.8372252872695
21.6118735800264
22.6597614175184
21.7977899379077
22.2090580030321
22.3020161819728
22.0766644747296
22.1696226536703
21.6259610602434
22.0372291253678
21.8118774181247
21.9048355970653
22.3161036621898
21.454132182579
22.1837101338873
21.9583584266441
21.733006719401
21.1893451259741
20.9639934187309
21.0569515976716
20.8315998904284
24.107656931207
21.0175162483097
19.8372348825152
18.9752634029045
18.7499116956614
19.1611797607858
18.6175181673589
17.7555466877482
17.530194980505
16.6682235008943
16.761181679835
17.1724497449594
17.2654079239
16.0851265581055
16.8147045094138
16.5893528021706
17.0006208672951
16.7752691600519
17.5048471113602
17.279495404117
18.0090733554253
17.7837216481821
17.558369940939
17.9696380060634
18.3809060711879
18.1555543639447
18.2485125428854
17.7048509494584
17.7978091283991
17.5724574211559
17.6654156000966
17.7583737790372
18.1696418441617
18.2626000231023
18.355558202043
17.811896608616
18.2231646737405
18.3161228526811
18.7273909178056
18.1837293243787
18.5949973895031
17.7330259098924
19.0992236335682
19.1921818125088
19.2851399914495
19.3780981703901
19.152746463147
19.5640145282714
19.3386628210283
20.0682407723365
19.8428890650934
19.9358472440341
20.0288054229747
19.166833943364
19.2597921223046
19.3527503012453
18.4907788216346
18.5837370005752
18.3583852933321
18.7696533584565
19.180921423581
19.2738796025216
19.0485278952785
18.8231761880353
18.5978244807922
19.0090925459166
19.7386704972249
19.8316286761655
19.9245868551062
20.6541648064144
20.747122985355
21.1583910504795
20.9330393432364
21.6626172945446
21.4372655873014
21.5302237662421
21.9414918313665
21.3978302379396
21.8090983030641
21.2654367096371
22.3133245471291
22.7245926122536
21.8626211326429
22.5921990839511
22.0485374905242
22.1414956694648
21.9161439622217
22.0091021411623
22.102060320103
22.1950184990436
22.9245964503519
21.4260051983736
22.4738930358656
21.6119215562549
21.3865698490117
21.1612181417686
21.572486206893
21.0288246134661
20.803472906223
20.8964310851636
23.2175584673908
19.8091078983097
18.3105166463314
19.0400945976397
19.1330527765803
18.9077010693372
18.0457295897265
17.1837581101157
16.9584064028726
17.0513645818132
17.4626326469377
16.9189710535108
16.6936193462676
16.4682676390245
16.2429159317813
16.9724938830896
17.0654520620302
17.4767201271547
17.8879881922791
17.662636485036
18.0739045501604
18.1668627291011
18.2598209080417
18.3527790869824
18.7640471521068
18.5386954448637
18.6316536238043
17.7696821441936
17.5443304369505
17.6372886158911
18.3668665671993
18.1415148599562
17.9161631527131
18.6457411040213
18.1020795105944
18.195037689535
18.6063057546595
18.3809540474163
18.1556023401732
18.2485605191138
18.6598285842383
18.1161669908113
19.1640548283034
18.9387031210602
19.3499711861847
19.4429293651253
19.535887544066
19.9471556091904
19.4034940157635
19.4964521947041
20.2260301460124
19.6823685525854
19.1387069591585
19.8682849104667
19.3246233170398
19.0992716097967
18.5556100163697
18.6485681953104
18.741526374251
19.1527944393755
18.9274427321323
19.020400911073
18.4767393176461
18.8880073827705
19.2992754478949
19.3922336268356
19.4851918057762
20.2147697570845
20.3077279360251
20.7189960011496
20.8119541800902
21.2232222452147
21.3161804241553
21.7274484892797
21.5020967820366
21.9133648471611
21.3697032537341
22.0992812050424
21.2373097254316
21.0119580181885
22.6964656280481
22.471113920805
22.2457622135618
21.7021006201349
21.7950587990755
21.8880169780162
21.6626652707731
22.0739333358975
21.5302717424706
22.2598496937788
22.0344979865357
22.4457660516601
22.5387242306007
21.67675275099
21.4514010437469
21.2260493365037
21.3190075154444
20.7753459220175
21.5049238733257
20.3246425075312
20.4176006864718
18.6006995483097
18.3753478410666
18.786615906191
17.9246444265803
17.3809828331534
17.1556311259102
16.9302794186671
16.704927711424
17.4345056627322
16.5725341831215
16.6654923620621
16.1218307686352
16.8514087199434
16.9443668988841
17.0373250778247
17.4485931429492
17.5415513218898
17.3161996146467
17.4091577935874
18.1387357448956
18.2316939238362
18.3246521027769
18.4176102817175
18.5105684606582
17.6485969810475
17.4232452738043
17.516203452745
17.6091616316856
18.3387395829939
18.1133878757507
17.8880361685076
17.9809943474482
17.7556426402051
17.8486008191457
17.6232491119026
17.3978974046595
17.4908555836001
17.9021236487246
18.313391713849
19.361279551341
18.4993080717303
18.5922662506709
18.6852244296116
19.096492494736
19.5077605598605
19.6007187388011
19.375367031558
19.1500153243149
19.8795932756231
19.0176217960124
19.110579974953
19.2035381538937
19.2964963328343
18.4345248532236
18.2091731459805
17.6655115525535
18.3950895038618
19.12466745517
18.8993157479269
18.6739640406837
18.7669222196244
18.859880398565
19.2711484636895
19.6824165288139
19.4570648215708
20.186642772879
20.2796009518197
20.6908690169441
20.7838271958848
21.1950952610092
21.2880534399498
21.3810116188905
21.1556599116474
21.8852378629556
21.3415762695287
22.0711542208369
21.52749262741
21.6204508063506
22.0317188714751
21.8063671642319
22.8542550017239
21.9922835221132
22.0852417010539
21.8598899938107
21.6345382865676
22.045806351692
21.8204546444489
22.2317227095733
21.3697512299626
22.4176390674546
21.5556675878439
21.012005994417
21.4232740595414
23.107781669401
23.2007398483417
21.3838387101796
23.0683463200392
22.5246847266123
19.7528539298988
19.8458121088395
19.3021505154125
18.7584889219856
18.2148273285587
17.6711657351317
17.4458140278886
16.9021524344617
16.6768007272185
17.7246885647105
16.544407198916
16.6373653778567
16.0937037844298
17.1415916219218
16.9162399146786
17.0091980936193
17.4204661587437
17.5134243376844
17.606382516625
17.3810308093819
17.7922988745063
18.5218768258146
18.2965251185714
18.3894832975121
18.1641315902689
17.9387798830258
17.3951182895989
17.4880764685395
17.2627247612964
18.3106125987884
17.7669510053615
18.1782190704859
17.9528673632428
18.3641354283672
17.8204738349403
18.2317419000647
17.6880803066378
17.4627285993947
17.8739966645191
18.6035746158273
19.3331525671356
20.0627305184438
18.5641392664655
18.6570974454062
19.3866753967144
19.479633575655
19.8909016407795
19.9838598197201
19.758508112477
19.5331564052338
19.6261145841745
19.0824529907476
19.1754111696882
18.9500594624451
18.4063978690182
18.4993560479588
17.9556944545319
18.3669625196563
19.0965404709645
18.8711887637214
18.9641469426621
18.1021754630513
19.4683731867271
19.243021479484
19.3359796584247
19.7472477235491
20.1585157886735
20.2514739676142
20.6627420327386
20.7557002116793
21.1669682768037
21.2599264557444
21.352884634685
21.4458428136257
21.8571108787501
21.3134492853232
22.0430272366314
21.4993656432045
21.5923238221451
22.0035918872696
21.7782401800265
23.1444379037023
22.2824664240915
22.0571147168484
21.8317630096053
21.6064113023621
21.6993694813028
22.1106375464272
22.8402154977355
21.6599341319409
22.707821969433
21.8458504898222
22.2571185549467
21.395147075336
22.7613447990118
22.8543029779524
21.0374018397903
21.130360018731
22.4965577424068
20.3613467180609
19.1810653522664
20.5472630759422
18.4120520515963
18.1867003443532
17.3247288647425
17.4176870436831
17.19233533644
17.2852935153806
17.6965615805051
16.8345901008944
16.6092383936512
16.7021965725919
16.7951547515325
16.8881129304732
17.2993809955976
17.3923391745383
17.4852973534789
17.8965654186033
17.989523597544
18.4007916626684
18.4937498416091
18.5867080205497
18.6796661994904
17.8176947198797
17.5923430126365
18.003611077761
17.7782593705178
17.8712175494585
17.6458658422153
18.0571339073398
18.1500920862804
18.2430502652211
18.0176985579779
18.4289666231024
17.8853050296755
17.6599533224323
17.4346016151892
18.1641795664974
19.2120674039894
19.3050255829301
19.3979837618707
18.8543221684438
19.2655902335683
19.0402385263251
19.7698164776334
19.5444647703902
19.3191130631471
19.4120712420877
19.5050294210284
19.597987599969
19.0543260065421
19.4655940716665
19.2402423644234
18.6965807709965
18.1529191775695
18.2458773565102
18.6571454216346
19.0684134867591
18.5247518933321
18.299400186089
18.3923583650297
18.8036264301541
19.8515142676461
19.3078526742192
19.7191207393436
20.1303888044681
19.9050370972249
20.6346150485332
20.40926334129
21.1388412925983
21.2317994715389
21.3247576504796
21.4177158294202
21.5106740083609
21.2853223011177
22.014900252426
21.471238658999
21.8825067241235
21.9754649030641
22.0684230820048
22.4796911471292
22.2543394398861
22.3472976188267
21.8036360253998
21.5782843181567
21.9895523832811
21.4458907898542
22.1754687411624
21.3134972615517
22.3613850990437
21.499413619433
22.8656113431088
22.6402596358657
23.0515277009901
22.5078661075632
21.3275847417687
21.4205429207093
21.51350109965
20.3332197338555
19.152938368061
19.5642064331854
19.6571646121261
18.1585733601477
17.6149117667208
16.7529402871101
17.1642083522345
17.2571665311752
17.9867444824834
16.8064631166889
15.9444916370782
16.6740695883864
16.7670277673271
16.8599859462677
16.9529441252084
17.3642121903328
17.7754802554573
17.8684384343979
17.6430867271548
18.372664678463
18.1473129712199
18.2402711501605
18.651539215285
18.4261875080418
17.5642160284311
17.338864321188
17.7501323863124
17.2064707928855
17.6177388580099
17.3923871507668
18.121965102075
17.8966133948319
17.9895715737725
17.7642198665294
17.5388681592862
17.3135164520431
17.7247845171675
17.8177426961082
19.183940419784
18.9585887125409
19.0515468914815
18.8261951842384
19.5557731355466
18.6938016559359
19.4233796072441
19.5163377861848
19.2909860789416
19.3839442578823
19.4769024368229
19.2515507295798
19.0261990223367
19.1191572012773
18.8938054940342
18.3501439006072
18.1247921933641
17.5811305999372
18.6290184374292
18.7219766163698
18.8149347953105
18.2712732018836
18.3642313808242
18.4571895597649
18.8684576248893
20.2346553485651
19.6909937551382
20.4205717064464
20.5135298853871
20.6064880643277
20.6994462432684
20.792404422209
21.2036724873335
21.2966306662741
21.3895888452148
21.8008569103392
21.2571953169123
21.9867732682205
21.1248017886098
22.1726896261018
21.9473379188587
22.0402960977993
22.7698740491076
21.9079025694968
22.9557904069889
21.7755090411944
21.868467220135
22.2797352852594
22.0543835780163
22.7839615293245
21.9219900497138
22.6515680010221
22.1079064075951
22.8374843589034
22.930442537844
23.0234007167847
23.1163588957253
20.9811478713794
22.9839653674228
22.4403037739959
20.6234026358338
19.1248113838555
19.5360794489799
18.992417855553
19.7219958068612
17.9050946686991
17.0431231890884
17.1360813680291
17.5473494331535
17.6403076120942
16.7783361324834
16.8712943114241
16.645942604181
17.0572106693054
16.8318589620623
16.9248171410029
17.3360852061274
17.429043385068
17.5220015640086
17.6149597429493
17.7079179218899
18.4374958731982
18.212144165955
18.3051023448957
19.0346802962039
17.8543989304094
17.6290472231663
17.7220054021069
17.8149635810476
17.9079217599882
18.0008799389289
18.0938381178695
18.1867962968102
17.6431347033832
18.3727126546915
17.192431288897
17.6036993540214
17.6966575329621
17.7896157119027
18.2008837770271
18.6121518421516
19.3417297934598
18.7980682000329
19.2093362651573
19.302294444098
19.0769427368548
19.4882108019793
19.8994788671037
19.6741271598606
19.4487754526174
19.2234237453743
18.9980720381312
19.0910302170718
19.1839883960125
18.6403268025855
18.0966652091586
18.1896233880993
18.6008914532237
18.6938496321643
19.1051176972888
18.8797659900456
18.6544142828025
18.4290625755594
18.8403306406838
19.2515987058083
19.9811766571165
20.0741348360571
20.1670930149978
20.5783610801222
20.6713192590629
20.7642774380035
21.4938553893118
21.2685036820686
21.6797717471931
21.7727299261337
21.5473782188906
21.958646284015
21.4149846905881
22.1445626418963
21.9192109346532
22.0121691135938
22.7417470649021
21.8797755852914
22.2910436504158
22.3840018293565
21.8403402359295
21.6149885286864
22.0262565938108
22.7558345451191
21.5755531793246
22.3051311306328
21.7614695372059
22.8093573746979
21.6290760089034
23.313583618763
23.7248516838874
21.5896406595415
21.3642889522984
22.7304866759742
20.2769657654445
19.09668439965
19.5079524647745
19.2826007575313
18.4206292779206
18.831897343045
17.3333060910667
17.1079543838236
17.2009125627642
17.9304905140725
16.750209148278
16.8431673272186
16.9361255061593
17.0290836850999
16.8037319778568
17.2150000429812
16.9896483357381
17.4009164008625
17.4938745798032
17.9051426449276
17.9981008238683
18.0910590028089
18.1840171817496
18.2769753606902
18.0516236534471
18.1445818323877
17.9192301251446
17.6938784179015
18.1051464830259
17.2431750034152
17.9727529547234
18.0657111336641
18.1586693126047
17.6150077191778
18.0262757843022
17.1643043046915
17.5755723698159
17.3502206625728
17.7614887276972
18.4910666790055
18.5840248579461
18.358673150703
18.4516313296436
18.5445895085843
19.2741674598925
19.3671256388332
19.14177393159
19.5530419967145
19.3276902894713
19.7389583545958
19.5136066473526
18.6516351677419
19.0629032328663
19.155861411807
18.6121998183801
18.7051579973207
18.1614964038938
18.5727644690182
18.6657226479589
18.7586808268995
18.2150192334726
17.9896675262295
18.4009355913539
18.8122036564783
18.905161835419
19.3164299005434
21.000937510403
20.4572759169761
20.231924209733
20.9615021610412
20.4178405676143
21.4657284051063
21.2403766978632
21.6516447629876
21.7446029419283
21.8375611208689
21.9305192998096
21.7051675925664
22.1164356576909
22.2093938366315
22.3023520155722
22.7136200806966
21.8516486010859
22.2629166662103
21.7192550727834
22.4488330240916
21.9051714306647
21.6798197234216
22.7277075609136
21.5474261951191
22.2770041464273
21.7333425530004
21.5079908457572
22.8741885694331
23.2854566345575
22.7417950411306
21.5615136753361
21.3361619680929
21.7474300332174
20.2488387812391
19.0685574154445
19.479825480569
19.5727836595096
19.0291220660827
17.8488407002882
17.9417988792288
17.7164471719857
17.4910954647426
17.902363529867
16.7220821640725
16.8150403430131
16.58968863577
17.0009567008944
16.7756049936513
17.1868730587757
17.5981411239002
17.6910993028408
17.7840574817815
17.5587057745383
17.9699738396628
18.3812419047872
18.4742000837279
17.930538490301
17.7051867830578
17.7981449619985
18.2094130271229
17.665751433696
17.7587096126366
17.5333579053935
17.3080061981504
18.0375841494586
17.8122324422154
17.9051906211561
17.9981488000967
17.4544872066698
17.5474453856105
17.3220936783673
17.7333617434918
18.1446298086162
18.5558978737407
18.3305461664975
18.4235043454382
18.8347724105626
18.9277305895033
19.3389986546277
19.4319568335683
18.8882952401414
18.9812534190821
19.0742115980227
19.4854796631472
18.9418180697202
19.0347762486609
18.8094245414177
18.2657629479908
18.0404112407477
17.8150595335045
18.5446374848128
18.3192857775696
18.7305538426941
18.1868922492671
18.2798504282078
18.3728086071484
19.1023865584567
19.8319645097649
19.9249226887056
20.6545006400138
21.0657687051382
20.5221071117113
20.9333751768357
21.0263333557764
21.4376014209008
21.5305595998415
21.9418276649659
22.0347858439066
22.1277440228472
22.2207022017879
21.9953504945447
22.724928445853
22.181266852426
22.5925349175505
23.0038029826749
22.460141389248
22.2347896820049
22.0094379747617
21.4657763813348
22.5136642188268
21.9700026253999
22.6995805767081
21.5192992109136
22.2488771622218
21.3869056826111
22.7531034062869
23.1643714714114
22.9390197641683
23.3502878292927
23.1249361220496
23.2178943009902
23.3108524799309
20.5390216832174
19.3587403174229
19.7700083825473
19.862966561488
18.6826851956935
17.8207137160827
17.2770521226558
18.3249399601478
17.7812783667209
17.8742365456616
16.693955179867
16.7869133588077
16.5615616515646
16.6545198305052
17.0657878956297
16.8404361883865
17.251704253511
17.0263525462678
17.1193107252085
17.5305787903329
17.9418468554573
18.3531149205818
17.8094533271549
17.9024115060955
18.31367957122
17.770017977793
17.5446662705499
18.2742442218581
18.048892514615
18.1418506935556
17.5981891001287
17.6911472790693
17.78410545801
17.8770636369506
17.6517119297075
17.1080503362806
17.2010085152212
17.2939666941619
17.7052347592863
18.4348127105946
18.5277708895352
18.3024191822921
18.3953773612327
19.124955312541
18.8996036052978
18.9925617842385
19.0855199631791
19.4967880283036
18.6348165486928
19.0460846138173
19.4573526789417
18.9136910855148
19.0066492644554
19.4179173295799
18.8742557361529
18.6489040289098
18.1052424354829
18.5165105006073
18.609468679548
19.0207367446724
18.4770751512455
18.5700333301861
18.6629915091268
19.0742595742512
19.8038375255594
19.8967957045001
19.9897538834407
21.0376417209328
20.8122900136896
20.9052481926303
20.6798964853871
21.4094744366954
21.502432615636
22.2320105669443
22.0066588597011
22.0996170386418
22.1925752175824
21.9672235103393
22.3784915754637
22.4714497544044
22.564407933345
22.9756759984695
22.1137045188587
22.2066626977994
21.6630011043725
22.0742691694969
22.1672273484376
22.578495413562
22.3531437063189
21.4911722267081
22.2207501780164
21.6770885845894
22.4066665358977
21.544695056287
23.2292026661466
23.3221608450872
21.1869498207413
22.8714574306009
22.9644156095416
20.1925848128281
19.6489232194012
20.0601912845256
19.1982198049149
18.0179384391204
17.7925867318773
17.2489251384503
17.0235734312072
18.389771154883
17.5277996752723
16.3475183094778
16.4404764884184
16.2151247811753
16.9447027324835
17.0376609114242
16.812309204181
16.9052673831217
16.9982255620623
17.4094936271868
17.5024518061274
17.9137198712519
17.6883681640087
17.7813263429494
17.5559746357063
17.9672427008307
17.7418909935876
17.5165392863444
17.2911875791013
18.0207655304095
17.7954138231664
17.5700621159232
17.6630202948639
17.7559784738045
17.5306267665614
17.9418948316858
17.0799233520751
17.1728815310158
17.2658397099564
17.9954176612647
18.0883758402053
18.181334019146
18.2742921980866
18.3672503770273
18.7785184421517
18.8714766210923
19.2827446862168
19.0573929789736
19.1503511579143
19.2433093368549
18.699647743428
19.1109158085525
18.8855641013093
18.97852228025
19.3897903453744
18.5278188657637
17.9841572723368
17.7588055650936
18.1700736302181
18.5813416953425
18.6742998742832
18.7672580532238
18.5419063459807
18.6348645249213
19.0461325900458
19.775710541354
20.1869786064784
20.2799367854191
20.3728949643597
21.102472915668
21.5137409807924
21.2883892735493
21.3813474524899
21.4743056314306
21.885573696555
21.9785318754957
22.0714900544363
22.4827581195608
21.9390965261338
22.3503645912583
22.4433227701989
22.8545908353234
23.2658589004478
22.4038874208371
22.4968455997777
21.634874120167
22.0461421852915
22.1391003642321
21.913748656989
23.5982562668486
21.1447353563189
22.5109330799947
21.648961600384
22.696849437876
23.1081175030005
23.2010756819411
22.6574140885142
20.8405129503521
22.5250205602117
21.663049080601
20.1644578286227
19.6207962351957
19.7137544141364
19.4884027068932
18.6264312272825
17.7644597476718
16.9024882680611
17.3137563331855
17.72502439831
18.4546023496182
16.6377012114561
16.7306593903968
16.1869977969698
16.5982658620943
16.6912240410349
16.7841822199756
17.1954502851
17.2884084640407
17.0630567567975
17.1560149357382
17.5672830008626
17.6602411798033
17.7531993587439
18.1644674238684
17.9391157166252
17.7137640093821
17.8067221883227
17.5813704810796
17.3560187738364
17.7672868389609
17.8602450179015
18.271513083026
17.727851489599
17.8208096685397
18.2320777336641
17.3701062540534
17.1447545468103
16.9194028395671
17.3306709046916
17.741938969816
17.8348971487567
18.2461652138811
18.3391233928218
18.4320815717624
19.1616595230706
18.9363078158275
19.0292659947682
19.1222241737088
18.8968724664657
19.3081405315901
18.4461690519794
18.8574371171038
18.9503952960445
19.3616633611689
18.4996918815582
18.2743401743151
17.7306785808881
18.7785664183802
18.8715245973208
18.6461728900777
18.4208211828345
18.5137793617752
19.2433573130834
19.0180056058403
20.0658934433323
20.158851622273
20.5701196873974
20.9813877525218
20.7560360452787
21.1673041104031
21.5785721755276
21.6715303544682
21.7644885334089
22.1757565985333
21.9504048912902
22.0433630702308
22.4546311353553
22.2292794281122
22.6405474932366
22.7335056721772
22.8264638511179
23.5560418024261
22.6940703228154
22.4687186155723
21.6067471359615
22.018015201086
22.1109733800266
22.2039315589673
22.9335095102755
22.7081578030324
22.1644962096054
21.3025247299947
22.6687224536705
22.1250608602436
23.1729486977356
22.9475969904925
21.1306958523304
21.2236540312711
22.9081616411307
19.8180209582334
19.5926692509903
20.0039373161147
18.8236559503202
18.2799943568933
18.0546426496501
17.1926711700394
17.2856293489801
17.3785875279207
17.4715457068614
17.2461939996182
16.3842225200075
16.1588708127644
16.8884487640726
16.9814069430133
17.0743651219539
16.8490134147108
16.9419715936514
17.0349297725921
17.4461978377165
17.857465902841
17.6321141955978
17.7250723745385
17.1814107811115
17.9109887324198
18.0039469113604
18.4152149764849
17.5532434968741
17.0095819034472
17.7391598547554
17.8321180336961
18.5616959850043
18.0180343915774
18.110992570518
16.9307112047235
17.0236693836642
17.1166275626048
17.5278956277293
17.9391636928537
18.668741644162
18.125080050735
18.2180382296757
18.3109964086163
18.0856447013732
19.1335325388652
19.2264907178059
19.0011390105627
19.0940971895034
19.187055368444
19.2800135473847
19.3729717263253
18.8293101328984
18.922268311839
19.3335363769635
18.7898747835365
18.5645230762934
18.0208614828665
18.7504394341747
18.5250877269316
18.936355792056
19.0293139709967
18.4856523775697
18.5786105565104
19.3081885078186
20.0377664591268
20.1307246380675
20.5419927031919
20.6349508821326
21.046218947257
20.8208672400139
21.5504451913221
22.2800231426304
21.4180516630196
22.1476296143279
21.9222779070847
22.0152360860254
22.4265041511498
21.8828425577229
22.6124205090311
22.387068801788
22.4800269807286
23.5279148182207
22.3476334524262
22.122281745183
21.8969300379399
21.6715783306967
21.7645365096374
22.1758045747618
22.9053825260701
21.4067912740918
23.4096087701351
21.2743977457893
21.6856658109137
21.4603141036706
22.8265118273464
21.6462304615519
20.7842589819412
20.8772171608818
21.2884852260062
19.7898939740279
19.246232380601
19.9758103319092
19.1138388522985
18.5701772588716
17.7082057792609
16.8462342996502
16.9391924785908
17.0321506575315
17.7617286088397
16.5814472430452
16.356095535802
16.7673636009265
16.5420118936833
16.634970072624
16.7279282515646
16.8208864305053
16.9138446094459
16.6884929022028
17.0997609673272
17.5110290324517
17.6039872113923
17.696945390333
17.7899035692736
17.8828617482143
17.6575100409711
17.7504682199118
17.5251165126687
17.6180746916093
17.71103287055
17.4856811633068
18.2152591146151
18.6265271797395
18.7194853586801
17.5392039928856
17.6321621718263
17.4068104645832
17.18145875734
17.9110367086482
18.0039948875889
18.0969530665295
17.8716013592864
18.2828694244109
18.6941374895353
19.1054055546597
19.1983637336004
19.6096317987248
19.3842800914817
19.1589283842385
19.2518865631792
19.6631546283036
19.1194930348767
18.8941413276336
19.305409392758
18.7617477993311
18.5363960920879
18.3110443848448
18.4040025637854
18.8152706289099
18.9082288078505
19.0011869867912
18.4575253933643
19.1871033446725
19.5983714097969
20.0096394749214
19.7842877676782
20.5138657189865
20.6068238979271
21.0180919630516
21.1110501419922
21.2040083209329
22.5702060446087
22.0265444511818
22.4378125163062
21.8941509228793
21.9871091018199
22.3983771669444
21.8547155735174
22.9026034110095
22.6772517037663
22.4518999965232
23.818097720199
22.3195064682207
22.0941547609775
21.8688030537344
21.9617612326751
22.3730292977995
22.4659874767402
22.8772555418646
21.0603544037025
21.4716224688269
23.1561300786865
21.6575388267082
22.7054266642003
23.1166947293247
20.9814837049788
20.4378221115519
20.5307802904925
21.2603582418008
19.7617669898225
18.8997955102118
19.62937346152
18.7674019819093
17.5871206161148
17.6800787950554
16.8181073154447
17.2293753805691
17.3223335595098
17.4152917384504
15.9167004864721
16.0096586654128
16.739236616721
17.4688145680293
16.9251529746023
16.6998012673592
16.7927594462998
16.8857176252405
16.9786758041811
16.753324096938
17.80121193443
17.2575503410031
17.3505085199437
17.4434666988844
17.8547347640088
17.9476929429495
17.7223412357063
17.4969895284632
17.2716378212201
17.6829058863445
17.4575541791014
17.8688222442258
18.2800903093503
18.3730484882909
17.829386894864
17.9223450738046
17.3786834803777
17.7899515455021
18.2012196106266
18.2941777895672
17.7505161961403
18.4800941474485
18.2547424402054
18.347700619146
18.7589686842705
19.1702367493949
19.5815048145194
19.3561531072762
19.1308014000331
19.2237595789737
19.953337530282
19.0913660506713
19.1843242296119
19.2772824085526
19.0519307013094
18.5082691078825
18.2829174006394
18.6941854657638
18.7871436447045
19.1984117098289
18.9730600025858
19.0660181815264
18.8406664742833
19.5702444255915
19.9815124907159
20.3927805558404
20.8040486209648
20.8970067999055
20.9899649788461
21.4012330439706
21.4941912229112
21.5871494018519
21.9984174669763
22.4096855321008
22.1843338248576
21.9589821176145
22.6885600689227
21.826588589312
22.874476426804
22.9674346057447
23.0603927846853
23.7899707359935
22.2913794840152
22.3843376629559
22.1589859557128
21.9336342484696
22.9815220859616
22.1195506063509
22.8491285576591
21.6688471918646
22.0801152569891
21.5364536635622
23.2209612734218
21.4040601352597
21.8153282003841
20.6350468345896
20.7280050135302
21.1392730786547
21.2322312575953
19.733640005617
19.1899784121901
19.6012464773146
18.7392749977038
17.8773035180931
17.65195181085
16.7899803312392
16.8829385101799
17.2942065753043
17.387164754245
15.8885735022667
15.9815316812073
16.074489860148
17.12237769764
16.8970259903969
16.6716742831537
17.0829423482782
16.857590641035
16.9505488199757
17.0435069989163
17.4547750640408
17.5477332429814
17.0040716495545
17.0970298284951
18.1449176659872
17.6012560725602
18.0125241376847
17.4688625442577
17.2435108370146
17.0181591297715
17.4294271948959
17.8406952600204
18.2519633251448
18.3449215040854
17.1646401382909
17.2575983172316
17.668866382356
17.7618245612967
17.5364728540535
17.947740919178
17.7223892119348
17.8153473908755
18.2266154559999
18.6378835211244
19.0491515862488
19.1421097651895
19.2350679441301
19.009716236887
19.1026744158276
19.1956325947683
19.9252105460765
19.3815489526496
19.4745071315902
19.5674653105309
19.023803717104
18.480142123677
18.5731003026177
18.6660584815583
19.0773265466828
19.1702847256234
18.9449330183803
18.7195813111372
19.1308493762616
19.8604273275698
20.2716953926943
20.0463436854511
20.4576117505756
20.8688798157
20.9618379946407
21.3731060597651
22.4209938972571
22.5139520761978
21.6519805965871
22.6998684340791
22.1562068406522
21.930855133409
22.3421231985335
22.1167714912903
22.5280395564148
22.9393076215392
22.7139559142961
23.1252239794205
21.944942613626
22.0379007925666
22.1308589715073
22.2238171504479
22.6350852155724
22.0914236221455
21.8660719149023
21.6407202076592
22.0519882727836
21.1900167931729
22.2379046306649
23.6041023543407
21.1505814438111
20.9252297365679
21.0181879155086
20.7928362082654
20.8857943872061
19.7055130214116
18.5252316556171
19.2548096069253
19.0294578996822
17.8491765338877
17.6238248266445
16.44354346085
17.1731214121582
17.2660795910989
17.3590377700395
15.5421366318774
15.9534046970019
16.3646727621263
17.0942507134345
17.1872088923752
16.3252374127645
17.0548153640727
16.8294636568296
16.9224218357702
17.3336899008947
17.4266480798353
17.8379161449598
17.2942545515328
17.0689028442897
17.7984807955979
17.5731290883548
17.9843971534792
17.4407355600523
16.8970739666254
17.6266519179336
17.7196100968743
18.1308781619987
18.2238363409394
18.31679451988
18.0914428126369
17.5477812192099
17.6407393981506
18.052007463275
17.8266557560319
17.282994162605
17.6942622277294
18.1055302928538
18.5167983579783
18.9280664231027
19.3393344882272
19.113982780984
19.2069409599247
19.2255325957128
19.2441242315009
19.2627158672891
19.2813075030772
19.2998991388653
19.1275048429432
18.955110547021
18.7827162510989
18.6103219551768
18.4379276592546
18.5308858381953
18.9421539033197
19.0351120822604
18.8097603750172
18.5844086677741
19.6322965052661
20.0435645703906
20.454832635515
19.9111710420881
20.3224391072125
20.7337071723369
20.8266653512776
21.237933416402
21.6492014815265
21.7421596604671
21.8351178394078
21.9280760183484
22.6576539696567
22.1139923762297
22.5252604413542
21.6632889617435
22.3928669130517
22.8041349781761
22.8970931571168
22.9900513360574
22.1280798564467
22.2210380353874
22.313996214328
22.4069543932687
22.8182224583931
21.6379410925986
21.4125893853555
20.8689277919285
21.9168156294206
21.3731540359936
22.4210418734857
21.2407605076911
23.2435780037345
20.1534373208373
20.2463954997779
20.6576635649024
21.3872415162106
19.5703403780485
19.0266787846216
18.8013270773784
18.5759753701353
18.3506236628922
17.4886521832814
16.9449905898545
17.0379487687952
17.1309069477358
17.5421750128603
16.043583760882
15.8182320536388
16.2295001187633
16.9590780700715
16.7337263628283
17.1449944279528
16.6013328345259
16.3759811272827
16.7872491924072
16.8802073713478
17.609785322656
17.3844336154129
16.840772021986
17.5703499732942
17.6633081522349
17.7562663311755
17.5309146239324
17.3055629166892
17.0802112094461
17.8097891607543
18.2210572258788
17.9957055186356
18.0886636975763
18.1816218765169
17.63796028309
18.0492283482144
18.1421865271551
18.5534545922795
18.6464127712202
18.1027511777933
18.1957093567339
19.2435971942259
18.3816257146152
18.7928937797397
18.8858519586803
19.2971200238048
19.3900782027454
19.4830363816861
19.2576846744429
19.3506428533836
20.0802208046918
19.8548690974487
19.6295173902055
20.04078545533
18.5421942033517
18.9534622684761
18.728110561233
18.8210687401736
18.9140269191143
19.3252949842387
19.0999432769956
19.1929014559362
19.2858596348769
20.0154375861851
20.4267056513096
20.2013539440664
20.6126220091909
20.7055801881315
20.7985383670722
21.5281163183804
21.3027646111373
21.7140326762617
21.8069908552023
22.2182589203268
21.9929072130837
22.4041752782081
22.4971334571487
21.9534718637218
22.3647399288463
22.7760079939707
22.8689661729113
22.961924351852
22.0999528722413
22.1929110511819
21.649249457755
21.7422076366956
22.4717855880039
22.2464338807607
21.7027722873338
21.1591106939069
21.5703787590313
21.0267171656044
21.119675344545
20.8943236373019
20.9872818162426
21.0802399951832
19.8999586293887
20.6295365806969
20.7224947596376
19.5422133938431
18.6802419142323
18.773200093173
18.5478483859299
17.6858769063191
17.1422153128922
16.9168636056491
17.0098217845897
17.1027799635304
17.195738142471
16.3337666628603
16.1084149556172
16.5196830207416
16.930951085866
16.7055993786229
16.7985575575636
16.8915157365042
16.3478541430773
16.4408123220179
16.8520803871424
16.945038566083
17.0379967450237
16.8126450377805
17.223913102905
17.6351811680294
17.7281393469701
17.1844777535431
16.9591260463
17.0520842252407
16.8267325179975
17.5563104693058
17.6492686482464
17.7422268271871
17.5168751199439
16.973213526517
17.7027914778252
18.1140595429497
17.5703979495227
17.9816660146472
18.0746241935878
18.1675823725285
17.9422306652853
18.3534987304098
18.4464569093504
18.5394150882911
18.9506831534155
19.36195121854
19.1365995112968
19.2295576902375
19.3225158691781
19.097164161935
19.8267421132432
19.2830805198163
19.0577288125732
19.1506869915138
18.2887155119031
18.6999835770275
18.4746318697844
18.8858999349088
18.9788581138495
19.0718162927901
18.846464585547
18.6211128783039
19.3506908296121
19.7619588947365
19.8549170736772
19.9478752526178
20.3591433177423
20.4521014966829
20.5450596756236
20.956327740748
21.0492859196887
21.4605539848131
21.5535121637538
21.6464703426944
21.7394285216351
22.1506965867595
22.2436547657002
21.6999931722732
22.1112612373977
22.2042194163383
22.297177595279
23.0267555465872
21.8464741807927
22.2577422459171
21.7140806524902
21.8070388314309
21.8999970103715
21.9929551893122
22.0859133682528
20.5873221162745
21.6352099537665
21.4098582465234
21.1845065392802
20.6408449458533
20.733803124794
21.1450711899184
19.6464799379401
20.3760578892483
20.469016068189
20.2436643609459
18.7450731089676
18.2014115155406
18.6126795806651
18.0690179872381
17.2070465076274
17.3000046865681
16.1197233207736
16.530991385898
16.6239495648387
17.0352176299631
15.5366263779848
15.6295845569254
15.7225427358661
16.1338108009905
16.545078866115
16.6380370450556
16.4126853378125
16.8239534029369
16.28029180951
16.3732499884507
16.4662081673913
16.8774762325158
16.9704344114564
17.0633925903971
17.4746606555215
17.2493089482784
17.0239572410352
16.7986055337921
16.5732538265489
16.9845218916734
17.3957899567978
17.1704382495547
17.5817063146791
17.6746644936198
17.1310029001928
17.2239610791335
17.3169192580742
17.7281873231986
17.8211455021392
17.9141036810799
17.6887519738368
18.1000200389612
18.1929782179018
18.6042462830263
18.3788945757831
19.1084725270914
18.8831208198482
18.9760789987889
18.7507272915458
18.5253755843026
18.9366436494271
19.3479117145515
19.1225600073084
18.8972083000652
18.9901664790059
18.1281949993951
18.2211531783358
17.6774915849089
17.7704497638495
18.5000277151577
18.5929858940984
18.685944073039
18.7789022519797
18.5535505447366
19.2831284960448
19.3760866749854
19.7873547401099
19.8803129190505
19.9732710979912
20.0662292769318
20.4774973420563
20.5704555209969
20.6634136999376
21.074681765062
21.1676399440027
21.5789080091271
21.353556301884
20.809894708457
21.8577825459491
21.3141209525221
21.7253890176466
21.8183471965872
21.9113053755279
22.3225734406523
21.4606019610416
22.1901799123498
21.3282084327391
22.0577863840473
21.8324346768042
21.607082969561
21.7000411485017
20.5197597827072
20.6127179616478
21.0239860267723
21.1169442057129
22.4831419293887
20.0296210188591
20.4408890839835
19.5789176043728
20.308495555681
20.0831438484379
20.1761020273785
18.995820661584
18.1338491819733
18.2268073609139
17.683145767487
17.4577940602439
16.9141324668169
16.6887807595738
16.1451191661469
16.2380773450875
16.649345410212
16.105683816785
14.9254024509905
15.336670516115
16.384558353607
16.1592066463639
15.9338549391207
15.7085032318776
15.8014614108182
16.2127294759427
16.3056876548833
16.7169557200078
16.8099138989484
16.9028720778891
16.6775203706459
17.4070983219542
17.5000565008948
17.2747047936517
17.0493530864085
16.5056914929816
16.5986496719223
17.0099177370467
16.7845660298036
17.8324538672956
17.9254120462362
17.7000603389931
17.1563987455662
16.931047038323
17.6606249896313
18.0718930547557
17.5282314613288
17.9394995264532
17.7141478192101
17.4887961119669
17.9000641770914
18.3113322422158
18.7226003073403
18.8155584862809
18.5902067790378
18.6831649579784
18.7761231369191
18.5507714296759
18.9620394948004
19.3733075599248
18.5113360803141
18.285984373071
18.6972524381954
18.4719007309523
17.9282391375253
17.7028874302822
17.4775357230391
18.5254235605311
18.6183817394717
18.3930300322286
18.4859882111692
18.5789463901099
18.9902144552343
19.7197924065426
19.4944406992994
19.2690889920563
19.6803570571807
19.4550053499376
20.5028931874296
19.9592315940027
20.6888095453109
21.1000776104353
20.5564160170084
20.9676840821329
21.0606422610735
20.8352905538304
20.928248732771
20.7028970255279
21.1141650906523
20.8888133834092
21.9367012209012
22.0296593998419
21.4859978064149
21.2606460991718
21.3536042781124
20.8099426846855
20.9029008636262
21.6324788149344
21.0888172215075
21.5000852866319
21.2747335793888
20.412762099778
20.5057202787187
19.9620586852918
19.7367069780486
19.8296651569893
19.6043134497461
19.0606518563192
19.4719199214436
19.8831879865681
19.9761461655087
18.1592450273466
17.6155834339197
17.7085416128604
17.4831899056172
16.9395283121903
16.0775568325796
16.1705150115202
15.6268534180933
16.0381214832177
17.0860093207098
15.9057279549152
15.0437564753045
15.1367146542452
14.911362947002
15.9592507844941
15.7338990772509
15.5085473700078
15.9198154351322
16.0127736140729
16.4240416791973
16.1986899719542
16.2916481508948
16.0662964436517
16.4775645087761
16.5705226877168
16.6634808666574
17.0747489317819
16.5310873383549
16.3057356311118
16.7170036962362
16.1733421028093
17.2212299403013
16.9958782330582
17.0888364119988
17.1817945909395
16.6381329975126
17.049401062637
16.8240493553939
17.2353174205183
17.0099657132752
17.4212337783996
16.8775721849727
16.9705303639133
17.063488542854
17.4747566079784
18.5226444454704
17.9789828520435
18.390250917168
18.8015189822924
17.9395475026817
18.0325056816223
18.125463860563
18.2184220395036
18.9479999908118
18.7226482835687
18.4972965763256
17.9536349828986
18.0465931618393
17.5029315684124
17.595889747353
17.3705380401099
17.7818061052343
17.5564543979912
17.9677224631156
17.7423707558725
18.1536388209969
18.2465969999376
18.3395551788782
18.7508232440026
19.1620913091271
19.5733593742515
19.3480076670084
19.1226559597653
19.8522339110735
19.6268822038303
20.0381502689548
20.4494183340792
20.2240666268361
20.6353346919605
20.4099829847174
20.502941163658
20.2775894564149
20.3705476353555
19.8268860419286
20.8747738794206
21.9226617169127
21.060690237302
21.1536484162426
20.6099868228157
21.3395647741239
20.4775932945132
20.25224158727
20.9818195385783
20.7564678313351
20.8494260102758
20.3057644168489
19.7621028234219
20.4916807747302
19.9480191813032
20.0409773602439
19.8156256530007
19.2719640595738
19.3649222385145
18.8212606450875
19.5508385963958
19.3254868891526
19.1001351819095
17.2832340437474
17.0578823365043
17.7874602878125
16.2888690358342
16.7001371009586
15.5198557351641
15.6128139141048
15.3874622068616
15.1621104996185
15.5733785647429
15.3480268574998
14.8043652640729
14.5790135568297
14.6719717357704
15.0832398008948
15.1761979798355
14.9508462725923
15.3621143377168
15.4550725166574
15.8663405817819
15.6409888745387
16.0522569396632
16.1452151186038
16.2381732975445
16.0128215903013
16.4240896554258
16.8353577205502
16.6100060133071
16.0663444198801
16.1593025988208
16.2522607777614
16.6635288428859
16.4381771356427
16.2128254283996
16.3057836073403
17.0353615586485
16.8100098514054
16.2663482579784
16.9959262092867
16.7705745020435
17.181842567168
16.9564908599248
17.0494490388655
17.1424072178061
17.2353653967468
17.3283235756874
18.0579015269957
18.4691695921201
18.243817884877
18.0184661776338
17.7931144703907
17.8860726493313
17.979030828272
17.7536791210288
18.8015669585209
18.5762152512777
17.714243771667
18.1255118367914
18.2184700157321
17.3564985361214
17.1311468288782
16.9057951216351
16.9987533005757
17.728331251884
17.5029795446408
17.5959377235815
17.6888959025221
17.463544195279
17.8748122604035
17.9677704393441
18.3790385044685
18.4719966834092
18.5649548623498
18.6579130412905
18.7508712202312
19.4804491715394
19.2550974642962
19.6663655294207
19.7593237083613
19.852281887302
19.9452400662426
19.7198883589995
20.4494663103077
19.9058047168808
19.6804530096377
20.0917210747621
19.866369367519
21.2325670911948
20.3705956115841
21.1001735628923
20.2382020832816
20.0128503760384
19.7874986687953
20.1987667339197
19.9734150266766
20.384683091801
19.8410214983741
20.2522895634985
19.3903180838878
20.4382059213799
19.5762344417691
19.9875025068936
19.4438409134666
18.5818694338559
18.6748276127966
18.4494759055534
18.5424340844941
19.2720120358023
19.0466603285592
18.5029987351322
17.3227173693377
16.7790557759108
16.8720139548515
16.6466622476083
16.1030006541814
15.5593390607545
15.0156774673275
14.7903257600844
14.883283939025
14.9762421179657
15.0692002969063
14.5255387034794
14.6184968824201
14.0748352889931
14.1677934679338
14.897371419242
14.6720197119989
14.4466680047557
15.176245956064
14.9508942488208
15.0438524277615
15.4551204928859
15.5480786718266
15.6410368507672
15.7339950297079
15.8269532086485
16.238221273773
16.0128695665298
16.1058277454705
15.5621661520435
15.6551243309842
15.7480825099248
15.8410406888655
16.2523087539899
16.3452669329306
16.4382251118712
16.2128734046281
16.6241414697525
16.3987897625094
16.49174794145
16.2663962342069
16.9959741855151
16.1340027059044
15.9086509986613
16.3199190637857
17.0494970150939
17.1424551940346
17.553723259159
17.0100616657321
17.7396396170403
17.5142879097972
17.6072460887379
17.3818943814947
17.4748525604354
17.8861206255598
17.9790788045005
18.3903468696249
17.2100655038304
16.9847137965873
17.3959818617117
17.1706301544686
16.6269685610416
16.4016168537985
16.8128849189229
17.2241529840474
16.9988012768042
16.7734495695611
16.8664077485017
17.2776758136262
17.052324106383
17.4635921715075
17.5565503504481
18.6044381879401
18.0607765945132
18.1537347734539
18.5650028385783
18.3396511313352
18.7509191964596
18.8438773754003
18.9368355543409
19.0297937332816
19.1227519122222
19.5340199773467
19.6269781562873
19.719936335228
19.4945846279848
19.9058526931093
19.0438812134985
19.455149278623
19.8664173437474
19.6410656365043
20.3706435878125
19.8269819943856
19.9199401733262
19.3762785798993
19.4692367588399
19.5621949377806
19.3368432305375
19.1114915232943
19.8410694746025
18.9790979949918
18.7537462877487
19.1650143528731
19.2579725318138
19.0326208245706
19.1255790035113
18.5819174100844
18.674875589025
18.1312139955981
18.5424820607225
18.3171303534794
18.7283984186038
18.5030467113607
15.7312159146472
16.4607938659555
16.2354421587123
16.328400337653
15.784738744226
15.2410771507991
14.6974155573722
14.472063850129
14.2467121428859
14.6579802080103
14.750938386951
14.2072767935241
13.9819250862809
13.438263492854
13.8495315579784
13.9424897369191
14.3537578020435
14.4467159809842
14.221364273741
14.6326323388655
14.7255905178061
14.8185486967468
14.9115068756874
15.0044650546281
15.0974232335687
15.5086912986932
15.9199593638176
15.6946076565745
15.7875658355151
15.562214128272
15.6551723072126
14.7932008276019
15.2044688927264
15.6157369578508
15.3903852506077
15.8016533157321
15.8946114946727
15.6692597874296
16.3988377387378
16.1734860314947
15.9481343242516
16.0410925031922
16.4523605683167
15.2720792025221
15.6833472676466
15.7763054465872
15.8692636255279
16.5988415768361
17.0101096419606
16.7847579347174
17.1960259998419
17.6072940649663
17.0636324715394
17.4749005366638
17.2495488294207
17.6608168945451
17.435465187302
17.5284233662426
17.9396914313671
16.7594100655726
16.5340583583294
16.9453264234539
16.7199747162107
16.1763131227838
15.9509614155406
16.0439195944813
16.4551876596057
16.2298359523626
16.641104017487
16.4157523102439
16.8270203753683
16.6016686681252
16.3763169608821
17.4242047983741
17.1988530911309
17.6101211562554
17.3847694490122
17.7960375141367
17.8889956930773
18.3002637582018
18.0749120509586
18.1678702298993
18.5791382950237
18.3537865877806
18.765054652905
18.8580128318457
18.9509710107863
18.7256193035432
19.1368873686676
19.2298455476083
18.6861839541813
18.779142133122
19.5087200844302
18.9650584910033
19.6946364423115
19.1509748488846
18.9256231416415
19.3368912067659
19.1115394995228
19.5228075646472
18.9791459712203
19.3904140363447
18.8467524429178
19.576330394226
18.7143589146153
19.4439368659235
18.9002752724966
18.9932334514373
18.7678817441941
18.2242201507672
18.3171783297078
18.0918266224647
17.5481650290378
18.277742980346
17.7340813869191
17.8270395658597
16.965068086249
15.7847867204545
16.1960547855789
16.2890129645196
15.1087315987251
15.2016897776657
14.9763380704226
14.4326764769957
14.2073247697525
14.3002829486932
14.3932411276338
14.4861993065745
13.9425377131475
13.3988761197206
13.4918342986613
13.5847924776019
13.9960605427264
13.7707088354832
13.8636670144239
13.9566251933645
14.367893258489
14.7791613236134
14.8721195025541
14.9650776814947
15.0580358604354
15.150994039376
15.5622621045005
15.3369103972573
15.7481784623818
15.8411366413224
15.2974750478955
15.3904332268361
15.4833914057768
15.5763495847174
15.3509978774743
15.7622659425987
16.1735340077232
15.6298724142962
15.7228305932369
15.8157887721775
16.227056837302
16.3200150162426
16.0946633089995
16.5059313741239
15.3256500083294
16.0552279596377
16.1481861385783
16.241144317519
16.9707222688272
16.7453705615841
17.4749485128923
16.6129770332816
17.3425549845898
16.7988933911629
17.2101614562873
17.3031196352279
17.3960778141686
17.4890359931092
17.2636842858661
17.6749523509905
16.8129808713798
16.5876291641367
16.6805873430773
16.773545522018
15.9115740424073
16.3228421075317
15.7791805141048
15.8721386930454
16.2834067581699
16.3763649371105
16.787633002235
16.243971408808
16.6552394739325
16.4298877666893
16.8411558318138
16.9341140107544
16.9076353050939
16.8811565994334
16.8546778937729
16.8281991881124
16.8017204824519
17.8496083199439
17.9425664988846
18.353834564009
18.1284828567659
18.2214410357066
18.632709100831
18.4073573935879
18.5003155725285
17.9566539791016
18.6862319304098
18.1425703369829
18.5538384021073
18.646796581048
19.0580646461724
18.5144030527455
19.5622908902375
18.382009524443
18.7932775895674
18.2496159961405
18.3425741750811
18.7538422402056
18.5284905329624
18.9397585980869
18.39609700466
18.4890551836006
18.2637034763575
18.9932814276657
18.7679297204226
18.2242681269956
18.6355361921201
18.0918745986931
17.86652289145
18.2777909565744
18.0524392493313
17.8270875420882
17.601735834845
17.3763841276019
17.1510324203587
15.6524411683804
15.7453993473211
15.8383575262617
15.9313157052024
15.3876541117755
14.2073727459809
13.9820210387378
13.7566693314947
13.2130077380677
13.6242758031922
13.7172339821328
13.8101921610735
13.2665305676466
13.3594887465872
13.1341370393441
13.5454051044685
13.6383632834092
13.7313214623498
13.8242796412905
13.9172378202311
14.3285058853556
14.4214640642962
14.5144222432369
14.6073804221775
15.018648487302
14.7932967800588
14.8862549589995
14.9792131379401
15.3904812030646
15.4834393820052
14.9397777885783
14.7144260813351
15.1256941464596
15.2186523254002
14.9933006181571
15.0862587970977
15.4975268622222
14.9538652687953
15.0468234477359
15.1397816266766
15.8693595779848
15.6440078707416
16.0552759358661
15.5116143424392
14.9679527490122
14.7426010417691
15.1538691068935
15.565137172018
15.9764052371424
16.3876733022669
16.7989413673913
16.2552797739644
16.348237952905
16.7595060180295
16.8524641969701
16.627112489727
16.7200706686676
16.8130288476083
16.9059870265489
16.9989452054896
17.410213270614
16.5482417910033
16.3228900837602
16.4158482627008
16.1904965554577
15.6468349620307
15.4214832547876
15.1961315475445
15.6073996126689
15.7003577916096
15.7933159705502
15.8862741494909
15.9792323284315
16.0721905073722
15.846838800129
15.9397969790697
16.6693749303779
16.4440232231347
16.5369814020754
16.6299395810161
17.0412076461405
17.1341658250811
17.2271240040218
17.3200821829624
17.7313502480869
17.5059985408437
17.5989567197844
17.691914898725
18.1031829638495
17.8778312566063
17.970789435547
18.0637476144876
18.4750156796121
17.6130442000014
18.0243122651258
18.1172704440665
18.5285385091909
18.3031868019478
18.7144548670722
18.1707932736453
18.2637514525859
18.0383997453428
18.1313579242834
18.2243161032241
18.6355841683485
18.4102324611054
18.1848807538622
18.2778389328029
18.3707971117435
17.8271355183166
18.2384035834411
17.6947419900141
17.7877001689548
17.2440385755278
17.6553066406523
17.7482648195929
17.5229131123498
16.9792515189229
17.0722096978635
16.8468579906204
16.939816169561
16.0778446899503
14.8975633241558
15.3088313892802
15.4017895682209
14.5398180886102
14.314466381367
14.0891146741239
14.1820728530645
13.3201013734538
13.4130595523945
13.5060177313351
13.280666024092
13.3736242030326
12.8299626096057
12.9229207885464
12.6975690813032
13.1088371464277
13.5201052115521
13.294753504309
13.0694017970658
13.1623599760065
13.5736280411309
13.9848961062554
14.3961641713798
13.8525025779529
13.9454607568935
14.356728822018
14.7679968871424
14.5426451798993
14.9539132450237
15.3651813101482
14.8215197167212
14.5961680094781
14.6891261884187
14.7820843673594
14.8750425463
14.6496908390569
15.0609589041813
14.8356071969382
14.6102554896951
14.7032136686357
14.7961718475764
15.2074399127008
14.6637783192739
15.7116661567659
15.4863144495228
14.9426528560958
14.3989912626689
15.1285692139771
14.903217506734
15.6327954580422
15.4074437507991
16.1370217021073
15.5933601086804
15.686318287621
16.0975863527455
15.8722346455023
16.2835027106268
16.6947707757512
16.7877289546919
16.5623772474487
16.3370255402056
17.0666034915138
16.5229418980869
15.6609704184762
15.435618711233
16.1651966625413
15.6215350691143
15.0778734756874
15.170831654628
14.6271700612011
15.0384381263256
15.1313963052662
15.5426643703906
15.3173126631475
15.4102708420882
15.5032290210288
15.2778773137857
15.6891453789101
15.7821035578508
16.1933716229752
15.9680199157321
16.0609780946727
16.7905560459809
16.5652043387378
16.6581625176785
16.7511206966191
16.8440788755598
16.6187271683166
17.0299952334411
17.1229534123817
17.2159115913224
17.308869770263
17.0835180630199
17.4947861281443
17.2694344209012
17.6807024860256
17.1370408925987
17.8666188439069
17.32295725048
18.0525352017882
17.8271834945451
17.601831787302
18.649719624794
17.4694382589995
17.5623964379401
17.0187348445132
17.1116930234538
16.8863413162107
17.6159192675189
17.7088774464596
17.8018356254002
17.5764839181571
17.0328223247302
17.4440903898546
17.5370485687953
16.9933869753683
17.4046550404928
16.8609934470658
17.2722615121903
17.0469098049471
17.1398679838878
17.2328261628284
17.0074744555853
15.8271930897908
16.2384611549152
15.6947995614883
14.8328280818776
14.9257862608182
15.0187444397589
14.4750828463319
14.5680410252726
13.7060695456619
13.1624079522349
13.2553661311756
12.7117045377487
12.8046627166893
12.89762089563
13.3088889607544
13.0835372535113
12.2215657739005
12.632833839025
12.4074821317819
12.8187501969063
12.2750886034794
12.6863566686038
12.7793148475445
12.5539631403013
13.2835410916096
13.694809156734
13.1511475633071
13.5624156284315
13.6553738073722
13.7483319863128
13.8412901652535
14.2525582303779
14.6638262955023
14.756784474443
14.5314327671999
14.6243909461405
14.0807293527136
14.1736875316542
14.5849555967787
14.6779137757193
14.77087195466
14.8638301336006
14.9567883125413
14.4131267191143
14.506084898055
14.9173529631794
15.0103111421201
14.7849594348769
15.1962275000014
15.289185678942
14.7455240855151
14.8384822644558
14.9314404433964
15.0243986223371
15.1173568012777
15.2103149802184
15.6215830453428
15.7145412242835
15.4891895170403
15.2638378097972
15.6751058749216
15.7680640538623
16.1793321189867
16.2722902979274
16.0469385906842
15.8215868834411
15.9145450623817
16.3258131275062
16.100461420263
15.5567998268361
15.331448119593
15.7427161847174
15.1990545912905
14.6553929978635
14.7483511768042
14.5229994695611
14.6159576485017
14.3906059412586
15.4384937787506
15.2131420715075
14.6694804780805
14.7624386570212
14.537086949778
14.9483550149025
15.0413131938431
15.1342713727838
15.2272295517244
15.3201877306651
15.7314557957895
15.8244139747302
15.9173721536708
16.0103303326115
15.7849786253683
16.1962466904928
15.9708949832496
17.0187828207417
16.156811341131
16.5680794062554
16.661037585196
16.7539957641367
16.5286440568936
15.9849824634666
17.0328703009586
16.8075185937155
16.9004767726562
16.675125065413
16.7680832443537
17.1793513094781
16.953999602235
17.0469577811756
16.8216060739325
16.5962543666894
16.3709026594462
16.4638608383869
16.2385091311437
16.6497771962682
16.7427353752088
16.8356935541495
16.9286517330901
17.0216099120308
16.4779483186038
17.2075262699121
16.6638646764852
16.438512969242
16.5314711481827
16.3061194409395
16.0807677336964
16.8103456850046
16.5849939777615
16.6779521567021
16.452600449459
16.2272487422159
15.6835871487889
15.4582354415458
14.5962639619351
14.3709122546919
13.827250661265
14.2385187263894
14.3314769053301
14.1061251980869
12.6075339461086
12.7004921250493
12.1568305316224
11.9314788243792
12.6610567756875
12.7540149546281
12.528663247385
12.6216214263256
11.4413400605311
12.1709180118393
11.9455663045962
11.7202145973531
12.1314826624775
12.2244408414181
12.3173990203588
12.0920473131157
12.5033153782401
12.9145834433645
13.0075416223052
13.4188096874296
12.8751480940027
13.2864161591272
13.3793743380678
13.4723325170085
13.5652906959491
13.6582488748898
14.0695169400142
13.5258553465873
13.6188135255279
13.7117717044686
13.8047298834092
13.5793781761661
13.9906462412905
14.0836044202312
13.858252712988
14.2695207781125
13.7258591846855
14.13712724981
14.5483953149344
14.3230436076913
14.4160017866319
14.1906500793888
14.6019181445133
14.3765664372701
13.8329048438432
14.2441729089676
14.3371310879083
14.7483991530327
14.8413573319734
14.6160056247302
15.3455835760385
15.1202318687953
14.5765702753684
14.9878383404928
15.0807965194335
15.1737546983741
15.2667128773148
15.6779809424392
16.4075588937475
15.5455874141367
15.0019258207098
15.4131938858343
15.8244619509587
14.6441805851642
14.418828877921
15.1484068292293
14.9230551219861
14.0610836423754
14.4723517074999
13.9286901140729
13.7033384068298
13.7962965857704
14.2075646508949
14.3005228298355
14.3934810087762
14.168129301533
14.2610874804737
14.0357357732306
13.8103840659874
14.8582719034794
14.6329201962363
14.4075684889932
14.5005266679338
14.5934848468745
15.3230627981827
15.0977110909396
15.1906692698802
15.2836274488209
15.3765856277615
15.4695438067022
15.5625019856428
15.9737700507672
15.4301084573403
16.1596864086486
15.9343347014054
15.7089829941623
15.8019411731029
15.258279579676
15.9878575309842
16.7174354822925
16.1737738888655
16.2667320678062
15.4047605881955
16.1343385395037
15.5906769460768
16.6385647835688
16.4132130763256
15.8695514828987
16.2808195480231
15.7371579545962
16.1484260197207
15.6047644262937
15.6977226052344
15.790680784175
16.2019488492995
16.2949070282401
16.069555320997
16.1625134999376
16.2554716788783
16.0301199716351
15.804768264392
15.8977264433327
15.3540648499057
15.4470230288464
15.8582910939708
15.6329393867277
16.0442074518521
15.5005458584252
15.9118139235496
15.6864622163065
15.1428006228796
14.5991390294526
14.0554774360257
13.5118158425988
13.9230839077232
13.6977322004801
13.7906903794207
13.8836485583614
13.3399869649344
12.4780154853237
11.9343538918968
12.0273120708374
12.1202702497781
12.2132284287187
12.3061866076594
12.3991447866001
11.5371733069893
11.3118215997462
11.7230896648706
11.4977379576275
11.9090060227519
11.6836543155088
11.7766124944494
11.8695706733901
12.2808387385145
12.3737969174552
12.1484452102121
12.5597132753365
12.3343615680934
13.0639395194016
12.8385878121584
13.2498558772829
13.6611239424073
13.4357722351642
13.5287304141048
13.6216885930455
13.3963368858024
13.489295064743
13.2639433574999
13.3569015364405
13.4498597153812
13.5428178943218
13.3174661870787
13.7287342522031
13.50338254496
12.9597209515331
13.3709890166575
13.4639471955981
13.8752152607226
13.6498635534794
13.4245118462363
14.4723996837283
13.2921183179338
13.3850764968745
13.7963445619989
13.5709928547558
13.6639510336964
14.0752190988209
14.4864871639453
14.579445342886
14.035783749459
14.1287419283997
14.2217001073403
14.6329681724648
14.7259263514054
14.8188845303461
14.5935328231029
15.0048008882274
14.7794491809842
14.5540974737411
14.328745766498
14.4217039454386
15.1512818967468
14.6076203033199
14.063958709893
13.8386070026498
13.9315651815905
14.3428332467149
13.799171653288
13.5738199460449
13.3484682388017
13.1231165315586
12.8977648243154
13.3090328894399
13.4019910683805
13.4949492473212
13.5879074262618
13.3625557190187
13.4555138979593
13.5484720769
13.6414302558407
13.7343884347813
13.827346613722
13.9203047926626
14.3315728577871
14.4245310367277
14.5174892156684
14.610447394609
14.3850956873659
14.7963637524903
14.889321931431
14.6639702241878
15.0752382893123
15.4865063544367
15.2611546471936
15.3541128261342
15.4470710050749
15.2217192978317
15.95129724914
15.7259455418968
15.5005938346537
15.9118618997781
15.686510192535
16.0977782576594
15.8724265504163
15.9653847293569
16.3766527944814
15.5146813148706
16.5625691523627
15.700597672752
16.4301756240602
15.8865140306332
15.6611623233901
15.7541205023308
15.8470786812714
15.6217269740283
15.7146851529689
16.1259532180934
16.5372212832178
16.3118695759747
15.7682079825477
16.497785933856
15.954124340429
16.0470825193697
15.8217308121265
15.5963791048834
15.6893372838241
15.7822954627647
15.8752536417054
15.968211820646
15.4245502272191
15.5175084061597
14.9738468127328
15.0668049916735
14.5231433982465
13.6611719186358
13.7541300975765
14.1653981627009
13.9400464554578
13.3963848620308
12.5344133824201
12.309061675177
12.0837099679338
12.1766681468745
11.9513164396313
12.044274618572
12.1372327975126
12.2301909764533
12.0048392692102
11.1428677895994
11.2358259685401
11.010474261297
11.1034324402376
11.514700505362
11.2893487981189
11.3823069770596
11.1569552698164
11.2499134487571
11.9794914000653
11.7541396928222
11.8470978717628
11.6217461645197
11.7147043434603
12.4442822947686
12.5372404737092
12.6301986526499
12.4048469454067
12.4978051243474
12.590763303288
12.3654115960449
12.7766796611693
12.5513279539262
12.325976246683
12.4189344256237
12.5118926045644
12.2865408973212
13.0161188486294
12.4724572552025
12.883725320327
12.6583736130838
12.7513317920245
12.5259800847813
12.618938263722
12.7118964426626
12.4865447354195
12.5795029143601
12.9907709794846
12.7654192722414
12.2217576788145
11.9964059715714
12.4076740366958
12.1823223294527
12.9119002807609
13.0048584597016
13.416126524826
12.8724649313991
13.6020428827073
13.0583812892804
13.4696493544048
12.6076778747941
13.3372558261023
13.430214005043
13.5231721839836
13.2978204767405
13.7090885418649
13.8020467208056
13.5766950135624
13.3513433063193
13.7626113714438
13.5372596642006
13.3119079569575
13.4048661358981
12.8612045424712
12.9541627214118
13.0471209003525
13.1400790792931
12.5964174858662
12.0527558924393
12.1457140713799
11.9203623641368
11.6950106568937
12.1062787220181
12.1992369009588
12.2921950798994
12.3851532588401
12.1598015515969
11.9344498443538
12.0274080232944
12.1203662022351
11.8950144949919
12.3062825601164
12.399240739057
12.8105088041815
12.9034669831221
12.678115275879
13.0893833410034
13.1823415199441
12.9569898127009
13.0499479916416
13.7795259429498
13.5541742357067
13.3288225284635
13.740090593588
13.8330487725286
14.2443168376531
14.3372750165937
14.1119233093506
14.2048814882913
14.2978396672319
14.0724879599888
14.4837560251132
14.2584043178701
14.6696723829945
14.7626305619352
14.537278854692
14.6302370336327
14.7231952125733
14.816153391514
14.9091115704546
15.3203796355791
15.4133378145197
15.1879861072766
14.9626344000334
15.0555925789741
14.830240871731
15.2415089368554
14.6978473434285
15.1091154085529
14.8837637013098
14.9767218802504
15.3879899453749
15.7992580104993
15.5739063032562
15.348554596013
15.4415127749537
15.5344709538943
14.9908093604674
14.7654576532243
16.1316553769001
14.6330641249218
15.0443321900462
15.1372903689869
15.2302485479275
14.6865869545006
15.097855019625
14.8725033123819
14.6471516051387
14.4217998978956
13.5598284182849
13.6527865972255
13.1091250037986
13.2020831827393
13.2950413616799
13.0696896544368
12.5260280610098
11.9823664675829
11.7570147603398
11.8499729392804
10.9880014596697
11.7175794109779
11.173917817551
11.2668759964917
11.3598341754323
10.8161725820054
10.5908208747622
10.3654691675191
10.140117460276
10.2330756392166
10.6443437043411
11.0556117694655
11.1485699484061
10.923218241163
11.0161764201037
11.1091345990443
11.202092777985
10.9767410707418
11.0696992496825
10.8443475424393
11.8922353799314
11.6668836726882
11.7598418516289
11.8528000305695
11.6274483233264
11.720406502267
12.1316745673915
11.9063228601483
11.999281039089
11.7739293318458
11.8668875107865
12.2781555759109
11.734493982484
11.8274521614247
11.9204103403653
11.6950586331222
12.4246365844304
11.8809749910035
11.9739331699441
12.0668913488848
12.4781594140092
12.5711175929499
12.3457658857067
11.8021042922798
11.8950624712204
11.6697107639773
11.762668942918
11.8556271218586
11.3119655284317
11.7232335935561
11.497881886313
11.9091499514374
12.0021081303781
12.7316860816863
12.5063343744432
12.5992925533838
12.3739408461407
12.4668990250813
12.2415473178382
12.6528153829626
13.0640834480871
12.2021119684764
12.6133800336008
13.0246480987252
13.1176062776659
12.8922545704228
12.9852127493634
13.0781709283041
12.8528192210609
12.6274675138178
12.4021158065746
12.8133838716991
12.5880321644559
12.3626804572128
12.1373287499697
12.2302869289103
12.323245107851
12.0978934006078
11.8725416933647
11.3288800999378
11.7401481650622
11.5147964578191
11.2894447505759
11.3824029295166
11.4753611084572
11.5683192873979
11.6612774663385
11.4359257590954
11.528883938036
11.3035322307929
11.7148002959173
11.4894485886742
11.5824067676149
11.6753649465555
11.7683231254962
12.1795911906206
12.2725493695612
12.3655075485019
12.4584657274425
12.5514239063832
12.6443820853239
13.0556501504483
12.8302984432052
12.604946735962
12.6979049149027
12.7908630938433
13.2021311589678
13.2950893379084
13.3880475168491
13.4810056957897
13.8922737609142
13.666922053671
13.4415703464279
13.8528384115523
13.6274867043092
13.7204448832498
14.1317129483743
14.2246711273149
13.9993194200718
14.0922775990124
14.5035456641369
14.9148137292613
14.0528422496506
14.1458004285913
14.8753783798995
14.6500266726563
14.742984851597
14.5176331443539
14.9289012094783
14.3852396160514
14.478197794992
14.2528460877489
14.3458042666895
14.4387624456302
14.8500305107546
14.9429886896953
15.3542567548197
14.8105951613928
14.2669335679659
14.6782016330903
14.771159812031
14.227498218604
14.3204563975447
14.7317244626691
14.506372755426
14.5993309343666
14.6922891133073
14.4669374060641
14.5598955850048
14.3345438777617
14.4275020567023
13.8838404632754
13.6584887560322
13.7514469349729
12.8894754553622
12.3458138619352
12.4387720408759
12.8500401060003
12.3063785125734
12.3993366915141
12.1739849842709
10.9937036184764
10.7683519112333
10.8613100901739
10.317648496747
10.4106066756876
10.8218747408121
10.5965230335689
10.6894812125096
10.4641295052664
10.2387777980233
10.0134260907802
10.1063842697208
9.88103256247768
9.97399074141834
10.066948920359
10.1599070992996
10.2528652782403
10.0275135709971
10.1204717499378
10.5317398150622
10.3063881078191
10.3993462867598
10.1739945795166
10.2669527584573
10.6782208235817
10.4528691163386
10.5458272952792
10.6387854742199
11.0500535393443
10.8247018321012
10.9176600110418
11.0106181899825
11.4218862551069
11.1965345478638
11.2894927268044
11.0641410195613
11.4754090846857
11.2500573774426
11.3430155563832
11.7542836215077
11.2106220280808
11.3035802070214
11.3965383859621
11.1711866787189
11.2641448576596
11.3571030366002
11.1317513293571
11.8613292806653
11.3176676872384
11.410625866179
11.1852741589359
10.9599224516928
11.0528806306334
11.1458388095741
10.6021772161471
10.6951353950878
11.1064034602122
10.8810517529691
11.2923198180935
11.703587883218
11.159926289791
11.5711943549155
11.6641525338561
11.7571107127968
12.1683787779212
11.9430270706781
12.0359852496187
11.8106335423756
11.5852818351325
11.9965499002569
12.0895080791976
11.8641563719544
12.5937343232626
12.3683826160195
12.1430309087764
11.9176792015332
12.0106373804739
11.7852856732307
12.1965537383552
11.971202031112
11.4275404376851
11.8388085028096
11.6134567955664
11.7064149745071
11.4810632672639
11.5740214462046
11.3486697389614
11.4416279179021
11.216276210659
11.3092343895996
11.0838826823565
10.8585309751133
10.6331792678702
9.77120778825946
11.1374055119353
10.9120538046921
10.686702097449
11.0979701625734
10.8726184553303
10.965576634271
9.78529526847644
9.5599435612333
9.65290174017395
9.42755003293081
10.7937477566066
11.2050158217311
10.9796641144879
11.3909321796124
11.483890358553
11.8951584236775
11.9881166026181
12.0810747815588
12.1740329604994
12.2669911394401
12.3599493183807
12.1345976111376
12.2275557900782
12.3205139690189
12.4134721479595
12.824740213084
13.2360082782084
12.6923466847815
12.7853048637221
12.8782630426628
12.9712212216034
13.0641794005441
13.4754474656685
12.9317858722416
13.0247440511823
13.4360121163067
13.8472801814311
13.3036185880042
13.7148866531287
13.4895349458855
13.5824931248262
13.9937611899506
14.0867193688913
13.5430577754643
13.636015954405
14.0472840195294
14.4585520846539
13.5965806050431
13.3712288978
13.4641870767407
13.2388353694975
13.0134836622544
13.4247517273788
13.5177099063195
13.6106680852601
13.7036262642008
13.7965844431414
13.8895426220821
13.3458810286551
13.7571490937796
13.8501072727202
13.3064456792933
13.0810939720502
12.855742264807
12.9487004437477
13.9965882812397
13.4529266878128
13.5458848667534
13.6388430456941
13.7318012246347
12.869829745024
12.9627879239647
12.7374362167215
12.8303943956622
12.2867328022352
12.3796909811759
11.836029387749
11.6106776805058
11.3853259732627
11.7965940383871
11.571242331144
11.3458906239008
10.8022290304739
10.258567437047
10.3515256159876
10.1261739087445
10.2191320876851
9.99378038044201
10.0867385593827
10.1796967383233
10.272654917264
10.3656130962046
10.1402613889615
9.91490968171833
9.3712480882914
9.46420626723205
8.92054467380512
9.33181273892956
9.10646103168642
9.51772909681086
9.29237738956773
9.38533556850838
9.47829374744903
9.25294204020589
9.66421010533033
10.0754781704548
9.53181657702784
8.98815498360091
9.39942304872535
9.492381227666
9.26702952042286
9.6782975855473
9.45294587830416
9.86421394342861
10.2754820085531
9.73182041512612
9.82477859406677
9.91773677300742
9.69238506576428
9.78534324470493
9.87830142364558
9.97125960258624
10.0642177815269
9.83886607428374
10.568444025592
10.3430923183488
10.4360504972895
10.5290086762301
9.66703719661942
10.7149250341114
10.4895733268683
9.94591173344137
9.72056002619823
10.4501379775065
10.8614060426309
10.6360543353878
9.77408285577704
10.5036608070853
10.9149288722097
9.73464750641521
9.19098591298827
9.60225397811272
9.37690227086958
9.15155056362644
9.56281862875088
10.6107064662429
9.1121152142646
9.52338327938904
9.2980315721459
9.70929963727034
9.4839479300272
10.850145653703
10.6247939464599
10.7177521254005
10.8107103043412
11.2219783694656
9.40507723130353
10.7712749549793
9.27268370300104
11.5938110852282
9.45860006088234
11.1431076707419
11.2360658496826
11.3290240286232
11.7402920937477
11.5149403865046
11.2895886792614
11.3825468582021
11.1571951509589
10.9318434437158
10.7064917364726
10.7994499154133
11.2107179805377
10.9853662732946
10.7600145660515
10.5346628588083
9.6726913791976
9.44733967195446
10.4952275094465
10.5881856883871
9.72621420877641
9.50086250153327
9.27551079429013
9.05015908704699
8.82480737980385
9.55438533111208
9.32903362386894
9.1036819166258
8.87833020938266
8.97128838832331
9.06424656726396
9.15720474620461
8.93185303896147
8.70650133171833
8.79945951065898
8.89241768959963
8.66706598235649
9.07833404748094
8.8529823402378
8.94594051917845
9.35720858430289
11.0417161941625
11.1346743731031
10.90932266586
11.0022808448007
11.4135489099251
11.8248169750495
11.5994652678064
11.3741135605633
11.4670717395039
11.5600299184446
11.6529880973852
11.7459462763259
11.5205945690827
12.250172520391
12.3431306993316
12.1177789920885
12.2107371710291
12.3036953499698
12.3966535289104
12.1713018216673
12.5825698867917
12.3572181795486
12.4501763584892
12.8614444236137
13.2727124887381
13.047360781495
12.5036991880681
12.9149672531925
12.6896155459494
13.1008836110738
12.8755319038307
12.6501801965875
13.061448261712
13.4727163268364
12.9290547334095
13.0220129123501
12.796661205107
12.8896193840476
12.6642676768045
12.7572258557452
12.531874148502
12.9431422136265
12.7177905063833
12.4924387991402
13.2220167504484
13.3149749293891
13.4079331083297
13.1825814010866
12.9572296938434
13.0501878727841
12.8248361655409
12.5994844582978
12.3741327510547
12.4670909299953
12.560049108936
12.6530072878766
12.4276555806335
12.8389236457579
13.2501917108824
12.7065301174554
12.7994882963961
12.5741365891529
12.030474995726
12.1234331746667
12.8530111259749
10.717800101629
11.1290681667535
11.2220263456941
10.996674638451
10.453013045024
10.8642811101485
10.6389294029053
10.4135776956622
10.1882259884191
10.2811841673597
10.0558324601166
9.83048075287343
9.92343893181408
9.69808722457094
9.4727355173278
9.56569369626846
9.65865187520911
9.43330016796597
9.52625834690662
9.93752641203106
9.39386481860413
9.16851311136099
8.62485151793406
8.39949981069092
8.49245798963157
8.26710628238843
8.36006446132908
8.45302264026973
8.54598081921038
8.32062911196724
8.41358729090789
8.50654546984855
8.5995036487892
8.69246182772985
8.46711012048671
8.56006829942736
8.65302647836801
8.10936488494108
8.20232306388173
8.29528124282238
8.06992953557924
8.48119760070368
8.57415577964434
8.66711395858499
8.76007213752564
8.85303031646629
8.62767860922315
8.7206367881638
8.49528508092066
8.9065531460451
8.68120143880196
8.77415961774262
8.54880791049947
8.96007597562392
8.73472426838078
8.82768244732143
8.92064062626208
9.01359880520273
9.10655698414338
9.51782504926782
9.29247334202468
9.38543152096534
9.1600798137222
8.61641822029527
9.02768628541971
8.80233457817657
8.89529275711722
8.98825093605787
9.08120911499853
9.17416729393918
8.94881558669604
9.04177376563669
8.81642205839355
8.9093802373342
8.68402853009106
8.45867682284792
8.23332511560478
8.96290306691301
8.41924147348608
8.83050953861052
8.92346771755117
8.37980612412424
8.1544544168811
8.88403236818933
8.65868066094619
8.75163883988685
8.52628713264371
8.61924531158436
9.0305133767088
9.12347155564945
8.89811984840631
9.30938791353075
8.76572632010382
8.85868449904447
8.95164267798512
8.72629097074198
9.13755903586642
8.91220732862328
9.00516550756393
9.73474345887217
8.87277197926145
9.28404004438589
9.37699822332654
9.1516465160834
9.24460469502405
9.01925298778091
8.79390128053777
8.88685945947842
8.97981763841907
8.75446593117593
9.16573399630037
9.25869217524102
9.03334046799788
9.12629864693853
9.21925682587919
8.99390511863604
8.76855341139291
9.17982147651735
8.95446976927421
9.04742794821486
8.82207624097172
8.59672453372858
8.68968271266923
8.46433100542609
8.55728918436674
8.65024736330739
8.42489565606425
8.51785383500491
8.61081201394556
8.70377019288621
8.47841848564307
8.57137666458372
8.34602495734058
8.12067325009744
7.8953215428543
8.30658960797874
8.39954778691939
8.17419607967625
8.2671542586169
8.67842232374134
9.08969038886579
8.86433868162265
8.9572968605633
9.36856492568774
9.1432132184446
9.23617139738525
9.3291295763259
9.10377786908276
10.7882854789424
9.28969422696406
9.38265240590471
9.47561058484536
10.8418083085212
9.34321705654288
11.3460345525863
11.1206828453431
11.2136410242838
11.6249090894082
11.0812474959813
11.4925155611057
11.9037836262302
11.678431918987
11.4530802117439
11.5460383906846
11.6389965696252
11.7319547485659
11.8249129275065
11.9178711064472
12.0108292853878
12.1037874643285
11.8784357570853
11.971393936026
12.0643521149666
12.1573102939073
12.2502684728479
12.0249167656048
11.7995650583617
11.8925232373023
11.985481416243
12.3967494813674
12.489707660308
11.6277361806973
11.720694359638
12.1319624247624
11.5883008313355
11.6812590102761
11.455907303033
11.5488654819737
11.6418236609143
11.734781839855
12.1460499049794
11.9206981977363
12.0136563766769
12.1066145556176
11.8812628483744
11.6559111411313
11.7488693200719
11.8418274990126
11.2981659055857
11.7094339707101
10.8474624910994
11.2587305562238
11.6699986213483
10.8080271417375
10.9009853206782
11.6305632719864
11.4052115647433
11.1798598575001
11.2728180364408
11.0474663291976
10.8221146219545
10.9150728008952
10.689721093652
10.1460595002251
10.2390176791657
10.3319758581064
10.4249340370471
10.1995823298039
9.97423062256077
10.3854986876852
9.84183709425828
9.93479527319893
10.0277534521396
9.80240174489644
9.89535992383709
9.35169833041016
9.44465650935081
8.90099491592388
8.67564320868074
8.76860138762139
8.54324968037825
8.31789797313511
8.41085615207576
8.50381433101641
8.27846262377327
8.68973068889771
8.46437898165457
8.23902727441143
8.33198545335209
8.10663374610895
7.56297215268201
7.01931055925508
6.79395885201194
7.20522691713638
6.97987520989324
7.0728333888339
7.48410145395834
7.2587497467152
7.35170792565585
7.4446661045965
7.21931439735336
7.31227257629401
7.08692086905087
7.49818893417531
7.27283722693217
7.04748551968903
7.45875358481347
6.91509199138654
7.00805017032719
7.73762812163542
7.19396652820849
6.96861482096535
7.061572999906
7.47284106503044
7.2474893577873
7.34044753672795
7.7517156018524
7.52636389460926
7.30101218736612
7.39397036630677
7.16861865906363
7.26157683800428
7.35453501694493
7.44749319588558
7.22214148864244
7.63340955376688
7.40805784652374
7.81932591164818
7.59397420440504
8.00524226952949
7.77989056228635
7.872848741227
7.64749703398386
8.0587650991083
8.15172327804895
7.92637157080581
7.70101986356267
7.79397804250332
7.88693622144397
7.97989440038462
7.75454269314148
7.84750087208213
7.62214916483899
7.71510734377964
7.8080655227203
7.90102370166095
7.9939818806016
7.76863017335846
8.1798982384829
8.27285641742355
7.72919482399662
7.82215300293727
7.59680129569413
7.37144958845099
7.14609788120785
7.2390560601485
7.65032412527294
7.4249724180298
7.51793059697045
7.29257888972731
7.38553706866796
7.47849524760862
7.57145342654927
7.66441160548992
7.75736978443057
7.53201807718743
7.94328614231187
8.03624432125252
8.12920250019318
8.22216067913383
7.6784990857069
7.77145726464755
7.8644154435882
8.27568350871264
7.73202191528571
7.82498009422636
7.91793827316701
8.01089645210767
8.42216451723211
8.19681280998897
8.60808087511341
8.70103905405406
8.47568734681092
8.25033563956778
8.34329381850843
8.75456188363287
8.21090029020594
8.3038584691466
8.39681664808725
8.4897748270279
8.26442311978476
8.03907141254161
8.45033947766606
8.54329765660671
8.31794594936357
8.41090412830422
8.18555242106108
8.59682048618552
8.37146877894238
8.46442695788303
8.23907525063989
8.65034331576433
8.42499160852119
8.19963990127805
7.97428819403491
7.74893648679177
7.84189466573242
7.93485284467307
8.02781102361372
8.12076920255437
7.89541749531123
7.67006578806809
7.76302396700874
7.5376722597656
7.63063043870626
7.72358861764691
7.81654679658756
7.59119508934442
7.36584338210128
7.45880156104193
7.55175973998258
7.32640803273944
7.41936621168009
7.83063427680453
7.92359245574518
7.69824074850204
8.10950881362648
8.20246699256714
7.977115285324
8.38838335044844
9.11796130175667
8.57429970832974
8.3489480010866
8.44190618002725
8.5348643589679
8.62782253790855
8.40247083066541
8.49542900960606
8.58838718854671
8.68134536748736
8.77430354642802
8.86726172536867
8.64191001812553
8.73486819706618
8.82782637600683
8.92078455494748
8.69543284770434
8.78839102664499
8.88134920558564
9.29261727071008
9.38557544965073
9.16022374240759
9.25318192134825
9.3461401002889
9.12078839304576
9.5320564581702
10.898254181846
10.6729024746029
10.7658606535435
9.26726940156522
10.9517770114248
11.0447351903655
10.8193834831223
10.912341662063
11.0052998410036
11.0982580199443
10.5545964265174
10.9658644916418
10.7405127843987
11.1517808495231
11.2447390284638
10.7010774350368
10.4757257277937
10.5686839067343
9.70671242712362
9.48136071988048
9.25600901263734
9.66727707776178
9.76023525670243
9.53488354945929
9.62784172839994
10.0391097935244
10.4503778586488
10.5433360375895
10.3179843303463
10.0926326231032
10.5039006882276
9.96023909480072
9.73488738755758
10.146155452682
10.2391136316227
9.69545203819574
9.78841021713639
10.1996782822608
9.9743265750177
9.74897486777455
9.84193304671521
9.93489122565586
10.0278494045965
9.80249769735337
9.89545587629402
10.6250338276023
9.76306234799153
10.174330413116
9.94897870587283
9.4053171124459
9.49827529138655
9.5912334703272
10.0025015354516
10.4137696005761
8.91517834859779
9.00813652753844
9.10109470647909
9.19405288541974
8.9687011781766
9.06165935711725
8.83630764987411
8.61095594263097
8.70391412157162
8.79687230051227
8.88983047945292
8.66447877220978
8.43912706496664
8.2137753577235
7.98842365048036
7.76307194323722
7.85603012217787
7.63067841493473
7.40532670769159
8.13490465899983
6.95462329320531
7.04758147214597
6.50391987871904
7.23349783002727
6.68983623660034
7.10110430172478
7.19406248066543
6.6504008872385
6.74335906617915
7.15462713130359
6.61096553787666
6.70392371681731
6.47857200957417
6.25322030233103
5.7095587089041
6.12082677402855
5.57716518060162
5.98843324572606
5.76308153848292
6.17434960360736
6.26730778254801
6.36026596148866
6.13491425424552
5.90956254700238
6.00252072594303
6.09547890488368
5.87012719764054
5.9630853765812
6.05604355552185
6.1490017344625
6.24195991340315
6.3349180923438
6.10956638510066
5.88421467785752
5.97717285679817
5.75182114955503
5.84477932849568
5.93773750743633
6.34900557256077
6.76027363768522
5.8983021580745
5.99126033701515
6.0842185159558
6.17717669489645
5.95182498765331
6.36309305277775
6.4560512317184
6.23069952447526
6.32365770341591
6.41661588235656
6.19126417511342
6.28422235405407
6.37718053299472
6.47013871193537
6.24478700469223
6.33774518363288
6.43070336257353
6.52366154151418
6.61661972045483
7.02788778557928
6.48422619215235
6.577184371093
6.67014255003365
6.7631007289743
6.85605890791495
6.9490170868556
7.36028515198004
7.45324333092069
7.22789162367755
7.00253991643441
7.41380798155885
7.18845627431571
7.28141445325637
7.37437263219702
7.78564069732146
7.24197910389453
7.33493728283518
7.74620534795962
7.83916352690027
8.25043159202471
7.70676999859778
7.48141829135464
7.89268635647908
7.66733464923594
7.76029282817659
7.53494112093345
7.30958941369031
7.08423770644717
7.49550577157161
7.58846395051226
7.36311224326912
7.45607042220977
6.91240882878284
7.32367689390729
7.41663507284794
7.1912833656048
7.28424154454545
7.69550960966989
7.78846778861054
8.19973585373498
7.33776437412426
7.7490324392487
8.16030050437314
7.61663891094621
8.02790697607066
7.48424538264373
7.89551344776817
7.67016174052503
7.76311991946568
7.53776821222254
7.94903627734698
7.72368457010384
7.81664274904449
8.22791081416893
8.32086899310958
8.09551728586644
7.8701655786233
8.28143364374775
8.3743918226884
8.78565988781284
8.24199829438591
8.33495647332656
8.10960476608342
7.88425305884028
7.97721123778093
7.75185953053779
7.84481770947844
7.6194660022353
8.03073406735974
8.12369224630039
8.53496031142483
7.9912987179979
8.08425689693856
8.17721507587921
7.95186336863607
8.04482154757672
8.13777972651737
7.91242801927423
7.68707631203109
8.09834437715553
7.87299266991239
7.64764096266925
7.42228925542611
7.83355732055055
7.60820561330741
7.38285390606427
7.47581208500492
7.25046037776178
7.34341855670243
7.43637673564308
7.52933491458373
7.62229309352438
7.71525127246503
7.48989956522189
7.26454785797875
7.03919615073561
6.49553455730868
6.90680262243313
6.68145091518999
7.09271898031443
7.82229693162266
6.96032545201194
7.37159351713638
7.46455169607703
7.55750987501768
7.65046805395833
7.42511634671519
7.51807452565584
7.92934259078028
7.70399088353714
7.7969490624778
7.57159735523465
7.9828654203591
7.75751371311596
7.85047189205661
7.62512018481347
7.71807836375412
8.12934642887856
7.58568483545163
8.31526278675986
8.08991107951672
7.86455937227358
7.95751755121423
8.05047573015488
8.14343390909553
7.91808220185239
8.01104038079304
8.1039985597337
8.19695673867435
7.97160503143121
8.06456321037186
8.15752138931251
8.25047956825316
8.02512786101002
8.11808603995067
8.21104421889132
8.30400239783197
8.39696057677262
8.48991875571327
8.58287693465393
8.67583511359458
8.45048340635144
8.2251316991083
8.95470965041653
8.72935794317339
8.82231612211404
8.91527430105469
9.00823247999534
9.10119065893599
9.19414883787664
8.9687971306335
9.38006519575795
9.4730233746986
9.24767166745545
9.02231996021232
9.11527813915297
8.88992643190983
8.66457472466669
8.12091313123976
8.85049108254799
8.62513937530485
8.39978766806171
8.49274584700236
8.26739413975922
8.04204243251608
8.13500061145673
8.22795879039739
8.32091696933804
8.41387514827869
8.82514321340313
8.59979150615999
8.37443979891685
8.78570786404129
8.56035615679815
8.33500444955501
8.42796262849567
8.52092080743632
8.29556910019318
8.38852727913383
9.11810523044206
8.25613375083134
8.0307820435882
8.76035999489643
8.53500828765329
8.62796646659394
8.72092464553459
8.49557293829145
8.5885311172321
8.68148929617276
8.45613758892962
8.54909576787027
8.32374406062713
8.41670223956778
8.50966041850843
8.28430871126529
8.37726689020594
8.1519151829628
7.92656347571966
8.3378315408441
9.06740949215233
7.88712812635782
7.98008630529847
7.75473459805533
7.84769277699599
7.94065095593664
7.7152992486935
7.80825742763415
7.9012156065748
7.67586389933166
7.45051219208852
7.54347037102917
7.31811866378603
7.09276695654289
7.50403502166733
7.59699320060798
7.05333160718105
7.46459967230549
7.55755785124614
7.332206144003
7.42516432294365
6.56319284333293
6.65615102227358
6.43079931503044
6.52375749397109
6.29840578672795
6.3913639656686
6.16601225842546
6.25897043736612
6.03361873012298
6.12657690906363
6.21953508800428
5.99418338076114
6.08714155970179
6.18009973864244
5.9547480313993
6.04770621033995
6.1406643892806
5.91531268203746
6.3265807471619
6.41953892610255
5.87587733267562
5.65052562543248
5.42517391818934
4.88151232476241
5.29278038988686
5.06742868264372
5.16038686158437
5.57165492670881
5.66461310564946
5.43926139840632
5.21390969116318
4.98855798392004
5.71813593522827
5.49278422798513
5.58574240692578
5.36039069968264
5.77165876480708
5.54630705756394
5.63926523650459
5.41391352926145
5.5068717082021
5.59982988714275
5.6927880660834
5.46743635884026
5.56039453778091
5.65335271672157
5.42800100947843
5.52095918841908
5.61391736735973
5.70687554630038
5.48152383905724
5.89279190418168
5.66744019693854
5.76039837587919
5.85335655481984
5.9463147337605
5.72096302651736
5.81392120545801
6.22518927058245
6.63645733570689
6.09279574227996
6.18575392122061
6.27871210016126
6.05336039291812
6.14631857185877
6.55758663698321
6.33223492974007
6.74350299486452
6.83646117380517
6.61110946656203
6.38575775931889
6.47871593825954
6.57167411720019
6.98294218232463
6.75759047508149
6.85054865402214
6.625196946779
7.03646501190344
7.12942319084409
7.85900114215232
7.31533954872539
7.40829772766604
6.86463613423911
7.27590419936355
7.05055249212041
7.46182055724485
7.23646885000171
7.64773691512616
7.42238520788302
7.51534338682367
7.28999167958053
7.70125974470497
7.79421792364562
7.25055633021869
7.66182439534313
8.07309246046757
7.52943086704064
7.3040791597975
7.39703733873815
7.17168563149501
6.94633392425187
7.03929210319252
7.13225028213317
7.22520846107382
6.68154686764689
6.77450504658755
7.18577311171199
7.27873129065264
7.0533795834095
7.14633776235015
7.55760582747459
7.65056400641524
7.74352218535589
7.83648036429654
7.6111286570534
7.38577694981026
7.7970450149347
7.57169330769156
7.34634160044842
7.75760966557286
7.21394807214593
7.30690625108658
7.71817431621103
7.49282260896788
7.58578078790854
7.67873896684919
7.77169714578984
7.86465532473049
7.95761350367114
7.732261796428
8.14352986155244
7.9181781543093
7.69282644706616
7.78578462600681
7.87874280494746
7.65339109770432
7.42803939046118
7.20268768321804
7.61395574834248
8.02522381346692
7.1632523338562
7.25621051279686
7.6674785779213
7.76043675686195
7.8533949358026
7.94635311474325
7.72100140750011
7.81395958644076
7.58860787919762
7.36325617195448
7.13790446471134
7.54917252983578
7.32382082259264
7.0984691153495
7.19142729429015
7.2843854732308
7.05903376598766
7.15199194492831
6.92664023768517
7.01959841662582
6.79424670938268
6.88720488832333
6.66185318108019
6.75481136002085
6.5294596527777
6.30410794553457
6.39706612447522
6.49002430341587
6.58298248235652
6.35763077511338
6.45058895405403
6.22523724681089
5.99988553956775
6.0928437185084
5.86749201126526
5.96045019020591
5.73509848296277
5.82805666190342
5.92101484084407
6.01397301978472
6.42524108490916
6.19988937766602
6.61115744279047
6.70411562173112
6.47876391448798
6.25341220724484
6.34637038618549
6.43932856512614
6.213976857883
6.30693503682365
6.3998932157643
6.17454150852116
6.26749968746181
6.04214798021867
6.45341604534311
6.22806433809997
6.00271263085683
6.41398069598127
5.87031910255434
6.59989705386257
6.37454534661943
6.14919363937629
6.24215181831694
6.3351099972576
6.42806817619825
6.20271646895511
5.97736476171197
6.07032294065262
6.16328111959327
6.25623929853392
6.34919747747457
6.12384577023143
5.89849406298829
5.99145224192894
6.08441042086959
5.85905871362645
6.27032677875089
6.04497507150775
5.81962336426461
6.23089142938906
6.32384960832971
6.41680778727036
6.19145608002722
6.28441425896787
6.05906255172473
6.15202073066538
6.24497890960603
6.01962720236289
6.11258538130354
6.20554356024419
6.29850173918484
6.39145991812549
6.48441809706614
6.57737627600679
6.67033445494744
6.76329263388809
6.53794092664495
7.26751887795319
6.72385728452625
7.77174512201828
7.22808352859135
7.321041707532
6.77738011410507
7.18864817922951
6.96329647198637
6.73794476474323
7.14921282986767
6.92386112262453
7.01681930156518
7.10977748050583
6.88442577326269
6.97738395220334
7.07034213114399
6.52668053771706
6.61963871665771
6.71259689559836
6.48724518835522
6.89851325347966
6.67316154623652
7.08442961136096
7.17738779030162
6.3154163106909
6.40837448963155
6.5013326685722
6.59429084751285
6.6872490264535
6.46189731921036
6.8731653843348
6.64781367709166
7.0590817422161
7.15203992115675
7.2449981000974
6.70133650667047
6.79429468561113
6.56894297836798
6.66190115730864
7.07316922243308
6.84781751518994
6.6224658079468
7.35204375925503
6.8083821658281
6.90134034476875
6.9942985237094
7.40556658883384
7.1802148815907
6.95486317434756
6.72951146710442
6.82246964604508
6.91542782498573
7.00838600392638
6.78303429668324
7.19430236180768
7.28726054074833
7.38021871968898
7.47317689862963
6.9295153052027
7.34078337032714
7.115431663084
7.52669972820844
7.93796779333289
7.07599631372217
7.16895449266282
7.58022255778726
6.71825107817654
7.12951914330098
6.90416743605784
7.31543550118228
7.40839368012293
6.864732086696
6.95769026563665
7.0506484445773
7.14360662351795
7.23656480245861
7.01121309521547
6.78586138797233
6.87881956691298
6.97177774585363
6.74642603861049
6.83938421755114
7.56896216885937
6.07037091688107
6.16332909582172
6.57459716094616
6.66755533988681
6.44220363264367
6.53516181158432
6.30981010434118
6.40276828328184
6.49572646222249
6.27037475497935
6.04502304773621
6.45629111286065
6.23093940561751
6.32389758455816
6.09854587731502
6.19150405625567
5.96615234901253
6.05911052795318
5.83375882071004
6.24502688583448
5.38305540622376
5.47601358516441
5.56897176410506
5.66192994304571
5.43657823580257
5.84784630092701
5.62249459368388
5.39714288644073
5.17179117919759
5.26474935813825
5.3577075370789
5.45066571601955
5.5436238949602
5.63658207390085
5.41123036665771
5.50418854559836
5.59714672453901
5.37179501729587
5.78306308242031
6.19433114754475
5.01404978175024
4.7886980745071
4.88165625344775
4.65630454620461
4.74926272514526
4.52391101790212
4.93517908302657
4.39151748959964
4.48447566854029
5.21405361984852
4.98870191260538
5.08166009154603
5.17461827048668
4.94926656324354
5.36053462836798
5.13518292112484
5.22814110006549
5.00278939282235
5.41405745794679
5.18870575070365
4.96335404346051
5.05631222240116
5.46758028752561
5.24222858028247
5.01687687303933
5.10983505197998
5.20279323092063
5.29575140986128
5.38870958880193
5.48166776774258
5.25631606049944
5.34927423944009
5.44223241838074
5.53519059732139
5.30983889007825
5.4027970690189
5.49575524795956
5.58871342690021
5.68167160584086
5.77462978478151
5.86758796372216
5.64223625647902
5.73519443541967
5.82815261436032
5.60280090711718
5.69575908605783
5.78871726499848
5.88167544393913
5.97463362287978
6.06759180182043
6.16054998076108
6.25350815970173
6.34646633864239
6.12111463139925
6.2140728103399
6.30703098928055
6.3999891682212
6.17463746097806
6.5859055261025
6.67886370504315
6.45351199780001
5.90985040437308
6.32111846949752
6.41407664843817
6.82534471356262
6.59999300631948
6.69295118526013
6.78590936420078
6.87886754314143
6.65351583589829
6.74647401483894
6.5211223075958
6.93239037272024
6.7070386654771
6.79999684441775
7.21126490954219
6.98591320229905
6.76056149505591
7.49013944636414
7.264787739121
6.72112614569407
6.49577443845093
6.58873261739158
6.36338091014844
6.1380292029053
6.23098738184595
6.3239455607866
6.41690373972725
6.19155203248411
6.28451021142476
6.05915850418162
6.15211668312227
6.24507486206292
6.01972315481978
6.43099121994423
6.20563951270109
5.98028780545795
6.39155587058239
6.80282393570683
6.57747222846369
6.03381063503676
5.80845892779362
6.21972699291806
6.31268517185871
6.08733346461557
5.86198175737243
5.95493993631308
6.04789811525374
5.8225464080106
5.91550458695125
6.0084627658919
5.78311105864876
5.55775935140562
6.28733730271385
5.74367570928692
5.83663388822757
5.61128218098443
6.02255024610887
6.11550842504952
6.52677649017397
5.66480501056325
6.07607307568769
5.85072136844455
6.26198943356899
6.03663772632585
6.1295959052665
5.90424419802336
5.99720237696401
6.09016055590466
5.54649896247773
5.63945714141838
5.73241532035903
5.50706361311589
5.60002179205654
5.3746700848134
5.46762826375405
5.5605864426947
5.33523473545156
5.746502800576
5.83946097951665
5.29579938608972
5.70706745121417
5.48171574397103
