0.318471337579618
0.318471337579618
0.72973940270406
0.822697581644711
0.59734587440157
0.690304053342221
0.783262232282872
0.557910525039732
0.650868703980382
0.743826882921033
0.836785061861684
0.611433354618544
0.704391533559194
0.797349712499844
0.571998005256705
0.664956184197357
0.757914363138009
0.85087254207866
0.62552083483552
0.718479013776173
0.811437192716823
0.904395371657474
0.679043664414334
0.772001843354984
0.864960022295635
0.957918201236285
0.732566493993146
0.825524672933796
0.918482851874446
1.0114410308151
0.786089323571958
0.879047502512609
0.97200568145326
0.74665397421012
0.83961215315077
0.932570332091421
1.02552851103207
0.800176803788931
0.893134982729582
0.986093161670232
0.760741454427092
0.853699633367744
0.946657812308395
1.03961599124905
0.814264284005906
0.907222462946558
1.00018064188721
0.774828934644069
0.86778711358472
0.960745292525372
1.05370347146602
0.828351764222882
0.921309943163533
1.01426812210418
0.788916414861043
0.881874593801694
0.974832772742344
0.749481065499204
0.842439244439855
0.935397423380505
1.02835560232116
0.803003895078017
0.895962074018668
0.98892025295932
0.763568545716179
0.856526724656829
0.94948490359748
1.04244308253813
0.817091375294991
0.910049554235641
0.6846978469925
0.777656025933151
0.870614204873801
0.645262497630662
0.738220676571314
0.831178855511964
0.605827148268825
0.698785327209477
0.791743506150129
0.566391798906988
0.659349977847639
0.752308156788289
0.526956449545149
0.6199146284858
0.712872807426451
0.487521100183312
0.580479279123962
0.673437458064612
0.766395637005263
0.541043929762123
0.634002108702775
0.726960287643426
0.501608580400286
0.594566759340937
0.687524938281588
0.462173231038448
0.555131409979099
0.64808958891975
0.42273788167661
0.515696060617261
0.608654239557913
0.701612418498564
0.476260711255424
0.569218890196076
0.662177069136727
0.436825361893587
0.529783540834238
0.62274171977489
0.39739001253175
0.490348191472402
0.583306370413054
0.676264549353706
0.450912842110565
0.543871021051216
0.636829199991866
0.729787378932517
0.504435671689377
0.597393850630027
0.690352029570678
0.783310208511328
0.557958501268189
0.65091668020884
0.743874859149492
0.836833038090143
0.611481330847004
0.704439509787655
0.797397688728305
0.890355867668956
0.665004160425815
0.757962339366466
0.850920518307117
0.625568811063976
0.718526990004627
0.811485168945278
0.904443347885928
0.99740152682658
0.77204981958344
0.865007998524091
0.957966177464742
1.05092435640539
0.825572649162254
0.918530828102905
1.01148900704356
1.10444718598421
0.879095478741066
0.972053657681716
1.06501183662237
1.15797001556302
0.932618308319877
1.02557648726053
1.11853466620118
0.893182958958039
0.98614113789869
1.07909931683934
1.17205749577999
1.26501567472064
1.0396639674775
1.13262214641816
1.22558032535881
1.00022861811567
1.09318679705632
1.18614497599697
0.960793268753829
1.05375144769448
1.14670962663513
1.23966780557578
1.01431609833264
1.10727427727329
1.20023245621394
0.974880748970804
1.06783892791145
1.16079710685211
1.25375528579276
1.02840357854962
1.12136175749027
1.21431993643092
0.988968229187778
1.08192640812843
1.17488458706908
1.26784276600973
1.04249105876659
1.13544923770724
1.22840741664789
1.00305570940475
1.0960138883454
1.18897206728605
0.963620360042913
1.05657853898356
1.14953671792421
0.924185010681074
1.01714318962172
1.11010136856238
1.20305954750303
0.977707840259886
1.07066601920054
0.845314311957398
0.938272490898051
1.0312306698387
1.12418884877935
0.898837141536212
0.991795320476864
1.08475349941752
0.859401792174377
0.952359971115027
1.04531815005568
0.819966442812538
0.912924621753188
1.00588280069384
0.780531093450699
0.873489272391349
0.966447451332
0.74109574408886
0.834053923029511
0.927012101970163
0.701660394727023
0.794618573667675
0.887576752608326
0.662225045365186
0.755183224305838
0.848141403246489
0.941099582187139
0.715747874944
0.80870605388465
0.9016642328253
0.67631252558216
0.76927070452281
0.862228883463461
0.636877176220322
0.729835355160974
0.822793534101625
0.597441826858485
0.690400005799137
0.783358184739787
0.558006477496648
0.650964656437299
0.743922835377949
0.836881014318601
0.611529307075461
0.704487486016111
0.797445664956762
0.890403843897412
0.983362022838063
1.07632020177871
0.850968494535574
0.943926673476224
1.03688485241687
1.12984303135753
0.904491324114386
0.997449503055037
1.09040768199569
1.18336586093634
0.958014153693199
1.05097233263385
1.1439305115745
1.23688869051515
1.01153698327201
1.10449516221266
1.19745334115331
0.972101633910173
1.06505981285082
1.15801799179148
1.25097617073213
1.02562446348899
1.11858264242964
1.21154082137029
1.30449900031094
1.0791472930678
1.17210547200845
1.2650636509491
1.03971194370596
1.13267012264661
1.22562830158726
1.31858648052791
1.09323477328477
1.18619295222543
1.27915113116608
1.37210931010673
1.14675760286359
1.23971578180424
1.33267396074489
1.42563213968554
1.2002804324424
1.29323861138305
1.3861967903237
1.16084508308056
1.25380326202121
1.34676144096186
1.43971961990251
1.21436791265937
1.30732609160003
1.40028427054068
1.17493256329754
1.26789074223819
1.36084892117884
1.45380710011949
1.22845539287635
1.321413571817
1.41437175075765
1.18902004351451
1.28197822245516
1.37493640139582
1.14958469415268
1.24254287309333
1.33550105203398
1.42845923097463
1.20310752373149
1.29606570267214
1.38902388161279
1.16367217436965
1.2566303533103
1.34958853225095
1.12423682500781
1.21719500394846
1.31015318288911
1.08480147564597
1.17775965458662
1.27071783352727
1.04536612628413
1.13832430522479
1.23128248416544
1.0059307769223
1.09888895586295
1.1918471348036
0.96649542756046
1.05945360650111
1.15241178544176
1.24536996438241
1.02001825713927
1.11297643607992
1.20593461502058
0.980582907777436
1.07354108671809
1.16649926565874
0.941147558415596
1.03410573735625
1.1270639162969
0.901712209053759
0.99467038799441
1.08762856693506
1.18058674587571
0.955235038632572
1.04819321757322
1.14115139651387
0.915799689270734
1.00875786821138
1.10171604715203
1.19467422609269
0.969322518849545
1.0622806977902
1.15523887673085
0.929887169487706
1.02284534842836
1.11580352736901
1.20876170630966
0.983409999066519
1.07636817800717
1.16932635694782
1.26228453588847
1.03693282864533
1.12989100758598
1.22284918652663
0.997497479283494
1.09045565822414
1.1834138371648
1.27637201610545
1.05102030886231
1.14397848780296
1.23693666674361
1.32989484568426
1.10454313844112
1.19750131738177
1.29045949632242
1.06510778907928
1.15806596801993
1.25102414696058
1.34398232590123
1.11863061865809
1.21158879759874
1.30454697653939
1.39750515548005
1.17215344823691
1.26511162717756
1.35806980611821
1.13271809887507
1.22567627781572
1.31863445675637
1.41159263569702
1.18624092845388
1.27919910739453
1.37215728633518
1.14680557909204
1.23976375803269
1.33272193697334
1.1073702297302
1.20032840867085
1.2932865876115
1.38624476655216
1.16089305930902
1.25385123824967
1.34680941719032
1.12145770994718
1.21441588888783
1.30737406782848
1.40033224676913
1.17498053952599
1.26793871846664
1.36089689740729
1.13554519016415
1.2285033691048
1.32146154804545
1.09610984080231
1.18906801974296
1.28202619868361
1.37498437762426
1.14963267038112
1.24259084932177
1.33554902826243
1.11019732101929
1.20315549995994
1.29611367890059
1.07076197165745
1.1637201505981
1.25667832953875
1.03132662229561
1.12428480123626
1.21724298017692
0.991891272933776
1.08484945187443
1.17780763081508
0.952455923571939
1.04541410251259
1.13837228145324
1.23133046039389
1.00597875315075
1.0989369320914
1.19189511103205
0.966543403788913
1.05950158272956
1.15245976167022
0.927108054427076
1.02006623336773
1.11302441230838
0.887672705065239
0.98063088400589
1.07358906294654
0.848237355703403
0.941195534644054
1.03415371358471
0.808802006341566
0.901760185282218
0.994718364222868
0.769366656979728
0.862324835920379
0.955283014861029
1.04824119380168
0.82288948655854
0.915847665499191
1.00880584443984
0.783454137196704
0.876412316137355
0.969370495078006
0.744018787834866
0.836976966775518
0.929935145716169
0.70458343847303
0.79754161741368
0.890499796354331
0.983457975294983
0.758106268051842
0.851064446992493
0.625712739749353
0.718670918690004
0.811629097630656
0.904587276571306
0.679235569328167
0.772193748268819
0.86515192720947
0.95811010615012
0.73275839890698
0.825716577847633
0.918674756788284
0.693323049545145
0.786281228485796
0.879239407426446
0.972197586367097
1.06515576530775
0.839804058064608
0.932762237005258
1.02572041594591
0.800368708702769
0.893326887643419
0.986285066584069
1.07924324552472
0.853891538281581
0.946849717222232
1.03980789616288
0.814456188919743
0.907414367860393
1.00037254680104
1.09333072574169
0.867979018498554
0.960937197439205
1.05389537637986
0.828543669136715
0.921501848077367
1.01446002701802
1.10741820595867
0.882066498715529
0.975024677656179
1.06798285659683
0.842631149353691
0.935589328294342
1.02854750723499
1.12150568617564
0.896153978932503
0.989112157873154
1.0820703368138
0.856718629570664
0.949676808511316
1.04263498745197
1.13559316639262
0.910241459149478
1.00319963809013
1.09615781703078
1.18911599597143
0.963764288728292
1.05672246766894
1.14968064660959
0.924328939366454
1.01728711830711
1.11024529724776
0.884893590004615
0.977851768945266
1.07080994788592
1.16376812682657
0.938416419583427
1.03137459852408
1.12433277746473
0.898981070221588
0.991939249162239
1.08489742810289
0.859545720859751
0.952503899800401
1.04546207874105
1.1384202576817
0.913068550438562
1.00602672937921
0.780675022136072
0.873633201076723
0.648281493833583
0.741239672774234
0.834197851714886
0.608846144471746
0.701804323412399
0.794762502353049
0.56941079510991
0.66236897405056
0.43701726680742
0.529975445748071
0.622933624688722
0.715891803629373
0.490540096386233
0.583498275326883
0.676456454267535
0.769414633208185
0.544062925965046
0.637021104905697
0.729979283846348
0.504627576603209
0.59758575554386
0.690543934484512
0.783502113425163
0.558150406182022
0.651108585122674
0.425756877879533
0.518715056820184
0.611673235760834
0.704631414701485
0.479279707458345
0.572237886398995
0.665196065339646
0.758154244280297
0.532802537037157
0.625760715977808
0.71871889491846
0.49336718767532
0.586325366615972
0.679283545556623
0.453931838313483
0.546890017254133
0.639848196194784
0.732806375135434
0.507454667892294
0.600412846832944
0.693371025773595
0.468019318530455
0.560977497471106
0.653935676411758
0.74689385535241
0.839852034293061
0.614500327049922
0.707458505990574
0.800416684931225
0.575064977688085
0.668023156628735
0.760981335569385
0.853939514510036
0.628587807266896
0.721545986207546
0.814504165148197
0.589152457905057
0.682110636845709
0.77506881578636
0.868026994727012
0.960985173667663
0.735633466424524
0.828591645365176
0.921549824305828
0.696198117062688
0.78915629600334
0.882114474943992
0.975072653884642
0.749720946641502
0.842679125582153
0.935637304522803
1.02859548346345
0.803243776220313
0.896201955160964
0.989160134101615
0.763808426858475
0.856766605799126
0.949724784739778
0.724373077496638
0.81733125643729
0.910289435377942
1.00324761431859
0.777895907075453
0.870854086016104
0.963812264956754
1.05677044389741
0.831418736654265
0.924376915594915
1.01733509453557
0.791983387292426
0.884941566233077
0.977899745173728
1.07085792411438
0.84550621687124
0.938464395811892
1.03142257475254
0.806070867509404
0.899029046450055
0.991987225390706
1.08494540433136
0.859593697088216
0.952551876028866
1.04551005496952
0.820158347726377
0.913116526667029
1.00607470560768
0.78072299836454
0.873681177305192
0.966639356245843
0.741287649002703
0.834245827943356
0.927204006884006
0.701852299640867
0.794810478581519
0.887768657522169
0.662416950279029
0.75537512921968
0.84833330816033
0.941291487100981
0.715939779857841
0.808897958798491
0.901856137739142
0.676504430496002
0.769462609436653
0.862420788377305
0.955378967317956
0.730027260074817
0.822985439015469
0.915943617956121
0.690591910712981
0.783550089653631
0.876508268594282
0.651156561351141
0.744114740291792
0.837072919232442
0.930031098173093
0.704679390929953
0.797637569870603
0.890595748811254
0.665244041568115
0.758202220508766
0.851160399449417
0.625808692206277
0.718766871146929
0.81172505008758
0.904683229028231
0.67933152178509
0.772289700725741
0.865247879666391
0.639896172423252
0.732854351363903
0.825812530304554
0.918770709245205
0.693419002002065
0.786377180942718
0.879335359883368
0.653983652640229
0.746941831580881
0.839900010521531
0.932858189462183
1.02581636840283
0.800464661159695
0.893422840100345
0.986381019040996
0.761029311797855
0.853987490738506
0.946945669679156
1.03990384861981
0.814552141376667
0.907510320317319
1.00046849925797
1.09342667819862
0.868074970955481
0.961033149896133
1.05399132883678
1.14694950777744
0.921597800534296
1.01455597947495
1.1075141584156
1.20047233735625
0.975120630113108
1.06807880905376
1.16103698799441
0.935685280751269
1.02864345969192
1.12160163863257
1.21455981757322
0.98920811033008
1.08216628927073
1.17512446821138
1.26808264715203
1.04273093990889
1.13568911884954
1.22864729779019
1.00329559054705
1.0962537694877
1.18921194842835
1.282170127369
1.05681842012586
1.14977659906651
1.24273477800716
1.33569295694782
1.11034124970468
1.20329942864533
1.29625760758598
1.07090590034284
1.16386407928349
1.25682225822414
1.34978043716479
1.12442872992165
1.2173869088623
1.31034508780295
1.08499338055981
1.17795155950047
1.27090973844112
1.04555803119798
1.13851621013863
1.23147438907928
1.32443256801993
1.09908086077679
1.19203903971744
1.28499721865809
1.05964551141495
1.1526036903556
1.24556186929625
1.02021016205311
1.11316834099376
1.20612651993441
1.29908469887507
1.07373299163193
1.16669117057258
1.25964934951323
1.03429764227009
1.12725582121074
1.22021400015139
1.31317217909204
1.0878204718489
1.18077865078955
1.2737368297302
1.04838512248706
1.14134330142771
1.23430148036836
1.00894977312522
1.10190795206587
1.19486613100653
0.969514423763387
1.06247260270404
1.15543078164469
1.24838896058534
1.0230372533422
1.11599543228285
1.2089536112235
0.983601903980364
1.07656008292101
1.16951826186166
1.26247644080231
1.03712473355918
1.13008291249983
1.22304109144048
1.31599927038113
1.09064756313799
1.18360574207864
1.27656392101929
1.05121221377615
1.1441703927168
1.23712857165745
1.01177686441431
1.10473504335496
1.19769322229561
0.972341515052474
1.06529969399312
1.15825787293378
1.25121605187443
1.02586434463129
1.11882252357194
1.21178070251259
0.986428995269448
1.0793871742101
1.17234535315075
1.2653035320914
1.03995182484826
1.13291000378891
1.22586818272956
1.00051647548642
1.09347465442707
1.18643283336773
1.27939101230838
1.05403930506524
1.14699748400589
1.23995566294654
1.0146039557034
1.10756213464405
1.2005203135847
1.29347849252535
1.06812678528221
1.16108496422286
1.25404314316351
1.02869143592037
1.12164961486102
1.21460779380167
1.30756597274233
1.08221426549919
1.17517244443984
1.26813062338049
1.04277891613735
1.135737095078
1.22869527401865
1.3216534529593
1.09630174571616
1.18925992465681
1.28221810359746
1.05686639635432
1.14982457529497
1.24278275423562
1.01743104699248
1.11038922593313
1.20334740487379
1.29630558381444
1.0709538765713
1.16391205551195
1.2568702344526
1.34982841339325
1.12447670615011
1.21743488509076
1.31039306403141
1.08504135678827
1.17799953572892
1.27095771466957
1.04560600742643
1.13856418636708
1.23152236530774
1.0061706580646
1.09912883700525
1.1920870159459
0.966735308702757
1.05969348764341
1.15265166658406
1.24560984552471
1.02025813828157
1.11321631722222
1.20617449616287
0.980822788919732
1.07378096786038
1.16673914680103
1.25969732574168
1.03434561849854
1.1273037974392
1.22026197637985
0.994910269136706
1.08786844807736
1.18082662701801
1.27378480595866
1.04843309871552
1.14139127765617
1.23434945659682
1.00899774935368
1.10195592829433
1.19491410723498
0.969562399991843
1.06252057893249
1.15547875787315
0.930127050630006
1.02308522957066
1.11604340851131
0.890691701268168
0.98364988020882
1.07660805914947
0.851256351906331
0.944214530846983
1.03717270978763
1.13013088872829
0.904779181485145
0.997737360425796
1.09069553936645
0.865343832123307
0.958302011063957
1.05126019000461
1.14421836894526
0.918866661702118
1.01182484064277
1.10478301958342
1.19774119852407
0.97238949128093
1.06534767022158
1.15830584916223
1.25126402810288
1.02591232085974
1.1188704998004
1.21182867874105
0.986476971497907
1.07943515043856
1.17239332937921
0.947041622136067
1.03999980107672
1.13295798001737
1.22591615895802
1.00056445171488
1.09352263065553
1.18648080959618
0.96112910235304
1.05408728129369
1.14704546023434
1.24000363917499
1.01465193193185
1.1076101108725
1.20056828981315
0.975216582570012
1.06817476151066
1.16113294045132
0.935781233208175
1.02873941214883
1.12169759108948
1.21465577003013
0.989304062786986
1.08226224172764
1.17522042066829
0.949868713425149
1.0428268923658
1.13578507130645
0.910433364063311
1.00339154300396
1.09634972194461
1.18930790088526
0.963956193642122
1.05691437258277
1.14987255152342
0.924520844280283
1.01747902322093
1.11043720216159
1.20339538110224
0.978043673859096
1.07100185279975
1.1639600317404
0.938608324497258
1.03156650343791
1.12452468237856
0.89917297513542
0.992131154076071
1.08508933301672
1.17804751195737
0.952695804714232
1.04565398365488
1.13861216259553
1.23157034153619
1.00621863429305
1.0991768132337
1.19213499217435
0.966783284931207
1.05974146387186
1.15269964281251
1.24565782175316
1.02030611451002
1.11326429345067
1.20622247239132
0.980870765148183
1.07382894408883
1.16678712302948
0.941435415786344
1.034393594727
1.12735177366765
1.2203099526083
0.994958245365157
1.08791642430581
1.18087460324646
0.955522896003319
1.04848107494397
1.14143925388462
1.23439743282527
1.00904572558213
1.10200390452278
1.19496208346343
1.28792026240408
1.06256855516094
1.1555267341016
1.24848491304225
1.02313320579911
1.11609138473976
1.20904956368041
0.983697856437268
1.07665603537792
1.16961421431857
1.26257239325922
1.03722068601608
1.13017886495673
1.22313704389738
0.997785336654242
1.09074351559489
1.18370169453555
0.958349987292405
1.05130816623306
1.14426634517371
0.918914637930568
1.01187281687122
1.10483099581187
0.879479288568733
0.972437467509384
1.06539564645003
0.840043939206895
0.933002118147546
1.0259602970882
1.11891847602885
0.893566768785709
0.986524947726361
1.07948312666701
0.854131419423871
0.947089598364521
1.04004777730517
0.814696070062033
0.907654249002684
1.00061242794334
0.775260720700195
0.868218899640845
0.961177078581496
1.05413525752215
0.828783550279006
0.921741729219657
0.696390021976517
0.789348200917167
0.882306379857818
0.975264558798469
0.74991285155533
0.842871030495981
0.935829209436631
0.710477502193492
0.803435681134144
0.896393860074794
0.671042152831654
0.764000331772305
0.856958510712955
0.949916689653606
0.724564982410466
0.817523161351116
0.910481340291767
0.685129633048627
0.778087811989279
0.871045990929931
0.645694283686791
0.738652462627442
0.831610641568093
0.924568820508743
0.699217113265603
0.792175292206254
0.885133471146904
0.659781763903765
0.752739942844416
0.845698121785067
0.938656300725719
0.713304593482579
0.80626277242323
0.899220951363881
0.992179130304532
0.766827423061392
0.859785602002043
0.952743780942695
1.04570195988335
0.820350252640206
0.913308431580857
1.00626661052151
1.09922478946216
0.87387308221902
0.96683126115967
1.05978944010032
0.834437732857182
0.927395911797832
1.02035409073848
1.11331226967913
0.887960562435994
0.980918741376646
1.0738769203173
0.848525213074158
0.941483392014809
1.03444157095546
1.12739974989611
0.90204804265297
0.995006221593622
1.08796440053427
0.862612693291133
0.955570872231783
1.04852905117243
1.14148723011308
0.916135522869945
1.0090937018106
1.10205188075125
0.876700173508108
0.969658352448759
1.06261653138941
1.15557471033006
0.930223003086922
1.02318118202757
1.11613936096822
0.890787653725083
0.983745832665733
1.07670401160638
0.851352304363244
0.944310483303896
1.03726866224455
1.1302268411852
0.904875133942059
0.997833312882711
1.09079149182336
1.18374967076401
0.958397963520873
1.05135614246152
1.14431432140218
0.918962614159035
1.01192079309969
1.10487897204034
0.879527264797197
0.972485443737848
1.0654436226785
1.15840180161915
0.93305009437601
1.02600827331666
1.11896645225731
0.893614745014171
0.986572923954824
1.07953110289547
0.854179395652334
0.947137574592986
1.04009575353364
1.13305393247429
0.907702225231149
1.0006604041718
1.09361858311245
0.868266875869311
0.961225054809961
1.05418323375061
0.828831526507472
0.921789705448123
1.01474788438877
1.10770606332943
0.882354356086286
0.975312535026938
1.06827071396759
0.842919006724449
0.9358771856651
1.02883536460575
1.1217935435464
0.896441836303262
0.989400015243913
1.08235819418456
0.857006486941424
0.949964665882076
1.04292284482273
0.817571137579586
0.910529316520236
1.00348749546089
1.09644567440154
0.871093967158398
0.96405214609905
1.0570103250397
1.14996850398035
0.924616796737213
1.01757497567786
1.11053315461851
0.885181447375375
0.978139626316027
1.07109780525668
1.16405598419733
0.938704276954188
1.03166245589484
1.12462063483549
1.21757881377614
0.992227106532999
1.08518528547365
1.1781434644143
0.95279175717116
1.04574993611181
1.13870811505246
1.23166629399311
1.00631458674997
1.09927276569062
1.19223094463127
0.966879237388135
1.05983741632879
1.15279559526944
0.927443888026298
1.02040206696695
1.1133602459076
1.20631842484825
0.980966717605112
1.07392489654576
1.16688307548641
1.25984125442707
1.03448954718393
1.12744772612458
1.22040590506523
0.995054197822086
1.08801237676274
1.18097055570339
1.27392873464404
1.0485770274009
1.14153520634155
1.2344933852822
1.00914167803906
1.10209985697971
1.19505803592036
1.28801621486101
1.06266450761787
1.15562268655852
1.24858086549917
1.02322915825603
1.11618733719668
1.20914551613733
1.30210369507798
1.07675198783484
1.1697101667755
1.26266834571615
1.03731663847301
1.13027481741366
1.22323299635431
1.31619117529496
1.09083946805182
1.18379764699247
1.27675582593312
1.05140411868998
1.14436229763063
1.23732047657128
1.33027865551193
1.10492694826879
1.19788512720944
1.2908433061501
1.06549159890696
1.15844977784761
1.25140795678826
1.34436613572891
1.11901442848577
1.21197260742642
1.30493078636707
1.07957907912393
1.17253725806458
1.26549543700523
1.04014372976209
1.13310190870274
1.2260600876434
1.00070838040026
1.09366655934091
1.18662473828156
1.27958291722221
1.05423120997907
1.14718938891972
1.24014756786037
1.01479586061723
1.10775403955788
1.20071221849853
1.29367039743918
1.06831869019604
1.1612768691367
1.25423504807735
1.02888334083421
1.12184151977486
1.21479969871551
0.989447991472367
1.08240617041302
1.17536434935367
1.26832252829432
1.04297082105118
1.13592899999183
1.22888717893248
1.00353547168934
1.09649365062999
1.18945182957064
0.964100122327504
1.05705830126815
1.15001648020881
0.924664772965666
1.01762295190632
1.11058113084697
1.20353930978762
0.978187602544479
1.07114578148513
1.16410396042578
1.25706213936643
1.03171043212329
1.12466861106394
1.21762679000459
1.31058496894524
1.0852332617021
1.17819144064276
1.27114961958341
1.36410779852406
1.13875609128092
1.23171427022157
1.32467244916222
1.09932074191908
1.19227892085973
1.28523709980038
1.37819527874103
1.15284357149789
1.24580175043854
1.3387599293792
1.11340822213606
1.20636640107671
1.29932458001736
1.07397287277422
1.16693105171487
1.25988923065552
1.35284740959617
1.12749570235303
1.22045388129368
1.31341206023433
1.08806035299119
1.18101853193184
1.2739767108725
1.36693488981315
1.4598930687538
1.23454136151066
1.32749954045131
1.42045771939196
1.19510601214882
1.28806419108947
1.38102237003012
1.15567066278698
1.24862884172763
1.34158702066828
1.43454519960894
1.2091934923658
1.30215167130645
1.3951098502471
1.16975814300396
1.26271632194461
1.35567450088526
1.44863267982591
1.22328097258277
1.31623915152342
1.40919733046407
1.18384562322093
1.27680380216158
1.36976198110223
1.14441027385909
1.23736845279974
1.33032663174039
1.10497492449725
1.1979331034379
1.29089128237856
1.38384946131921
1.15849775407607
1.25145593301672
1.34441411195737
1.11906240471423
1.21202058365488
1.30497876259553
1.07962705535239
1.17258523429304
1.26554341323369
1.35850159217434
1.1331498849312
1.22610806387185
1.3190662428125
1.09371453556936
1.18667271451001
1.27963089345066
1.37258907239132
1.14723736514818
1.24019554408883
1.33315372302948
1.10780201578634
1.20076019472699
1.29371837366764
1.0683666664245
1.16132484536515
1.2542830243058
1.02893131706266
1.12188949600331
1.21484767494396
0.989495967700824
1.08245414664147
1.17541232558213
1.26837050452278
1.04301879727964
1.13597697622029
1.22893515516094
1.0035834479178
1.09654162685845
1.1894998057991
1.28245798473975
1.05710627749661
1.15006445643727
1.24302263537792
1.01767092813478
1.11062910707543
1.20358728601608
0.978235578772938
1.07119375771359
1.16415193665424
1.25711011559489
1.03175840835175
1.1247165872924
1.21767476623305
0.992323058989914
1.08528123793056
1.17823941687122
1.27119759581187
1.04584588856873
1.13880406750938
0.913452360266238
1.00641053920689
1.09936871814754
1.19232689708819
0.966975189845051
1.0599333687857
1.15289154772635
0.927539840483213
1.02049801942386
1.11345619836451
1.20641437730516
0.981062670062025
1.07402084900268
1.16697902794333
0.941627320700188
1.03458549964084
1.12754367858149
0.902191971338351
0.995150150279002
1.08810832921965
0.862756621976514
0.955714800917164
1.04867297985781
1.14163115879847
0.916279451555326
1.00923763049598
1.10219580943663
0.876844102193489
0.96980228113414
1.06276046007479
0.837408752831652
0.930366931772303
1.02332511071295
0.797973403469815
0.890931582410465
0.983889761351115
1.07684794029177
0.851496233048626
0.944454411989277
1.03741259092993
0.812060883686788
0.905019062627439
0.99797724156809
0.77262553432495
0.865583713265601
0.958541892206253
1.0515000711469
0.826148363903765
0.919106542844416
1.01206472178507
0.786713014541927
0.879671193482577
0.972629372423227
0.747277665180088
0.840235844120738
0.933194023061388
0.707842315818248
0.8008004947589
0.89375867369955
0.66840696645641
0.761365145397062
0.854323324337713
0.947281503278365
0.721929796035225
0.814887974975878
0.907846153916528
0.682494446673388
0.775452625614038
0.868410804554689
0.96136898349534
0.7360172762522
0.828975455192851
0.921933634133503
0.696581926890362
0.789540105831013
0.882498284771663
0.657146577528524
0.750104756469175
0.843062935409826
0.936021114350478
1.02897929329113
0.80362758604799
0.89658576498864
0.989543943929291
1.08250212286994
0.857150415626802
0.950108594567452
1.0430667735081
0.817715066264962
0.910673245205613
1.00363142414626
0.778279716903124
0.871237895843776
0.964196074784427
0.738844367541287
0.831802546481939
0.924760725422589
1.01771890436324
1.11067708330389
0.885325376060751
0.978283555001401
1.07124173394205
0.845890026698912
0.938848205639563
1.03180638458021
1.12476456352086
0.899412856277725
0.992371035218376
0.767019327975237
0.859977506915888
0.952935685856538
0.727583978613399
0.820542157554049
0.913500336494699
0.688148629251559
0.781106808192209
0.87406498713286
0.64871327988972
0.74167145883037
0.834629637771021
0.927587816711672
0.702236109468532
0.795194288409182
0.888152467349832
0.662800760106692
0.755758939047343
0.848717117987993
0.623365410744853
0.716323589685503
0.809281768626154
0.902239947566805
0.995198126507455
0.769846419264316
0.862804598204966
0.955762777145616
0.730411069902477
0.823369248843129
0.91632742778378
0.690975720540641
0.783933899481292
0.876892078421942
0.651540371178802
0.744498550119453
0.837456729060103
0.930414908000754
1.0233730869414
0.798021379698264
0.890979558638915
0.983937737579565
0.758586030336426
0.851544209277078
0.944502388217729
0.71915068097459
0.812108859915241
0.905067038855891
0.679715331612752
0.772673510553402
0.865631689494052
0.640279982250912
0.733238161191562
0.826196340132213
0.919154519072865
0.693802811829725
0.786760990770376
0.879719169711027
0.654367462467887
0.747325641408539
0.84028382034919
0.614932113106051
0.707890292046701
0.800848470987353
0.893806649928003
0.668454942684863
0.761413121625514
0.854371300566164
0.629019593323024
0.721977772263675
0.814935951204325
0.589584243961185
0.682542422901838
0.775500601842488
0.550148894599348
0.64310707354
0.736065252480651
0.510713545237512
0.603671724178163
0.696629903118814
0.471278195875674
0.564236374816325
0.657194553756975
0.750152732697626
0.524801025454486
0.617759204395136
0.710717383335787
0.803675562276438
0.578323855033299
0.671282033973951
0.764240212914603
0.538888505671463
0.631846684612115
0.724804863552766
0.817763042493416
0.910721221434067
0.685369514190927
0.778327693131577
0.871285872072228
0.645934164829088
0.738892343769738
0.831850522710389
0.92480870165104
0.6994569944079
0.792415173348552
0.885373352289202
0.978331531229853
0.752979823986714
0.845938002927365
0.938896181868016
0.713544474624875
0.806502653565526
0.899460832506177
0.992419011446827
0.767067304203688
0.860025483144338
0.952983662084988
0.727631954841848
0.820590133782501
0.913548312723151
1.0065064916638
0.781154784420663
0.874112963361314
0.967071142301966
0.741719435058826
0.834677613999477
0.927635792940128
1.02059397188078
0.795242264637638
0.888200443578289
0.981158622518939
0.755806915275799
0.84876509421645
0.9417232731571
0.716371565913961
0.809329744854613
0.902287923795263
0.995246102735915
0.769894395492775
0.862852574433426
0.955810753374077
0.730459046130937
0.823417225071587
0.916375404012238
0.691023696769098
0.783981875709748
0.876940054650399
0.969898233591051
0.744546526347911
0.837504705288562
0.930462884229212
0.705111176986073
0.798069355926725
0.891027534867376
0.665675827624236
0.758634006564887
0.851592185505539
0.944550364446189
0.719198657203049
0.812156836143699
0.90511501508435
0.67976330784121
0.772721486781862
0.865679665722513
0.640327958479373
0.733286137420023
0.826244316360674
0.600892609117534
0.693850788058185
0.786808966998837
0.561457259755697
0.654415438696347
0.747373617636998
0.522021910393858
0.614980089334509
0.70793826827516
0.48258656103202
0.575544739972671
0.668502918913322
0.761461097853972
0.536109390610833
0.629067569551485
0.722025748492137
0.814983927432788
0.589632220189648
0.682590399130301
0.775548578070951
0.550196870827812
0.643155049768462
0.736113228709112
0.510761521465972
0.603719700406622
0.696677879347273
0.789636058287924
0.564284351044784
0.657242529985435
0.750200708926087
0.843158887866738
0.617807180623599
0.71076535956425
0.8037235385049
0.896681717445552
0.671330010202412
0.764288189143062
0.857246368083714
0.631894660840574
0.724852839781224
0.817811018721875
0.910769197662526
1.00372737660318
0.778375669360036
0.871333848300686
0.964292027241337
0.738940319998197
0.831898498938848
0.9248566778795
1.01781485682015
0.792463149577012
0.885421328517663
0.978379507458314
1.07133768639896
0.845985979155824
0.938944158096475
1.03190233703713
0.806550629793985
0.899508808734636
0.992466987675286
1.08542516661594
0.860073459372797
0.953031638313449
1.0459898172541
0.820638110010961
0.913596288951612
1.00655446789226
1.09951264683291
0.874160939589774
0.967119118530425
1.06007729747108
1.15303547641173
0.927683769168587
1.02064194810924
1.11360012704989
1.20655830599054
0.981206598747401
1.07416477768805
1.1671229566287
0.941771249385564
1.03472942832622
1.12768760726687
1.22064578620752
0.995294078964378
1.08825225790503
1.18121043684568
0.955858729602539
1.04881690854319
1.14177508748384
1.23473326642449
1.00938155918135
1.102339738122
1.19529791706265
0.969946209819513
1.06290438876016
1.15586256770081
0.930510860457675
1.02346903939833
1.11642721833898
0.891075511095837
0.984033690036487
1.07699186897714
0.851640161733998
0.944598340674648
1.0375565196153
1.13051469855595
0.905162991312809
0.99812117025346
1.09107934919411
0.865727641950973
0.958685820891625
1.05164399983228
0.826292292589137
0.919250471529788
1.01220865047044
1.10516682941109
0.879815122167949
0.972773301108599
1.06573148004925
0.84037977280611
0.933337951746761
1.02629613068741
0.800944423444272
0.893902602384924
0.986860781325576
1.07981896026623
0.854467253023087
0.947425431963738
1.04038361090439
0.815031903661249
0.9079900826019
1.00094826154255
0.775596554299411
0.868554733240061
0.961512912180711
1.05447109112136
0.829119383878221
0.922077562818872
1.01503574175952
0.789684034516383
0.882642213457034
0.975600392397686
1.06855857133834
0.843206864095196
0.936165043035847
1.0291232219765
0.803771514733357
0.896729693674007
0.989687872614658
0.764336165371518
0.857294344312168
0.950252523252819
1.04321070219347
0.81785899495033
0.910817173890982
1.00377535283163
1.09673353177229
0.871381824529146
0.964340003469796
1.05729818241045
1.1502563613511
0.924904654107957
1.01786283304861
1.11082101198926
0.885469304746118
0.978427483686769
1.07138566262742
1.16434384156807
0.938992134324931
1.03195031326558
1.12490849220623
1.21786667114689
1.31082485008754
1.0854731428444
1.17843132178505
1.2713895007257
1.04603779348256
1.13899597242321
0.913644265180069
1.00660244412072
1.09956062306137
1.19251880200202
0.967167094758883
1.06012527369954
1.15308345264019
1.24604163158084
1.0206899243377
1.11364810327835
1.206606282219
0.981254574975859
1.07421275391651
1.16717093285716
1.26012911179781
1.03477740455467
1.12773558349532
1.22069376243597
0.995342055192834
1.08830023413348
1.18125841307413
1.27421659201479
1.04886488477165
1.1418230637123
1.23478124265295
1.00942953540981
1.10238771435046
1.19534589329111
0.96999418604797
1.06295236498862
1.15591054392927
0.930558836686133
1.02351701562678
1.11647519456743
0.891123487324293
0.984081666264945
1.0770398452056
0.851688137962456
0.944646316903109
1.03760449584376
0.81225278860062
0.90521096754127
0.99816914648192
1.09112732542257
0.865775618179431
0.958733797120081
1.05169197606073
0.826340268817592
0.919298447758243
1.01225662669889
1.10521480563955
0.879863098396406
0.972821277337058
1.06577945627771
0.840427749034569
0.93338592797522
1.02634410691587
0.800992399672731
0.893950578613382
0.986908757554032
0.761557050310892
0.854515229251543
0.947473408192193
0.722121700949053
0.815079879889704
0.908038058830354
0.682686351587214
0.775644530527866
0.868602709468517
0.643251002225377
0.73620918116603
0.82916736010668
0.60381565286354
0.696773831804191
0.789732010744841
0.882690189685492
0.657338482442351
0.750296661383002
0.843254840323653
0.617903133080513
0.710861312021164
0.803819490961816
0.578467783718676
0.671425962659328
0.76438414159998
0.857342320540631
0.631990613297492
0.724948792238144
0.817906971178795
0.592555263935655
0.685513442876305
0.778471621816955
0.871429800757606
0.646078093514466
0.739036272455117
0.831994451395769
0.92495263033642
0.69960092309328
0.792559102033932
0.885517280974583
0.660165573731443
0.753123752672094
0.846081931612746
0.620730224369607
0.713688403310258
0.806646582250909
0.899604761191559
0.67425305394842
0.76721123288907
0.86016941182972
0.953127590770371
0.727775883527231
0.820734062467881
0.913692241408532
0.688340534165392
0.781298713106043
0.874256892046695
0.967215070987347
0.741863363744207
0.834821542684859
0.927779721625508
1.02073790056616
0.795386193323019
0.888344372263669
0.98130255120432
1.07426073014497
0.848909022901831
0.941867201842481
1.03482538078313
0.809473673539991
0.902431852480643
0.995390031421295
0.770038324178155
0.862996503118807
0.955954682059458
1.04891286100011
0.823561153756968
0.916519332697618
1.00947751163827
0.784125804395129
0.87708398333578
0.970042162276432
1.06300034121708
0.837648633973943
0.930606812914595
1.02356499185525
0.798213284612106
0.891171463552757
0.984129642493409
0.758777935250269
0.851736114190921
0.944694293131572
1.03765247207222
0.812300764829083
0.905258943769733
0.998217122710383
0.772865415467244
0.865823594407896
0.958781773348546
0.733430066105406
0.826388245046057
0.919346423986707
0.693994716743567
0.78695289568422
0.87991107462487
0.654559367381731
0.747517546322383
0.840475725263033
0.615124018019893
0.708082196960544
0.801040375901194
0.575688668658054
0.668646847598705
0.761605026539355
0.854563205480006
0.629211498236867
0.722169677177518
0.81512785611817
0.58977614887503
0.682734327815681
0.775692506756332
0.550340799513193
0.643298978453843
0.736257157394494
0.510905450151354
0.603863629092005
0.696821808032656
0.789779986973306
0.564428279730166
0.657386458670817
0.750344637611467
0.524992930368328
0.61795110930898
0.71090928824963
0.48555758100649
0.578515759947143
0.671473938887794
0.764432117828446
0.539080410585305
0.632038589525956
0.724996768466607
0.499645061223467
0.592603240164117
0.685561419104768
0.778519598045418
0.553167890802279
0.646126069742929
0.739084248683579
0.51373254144044
0.606690720381092
0.699648899321743
0.792607078262395
0.567255371019255
0.660213549959908
0.753171728900558
0.527820021657418
0.620778200598069
0.713736379538719
0.80669455847937
0.581342851236229
0.67430103017688
0.767259209117531
0.541907501874391
0.634865680815043
0.727823859755694
0.820782038696344
0.595430331453205
0.688388510393857
0.781346689334507
0.874304868275158
0.648953161032018
0.741911339972668
0.834869518913319
0.609517811670179
0.70247599061083
0.795434169551482
0.888392348492133
0.663040641248993
0.755998820189645
0.848956999130296
0.941915178070946
0.716563470827806
0.809521649768459
0.90247982870911
0.677128121465971
0.770086300406622
0.863044479347272
0.637692772104133
0.730650951044784
0.823609129985434
0.916567308926085
0.691215601682945
0.784173780623596
0.877131959564247
0.970090138504897
0.744738431261758
0.837696610202409
0.93065478914306
0.705303081899921
0.798261260840573
0.891219439781225
0.665867732538085
0.758825911478736
0.851784090419387
0.944742269360037
0.719390562116897
0.812348741057548
0.905306919998198
0.679955212755058
0.772913391695709
0.865871570636361
0.958829749577013
0.733478042333873
0.826436221274524
0.919394400215175
0.694042692972036
0.787000871912687
0.879959050853338
0.972917229793988
0.747565522550848
0.840523701491499
0.933481880432149
0.708130173189009
0.80108835212966
0.89404653107031
0.66869482382717
0.761653002767822
0.854611181708473
0.629259474465333
0.722217653405986
0.815175832346637
0.589824125103498
0.68278230404415
0.775740482984802
0.550388775741661
0.643346954682312
0.736305133622962
0.510953426379822
0.603911605320473
0.696869784261123
0.471518077017983
0.564476255958634
0.657434434899284
0.750392613839935
0.525040906596796
0.617999085537447
0.710957264478099
0.485605557234959
0.57856373617561
0.671521915116261
0.764480094056912
0.539128386813771
0.632086565754422
0.725044744695072
0.499693037451932
0.592651216392583
0.685609395333234
0.460257688090094
0.553215867030746
0.646174045971396
0.420822338728256
0.513780517668907
0.606738696609557
0.699696875550209
0.474345168307069
0.567303347247719
0.341951640004579
0.43490981894523
0.527867997885881
0.620826176826532
0.395474469583391
0.488432648524042
0.581390827464693
0.356039120221552
0.448997299162203
0.541955478102853
0.634913657043504
0.409561949800365
0.502520128741015
0.595478307681667
0.688436486622318
0.463084779379178
0.556042958319829
0.649001137260481
0.741959316201131
0.516607608957992
0.609565787898642
0.702523966839292
0.795482145779943
0.570130438536803
0.663088617477455
0.756046796418106
0.849004975358758
0.623653268115617
0.716611447056267
0.809569625996917
0.902527804937568
0.995485983878219
0.770134276635078
0.863092455575729
0.95605063451638
0.73069892727324
0.823657106213891
0.916615285154542
1.00957346409519
0.784221756852054
0.877179935792706
0.970138114733356
0.744786407490215
0.837744586430866
0.930702765371517
1.02366094431217
0.798309237069027
0.891267416009678
0.984225594950329
1.07718377389098
0.851832066647839
0.94479024558849
1.03774842452914
1.13070660346979
0.905354896226653
0.998313075167304
1.09127125410796
0.865919546864816
0.958877725805466
1.05183590474612
0.826484197502977
0.919442376443627
1.01240055538428
1.10535873432493
0.880007027081788
0.972965206022438
1.06592338496309
0.840571677719949
0.9335298566606
1.02648803560125
1.1194462145419
0.894094507298764
0.987052686239415
1.08001086518007
0.854659157936926
0.947617336877576
1.04057551581823
1.13353369475888
0.908181987515737
1.00114016645639
1.09409834539704
0.868746638153898
0.96170481709455
1.0546629960352
1.14762117497585
0.922269467732713
1.01522764667336
1.10818582561401
0.882834118370876
0.975792297311527
1.06875047625218
0.843398769009038
0.936356947949688
1.02931512689034
1.12227330583099
0.896921598587849
0.989879777528501
1.08283795646915
0.857486249226013
0.950444428166665
1.04340260710732
0.818050899864176
0.911009078804827
1.00396725774548
1.09692543668613
0.871573729442989
0.964531908383639
1.05749008732429
0.832138380081151
0.925096559021802
1.01805473796245
0.792703030719313
0.885661209659963
0.978619388600614
0.753267681357475
0.846225860298126
0.939184039238778
0.713832331995639
0.806790510936291
0.89974868987694
0.992706868817591
0.76735516157445
0.860313340515101
0.953271519455752
0.727919812212611
0.820877991153262
0.913836170093912
1.00679434903456
0.781442641791424
0.874400820732075
0.967358999672727
1.06031717861338
0.834965471370239
0.927923650310891
1.02088182925154
1.11384000819219
0.888488300949053
0.981446479889704
1.07440465883036
1.16736283777101
0.942011130527866
1.03496930946852
1.12792748840917
1.22088566734982
0.99553396010668
1.08849213904733
1.18145031798798
0.956098610744843
1.04905678968549
1.14201496862615
1.2349731475668
1.00962144032366
1.10257961926431
1.19553779820496
0.970186090961818
1.06314426990247
1.15610244884312
0.930750741599979
1.02370892054063
1.11666709948128
1.20962527842193
0.984273571178792
1.07723175011944
1.1701899290601
0.944838221816955
1.03779640075761
1.13075457969826
1.22371275863891
0.998361051395769
1.09131923033642
1.18427740927707
0.95892570203393
1.05188388097458
1.14484205991523
1.23780023885588
1.01244853161274
1.10540671055339
1.19836488949404
1.29132306843469
1.06597136119155
1.1589295401322
1.25188771907286
1.02653601182972
1.11949419077037
1.21245236971102
1.30541054865167
1.08005884140853
1.17301702034918
1.26597519928983
1.04062349204669
1.13358167098734
1.22653984992799
1.31949802886864
1.0941463216255
1.18710450056615
1.2800626795068
1.37302085844746
1.14766915120432
1.24062733014497
1.33358550908562
1.10823380184248
1.20119198078313
1.29415015972378
1.38710833866443
1.16175663142129
1.25471481036194
1.3476729893026
1.12232128205946
1.21527946100011
1.30823763994076
1.08288593269762
1.17584411163827
1.26880229057892
1.04345058333578
1.13640876227643
1.22936694121708
1.00401523397394
1.09697341291459
1.18993159185524
1.28288977079589
1.05753806355275
1.1504962424934
1.24345442143405
1.01810271419091
1.11106089313157
1.20401907207222
0.978667364829077
1.07162554376973
1.16458372271038
1.25754190165103
1.03219019440789
1.12514837334854
1.21810655228919
0.992754845046052
1.0857130239867
1.17867120292735
0.953319495684215
1.04627767462487
1.13923585356552
0.913884146322378
1.00684232526303
1.09980050420368
1.19275868314433
0.967406975901192
1.06036515484184
1.15332333378249
0.927971626539353
1.02092980548
1.11388798442066
0.888536277177516
0.981494456118167
1.07445263505882
1.16741081399947
0.942059106756329
1.03501728569698
1.12797546463763
0.90262375739449
0.99558193633514
1.08854011527579
0.863188408032652
0.956146586973304
1.04910476591395
0.823753058670814
0.916711237611464
1.00966941655211
0.784317709308975
0.877275888249625
0.970234067190276
0.744882359947136
0.837840538887788
0.93079871782844
1.02375689676909
0.798405189525952
0.891363368466604
0.984321547407255
0.758969840164116
0.851928019104766
0.944886198045417
0.719534490802277
0.812492669742928
0.905450848683579
0.998409027624229
0.773057320381089
0.866015499321739
0.95897367826239
0.733621971019251
0.826580149959903
0.919538328900553
1.0124965078412
1.10545468678185
0.880102979538715
0.973061158479365
1.06601933742002
1.15897751636067
0.933625809117525
1.02658398805818
1.11954216699883
0.894190459755686
0.987148638696337
1.08010681763699
0.854755110393848
0.947713289334499
1.04067146827515
1.1336296472158
0.908277939972662
1.00123611891331
1.09419429785396
1.18715247679461
0.961800769551475
1.05475894849213
1.14771712743278
0.922365420189635
1.01532359913029
1.10828177807094
0.882930070827797
0.975888249768448
1.0688464287091
1.16180460764975
0.936452900406612
1.02941107934726
1.12236925828791
0.897017551044774
0.989975729985425
1.08293390892608
1.17589208786673
0.950540380623587
1.04349855956424
1.13645673850489
0.911105031261748
1.0040632102024
1.09702138914305
0.871669681899911
0.964627860840563
1.05758603978121
0.832234332538074
0.925192511478725
1.01815069041938
0.792798983176236
0.885757162116887
0.978715341057538
1.07167351999819
0.846321812755049
0.939279991695701
1.03223817063635
0.806886463393212
0.899844642333864
0.992802821274515
0.767451114031375
0.860409292972026
0.953367471912678
1.04632565085333
0.82097394361019
0.913932122550841
1.00689030149149
0.781538594248352
0.874496773189002
0.967454952129652
0.742103244886512
0.835061423827162
0.928019602767813
0.702667895524673
0.795626074465323
0.888584253405974
0.663232546162835
0.756190725103486
0.849148904044138
0.623797196800998
0.716755375741649
0.8097135546823
0.58436184743916
0.67732002637981
0.770278205320461
0.863236384261111
0.637884677017972
0.730842855958623
0.823801034899275
0.598449327656134
0.691407506596785
0.784365685537435
0.559013978294296
0.651972157234948
0.744930336175598
0.83788851511625
0.612536807873111
0.705494986813762
0.798453165754412
0.573101458511272
0.666059637451923
0.759017816392573
0.851975995333224
0.626624288090083
0.719582467030734
0.812540645971385
0.587188938728245
0.680147117668896
0.773105296609548
0.866063475550199
0.64071176830706
0.733669947247712
0.826628126188363
0.919586305129014
0.694234597885874
0.787192776826524
0.880150955767175
0.973109134707826
0.747757427464685
0.840715606405336
0.933673785345986
0.708322078102847
0.801280257043498
0.89423843598415
0.987196614924801
0.761844907681661
0.854803086622313
0.947761265562963
0.722409558319823
0.815367737260473
0.908325916201124
1.00128409514177
0.775932387898634
0.868890566839285
0.961848745779937
0.736497038536796
0.829455217477448
0.922413396418099
1.01537157535875
0.79001986811561
0.882978047056262
0.975936225996913
0.750584518753774
0.843542697694425
0.936500876635075
1.02945905557573
0.804107348332586
0.897065527273236
0.990023706213887
0.764671998970746
0.857630177911397
0.950588356852048
0.725236649608908
0.81819482854956
0.911153007490211
0.685801300247071
0.778759479187723
0.871717658128375
0.964675837069027
0.739324129825886
0.832282308766537
0.925240487707187
0.699888780464047
0.792846959404698
0.885805138345348
0.660453431102208
0.753411610042859
0.846369788983509
0.621018081740369
0.713976260681021
0.806934439621672
0.899892618562324
0.674540911319184
0.767499090259835
0.860457269200486
0.635105561957346
0.728063740897996
0.821021919838647
0.595670212595507
0.688628391536157
0.781586570476808
0.874544749417459
0.64919304217432
0.742151221114971
0.835109400055621
0.609757692812482
0.702715871753134
0.795674050693784
0.570322343450645
0.663280522391296
0.756238701331947
0.530886994088807
0.623845173029458
0.716803351970108
0.80976153091076
0.58440982366762
0.677368002608271
0.770326181548922
0.863284360489572
0.637932653246433
0.730890832187083
0.823849011127733
0.598497303884594
0.691455482825246
0.784413661765898
0.559061954522758
0.652020133463409
0.744978312404059
0.83793649134471
0.61258478410157
0.70554296304222
0.798501141982871
0.573149434739731
0.666107613680382
0.759065792621034
0.533714085377895
0.626672264318546
0.719630443259198
0.81258862219985
0.58723691495671
0.680195093897362
0.773153272838013
0.547801565594873
0.640759744535523
0.733717923476174
0.826676102416824
0.601324395173684
0.694282574114335
0.787240753054985
0.561889045811845
0.654847224752498
0.747805403693148
0.522453696450009
0.615411875390661
0.708370054331313
0.801328233271964
0.575976526028825
0.668934704969477
0.761892883910127
0.854851062850778
0.629499355607637
0.722457534548288
0.815415713488939
0.908373892429589
0.683022185186449
0.7759803641271
0.86893854306775
0.961896722008401
0.736545014765261
0.829503193705912
0.922461372646564
0.697109665403424
0.790067844344076
0.808659480132206
0.827251115920337
0.845842751708467
0.864434387496597
0.883026023284727
0.901617659072857
0.920209294860987
0.938800930649117
0.957392566437247
0.975984202225378
0.994575838013508
1.01316747380164
1.03175910958977
1.0503507453779
1.06894238116603
0.843590673922888
0.936548852863538
1.02950703180419
0.804155324561049
0.897113503501699
0.99007168244235
1.083029861383
0.857678154139862
0.950636333080513
1.04359451202116
0.818242804778023
0.911200983718674
1.00415916265932
0.778807455416185
0.871765634356835
0.964723813297485
1.05768199223814
0.832330284994996
0.925288463935647
1.0182466428763
0.792894935633158
0.88585311457381
0.978811293514462
1.07176947245511
0.846417765211973
0.939375944152624
1.03233412309328
0.806982415850135
0.899940594790786
0.992898773731437
0.767547066488297
0.860505245428947
0.953463424369597
1.04642160331025
0.821069896067108
0.914028075007758
1.00698625394841
0.781634546705269
0.87459272564592
0.967550904586572
1.06050908352722
0.835157376284084
0.928115555224735
1.02107373416539
1.11403191310604
0.888680205862896
0.981638384803546
1.0745965637442
0.849244856501057
0.942203035441707
1.03516121438236
1.12811939332301
0.902767686079869
0.99572586502052
1.08868404396117
0.863332336718032
0.956290515658682
1.04924869459933
0.823896987356192
0.916855166296843
1.00981334523749
1.10277152417814
0.877419816935004
0.970377995875654
1.0633361748163
0.837984467573165
0.930942646513817
1.02390082545447
0.798549118211328
0.89150729715198
0.984465476092631
1.07742365503328
1.17038183397393
0.945030126730792
1.03798830567144
1.13094648461209
0.905594777368953
0.998552956309604
1.09151113525026
1.18446931419091
0.959117606947767
1.05207578588842
1.14503396482907
0.91968225758593
1.01264043652658
1.10559861546723
1.19855679440788
0.973205087164744
1.06616326610539
1.15912144504604
0.933769737802904
1.02672791674356
1.11968609568421
1.21264427462486
0.987292567381718
1.08025074632237
1.17320892526302
0.947857218019879
1.04081539696053
1.13377357590118
1.22673175484183
1.00138004759869
1.09433822653934
1.18729640548
1.28025458442065
1.05490287717751
1.14786105611816
1.24081923505881
1.01546752781567
1.10842570675632
1.20138388569697
1.29434206463762
1.06899035739448
1.16194853633513
1.25490671527578
1.02955500803264
1.12251318697329
1.21547136591394
1.3084295448546
1.08307783761146
1.17603601655211
1.26899419549276
1.04364248824962
1.13660066719027
1.22955884613092
1.00420713888778
1.09716531782843
1.19012349676908
1.28308167570973
1.05772996846659
1.15068814740724
1.24364632634789
1.01829461910475
1.1112527980454
1.20421097698606
0.978859269742917
1.07181744868357
1.16477562762422
1.25773380656487
1.03238209932173
1.12534027826238
1.21829845720303
0.992946749959889
1.08590492890054
1.17886310784119
0.953511400598051
1.0464695795387
1.13942775847935
1.23238593742
1.00703423017686
1.09999240911751
1.19295058805817
0.967598880815026
1.06055705975568
1.15351523869633
1.24647341763698
1.02112171039384
1.11407988933449
1.20703806827514
0.981686361032002
1.07464453997265
1.1676027189133
0.942251011670164
1.03520919061081
1.12816736955146
0.902815662308325
0.995773841248975
1.08873202018963
1.18169019913028
0.956338491887137
1.04929667082779
1.14225484976844
0.9169031425253
1.00986132146595
1.1028195004066
0.877467793163463
0.970425972104115
1.06338415104477
1.15634232998542
0.930990622742279
1.02394880168293
1.11690698062358
1.20986515956423
0.98451345232109
1.07747163126174
1.17042981020239
1.26338798914304
1.0380362818999
1.13099446084055
1.2239526397812
0.998600932538065
1.09155911147872
1.18451729041937
0.959165583176227
1.05212376211688
1.14508194105753
1.23804011999818
1.01268841275504
1.10564659169569
1.19860477063634
1.29156294957699
1.06621124233385
1.1591694212745
1.25212760021515
1.02677589297201
1.11973407191266
1.21269225085332
0.987340543610176
1.08029872255083
1.17325690149148
1.26621508043213
1.04086337318899
1.13382155212964
1.22677973107029
1.31973791001094
1.0943862027678
1.18734438170845
1.2803025606491
1.37326073958976
1.14790903234662
1.24086721128727
1.33382539022792
1.10847368298478
1.20143186192543
1.29439004086608
1.06903833362294
1.16199651256359
1.25495469150424
1.34791287044489
1.12256116320175
1.2155193421424
1.30847752108306
1.08312581383992
1.17608399278057
1.26904217172122
1.36200035066187
1.13664864341873
1.22960682235938
1.32256500130003
1.09721329405689
1.19017147299754
1.28312965193819
1.05777794469505
1.1507361236357
1.24369430257635
1.01834259533321
1.11130077427386
1.20425895321452
1.29721713215517
1.07186542491203
1.16482360385268
1.25778178279333
1.03243007555019
1.12538825449084
1.21834643343149
0.992994726188351
1.085952905129
1.17891108406965
1.2718692630103
1.04651755576716
1.13947573470781
1.23243391364846
1.00708220640532
1.10004038534598
1.19299856428663
0.967646857043488
1.06060503598414
1.15356321492479
1.24652139386544
1.0211696866223
1.11412786556295
1.2070860445036
0.981734337260464
1.07469251620111
1.16765069514177
1.26060887408242
1.03525716683928
1.12821534577993
1.22117352472058
0.995821817477438
1.08877999641809
1.18173817535874
0.9563864681156
1.04934464705625
1.1423028259969
0.916951118753763
1.00990929769441
0.784557590451274
0.877515769391925
0.970473948332576
1.06343212727323
0.838080420030086
0.931038598970737
1.02399677791139
1.11695495685204
0.891603249608898
0.984561428549549
1.0775196074902
0.85216790024706
0.945126079187711
1.03808425812836
1.13104243706901
0.905690729825875
0.998648908766526
1.09160708770718
0.866255380464036
0.959213559404687
1.05217173834534
1.14512991728599
0.91977821004285
1.0127363889835
1.10569456792415
0.880342860681013
0.973301039621664
1.06625921856232
1.15921739750297
0.933865690259826
1.02682386920048
1.11978204814113
1.21274022708178
0.98738851983864
1.08034669877929
1.17330487771994
0.947953170476801
1.04091134941745
1.1338695283581
1.22682770729875
1.00147600005561
1.09443417899626
1.18739235793691
1.28035053687757
1.05499882963443
1.14795700857508
1.24091518751573
1.01556348027259
1.10852165921324
1.20147983815389
0.976128130910751
1.0690863098514
1.16204448879205
1.2550026677327
1.02965096048956
1.12260913943021
1.21556731837087
0.990215611127726
1.08317379006838
1.17613196900903
0.950780261765889
1.04373844070654
1.13669661964719
1.22965479858784
1.0043030913447
1.09726127028535
1.190219449226
0.964867741982862
1.05782592092351
1.15078409986416
0.925432392621023
1.01839057156167
1.11134875050233
1.20430692944298
0.978955222199836
1.07191340114049
1.16487158008114
0.939519872837999
1.03247805177865
1.1254362307193
0.900084523476162
0.993042702416813
1.08600088135746
0.860649174114323
0.953607353054973
1.04656553199562
0.821213824752484
0.914172003693134
1.00713018263378
1.10008836157444
0.874736654331296
0.967694833271947
1.0606530122126
0.835301304969458
0.928259483910109
1.02121766285076
0.795865955607619
0.88882413454827
0.66347242730513
0.75643060624578
0.849388785186431
0.942346964127082
0.716995256883942
0.809953435824594
0.902911614765244
0.677559907522105
0.770518086462757
0.863476265403408
0.956434444344058
0.731082737100918
0.824040916041568
0.916999094982219
0.691647387739079
0.784605566679729
0.87756374562038
0.65221203837724
0.745170217317892
0.838128396258544
0.612776689015404
0.705734867956055
0.798693046896706
0.891651225837356
0.984609404778008
0.759257697534868
0.852215876475519
0.94517405541617
0.71982234817303
0.81278052711368
0.905738706054332
0.680386998811192
0.773345177751843
0.866303356692494
0.959261535633145
0.733909828390005
0.826868007330655
0.919826186271305
0.694474479028166
0.787432657968818
0.880390836909468
0.973349015850119
0.747997308606979
0.840955487547629
0.93391366648828
1.02687184542893
0.80152013818579
0.894478317126441
0.987436496067091
0.762084788823952
0.855042967764603
0.948001146705254
1.04095932564591
0.815607618402766
0.908565797343417
1.00152397628407
1.09448215522472
0.869130447981579
0.96208862692223
1.05504680586288
1.14800498480353
0.922653277560393
1.01561145650104
1.1085696354417
0.883217928198556
0.976176107139207
1.06913428607986
1.16209246502051
0.936740757777369
1.02969893671802
1.12265711565867
0.897305408415532
0.990263587356184
1.08322176629684
1.17617994523749
0.950828237994346
1.043786416935
1.13674459587565
0.911392888632507
1.00435106757316
1.09730924651381
1.19026742545446
0.964915718211321
1.05787389715197
1.15083207609262
1.24379025503328
1.01843854779014
1.11139672673079
1.20435490567144
0.979003198428297
1.07196137736895
1.1649195563096
0.939567849066458
1.03252602800711
1.12548420694776
1.21844238588841
0.99309067864527
1.08604885758592
1.17900703652657
0.953655329283432
1.04661350822408
1.13957168716473
0.914219979921594
1.00717815886224
1.10013633780289
1.19309451674354
0.967742809500404
0.990982354235567
1.01422189897073
1.03746144370589
1.06070098844106
1.03422228278056
1.00774357712006
0.981264871459562
0.954786165799064
0.928307460138566
0.965490731714827
1.00267400329109
1.03985727486735
1.07704054644361
1.11422381801987
0.888872110776729
0.981830289717381
1.07478846865803
1.16774664759868
0.942394940355543
1.03535311929619
1.12831129823685
0.902959590993706
0.995917769934356
1.08887594887501
1.18183412781566
0.956482420572517
1.04944059951317
1.14239877845382
0.91704707121068
1.01000525015133
1.10296342909198
1.19592160803263
0.970569900789494
1.06352807973015
1.1564862586708
0.931134551427657
1.02409273036831
1.11705090930896
1.21000908824961
0.984657381006471
1.07761555994712
1.17057373888777
1.26353191782842
1.03818021058528
1.13113838952593
1.22409656846658
1.31705474740724
1.0917030401641
1.18466121910475
1.2776193980454
1.05226769080226
1.14522586974291
1.23818404868356
1.01283234144042
1.10579052038107
1.19874869932172
1.29170687826237
1.06635517101923
1.15931334995988
1.25227152890053
1.02691982165739
1.11987800059805
1.2128361795387
1.30579435847935
1.08044265123621
1.17340083017686
1.26635900911751
1.04100730187437
1.13396548081502
1.22692365975567
1.31988183869632
1.09453013145318
1.18748831039383
1.28044648933448
1.37340466827514
1.148052961032
1.24101113997265
1.3339693189133
1.10861761167016
1.20157579061081
1.29453396955146
1.38749214849211
1.16214044124897
1.25509862018962
1.34805679913027
1.12270509188713
1.21566327082778
1.30862144976844
1.0832697425253
1.17622792146595
1.2691861004066
1.36214427934725
1.13679257210411
1.22975075104476
1.32270892998541
1.41566710892606
1.19031540168292
1.28327358062357
1.37623175956422
1.15088005232108
1.24383823126174
1.33679641020239
1.42975458914304
1.2044028818999
1.29736106084055
1.3903192397812
1.16496753253806
1.25792571147871
1.35088389041936
1.12553218317622
1.21849036211687
1.31144854105753
1.40440671999818
1.17905501275504
1.27201319169569
1.36497137063634
1.1396196633932
1.23257784233385
1.3255360212745
1.10018431403136
1.19314249297201
1.28610067191266
1.37905885085331
1.15370714361017
1.24666532255082
1.33962350149148
1.11427179424834
1.20722997318899
1.30018815212964
1.0748364448865
1.16779462382715
1.2607528027678
1.35371098170845
1.4466691606491
1.22131745340596
1.31427563234661
1.40723381128726
1.50019199022791
1.27484028298477
1.36779846192542
1.46075664086608
1.23540493362294
1.32836311256359
1.42132129150424
1.1959695842611
1.28892776320175
1.3818859421424
1.15653423489926
1.24949241383991
1.34245059278056
1.43540877172121
1.21005706447807
1.30301524341872
1.39597342235937
1.17062171511623
1.26357989405688
1.35653807299753
1.44949625193819
1.22414454469505
1.3171027236357
1.41006090257635
1.18470919533321
1.27766737427386
1.37062555321451
1.46358373215516
1.23823202491202
1.33119020385267
1.42414838279332
1.19879667555018
1.29175485449083
1.38471303343148
1.47767121237214
1.252319505129
1.34527768406965
1.4382358630103
1.21288415576716
1.30584233470781
1.39880051364846
1.49175869258911
1.26640698534597
1.35936516428662
1.45232334322727
1.22697163598413
1.31992981492479
1.41288799386544
1.50584617280609
1.28049446556295
1.3734526445036
1.46641082344425
1.5593690023849
1.33401729514176
1.42697547408241
1.51993365302306
1.29458194577992
1.38754012472057
1.48049830366122
1.25514659641808
1.34810477535873
1.44106295429938
1.53402113324004
1.3086694259969
1.40162760493755
1.4945857838782
1.26923407663506
1.36219225557571
1.45515043451636
1.54810861345701
1.32275690621387
1.41571508515452
1.50867326409517
1.28332155685203
1.37627973579268
1.46923791473333
1.56219609367398
1.33684438643084
1.4298025653715
1.52276074431215
1.29740903706901
1.39036721600966
1.48332539495031
1.57628357389096
1.35093186664782
1.44389004558847
1.53684822452912
1.31149651728598
1.40445469622663
1.49741287516728
1.27206116792414
1.36501934686479
1.45797752580544
1.2326258185623
1.32558399750296
1.41854217644361
1.51150035538426
1.28614864814112
1.37910682708177
1.47206500602242
1.24671329877928
1.33967147771993
1.43262965666058
1.52558783560123
1.30023612835809
1.39319430729874
1.48615248623939
1.57911066518005
1.35375895793691
1.44671713687756
1.53967531581821
1.31432360857507
1.40728178751572
1.50023996645637
1.27488825921323
1.36784643815388
1.46080461709453
1.55376279603518
1.32841108879204
1.42136926773269
1.51432744667334
1.2889757394302
1.38193391837086
1.47489209731151
1.24954039006837
1.34249856900902
1.43545674794967
1.21010504070653
1.30306321964718
1.39602139858783
1.17066969134469
1.26362787028534
1.35658604922599
1.44954422816664
1.22419252092351
1.31715069986416
1.41010887880481
1.18475717156167
1.27771535050232
1.37067352944297
1.46363170838362
1.23828000114048
1.33123818008113
1.42419635902178
1.19884465177864
1.29180283071929
1.38476100965994
1.1594093024168
1.25236748135745
1.34532566029811
1.11997395305497
1.21293213199562
1.30589031093627
1.39884848987692
1.17349678263378
1.26645496157443
1.35941314051508
1.13406143327194
1.22701961221259
1.31997779115324
1.41293597009389
1.50589414903454
1.2805424417914
1.37350062073205
1.46645879967271
1.55941697861336
1.33406527137022
1.42702345031087
1.51998162925152
1.29462992200838
1.38758810094903
1.48054627988968
1.57350445883033
1.34815275158719
1.44111093052784
1.53406910946849
1.30871740222535
1.401675581166
1.49463376010666
1.26928205286352
1.36224023180417
1.45519841074482
1.54815658968547
1.32280488244233
1.41576306138298
1.50872124032363
1.60167941926428
1.37632771202114
1.46928589096179
1.56224406990244
1.3368923626593
1.42985054159995
1.5228087205406
1.61576689948125
1.39041519223811
1.48337337117876
1.57633155011941
1.35097984287627
1.44393802181692
1.53689620075758
1.62985437969823
1.40450267245509
1.49746085139574
1.59041903033639
1.68337720927704
1.4580255020339
1.55098368097455
1.6439418599152
1.41859015267206
1.51154833161271
1.60450651055336
1.37915480331022
1.47211298225087
1.56507116119153
1.65802934013218
1.43267763288904
1.52563581182969
1.61859399077034
1.71155216971099
1.48620046246785
1.5791586414085
1.67211682034915
1.44676511310601
1.53972329204666
1.63268147098732
1.72563964992797
1.50028794268483
1.59324612162548
1.68620430056613
1.46085259332299
1.55381077226364
1.64676895120429
1.73972713014494
1.5143754229018
1.60733360184245
1.7002917807831
1.47494007353996
1.56789825248061
1.66085643142126
1.75381461036192
1.52846290311878
1.62142108205943
1.71437926100008
1.48902755375694
1.58198573269759
1.67494391163824
1.4495922043951
1.54255038333575
1.6355085622764
1.72846674121705
1.50311503397391
1.59607321291456
1.68903139185521
1.78198957079586
1.55663786355272
1.64959604249338
1.74255422143403
1.51720251419089
1.61016069313154
1.70311887207219
1.79607705101284
1.5707253437697
1.66368352271035
1.756641701651
1.53128999440786
1.62424817334851
1.71720635228916
1.49185464504602
1.58481282398667
1.67777100292733
1.77072918186798
1.54537747462484
1.63833565356549
1.73129383250614
1.505942125263
1.59890030420365
1.6918584831443
1.46650677590116
1.55946495484181
1.65242313378246
1.42707142653932
1.52002960547997
1.61298778442062
1.38763607717748
1.48059425611814
1.57355243505879
1.66651061399944
1.4411589067563
1.53411708569695
1.6270752646376
1.72003344357825
1.8129916225189
1.58763991527576
1.68059809421641
1.77355627315707
1.86651445209772
1.95947263103837
1.73412092379523
1.82707910273588
1.92003728167653
1.69468557443339
1.78764375337404
1.88060193231469
1.65525022507155
1.7482084040122
1.84116658295285
1.9341247618935
1.70877305465036
1.80173123359101
1.89468941253167
1.98764759147232
1.76229588422918
1.85525406316983
1.94821224211048
1.72286053486734
1.81581871380799
1.90877689274864
1.6834251855055
1.77638336444615
1.8693415433868
1.96229972232745
2.0552579012681
1.82990619402496
1.92286437296561
1.69751266572247
1.79047084466312
1.88342902360377
1.97638720254442
2.06934538148507
1.84399367424193
1.93695185318259
2.02991003212324
2.12286821106389
1.89751650382075
1.9904746827614
2.08343286170205
1.85808115445891
1.95103933339956
2.04399751234021
2.13695569128086
2.22991387022151
2.00456216297837
2.09752034191902
2.19047852085967
2.28343669980032
2.05808499255718
2.15104317149784
2.24400135043849
2.01864964319535
2.111607822136
2.20456600107665
2.2975241800173
2.07217247277416
2.16513065171481
2.25808883065546
2.03273712341232
2.12569530235297
2.21865348129362
2.31161166023427
2.08625995299113
2.17921813193179
2.27217631087244
2.0468246036293
2.13978278256995
2.2327409615106
2.32569914045125
2.10034743320811
2.19330561214876
2.28626379108941
2.06091208384627
2.15387026278692
2.24682844172757
2.02147673448443
2.11443491342508
2.20739309236574
1.9820413851226
2.07499956406325
2.1679577430039
1.94260603576076
2.03556421470141
2.12852239364206
2.22148057258271
1.99612886533957
2.08908704428022
1.86373533703708
1.95669351597773
2.04965169491838
1.9933137681076
1.93697584129681
1.88063791448603
1.82429998767524
1.91725816661589
2.01021634555654
1.7848646383134
1.87782281725406
1.97078099619471
1.74542928895157
1.83838746789222
1.93134564683287
2.02430382577352
1.79895211853038
1.89191029747103
1.98486847641168
1.75951676916854
1.85247494810919
1.94543312704984
1.7200814198067
1.81303959874735
1.90599777768801
1.68064607044487
1.77360424938552
1.86656242832617
1.95952060726682
1.73416890002368
1.82712707896433
1.60177537172119
1.69473355066184
1.78769172960249
1.88064990854314
1.6552982013
1.74825638024065
1.8412145591813
1.61586285193816
1.70882103087881
1.80177920981946
1.89473738876011
1.66938568151697
1.76234386045763
1.85530203939828
1.94826021833893
1.72290851109579
1.81586669003644
1.90882486897709
1.68347316173395
1.7764313406746
1.86938951961525
1.9623476985559
1.73699599131276
1.82995417025341
1.92291234919406
1.69756064195092
1.79051882089157
1.88347699983222
1.65812529258909
1.75108347152974
1.84404165047039
1.93699982941104
1.7116481221679
1.80460630110855
1.8975644800492
1.99052265898985
1.76517095174671
1.85812913068736
1.95108730962802
1.72573560238488
1.81869378132553
1.91165196026618
1.68630025302304
1.77925843196369
1.87221661090434
1.96517478984499
1.73982308260185
1.8327812615425
1.92573944048315
2.0186976194238
1.79334591218066
1.88630409112132
1.97926227006197
1.75391056281883
1.84686874175948
1.93982692070013
2.03278509964078
1.80743339239764
1.90039157133829
1.99334975027894
1.7679980430358
1.86095622197645
1.9539144009171
1.72856269367396
1.82152087261462
1.91447905155527
1.68912734431213
1.78208552325278
1.87504370219343
1.96800188113408
1.74265017389094
1.83560835283159
1.92856653177224
1.7032148245291
1.79617300346975
1.8891311824104
1.66377947516727
1.75673765410792
1.84969583304857
1.94265401198922
1.71730230474608
1.81026048368673
1.90321866262738
1.67786695538424
1.77082513432489
1.86378331326554
1.6384316060224
1.73138978496305
1.82434796390371
1.59899625666057
1.69195443560122
1.78491261454187
1.55956090729873
1.65251908623938
1.74547726518003
1.52012555793689
1.61308373687754
1.70604191581819
1.48069020857505
1.5736483875157
1.66660656645635
1.759564745397
1.53421303815386
1.62717121709451
1.72012939603517
1.49477768879203
1.58773586773268
1.68069404667333
1.77365222561398
1.54830051837084
1.64125869731149
1.73421687625214
1.508865169009
1.60182334794965
1.6947815268903
1.78773970583095
1.56238799858781
1.65534617752846
1.74830435646912
1.84126253540977
1.61591082816663
1.70886900710728
1.80182718604793
1.89478536498858
1.66943365774544
1.76239183668609
1.85535001562674
1.9483081945674
1.72295648732426
1.81591466626491
1.90887284520556
2.00183102414621
1.77647931690307
1.86943749584372
1.96239567478437
2.05535385372502
1.83000214648188
1.92296032542253
2.01591850436318
2.10887668330383
1.88352497606069
1.97648315500134
2.069441333942
2.16239951288265
1.93704780563951
2.03000598458016
2.12296416352081
2.21592234246146
2.30888052140211
2.08352881415897
2.17648699309962
2.26944517204027
2.36240335098092
2.13705164373778
2.23000982267844
2.32296800161909
2.41592618055974
2.50888435950039
2.28353265225725
2.3764908311979
2.46944901013855
2.5624071890792
2.33705548183606
2.43001366077671
2.52297183971736
2.61593001865801
2.70888819759866
2.48353649035553
2.57649466929618
2.66945284823683
2.76241102717748
2.53705931993434
2.63001749887499
2.72297567781564
2.4976239705725
2.59058214951315
2.6835403284538
2.77649850739445
2.55114680015131
2.64410497909196
2.73706315803262
2.83002133697327
2.60466962973013
2.69762780867078
2.79058598761143
2.56523428036829
2.65819245930894
2.75115063824959
2.84410881719024
2.6187571099471
2.71171528888775
2.8046734678284
2.57932176058526
2.67227993952591
2.76523811846656
2.53988641122342
2.63284459016408
2.72580276910473
2.50045106186159
2.59340924080224
2.68636741974289
2.77932559868354
2.5539738914404
2.64693207038105
2.42158036313791
2.51453854207856
2.60749672101921
2.70045489995986
2.47510319271672
2.56806137165737
2.34270966441423
2.43566784335488
2.52862602229553
2.30327431505239
2.39623249399305
2.4891906729337
2.26383896569056
2.35679714463121
2.44975532357186
2.22440361632872
2.31736179526937
2.09201008802623
2.18496826696688
2.27792644590753
2.05257473866439
2.14553291760504
2.23849109654569
2.01313938930256
2.10609756824321
2.19905574718386
1.97370403994072
2.06666221888137
2.15962039782202
1.93426869057888
2.02722686951953
2.12018504846018
1.89483334121704
1.98779152015769
2.08074969909834
1.8553979918552
1.94835617079586
2.04131434973651
1.81596264249337
1.90892082143402
2.00187900037467
1.77652729313153
1.86948547207218
1.96244365101283
1.73709194376969
1.83005012271034
1.92300830165099
2.01596648059164
1.7906147733485
1.88357295228915
1.9765311312298
1.75117942398666
1.84413760292731
1.93709578186797
2.03005396080862
1.80470225356548
1.89766043250613
1.99061861144678
1.76526690420364
1.85822508314429
1.95118326208494
2.04414144102559
2.13709961996624
1.9117479127231
2.00470609166375
2.0976642706044
1.87231256336126
1.96527074230192
2.05822892124257
2.15118710018322
1.92583539294008
2.01879357188073
2.11175175082138
2.20470992976203
2.29766810870268
2.07231640145954
2.16527458040019
2.25823275934084
2.0328810520977
2.12583923103835
2.218797409979
1.99344570273586
2.08640388167651
2.17936206061717
2.27232023955782
2.04696853231468
2.13992671125533
1.91457500401219
2.00753318295284
2.10049136189349
2.19344954083414
1.968097833591
2.06105601253165
2.1540141914723
1.92866248422916
2.02162066316981
2.11457884211047
2.20753702105112
1.98218531380798
2.07514349274863
2.16810167168928
1.94274996444614
2.03570814338679
2.12866632232744
2.22162450126809
1.99627279402495
2.0892309729656
2.18218915190625
2.2751473308469
2.04979562360376
2.14275380254441
2.23571198148506
2.01036027424192
2.10331845318257
2.19627663212323
1.97092492488009
2.06388310382074
2.15684128276139
1.93148957551825
2.0244477544589
2.11740593339955
2.2103641123402
1.98501240509706
2.07797058403771
2.17092876297836
1.94557705573522
2.03853523467587
2.13149341361652
1.90614170637338
1.99909988531404
2.09205806425469
2.18501624319534
1.9596645359522
2.05262271489285
2.1455808938335
2.23853907277415
2.01318736553101
2.10614554447166
1.88079383722852
1.97375201616917
2.06671019510982
2.15966837405048
1.93431666680734
2.02727484574799
2.12023302468864
2.21319120362929
1.98783949638615
2.0807976753268
2.17375585426745
2.2667140332081
2.04136232596496
2.13432050490561
2.22727868384626
2.32023686278692
2.09488515554378
2.18784333448443
2.28080151342508
2.37375969236573
2.14840798512259
2.24136616406324
2.33432434300389
2.42728252194454
2.2019308147014
2.29488899364205
2.3878471725827
2.48080535152335
2.573763530464
2.34841182322086
2.44137000216151
2.53432818110217
2.62728636004282
2.40193465279968
2.49489283174033
2.58785101068098
2.68080918962163
2.45545748237849
2.54841566131914
2.64137384025979
2.41602213301665
2.5089803119573
2.60193849089795
2.69489666983861
2.78785484877926
2.56250314153612
2.65546132047677
2.74841949941742
2.84137767835807
2.61602597111493
2.70898415005558
2.80194232899623
2.89490050793688
2.66954880069374
2.76250697963439
2.85546515857504
2.6301134513319
2.72307163027255
2.49771992302941
2.90898798815386
2.68363628091072
2.77659445985137
2.86955263879202
2.96251081773267
2.73715911048953
2.83011728943018
2.92307546837083
2.69772376112769
2.79068194006834
2.88364011900899
2.97659829794964
3.06955647689029
2.84420476964715
2.93716294858781
3.03012112752846
2.80476942028532
2.89772759922597
2.99068577816662
2.76533407092348
2.85829224986413
2.95125042880478
2.72589872156164
2.81885690050229
2.91181507944294
2.6864633721998
2.77942155114046
2.87237973008111
2.96533790902176
3.05829608796241
2.83294438071927
2.92590255965992
2.70055085241678
2.79350903135743
2.88646721029808
2.97942538923874
2.7540736819956
2.84703186093625
2.9399900398769
2.71463833263376
2.80759651157441
2.90055469051506
2.67520298327192
2.76816116221257
2.86111934115322
2.95407752009387
2.72872581285073
2.82168399179138
2.91464217073203
2.68929046348889
2.78224864242955
2.8752068213702
2.64985511412706
2.74281329306771
2.83577147200836
2.61041976476522
2.70337794370587
2.79633612264652
2.57098441540338
2.66394259434403
2.75690077328468
2.53154906604154
2.62450724498219
2.71746542392284
2.81042360286349
2.58507189562036
2.67803007456101
2.77098825350166
2.86394643244231
2.63859472519917
2.73155290413982
2.82451108308047
2.59915937583733
2.69211755477798
2.78507573371863
2.55972402647549
2.65268220541614
2.74564038435679
2.52028867711365
2.6132468560543
2.70620503499495
2.48085332775181
2.57381150669246
2.66676968563311
2.44141797838997
2.53437615733063
2.62733433627128
2.40198262902814
2.49494080796879
2.58789898690944
2.3625472796663
2.45550545860695
2.5484636375476
2.64142181648825
2.41607010924511
2.50902828818576
2.60198646712642
2.37663475988328
2.46959293882393
2.56255111776458
2.33719941052144
2.43015758946209
2.52311576840274
2.2977640611596
2.39072224010025
2.4836804190409
2.57663859798155
2.52030067117076
2.46396274435998
2.40762481754919
2.35128689073841
2.44424506967906
2.46748461441422
2.49072415914939
2.51396370388455
2.53720324861971
2.31185154137657
2.40480972031722
2.49776789925787
2.27241619201473
2.36537437095539
2.45833254989604
2.2329808426529
2.32593902159355
2.4188972005342
2.51185537947485
2.28650367223171
2.37946185117236
2.47242003011301
2.24706832286987
2.34002650181052
2.43298468075117
2.20763297350803
2.30059115244868
2.39354933138933
2.16819762414619
2.26115580308685
2.3541139820275
2.44707216096815
2.5400303399088
2.31467863266566
2.40763681160631
2.50059499054696
2.27524328330382
2.36820146224447
2.46115964118512
2.23580793394198
2.32876611288263
2.42172429182328
2.19637258458014
2.2893307635208
2.38228894246145
2.4752471214021
2.24989541415896
2.34285359309961
2.43581177204026
2.52876995098091
2.30341824373777
2.39637642267842
2.48933460161907
2.58229278055972
2.35694107331658
2.44989925225723
2.54285743119789
2.31750572395475
2.4104639028954
2.50342208183605
2.5963802607767
2.37102855353356
2.46398673247421
2.55694491141486
2.33159320417172
2.42455138311237
2.51750956205302
2.61046774099367
2.38511603375053
2.47807421269118
2.57103239163183
2.66399057057248
2.43863886332934
2.53159704227
2.62455522121065
2.7175134001513
2.49216169290816
2.58511987184881
2.67807805078946
2.45272634354632
2.54568452248697
2.63864270142762
2.73160088036827
2.50624917312513
2.59920735206578
2.69216553100643
2.78512370994708
2.55977200270394
2.6527301816446
2.74568836058525
2.8386465395259
2.61329483228276
2.70625301122341
2.79921119016406
2.89216936910471
2.66681766186157
2.75977584080222
2.85273401974287
2.94569219868353
3.03865037762418
2.81329867038104
2.90625684932169
2.99921502826234
3.09217320720299
2.86682149995985
2.9597796789005
3.05273785784115
3.1456960367818
3.23865421572245
3.01330250847931
3.10626068741996
3.19921886636061
3.29217704530127
3.38513522424192
3.15978351699878
3.25274169593943
3.34569987488008
3.12034816763694
3.21330634657759
3.30626452551824
3.39922270445889
3.49218088339954
3.2668291761564
3.35978735509705
3.4527455340377
3.54570371297835
3.32035200573521
3.41331018467587
3.50626836361652
3.28091665637338
3.37387483531403
3.46683301425468
3.24148130701154
3.65274937213598
3.42739766489284
3.52035584383349
3.61331402277414
3.387962315531
3.48092049447165
3.5738786734123
3.66683685235295
3.44148514510981
3.53444332405046
3.62740150299112
3.40204979574797
3.49500797468863
3.58796615362928
3.36261444638614
3.45557262532679
3.54853080426744
3.64148898320809
3.41613727596495
3.5090954549056
3.60205363384625
3.37670192660311
3.46966010554377
3.56261828448442
3.65557646342507
3.43022475618193
3.52318293512258
3.29783122787944
3.39078940682009
3.48374758576074
3.2583958785176
3.35135405745825
3.4443122363989
3.21896052915576
3.31191870809641
3.40487688703707
3.17952517979393
3.27248335873458
3.36544153767523
3.14008983043209
3.23304800937274
3.32600618831339
3.10065448107025
3.1936126600109
3.28657083895155
3.06121913170841
3.15417731064906
3.24713548958971
3.02178378234657
3.11474196128722
3.20770014022788
2.98234843298474
3.07530661192539
3.16826479086604
3.26122296980669
3.03587126256355
3.1288294415042
3.22178762044485
2.99643591320171
3.08939409214236
3.18235227108301
2.95700056383987
3.04995874278052
2.82460703553738
2.91756521447804
3.01052339341869
3.10348157235934
3.19643975129999
2.97108804405685
3.0640462229975
3.15700440193815
2.93165269469501
3.02461087363566
3.11756905257631
3.21052723151696
2.98517552427382
3.07813370321447
3.17109188215513
2.94574017491199
3.03869835385264
3.13165653279329
2.90630482555015
2.9992630044908
3.09222118343145
2.86686947618831
2.95982765512896
3.05278583406961
3.14574401301026
2.92039230576712
3.01335048470777
3.10630866364842
2.88095695640528
2.97391513534593
3.06687331428659
3.15983149322724
2.9344797859841
3.02743796492475
3.1203961438654
2.89504443662226
2.98800261556291
3.08096079450356
2.85560908726042
2.94856726620107
3.04152544514172
3.13448362408237
2.90913191683923
3.00209009577988
3.09504827472054
3.18800645366119
2.96265474641805
3.0556129253587
3.14857110429935
3.24152928324
3.01617757599686
3.10913575493751
3.20209393387816
3.29505211281882
3.06970040557568
3.16265858451633
3.25561676345698
3.34857494239763
3.12322323515449
3.21618141409514
2.990829706852
3.08378788579265
3.1767460647333
3.26970424367395
3.3626624226146
3.13731071537146
3.23026889431211
3.32322707325277
3.41618525219342
3.19083354495028
3.28379172389093
3.37674990283158
3.46970808177223
3.24435637452909
3.33731455346974
3.1119628462266
3.20492102516725
3.2978792041079
3.39083738304855
3.16548567580541
3.25844385474606
3.35140203368672
3.44436021262737
3.21900850538423
3.31196668432488
3.40492486326553
3.17957315602239
3.27253133496304
3.36548951390369
3.14013780666055
3.2330959856012
3.32605416454185
3.10070245729871
3.19366063623937
3.28661881518002
3.37957699412067
3.15422528687753
3.24718346581818
3.34014164475883
3.43309982369948
3.52605800264013
3.30070629539699
3.39366447433764
3.48662265327829
3.26127094603515
3.3542291249758
3.44718730391645
3.54014548285711
3.31479377561397
3.40775195455462
3.50071013349527
3.27535842625213
3.36831660519278
3.46127478413343
3.55423296307408
3.32888125583094
3.42183943477159
3.51479761371224
3.2894459064691
3.38240408540975
3.4753622643504
3.56832044329106
3.66127862223171
3.43592691498857
3.52888509392922
3.62184327286987
3.71480145181052
3.48944974456738
3.58240792350803
3.67536610244868
3.76832428138933
3.54297257414619
3.63593075308684
3.7288889320275
3.82184711096815
3.9148052899088
3.68945358266566
3.78241176160631
3.87536994054696
3.96832811948761
3.74297641224447
3.83593459118512
3.92889277012577
3.70354106288263
3.79649924182328
3.88945742076394
3.98241559970459
4.07537377864524
3.8500220714021
3.94298025034275
4.0359384292834
3.81058672204026
3.90354490098091
3.99650307992156
4.08946125886221
3.86410955161907
3.95706773055972
4.05002590950037
3.82467420225723
3.91763238119789
4.01059056013854
3.7852388528954
3.87819703183605
3.9711552107767
4.06411338971735
3.83876168247421
3.93171986141486
4.02467804035551
3.79932633311237
3.89228451205302
3.98524269099367
3.75989098375053
3.85284916269118
3.94580734163184
4.03876552057249
3.81341381332935
3.90637199227
3.99933017121065
3.77397846396751
3.86693664290816
3.95989482184881
3.73454311460567
3.82750129354632
3.92045947248697
4.01341765142763
3.78806594418448
3.88102412312514
3.655672415882
3.74863059482265
3.8415887737633
3.61623706652016
3.70919524546081
3.80215342440146
3.89511160334211
3.66975989609897
3.76271807503962
3.53736636779648
3.63032454673713
3.72328272567779
3.49793101843465
3.5908891973753
3.68384737631595
3.45849566907281
3.55145384801346
3.64441202695411
3.41906031971097
3.51201849865162
3.60497667759227
3.69793485653292
3.47258314928978
3.56554132823043
3.65849950717108
3.43314779992794
3.52610597886859
3.61906415780925
3.39371245056611
3.48667062950676
3.57962880844741
3.35427710120427
3.44723528014492
3.54019345908557
3.31484175184243
3.40779993078308
3.50075810972373
3.59371628866438
3.36836458142124
3.4613227603619
3.55428093930255
3.6472391182432
3.42188741100006
3.51484558994071
3.60780376888136
3.38245206163822
3.47541024057887
3.56836841951952
3.66132659846017
3.43597489121703
3.52893307015769
3.30358136291454
3.71484942803899
3.48949772079585
3.5824558997365
3.67541407867715
3.45006237143401
3.54302055037466
3.63597872931531
3.72893690825596
3.50358520101282
3.59654337995347
3.68950155889412
3.78245973783477
3.87541791677542
3.96837609571608
3.74302438847294
3.83598256741359
3.92894074635424
3.7035890391111
4.11485710423554
3.8895053969924
3.98246357593305
4.0754217548737
4.16837993381435
3.94302822657121
4.03598640551186
4.12894458445251
4.22190276339316
3.99655105615002
4.08950923509067
4.18246741403132
4.27542559297198
4.05007388572884
4.14303206466949
4.23599024361014
4.010638536367
4.10359671530765
4.1965548942483
4.28951307318895
4.3824712521296
4.15711954488646
4.25007772382711
4.34303590276776
4.11768419552462
4.21064237446527
4.30360055340592
4.07824884616278
4.17120702510344
4.26416520404409
4.35712338298474
4.1317716757416
4.22472985468225
4.3176880336229
4.09233632637976
4.18529450532041
4.27825268426106
4.37121086320171
4.14585915595857
4.23881733489923
4.33177551383988
4.42473369278053
4.19938198553739
4.29234016447804
4.38529834341869
4.15994663617555
4.2529048151162
4.34586299405685
4.4388211729975
4.21346946575436
4.30642764469501
4.39938582363567
4.49234400257632
4.26699229533318
4.35995047427383
4.45290865321448
4.22755694597134
4.32051512491199
4.41347330385264
4.1881215966095
4.59938966173394
4.3740379544908
4.14868624724766
4.24164442618832
4.33460260512897
4.42756078406962
4.20220907682648
4.29516725576713
4.38812543470778
4.16277372746464
4.25573190640529
4.34869008534594
4.1233383781028
4.21629655704346
4.30925473598411
4.40221291492476
4.17686120768162
4.26981938662227
4.36277756556292
4.13742585831978
4.23038403726043
4.32334221620108
4.09799050895794
4.19094868789859
4.28390686683924
4.37686504577989
4.15151333853675
4.2444715174774
4.33742969641805
4.43038787535871
4.20503616811556
4.29799434705622
4.07264263981308
4.16560081875373
4.25855899769438
4.03320729045124
4.12616546939189
4.21912364833254
3.9937719410894
4.08673012003005
4.1796882989707
3.95433659172756
4.04729477066821
4.14025294960886
4.23321112854952
4.00785942130638
4.10081760024703
4.19377577918768
4.28673395812833
4.37969213706898
4.15434042982584
4.24729860876649
4.34025678770714
4.114905080464
4.20786325940465
4.3008214383453
4.39377961728595
4.48673779622661
4.26138608898347
4.35434426792412
4.44730244686477
4.22195073962163
4.31490891856228
4.40786709750293
4.50082527644358
4.27547356920044
4.36843174814109
4.46138992708174
4.2360382198386
4.32899639877925
4.42195457771991
4.51491275666056
4.28956104941742
4.38251922835807
4.47547740729872
4.56843558623937
4.34308387899623
4.43604205793688
4.52900023687753
4.30364852963439
4.39660670857504
4.48956488751569
4.58252306645634
4.67548124539699
4.76843942433764
4.5430877170945
4.63604589603516
4.72900407497581
4.50365236773267
4.59661054667332
4.68956872561397
4.46421701837083
4.55717519731148
4.65013337625213
4.42478166900899
4.51773984794964
4.61069802689029
4.70365620583094
4.79661438477159
4.57126267752846
4.66422085646911
4.75717903540976
4.53182732816662
4.62478550710727
4.71774368604792
4.81070186498857
4.58535015774543
4.67830833668608
4.77126651562673
4.54591480838359
4.63887298732424
4.7318311662649
4.82478934520555
4.59943763796241
4.69239581690306
4.78535399584371
4.56000228860057
4.65296046754122
4.74591864648187
4.52056693923873
4.93183500436317
4.70648329712003
4.79944147606068
4.57408976881754
4.66704794775819
4.76000612669884
4.5346544194557
4.62761259839635
4.40226089115322
4.49521907009387
4.58817724903452
4.68113542797517
4.45578372073203
4.54874189967268
4.64170007861333
4.41634837137019
4.50930655031084
4.60226472925149
4.37691302200835
4.469871200949
4.56282937988966
4.33747767264652
4.43043585158717
4.52339403052782
4.29804232328468
4.39100050222533
4.48395868116598
4.25860697392284
4.35156515286349
4.44452333180414
4.219171624561
4.31212980350165
4.08677809625851
4.17973627519916
4.27269445413982
4.36565263308047
4.45861081202112
4.23325910477798
4.32621728371863
4.41917546265928
4.51213364159993
4.28678193435679
4.37974011329744
4.47269829223809
4.24734658499495
4.3403047639356
4.43326294287625
4.20791123563311
4.30086941457377
4.39382759351442
4.48678577245507
4.57974395139572
4.35439224415258
4.44735042309323
4.54030860203388
4.63326678097453
4.40791507373139
4.50087325267204
4.2755215454289
4.36847972436955
4.779747789494
4.55439608225085
4.64735426119151
4.42200255394837
4.51496073288902
4.60791891182967
4.70087709077032
4.47552538352718
4.56848356246783
4.66144174140848
4.75439992034913
4.84735809928978
4.62200639204664
4.71496457098729
4.80792274992795
4.9008809288686
4.67552922162546
4.76848740056611
4.86144557950676
4.63609387226362
4.72905205120427
4.82201023014492
4.91496840908557
4.68961670184243
4.78257488078308
4.87553305972373
4.96849123866438
4.74313953142124
4.8360977103619
4.92905588930255
5.0220140682432
5.11497224718385
5.2079304261245
4.98257871888136
5.07553689782201
5.16849507676266
4.94314336951952
5.03610154846017
5.12905972740082
5.22201790634147
5.31497608528212
5.08962437803898
5.18258255697963
5.27554073592028
5.05018902867714
5.1431472076178
5.23610538655845
5.01075367931531
5.10371185825596
5.19667003719661
4.97131832995347
5.06427650889412
5.15723468783477
4.93188298059163
5.02484115953228
5.11779933847293
5.21075751741358
4.98540581017044
5.07836398911109
4.85301228186795
4.9459704608086
4.72061875356546
5.13188681868991
4.90653511144677
4.99949329038742
4.77414158314428
4.86709976208493
4.96005794102558
5.05301611996623
4.82766441272309
4.92062259166374
5.01358077060439
4.78822906336125
4.8811872423019
4.97414542124255
4.74879371399941
4.84175189294006
4.93471007188072
4.70935836463758
4.80231654357823
4.89527472251888
4.66992301527574
4.76288119421639
4.85583937315704
4.6304876659139
4.72344584485455
4.8164040237952
4.90936220273585
4.68401049549271
4.77696867443337
4.86992685337402
4.64457514613088
4.73753332507153
4.83049150401218
4.60513979676904
4.69809797570969
4.79105615465034
4.5657044474072
4.65866262634785
4.43331091910471
4.84457898422916
4.61922727698601
4.71218545592667
4.48683374868352
4.57979192762418
4.67275010656483
4.44739839932169
4.54035657826234
4.63331475720299
4.40796304995985
4.5009212289005
4.59387940784115
4.36852770059801
4.46148587953866
4.55444405847931
4.32909235123617
4.42205053017682
4.51500870911748
4.60796688805813
4.38261518081499
4.47557335975564
4.2502216525125
4.34317983145315
4.4361380103938
4.52909618933445
4.6220543682751
4.39670266103196
4.48966083997261
4.58261901891326
4.67557719785392
4.45022549061078
4.54318366955143
4.63614184849208
4.72910002743273
4.50374832018959
4.59670649913024
4.68966467807089
4.78262285701154
4.87558103595219
4.65022932870905
5.06149739383349
4.83614568659035
4.929103865531
4.70375215828786
4.79671033722851
4.88966851616917
4.98262669510982
5.07558487405047
4.85023316680733
4.94319134574798
5.03614952468863
4.81079781744549
5.22206588256993
4.99671417532679
5.08967235426744
5.18263053320809
4.95727882596495
5.0502370049056
5.14319518384625
4.91784347660311
5.32911154172756
5.10375983448442
5.19671801342507
5.28967619236572
5.06432448512258
5.15728266406323
5.25024084300388
5.02488913576074
5.11784731470139
5.21080549364204
5.30376367258269
5.07841196533955
5.1713701442802
5.26432832322085
5.3572865021615
5.13193479491836
5.22489297385901
5.31785115279966
5.09249944555652
5.18545762449717
5.27841580343783
5.05306409619469
5.14602227513534
5.23898045407599
5.33193863301664
5.42489681195729
5.19954510471415
5.2925032836548
5.38546146259545
5.16010975535231
5.25306793429296
5.34602611323361
5.12067440599047
5.21363258493112
5.30659076387177
5.08123905662863
5.17419723556929
5.26715541450994
5.0418037072668
5.13476188620745
5.2277200651481
5.00236835790496
5.09532653684561
5.18828471578626
5.28124289472691
5.05589118748377
5.14884936642442
5.24180754536508
5.01645583812194
5.10941401706259
5.20237219600324
4.9770204887601
5.06997866770075
5.1629368466414
4.93758513939826
5.03054331833891
5.12350149727956
5.21645967622021
4.99110796897707
5.08406614791773
5.17702432685838
4.95167261961524
5.04463079855589
5.13758897749654
5.23054715643719
5.00519544919405
5.0981536281347
5.19111180707535
4.96576009983221
5.05871827877286
5.15167645771351
5.24463463665416
5.01928292941102
5.11224110835168
5.20519928729233
4.97984758004919
5.07280575898984
5.16576393793049
4.94041223068735
5.033370409628
5.12632858856865
4.90097688132551
4.99393506026616
5.08689323920681
4.86154153196367
4.95449971090432
5.04745788984497
4.82210618260183
4.91506436154248
5.00802254048314
4.78267083324
4.87562901218065
4.9685871911213
5.06154537006195
4.83619366281881
4.92915184175946
5.02211002070011
4.79675831345697
4.88971649239762
4.98267467133828
5.07563285027893
4.85028114303579
4.94323932197644
5.03619750091709
4.81084579367395
4.9038039726146
4.99676215155525
5.0897203304959
5.18267850943656
4.95732680219342
5.05028498113407
5.14324316007472
4.91789145283158
5.01084963177223
5.10380781071288
5.19676598965353
4.97141428241039
5.06437246135104
5.15733064029169
5.25028881923234
5.34324699817299
5.11789529092985
5.2108534698705
5.30381164881116
5.3967698277518
5.17141812050867
5.26437629944932
5.35733447838997
5.45029265733062
5.22494095008748
5.31789912902813
5.41085730796878
5.50381548690943
5.27846377966629
5.37142195860694
5.4643801375476
5.55733831648825
5.33198660924511
5.42494478818576
5.51790296712641
5.61086114606706
5.38550943882392
5.47846761776457
5.57142579670522
5.34607408946208
5.43903226840273
5.53199044734338
5.30663874010024
5.39959691904089
5.49255509798154
5.5855132769222
5.67847145586285
5.45311974861971
5.54607792756036
5.63903610650101
5.41368439925787
5.50664257819852
5.59960075713917
5.69255893607982
5.46720722883668
5.56016540777733
5.65312358671798
5.74608176565863
5.52073005841549
5.61368823735614
5.70664641629679
5.48129470905365
5.5742528879943
5.34890118075116
5.44185935969181
5.53481753863246
5.62777571757311
5.40242401032997
5.49538218927062
5.58834036821127
5.36298866096813
5.45594683990879
5.54890501884944
5.3235533116063
5.41651149054695
5.5094696694876
5.28411796224446
5.37707614118511
5.15172443394197
5.24468261288262
5.33764079182327
5.43059897076393
5.20524726352079
5.29820544246144
5.39116362140209
5.48412180034274
5.2587700930996
5.35172827204025
5.4446864509809
5.21933474373776
5.31229292267841
5.40525110161906
5.17989939437592
5.27285757331657
5.36581575225722
5.14046404501408
5.23342222395473
5.32638040289538
5.41933858183604
5.1939868745929
5.28694505353355
5.3799032324742
5.15455152523106
5.24750970417171
5.34046788311236
5.43342606205301
5.20807435480987
5.30103253375052
5.39399071269117
5.16863900544803
5.26159718438868
5.35455536332933
5.44751354226998
5.22216183502684
5.3151200139675
5.40807819290815
5.18272648566501
5.27568466460566
5.36864284354631
5.14329113630317
5.23624931524382
5.32920749418447
5.42216567312512
5.19681396588198
5.28977214482263
5.38273032376328
5.47568850270393
5.25033679546079
5.34329497440145
5.4362531533421
5.21090144609896
5.30385962503961
5.39681780398026
5.48977598292091
5.58273416186156
5.67569234080221
5.45034063355907
5.54329881249972
5.63625699144037
5.41090528419723
5.50386346313788
5.59682164207853
5.37146993483539
5.46442811377605
5.5573862927167
5.65034447165735
5.743302650598
5.51795094335486
5.61090912229551
5.70386730123616
5.79682548017681
5.57147377293367
5.66443195187432
5.75739013081497
5.85034830975562
5.62499660251248
5.71795478145313
5.81091296039378
5.90387113933443
5.67851943209129
5.77147761103195
5.86443578997259
5.95739396891325
5.73204226167011
5.82500044061076
5.59964873336762
5.69260691230827
5.78556509124892
5.87852327018957
5.65317156294643
5.74612974188708
5.83908792082773
5.61373621358459
5.70669439252524
5.79965257146589
5.89261075040654
5.6672590431634
5.76021722210405
5.8531754010447
5.94613357998535
5.72078187274221
5.81374005168287
5.58838834443973
5.68134652338038
5.77430470232103
5.86726288126168
5.96022106020233
5.73486935295919
5.82782753189984
5.92078571084049
5.69543400359735
5.788392182538
5.56304047529486
5.65599865423551
5.74895683317616
5.84191501211681
5.61656330487367
5.70952148381432
5.80247966275497
5.57712795551183
5.67008613445249
5.76304431339314
5.53769260615
5.63065078509065
5.7236089640313
5.49825725678816
5.59121543572881
5.68417361466946
5.45882190742632
5.55178008636697
5.64473826530762
5.41938655806448
5.51234473700513
5.28699302976199
5.69826109488643
5.47290938764329
5.56586756658394
5.65882574552459
5.75178392446524
5.5264322172221
5.61939039616275
5.39403868891961
5.48699686786027
5.57995504680092
5.67291322574157
5.44756151849843
5.54051969743908
5.63347787637973
5.72643605532038
5.50108434807724
5.59404252701789
5.68700070595854
5.4616489987154
5.55460717765605
5.6475653565967
5.74052353553735
5.51517182829422
5.60813000723487
5.70108818617552
5.47573647893238
5.56869465787303
5.66165283681368
5.75461101575433
5.52925930851119
5.62221748745184
5.71517566639249
5.80813384533314
5.58278213809
5.67574031703065
5.7686984959713
5.86165667491195
5.63630496766881
5.72926314660947
5.50391143936633
5.59686961830698
5.68982779724763
5.78278597618828
5.55743426894514
5.65039244788579
5.74335062682644
5.83630880576709
5.92926698470774
6.02222516364839
5.79687345640525
5.8898316353459
5.98278981428655
6.0757479932272
5.85039628598406
5.94335446492471
6.03631264386536
5.81096093662222
5.90391911556287
5.99687729450353
5.77152558726039
6.18279365238483
5.95744194514169
6.05040012408234
6.14335830302299
6.23631648196364
6.0109647747205
6.10392295366115
6.1968811326018
6.28983931154246
6.06448760429932
6.15744578323997
6.25040396218062
6.02505225493748
6.11801043387813
6.21096861281878
5.98561690557564
6.07857508451629
6.17153326345694
5.9461815562138
6.03913973515445
6.1320979140951
6.22505609303575
5.99970438579261
6.09266256473326
6.18562074367391
6.27857892261456
6.05322721537142
6.14618539431207
6.23914357325273
6.01379186600959
6.10675004495024
6.19970822389089
5.97435651664775
6.0673146955884
6.16027287452905
5.93492116728591
6.02787934622656
6.12083752516721
6.21379570410786
5.98844399686472
6.08140217580537
5.85605046856223
5.94900864750288
6.04196682644353
6.13492500538418
5.90957329814104
6.00253147708169
6.09548965602234
6.18844783496299
5.96309612771985
6.0560543066605
5.83070259941737
5.92366077835802
6.01661895729867
5.79126725005553
5.88422542899618
5.65887372175304
5.75183190069369
5.84479007963434
5.6194383723912
5.71239655133185
5.8053547302725
5.89831290921315
5.9912710881538
6.08422926709445
5.85887755985131
5.95183573879196
6.04479391773261
5.81944221048947
5.91240038943013
5.68704868218699
5.78000686112764
5.87296504006829
5.96592321900894
6.05888139794959
5.83352969070645
5.9264878696471
6.01944604858775
6.1124042275284
5.88705252028526
5.98001069922591
5.75465899198277
5.84761717092342
5.94057534986407
6.03353352880472
6.12649170774537
6.21944988668603
5.99409817944288
6.08705635838353
6.18001453732419
5.95466283008104
6.0476210090217
6.14057918796235
5.91522748071921
6.00818565965986
6.10114383860051
6.19410201754116
6.28706019648181
6.06170848923867
5.83635678199553
6.24762484711997
6.02227313987683
6.11523131881748
6.20818949775813
6.30114767669878
6.07579596945564
6.16875414839629
6.26171232733695
6.03636062009381
6.12931879903446
6.22227697797511
6.31523515691576
6.08988344967262
6.18284162861327
6.27579980755392
6.36875798649457
6.46171616543522
6.23636445819208
6.32932263713273
6.10397092988959
6.51523899501403
6.28988728777089
6.38284546671154
6.47580364565219
6.56876182459284
6.3434101173497
6.43636829629035
6.21101658904722
6.30397476798787
6.39693294692852
6.17158123968538
6.26453941862603
6.35749759756668
6.45045577650733
6.22510406926419
6.31806224820484
6.41102042714549
6.18566871990235
6.278626898843
6.05327519159986
6.4645432567243
6.23919154948116
6.33214972842181
6.42510790736246
6.19975620011932
6.29271437905997
6.38567255800062
6.16032085075748
6.25327902969813
6.34623720863878
6.12088550139564
6.21384368033629
6.30680185927694
6.39976003821759
6.17440833097445
6.2673665099151
6.36032468885576
6.13497298161262
6.22793116055327
6.00257945331013
6.41384751843457
6.18849581119143
5.96314410394829
6.05610228288894
6.14906046182959
6.24201864077024
6.0166669335271
6.10962511246775
5.88427340522461
5.97723158416526
6.07018976310591
6.16314794204656
5.93779623480342
6.03075441374407
6.12371259268473
5.89836088544159
5.99131906438224
6.08427724332289
6.17723542226354
5.9518837150204
6.36315178014484
6.1378000729017
6.23075825184235
6.00540654459921
6.09836472353986
6.19132290248051
6.28428108142117
6.37723926036182
6.15188755311868
6.24484573205933
6.33780391099998
6.11245220375684
6.20541038269749
6.29836856163814
6.39132674057879
6.16597503333565
6.2589332122763
6.35189139121695
6.4448495701576
6.21949786291446
6.63076592803891
6.40541422079576
6.18006251355262
6.27302069249327
6.36597887143393
6.14062716419079
6.23358534313144
6.32654352207209
6.41950170101274
6.51245987995339
6.28710817271025
6.3800663516509
6.47302453059155
6.24767282334841
6.34063100228906
6.43358918122971
6.52654736017037
6.61950553911102
6.71246371805167
6.48711201080853
6.58007018974918
6.35471848250604
6.44767666144669
6.54063484038734
6.63359301932799
6.40824131208485
6.5011994910255
6.59415766996615
6.6871158489068
6.46176414166366
6.55472232060431
6.64768049954496
6.42232879230182
6.51528697124247
6.60824515018312
6.70120332912378
6.47585162188064
6.56880980082129
6.66176797976194
6.4364162725188
6.52937445145945
6.6223326304001
6.39698092315696
6.48993910209761
6.58289728103826
6.67585545997891
6.45050375273577
6.54346193167642
6.31811022443328
6.41106840337393
6.50402658231458
6.59698476125523
6.37163305401209
6.46459123295274
6.55754941189339
6.65050759083404
6.4251558835909
6.51811406253155
6.6110722414722
6.38572053422907
6.79698859935351
6.57163689211037
6.34628518486723
6.43924336380788
6.53220154274853
6.62515972168918
6.39980801444604
6.49276619338669
6.26741448614355
6.3603726650842
6.45333084402485
6.22797913678171
6.32093731572236
6.41389549466301
6.50685367360366
6.59981185254432
6.37446014530117
6.46741832424183
6.56037650318248
6.33502479593934
6.42798297487999
6.20263126763685
6.2955894465775
6.38854762551815
6.4815058044588
6.25615409721566
6.34911227615631
6.44207045509696
6.21671874785382
6.62798681297826
6.40263510573512
6.49559328467577
6.58855146361643
6.36319975637328
6.45615793531394
6.54911611425459
6.32376440701145
6.4167225859521
6.50968076489275
6.6026389438334
6.69559712277405
6.47024541553091
6.56320359447156
6.65616177341221
6.74911995235286
6.52376824510972
6.61672642405037
6.70968460299102
6.80264278193167
6.89560096087232
6.67024925362918
6.76320743256983
6.85616561151048
6.63081390426734
6.72377208320799
6.81673026214865
6.5913785549055
6.68433673384616
6.77729491278681
6.55194320554367
6.64490138448432
6.41954967724118
6.51250785618183
6.60546603512248
6.69842421406313
6.79138239300378
6.88434057194443
6.65898886470129
6.75194704364194
6.5265953363988
6.61955351533945
6.7125116942801
6.80546987322075
6.58011816597761
6.67307634491826
6.76603452385891
6.85899270279956
6.63364099555642
6.72659917449707
6.50124746725393
6.91251553237838
6.68716382513524
6.78012200407589
6.87308018301654
6.6477284757734
6.74068665471405
6.8336448336547
6.60829312641156
6.70125130535221
6.47589959810907
6.56885777704972
6.66181595599037
6.75477413493102
6.52942242768788
6.62238060662853
6.71533878556918
6.48998707832604
6.58294525726669
6.67590343620734
6.4505517289642
6.86181979408864
6.6364680868455
6.72942626578615
6.50407455854301
6.59703273748367
6.68999091642432
6.78294909536497
6.55759738812183
6.65055556706248
6.74351374600313
6.83647192494378
6.61112021770064
6.70407839664129
6.79703657558195
6.57168486833881
6.66464304727945
6.75760122622011
6.53224951897697
6.62520769791762
6.71816587685827
6.81112405579892
6.90408223473957
6.67873052749643
6.77168870643708
6.86464688537773
6.63929517813459
6.73225335707525
6.8252115360159
6.59985982877276
6.69281800771341
6.78577618665406
6.87873436559471
6.65338265835157
6.74634083729222
6.83929901623287
6.93225719517352
6.70690548793038
6.79986366687103
6.89282184581169
6.66747013856854
7.07873820369299
6.85338649644985
6.9463446753905
7.03930285433115
7.1322610332718
6.90690932602866
6.99986750496931
6.77451579772617
6.86747397666682
6.96043215560747
7.05339033454812
6.82803862730498
6.92099680624563
7.01395498518628
6.78860327794314
6.88156145688379
6.97451963582444
7.06747781476509
6.84212610752195
6.9350842864626
7.02804246540325
6.80269075816012
6.89564893710077
6.98860711604142
7.08156529498207
6.85621358773893
6.94917176667958
7.04212994562023
7.13508812456088
6.90973641731774
7.00269459625839
7.09565277519904
7.18861095413969
6.96325924689655
7.0562174258372
7.14917560477785
6.92382389753471
7.01678207647536
7.10974025541601
6.88438854817288
6.97734672711353
6.75199501987039
6.84495319881104
6.93791137775169
7.03086955669234
6.8055178494492
6.89847602838985
6.9914342073305
7.08439238627115
6.85904067902801
6.95199885796866
6.72664715072552
6.81960532966617
6.91256350860682
7.00552168754747
6.78016998030433
6.87312815924498
6.96608633818564
6.7407346309425
6.51538292369936
6.9266509888238
6.70129928158066
6.79425746052131
6.88721563946196
6.98017381840261
6.75482211115947
6.84778029010012
6.94073846904077
6.71538676179763
6.80834494073829
6.90130311967894
6.99426129861959
7.08721947756024
6.8618677703171
6.95482594925775
6.72947424201461
6.82243242095526
6.91539059989591
7.00834877883656
6.78299707159342
7.19426513671786
6.96891342947472
7.06187160841537
6.83651990117223
6.92947808011289
7.02243625905354
7.11539443799419
7.20835261693484
6.9830009096917
7.07595908863235
6.85060738138921
6.94356556032986
7.03652373927051
7.12948191821116
6.90413021096802
6.99708838990867
7.09004656884932
7.18300474778997
7.27596292673063
7.05061121948749
7.14356939842814
6.918217691185
7.01117587012565
7.1041340490663
7.19709222800696
7.29005040694761
7.38300858588826
7.15765687864512
7.25061505758577
7.34357323652642
7.11822152928328
7.21117970822393
7.30413788716458
7.39709606610523
7.17174435886209
7.26470253780275
7.3576607167434
7.45061889568405
7.22526718844091
6.99991548119777
7.41118354632221
7.18583183907907
7.27879001801972
7.37174819696037
7.46470637590102
7.23935466865788
7.33231284759853
7.42527102653918
7.19991931929604
7.29287749823669
7.38583567717734
7.47879385611799
7.25344214887485
7.34640032781551
7.43935850675616
7.21400679951302
7.30696497845367
7.39992315739432
7.17457145015118
7.26752962909183
7.36048780803248
7.13513610078934
7.22809427972999
7.32105245867064
7.0957007514275
7.18865893036815
7.2816171093088
7.05626540206566
7.14922358100632
6.92387187376318
7.01683005270383
7.10978823164448
6.88443652440134
6.97739470334199
7.07035288228264
7.16331106122329
6.93795935398015
7.0309175329208
6.80556582567766
6.89852400461831
6.99148218355896
6.76613047631582
6.85908865525647
6.95204683419712
7.04500501313777
6.81965330589463
6.91261148483528
7.00556966377594
7.09852784271659
6.87317613547344
6.9661343144141
7.05909249335475
7.1520506722954
7.24500885123605
7.01965714399291
7.11261532293356
6.88726361569042
6.98022179463107
7.07317997357172
6.84782826632858
7.25909633145303
7.03374462420989
7.12670280315054
7.21966098209119
7.31261916103184
7.40557733997249
7.18022563272935
7.27318381167
7.36614199061065
7.4591001695513
7.23374846230816
7.32670664124881
7.41966482018946
7.19431311294632
7.28727129188697
7.38022947082762
7.47318764976827
7.56614582870893
7.34079412146579
7.11544241422265
7.52671047934709
7.30135877210395
7.3943169510446
7.48727512998525
7.5802333089259
7.35488160168276
7.44783978062341
7.54079795956406
7.31544625232092
7.40840443126157
7.50136261020223
7.59432078914288
7.68727896808353
7.46192726084039
7.55488543978104
7.64784361872169
7.42249191147855
7.5154500904192
7.60840826935985
7.38305656211671
7.47601474105736
7.25066303381422
7.34362121275487
7.43657939169552
7.52953757063618
7.30418586339304
7.39714404233369
7.49010222127434
7.58306040021499
7.67601857915564
7.4506668719125
7.54362505085315
7.6365832297938
7.41123152255066
7.50418970149132
7.59714788043197
7.37179617318882
7.46475435212948
7.23940264488634
7.33236082382699
7.42531900276764
7.51827718170829
7.29292547446515
7.70419353958959
7.47884183234645
7.5718000112871
7.34644830404396
7.43940648298461
7.21405477574147
7.30701295468212
7.39997113362277
7.17461942637963
7.26757760532028
7.36053578426093
7.13518407701779
7.22814225595844
7.32110043489909
7.41405861383974
7.1887069065966
7.28166508553725
7.3746232644779
7.14927155723476
7.24222973617541
7.33518791511606
7.42814609405671
7.20279438681357
7.29575256575423
7.38871074469488
7.16335903745174
7.25631721639239
7.03096550914925
7.1239236880899
7.21688186703055
7.3098400459712
7.40279822491185
7.49575640385251
7.58871458279316
7.36336287555002
7.45632105449067
7.23096934724753
7.64223741237197
7.41688570512883
7.50984388406948
7.28449217682634
7.37745035576699
7.47040853470764
7.56336671364829
7.33801500640515
7.4309731853458
7.52393136428645
7.6168895432271
7.70984772216775
7.48449601492461
7.57745419386526
7.67041237280591
7.44506066556277
7.53801884450343
7.63097702344408
7.72393520238473
7.49858349514159
7.90985156026603
7.3661899668391
7.45914814577975
7.5521063247204
7.64506450366105
7.7380226826017
7.83098086154235
7.60562915429921
7.69858733323986
7.79154551218051
7.88450369112116
7.65915198387802
7.75211016281867
7.52675845557553
7.61971663451618
7.71267481345684
7.80563299239749
7.58028128515434
7.673239464095
7.44788775685186
7.8591558219763
7.63380411473316
7.72676229367381
7.81972047261446
7.59436876537132
7.68732694431197
7.78028512325262
7.87324330219327
7.64789159495013
7.74084977389079
7.83380795283144
7.92676613177209
7.70141442452895
7.7943726034696
7.56902089622646
7.66197907516711
7.75493725410776
7.84789543304841
7.62254372580527
7.71550190474593
7.80846008368658
7.58310837644344
7.67606655538409
7.76902473432474
7.5436730270816
7.63663120602225
7.41127949877911
7.50423767771976
7.59719585666041
7.37184414941727
7.46480232835792
7.55776050729857
7.33240880005543
7.74367686517988
7.51832515793674
7.61128333687739
7.38593162963424
7.4788898085749
7.57184798751555
7.6648061664562
7.75776434539685
7.53241263815371
7.62537081709436
7.40001910985122
7.49297728879187
7.58593546773252
7.67889364667317
7.77185182561383
7.86481000455448
7.63945829731134
7.73241647625199
7.50706476900885
7.6000229479495
7.69298112689015
7.7859393058308
7.56058759858766
7.65354577752831
7.74650395646896
7.52115224922582
7.61411042816647
7.70706860710713
7.48171689986399
7.89298496498843
7.66763325774529
7.76059143668594
7.85354961562659
7.62819790838345
7.7211560873241
7.81411426626475
7.58876255902161
7.68172073796226
7.77467891690292
7.86763709584357
7.96059527478422
7.73524356754108
7.82820174648173
7.92115992542238
8.01411810436303
7.78876639711989
7.88172457606054
7.97468275500119
7.74933104775805
7.8422892266987
7.61693751945556
7.70989569839621
7.80285387733686
7.89581205627752
7.98877023521817
7.76341852797503
7.85637670691568
7.63102499967254
7.72398317861319
7.81694135755384
7.90989953649449
8.00285771543514
8.09581589437579
7.87046418713265
7.9634223660733
7.73807065883016
7.83102883777081
8.24229690289525
7.69863530946832
7.79159348840897
7.88455166734963
7.97750984629028
7.75215813904714
7.84511631798779
7.93807449692844
7.7127227896853
7.80568096862595
7.8986391475666
7.67328744032346
7.76624561926411
7.85920379820476
7.63385209096162
7.72681026990227
7.81976844884292
7.91272662778357
7.68737492054043
7.46202321329729
7.87329127842174
7.6479395711786
7.74089775011925
7.8338559290599
7.92681410800055
7.70146240075741
7.79442057969806
7.88737875863871
7.66202705139557
7.75498523033622
7.84794340927687
7.94090158821753
8.03385976715818
7.80850805991504
7.90146623885569
7.67611453161255
7.7690727105532
7.86203088949385
7.9549890684345
7.72963736119136
8.1409054263158
7.91555371907266
8.00851189801331
7.78316019077017
7.87611836971082
7.96907654865147
7.74372484140833
7.83668302034898
7.92964119928963
8.02259937823028
7.79724767098714
7.89020584992779
7.98316402886844
8.07612220780909
8.16908038674974
7.94372867950661
8.03668685844726
8.12964503738791
7.90429333014477
7.99725150908542
8.40851957420986
7.86485798078293
7.95781615972358
8.05077433866423
8.14373251760489
7.91838081036174
8.0113389893024
8.10429716824305
8.1972553471837
7.97190363994056
8.06486181888121
7.83951011163807
7.93246829057872
8.02542646951937
8.11838464846002
7.89303294121688
7.98599112015753
8.07894929909818
7.85359759185504
7.94655577079569
8.35782383592014
7.81416224249321
8.22543030761765
8.00007860037451
8.09303677931516
8.18599495825581
7.96064325101267
8.05360142995332
8.14655960889397
8.23951778783462
8.33247596677527
8.10712425953213
8.20008243847278
7.97473073122964
8.06768891017029
8.16064708911095
8.2536052680516
8.02825356080846
8.12121173974911
8.21416991868976
8.30712809763041
8.08177639038727
8.17473456932792
8.26769274826857
8.04234104102543
8.13529921996608
8.22825739890673
8.00290569166359
8.09586387060424
8.1888220495449
8.28178022848555
8.3747384074262
8.14938670018306
8.24234487912371
8.33530305806436
8.10995135082122
8.20290952976187
8.29586770870252
8.07051600145938
8.16347418040003
8.25643235934068
8.03108065209754
8.1240388310382
8.21699700997885
8.3099551889195
8.08460348167636
8.17756166061701
8.27051983955766
8.36347801849831
8.13812631125517
8.23108449019582
8.32404266913647
8.09869096189333
8.19164914083398
8.28460731977463
8.05925561253149
8.15221379147214
7.926862084229
8.01982026316966
8.11277844211031
8.52404650723475
7.98038491380782
8.07334309274847
8.16630127168912
8.25925945062977
8.03390774338663
8.12686592232728
8.21982410126793
8.31278228020858
8.40574045914923
8.18038875190609
8.27334693084674
8.3663051097874
8.14095340254426
8.23391158148491
8.32686976042556
8.41982793936621
8.19447623212307
8.28743441106372
8.06208270382058
8.47335076894502
8.24799906170188
8.34095724064253
8.11560553339939
8.20856371234004
8.30152189128069
8.07617018403755
8.16912836297821
8.26208654191886
8.35504472085951
8.44800289980016
8.22265119255702
8.31560937149767
8.09025766425453
8.18321584319518
8.27617402213583
8.36913220107649
8.46209038001714
8.236738672774
8.32969685171465
8.74096491683909
8.19730332341216
8.29026150235281
8.38321968129346
8.47617786023411
8.56913603917477
8.34378433193162
8.43674251087227
8.52970068981293
8.30434898256979
8.39730716151044
8.49026534045109
8.26491363320795
8.3578718121486
8.45082999108925
8.5437881700299
8.63674634897055
8.41139464172741
8.50435282066807
8.27900111342493
8.69026917854937
8.46491747130623
8.55787565024688
8.65083382918753
8.42548212194439
8.51844030088504
8.61139847982569
8.38604677258255
8.4790049515232
8.57196313046385
8.34661142322071
8.43956960216136
8.53252778110202
8.62548596004267
8.40013425279952
8.49309243174018
8.58605061068083
8.36069890343769
8.45365708237834
8.2283053751352
8.63957344025964
8.4142217330165
8.18887002577336
8.28182820471401
8.37478638365466
8.46774456259531
8.24239285535217
8.33535103429283
8.42830921323348
8.52126739217413
8.29591568493099
8.38887386387164
8.48183204281229
8.25648033556915
8.3494385145098
8.12408680726666
8.21704498620731
8.31000316514796
8.40296134408862
8.17760963684548
8.58887770196992
8.36352599472678
8.45648417366743
8.23113246642429
8.32409064536494
8.41704882430559
8.19169711706245
8.2846552960031
8.37761347494376
8.15226176770062
8.24521994664127
8.33817812558192
8.43113630452257
8.20578459727943
8.29874277622008
8.39170095516073
8.48465913410138
8.57761731304203
8.35226560579889
8.44522378473954
8.85649184986398
8.31283025643705
8.4057884353777
8.49874661431835
8.59170479325901
8.68466297219966
8.45931126495652
8.55226944389717
8.64522762283782
8.73818580177847
8.51283409453533
8.60579227347598
8.69875045241663
8.47339874517349
8.56635692411414
8.65931510305479
8.75227328199544
8.5269215747523
8.61987975369295
8.71283793263361
9.12410599775805
8.58044440433112
8.67340258327177
8.76636076221242
8.85931894115307
8.63396723390993
8.72692541285058
8.81988359179123
8.91284177073188
8.68749006348874
8.78044824242939
8.55509653518625
8.6480547141269
8.74101289306756
8.83397107200821
8.60861936476507
8.70157754370572
8.79453572264637
8.56918401540323
8.66214219434388
8.75510037328453
8.52974866604139
8.62270684498204
8.71566502392269
8.80862320286334
8.5832714956202
8.67622967456085
8.7691878535015
8.86214603244215
8.63679432519901
8.72975250413966
8.82271068308031
8.91566886202097
8.69031715477783
8.78327533371848
8.55792362647534
8.65088180541599
8.42553009817285
8.5184882771135
8.61144645605415
9.02271452117859
8.47905292775166
8.57201110669231
8.66496928563296
8.75792746457361
8.53257575733047
8.62553393627112
8.71849211521178
8.49314040796864
8.58609858690929
8.67905676584994
8.4537050586068
8.54666323754745
8.6396214164881
8.73257959542875
8.50722788818561
8.60018606712626
8.37483435988312
8.46779253882377
8.24244083158063
8.65370889670507
8.42835718946193
8.52131536840258
8.61427354734323
8.70723172628388
8.48188001904074
8.57483819798139
8.66779637692204
8.7607545558627
8.85371273480335
8.62836102756021
8.72131920650086
8.81427738544151
8.58892567819837
8.68188385713902
8.77484203607967
8.86780021502032
8.64244850777718
8.73540668671783
8.5100549794747
8.92132304459914
8.695971337356
8.78892951629665
8.8818876952373
8.65653598799416
8.74949416693481
8.84245234587546
8.93541052481611
8.71005881757297
8.80301699651362
8.89597517545427
8.98893335439493
8.76358164715178
8.85653982609244
8.94949800503309
9.04245618397374
8.8171044767306
8.91006265567125
8.68471094842811
8.77766912736876
8.87062730630941
8.64527559906627
8.73823377800692
8.83119195694757
8.92415013588822
8.69879842864508
8.79175660758573
8.88471478652638
8.97767296546703
8.75232125822389
8.84527943716454
8.6199277299214
8.71288590886206
8.80584408780271
8.89880226674336
8.99176044568401
9.08471862462466
8.85936691738152
8.95232509632217
8.72697338907903
9.13824145420347
8.91288974696033
9.00584792590098
8.78049621865784
8.87345439759849
8.96641257653914
8.74106086929601
8.83401904823666
8.92697722717731
8.70162551993416
8.79458369887482
8.88754187781547
8.66219017057233
8.75514834951298
8.52979664226984
8.62275482121049
8.71571300015114
8.490361292908
8.58331947184865
8.6762776507893
8.76923582972995
8.54388412248681
8.95515218761125
8.72980048036811
8.82275865930876
8.59740695206562
8.69036513100627
8.78332330994693
8.87628148888758
8.96923966782823
8.74388796058509
8.83684613952574
8.92980431846639
9.02276249740704
8.7974107901639
8.89036896910455
8.9833271480452
8.75797544080206
8.85093361974271
8.62558191249957
9.03684997762402
8.81149827038088
8.90445644932153
8.99741462826218
9.09037280720283
8.86502109995969
8.95797927890034
9.05093745784099
9.14389563678164
8.9185439295385
9.01150210847915
9.1044602874198
8.87910858017667
8.97206675911732
9.06502493805797
9.15798311699862
8.93263140975548
9.02558958869613
9.11854776763679
8.89319606039365
9.30446412551809
8.76080253209116
8.85376071103181
8.94671888997246
8.72136718272932
8.81432536166997
8.90728354061062
9.00024171955127
9.09319989849192
9.18615807743257
8.96080637018943
9.05376454913009
9.14672272807074
9.23968090701139
9.01432919976825
9.1072873787089
9.20024555764955
8.97489385040641
8.74954214316327
8.84250032210392
9.25376838722837
9.02841667998523
9.12137485892588
9.21433303786653
8.98898133062339
9.08193950956404
8.8565878023209
8.94954598126155
9.0425041602022
8.81715245295906
8.91011063189971
8.68475892465657
8.77771710359722
8.87067528253787
8.96363346147853
9.05659164041918
8.83123993317604
8.92419811211669
8.69884640487355
8.7918045838142
9.20307264893864
8.65941105551171
9.07067912063616
8.84532741339302
8.93828559233367
8.71293388509053
8.80589206403118
8.89885024297183
8.99180842191248
9.08476660085313
9.17772477979378
8.95237307255064
9.04533125149129
8.81997954424815
8.91293772318881
9.32420578831325
9.09885408107011
9.19181226001076
8.96646055276762
9.05941873170827
9.47068679683271
9.24533508958957
9.01998338234643
9.11294156128708
9.20589974022773
9.29885791916838
9.07350621192524
9.16646439086589
9.25942256980655
9.3523807487472
9.12702904150406
9.21998722044471
8.99463551320157
9.08759369214222
9.18055187108287
9.27351005002352
9.36646822896417
9.14111652172103
9.23407470066168
9.00872299341854
9.41999105854299
8.87632946511606
8.96928764405671
9.06224582299736
9.15520400193801
9.24816218087866
9.34112035981931
9.43407853875997
9.52703671770062
9.30168501045748
9.07633330321434
9.16929148215499
9.26224966109564
9.35520784003629
9.12985613279315
9.2228143117338
9.31577249067445
9.09042078343131
9.18337896237196
9.27633714131261
9.68760520643705
9.14394361301012
9.23690179195077
9.32985997089143
9.10450826364829
9.19746644258894
8.9721147353458
9.06507291428645
9.1580310932271
8.93267938598396
9.02563756492461
9.11859574386526
9.21155392280591
8.98620221556277
9.07916039450342
9.17211857344407
9.26507675238473
9.03972504514159
9.13268322408224
9.22564140302289
9.31859958196354
9.0932478747204
9.18620605366105
9.2791642326017
9.05381252535856
9.14677070429921
9.23972888323986
9.33268706218051
9.10733535493737
9.20029353387802
9.29325171281868
9.06790000557554
9.16085818451619
9.25381636345684
9.0284646562137
9.12142283515435
9.21438101409501
9.30733919303566
9.08198748579252
9.17494566473317
9.26790384367382
9.04255213643068
9.13551031537133
9.22846849431198
9.32142667325263
9.41438485219328
9.18903314495014
9.28199132389079
9.37494950283144
9.4679076817721
9.56086586071275
9.33551415346961
9.42847233241026
9.52143051135091
9.61438869029156
9.38903698304842
9.48199516198907
9.25664345474593
9.03129174750279
9.12424992644344
9.21720810538409
8.99185639814095
9.0848145770816
9.17777275602225
9.2707309349629
9.36368911390356
9.13833740666042
9.23129558560107
9.32425376454172
9.41721194348237
9.51017012242302
9.60312830136367
9.37777659412053
9.47073477306118
9.56369295200183
9.65665113094248
9.43129942369934
9.52425760263999
9.61721578158064
9.39186407433751
9.48482225327816
9.57778043221881
9.35242872497567
9.44538690391632
9.53834508285697
9.31299337561383
9.40595155455448
9.49890973349513
9.59186791243578
9.68482609137643
9.45947438413329
9.55243256307394
9.64539074201459
9.42003903477146
9.51299721371211
9.60595539265276
9.69891357159341
9.47356186435027
9.24821015710713
9.34116833604778
9.75243640117222
9.52708469392908
9.62004287286973
9.39469116562659
9.48764934456724
9.2622976373241
9.35525581626475
9.12990410902161
9.22286228796227
9.31582046690292
9.40877864584357
9.50173682478422
9.27638511754108
9.36934329648173
9.46230147542238
9.55525965436303
9.32990794711989
9.42286612606054
9.51582430500119
9.60878248394184
9.7017406628825
9.47638895563936
9.56934713458001
9.34399542733687
9.43695360627752
9.52991178521817
9.62286996415883
9.71582814309948
9.49047643585634
9.26512472861319
9.35808290755385
9.4510410864945
9.54399926543515
9.6369574443758
9.41160573713266
9.50456391607331
9.27921220883017
9.69048027395461
9.46512856671147
9.55808674565212
9.96935481077656
9.42569321734963
9.51865139629029
9.61160957523094
9.3862578679878
9.47921604692845
9.5721742258691
9.34682251862596
9.43978069756661
9.53273887650726
9.62569705544791
9.40034534820477
9.49330352714542
9.58626170608608
9.67921988502673
9.77217806396738
9.54682635672424
9.63978453566489
9.73274271460554
9.82570089354619
9.91865907248684
9.6933073652437
9.78626554418435
9.56091383694121
9.65387201588186
9.74683019482251
9.83978837376316
9.93274655270382
9.70739484546067
9.80035302440132
9.89331120334198
9.66795949609883
9.76091767503949
9.85387585398014
9.94683403292079
9.72148232567765
9.8144405046183
9.90739868355895
9.68204697631581
9.77500515525646
9.86796333419711
9.64261162695397
9.73556980589462
9.82852798483527
9.60317627759213
9.69613445653278
9.78909263547344
9.5637409282303
9.65669910717095
9.43134739992781
9.52430557886846
9.61726375780911
9.71022193674976
9.80318011569041
9.89613829463106
9.67078658738792
9.76374476632857
9.53839305908543
9.63135123802608
9.72430941696674
9.81726759590739
9.59191588866425
9.6848740676049
9.77783224654555
9.55248053930241
9.64543871824306
9.73839689718371
9.51304518994057
9.28769348269743
9.38065166163809
9.47360984057874
9.88487790570318
9.65952619846004
9.4341744912169
9.52713267015755
9.6200908490982
9.71304902803885
9.8060072069795
9.58065549973636
9.67361367867701
9.76657185761766
9.54122015037452
9.63417832931518
9.72713650825583
9.82009468719648
9.91305286613713
9.68770115889399
9.78065933783464
9.87361751677529
9.96657569571594
9.7412239884728
10.1524920535972
9.9271403463541
9.70178863911096
9.79474681805161
9.88770499699227
9.98066317593292
9.75531146868978
9.84826964763043
9.94122782657108
10.0341860055117
9.80883429826859
9.90179247720924
9.99475065614989
10.0877088350905
9.8623571278474
9.95531530678806
10.0482734857287
9.82292177848557
9.91587995742622
10.0088381363669
9.78348642912373
9.87644460806438
9.96940278700503
9.7440510797619
9.83700925870255
9.9299674376432
9.70461573040006
9.79757390934071
9.89053208828136
9.98349026722201
9.75813855997887
9.85109673891952
9.94405491786017
9.71870321061703
9.81166138955768
9.90461956849833
9.67926786125519
9.77222604019584
9.8651842191365
9.63983251189336
9.73279069083401
9.82574886977466
10.2370169348991
10.3299751138398
9.78631352041283
9.87927169935348
9.65391999211034
9.74687817105099
10.1581462361754
9.6144846427485
9.70744282168915
9.8004010006298
9.89335917957045
9.66800747232731
9.76096565126797
9.53561394402483
10.2651918953331
10.3581500742737
10.1327983670306
10.2257565459712
10.3187147249119
10.4116729038525
9.5497014242418
9.64265960318245
9.7356177821231
9.82857596106376
9.92153414000441
9.69618243276127
9.78914061170192
9.88209879064257
9.65674708339943
9.74970526234008
9.84266344128073
9.93562162022138
10.028579799162
9.80322809191889
9.89618627085955
9.9891444498002
10.0821026287408
9.85675092149771
9.94970910043836
10.042667279379
9.81731557213587
9.91027375107652
10.0032319300172
10.0961901089578
9.87083840171468
9.96379658065533
10.3750646457798
9.83140305235285
9.9243612312935
10.0173194102341
10.1102775891748
9.88492588193166
9.97788406087231
10.070842239813
9.84549053256982
9.93844871151048
10.0314068904511
9.80605518320799
9.89901336214864
9.99197154108929
10.0849297200299
9.8595780127868
9.95253619172745
10.0454943706681
9.82014266342496
10.2314107285494
10.3243689074901
10.0990172002469
9.87366549300378
9.96662367194443
10.0595818508851
9.83423014364194
9.92718832258259
10.0201465015232
9.7947947942801
9.88775297322075
9.9807111521614
10.0736693311021
9.84831762385891
9.94127580279956
10.0342339817402
9.80888227449707
9.90184045343772
9.99479863237838
10.087756811319
9.86240510407589
10.2736731692003
10.0483214619572
9.82296975471405
9.9159279336547
10.0088861125954
9.78353440535221
9.87649258429286
9.96945076323351
10.0624089421742
9.83705723493102
9.93001541387167
10.0229735928123
9.79762188556919
9.89058006450984
9.98353824345049
10.0764964223911
9.851144715148
9.94410289408865
10.0370610730293
9.81170936578616
9.90466754472681
9.99762572366746
10.0905839026081
9.86523219536497
9.95819037430562
10.0511485532463
9.82579684600314
9.91875502494379
10.0117132038844
10.1046713828251
9.87931967558195
9.9722778545226
10.0652360334633
9.83988432622011
9.93284250516076
10.0258006841014
9.80044897685827
9.89340715579892
9.98636533473958
10.0793235136802
10.4905915788047
9.94692998537774
10.0398881643184
9.81453645707525
9.9074946360159
10.0004528149566
10.0934109938972
9.86805928665406
9.96101746559471
10.0539756445354
9.82862393729222
9.92158211623288
10.0145402951735
10.1074984741142
10.5187665392386
9.97510494581169
10.0680631247523
9.8427114175092
10.2539794826336
10.0286277753905
10.4398958405149
9.89623424708802
9.67088253984488
10.0821506049693
9.85679889772618
9.94975707666683
10.0427152556075
9.81736354836434
9.91032172730499
10.0032799062456
10.4145479713701
10.1891962641269
9.96384455688381
10.0568027358245
10.1497609147651
10.2427190937058
10.0173673864626
10.4286354515871
10.5215936305277
9.97793203710079
10.3892001022252
9.8455385087983
9.93849668773896
10.0314548666796
9.80610315943647
9.89906133837712
9.99201951731777
10.0849776962584
9.85962598901528
9.95258416795593
10.0455423468966
9.82019063965344
9.9131488185941
10.3244168837185
10.4173750626592
10.5103332415998
10.2849815343567
10.3779397132973
10.470897892238
9.92723629881107
10.0201944777517
9.79484277050858
9.88780094944923
9.98075912838988
10.0737173073305
10.484985372455
10.2596336652118
10.0342819579687
9.80893025072556
9.90188842966621
9.99484660860686
10.0878047875475
9.86245308030437
9.95541125924503
10.0483694381857
9.82301773094254
9.91597590988319
10.0089340888238
10.1018922677645
9.87654056052135
10.2878086256458
10.0624569184027
9.83710521115951
10.5666831624677
10.3413314552246
10.4342896341653
9.89062804073833
9.98358621967898
10.0765443986196
9.85119269137649
9.94415087031714
10.3554189354416
10.4483771143822
10.5413352933229
10.3159835860797
10.4089417650204
10.1835900577773
10.2765482367179
10.0511965294748
10.4624645945992
10.8737326597237
10.0117611801129
10.1047193590536
9.87936765181044
9.97232583075109
10.0652840096917
9.8399323024486
9.93289048138926
10.0258486603299
10.4371167254544
10.530074904395
9.98641331096807
10.0793714899087
10.4906395550332
10.5835977339738
10.3582460267307
10.7695140918551
9.9075426122444
10.000500791185
10.0934589701257
9.86810726288256
9.96106544182321
10.0540236207639
10.4652916858883
10.558249864829
10.014588271402
10.1075464503427
9.88219474309953
9.97515292204019
10.0681111009808
10.7976890522891
10.5723373450459
10.028675751619
9.80332404437586
9.89628222331651
9.98924040225716
10.0821985811978
9.85684687395467
9.94980505289532
10.042763231836
10.7723411831442
9.91036970353349
10.0033278824741
10.0962860614148
10.5075541265392
10.6005123054799
10.056850712053
9.83149900480981
9.92445718375047
10.0174153626911
10.1103735416318
10.83995149294
9.97798001332928
10.0709381922699
10.8005161435782
10.575164436335
10.6681226152757
10.7610807942163
10.854038973157
9.99206749354625
10.7216454448545
9.85967396524377
9.95263214418442
10.0455903231251
10.4568583882495
10.5498165671902
10.6427747461308
10.7357329250715
10.8286911040121
10.603339396769
10.6962975757096
10.7892557546503
10.5639040474071
10.6568622263478
10.7498204052884
10.5244686980453
10.617426876986
10.7103850559266
10.8033432348673
10.5779915276241
10.9892595927486
10.7639078855054
10.5385561782623
9.99489458483535
10.087852763776
10.4991208289004
9.95545923547351
10.0484174144142
10.7779953657224
10.870953544663
10.9639117236037
10.7385600163606
10.8315181953012
10.9244763742419
11.0174345531825
11.1103927321232
10.88504102488
10.9779992038207
10.7526474965775
10.5272957893344
10.9385638544588
10.0765923748481
9.85124066760498
9.94419884654563
10.0371570254863
10.7667349767945
9.9047634971838
9.99772167612445
10.0906798550651
9.86532814782196
10.913215985314
11.0061741642546
11.0991323431953
10.8737806359521
10.648428928709
10.7413871076497
10.8343452865903
10.927303465531
10.7019517582878
10.7949099372285
10.8878681161691
10.0258966365584
9.80054492931526
10.8484327668073
10.6230810595641
10.0794194661372
9.85406775889408
9.94702593783473
10.0399841167754
10.7695620680836
10.8625202470243
10.9554784259649
10.7301267187218
10.8230848976624
10.9160430766031
11.0090012555437
10.7836495483006
10.8766077272412
10.9695659061819
10.7442141989388
11.1554822640632
10.9301305568201
10.7047788495769
10.7977370285176
10.8906952074582
10.9836533863989
11.0766115653395
10.8512598580964
10.944218037037
11.0371762159777
11.1301343949183
9.94985302912383
10.0428112080645
10.7723891593727
9.91041767976199
10.958305517254
10.0963340376433
10.8259119889515
10.6005602817084
10.693518460649
11.1047865257735
10.8794348185303
10.972392997471
11.0653511764116
10.8399994691685
9.97802798955778
10.0709861684984
10.8005641198067
9.93859264019595
10.0315508191366
10.7611287704448
10.8540869493855
10.9470451283261
10.721693421083
11.1329614862074
10.9076097789643
11.000567957905
11.0935261368456
11.1864843157863
10.9611326085431
11.0540907874838
11.1470489664244
10.9216972591813
11.0146554381219
11.1076136170626
11.2005717960032
10.9752200887601
11.0681782677007
10.8428265604576
10.9357847393983
11.0287429183389
10.8033912110958
10.8963493900364
10.9893075689771
11.0822657479177
9.90198438212322
10.9498722196152
11.0428303985559
10.8174786913128
10.9104368702534
11.3217049353778
10.7780433419509
10.8710015208916
10.9639596998322
11.0569178787729
11.1498760577135
11.2428342366542
11.017482529411
11.1104407083517
11.2033988872923
11.296357066233
11.0710053589898
11.1639635379305
10.9386118306874
11.031570009628
11.1245281885687
10.8991764813255
10.9921346602662
11.0850928392068
11.1780510181475
11.2710091970881
11.045657489845
11.1386156687856
10.9132639615425
11.0062221404832
11.0991803194238
11.1921384983645
11.2850966773051
11.059744970062
11.1527031490026
9.97242178320811
10.0653799621488
11.1132677996408
9.93298643384627
10.0259446127869
11.0738324502789
11.1667906292196
11.2597488081602
11.0343971009171
10.809045393674
11.2203134587984
10.0400320930039
11.0879199304959
11.1808781094366
10.9555264021934
11.0484845811341
11.1414427600747
11.2344009390154
11.327359117956
11.1020074107129
11.1949655896536
11.2879237685942
11.0625720613511
11.1555302402917
10.9301785330486
10.7048268258054
10.7977850047461
10.8907431836867
10.9837013626274
10.7583496553843
11.1696177205087
11.2625758994494
11.0372241922062
11.1301823711469
11.2231405500875
11.3160987290282
11.090747021785
11.1837052007257
11.2766633796663
11.369621558607
11.4625797375476
11.2372280303045
11.3301862092451
11.4231443881858
11.1977926809427
11.2907508598833
11.0653991526402
11.1583573315808
11.2513155105215
11.0259638032783
11.4372318684028
11.2118801611596
11.3048383401003
11.3977965190409
11.4907546979816
11.2654029907384
11.0400512834953
11.133009462436
10.9076577551928
11.3189258203173
11.0935741130741
11.1865322920148
10.9611805847716
11.0541387637123
11.1470969426529
10.9217452354098
11.0147034143505
11.1076615932911
10.882309886048
10.0203384064372
11.3865361301131
11.4794943090537
9.98090305707541
10.0738612360161
11.4400589596919
11.2147072524487
11.3076654313894
11.40062361033
11.1752719030869
11.2682300820276
11.3611882609682
11.1358365537251
11.2287947326657
11.3217529116064
11.0964012043632
11.1893593833039
11.2823175622445
11.3752757411852
11.149924033942
10.9245723266989
11.3358403918234
11.428798570764
11.2034468635209
11.2964050424615
11.0710533352184
11.164011514159
11.2569696930997
11.3499278720403
11.442886050981
11.2175343437378
11.3104925226785
11.4034507016191
11.178098994376
11.2710571733167
11.3640153522573
11.456973531198
11.2316218239548
11.3245800028955
11.4175381818361
11.192186474593
11.6034545397174
10.1048632877391
11.4710610114149
11.2457093041718
11.3386674831125
11.4316256620531
11.5245838409938
11.2992321337506
11.3921903126913
11.4851484916319
11.2597967843888
11.3527549633294
11.4457131422701
11.5386713212107
11.3133196139676
11.4062777929082
11.4992359718489
11.5921941507896
11.3668424435464
11.1414907363033
11.5527588014277
10.0541675494494
11.4203652731252
11.1950135658821
11.2879717448227
11.3809299237634
11.1555782165203
11.2485363954609
11.3414945744016
11.4344527533422
11.5274109322829
11.3020592250397
11.3950174039804
11.487975582921
11.5809337618617
11.6738919408023
11.766850119743
11.5414984124998
11.6344565914405
11.4091048841973
11.502063063138
11.2767113558949
11.0513596486517
11.4626277137762
11.237276006533
11.3302341854737
11.4231923644143
11.516150543355
11.6091087222956
11.3837570150525
11.4767151939931
11.5696733729338
11.3443216656906
11.4372798446313
11.5302380235719
11.6231962025126
11.7161543814533
11.4908026742101
11.5837608531508
11.3584091459076
11.7696772110321
11.2260156176051
11.3189737965458
11.4119319754864
11.5048901544271
11.5978483333677
11.6908065123084
11.4654548050652
11.5584129840059
11.6513711629466
11.7443293418872
11.8372875208279
11.6119358135847
11.7048939925254
11.4795422852822
11.5725004642229
11.6654586431635
11.7584168221042
11.533065114861
11.3077134076179
11.7189814727423
11.4936297654992
11.2682780582561
11.3612362371967
11.4541944161374
11.8654624812618
11.6401107740187
11.7330689529593
11.5077172457162
11.6006754246568
11.6936336035975
11.7865917825381
11.561240075295
11.6541982542357
11.7471564331763
11.840114612117
11.6147629048738
11.7077210838145
11.8006792627551
11.575327555512
11.9865956206364
11.4429340272095
11.5358922061501
11.310540498907
11.4034986778477
11.8147667429721
11.9077249219127
11.6823732146696
11.7753313936103
11.5499796863671
11.6429378653078
11.7358960442484
11.8288542231891
11.6035025159459
11.6964606948866
11.7894188738272
11.5640671665841
11.6570253455248
11.7499835244654
11.5246318172223
11.9358998823467
11.7105481751036
11.8035063540442
11.5781546468011
11.6711128257417
11.7640710046824
11.5387192974392
11.6316774763799
11.4063257691368
11.4992839480774
11.5922421270181
11.6852003059587
11.7781584848994
11.5528067776562
11.6457649565969
11.7387231355375
11.8316813144782
11.9246394934188
11.6992877861757
11.4739360789325
11.885204144057
11.6598524368138
11.7528106157545
11.5274589085114
11.620417087452
11.7133752663927
11.8063334453333
11.5809817380902
11.6739399170308
11.4485882097877
11.5415463887283
11.634504567669
11.7274627466096
11.8204209255503
11.5950692183071
11.6880273972478
11.7809855761884
11.5556338689453
11.648592047886
11.7415502268266
11.8345084057673
11.6091566985241
11.7021148774648
11.4767631702216
11.5697213491623
11.6626795281029
11.7556377070436
11.8485958859842
11.6232441787411
11.7162023576818
11.8091605366224
11.9021187155631
11.9950768945037
11.7697251872606
11.8626833662012
11.6373316589581
11.7302898378987
11.8232480168394
11.91620619578
11.6908544885369
12.1021225536613
11.8767708464182
11.9697290253589
12.0626872042995
11.8373354970564
11.6119837898132
11.7049419687539
11.7979001476945
11.8908583266352
11.665506619392
11.7584647983327
11.8514229772733
11.944381156214
12.0373393351546
11.8119876279115
11.9049458068522
11.9979039857928
11.7725522785497
11.8655104574903
11.6401587502472
12.0514268153716
11.8260751081285
11.9190332870691
12.0119914660098
11.7866397587666
11.8795979377073
11.9725561166479
11.7472044094048
11.8401625883455
11.6148108811023
11.707769060043
11.8007272389836
11.8936854179243
11.9866435968649
11.7612918896218
11.5359401823786
11.9472082475031
12.0401664264437
11.8148147192006
11.5894630119575
12.0007310770819
11.7753793698388
11.8683375487794
11.9612957277201
12.0542539066607
11.8289021994176
11.9218603783582
12.0148185572989
12.1077767362395
11.8824250289964
11.975383207937
12.0683413868777
12.1612995658183
11.9359478585752
12.0289060375159
11.8035543302727
11.8965125092134
11.989470688154
12.0824288670947
11.8570771598515
12.268345224976
12.0429935177328
11.8176418104897
11.9105999894303
12.003558168371
11.7782064611279
11.8711646400685
12.2824327051929
12.0570809979498
11.8317292907067
11.9246874696473
12.017645648588
12.1106038275286
12.2035620064693
11.9782102992261
11.752858591983
11.8458167709236
11.9387749498643
12.031733128805
11.8063814215618
12.2176494866863
11.9922977794431
11.7669460722
11.8599042511406
11.9528624300813
12.0458206090219
11.8204689017788
11.9134270807194
12.0063852596601
11.781033552417
11.8739917313576
11.9669499102983
12.0599080892389
12.1528662681796
11.9275145609364
11.7021628536933
12.1134309188177
12.2063890977584
12.299347276699
12.0739955694559
12.4852636345803
11.9416020411534
12.034560220094
12.1275183990347
11.9021666917916
11.9951248707322
12.0880830496729
12.1810412286135
11.9556895213704
12.048647700311
12.1416058792517
12.2345640581923
12.0092123509492
12.1021705298898
11.8768188226467
11.9697770015874
12.062735180528
12.1556933594687
12.2486515384093
12.0232998311662
12.4345678962906
11.8909063028637
11.9838644818043
12.076822660745
11.8514709535018
11.9444291324425
12.0373873113831
12.1303454903238
12.2233036692644
11.9979519620213
12.090910140962
12.1838683199026
12.2768264988433
12.0514747916001
11.826123084357
12.2373911494814
12.0120394422383
12.1049976211789
12.1979558001196
11.9726040928764
12.3838721580009
11.840210564574
11.9331687435146
12.0261269224553
12.1190851013959
12.2120432803366
12.3050014592772
12.0796497520341
12.1726079309747
12.2655661099154
12.0402144026722
12.4514824677967
12.2261307605535
12.0007790533104
12.0937372322511
12.1866954111917
12.2796535901324
12.372611769073
12.1472600618299
12.2402182407705
12.3331764197112
12.107824712468
12.2007828914087
11.9754311841655
12.0683893631062
12.1613475420468
12.2543057209875
12.3472638999281
12.121912192685
12.2148703716257
12.3078285505663
12.0824768433232
12.1754350222638
12.2683932012045
12.3613513801451
12.135999672902
12.2289578518426
12.3219160307833
12.0965643235402
11.871212616297
12.2824806814215
12.0571289741783
12.150087153119
12.2430453320596
12.3360035110003
12.1106518037571
12.2036099826978
12.2965681616384
12.0712164543953
12.1641746333359
11.9388229260928
12.0317811050335
12.1247392839741
12.2176974629148
11.9923457556716
12.0853039346123
12.1782621135529
12.2712202924936
12.0458685852504
12.1388267641911
12.5500948293155
12.0064332358886
12.0993914148293
12.1923495937699
12.2853077727106
12.3782659516512
12.4712241305919
12.2458724233487
12.3388306022894
12.1134788950462
12.2064370739869
12.2993952529275
12.0740435456844
12.167001724625
12.2599599035657
12.0346081963226
12.1275663752632
12.2205245542039
12.3134827331445
12.0881310259014
12.4993990910258
11.9557374975989
12.0486956765395
12.1416538554802
12.2346120344208
12.0092603271777
12.1022185061183
12.195176685059
11.9698249778159
12.0627831567565
12.1557413356972
11.930389628454
12.0233478073947
12.1163059863353
12.209264165276
12.3022223442166
12.3951805231573
12.1698288159141
12.2627869948548
12.0374352876117
12.4487033527361
11.9050417593092
11.9979999382498
12.0909581171905
12.1839162961311
12.2768744750718
12.0515227678286
12.1444809467693
11.9191292395261
12.0120874184668
12.1050455974074
11.8796938901643
11.972652069105
12.0656102480456
12.1585684269863
12.2515266059269
12.0261748986838
12.1191330776244
12.2120912565651
11.9867395493219
12.3980076144464
11.8543460210194
11.9473041999601
12.0402623789007
12.1332205578414
11.9078688505983
12.0008270295389
12.0937852084796
12.1867433874202
12.2797015663609
12.0543498591177
12.1473080380584
12.240266216999
12.3332243959397
12.4261825748803
12.519140753821
12.2937890465778
12.3867472255185
12.1613955182754
11.9360438110322
12.3473118761567
11.8036502827297
12.2149183478542
11.989566640611
12.0825248195517
12.1754829984923
12.268441177433
12.0430894701898
12.1360476491305
12.2290058280712
12.003654120828
12.0966122997687
12.1895704787093
11.9642187714662
12.0571769504068
12.1501351293475
11.9247834221043
12.017741601045
12.1106997799856
11.8853480727425
12.2966161378669
11.75295454444
12.1642226095645
11.9388709023213
12.031829081262
11.8064773740188
11.8994355529595
11.9923937319001
12.0853519108408
12.1783100897814
11.9529583825383
12.0459165614789
12.1388747404196
12.2318329193603
12.3247910983009
12.0994393910578
12.1923975699984
11.9670458627553
12.0600040416959
11.8346523344528
12.2459203995772
11.7022588061503
12.1135268712747
12.2064850502154
11.9811333429723
12.0740915219129
12.1670497008536
12.2600078797942
12.3529660587349
12.1276143514917
11.9022626442486
11.9952208231892
12.0881790021299
12.1811371810705
11.9557854738274
12.048743652768
12.1417018317087
11.9163501244656
12.0093083034062
12.1022664823469
12.1952246612875
11.9698729540444
12.062831132985
11.8374794257419
11.9304376046825
12.0233957836232
11.79804407638
11.8910022553207
11.9839604342613
12.076918613202
12.1698767921427
11.9445250848995
12.0374832638402
12.1304414427808
12.2233996217215
11.9980479144783
12.091006093419
11.8656543861758
11.9586125651165
11.7332608578733
12.1445289229978
11.9191772157547
12.0121353946953
12.105093573636
11.8797418663928
11.6543901591497
11.7473483380903
11.840306517031
11.9332646959716
11.7079129887285
11.8008711676691
11.575519460426
11.6684776393667
11.7614358183073
11.854393997248
11.9473521761886
11.7220004689455
11.8149586478861
11.9079168268268
11.6825651195836
12.0938331847081
11.5501715912812
11.9614396564056
11.7360879491625
11.8290461281031
11.9220043070438
12.0149624859844
11.7896107787413
11.8825689576819
11.6572172504388
11.7501754293794
11.8431336083201
11.9360917872607
12.0290499662014
12.122008145142
11.8966564378989
11.9896146168395
11.7642629095964
11.8572210885371
11.6318693812939
12.0431374464184
11.4994758529914
11.9107439181159
11.6853922108727
11.7783503898134
11.871308568754
11.6459568615109
11.7389150404515
11.8318732193922
11.9248313983328
11.6994796910897
11.7924378700304
11.885396048971
11.9783542279117
12.0713124068523
11.8459606996092
11.9389188785498
11.7135671713067
11.8065253502473
11.5811736430042
11.9924417081286
11.4487801147017
11.5417382936424
11.634696472583
11.7276546515237
11.8206128304643
11.5952611232212
11.6882193021618
11.7811774811025
11.8741356600431
11.6487839528
11.7417421317406
11.8347003106813
11.9276584896219
12.0206166685626
11.7952649613195
11.5699132540763
11.662871433017
11.7558296119576
11.5304779047145
11.9417459698389
11.398084376412
11.8093524415364
11.5840007342933
11.6769589132339
11.7699170921746
11.5445653849315
11.6375235638721
11.7304817428128
11.8234399217534
11.5980882145103
11.6910463934509
11.7840045723916
11.8769627513322
11.9699209302729
12.0628791092135
11.8375274019704
11.930485580911
11.7051338736679
11.7980920526085
11.8910502315492
11.3473886381223
11.7586567032467
11.8516148821874
11.6262631749442
11.7192213538849
11.8121795328255
11.9051377117662
11.679786004523
11.7727441834637
11.5473924762206
11.6403506551612
11.7333088341019
11.8262670130425
11.9192251919832
11.69387348474
11.7868316636807
11.5614799564375
11.6544381353782
11.7473963143188
11.8403544932595
11.6150027860163
11.707960964957
11.8009191438976
11.8938773228383
11.6685256155952
11.443173908352
11.5361320872927
11.6290902662333
11.722048445174
11.4966967379308
11.5896549168715
11.6826130958121
11.7755712747528
11.8685294536934
11.6431777464503
11.736135925391
11.5107842181478
11.6037423970885
11.3783906898453
12.1079686411536
11.5643070477266
11.6572652266673
11.7502234056079
11.5248716983648
11.6178298773054
11.3924781700623
11.485436349003
11.5783945279436
11.6713527068843
11.7643108858249
11.8572690647656
11.6319173575224
11.7248755364631
11.8178337154037
11.9107918943444
11.6854401871012
11.7783983660419
11.8713565449825
11.6460048377394
12.0572729028638
11.5136113094369
11.6065694883776
11.6995276673182
11.7924858462589
11.5671341390157
11.6600923179564
11.753050496897
11.8460086758377
11.6206569685945
11.7136151475352
11.8065733264758
11.5812216192327
11.6741797981734
11.4488280909302
11.5417862698709
11.6347444488115
11.7277026277522
11.502350920509
11.5953090994497
12.0065771645741
11.4629155711472
11.5558737500878
11.3305220428447
11.4234802217854
11.516438400726
11.6093965796667
11.3840448724235
11.4770030513642
11.5699612303048
11.6629194092455
11.7558775881861
11.530525880943
11.6234840598836
11.7164422388243
11.4910905315811
11.5840487105218
11.6770068894624
11.4516551822193
11.54461336116
11.6375715401006
11.4122198328575
11.1868681256143
11.279826304555
11.3727844834956
11.4657426624363
11.5587008413769
11.3333491341338
11.4263073130745
11.5192654920151
11.6122236709558
11.7051818498964
11.4798301426533
11.5727883215939
11.6657465005346
11.7587046794752
11.8516628584159
11.6263111511727
11.7192693301134
11.4939176228702
11.9051856879947
11.6798339807516
11.7727921596922
11.5474404524491
11.3220887452059
11.4150469241466
11.5080051030872
11.6009632820279
11.3756115747847
11.7868796399092
11.561527932666
11.6544861116067
11.4291344043636
11.5220925833042
11.2967408760611
11.3896990550017
11.4826572339424
11.575615412883
11.3502637056399
11.4432218845805
11.5361800635212
11.310828356278
11.4037865352187
11.1784348279756
11.2713930069162
11.3643511858569
11.4573093647975
11.5502675437382
10.0516762917599
11.4178740154357
11.5108321943763
11.2854804871332
11.3784386660738
11.4713968450145
11.2460451377713
11.339003316712
11.4319614956527
11.5249196745933
11.617877853534
11.3925261462908
11.8037942114153
11.2601326179883
11.353090796929
11.4460489758696
11.5390071548103
11.3136554475671
11.4066136265078
11.4995718054484
11.2742200982053
11.367178277146
11.1418265699028
11.2347847488435
11.3277429277841
11.4207011067248
11.5136592856654
11.2883075784223
11.3812657573629
11.4742239363036
11.5671821152442
11.3418304080011
11.7530984731255
11.2094368796986
11.3023950586393
11.3953532375799
11.4883114165206
11.5812695954612
11.3559178882181
11.4488760671587
11.5418342460994
11.63479242504
11.4094407177969
11.5023988967375
11.5953570756782
11.3700053684351
11.4629635473757
11.2376118401326
11.3305700190732
11.4235281980139
11.5164863769545
11.6094445558952
11.7024027348358
11.1587411414089
11.2516993203496
11.3446574992902
11.4376156782309
11.5305738571715
11.3052221499284
11.0798704426852
11.1728286216259
11.2657868005665
11.3587449795072
11.133393272264
11.2263514512047
11.3193096301453
11.412267809086
11.1869161018429
11.2798742807835
11.0545225735404
11.147480752481
11.2404389314217
11.6517069965461
11.426355289303
11.2010035820598
11.6122716471843
11.3869199399411
11.4798781188818
11.2545264116386
11.3474845905793
11.1221328833362
11.2150910622768
11.3080492412175
11.4010074201581
11.175655712915
11.2686138918556
11.3615720707963
11.4545302497369
11.5474884286776
11.3221367214344
11.4150949003751
11.189743193132
11.6010112582564
11.3756595510133
11.4686177299539
11.2432660227108
11.3362242016514
11.4291823805921
11.2038306733489
11.2967888522896
11.3897470312302
11.1643953239871
11.2573535029277
11.3503116818684
11.443269860809
11.5362280397497
11.3108763325066
11.4038345114472
11.4967926903879
11.5897508693285
11.3643991620854
11.1390474548422
11.5503155199667
11.0066539265397
11.4179219916642
11.5108801706048
11.2855284633617
11.0601767561186
11.1531349350592
11.2460931139999
11.0207414067567
11.1136995856974
10.8883478784542
11.2996159435787
11.0742642363355
11.1672224152762
11.2601805942168
11.0348288869737
11.1277870659144
11.220745244855
11.3137034237957
10.7700418303687
11.499619781677
10.95595818825
11.0489163671907
11.1418745461313
11.234832725072
11.0094810178288
11.1024391967695
11.1953973757101
11.2883555546508
11.3813137335914
11.1559620263483
10.9306103191052
11.0235684980458
11.1165266769865
11.2094848559271
10.984133148684
11.0770913276246
11.1700495065653
10.9446977993221
11.0376559782628
11.4489240433872
10.9052624499603
10.998220628901
11.0911788078416
11.1841369867823
11.2770951657229
11.0517434584798
11.1447016374204
9.96442027162591
10.0573784505666
11.4235761742424
11.1982244669992
11.2911826459399
11.3841408248805
11.1587891176374
11.2517472965781
10.0714659307835
11.1193537682756
11.2123119472162
10.9869602399731
11.3982283050975
11.1728765978544
10.9475248906112
11.0404830695519
11.1334412484925
11.2263994274332
11.00104772019
11.0940058991307
11.1869640780714
11.279922257012
11.0545705497689
11.1475287287095
10.9221770214664
11.015135200407
10.7897834931639
11.2010515582883
10.9756998510452
11.0686580299858
9.88837666419134
10.9362645016834
11.3475325668078
10.8038709733809
11.2151390385053
10.9897873312622
11.0827455102028
11.1757036891435
11.2686618680841
11.043310160841
11.1362683397816
11.2292265187223
11.3221846976629
11.0968329904198
11.1897911693605
11.2827493483011
11.057397641058
9.87711627526346
11.2433139989393
10.0630326331448
11.1109204706368
10.8855687633936
11.2968368285181
10.7531752350912
11.1644433002156
11.2574014791562
11.0320497719131
11.1250079508538
11.2179661297944
11.3109243087351
11.4038824876757
11.1785307804326
11.2714889593732
10.0912075935787
11.1390954310707
10.9137437238276
11.0067019027683
11.0996600817089
10.8743083744658
10.9672665534064
10.1052950737957
11.1531829112877
11.2461410902284
10.0658597244339
11.1137475619259
11.2067057408665
11.2996639198072
11.3926220987478
11.1672703915047
11.2602285704453
11.353186749386
11.1278350421429
11.2207932210835
11.3137514000242
11.088399692781
10.8630479855379
10.9560061644785
11.0489643434192
10.823612636176
9.96164115656533
10.054599335506
10.7841772868142
11.1954453519387
10.0151639861441
10.7447419374524
10.837700116393
10.9306582953337
11.0236164742743
11.116574653215
10.8912229459718
10.6658712387287
10.7588294176693
11.1700974827938
10.9447457755507
11.0377039544913
11.130662133432
10.9053104261888
10.9982686051295
10.7729168978863
10.865875076827
10.9588332557676
10.7334815485245
11.1447496136489
10.9193979064058
11.0123560853464
11.1053142642871
10.879962557044
10.9729207359846
11.0658789149253
11.1588370938659
11.2517952728066
11.0264435655634
11.1194017445041
10.8940500372609
10.9870082162016
11.0799663951422
11.1729245740829
10.9475728668397
11.0405310457804
11.1334892247211
10.9081375174779
10.0461660378672
11.0940538753592
9.9137725095647
10.9616603470567
11.0546185259974
11.147576704938
9.96729533914352
10.0602535180842
11.1081413555762
11.2010995345168
11.2940577134575
11.0687060062144
10.8433542989712
10.9363124779119
11.0292706568525
11.1222288357932
10.89687712855
10.9898353074907
10.7644836002475
10.8574417791882
10.9503999581288
11.0433581370695
10.8180064298264
10.5926547225832
10.6856129015239
10.7785710804645
10.8715292594052
10.0095577797945
10.1025159587351
9.87716425149196
9.97012243043261
10.6997003817408
10.7926585606815
10.5673068534384
10.660265032379
10.4349133251359
10.5278715040765
10.939139569201
11.0320977481416
10.8067460408985
10.8997042198391
11.3109722849636
9.81238103298526
10.8602688704773
10.9532270494179
11.0461852283586
10.8208335211154
10.9137917000561
11.0067498789967
10.7813981717536
10.8743563506943
10.6490046434511
10.7419628223918
10.8349210013324
10.6095692940893
10.7025274730299
10.7954856519706
10.8884438309112
10.9814020098519
11.0743601887925
10.8490084815494
11.2602765466738
10.0799951808793
10.8095731321876
9.94760165257685
10.0405598315175
9.81520812427436
9.90816630321501
10.0011244821557
10.7307024334639
10.8236606124045
10.9166187913452
10.0546473117345
9.82929560449134
10.8771834419834
10.970141620924
11.0630997998647
10.8377480926215
10.9307062715622
10.705354564319
10.7983127432597
11.2095808083841
10.984229101141
11.0771872800816
10.8518355728385
10.9447937517792
11.0377519307198
9.85747056492529
9.95042874386594
10.0433869228066
9.81803521556345
10.8659230530555
10.9588812319961
10.733529524753
10.5081778175098
10.6011359964505
10.6940941753912
10.7870523543318
10.8800105332725
10.6546588260293
10.74761700497
11.1588850700944
9.9786037042999
10.0715618832405
10.8011398345488
9.93916835493806
10.0321265338787
10.7617044851869
10.8546626641276
10.6293109568845
10.0856493634575
10.8152273147658
9.95325583515503
10.0462140140957
9.82086230685255
10.8687501443446
10.9617083232852
10.7363566160421
11.1476246811665
10.9222729739234
11.015231152864
11.1081893318047
9.92790796601018
10.0208661449508
9.79551443770769
9.88847261664834
9.98143079558899
10.0743889745296
9.8490372672865
9.94199544622715
10.0349536251678
9.80960191792466
10.8574897554167
10.6321380481736
10.0884764547466
10.8180544060549
9.95608292644414
10.0490411053848
9.82368939814165
9.9166475770823
10.9645354145743
11.057493593515
10.8321418862718
10.9251000652125
10.0631285856018
10.79270653691
10.5673548296669
10.6603130086075
10.7532711875482
10.8462293664888
10.6208776592457
10.7138358381863
10.4884841309432
10.5814423098838
10.0377807164569
10.4490487815814
10.542006960522
10.6349651394627
10.7279233184033
10.5025716111602
10.5955297901008
10.6884879690415
9.82651648943075
10.556094440739
10.6490526196796
10.7420107986203
10.5166590913771
9.97299749795021
10.3842655630747
10.4772237420153
10.570181920956
10.6631400998966
10.4377883926535
10.5307465715941
9.98708497816719
10.0800431571078
9.8546914498647
9.94764962880535
10.040607807746
9.81525610050287
10.8631439379949
10.0011724583842
10.0941306373248
9.86877893008168
9.96173710902233
10.054695287963
10.7842732392712
10.5589215320281
10.6518797109687
10.7448378899094
10.5194861826662
10.6124443616069
10.7054025405475
10.7983607194882
10.8913188984288
10.6659671911857
10.7589253701264
10.851883549067
10.6265318418239
10.0828702483969
10.4941383135214
9.95047672009445
10.0434348990351
9.81808319179196
9.91104137073261
10.0039995496733
10.0969577286139
9.87160602137078
9.96456420031143
10.0575223792521
10.4687904443765
10.5617486233172
10.336396916074
10.1110452088309
9.88569350158775
9.9786516805284
10.7082296318366
10.8011878107773
10.5758361035341
10.6687942824748
10.4434425752317
10.8547106403561
9.99273916074538
10.085697339686
10.4969654048105
10.5899235837511
10.0462619903242
10.1392201692648
9.91386846202171
10.3251365271461
10.4180947060868
10.5110528850274
10.6040110639681
10.378659356725
10.4716175356656
10.5645757146063
10.6575338935469
10.4321821863038
9.88852059287685
9.9814787718175
10.3927468369419
9.84908524351501
9.94204342245566
10.0350016013963
9.80964989415317
9.90260807309382
9.99556625203448
10.0885244309751
9.86317272373199
9.95613090267264
10.0490890816133
10.4603571467377
10.5533153256784
10.646273504619
10.7392316835597
10.5138799763165
9.97021838288961
10.0631765618303
9.83782485458712
9.93078303352777
10.0237412124684
9.79838950522529
9.89134768416594
9.98430586310659
10.0772640420472
9.8519123348041
9.94487051374476
10.0378286926854
9.81247698544226
10.5420549367505
10.6350131156911
10.7279712946318
9.86599981502108
9.95895799396173
10.0519161729024
9.82656446565925
9.9195226445999
10.0124808235405
10.7420587748488
10.5167070676056
10.2913553603625
10.7026234254869
10.4772717182438
10.5702298971845
10.3448781899413
10.437836368882
9.89417477545504
9.98713295439569
10.0800911333363
9.8547394260932
9.94769760503385
10.0406557839745
9.81530407673137
9.90826225567202
10.0012204346127
10.0941786135533
9.86882690631018
9.96178508525083
10.0547432641915
9.82939155694834
9.92234973588899
10.0153079148296
10.1082660937703
9.88291438652715
10.2941824516516
10.0688307444085
10.4800988095329
9.93643721610596
10.0293953950466
10.4406634601711
9.89700186674412
9.98996004568478
10.0829182246254
9.85756651738229
9.95052469632294
10.3617927614474
10.454750940388
9.9110893469611
10.0040475259018
10.0970057048424
10.5082737699668
9.96461217653991
10.0575703554806
10.468838420605
10.2434867133619
10.0181350061187
10.1110931850594
10.5223612501838
10.6153194291245
10.0716578356975
9.8463061284544
10.5758840797626
10.0322224863357
9.80687077909257
9.89982895803322
9.99278713697387
10.0857453159145
9.86039360867138
9.95335178761203
10.0463099665527
10.4575780316771
9.91391643825019
10.0068746171908
10.0998327961315
10.5111008612559
9.96743926782901
10.3787073329535
9.83504573952652
9.92800391846717
10.0209620974078
9.79561039016469
9.88856856910534
9.98152674804599
10.0744849269866
9.8491332197435
9.94209139868415
10.0350495776248
9.80969787038166
10.2209659355061
10.3139241144468
10.4068822933874
9.86322069996048
9.95617887890113
10.0491370578418
9.82378535059864
9.91674352953929
10.0097017084799
10.4209697736044
10.1956180663612
10.2885762453019
10.3815344242426
10.1561827169994
10.2491408959401
10.3420990748807
10.4350572538214
10.2097055465782
10.3026637255189
10.3956219044595
10.1702701972164
9.94491848997325
10.3561865550977
9.81252496167076
9.90548314061142
9.99844131955207
10.0913994984927
9.86604779124958
9.95900597019023
10.0519641491309
9.82661244188774
9.91957062082839
10.012528799769
10.1054869787097
9.88013527146655
9.9730934504072
10.0660516293479
9.84069992210472
9.93365810104537
10.026616279986
9.80126457274288
9.89422275168353
10.305490816808
10.0801391095648
9.85478740232169
9.94774558126234
10.040703760203
9.81535205295985
9.9083102319005
10.0012684108412
10.0942265897818
9.86887488253867
9.96183306147932
10.05479124042
9.82943953317683
9.92239771211748
10.3336657772419
10.1083140699988
9.88296236275564
9.97592054169629
9.75056883445315
9.84352701339381
10.2547950785182
10.0294433712751
9.80409166403197
9.89704984297262
9.99000802191327
10.0829662008539
9.85761449361078
9.95057267255143
9.72522096530829
10.1364890304327
10.2294472093734
10.322405388314
10.4153635672547
10.1900118600115
10.2829700389522
10.3759282178928
10.1505765106497
10.2435346895904
10.0181829823472
10.1111411612879
9.88578945404473
9.97874763298538
9.75339592574224
9.84635410468289
9.93931228362354
10.0322704625642
9.80691875532105
9.8998769342617
9.99283511320236
10.085793292143
9.86044158489987
9.95339976384052
10.0463579427812
9.82100623553803
9.91396441447868
10.0069225934193
10.09988077236
9.87452906511684
9.96748724405749
10.0604454229981
10.1534036019388
9.92805189469566
10.0210100736363
9.79565836639317
9.88861654533382
9.98157472427447
10.0745329032151
10.1674910821558
10.2604492610964
10.0350975538533
9.80974584661015
9.9027040255508
9.99566220449145
10.0886203834321
9.86326867618896
9.95622685512961
10.0491850340703
9.82383332682712
9.91679150576777
10.0097496847084
10.1027078636491
9.87735615640593
9.97031433534658
10.0632725142872
9.83792080704409
9.93087898598475
10.0238371649254
9.79848545768226
9.89144363662291
9.98440181556356
10.0773599945042
9.85200828726107
9.94496646620172
9.71961475895858
9.81257293789923
9.90553111683988
9.68017940959674
9.77313758853739
9.86609576747804
9.6407440602349
9.73370223917555
9.8266604181162
9.91961859705685
9.69426688981371
9.78722506875436
9.88018324769502
9.65483154045187
9.74778971939253
9.84074789833318
9.93370607727383
10.0266642562145
9.80131254897134
9.89427072791199
9.98722890685264
10.0801870857933
9.85483537855016
9.94779355749081
9.72244185024767
9.81540002918832
9.59004832194518
10.3196262732534
10.0942745660103
9.55061297258334
9.64357115152399
9.73652933046464
9.82948750940529
9.60413580216215
9.6970939811028
9.79005216004345
9.88301033898411
9.97596851792476
9.91963059111397
9.86329266430318
9.8069547374924
9.75061681068162
9.78780008225788
9.82498335383413
9.8621666254104
9.89934989698666
9.93653316856292
9.91761980737685
9.89870644619078
9.87979308500471
9.86087972381864
9.84196636263257
9.8230530014465
9.80413964026043
9.77766093459993
9.75118222893943
9.72470352327893
9.69822481761844
9.67174611195794
9.77456312823905
9.87738014452016
9.98019716080127
10.0830141770824
9.85766246983924
9.96047948612035
10.0632965024015
10.1661135186826
10.2689305349637
10.0435788277205
9.8182271204774
9.91118529941805
10.0041434783587
9.77879177111557
9.55344006387243
9.64639824281308
9.73935642175373
9.83231460069438
9.60696289345124
9.69992107239189
9.79287925133254
9.88583743027319
9.66048572303005
9.7534439019707
9.52809219472756
9.62105037366821
9.71400855260887
9.80696673154952
9.89992491049017
9.99288308943082
9.76753138218768
9.86048956112833
9.63513785388519
9.72809603282584
9.82105421176649
9.91401239070714
10.0069705696478
9.78161886240465
10.1928869275291
9.64922533410217
9.74218351304282
9.83514169198347
9.60978998474033
9.70274816368098
9.79570634262163
9.88866452156228
9.98162270050293
9.75627099325979
9.84922917220044
9.9421873511411
9.71683564389796
9.80979382283861
9.90275200177926
9.67740029453612
9.45204858729298
9.54500676623363
9.63796494517428
9.73092312411493
9.82388130305558
9.59852959581244
9.69148777475309
9.46613606750995
9.5590942464506
9.65205242539126
9.42670071814812
9.83796878327256
9.93092696221321
9.70557525497007
10.1168433200945
9.89149161285137
9.98444979179202
9.75909808454888
9.85205626348953
9.94501444243019
9.71966273518705
9.8126209141277
9.90557909306835
9.998537272009
9.77318556476586
9.86614374370651
9.64079203646337
9.73375021540402
9.82670839434467
9.91966657328532
9.69431486604218
9.78727304498283
9.88023122392349
9.65487951668035
9.747837695621
9.52248598837786
9.29713428113472
9.39009246007537
9.48305063901602
9.57600881795667
9.66896699689732
9.44361528965418
9.53657346859483
9.31122176135169
9.40417994029235
9.497138119233
9.59009629817365
9.6830544771143
9.77601265605495
9.55066094881181
9.64361912775246
9.41826742050932
9.51122559944997
9.60418377839062
9.69714195733127
9.79010013627192
9.56474842902879
9.65770660796944
9.75066478691009
9.52531307966695
9.6182712586076
9.71122943754825
9.48587773030511
9.57883590924576
9.67179408818641
9.76475226712706
9.53940055988392
9.63235873882457
9.72531691776522
9.81827509670588
9.59292338946274
9.68588156840339
9.77883974734404
9.5534880401009
9.64644621904155
9.7394043979822
9.51405269073906
9.60701086967971
9.69996904862036
9.79292722756101
9.56757552031787
9.66053369925852
9.75349187819917
9.84645005713983
9.62109834989669
9.71405652883734
9.80701470777799
9.58166300053485
9.6746211794755
9.76757935841615
9.8605375373568
9.63518583011366
9.72814400905431
9.50279230181117
9.91406036693562
9.68870865969248
9.78166683863313
9.55631513138999
9.64927331033064
9.74223148927129
9.51687978202815
9.6098379609688
9.70279613990945
9.47744443266631
9.57040261160696
9.66336079054762
9.43800908330448
9.53096726224513
9.62392544118578
9.39857373394264
9.49153191288329
9.26618020564015
9.3591383845808
9.45209656352145
10.1816745148297
9.31970303521896
9.09435132797582
9.18730950691647
9.28026768585712
9.37322586479777
9.46618404373843
9.55914222267908
9.33379051543594
9.42674869437659
9.51970687331724
9.61266505225789
9.70562323119854
9.4802715239554
9.57322970289605
9.34787799565291
9.44083617459356
9.53379435353421
9.62675253247486
9.40140082523172
9.81266889035616
9.58731718311302
9.36196547586989
9.45492365481054
9.54788183375119
9.32253012650805
9.4154883054487
9.50844648438935
9.60140466333
9.69436284227065
9.7873210212113
9.56196931396816
9.65492749290881
9.42957578566567
9.52253396460632
9.61549214354697
9.39014043630383
9.48309861524448
9.25774690800134
9.35070508694199
10.398592924434
9.21831155863951
9.31126973758016
9.40422791652081
9.49718609546146
9.27183438821832
9.36479256715897
9.45775074609962
9.55070892504027
9.64366710398092
9.73662528292158
9.51127357567844
9.60423175461909
9.69718993355974
9.4718382263166
9.56479640525725
9.6577545841979
9.43240287695476
9.52536105589541
9.30000934865227
9.71127741377671
9.48592570653357
9.26057399929043
9.35353217823108
9.44649035717173
9.53944853611239
9.31409682886925
9.4070550078099
9.50001318675055
9.27466147950741
9.36761965844806
9.14226795120492
9.23522613014557
9.32818430908622
9.42114248802687
9.51410066696752
9.28874895972439
9.38170713866504
9.1563554314219
9.24931361036255
10.2972014478546
9.11692008206006
9.20987826100071
9.30283643994136
9.07748473269822
9.17044291163887
9.26340109057952
9.35635926952017
9.44931744846082
9.22396574121768
9.31692392015833
9.40988209909898
9.50284027803964
9.2774885707965
9.37044674973715
9.4634049286778
9.23805322143466
9.33101140037531
9.42396957931596
9.19861787207282
9.60988593719726
9.38453422995412
9.47749240889478
9.57045058783543
9.34509888059229
9.43805705953294
9.53101523847359
9.62397341741424
9.3986217101711
9.49157988911175
9.5845380680524
9.67749624699305
9.45214453974991
9.54510271869056
9.63806089763121
9.41270919038807
9.50566736932873
9.28031566208559
9.37327384102624
9.1479221337831
9.24088031272375
9.3338384916644
9.10848678442126
9.5197548495457
9.29440314230256
9.38736132124321
9.48031950018387
9.25496779294073
9.34792597188138
9.44088415082203
9.21553244357889
9.30849062251954
9.40144880146019
9.17609709421705
9.2690552731577
9.36201345209835
9.454971631039
9.22961992379586
9.32257810273651
9.09722639549337
9.50849446061781
9.28314275337467
9.37610093231532
9.46905911125597
9.24370740401284
9.0183556967697
9.11131387571035
9.204272054651
9.29723023359165
9.3901884125323
9.16483670528916
9.25779488422981
9.03244317698667
9.12540135592733
9.21835953486798
9.31131771380863
9.08596600656549
9.17892418550614
9.27188236444679
9.04653065720365
9.1394888361443
9.23244701508495
9.3254051940256
9.41836337296626
9.19301166572312
9.28596984466377
9.06061813742063
9.15357631636128
9.24653449530193
9.33949267424258
9.43245085318323
9.20709914594009
9.30005732488074
9.0747056176376
9.16766379657826
9.26062197551891
9.35358015445956
9.12822844721642
9.22118662615707
9.31414480509772
9.72541287022216
9.50006116297902
9.27470945573588
9.36766763467654
9.1423159274334
9.23527410637405
9.3282322853147
9.42119046425535
9.514148643196
9.28879693595286
9.38175511489351
9.15640340765037
9.24936158659102
9.34231976553167
9.11696805828853
9.20992623722919
8.98457452998604
9.07753270892669
9.17049088786735
8.9451391806242
9.35640724574865
9.13105553850551
9.22401371744616
8.99866201020302
9.09162018914367
9.18457836808432
9.27753654702497
9.05218483978183
9.14514301872248
9.23810119766313
9.01274949041999
9.10570766936064
9.19866584830129
9.29162402724195
9.06627231999881
9.15923049893946
9.25218867788011
9.02683697063697
9.11979514957762
8.89444344233448
8.98740162127513
8.762049914032
8.85500809297265
8.9479662719133
9.04092445085395
9.1338826297946
8.90853092255146
9.00148910149211
9.09444728043276
8.86909557318963
8.96205375213028
9.05501193107093
9.14797011001158
9.24092828895223
9.01557658170909
9.10853476064974
8.8831830534066
8.97614123234725
9.0690994112879
8.84374770404476
9.2550157691692
9.02966406192606
8.80431235468293
8.89727053362358
8.99022871256423
9.08318689150488
8.85783518426174
8.95079336320239
9.04375154214304
9.13670972108369
8.91135801384055
9.0043161927812
9.09727437172185
9.1902325506625
9.28319072960315
9.05783902236001
9.15079720130066
9.24375538024131
9.33671355918196
9.11136185193882
9.52262991706327
9.29727820982013
9.07192650257699
9.16488468151764
9.25784286045829
9.35080103939894
9.1254493321558
9.21840751109645
9.31136569003711
9.08601398279396
9.17897216173462
9.27193034067527
9.04657863343213
9.13953681237278
9.23249499131343
9.00714328407029
9.10010146301094
9.19305964195159
8.96770793470845
8.74235622746531
9.15362429258975
8.92827258534661
8.70292087810347
8.79587905704412
8.88883723598477
8.98179541492542
8.75644370768228
8.84940188662293
8.94236006556358
8.71700835832044
8.80996653726109
8.90292471620175
8.9958828951424
9.08884107408305
9.1817992530237
8.95644754578056
9.04940572472121
8.82405401747807
8.91701219641872
8.69166048917558
9.10292855430002
8.87757684705688
8.65222513981374
8.74518331875439
8.83814149769504
8.9310996766357
8.70574796939256
8.79870614833321
8.89166432727386
8.98462250621451
8.75927079897137
8.85222897791202
8.94518715685267
9.03814533579332
8.81279362855018
8.90575180749083
8.99870998643148
9.09166816537213
9.18462634431278
8.95927463706965
9.0522328160103
8.82688110876716
8.91983928770781
9.01279746664846
8.78744575940532
8.88040393834597
8.97336211728662
8.74801041004348
8.84096858898413
8.93392676792478
9.02688494686543
9.11984312580609
9.21280130474674
8.9874495975036
9.08040777644425
9.1733659553849
8.94801424814176
9.3592823132662
9.13393060602306
8.90857889877992
9.31984696390436
9.09449525666122
9.18745343560187
8.96210172835873
9.05505990729938
9.14801808624003
8.92266637899689
9.01562455793754
8.7902728506944
8.88323102963506
8.97618920857571
9.06914738751636
8.84379568027322
8.93675385921387
9.02971203815452
9.12267021709518
8.89731850985203
8.99027668879268
9.08323486773333
8.8578831604902
9.26915122561464
9.0437995183715
8.81844781112836
8.91140599006901
9.00436416900966
9.09732234795031
8.87197064070717
8.96492881964782
8.73957711240468
8.83253529134533
8.92549347028598
9.01845164922663
9.11140982816728
8.88605812092414
8.97901629986479
8.75366459262165
8.84662277156231
8.62127106431917
8.71422924325982
8.48887753601668
8.90014560114112
8.67479389389798
8.76775207283863
8.86071025177928
8.63535854453614
8.72831672347679
8.50296501623365
8.5959231951743
8.68888137411495
8.7818395530556
8.87479773199625
8.9677559109369
8.74240420369376
8.51705249645062
8.61001067539127
8.70296885433192
8.79592703327257
8.88888521221323
8.66353350497009
8.75649168391074
8.84944986285139
8.62409815560825
8.7170563345489
8.81001451348955
8.9029726924302
8.67762098518706
8.77057916412771
8.86353734306836
8.63818563582522
8.73114381476588
8.82410199370653
8.91706017264718
9.01001835158783
8.78466664434469
8.87762482328534
8.97058300222599
9.06354118116664
9.1564993601073
8.93114765286416
8.70579594562102
9.11706401074546
8.89171230350232
8.98467048244297
9.07762866138362
8.85227695414048
8.94523513308113
8.71988342583799
8.81284160477864
8.90579978371929
8.68044807647615
8.7734062554168
8.86636443435745
8.9593226132981
8.73397090605497
8.82692908499562
8.91988726393627
9.01284544287692
9.10580362181757
8.88045191457443
8.65510020733129
9.06636827245573
8.84101656521259
8.61566485796945
8.7086230369101
8.80158121585075
8.8945393947914
8.66918768754826
8.76214586648891
8.53679415924577
8.62975233818643
8.72271051712708
8.81566869606773
8.90862687500838
8.68327516776524
8.77623334670589
8.86919152564654
8.96214970458719
8.73679799734405
8.51144629010091
8.28609458285777
8.69736264798221
8.47201094073907
8.56496911967972
8.65792729862037
8.75088547756102
8.52553377031789
8.61849194925854
8.3931402420154
8.48609842095605
8.5790565998967
8.67201477883735
8.764972957778
8.53962125053486
8.63257942947551
8.72553760841616
8.50018590117302
8.59314408011367
8.68610225905432
8.77906043799497
8.55370873075183
8.96497679587628
8.73962508863313
8.51427338138999
8.60723156033064
8.7001897392713
8.79314791821195
8.56779621096881
8.66075438990946
8.75371256885011
8.52836086160697
8.62131904054762
8.71427721948827
8.80723539842892
8.58188369118579
8.67484187012644
8.76780004906709
8.86075822800774
8.6354065207646
8.72836469970525
8.50301299246211
8.91428105758655
8.68892935034341
8.78188752928406
8.87484570822471
8.64949400098157
8.74245217992223
8.83541035886288
8.92836853780353
8.70301683056039
8.79597500950104
8.88893318844169
8.66358148119855
8.7565396601392
8.84949783907985
8.62414613183672
8.71710431077737
8.49175260353423
8.58471078247488
8.67766896141553
8.45231725417239
8.86358531929683
8.63823361205369
8.73119179099434
8.82414996993499
8.59879826269185
8.6917564416325
8.78471462057315
8.55936291333002
8.65232109227067
8.74527927121132
8.83823745015197
8.61288574290883
8.70584392184948
8.48049221460634
8.57345039354699
8.34809868630385
8.4410568652445
8.53401504418515
8.30866333694201
8.40162151588267
8.49457969482332
8.26922798758018
8.36218616652083
8.45514434546148
8.54810252440213
8.64106070334278
8.41570899609964
8.50866717504029
8.28331546779715
8.3762736467378
8.46923182567846
8.56219000461911
8.65514818355976
8.42979647631662
8.52275465525727
8.29740294801413
8.39036112695478
8.48331930589543
8.57627748483608
8.35092577759294
8.76219384271739
8.53684213547425
8.6298003144149
8.40444860717176
8.49740678611241
8.59036496505306
8.68332314399371
8.45797143675057
8.55092961569122
8.64388779463187
8.73684597357253
8.51149426632939
8.60445244527004
8.69741062421069
8.79036880315134
8.5650170959082
8.65797527484885
8.7509334537895
8.84389163273015
8.61853992548701
9.02980799061145
8.48614639718452
8.57910457612517
8.67206275506582
8.44671104782268
8.53966922676333
8.63262740570398
8.72558558464463
8.50023387740149
8.59319205634214
8.6861502352828
8.46079852803966
8.55375670698031
8.64671488592096
8.42136317867782
8.51432135761847
8.60727953655912
8.38192782931598
8.47488600825663
8.56784418719728
8.66080236613793
8.43545065889479
8.52840883783544
8.62136701677609
8.71432519571674
8.4889734884736
8.58193166741425
8.6748898463549
8.44953813911176
8.54249631805241
8.31714461080927
8.41010278974993
8.50306096869058
8.59601914763123
8.37066744038809
8.46362561932874
8.55658379826939
8.33123209102625
8.4241902699669
8.19883856272376
8.6101066278482
8.06644503442127
8.15940321336192
8.25236139230257
8.02700968505943
8.11996786400009
8.21292604294074
8.30588422188139
8.39884240082204
8.49180057976269
8.26644887251955
8.3594070514602
8.13405534421706
8.22701352315771
8.31997170209836
8.41292988103901
8.50588805997966
8.59884623892031
8.37349453167718
8.14814282443404
8.55941088955848
8.33405918231534
8.42701736125599
8.51997554019664
8.2946238329535
8.38758201189415
8.4805401908348
8.25518848359166
8.34814666253231
8.44110484147296
8.53406302041361
8.30871131317047
8.40166949211112
8.49462767105177
8.26927596380863
8.36223414274929
8.45519232168994
8.54815050063059
8.32279879338745
8.09744708614431
8.50871515126875
8.28336344402561
8.69463150915006
8.46927980190692
8.56223798084757
8.33688627360443
8.42984445254508
8.52280263148573
8.29745092424259
8.39040910318325
8.4833672821239
8.57632546106455
8.6692836400052
8.44393193276206
8.53689011170271
8.31153840445957
8.40449658340022
8.49745476234087
8.59041294128152
8.36506123403838
8.45801941297903
8.23266770573589
8.32562588467655
8.4185840636172
8.51154224255785
8.28619053531471
8.37914871425536
8.15379700701222
8.24675518595287
8.33971336489352
8.43267154383417
8.20731983659103
8.30027801553168
8.39323619447233
8.16788448722919
8.26084266616984
8.35380084511049
8.12844913786735
8.221407316808
8.31436549574866
8.7256335608731
8.18197196744617
8.27493014638682
8.36788832532747
8.14253661808433
8.23549479702498
8.32845297596563
8.10310126872249
8.19605944766314
7.97070774042
8.06366591936065
8.1566240983013
7.93127239105816
8.02423056999881
8.11718874893946
7.89183704169632
7.98479522063697
8.07775339957762
8.17071157851827
7.94535987127513
8.35662793639958
8.13127622915644
8.22423440809709
7.99888270085395
8.0918408797946
8.18479905873525
8.2777572376759
8.37071541661655
8.14536370937341
8.23832188831406
8.01297018107092
8.10592836001157
8.19888653895222
8.29184471789287
8.06649301064973
8.15945118959038
8.25240936853104
8.34536754747168
8.12001584022854
8.2129740191692
8.62424208429364
8.08058049086671
8.17353866980736
8.26649684874801
8.35945502768866
8.45241320662931
8.54537138556996
8.32001967832682
8.41297785726747
8.50593603620812
8.59889421514877
8.37354250790563
8.46650068684629
8.24114897960315
8.3341071585438
8.42706533748445
8.20171363024131
8.29467180918196
8.38762998812261
8.16227828087947
8.57354634600391
8.02988475257698
8.12284293151763
8.21580111045828
8.30875928939893
8.40171746833958
8.17636576109644
8.26932394003709
8.36228211897774
8.45524029791839
8.22988859067525
8.32284676961591
8.09749506237277
8.19045324131342
8.28341142025407
8.05805971301093
8.46932777813537
8.24397607089223
8.33693424983288
8.11158254258974
8.20454072153039
7.97918901428725
8.0721471932279
8.16510537216855
8.2580635511092
8.03271184386606
8.12567002280671
8.21862820174736
7.99327649450422
8.08623467344487
7.86088296620173
7.95384114514238
8.04679932408304
8.13975750302369
7.91440579578055
8.0073639747212
8.10032215366185
7.87497044641871
7.96792862535936
8.06088680430002
8.15384498324067
7.92849327599753
8.02145145493818
8.11440963387883
8.20736781281948
7.98201610557634
8.07497428451699
8.16793246345764
7.9425807562145
8.03553893515515
8.1284971140958
7.90314540685266
7.99610358579331
8.08906176473396
8.18201994367462
8.27497812261527
8.04962641537213
8.14258459431278
7.91723288706964
8.01019106601029
8.10314924495094
7.8777975377078
7.97075571664845
8.0637138955891
8.15667207452975
8.2496302534704
8.02427854622726
8.11723672516791
8.21019490410856
8.30315308304921
8.07780137580607
8.17075955474673
8.26371773368738
8.35667591262803
8.13132420538489
8.22428238432554
8.31724056326619
8.09188885602305
8.1848470349637
7.95949532772056
8.370763392845
8.14541168560186
8.23836986454252
8.33132804348317
8.10597633624003
8.19893451518068
7.97358280793754
8.06654098687819
8.15949916581884
7.9341474585757
8.02710563751635
8.120063816457
7.89471210921386
7.98767028815451
7.76231858091137
7.85527675985203
8.26654482497647
8.04119311773333
8.13415129667398
7.90879958943084
8.32006765455528
7.77640606112835
7.869364240069
7.96232241900965
8.0552805979503
8.14823877689095
7.92288706964781
8.01584524858846
7.79049354134532
7.88345172028597
7.97640989922663
7.75105819198349
7.84401637092414
7.93697454986479
8.02993272880544
7.8045810215623
7.89753920050295
7.9904973794436
8.08345555838425
7.85810385114111
8.26937191626556
7.72571032283863
7.81866850177928
7.91162668071993
7.68627497347679
7.77923315241744
7.87219133135809
7.96514951029874
8.05810768923939
7.83275598199625
7.9257141609369
7.70036245369376
7.79332063263441
7.88627881157506
7.97923699051572
8.07219516945637
7.84684346221323
7.93980164115388
7.71444993391074
7.80740811285139
8.21867617797583
7.99332447073269
8.08628264967334
8.17924082861399
7.95388912137085
8.04684730031151
8.13980547925216
7.91445377200901
8.00741195094967
8.10037012989032
7.87501842264718
7.96797660158783
8.06093478052848
8.15389295946913
7.92854125222599
8.02149943116664
8.1144576101073
8.20741578904795
7.98206408180481
7.75671237456167
8.16798043968611
7.94262873244297
8.03558691138362
8.12854509032427
8.22150326926492
8.31446144820558
8.08910974096244
8.18206791990309
7.95671621265995
8.0496743916006
8.14263257054125
8.2355907494819
8.01023904223876
8.10319722117941
7.87784551393627
7.97080369287692
7.74545198563378
7.83841016457443
7.93136834351508
7.70601663627194
8.11728470139638
7.57362310796945
7.66658128691011
7.75953946585076
7.53418775860762
7.62714593754827
7.72010411648892
7.81306229542957
7.58771058818643
7.68066876712708
7.77362694606773
7.86658512500838
7.64123341776524
7.73419159670589
7.82714977564654
7.9201079545872
7.69475624734406
7.78771442628471
7.88067260522536
7.65532089798222
8.06658896310666
7.52292736967973
7.93419543480417
7.70884372756103
7.80180190650168
7.57645019925854
7.66940837819919
7.76236655713985
7.53701484989671
7.62997302883736
7.72293120777801
7.49757950053487
7.59053767947552
7.68349585841617
7.77645403735682
7.86941221629747
7.64406050905433
7.73701868799498
7.82997686693563
7.60462515969249
8.01589322481693
7.79054151757379
7.88349969651444
7.6581479892713
7.75110616821195
7.84406434715261
7.61871263990947
7.71167081885012
7.80462899779077
7.57927729054763
7.67223546948828
7.76519364842893
7.85815182736958
7.63280012012644
7.72575829906709
7.81871647800774
7.91167465694839
7.68632294970525
7.7792811286459
7.87223930758655
7.96519748652721
7.73984577928407
7.83280395822472
7.92576213716537
7.70041042992223
7.79336860886288
7.88632678780353
7.97928496674418
8.07224314568484
7.84689143844169
7.93984961738234
8.032807796323
7.80745608907986
7.90041426802051
7.99337244696116
8.08633062590181
7.86097891865867
7.95393709759932
7.72858539035618
7.82154356929683
7.91450174823748
7.68915004099434
7.78210821993499
7.87506639887565
7.64971469163251
7.74267287057316
7.83563104951381
7.92858922845446
7.70323752121132
7.79619570015197
7.57084399290883
7.66380217184948
7.75676035079013
7.84971852973079
7.62436682248764
7.7173250014283
7.81028318036895
7.58493147312581
7.67788965206646
7.45253794482332
7.86380600994776
7.63845430270462
7.73141248164527
7.82437066058592
7.59901895334278
7.69197713228343
7.78493531122408
7.55958360398094
7.65254178292159
7.42719007567845
7.5201482546191
7.61310643355976
7.70606461250041
7.48071290525727
7.57367108419792
7.66662926313857
7.75958744207922
7.53423573483608
7.30888402759294
7.40184220653359
7.49480038547424
7.2694486782311
7.36240685717175
7.45536503611241
7.54832321505306
7.32297150780991
7.41592968675057
7.50888786569122
7.60184604463187
7.69480422357252
7.46945251632938
7.56241069527003
7.65536887421068
7.43001716696754
7.52297534590819
7.61593352484884
7.70889170378949
7.48353999654635
7.57649817548701
7.35114646824386
7.76241453336831
7.53706282612517
7.63002100506582
7.72297918400647
7.49762747676333
7.59058565570398
7.68354383464463
7.77650201358528
7.55115030634214
7.64410848528279
7.73706666422344
7.5117149569803
7.60467313592095
7.6976313148616
7.79058949380225
7.56523778655911
7.65819596549976
7.75115414444041
7.84411232338106
7.61876061613792
8.03002868126237
7.48636708783543
7.89763515295988
7.67228344571673
7.76524162465739
7.85819980359804
7.6328480963549
7.72580627529555
7.8187644542362
7.59341274699306
7.68637092593371
7.77932910487436
7.55397739763122
7.64693557657187
7.73989375551252
7.83285193445317
7.60750022721003
7.70045840615068
7.47510669890754
7.56806487784819
7.66102305678884
7.4356713495457
7.52862952848635
7.621587707427
7.39623600018386
7.48919417912451
7.58215235806516
7.35680065082202
7.44975882976267
7.54271700870333
7.63567518764398
7.41032348040084
7.50328165934149
7.27792995209835
7.370888131039
7.46384630997965
7.5568044889203
7.64976266786095
7.42441096061781
7.51736913955846
7.61032731849911
7.38497561125597
7.47793379019662
7.57089196913727
7.66385014807793
7.43849844083479
7.53145661977544
7.3061049125323
7.39906309147295
7.4920212704136
7.26666956317046
7.35962774211111
7.13427603486797
7.22723421380862
7.32019239274927
7.09484068550613
7.18779886444678
7.28075704338744
7.37371522232809
7.14836351508495
7.55963158020939
7.01596998678246
7.4272380519069
7.20188634466376
7.29484452360441
7.38780270254506
7.48076088148571
7.57371906042636
7.66667723936701
7.44132553212387
7.53428371106453
7.62724189000518
7.40189018276204
7.49484836170269
7.58780654064334
7.68076471958399
7.45541301234085
7.5483711912815
7.64132937022215
7.7342875491628
7.82724572810345
7.60189402086031
7.69485219980096
7.46950049255782
7.56245867149847
7.33710696425533
7.43006514319598
7.52302332213663
7.61598150107729
7.39062979383414
7.4835879727748
7.57654615171545
7.6695043306561
7.44415262341296
7.53711080235361
7.31175909511047
7.40471727405112
7.49767545299177
7.27232374574863
7.36528192468928
7.77654998981372
7.55119828257058
7.32584657532744
7.41880475426809
7.51176293320874
7.2864112259656
7.37936940490625
7.4723275838469
7.56528576278756
7.65824394172821
7.43289223448507
7.52585041342572
7.30049870618258
7.39345688512323
7.48641506406388
7.26106335682074
7.35402153576139
7.44697971470204
7.2216280074589
6.99627630021576
7.4075443653402
7.18219265809706
7.27515083703771
7.36810901597837
7.46106719491902
7.23571548767588
7.32867366661653
7.10332195937339
7.19628013831404
7.28923831725469
7.38219649619534
7.47515467513599
7.24980296789285
7.3427611468335
7.43571932577415
7.21036761853101
7.30332579747166
7.07797409022852
7.17093226916917
7.26389044810982
7.67515851323427
7.13149691980733
7.22445509874798
7.31741327768864
7.0920615704455
7.18501974938615
7.2779779283268
7.05262622108366
7.14558440002431
7.23854257896496
7.01319087172182
7.10614905066247
7.19910722960312
6.97375552235999
7.06671370130064
7.15967188024129
7.25263005918194
7.34558823812259
7.12023653087945
7.2131947098201
7.30615288876075
7.08080118151761
7.17375936045826
7.26671753939891
7.35967571833956
7.45263389728021
7.22728219003707
7.32024036897772
7.09488866173458
7.18784684067524
7.28080501961589
7.37376319855654
7.1484114913134
7.24136967025405
7.3343278491947
7.42728602813535
7.20193432089221
7.29489249983286
7.38785067877351
7.48080885771416
7.57376703665481
7.34841532941167
7.44137350835232
7.53433168729297
7.30897998004983
7.40193815899048
7.17658645174734
7.26954463068799
7.36250280962865
7.4554609885693
7.54841916750995
7.32306746026681
7.41602563920746
7.50898381814811
7.60194199708876
7.37659028984562
7.46954846878627
7.24419676154313
7.33715494048378
7.11180323324064
7.52307129836508
6.97940970493815
7.0723678838788
7.16532606281945
7.2582842417601
7.35124242070076
7.44420059964141
7.21884889239826
7.31180707133892
7.08645536409578
7.17941354303643
7.27237172197708
7.36532990091773
7.13997819367459
7.23293637261524
7.32589455155589
7.10054284431275
7.1935010232534
7.28645920219405
7.06110749495091
7.47237556007536
7.24702385283222
7.33998203177287
7.11463032452973
7.20758850347038
6.98223679622724
7.07519497516789
7.16815315410854
7.26111133304919
7.03575962580605
7.12871780474671
6.90336609750357
6.99632427644422
7.08928245538487
6.86393074814173
6.95688892708238
7.04984710602303
7.14280528496368
6.91745357772054
7.01041175666119
7.10336993560184
6.8780182283587
6.97097640729935
7.06393458624
7.15689276518065
6.93154105793751
7.02449923687817
6.79914752963503
6.89210570857568
6.98506388751633
7.07802206645698
6.85267035921384
6.94562853815449
7.03858671709514
7.13154489603579
7.22450307497644
6.9991513677333
7.09210954667395
7.1850677256146
6.95971601837146
7.37098408349591
7.14563237625277
6.92028066900963
7.01323884795028
7.10619702689093
7.19915520583158
6.97380349858844
7.06676167752909
7.15971985646974
6.9343681492266
7.02732632816725
7.1202845071079
7.21324268604856
7.30620086498921
7.08084915774607
7.17380733668672
7.26676551562737
7.04141380838423
7.13437198732488
7.22733016626553
7.32028834520618
7.09493663796304
7.18789481690369
7.28085299584434
7.0555012886012
7.14845946754185
7.2414176464825
7.33437582542315
7.4273340043638
7.20198229712066
7.29494047606131
7.06958876881817
7.16254694775883
7.25550512669948
7.34846330564013
7.12311159839699
7.21606977733764
7.30902795627829
7.08367624903515
6.85832454179201
7.26959260691645
7.04424089967331
7.13719907861396
7.23015725755461
7.00480555031147
7.09776372925212
7.19072190819277
6.96537020094963
7.05832837989028
6.83297667264714
6.92593485158779
7.01889303052844
6.7935413232853
6.88649950222595
6.9794576811666
7.07241586010725
6.84706415286411
6.94002233180476
6.71467062456162
7.12593868968606
7.21889686862672
6.99354516138357
7.08650334032423
6.86115163308109
6.95410981202174
7.04706799096239
6.82171628371925
6.9146744626599
7.00763264160055
7.1005908205412
6.87523911329806
6.96819729223871
7.06115547117936
6.83580376393622
6.92876194287687
7.02172012181752
6.79636841457438
6.88932659351503
6.66397488627189
6.75693306521255
7.16820113033699
6.94284942309385
7.0358076020345
6.81045589479136
6.58510418754822
6.67806236648887
6.77102054542952
6.86397872437017
6.63862701712703
6.73158519606768
6.82454337500833
6.59919166776519
6.69214984670584
6.78510802564649
6.87806620458714
6.97102438352779
6.74567267628465
6.8386308552253
6.61327914798216
6.70623732692281
7.11750539204725
6.89215368480411
6.98511186374476
6.75976015650162
6.85271833544228
6.94567651438293
7.03863469332358
6.81328298608044
6.90624116502109
6.99919934396174
7.09215752290239
6.86680581565925
6.9597639945999
7.05272217354055
6.82737046629741
6.92032864523806
7.01328682417871
7.10624500311936
6.88089329587622
6.97385147481688
7.06680965375753
6.84145794651439
6.93441612545504
7.02737430439569
7.12033248333634
6.8949807760932
6.98793895503385
7.0808971339745
7.17385531291515
7.2668134918558
7.04146178461266
7.13441996355331
6.90906825631017
7.00202643525082
7.09498461419147
6.86963290694834
6.96259108588899
7.05554926482964
6.8301975575865
6.92315573652715
7.0161139154678
6.79076220822466
6.88372038716531
6.97667856610596
7.06963674504661
6.84428503780347
6.93724321674412
7.03020139568477
6.80484968844163
6.89780786738228
6.99076604632293
6.76541433907979
6.85837251802045
6.63302081077731
6.72597898971796
6.81893716865861
6.59358546141547
6.68654364035612
6.77950181929677
6.55415011205363
6.64710829099428
6.74006646993493
6.83302464887558
6.92598282781623
6.70063112057309
6.79358929951374
6.5682375922706
6.66119577121125
6.7541539501519
6.84711212909255
6.62176042184941
6.71471860079006
6.80767677973072
6.90063495867136
6.99359313761202
6.76824143036888
6.86119960930953
6.63584790206639
6.72880608100704
6.82176425994769
6.91472243888834
6.6893707316452
6.78232891058585
6.8752870895265
6.96824526846715
6.74289356122401
6.83585174016466
6.61050003292152
6.70345821186217
6.47810650461903
6.57106468355968
6.66402286250033
6.75698104144098
6.53162933419784
6.62458751313849
6.71754569207914
6.492193984836
6.58515216377665
6.67811034271731
6.45275863547417
6.86402670059861
6.63867499335547
6.41332328611233
6.50628146505298
6.91754953017742
6.69219782293428
6.78515600187493
6.87811418081558
6.65276247357244
6.74572065251309
6.83867883145374
6.9316370103944
6.70628530315126
6.79924348209191
6.89220166103256
6.66684995378942
6.75980813273007
6.85276631167072
6.94572449061137
6.72037278336823
6.81333096230888
6.58797925506574
6.68093743400639
6.77389561294704
6.86685379188769
6.95981197082834
6.7344602635852
6.82741844252585
6.92037662146651
6.69502491422336
6.78798309316401
6.88094127210467
6.97389945104532
6.74854774380218
6.84150592274283
6.93446410168348
6.70911239444034
6.80207057338099
6.89502875232164
6.98798693126229
7.08094511020294
6.8555934029598
6.94855158190045
6.72319987465731
6.81615805359796
6.90911623253861
6.68376452529547
6.77672270423612
6.55137099699298
6.64432917593363
6.73728735487429
6.51193564763115
6.6048938265718
6.69785200551245
6.47250029826931
6.56545847720996
6.65841665615061
6.43306494890747
6.52602312784812
6.61898130678877
6.71193948572942
6.48658777848628
6.57954595742693
6.35419425018379
6.44715242912444
6.54011060806509
6.63306878700574
6.72602696594639
6.50067525870326
6.59363343764391
6.36828173040077
6.46123990934142
6.55419808828207
6.32884638103893
6.42180455997958
6.51476273892023
6.60772091786088
6.70067909680153
6.4753273895584
6.56828556849904
6.6612437474397
6.43589204019656
6.52885021913721
6.62180839807786
6.39645669083472
6.48941486977537
6.58237304871602
6.35702134147288
6.44997952041353
6.54293769935418
6.31758599211104
6.41054417105169
6.50350234999234
6.2781506427492
6.37110882168985
6.4640670006305
6.55702517957116
6.33167347232801
6.42463165126867
6.19927994402553
6.29223812296618
6.38519630190683
6.47815448084748
6.57111265978813
6.34576095254499
6.43871913148564
6.53167731042629
6.62463548936694
6.3992837821238
6.49224196106445
6.5852001400051
6.67815831894575
6.45280661170261
6.54576479064327
6.63872296958392
6.73168114852457
6.50632944128143
6.59928762022208
6.69224579916273
6.46689409191959
6.87816215704403
6.65281044980089
6.74576862874154
6.5204169214984
6.61337510043905
6.7063332793797
6.48098157213656
6.57393975107721
6.66689793001786
6.44154622277472
6.53450440171537
6.62746258065602
6.72042075959667
6.49506905235353
6.58802723129418
6.68098541023484
6.77394358917549
6.54859188193235
6.641550060873
6.73450823981365
6.8274664187543
6.60211471151116
6.69507289045181
6.46972118320867
6.56267936214932
6.65563754108997
6.43028583384683
6.52324401278748
6.61620219172814
6.70916037066879
6.48380866342565
6.5767668423663
6.35141513512316
6.44437331406381
6.53733149300446
6.31197978576132
6.40493796470197
6.49789614364262
6.59085432258327
6.68381250152392
6.45846079428078
6.55141897322143
6.32606726597829
6.41902544491894
6.51198362385959
6.28663191661645
6.37959009555711
6.47254827449776
6.56550645343841
6.34015474619527
6.43311292513592
6.20776121789278
6.30071939683343
6.39367757577408
6.48663575471473
6.26128404747159
6.35424222641224
6.44720040535289
6.22184869810975
6.3148068770504
6.40776505599105
6.18241334874791
6.27537152768856
6.36832970662921
6.14297799938608
6.23593617832672
6.32889435726738
6.10354265002424
6.19650082896489
6.28945900790554
6.0641073006624
6.15706547960305
6.2500236585437
6.34298183748435
6.435940016425
6.52889819536565
6.30354648812251
6.39650466706316
6.17115295982002
6.26411113876067
6.35706931770132
6.13171761045818
6.22467578939883
6.31763396833948
6.41059214728013
6.18524044003699
6.27819861897764
6.37115679791829
6.14580509067515
6.2387632696158
6.33172144855645
6.4246796274971
6.19932792025396
6.29228609919462
6.38524427813527
6.47820245707592
6.25285074983278
6.34580892877343
6.43876710771408
6.53172528665473
6.30637357941159
6.39933175835224
6.49228993729289
6.58524811623354
6.3598964089904
6.45285458793105
6.5458127668717
6.32046105962856
6.41341923856922
6.50637741750987
6.59933559645052
6.69229377539117
6.46694206814803
6.55990024708868
6.33454853984554
6.42750671878619
6.52046489772684
6.6134230766675
6.38807136942436
6.48102954836501
6.57398772730566
6.34863602006252
6.44159419900317
6.53455237794382
6.62751055688447
6.40215884964133
6.49511702858198
6.58807520752263
6.68103338646328
6.77399156540393
6.54863985816079
6.64159803710144
6.4162463298583
6.50920450879895
6.28385280155581
6.37681098049647
6.46976915943712
6.56272733837777
6.50638941156698
6.4500514847562
6.39371355794541
6.33737563113463
6.37455890271089
6.41174217428715
6.44892544586341
6.48610871743967
6.52329198901593
6.49681328335543
6.47033457769493
6.44385587203443
6.41737716637394
6.39089846071344
6.34582811926481
6.30075777781618
6.25568743636756
6.21061709491893
6.1655467534703
6.12047641202167
6.07540607057304
6.03033572912442
5.98526538767579
5.94019504622716
5.95878668201529
5.97737831780342
5.99596995359155
6.01456158937968
6.03315322516781
6.05174486095594
6.07033649674407
6.0889281325322
6.10751976832033
6.12611140410846
6.21906958304911
5.99371787580597
6.08667605474662
6.17963423368727
5.95428252644413
6.04724070538479
6.14019888432544
6.23315706326609
6.00780535602295
6.1007635349636
6.19372171390425
5.96837000666111
6.06132818560176
6.15428636454241
6.24724454348306
6.02189283623992
6.11485101518057
6.20780919412122
5.98245748687808
6.07541566581873
6.16837384475938
5.94302213751624
6.03598031645689
6.12893849539754
5.9035867881544
5.99654496709505
6.0895031460357
6.18246132497635
5.95710961773321
6.05006779667387
6.14302597561452
6.23598415455517
6.01063244731203
6.10359062625268
6.19654880519333
5.97119709795019
6.06415527689084
6.15711345583149
6.25007163477214
6.024719927529
6.11767810646965
6.2106362854103
6.30359446435095
6.07824275710781
6.17120093604846
6.26415911498911
6.03880740774597
6.13176558668663
6.22472376562728
5.99937205838414
6.09233023732479
6.18528841626544
6.27824659520609
6.05289488796295
6.1458530669036
6.23881124584425
6.3317694247849
6.10641771754176
6.19937589648241
6.29233407542307
6.06698236817993
6.15994054712058
6.25289872606123
6.34585690500188
6.12050519775874
6.21346337669939
5.98811166945625
6.39937973458069
6.17402802733755
6.2669862062782
6.35994438521885
6.45290256415951
6.22755085691637
6.32050903585702
6.09515732861388
6.18811550755453
6.28107368649518
6.37403186543583
6.14868015819269
6.24163833713334
6.33459651607399
6.10924480883085
6.2022029877715
6.29516116671216
6.06980945946902
6.16276763840967
5.93741593116653
6.03037411010718
6.12333228904783
6.21629046798848
5.99093876074534
6.08389693968599
6.17685511862664
5.9515034113835
6.04446159032415
6.1374197692648
5.91206806202166
6.00502624096231
6.09798441990297
5.87263271265982
5.96559089160048
6.05854907054113
5.83319736329799
5.92615554223864
6.01911372117929
5.79376201393615
5.8867201928768
5.97967837181745
6.0726365507581
5.84728484351496
5.94024302245561
6.03320120139626
5.80784949415312
5.90080767309378
5.67545596585064
5.76841414479129
5.86137232373194
5.95433050267259
6.04728868161324
6.14024686055389
5.91489515331075
6.0078533322514
6.10081151119205
5.87545980394891
5.96841798288956
5.74306627564642
5.83602445458707
5.92898263352772
6.02194081246837
5.79658910522523
5.88954728416588
5.98250546310654
6.07546364204719
5.85011193480405
5.9430701137447
5.71771840650156
5.81067658544221
5.90363476438286
5.99659294332351
5.77124123608037
5.86419941502102
5.95715759396167
6.05011577290232
5.82476406565918
5.91772224459983
6.01068042354048
5.78532871629734
5.87828689523799
5.97124507417864
6.06420325311929
6.15716143205994
5.9318097248168
6.02476790375745
6.1177260826981
5.89237437545496
5.98533255439561
6.07829073333626
6.17124891227691
5.94589720503377
6.03885538397443
6.13181356291507
6.22477174185573
5.99942003461259
6.09237821355324
6.18533639249389
5.95998468525075
6.0529428641914
6.14590104313205
5.92054933588891
6.01350751482956
6.10646569377021
5.88111398652707
5.97407216546772
6.06703034440837
5.84167863716523
5.93463681610588
6.02759499504653
6.12055317398719
5.89520146674405
5.9881596456847
6.08111782462535
5.85576611738221
5.94872429632286
6.04168247526351
6.13464065420416
5.90928894696102
6.00224712590167
6.09520530484232
6.18816348378297
5.96281177653983
6.05576995548048
6.14872813442113
5.92337642717799
6.01633460611864
6.10929278505929
5.88394107781615
5.9768992567568
6.06985743569745
5.84450572845431
5.93746390739497
6.03042208633562
5.80507037909248
5.89802855803313
5.99098673697378
5.76563502973064
5.85859320867129
5.63324150142815
6.04450956655259
5.81915785930945
5.9121160382501
6.00507421719075
5.77972250994761
5.87268068888827
5.96563886782891
5.74028716058578
5.83324533952643
5.60789363228329
5.70085181122394
5.79380999016459
5.56845828292145
5.6614164618621
5.75437464080275
5.8473328197434
5.62198111250026
5.71493929144091
5.48958758419777
5.58254576313842
5.67550394207907
5.76846212101972
5.54311041377658
5.63606859271723
5.72902677165788
5.50367506441474
5.5966332433554
5.68959142229605
5.7825496012367
5.55719789399356
5.65015607293421
5.74311425187486
5.83607243081551
5.61072072357237
5.70367890251302
5.79663708145367
5.57128537421053
5.66424355315118
5.75720173209183
5.53185002484869
5.62480820378934
5.71776638272999
5.81072456167064
5.90368274061129
5.67833103336815
5.77128921230881
5.86424739124946
5.63889568400632
5.73185386294697
5.50650215570383
5.59946033464448
5.69241851358513
5.46706680634199
5.56002498528264
5.65298316422329
5.74594134316394
5.5205896359208
5.61354781486145
5.70650599380211
5.48115428655897
5.89242235168341
5.66707064444027
5.76002882338092
5.85298700232157
5.62763529507843
5.72059347401908
5.81355165295973
5.58819994571659
5.68115812465724
5.77411630359789
5.86707448253854
5.6417227752954
5.73468095423605
5.8276391331767
5.92059731211735
5.69524560487421
5.78820378381486
5.88116196275551
5.65581025551237
5.74876843445302
5.84172661339367
5.93468479233432
5.70933308509118
5.80229126403183
5.89524944297249
5.66989773572935
5.76285591467
5.85581409361065
5.9487722725513
5.72342056530816
5.81637874424881
5.90933692318946
5.68398521594632
5.77694339488697
5.86990157382762
5.96285975276827
5.73750804552513
5.83046622446578
5.60511451722264
5.69807269616329
5.79103087510394
5.88398905404459
5.97694723298525
6.0699054119259
5.84455370468276
5.93751188362341
5.71216017638027
5.80511835532092
5.57976664807778
5.67272482701843
5.76568300595908
5.85864118489973
5.63328947765659
5.72624765659724
5.8192058355379
5.91216401447855
5.6868123072354
5.77977048617606
5.55441877893292
5.64737695787357
5.74033513681422
5.51498342957108
5.60794160851173
5.70089978745238
5.79385796639303
5.56850625914989
5.66146443809054
5.75442261703119
5.52907090978805
5.62202908872871
5.71498726766936
5.48963556042622
5.58259373936687
5.67555191830752
5.45020021106438
5.54315839000503
5.63611656894568
5.41076486170254
5.50372304064319
5.27837133340005
5.6896393985245
5.46428769128136
5.23893598403822
5.33189416297887
5.42485234191952
5.51781052086017
5.29245881361703
5.38541699255768
5.47837517149833
5.25302346425519
5.34598164319584
5.43893982213649
5.53189800107714
5.306546293834
5.39950447277465
5.4924626517153
5.26711094447217
5.36006912341282
5.45302730235347
5.54598548129412
5.63894366023477
5.41359195299163
5.50655013193228
5.28119842468914
5.37415660362979
5.46711478257044
5.56007296151109
5.33472125426795
5.4276794332086
5.52063761214925
5.6135957910899
5.38824408384676
5.48120226278741
5.57416044172806
5.34880873448492
5.44176691342557
5.53472509236623
5.30937338512309
5.40233156406374
5.49528974300439
5.58824792194504
5.68120610088569
5.45585439364255
5.5488125725832
5.64177075152385
5.41641904428071
5.50937722322137
5.60233540216202
5.69529358110267
5.46994187385953
5.56290005280018
5.65585823174083
5.74881641068148
5.52346470343834
5.61642288237899
5.70938106131964
5.4840293540765
5.57698753301715
5.6699457119578
5.44459400471466
5.85586206983911
5.63051036259597
5.72346854153662
5.49811683429348
5.59107501323413
5.68403319217478
5.45868148493164
5.55163966387229
5.64459784281294
5.73755602175359
5.51220431451045
5.6051624934511
5.69812067239175
5.7910788513324
5.56572714408926
5.65868532302992
5.43333361578678
5.52629179472743
5.61924997366808
5.39389826642494
5.80516633154938
5.57981462430624
5.67277280324689
5.76573098218754
5.5403792749444
5.63333745388505
5.7262956328257
5.50094392558256
5.59390210452321
5.68686028346386
5.77981846240451
5.55446675516137
5.64742493410202
5.74038311304268
5.51503140579953
5.60798958474019
5.38263787749705
5.4755960564377
5.56855423537835
5.34320252813521
5.75447059325965
5.52911888601651
5.62207706495716
5.39672535771402
5.48968353665467
5.58264171559532
5.35729000835218
5.45024818729283
5.54320636623348
5.31785465899034
5.41081283793099
5.50377101687164
5.2784193096285
5.37137748856915
5.46433566750981
5.55729384645046
5.33194213920732
5.42490031814797
5.51785849708862
5.29250678984548
5.38546496878613
5.16011326154299
5.25307144048364
5.34602961942429
5.12067791218115
5.2136360911218
5.30659427006245
5.3995524490031
5.17420074175996
5.26715892070061
5.04180721345747
5.13476539239812
5.22772357133877
5.32068175027943
5.09533004303629
5.18828822197694
5.28124640091759
5.05589469367445
5.1488528726151
4.92350116537196
5.3347692304964
5.10941752325326
5.20237570219391
5.29533388113456
5.06998217389142
5.16294035283207
5.25589853177272
5.03054682452958
5.12350500347024
5.21646318241089
4.99111147516775
5.0840696541084
5.17702783304905
5.2699860119897
5.36294419093035
5.13759248368721
5.23055066262786
5.32350884156851
5.09815713432537
5.1167487701135
5.13534040590163
5.15393204168976
5.17252367747789
5.19111531326602
5.20970694905415
5.22829858484228
5.24689022063041
5.26548185641854
5.28407349220667
5.30266512799481
5.32125676378294
5.33984839957107
5.3584400353592
5.37703167114733
5.35055296548683
5.32407425982633
5.29759555416583
5.27111684850533
5.24463814284484
5.21815943718434
5.19168073152384
5.16520202586334
5.13872332020284
5.11224461454235
5.205202793483
5.29816097242365
5.3911191513643
5.48407733030495
5.25872562306181
5.35168380200246
5.44464198094311
5.53760015988376
5.31224845264062
5.40520663158127
5.49816481052192
5.27281310327878
5.36577128221943
5.45872946116008
5.55168764010073
5.32633593285759
5.41929411179824
5.5122522907389
5.28690058349575
5.37985876243641
5.47281694137706
5.56577512031771
5.34042341307457
5.43338159201522
5.52633977095587
5.30098806371273
5.39394624265338
5.48690442159403
5.57986260053468
5.35451089329154
5.44746907223219
5.22211736498905
5.3150755439297
5.40803372287036
5.18268201562722
5.27564019456787
5.36859837350852
5.14324666626538
5.23620484520603
5.32916302414668
5.42212120308733
5.19676949584419
5.28972767478484
5.3826858537255
5.15733414648235
5.250292325423
5.34325050436366
5.43620868330431
5.21085697606117
5.30381515500182
5.39677333394247
5.17142162669933
5.26437980563998
5.35733798458063
5.13198627733749
5.22494445627814
5.31790263521879
5.09255092797565
5.1855091069163
5.27846728585695
5.05311557861381
5.14607375755447
5.23903193649512
5.01368022925198
5.10663840819263
5.19959658713328
4.97424487989014
5.06720305883079
5.16016123777144
4.9348095305283
5.02776770946895
5.1207258884096
4.89537418116646
4.98833236010712
4.76298065286398
4.85593883180463
4.94889701074528
4.72354530350214
4.81650348244279
4.90946166138344
5.00241984032409
4.77706813308095
4.8700263120216
4.96298449096225
5.0559426699029
4.83059096265976
4.92354914160041
5.01650732054106
4.79115561329792
4.88411379223858
4.97707197117923
4.75172026393609
4.84467844287674
4.93763662181739
4.71228491457425
4.8052430935149
5.21651115863934
4.9911594513962
5.08411763033685
4.85876592309371
4.95172410203437
5.04468228097502
4.81933057373188
4.91228875267253
5.00524693161318
5.09820511055383
4.87285340331069
4.96581158225134
5.05876976119199
4.83341805394885
4.9263762328895
5.01933441183015
5.11229259077081
4.88694088352767
4.97989906246832
4.75454735522518
5.16581542034962
4.94046371310648
5.03342189204713
5.12638007098778
4.90102836374464
4.99398654268529
5.08694472162594
5.17990290056659
4.95455119332345
5.0475093722641
5.14046755120475
5.2334257301454
5.00807402290226
5.10103220184291
5.19399038078356
5.28694855972421
5.37990673866486
5.15455503142172
5.24751321036238
5.02216150311924
5.43342956824368
5.20807786100054
5.30103603994119
5.39399421888184
5.48695239782249
5.26160069057935
5.35455886952
5.44751704846065
5.22216534121751
5.31512352015816
5.40808169909881
5.18272999185567
5.27568817079632
5.05033646355318
5.14329464249384
5.23625282143449
5.32921100037514
5.103859293132
5.19681747207265
5.2897756510133
5.38273382995395
5.15738212271081
5.25034030165146
5.34329848059211
5.11794677334897
5.21090495228962
5.30386313123027
5.07851142398713
5.17146960292778
5.26442778186843
5.03907607462529
5.13203425356594
5.22499243250659
4.99964072526345
5.0925989042041
5.18555708314476
4.96020537590162
5.05316355484227
5.14612173378292
4.92077002653978
5.33203809166422
5.10668638442108
5.19964456336173
4.97429285611859
5.06725103505924
5.16020921399989
4.93485750675675
5.02781568569741
5.12077386463806
4.89542215739492
4.98838033633557
5.08133851527622
5.17429669421687
4.94894498697373
5.04190316591438
5.13486134485503
4.90950963761189
5.00246781655254
4.7771161093094
4.55176440206626
4.9630324671907
4.73768075994756
4.83063893888821
4.92359711782886
5.01655529676952
4.79120358952637
4.88416176846703
4.65881006122389
4.75176824016454
4.84472641910519
4.61937471186205
4.7123328908027
4.80529106974335
4.898249248684
4.67289754144086
4.76585572038151
4.54050401313837
4.63346219207902
4.72642037101968
4.50106866377654
4.59402684271719
4.68698502165784
4.4616333144147
4.55459149335535
4.647549672296
4.42219796505286
4.51515614399351
4.60811432293416
4.70107250187481
4.47572079463167
4.56867897357232
4.66163715251297
4.75459533145363
4.52924362421049
4.62220180315114
4.71515998209179
4.48980827484865
4.5827664537893
4.67572463272995
4.45037292548681
4.86164099061125
4.63628928336811
4.72924746230876
4.82220564124941
4.59685393400627
4.68981211294693
4.78277029188758
4.55741858464444
4.65037676358509
4.74333494252574
4.83629312146639
4.92925130040704
4.7038995931639
4.79685777210455
4.8898159510452
4.98277412998585
4.75742242274271
4.85038060168336
4.94333878062401
4.71798707338087
4.81094525232152
4.90390343126218
4.99686161020283
4.77150990295969
4.86446808190034
4.95742626084099
4.73207455359785
4.8250327325385
4.91799091147915
5.0109490904198
4.78559738317666
4.87855556211731
4.97151374105797
5.06447191999862
4.83912021275547
4.93207839169613
5.02503657063678
5.11799474957743
4.89264304233429
4.98560122127494
5.07855940021559
5.17151757915624
4.9461658719131
5.03912405085375
5.1320822297944
5.22504040873506
4.99968870149192
5.09264688043257
5.18560505937322
5.27856323831387
5.05321153107073
5.14616971001138
5.23912788895203
5.01377618170889
5.10673436064954
5.19969253959019
4.97434083234705
5.0672990112877
4.84194730404456
4.93490548298521
5.02786366192586
4.80251195468272
4.89547013362337
4.98842831256403
5.08138649150468
4.85603478426154
4.94899296320219
5.04195114214284
4.8165994348997
4.90955761384035
5.002515792781
4.77716408553786
4.87012226447851
4.96308044341916
5.05603862235982
4.83068691511667
4.92364509405733
4.69829338681419
4.79125156575484
4.5658998585117
4.97716792363614
4.751816216393
4.84477439533365
4.61942268809051
4.71238086703116
4.80533904597181
4.89829722491246
4.67294551766932
4.76590369660997
4.54055198936684
4.63351016830749
4.72646834724814
4.501116640005
4.59407481894565
4.6870329978863
4.77999117682695
4.55463946958381
4.64759764852446
4.74055582746511
4.51520412022197
4.60816229916262
4.38281059191948
4.47576877086013
4.56872694980079
4.34337524255765
4.4363334214983
4.52929160043895
4.6222497793796
4.39689807213646
4.48985625107711
4.26450454383397
4.35746272277462
4.45042090171527
4.54337908065592
4.31802737341278
4.41098555235343
4.50394373129408
4.27859202405094
4.37155020299159
4.14619849574845
4.5574665608729
4.33211485362976
4.42507303257041
4.19972132532727
4.29267950426792
4.38563768320857
4.16028597596543
4.25324415490608
4.34620233384673
4.12085062660359
4.21380880554424
4.30676698448489
4.39972516342554
4.1743734561824
4.26733163512305
4.3602898140637
4.13493810682056
4.22789628576122
4.32085446470187
4.41381264364252
4.50677082258317
4.28141911534003
4.37437729428068
4.46733547322133
4.24198376597819
4.33494194491884
4.42790012385949
4.52085830280014
4.295506595557
4.38846477449766
4.48142295343831
4.57438113237896
4.34902942513582
4.44198760407647
4.53494578301712
4.62790396195777
4.72086214089842
4.49551043365528
4.58846861259593
4.36311690535279
4.77438497047724
4.5490332632341
4.64199144217475
4.7349496211154
4.50959791387226
4.60255609281291
4.69551427175356
4.78847245069421
4.56312074345107
4.65607892239172
4.74903710133237
4.84199528027302
4.61664357302988
4.70960175197053
4.80255993091118
4.57720822366804
4.67016640260869
4.76312458154935
4.85608276049
4.63073105324686
4.72368923218751
4.49833752494437
4.59129570388502
4.68425388282567
4.77721206176632
4.55186035452318
4.64481853346383
4.73777671240448
4.83073489134513
4.92369307028578
4.69834136304264
4.79129954198329
4.88425772092394
4.6589060136808
4.75186419262146
4.84482237156211
4.61947066431897
4.71242884325962
4.80538702220027
4.89834520114092
4.99130338008157
4.76595167283843
4.85890985177908
4.95186803071973
4.72651632347659
4.81947450241724
4.9124326813579
4.68708097411476
4.78003915305541
4.87299733199606
4.64764562475292
4.74060380369357
4.83356198263422
4.60821027539108
4.70116845433173
4.79412663327238
4.56877492602924
4.66173310496989
4.75469128391055
4.52933957666741
4.62229775560806
4.39694604836492
4.48990422730557
4.58286240624622
4.35751069900308
4.45046887794373
4.54342705688438
4.31807534964124
4.41103352858189
4.50399170752255
4.27864000027941
4.37159817922006
4.46455635816071
4.23920465091757
4.33216282985822
4.42512100879887
4.19976930155573
4.29272748049638
4.38568565943703
4.16033395219389
4.25329213113455
4.3462503100752
4.43920848901585
4.21385678177271
4.30681496071336
4.39977313965401
4.17442143241087
4.26737961135152
4.36033779029217
4.13498608304903
4.22794426198968
4.32090244093033
4.41386061987098
4.18850891262784
4.28146709156849
4.37442527050915
4.14907356326601
4.24203174220666
4.33498992114731
4.10963821390417
4.20259639284482
4.29555457178547
4.07020286454233
4.16316104348298
4.25611922242363
4.34907740136428
4.44203558030493
4.21668387306179
4.30964205200244
4.0842903447593
4.17724852369996
4.27020670264061
4.04485499539747
4.13781317433812
4.23077135327877
4.00541964603563
4.09837782497628
4.19133600391693
4.28429418285758
4.05894247561444
4.15190065455509
3.92654894731195
3.94978849204712
3.97302803678228
3.99626758151744
4.01950712625261
4.05669039782887
4.09387366940513
4.13105694098139
4.16824021255765
4.20542348413391
4.29838166307456
4.07302995583142
4.16598813477207
4.25894631371272
4.35190449265337
4.12655278541023
4.21951096435089
4.31246914329154
4.0871174360484
4.49838550117284
4.2730337939297
4.36599197287035
4.14064026562721
4.23359844456786
4.32655662350851
4.41951480244916
4.19416309520602
4.28712127414668
4.38007945308733
4.47303763202798
4.24768592478484
4.34064410372549
4.43360228266614
4.52656046160679
4.30120875436365
4.3941669333043
4.48712511224495
4.26177340500181
4.35473158394246
4.44768976288312
4.22233805563997
4.31529623458063
4.40825441352128
4.50121259246193
4.27586088521879
4.36881906415944
4.46177724310009
4.55473542204074
4.3293837147976
4.42234189373825
4.5153000726789
4.28994836543576
4.38290654437641
4.47586472331706
4.56882290225772
4.34347119501458
4.43642937395523
4.52938755289588
4.30403584565274
4.39699402459339
4.48995220353404
4.58291038247469
4.35755867523155
4.4505168541722
4.54347503311285
4.31812332586971
4.41108150481036
4.50403968375101
4.59699786269166
4.37164615544852
4.46460433438918
4.55756251332983
4.33221080608669
4.42516898502734
4.51812716396799
4.29277545672485
4.3857336356655
4.47869181460615
4.25334010736301
4.34629828630366
4.43925646524431
4.21390475800117
4.30686293694182
4.39982111588247
4.49277929482312
4.26742758757998
4.36038576652064
4.45334394546129
4.22799223821815
4.3209504171588
4.41390859609945
4.18855688885631
4.28151506779696
4.37447324673761
4.14912153949447
4.24207971843512
4.33503789737577
4.42799607631642
4.20264436907328
4.29560254801393
4.07025084077079
4.16320901971145
4.2561671986521
4.34912537759275
4.12377367034961
4.21673184929026
3.99138014204712
4.08433832098777
4.17729649992842
4.27025467886907
4.04490297162593
4.13786115056658
4.23081932950723
4.00546762226409
4.09842580120474
4.1913839801454
3.96603227290226
4.05899045184291
3.83363874459977
4.24490680972421
4.01955510248107
4.11251328142172
3.88716157417858
3.98011975311923
4.07307793205988
4.16603611100054
3.9406844037574
4.03364258269805
4.1266007616387
3.90124905439556
3.99420723333621
4.08716541227686
4.18012359121751
3.95477188397437
4.04773006291502
4.14068824185567
3.91533653461253
4.00829471355318
4.10125289249383
4.19421107143449
3.96885936419135
4.061817543132
4.15477572207265
3.92942401482951
4.02238219377016
3.79703048652702
3.88998866546767
3.98294684440832
3.75759513716518
3.85055331610583
3.94351149504648
3.71815978780334
3.811117966744
3.90407614568465
3.9970343246253
3.77168261738216
3.86464079632281
3.63928908907967
3.73224726802032
3.82520544696097
3.59985373971783
3.69281191865848
3.78577009759913
3.87872827653978
3.65337656929664
3.74633474823729
3.83929292717794
3.93225110611859
3.70689939887545
3.7998575778161
3.89281575675675
3.66746404951361
3.76042222845427
3.85338040739492
3.62802870015178
3.72098687909243
3.81394505803308
3.58859335078994
3.68155152973059
3.77450970867124
3.86746788761189
3.64211618036875
3.7350743593094
3.82803253825005
3.9209907171907
4.01394889613136
3.78859718888822
3.88155536782887
3.97451354676952
3.74916183952638
3.84212001846703
3.93507819740768
3.70972649016454
3.80268466910519
3.89564284804584
3.98860102698649
3.76324931974335
3.856207498684
3.94916567762465
4.0421238565653
3.81677214932216
3.90973032826282
4.00268850720347
4.09564668614412
4.18860486508477
3.96325315784163
4.05621133678228
4.14916951572293
3.92381780847979
4.01677598742044
4.10973416636109
3.88438245911795
3.9773406380586
4.07029881699925
4.16325699593991
4.25621517488056
4.03086346763742
4.12382164657807
3.89846993933493
4.30973800445937
4.08438629721623
4.17734447615688
4.27030265509753
4.04495094785439
4.13790912679504
4.23086730573569
4.00551559849255
4.0984737774332
4.19143195637386
4.28439013531451
4.37734831425516
4.15199660701202
4.24495478595267
4.33791296489332
4.11256125765018
4.20551943659083
4.29847761553148
4.07312590828834
4.16608408722899
4.25904226616965
4.03369055892651
4.12664873786716
4.21960691680781
4.31256509574846
4.08721338850532
4.18017156744597
4.27312974638662
4.04777803914348
4.14073621808413
4.23369439702478
4.00834268978164
4.1013008687223
4.19425904766295
3.96890734041981
4.06186551936046
4.15482369830111
4.24778187724176
4.02243016999862
4.11538834893927
4.20834652787992
3.98299482063678
4.07595299957743
4.16891117851809
3.94355947127495
4.0365176502156
4.12947582915625
3.90412412191311
3.99708230085376
4.09004047979441
3.86468877255127
3.95764695149192
4.05060513043257
3.82525342318943
3.91821160213008
4.01116978107073
4.10412796001139
3.87877625276825
3.9717344317089
3.74638272446576
3.83934090340641
3.61398919616327
3.70694737510392
3.79990555404457
3.89286373298522
3.66751202574208
3.76047020468273
3.85342838362338
3.62807667638024
3.72103485532089
3.81399303426155
3.9069512132022
3.68159950595906
3.77455768489971
3.54920597765657
3.64216415659722
3.73512233553787
3.82808051447852
3.60272880723538
3.69568698617603
3.78864516511668
3.56329345787354
3.65625163681419
3.74920981575484
3.84216799469549
3.61681628745235
3.709774466393
3.48442275914986
3.57738093809051
3.67033911703117
3.76329729597182
3.53794558872868
3.63090376766933
3.72386194660998
3.49851023936684
3.59146841830749
3.68442659724814
3.459074890005
3.55203306894565
3.6449912478863
3.73794942682695
3.51259771958381
3.60555589852446
3.69851407746512
3.47316237022198
3.56612054916263
3.65907872810328
3.43372702086014
3.52668519980079
3.61964337874144
3.71260155768209
3.48724985043895
3.5802080293796
3.35485632213646
3.44781450107711
3.54077268001776
3.31542097277462
3.40837915171528
3.50133733065593
3.27598562341279
3.68725368853723
3.46190198129409
3.55486016023474
3.3295084529916
3.42246663193225
3.5154248108729
3.60838298981355
3.38303128257041
3.47598946151107
3.56894764045172
3.34359593320858
3.43655411214923
3.52951229108988
3.62247047003053
3.39711876278739
3.49007694172804
3.58303512066869
3.35768341342555
3.4506415923662
3.54359977130685
3.63655795024751
3.41120624300437
3.50416442194502
3.59712260088567
3.37177089364253
3.46472907258318
3.55768725152383
3.65064543046448
3.74360360940513
3.83656178834578
3.61121008110264
3.70416826004329
3.79712643898394
3.89008461792459
3.66473291068145
3.75769108962211
3.85064926856276
3.94360744750341
3.71825574026027
3.81121391920092
3.90417209814157
3.99713027708222
3.77177856983908
3.86473674877973
3.95769492772039
4.05065310666104
3.8253013994179
3.91825957835855
4.0112177572992
4.10417593623985
3.87882422899671
3.97178240793736
4.06474058687801
3.83938887963487
3.93234705857552
4.02530523751617
4.11826341645682
3.89291170921368
3.98586988815433
4.07882806709498
4.17178624603564
3.9464345387925
4.03939271773315
4.1323508966738
3.90699918943066
3.99995736837131
4.09291554731196
3.86756384006882
3.96052201900947
4.05348019795012
3.82812849070698
3.92108666964763
4.01404484858828
3.78869314134514
3.88165132028579
3.97460949922645
4.0675676781671
3.84221597092396
3.93517414986461
4.02813232880526
3.80278062156212
3.89573880050277
3.98869697944342
3.76334527220028
3.85630345114093
3.94926163008159
3.72390992283845
3.8168681017791
3.90982628071975
4.0027844596604
3.77743275241726
3.87039093135791
3.96334911029856
3.73799740305542
3.83095558199607
3.92391376093672
3.69856205369358
3.79152023263423
3.88447841157489
3.65912670433175
3.7520848832724
3.84504306221305
3.9380012411537
3.71264953391056
3.80560771285121
3.89856589179186
3.67321418454872
3.76617236348937
3.85913054243002
3.63377883518688
3.72673701412753
3.81969519306819
3.59434348582505
3.6873016647657
3.78025984370635
3.55490813646321
3.64786631540386
3.74082449434451
3.51547278710137
3.60843096604202
3.70138914498267
3.47603743773953
3.56899561668018
3.66195379562084
3.4366020883777
3.52956026731835
3.622518446259
3.71547662519965
3.49012491795651
3.58308309689716
3.35773138965402
3.45068956859467
3.54364774753532
3.63660592647597
3.41125421923283
3.50421239817348
3.59717057711413
3.37181886987099
3.46477704881164
3.55773522775229
3.65069340669295
3.42534169944981
3.51829987839046
3.61125805733111
3.70421623627176
3.47886452902862
3.57182270796927
3.66478088690992
3.43942917966678
3.53238735860743
3.62534553754808
3.39999383030494
3.49295200924559
3.58591018818624
3.67886836712689
3.45351665988375
3.5464748388244
3.63943301776505
3.41408131052191
3.50703948946256
3.59999766840322
3.37464596116008
3.46760414010073
3.56056231904138
3.65352049798203
3.42816879073889
3.52112696967954
3.61408514862019
3.38873344137705
3.4816916203177
3.57464979925835
3.667607978199
3.44225627095586
3.53521444989651
3.62817262883717
3.40282092159403
3.49577910053468
3.58873727947533
3.36338557223219
3.45634375117284
3.54930193011349
3.32395022287035
3.416908401811
3.50986658075165
3.6028247596923
3.37747305244916
3.47043123138981
3.56338941033047
3.33803770308733
3.43099588202798
3.52395406096863
3.61691223990928
3.39156053266614
3.48451871160679
3.57747689054744
3.3521251833043
3.44508336224495
3.5380415411856
3.31268983394246
3.40564801288311
3.49860619182376
3.27325448458062
3.36621266352127
3.45917084246192
3.55212902140258
3.64508720034323
3.41973549310009
3.51269367204074
3.60565185098139
3.38030014373825
3.4732583226789
3.56621650161955
3.6591746805602
3.43382297331706
3.52678115225771
3.61973933119836
3.71269751013901
3.48734580289587
3.58030398183653
3.67326216077718
3.76622033971783
3.54086863247469
3.63382681141534
3.72678499035599
3.81974316929664
3.91270134823729
3.68734964099415
3.7803078199348
3.87326599887546
3.64791429163232
3.74087247057297
3.83383064951362
3.92678882845427
3.70143712121113
3.79439530015178
3.88735347909243
3.98031165803308
3.75495995078994
3.84791812973059
3.94087630867124
4.0338344876119
3.80848278036876
3.90144095930941
3.99439913825006
4.08735731719071
3.86200560994757
3.95496378888822
4.04792196782887
4.14088014676952
3.91552843952638
4.00848661846703
4.10144479740768
3.87609309016454
3.96905126910519
4.06200944804585
3.83665774080271
3.92961591974336
4.02257409868401
3.79722239144087
3.89018057038152
3.98313874932217
3.75778704207903
3.85074522101968
3.94370339996033
4.03666157890098
3.81130987165784
3.90426805059849
3.99722622953914
3.771874522296
3.86483270123666
3.95779088017731
3.73243917293417
3.82539735187482
3.91835553081547
3.69300382357233
3.78596200251298
3.87892018145363
3.65356847421049
3.74652665315114
3.83948483209179
3.93244301103244
3.7070913037893
3.80004948272996
3.89300766167061
3.66765595442747
3.76061413336812
3.85357231230877
3.62822060506563
3.72117878400628
3.81413696294693
3.58878525570379
3.68174343464444
3.77470161358509
3.54934990634195
3.6423080852826
3.73526626422325
3.50991455698012
3.60287273592077
3.69583091486142
3.47047920761828
3.56343738655893
3.65639556549958
3.43104385825644
3.52400203719709
3.61696021613774
3.70991839507839
3.48456668783525
3.5775248667759
3.67048304571655
3.44513133847341
3.53808951741407
3.63104769635472
3.40569598911158
3.49865416805223
3.59161234699288
3.36626063974974
3.45921881869039
3.55217699763104
3.3268252903879
3.41978346932855
3.5127416482692
3.28738994102606
3.38034811996672
3.47330629890737
3.56626447784802
3.34091277060488
3.43387094954553
3.52682912848618
3.30147742124304
3.39443560018369
3.48739377912434
3.2620420718812
3.35500025082185
3.4479584297625
3.54091660870316
3.31556490146002
3.40852308040067
3.50148125934132
3.27612955209818
3.36908773103883
3.46204590997948
3.23669420273634
3.32965238167699
3.42261056061764
3.51556873955829
3.60852691849894
3.3831752112558
3.47613339019645
3.56909156913711
3.34373986189397
3.43669804083462
3.52965621977527
3.62261439871592
3.39726269147278
3.49022087041343
3.58317904935408
3.35782734211094
3.45078552105159
3.54374369999224
3.6367018789329
3.72966005787355
3.50430835063041
3.59726652957106
3.69022470851171
3.78318288745236
3.87614106639301
3.65078935914987
3.74374753809052
3.83670571703117
3.61135400978803
3.70431218872869
3.79727036766934
3.89022854660999
3.66487683936685
3.7578350183075
3.85079319724815
3.62544149000501
3.71839966894566
3.81135784788631
3.90431602682696
3.99727420576761
3.77192249852447
3.86488067746512
3.95783885640577
3.73248714916263
3.82544532810328
3.91840350704394
4.01136168598459
3.78600997874145
3.8789681576821
3.97192633662275
3.74657462937961
3.83953280832026
3.93249098726091
4.02544916620156
3.80009745895842
3.89305563789907
3.98601381683972
3.76066210959658
3.85362028853723
3.94657846747788
4.03953664641853
4.13249482535919
3.90714311811605
4.0001012970567
4.09305947599735
3.86770776875421
3.96066594769486
4.05362412663551
4.14658230557616
4.23954048451681
4.01418877727367
4.10714695621432
4.20010513515497
3.97475342791183
4.06771160685249
4.16066978579314
3.93531807855
4.02827625749065
4.1212344364313
4.21419261537195
3.98884090812881
4.08179908706946
4.17475726601011
4.26771544495076
4.04236373770762
4.13532191664828
4.22828009558893
4.00292838834579
4.09588656728644
4.18884474622709
4.28180292516774
4.0564512179246
4.14940939686525
4.2423675758059
4.01701586856276
4.10997404750341
4.20293222644406
3.97758051920092
4.07053869814157
4.16349687708222
3.93814516983908
4.03110334877973
4.12406152772038
4.21701970666104
3.9916679994179
4.08462617835855
4.1775843572992
4.27054253623985
4.04519082899671
4.13814900793736
3.91279730069422
4.00575547963487
4.09871365857552
3.87336195133238
3.96632013027304
4.05927830921369
4.15223648815434
3.9268847809112
4.01984295985185
4.1128011387925
3.88744943154936
3.98040761049001
4.07336578943066
3.84801408218752
3.94097226112817
4.03393044006882
3.80857873282568
3.90153691176634
3.99449509070699
3.76914338346385
3.8621015624045
3.95505974134515
3.72970803410201
3.82266621304266
3.91562439198331
3.69027268474017
3.78323086368082
3.87618904262147
3.96914722156212
4.06210540050278
3.83675369325964
3.92971187220029
3.70436016495715
3.7973183438978
3.89027652283845
3.9832347017791
3.75788299453596
3.85084117347661
3.62548946623347
3.71844764517412
3.81140582411478
3.58605411687163
3.67901229581229
3.77197047475294
3.86492865369359
3.63957694645045
3.7325351253911
3.82549330433175
3.60014159708861
3.69309977602926
3.78605795496991
3.87901613391056
3.65366442666742
3.74662260560807
3.83958078454873
3.61422907730559
3.70718725624624
3.80014543518689
3.57479372794375
3.6677519068844
3.44240019964126
3.53535837858191
3.62831655752256
3.72127473646321
3.49592302922007
3.58888120816072
3.68183938710137
3.77479756604202
3.86775574498267
3.64240403773953
3.73536221668018
3.82832039562084
3.6029686883777
3.69592686731835
3.788885046259
3.56353333901586
3.65649151795651
3.74944969689716
3.84240787583781
3.93536605477846
3.71001434753532
3.80297252647597
3.89593070541663
3.98888888435728
3.76353717711414
3.85649535605479
3.94945353499544
3.7241018277523
3.81706000669295
3.9100181856336
4.00297636457425
4.0959345435149
3.87058283627176
3.96354101521242
4.05649919415307
4.14945737309372
3.92410566585058
4.01706384479123
4.11002202373188
4.20298020267253
3.97762849542939
4.07058667437004
4.16354485331069
4.25650303225134
4.0311513250082
4.12410950394885
4.21706768288951
3.99171597564637
4.08467415458702
4.17763233352767
3.95228062628453
4.04523880522518
4.13819698416583
4.23115516310648
4.00580345586334
4.09876163480399
4.19171981374464
4.2846779926853
4.05932628544215
4.1522844643828
4.24524264332346
4.01989093608032
4.11284911502097
4.20580729396162
4.29876547290227
4.07341376565913
4.16637194459978
4.25933012354043
4.35228830248108
4.44524648142173
4.21989477417859
4.31285295311924
4.40581113205989
4.18045942481675
4.27341760375741
4.36637578269806
4.45933396163871
4.23398225439557
4.32694043333622
4.41989861227687
4.51285679121752
4.28750508397438
4.38046326291503
4.47342144185568
4.24806973461254
4.34102791355319
4.43398609249385
4.20863438525071
4.30159256419136
4.39455074313201
4.48750892207266
4.58046710101331
4.35511539377017
4.44807357271082
4.54103175165147
4.31568004440833
4.40863822334899
4.50159640228964
4.2762446950465
4.36920287398715
4.4621610529278
4.55511923186845
4.32976752462531
4.42272570356596
4.51568388250661
4.29033217526347
4.38329035420412
4.47624853314477
4.25089682590163
4.34385500484228
4.43681318378294
4.2114614765398
4.30441965548045
4.3973778344211
4.17202612717796
4.26498430611861
4.35794248505926
4.13259077781612
4.22554895675677
4.31850713569742
4.09315542845428
4.18611360739493
4.27907178633558
4.05372007909244
4.14667825803309
4.23963643697375
4.3325946159144
4.10724290867126
4.20020108761191
4.29315926655256
4.06780755930942
4.16076573825007
4.25372391719072
4.02837220994758
4.12133038888823
4.21428856782888
3.98893686058574
4.08189503952639
3.85654333228325
3.94950151122391
4.04245969016456
4.13541786910521
4.22837604804586
4.00302434080272
4.09598251974337
4.18894069868402
4.28189887762467
4.05654717038153
4.14950534932218
4.24246352826283
4.01711182101969
4.11006999996034
4.203028178901
3.97767647165785
4.07063465059851
3.84528294335537
3.93824112229602
4.03119930123667
4.12415748017732
3.89880577293418
3.99176395187483
4.08472213081548
4.17768030975613
3.95232860251299
4.04528678145364
4.1382449603943
3.91289325315116
4.00585143209181
4.09880961103246
4.19176778997311
3.96641608272997
4.05937426167062
4.15233244061127
3.92698073336813
4.01993891230878
4.11289709124943
4.20585527019009
3.98050356294695
4.0734617418876
4.16641992082825
3.94106821358511
4.03402639252576
4.12698457146641
4.21994275040706
3.99459104316392
4.08754922210457
4.18050740104522
4.27346557998588
4.36642375892653
4.45938193786718
4.23403023062404
4.32698840956469
4.41994658850534
4.1945948812622
4.28755306020285
4.3805112391435
4.47346941808415
4.5664275970248
4.34107588978166
4.43403406872231
4.52699224766296
4.61995042660362
4.39459871936048
4.48755689830113
4.58051507724178
4.35516336999864
4.44812154893929
4.22276984169615
4.3157280206368
4.40868619957745
4.5016443785181
4.27629267127496
4.36925085021561
4.46220902915627
4.55516720809692
4.32981550085378
4.42277367979443
4.51573185873508
4.29038015149194
4.38333833043259
4.47629650937324
4.56925468831389
4.34390298107075
4.4368611600114
4.52981933895205
4.30446763170891
4.39742581064956
4.49038398959022
4.58334216853087
4.67630034747152
4.45094864022838
4.54390681916903
4.63686499810968
4.41151329086654
4.50447146980719
4.27911976256405
4.3720779415047
4.39531748623986
4.41855703097503
4.44179657571019
4.46503612044535
4.557994299386
4.58123384412117
4.60447338885633
4.62771293359149
4.65095247832665
4.42560077108351
4.51855895002416
4.61151712896482
4.70447530790547
4.47912360066233
4.57208177960298
4.66503995854363
4.43968825130049
4.53264643024114
4.62560460918179
4.40025290193865
4.4932110808793
4.58616925981995
4.36081755257681
4.45377573151746
4.54673391045811
4.32138220321497
4.41434038215562
4.50729856109628
4.60025674003693
4.37490503279379
4.46786321173444
4.56082139067509
4.33546968343195
4.4284278623726
4.52138604131325
4.29603433407011
4.38899251301076
4.16364080576762
4.25659898470827
4.34955716364892
4.44251534258957
4.21716363534644
4.31012181428709
4.08477010704395
4.1777282859846
4.27068646492525
4.04533475768211
4.13829293662276
4.23125111556341
4.32420929450406
4.09885758726092
4.19181576620157
4.28477394514222
4.05942223789908
4.15238041683973
4.24533859578039
4.33829677472104
4.1129450674779
4.20590324641855
4.2988614253592
4.07350971811606
4.16646789705671
4.25942607599736
4.03407436875422
4.12703254769487
4.21999072663552
3.99463901939238
4.08759719833303
4.18055537727368
4.27351355621433
4.04816184897119
4.14112002791185
4.2340782068525
4.00872649960936
4.10168467855001
4.19464285749066
4.28760103643131
4.06224932918817
4.15520750812882
4.24816568706947
4.34112386601012
4.11577215876698
4.20873033770763
4.30168851664828
4.07633680940514
4.16929498834579
4.26225316728645
4.3552113462271
4.44816952516775
4.22281781792461
4.31577599686526
4.40873417580591
4.18338246856277
4.27634064750342
4.36929882644407
4.46225700538472
4.23690529814158
4.32986347708223
4.42282165602288
4.19746994877975
4.2904281277204
4.38338630666105
4.4763444856017
4.56930266454235
4.34395095729921
4.43690913623986
4.52986731518051
4.62282549412116
4.39747378687802
4.49043196581867
4.58339014475932
4.67634832369997
4.76930650264062
4.54395479539749
4.63691297433814
4.72987115327879
4.50451944603565
4.5974776249763
4.69043580391695
4.7833939828576
4.87635216179825
4.65100045455511
4.74395863349576
4.83691681243641
4.92987499137706
4.70452328413392
4.79748146307457
4.89043964201523
4.98339782095588
4.75804611371274
4.85100429265339
4.94396247159404
4.7186107643509
4.49325905710776
4.9045271222322
4.67917541498906
4.77213359392971
4.86509177287036
4.95804995181102
4.73269824456788
4.82565642350853
4.91861460244918
4.69326289520604
4.78622107414669
4.56086936690355
4.6538275458442
4.74678572478485
4.8397439037255
4.61439219648236
4.70735037542301
4.80030855436366
4.57495684712052
4.66791502606117
4.76087320500183
4.85383138394248
4.62847967669934
4.72143785563999
4.81439603458064
4.5890443273375
4.68200250627815
4.7749606852188
4.54960897797566
4.64256715691631
4.73552533585696
4.82848351479761
4.60313180755447
4.69608998649513
4.47073827925199
4.56369645819264
4.65665463713329
4.43130292989015
4.5242611088308
4.61721928777145
4.39186758052831
4.48482575946896
4.57778393840961
4.67074211735026
4.44539041010712
4.53834858904778
4.31299688180463
4.40595506074529
4.49891323968594
4.59187141862659
4.36651971138345
4.4594778903241
4.55243606926475
4.32708436202161
4.42004254096226
4.51300071990291
4.60595889884357
4.38060719160042
4.47356537054107
4.56652354948173
4.34117184223859
4.43413002117924
4.52708820011989
4.30173649287675
4.3946946718174
4.48765285075805
4.26230114351491
4.35525932245556
4.44821750139621
4.22286579415307
4.31582397309372
4.40878215203437
4.18343044479123
4.27638862373188
4.36934680267253
4.46230498161318
4.23695327437004
4.32991145331069
4.42286963225135
4.19751792500821
4.29047610394886
4.38343428288951
4.47639246183016
4.56935064077081
4.34399893352767
4.43695711246832
4.52991529140897
4.30456358416583
4.39752176310648
4.49047994204713
4.26512823480399
4.35808641374464
4.4510445926853
4.54400277162595
4.6369609505666
4.41160924332346
4.50456742226411
4.59752560120476
4.69048378014541
4.46513207290227
4.55809025184292
4.65104843078358
4.42569672354043
4.51865490248109
4.61161308142174
4.70457126036239
4.79752943930304
4.5721777320599
4.66513591100055
4.7580940899412
4.85105226888185
4.62570056163871
4.71865874057936
4.81161691952001
4.58626521227687
4.67922339121752
4.77218157015818
4.54682986291504
4.63978804185569
4.73274622079634
4.5073945135532
4.91866257867764
4.6933108714345
4.78626905037515
4.8792272293158
4.97218540825645
4.74683370101331
4.83979187995396
4.93275005889461
5.02570823783527
4.80035653059213
4.89331470953278
4.98627288847343
5.07923106741408
5.17218924635473
4.94683753911159
5.03979571805224
5.13275389699289
4.90740218974975
5.0003603686904
5.09331854763106
5.18627672657171
4.96092501932857
5.05388319826922
5.14684137720987
5.23979955615052
5.01444784890738
5.10740602784803
5.20036420678868
4.97501249954554
5.06797067848619
5.16092885742685
4.9355771501837
5.02853532912436
5.12149350806501
5.21445168700566
4.98909997976252
5.08205815870317
5.17501633764382
4.94966463040068
5.04262280934133
4.81727110209819
4.91022928103884
5.00318745997949
5.09614563892014
4.870793931677
4.96375211061765
5.0567102895583
4.83135858231516
4.92431676125581
5.01727494019647
4.79192323295333
4.88488141189398
4.97783959083463
4.75248788359149
4.84544606253214
4.93840424147279
4.71305253422965
4.8060107131703
4.89896889211095
4.67361718486781
4.76657536380846
4.85953354274911
4.95249172168977
4.72714001444663
4.82009819338728
4.59474648614414
4.68770466508479
4.78066284402544
4.87362102296609
4.64826931572295
4.7412274946636
4.83418567360425
4.60883396636111
4.70179214530176
4.79475032424241
4.56939861699927
4.66235679593992
4.75531497488058
4.84827315382123
4.62292144657809
4.71587962551874
4.80883780445939
4.58348609721625
4.6764442761569
4.76940245509755
4.8623606340382
4.63700892679506
4.72996710573571
4.82292528467637
4.59757357743323
4.69053175637388
4.78348993531453
4.87644811425518
4.65109640701204
4.74405458595269
4.83701276489334
4.6116610576502
4.70461923659085
4.7975774155315
4.57222570828837
4.66518388722902
4.75814206616967
4.85110024511032
4.62574853786718
4.71870671680783
4.81166489574848
4.90462307468913
4.67927136744599
4.77222954638664
4.86518772532729
4.95814590426795
4.73279419702481
4.82575237596546
4.91871055490611
5.01166873384676
5.10462691278741
4.87927520554427
4.97223338448492
5.06519156342557
4.83983985618243
4.93279803512308
5.02575621406373
5.11871439300439
5.21167257194504
4.9863208647019
5.07927904364255
5.1722372225832
4.94688551534006
5.03984369428071
5.13280187322136
5.22576005216201
5.31871823110266
5.09336652385952
5.18632470280017
5.27928288174083
5.05393117449769
5.14688935343834
5.23984753237899
5.33280571131964
5.1074540040765
5.20041218301715
5.2933703619578
5.38632854089845
5.16097683365531
5.25393501259596
5.34689319153662
5.12154148429348
5.21449966323413
5.30745784217478
5.08210613493164
5.17506431387229
5.26802249281294
5.36098067175359
5.45393885069424
5.2285871434511
5.32154532239175
5.09619361514861
5.18915179408926
5.28210997302991
5.37506815197057
5.14971644472743
5.24267462366808
5.33563280260873
5.42859098154938
5.52154916049003
5.29619745324689
5.38915563218754
5.48211381112819
5.25676210388505
5.3497202828257
5.44267846176635
5.21732675452321
5.31028493346386
5.40324311240451
5.17789140516137
5.27084958410202
5.04549787685888
5.45676594198332
5.23141423474018
5.32437241368084
5.0990207064377
5.19197888537835
4.96662717813521
5.05958535707586
5.15254353601651
5.24550171495716
5.02015000771402
5.11310818665467
5.20606636559532
4.98071465835218
5.07367283729283
5.16663101623348
4.94127930899034
5.03423748793099
5.12719566687165
4.90184395962851
4.99480213856916
5.08776031750981
5.18071849645046
4.95536678920732
5.04832496814797
5.14128314708862
4.91593143984548
5.00888961878613
5.10184779772678
4.87649609048364
4.96945426942429
5.06241244836495
5.1553706273056
4.93001892006246
5.02297709900311
5.11593527794376
5.20889345688441
4.98354174964127
5.07649992858192
5.16945810752257
4.94410640027943
5.03706457922008
5.13002275816074
4.9046710509176
4.99762922985825
4.97115052419775
4.94467181853725
4.91819311287675
4.89171440721626
4.86523570155576
5.2765037666802
5.05115205943706
5.14411023837771
5.23706841731836
5.01171671007522
5.10467488901587
5.19763306795652
5.29059124689718
5.06523953965404
5.15819771859469
5.18143726332985
5.20467680806501
5.22791635280017
5.25115589753534
5.34411407647599
5.11876236923285
5.2117205481735
5.30467872711415
5.3976369060548
5.17228519881166
5.26524337775231
5.35820155669296
5.45115973563361
5.22580802839047
5.31876620733112
5.41172438627178
5.50468256521243
5.27933085796929
5.37228903690994
5.46524721585059
5.23989550860745
5.65116357373189
5.42581186648875
5.5187700454294
5.61172822437005
5.38637651712691
5.47933469606756
5.57229287500821
5.66525105394886
5.43989934670572
5.53285752564637
5.62581570458702
5.71877388352767
5.49342217628454
5.58638035522519
5.67933853416584
5.77229671310649
5.54694500586335
5.639903184804
5.41455147756086
5.50750965650151
5.60046783544216
5.69342601438281
5.46807430713967
5.56103248608032
5.65399066502097
5.74694884396162
5.52159713671848
5.61455531565913
5.70751349459978
5.48216178735664
5.57511996629729
5.66807814523794
5.44272643799481
5.53568461693546
5.62864279587611
5.40329108863297
5.49624926757362
5.58920744651427
5.68216562545492
5.45681391821178
5.54977209715243
5.64273027609308
5.41737856884994
5.51033674779059
5.60329492673125
5.6962531056719
5.47090139842876
5.56385957736941
5.65681775631006
5.43146604906692
5.52442422800757
5.61738240694822
5.39203069970508
5.48498887864573
5.57794705758638
5.35259535034324
5.44555352928389
5.53851170822455
5.31316000098141
5.40611817992206
5.49907635886271
5.27372465161957
5.36668283056022
5.45964100950087
5.23428930225773
5.32724748119838
5.42020566013903
5.19485395289589
5.28781213183654
5.38077031077719
5.15541860353405
5.2483767824747
5.34133496141535
5.434293140356
5.20894143311286
5.30189961205351
5.39485779099416
5.16950608375102
5.26246426269167
5.03711255544853
5.44838062057297
5.22302891332983
5.31598709227049
5.40894527121114
5.50190345015179
5.27655174290865
5.3695099218493
5.46246810078995
5.5554262797306
5.33007457248746
5.42303275142811
5.51599093036876
5.29063922312562
5.38359740206627
5.47655558100692
5.56951375994758
5.66247193888823
5.75543011782888
5.53007841058574
5.62303658952639
5.71599476846704
5.4906430612239
5.58360124016455
5.35824953292141
5.45120771186206
5.54416589080271
5.63712406974336
5.41177236250022
5.50473054144087
5.59768872038152
5.69064689932217
5.46529519207903
5.55825337101969
5.65121154996034
5.74416972890099
5.51881802165785
5.6117762005985
5.70473437953915
5.7976925584798
5.57234085123666
5.66529903017731
5.75825720911796
5.53290550187482
5.62586368081547
5.71882185975612
5.81178003869677
5.90473821763742
5.67938651039428
5.77234468933493
5.86530286827558
5.95826104721623
5.73290933997309
5.82586751891374
5.91882569785439
5.69347399061125
5.7864321695519
5.87939034849255
5.9723485274332
6.06530670637386
5.83995499913071
5.93291317807137
6.02587135701202
5.80051964976888
5.89347782870953
5.98643600765018
5.76108430040704
5.85404247934769
5.94700065828834
6.03995883722899
5.81460712998585
5.9075653089265
6.00052348786715
5.77517178062401
5.86812995956466
5.96108813850532
6.05404631744597
5.82869461020283
5.92165278914348
6.01461096808413
5.78925926084099
6.20052732596543
5.6568657325385
5.74982391147915
5.8427820904198
5.93574026936045
5.71038856211731
5.80334674105796
5.89630491999861
5.67095321275547
5.76391139169612
5.85686957063677
5.94982774957742
5.72447604233428
5.81743422127493
5.59208251403179
5.68504069297244
5.7779988719131
5.55264716466995
5.64560534361061
5.42025363636747
5.83152170149191
5.60616999424877
5.38081828700563
5.47377646594628
5.56673464488693
5.65969282382758
5.43434111658444
5.52729929552509
5.62025747446574
5.3949057672226
5.48786394616325
5.5808221251039
5.35547041786076
5.44842859680141
5.54138677574207
5.31603506849893
5.40899324743958
5.50195142638023
5.59490960532088
5.36955789807774
5.46251607701839
5.55547425595904
5.64843243489969
5.42308072765655
5.5160389065972
5.60899708553785
5.38364537829471
5.47660355723536
5.56956173617601
5.66251991511666
5.43716820787352
5.53012638681418
5.62308456575483
5.71604274469548
5.49069103745234
5.58364921639299
5.67660739533364
5.76956557427429
5.54421386703115
5.6371720459718
5.73013022491245
5.50477851766931
5.59773669660996
5.69069487555061
5.78365305449126
5.87661123343192
5.65125952618877
5.74421770512943
5.83717588407008
5.93013406301073
5.70478235576759
5.79774053470824
5.89069871364889
5.66534700640575
5.7583051853464
5.85126336428705
5.62591165704391
5.71886983598456
5.81182801492521
5.58647630768207
5.99774437280652
5.77239266556338
5.86535084450403
5.95830902344468
6.05126720238533
5.82591549514219
5.91887367408284
6.01183185302349
6.10479003196414
5.879438324721
5.97239650366165
6.0653546826023
6.15831286154295
5.93296115429981
6.02591933324046
5.80056762599732
5.89352580493797
5.98648398387862
6.07944216281927
5.85409045557614
6.26535852070058
6.04000681345744
5.8146551062143
5.90761328515495
6.0005714640956
6.09352964303625
6.1864878219769
5.96113611473376
6.05409429367441
5.82874258643127
5.92170076537192
6.01465894431257
5.78930723706943
5.88226541601008
5.97522359495073
6.06818177389138
5.84283006664824
5.9357882455889
6.02874642452955
5.80339471728641
6.21466278241085
5.98931107516771
6.08226925410836
5.85691754686522
5.94987572580587
5.72452401856273
5.81748219750338
5.91044037644403
6.00339855538468
5.77804684814154
5.87100502708219
5.96396320602284
5.73861149877971
5.83156967772036
5.92452785666101
5.69917614941787
5.79213432835852
5.88509250729917
5.65974080005603
5.75269897899668
5.84565715793733
5.62030545069419
5.71326362963484
5.80622180857549
5.89917998751615
5.67382828027301
5.76678645921366
5.85974463815431
5.63439293091117
5.72735110985182
5.82030928879247
5.59495758154933
5.68791576048998
5.78087393943063
5.55552223218749
5.64848041112814
5.423128703885
5.51608688282565
5.60904506176631
5.38369335452317
5.79496141964761
5.56960971240447
5.66256789134512
5.75552607028577
5.53017436304263
5.62313254198328
5.71609072092393
5.49073901368079
5.58369719262144
5.67665537156209
5.76961355050274
5.86257172944339
5.63722002220025
5.7301782011409
5.82313638008155
5.59778467283841
5.69074285177906
5.78370103071972
5.87665920966037
5.65130750241723
6.06257556754167
5.83722386029853
5.93018203923918
6.02314021817983
5.79778851093669
5.89074668987734
5.98370486881799
6.07666304775864
5.8513113405155
5.94426951945615
6.0372276983968
5.81187599115366
5.90483417009431
5.99779234903496
6.09075052797562
5.86539882073247
5.95835699967312
5.73300529242999
5.82596347137064
5.91892165031129
6.01187982925194
5.7865281220088
5.87948630094945
5.9724444798901
6.06540265883075
5.84005095158761
5.93300913052826
6.02596730946891
6.11892548840956
5.89357378116642
5.98653196010707
6.07949013904772
6.17244831798837
6.26540649692902
6.04005478968588
6.13301296862653
5.90766126138339
6.00061944032405
6.09357761926469
5.86822591202155
6.279493977146
6.05414226990286
6.14710044884351
5.92174874160037
6.01470692054102
6.10766509948167
6.20062327842232
5.97527157117918
5.74991986393604
5.84287804287669
5.93583622181734
6.02879440075799
5.80344269351485
5.8964008724555
5.98935905139615
5.76400734415301
5.85696552309367
5.94992370203432
5.72457199479118
5.81753017373183
6.22879823885627
6.00344653161313
6.09640471055378
5.87105300331064
5.96401118225129
6.05696936119194
5.8316176539488
5.92457583288946
6.01753401183011
6.11049219077076
5.88514048352762
5.97809866246827
6.07105684140892
5.84570513416578
5.93866331310643
6.03162149204708
5.80626978480394
5.89922796374459
5.99218614268524
5.7668344354421
5.85979261438275
5.9527507933234
6.04570897226405
5.82035726502091
5.91331544396156
5.68796373671842
5.78092191565907
5.87388009459972
5.64852838735658
5.74148656629723
5.83444474523789
5.60909303799475
5.7020512169354
5.79500939587605
5.56965768863291
5.66261586757356
5.75557404651421
5.53022233927107
5.62318051821172
5.71613869715237
5.80909687609302
5.58374516884988
5.67670334779053
5.76966152673118
5.54430981948804
5.63726799842869
5.73022617736934
5.82318435630999
5.91614253525065
5.69079082800751
5.78374900694816
5.87670718588881
5.96966536482946
5.74431365758632
5.83727183652697
5.93023001546762
6.02318819440827
5.79783648716513
5.89079466610578
5.66544295886264
6.07671102398708
5.85135931674394
5.94431749568459
6.03727567462524
5.8119239673821
5.90488214632276
5.99784032526341
6.09079850420406
5.86544679696092
5.95840497590157
6.05136315484222
6.14432133378287
5.91896962653973
6.01192780548038
6.10488598442103
5.87953427717789
5.97249245611854
6.06545063505919
6.15840881399984
5.9330571067567
6.34432517188114
6.118973464638
6.21193164357865
5.98657993633551
6.07953811527616
6.17249629421681
5.94714458697367
6.04010276591432
6.13306094485497
6.22601912379562
6.00066741655248
6.09362559549313
6.18658377443379
5.96123206719064
6.0541902461313
6.14714842507195
6.2401066040126
6.01475489676946
6.10771307571011
5.88236136846697
6.29362943359141
6.06827772634827
6.16123590528892
5.93588419804578
6.02884237698643
6.12180055592708
5.89644884868394
5.9894070276246
6.08236520656525
5.85701349932211
5.94997167826276
6.04292985720341
6.13588803614406
5.91053632890092
6.00349450784157
6.09645268678222
5.87110097953908
5.96405915847973
6.05701733742038
5.83166563017724
6.24293369530168
6.01758198805855
6.11054016699919
6.20349834593985
5.97814663869671
6.07110481763736
6.04462611197686
6.01814740631636
5.99166870065586
5.96518999499536
5.93871128933487
6.03166946827552
6.00519076261502
5.97871205695452
5.95223335129402
5.92575464563352
5.89927593997303
5.99223411891368
6.08519229785433
5.85984059061119
5.95279876955184
5.7274470623087
5.82040524124935
5.91336342019
5.8868847145295
5.86040600886901
5.83392730320851
5.80744859754801
5.78096989188751
5.87392807082816
5.64857636358502
5.74153454252568
5.83449272146633
5.60914101422319
5.70209919316384
5.79505737210449
5.56970566486135
5.60688893643761
5.64407220801387
5.68125547959013
5.71843875116639
5.75562202274265
5.72914331708215
5.70266461142166
5.67618590576116
5.64970720010066
5.62322849444016
6.03449655956461
5.80914485232147
5.90210303126212
5.99506121020277
6.08801938914342
5.86266768190028
5.95562586084093
6.04858403978158
5.82323233253844
5.91619051147909
6.00914869041974
6.10210686936039
5.87675516211725
6.28802322724169
6.06267151999856
6.1556296989392
5.93027799169607
6.02323617063672
6.11619434957737
6.20915252851802
5.98380082127488
6.07675900021553
6.16971717915618
6.26267535809683
6.03732365085369
6.13028182979434
6.22324000873499
5.99788830149185
6.0908464804325
6.18380465937315
5.95845295213001
6.05141113107066
6.14436931001131
6.23732748895196
6.01197578170882
6.10493396064947
6.19789213959012
5.97254043234698
6.06549861128764
6.15845679022829
6.25141496916894
6.34437314810959
6.11902144086645
6.2119796198071
6.30493779874775
6.07958609150461
6.17254427044526
5.94719256320212
6.04015074214277
6.13310892108342
6.22606710002408
6.00071539278094
6.09367357172159
6.18663175066224
5.9612800434191
6.05423822235975
6.1471964013004
6.24015458024105
6.01480287299791
6.10776105193856
6.20071923087921
5.97536752363607
6.06832570257672
6.16128388151737
5.93593217427423
6.02889035321489
6.12184853215554
5.8964968249124
5.98945500385305
6.0824131827937
6.17537136173435
5.95001965449121
6.04297783343186
6.13593601237251
5.91058430512937
6.00354248407002
6.09650066301067
5.87114895576753
5.96410713470818
6.05706531364883
6.15002349258948
5.92467178534634
6.01762996428699
6.11058814322765
5.88523643598451
5.97819461492516
6.07115279386581
6.16411097280646
5.93875926556332
6.03171744450397
6.12467562344462
6.21763380238527
5.99228209514213
6.08524027408278
5.85988856683964
5.95284674578029
6.04580492472094
5.8204532174778
5.91341139641845
6.0063695753591
5.78101786811597
5.87397604705662
5.96693422599727
6.05989240493792
5.83454069769478
5.92749887663543
5.70214716939229
5.79510534833294
5.88806352727359
5.98102170621424
6.0739798851549
5.84862817791176
5.94158635685241
6.03454453579306
5.80919282854992
5.90215100749057
5.99510918643122
6.08806736537187
6.18102554431252
5.95567383706938
6.04863201601003
6.14159019495068
6.23454837389134
6.0091966666482
6.10215484558885
6.1951130245295
5.96976131728636
6.06271949622701
6.15567767516766
6.24863585410831
6.02328414686517
6.11624232580582
5.89089061856268
6.30215868368712
6.07680697644398
6.16976515538463
6.26272333432529
6.03737162708214
6.13032980602279
6.22328798496345
6.3162461639041
6.09089445666096
6.18385263560161
6.27681081454226
6.05145910729912
6.14441728623977
6.23737546518042
6.33033364412107
6.10498193687793
6.19794011581858
6.29089829475923
6.38385647369988
6.15850476645674
6.56977283158118
6.02611123815425
6.1190694170949
6.21202759603555
6.3049857749762
6.07963406773306
6.17259224667371
6.26555042561437
6.04019871837122
6.13315689731188
6.22611507625253
6.00076336900939
6.09372154795004
6.18667972689069
6.27963790583134
6.0542861985882
6.14724437752885
6.2402025564695
6.01485084922636
6.10780902816701
6.20076720710766
5.97541549986452
6.06837367880517
6.16133185774582
5.93598015050268
6.02893832944333
6.12189650838398
5.89654480114084
5.98950298008149
6.08246115902214
6.17541933796279
5.95006763071965
6.04302580966031
6.13598398860096
6.22894216754161
6.00359046029847
6.09654863923912
6.18950681817977
5.96415511093663
6.05711328987728
6.15007146881793
6.24302964775858
6.01767794051544
6.11063611945609
6.20359429839674
6.29655247733739
6.07120077009425
6.1641589490349
6.25711712797555
6.3500753069162
6.44303348585685
6.21768177861371
6.31063995755436
6.40359813649501
6.49655631543567
6.27120460819253
6.36416278713318
6.13881107989004
6.23176925883069
6.00641755158755
6.41768561671199
6.19233390946885
6.2852920884095
6.05994038116636
6.15289856010701
6.24585673904766
6.02050503180452
6.11346321074517
6.20642138968582
6.29937956862647
6.07402786138333
6.16698604032398
6.25994421926463
6.35290239820529
6.12755069096215
6.2205088699028
6.31346704884345
6.08811534160031
6.18107352054096
6.27403169948161
6.36698987842226
6.14163817117912
6.23459635011977
6.32755452906042
6.10220282181728
6.19516100075793
5.96980929351479
6.06276747245544
6.15572565139609
6.24868383033674
6.0233321230936
6.11629030203425
6.2092484809749
6.30220665991555
6.07685495267241
6.16981313161306
6.26277131055372
6.03741960331058
6.13037778225123
6.22333596119188
6.31629414013253
6.09094243288939
6.18390061183004
5.9585489045869
6.05150708352755
6.1444652624682
6.23742344140885
6.01207173416571
6.10502991310636
6.19798809204702
6.29094627098767
6.06559456374453
6.15855274268518
6.25151092162583
6.34446910056648
6.11911739332334
6.21207557226399
6.30503375120464
6.0796820439615
6.17264022290215
6.2655984018428
6.04024669459966
6.13320487354032
6.22616305248097
6.00081134523783
6.09376952417848
6.18672770311913
5.96137599587599
6.05433417481664
6.14729235375729
6.24025053269794
6.0148988254548
6.10785700439545
6.2008151833361
5.97546347609296
6.06842165503362
6.16137983397427
5.93602812673113
6.02898630567178
6.12194448461243
6.21490266355308
5.98955095630994
6.08250913525059
5.85715742800745
5.9501156069481
6.04307378588875
6.1360319648294
6.22899014377005
6.3219483227107
6.09659661546756
6.18955479440821
5.96420308716507
6.05716126610572
6.15011944504637
6.24307762398703
6.33603580292768
6.11068409568454
6.20364227462519
6.29660045356584
6.0712487463227
6.48251681144714
5.93885521802021
6.03181339696086
6.12477157590151
6.21772975484216
6.31068793378281
6.40364611272346
6.17829440548032
6.27125258442098
6.36421076336163
6.13885905611849
6.23181723505914
6.32477541399979
6.09942370675665
6.1923818856973
6.28534006463795
6.05998835739481
6.15294653633546
6.24590471527611
6.02055300803297
6.43182107315741
6.20646936591427
6.29942754485492
6.07407583761178
6.16703401655243
6.25999219549308
6.35295037443373
6.44590855337438
6.22055684613124
6.3135150250719
6.40647320401255
6.4994313829532
6.27407967571006
6.36703785465071
6.45999603359136
6.55295421253201
6.32760250528887
6.42056068422952
6.19520897698638
5.96985726974324
6.38112533486768
6.15577362762454
6.24873180656519
6.34168998550585
6.11633827826271
6.20929645720336
6.30225463614401
6.39521281508466
6.16986110784152
6.26281928678217
6.03746757953903
6.13042575847968
6.22338393742033
5.99803223017719
6.09099040911784
6.18394858805849
5.95859688081535
6.051555059756
6.14451323869665
5.91916153145351
6.33042959657795
6.10507788933482
6.19803606827547
6.29099424721612
6.06564253997298
6.15860071891363
6.25155889785428
6.02620719061114
6.11916536955179
6.21212354849244
6.30508172743309
6.07973002018995
6.1726881991306
6.26564637807125
6.04029467082811
6.13325284976876
6.22621102870941
6.00085932146627
6.09381750040692
5.86846579316378
6.27973385828822
6.05438215104508
6.14734032998573
5.92198862274259
6.01494680168324
6.10790498062389
6.20086315956454
5.9755114523214
6.06846963126205
5.84311792401891
5.93607610295956
6.02903428190022
6.12199246084087
5.89664075359773
5.98959893253838
6.08255711147903
5.85720540423589
5.95016358317654
6.04312176211719
5.81777005487405
6.22903811999849
6.00368641275535
6.096644591696
6.18960277063666
6.28256094957731
6.05720924233417
6.15016742127482
6.24312560021547
6.33608377915612
6.11073207191298
6.20369025085363
6.29664842979428
6.38960660873493
6.48256478767558
6.25721308043244
6.35017125937309
6.12481955212995
6.2177777310706
6.31073591001125
6.40369408895191
6.49665226789256
6.27130056064941
6.36425873959007
6.45721691853072
6.23186521128758
6.32482339022823
6.41778156916888
6.19242986192574
6.28538804086639
6.37834621980704
6.1529945125639
6.24595269150455
6.33891087044521
6.43186904938586
6.20651734214272
6.29947552108337
6.39243370002402
6.48539187896467
6.26004017172153
6.35299835066218
6.44595652960283
6.22060482235969
6.31356300130034
6.40652118024099
6.49947935918164
6.2741276519385
6.36708583087915
6.4600440098198
6.23469230257666
6.32765048151732
6.42060866045797
6.51356683939862
6.28821513215548
6.38117331109613
6.47413149003678
6.24877978279364
6.34173796173429
6.43469614067494
6.52765431961559
6.30230261237245
6.3952607913131
6.16990908406996
6.26286726301062
6.35582544195127
6.13047373470813
6.22343191364878
5.99808020640564
6.09103838534629
6.18399656428694
5.9586448570438
6.05160303598445
6.1445612149251
6.23751939386575
6.01216768662261
6.10512586556326
6.19808404450392
6.29104222344457
6.38400040238522
6.15864869514208
6.25160687408273
6.34456505302338
6.11921334578024
6.21217152472089
6.30512970366154
6.39808788260219
6.17273617535905
6.26569435429971
6.35865253324036
6.13330082599722
6.22625900493787
6.00090729769473
6.09386547663538
6.18682365557603
6.27978183451668
6.05443012727354
6.14738830621419
5.92203659897105
6.0149947779117
6.10795295685235
6.200911135793
6.29386931473365
5.75020772130672
5.84316590024738
5.93612407918803
6.02908225812868
6.12204043706933
5.89668872982619
5.98964690876684
6.08260508770749
6.17556326664814
5.950211559405
6.04316973834565
6.1361279172863
6.22908609622695
6.3220442751676
6.09669256792446
6.18965074686511
6.28260892580576
6.05725721856262
6.15021539750327
6.24317357644393
6.33613175538458
6.42908993432523
6.20373822708209
6.29669640602274
6.38965458496339
6.48261276390404
6.2572610566609
6.35021923560155
6.4431774145422
6.21782570729906
6.31078388623971
6.40374206518036
6.49670024412101
6.58965842306166
6.68261660200231
6.45726489475917
6.55022307369982
6.32487136645668
6.41782954539733
6.51078772433799
6.28543601709485
6.3783941960355
6.47135237497615
6.5643105539168
6.65726873285745
6.43191702561431
6.52487520455496
6.61783338349561
6.39248167625247
6.48543985519312
6.57839803413377
6.35304632689063
6.44600450583128
6.53896268477193
6.63192086371258
6.40656915646944
6.49952733541009
6.59248551435075
6.36713380710761
6.77840187223205
6.23474027880512
6.64600834392956
6.42065663668642
6.51361481562707
6.28826310838393
6.38122128732458
6.47417946626523
6.24882775902209
6.34178593796274
6.43474411690339
6.20939240966025
6.3023505886009
6.39530876754155
6.16995706029841
6.26291523923906
6.35587341817971
6.13052171093658
6.22347988987723
5.99812818263409
6.40939624775853
6.18404454051539
6.27700271945604
6.0516510122129
6.14460919115355
6.23756737009421
6.33052554903486
6.10517384179172
6.19813202073237
6.29109019967302
6.06573849242988
6.15869667137053
6.25165485031118
6.02630314306804
6.11926132200869
6.21221950094934
6.30517767988999
6.39813585883065
6.17278415158751
6.26574233052816
6.35870050946881
6.13334880222567
6.22630698116632
6.00095527392318
6.09391345286383
6.18687163180448
6.27982981074513
6.05447810350199
6.14743628244264
6.24039446138329
6.01504275414015
6.1080009330808
5.88264922583766
5.97560740477832
6.06856558371897
6.16152376265962
5.93617205541648
6.02913023435713
6.12208841329778
6.21504659223843
6.30800477117908
6.08265306393594
6.17561124287659
6.26856942181724
6.0432177145741
6.13617589351475
6.2291340724554
6.32209225139605
6.4150504303367
6.18969872309356
6.28265690203421
6.37561508097486
6.15026337373173
6.24322155267237
6.33617973161303
6.42913791055368
6.20378620331054
6.29674438225119
6.38970256119184
6.1643508539487
6.57561891907314
6.35026721183
6.44322539077065
6.5361835697113
6.62914174865195
6.7220999275926
6.49674822034946
6.58970639929011
6.68266457823076
6.45731287098762
6.55027104992827
6.64322922886892
6.41787752162578
6.51083570056643
6.60379387950709
6.69675205844774
6.78971023738839
6.56435853014525
6.33900682290211
6.43196500184276
6.8432330669672
6.61788135972406
6.71083953866471
6.80379771760536
6.57844601036222
6.67140418930287
6.44605248205973
6.53901066100038
6.63196883994103
6.72492701888168
6.81788519782233
6.59253349057919
6.68549166951985
6.7784498484605
6.55309814121736
6.64605632015801
6.42070461291487
6.51366279185552
6.60662097079617
6.38126926355303
6.79253732867747
6.24887573525054
6.34183391419119
6.43479209313184
6.52775027207249
6.30239856482935
6.39535674377
6.17000503652686
6.26296321546751
6.35592139440817
6.44887957334882
6.22352786610568
6.31648604504633
6.40944422398698
6.18409251674384
6.27705069568449
6.37000887462514
6.144657167382
6.23761534632265
6.3305735252633
6.42353170420395
6.19817999696081
6.29113817590146
6.38409635484211
6.15874464759897
6.25170282653962
6.34466100548027
6.11930929823713
6.21226747717778
6.30522565611843
6.39818383505908
6.17283212781595
6.2657903067566
6.04043859951346
6.13339677845411
6.22635495739476
6.00100325015162
6.09396142909227
6.18691960803292
6.27987778697357
6.37283596591422
6.14748425867108
6.24044243761173
6.33340061655239
6.10804890930924
6.2010070882499
6.29396526719055
6.06861355994741
6.16157173888806
6.25452991782871
6.34748809676936
6.12213638952622
6.21509456846687
6.30805274740752
6.40101092634818
6.49396910528883
6.26861739804569
6.36157557698634
6.45453375592699
6.22918204868385
6.64045011380829
6.09678852038136
6.5080565855058
6.28270487826266
6.37566305720331
6.46862123614396
6.56157941508461
6.65453759402526
6.42918588678212
6.52214406572277
6.61510224466343
6.38975053742029
6.48270871636094
6.57566689530159
6.66862507424224
6.76158325318289
6.53623154593975
6.6291897248804
6.72214790382105
6.49679619657791
6.90806426170235
6.36440266827542
6.45736084721607
6.55031902615672
6.64327720509737
6.73623538403803
6.82919356297868
6.60384185573554
6.69680003467619
6.78975821361684
6.5644065063737
6.65736468531435
6.750322864255
6.52497115701186
6.61792933595251
6.71088751489316
6.80384569383381
6.57849398659067
6.67145216553132
6.76441034447197
6.85736852341262
6.63201681616948
6.72497499511014
6.81793317405079
6.59258146680765
6.6855396457483
6.46018793850516
6.55314611744581
6.64610429638646
6.73906247532711
6.51371076808397
6.60666894702463
6.69962712596528
6.47427541872214
6.56723359766279
6.66019177660344
6.4348400693603
6.52779824830095
6.30244654105781
6.39540471999846
6.48836289893911
6.26301119169597
6.35596937063662
6.44892754957727
6.22357584233413
6.31653402127478
6.40949220021543
6.50245037915609
6.27709867191295
6.3700568508536
6.46301502979425
6.23766332255111
6.33062150149176
6.42357968043241
6.19822797318927
6.29118615212992
6.38414433107057
6.47710251001122
6.25175080276808
6.34470898170873
6.43766716064938
6.21231545340624
6.3052736323469
6.39823181128755
6.17288010404441
6.26583828298506
6.35879646192571
6.13344475468257
6.22640293362322
6.31936111256387
6.41231929150452
6.50527747044517
6.27992576320203
6.37288394214268
6.14753223489954
6.24049041384019
6.33344859278084
6.42640677172149
6.20105506447835
6.294013243419
6.38697142235966
6.16161971511652
6.25457789405717
6.34753607299782
6.44049425193847
6.53345243087912
6.30810072363598
6.40105890257663
6.49401708151728
6.26866537427414
6.36162355321479
6.45458173215544
6.5475399110961
6.64049809003675
6.41514638279361
6.50810456173426
6.60106274067491
6.37571103343177
6.46866921237242
6.56162739131307
6.65458557025372
6.42923386301058
6.52219204195123
6.61515022089188
6.70810839983253
6.48275669258939
6.57571487153004
6.66867305047069
6.44332134322755
6.5362795221682
6.62923770110886
6.72219588004951
6.49684417280637
6.58980235174702
6.68276053068767
6.77571870962832
6.55036700238518
6.64332518132583
6.73628336026648
6.51093165302334
6.92219971814778
6.69684801090464
6.78980618984529
6.88276436878594
6.6574126615428
6.75037084048346
6.84332901942411
6.61797731218097
6.71093549112162
6.80389367006227
6.89685184900292
6.67150014175978
6.76445832070043
6.85741649964108
6.63206479239794
6.72502297133859
6.49967126409545
6.5926294430361
6.68558762197675
6.46023591473361
6.55319409367426
6.64615227261491
6.42080056537177
6.51375874431242
6.60671692325307
6.38136521600994
6.47432339495059
6.56728157389124
6.3419298666481
6.43488804558875
6.5278462245294
6.30249451728626
6.39545269622691
6.48841087516756
6.26305916792442
6.35601734686507
6.44897552580572
6.54193370474638
6.31658199750323
6.40954017644389
6.50249835538454
6.2771466481414
6.37010482708205
6.4630630060227
6.23771129877956
6.33066947772021
6.42362765666086
6.51658583560151
6.29123412835837
6.38419230729902
6.47715048623967
6.25179877899653
6.34475695793718
6.43771513687783
6.21236342963469
6.30532160857534
6.398279787516
6.49123796645665
6.26588625921351
6.35884443815416
6.45180261709481
6.54476079603546
6.31940908879232
6.41236726773297
6.50532544667362
6.27997373943048
6.37293191837113
6.46589009731178
6.55884827625243
6.33349656900929
6.42645474794994
6.51941292689059
6.61237110583125
6.7053292847719
6.47997757752876
6.57293575646941
6.66589393541006
6.44054222816692
6.53350040710757
6.62645858604822
6.71941676498887
6.49406505774573
6.58702323668638
6.67998141562703
6.77293959456768
6.54758788732454
6.64054606626519
6.41519435902205
6.5081525379627
6.60111071690335
6.694068895844
6.46871718860086
6.56167536754152
6.65463354648217
6.42928183923903
6.52224001817968
6.61519819712033
6.70815637606098
6.48280466881784
6.57576284775849
6.66872102669914
6.443369319456
6.53632749839665
6.6292856773373
6.72224385627795
6.49689214903481
6.58985032797546
6.68280850691611
6.77576668585676
6.55041497861362
6.64337315755427
6.73633133649492
6.51097962925178
6.60393780819243
6.69689598713309
6.78985416607374
6.5645024588306
6.65746063777125
6.7504188167119
6.52506710946876
6.61802528840941
6.39267358116627
6.48563176010692
6.57858993904757
6.67154811798822
6.76450629692887
6.53915458968573
6.63211276862638
6.72507094756704
6.81802912650769
6.59267741926455
6.6856355982052
6.46028389096206
6.55324206990271
6.32789036265957
6.42084854160022
6.51380672054087
6.28845501329773
6.38141319223838
6.47437137117903
6.56732955011968
6.34197784287654
6.43493602181719
6.52789420075784
6.62085237969849
6.39550067245535
6.488458851396
6.58141703033666
6.35606532309351
6.44902350203417
6.54198168097482
6.63493985991547
6.40958815267233
6.50254633161298
6.59550451055363
6.68846268949428
6.78142086843493
6.55606916119179
6.64902734013244
6.4236756328893
6.83494369801374
6.60959199077061
6.70255016971126
6.79550834865191
6.57015664140877
6.66311482034942
6.75607299929007
6.53072129204693
6.62367947098758
6.71663764992823
6.49128594268509
6.58424412162574
6.67720230056639
6.45185059332325
6.54480877226391
6.63776695120456
6.41241524396142
6.50537342290207
6.59833160184272
6.69128978078337
6.78424795972402
6.55889625248088
6.65185443142153
6.74481261036218
6.51946090311904
6.6124190820597
6.70537726100035
6.798335439941
6.89129361888165
6.9842517978223
6.75890009057916
6.85185826951981
6.94481644846046
6.71946474121732
6.81242292015797
6.58707121291483
6.68002939185548
6.77298757079613
6.86594574973678
6.64059404249364
6.73355222143429
6.82651040037494
6.6011586931318
6.69411687207245
6.7870750510131
6.88003322995375
6.65468152271061
6.74763970165126
6.52228799440813
6.61524617334878
6.70820435228943
6.48285264504629
6.57581082398694
6.66876900292759
6.76172718186824
6.85468536080889
6.62933365356575
6.7222918325064
6.49694012526326
6.58989830420391
6.68285648314456
6.77581466208521
6.86877284102586
6.64342113378272
6.73637931272337
6.82933749166402
6.92229567060468
6.69694396336154
6.78990214230219
6.88286032124284
6.6575086139997
6.75046679294035
6.843424971881
6.93638315082165
6.71103144357851
6.80398962251916
6.89694780145981
6.67159609421667
6.44624438697353
6.53920256591418
6.63216074485483
6.4068090376117
6.49976721655235
6.592725395493
6.68568357443365
6.7786417533743
6.55329004613116
6.64624822507181
6.73920640401246
6.83216458295311
6.60681287570997
6.69977105465062
6.79272923359127
6.56737752634813
6.66033570528878
6.75329388422943
6.84625206317008
6.62090035592694
6.71385853486759
6.80681671380825
6.8997748927489
6.67442318550576
6.76738136444641
6.86033954338706
6.63498783614392
6.72794601508457
6.82090419402522
6.59555248678208
6.68851066572273
6.78146884466338
6.87442702360403
6.96738520254468
6.74203349530154
6.83499167424219
6.92794985318284
7.02090803212349
6.79555632488035
6.888514503821
6.66316279657786
6.75612097551851
7.16738904064295
6.94203733339982
7.03499551234047
7.12795369128112
7.22091187022177
6.99556016297863
7.08851834191928
7.18147652085993
6.95612481361679
7.04908299255744
7.14204117149809
6.91668946425495
7.0096476431956
7.10260582213625
7.1955640010769
6.97021229383376
7.06317047277441
6.83781876553127
6.93077694447192
7.02373512341258
7.11669330235323
6.89134159511009
6.98429977405074
7.07725795299139
6.85190624574825
6.9448644246889
7.03782260362955
7.1307807825702
6.90542907532706
6.99838725426772
6.77303554702457
6.86599372596523
6.95895190490588
6.73360019766274
6.82655837660339
6.91951655554404
6.6941648483009
6.78712302724155
6.8800812061822
6.97303938512285
7.0659975640635
6.84064585682036
6.61529414957722
6.70825232851787
6.80121050745852
6.89416868639917
6.98712686533982
6.76177515809668
6.85473333703733
6.94769151597798
6.72233980873484
6.8152979876755
6.90825616661615
6.68290445937301
6.77586263831366
6.86882081725431
6.96177899619496
6.73642728895182
6.82938546789247
6.92234364683312
7.01530182577377
6.78995011853063
6.88290829747128
6.97586647641193
6.7505147691688
6.84347294810944
6.9364311270501
6.71107941980696
6.80403759874761
6.89699577768826
6.67164407044512
6.76460224938577
6.85756042832642
6.95051860726707
7.04347678620772
6.81812507896458
6.91108325790523
7.00404143684588
6.77868972960274
6.87164790854339
6.96460608748404
6.7392543802409
6.83221255918155
6.9251707381222
7.01812891706285
6.79277720981971
6.88573538876036
6.97869356770101
7.07165174664167
7.16460992558232
7.25756810452297
7.03221639727983
7.12517457622048
7.21813275516113
6.99278104791799
7.08573922685864
7.17869740579929
7.27165558473994
7.0463038774968
7.13926205643745
7.23222023537811
7.00686852813497
7.09982670707562
7.19278488601627
6.96743317877313
7.06039135771378
7.15334953665443
7.24630771559508
7.33926589453573
7.1139141872926
7.20687236623325
7.2998305451739
7.39278872411455
7.16743701687141
7.26039519581206
7.35335337475271
7.12800166750957
7.22095984645022
6.99560813920708
7.08856631814773
7.18152449708838
6.95617278984524
7.04913096878589
7.14208914772654
7.23504732666719
7.00969561942405
7.1026537983647
7.19561197730536
7.28857015624601
7.06321844900287
7.15617662794352
6.93082492070038
7.02378309964103
7.11674127858168
6.89138957133854
6.98434775027919
7.07730592921984
6.8519542219767
6.94491240091735
7.03787057985801
7.13082875879866
6.90547705155552
6.99843523049617
6.77308352325303
6.86604170219368
6.95899988113433
7.05195806007498
6.82660635283184
6.91956453177249
7.01252271071314
6.78717100347
6.88012918241065
6.9730873613513
6.74773565410816
6.84069383304882
6.93365201198947
6.70830030474633
6.80125848368698
6.89421666262763
6.98717484156828
7.08013302050893
6.85478131326579
6.94773949220644
7.0406976711471
7.13365585008775
6.90830414284461
7.00126232178526
7.09422050072591
6.86886879348277
6.96182697242342
7.05478515136407
6.82943344412093
6.92239162306158
7.01534980200223
7.10830798094288
7.20126615988353
7.29422433882418
7.06887263158104
7.1618308105217
7.25478898946235
7.347747168403
7.12239546115986
7.21535364010051
7.30831181904116
7.08296011179802
6.85760840455488
6.95056658349553
7.04352476243618
7.13648294137683
7.22944112031748
7.32239929925813
7.09704759201499
7.19000577095565
7.2829639498963
7.05761224265316
7.15057042159381
7.24352860053446
7.33648677947511
7.11113507223197
7.20409325117262
7.29705143011327
7.07169972287013
7.16465790181078
7.25761608075144
7.35057425969209
7.12522255244895
7.2181807313896
7.31113891033025
7.4040970892709
7.17874538202776
7.27170356096841
7.36466173990906
7.45761991884971
7.23226821160657
7.32522639054722
7.41818456948787
7.51114274842852
7.28579104118538
7.37874922012603
7.47170739906668
7.56466557800734
7.33931387076419
7.43227204970485
7.5252302286455
7.29987852140236
7.39283670034301
7.16748499309987
7.26044317204052
7.35340135098117
7.12804964373803
7.22100782267868
7.31396600161933
7.08861429437619
7.18157247331684
7.27453065225749
7.04917894501435
7.142137123955
7.23509530289565
7.3280534818363
7.42101166077695
7.19565995353382
7.28861813247447
7.06326642523133
7.15622460417198
7.24918278311263
7.34214096205328
7.11678925481014
7.20974743375079
6.98439572650765
7.0773539054483
7.17031208438895
6.94496037714581
7.03791855608646
7.13087673502711
6.90552502778397
6.99848320672462
7.09144138566527
7.18439956460592
6.95904785736278
7.05200603630343
7.14496421524408
7.23792239418473
7.33088057312539
7.10552886588225
7.1984870448229
7.29144522376355
7.06609351652041
7.15905169546106
7.25200987440171
7.34496805334236
7.43792623228301
7.21257452503987
7.30553270398052
7.39849088292117
7.17313917567803
7.26609735461868
7.35905553355934
7.45201371249999
7.22666200525685
7.3196201841975
7.41257836313815
7.18722665589501
7.28018483483566
7.37314301377631
7.14779130653317
7.24074948547382
7.33370766441447
7.42666584335512
7.51962402229578
7.61258220123643
7.70554038017708
7.48018867293394
7.57314685187459
7.34779514463145
7.4407533235721
7.53371150251275
7.30835979526961
7.40131797421026
7.17596626696712
7.26892444590777
7.36188262484842
7.45484080378907
7.54779898272972
7.64075716167038
7.41540545442724
7.50836363336789
7.28301192612475
7.3759701050654
7.46892828400605
7.5618864629467
7.33653475570356
7.42949293464421
7.52245111358486
7.29709940634172
7.39005758528237
7.48301576422302
7.57597394316367
7.35062223592053
7.44358041486118
7.53653859380183
7.62949677274248
7.40414506549934
7.49710324443999
7.27175153719686
7.3647097161375
7.45766789507816
7.55062607401881
7.32527436677567
7.41823254571632
7.19288083847318
7.28583901741383
7.37879719635448
7.47175537529513
7.24640366805199
7.33936184699264
7.43232002593329
7.20696831869015
7.2999264976308
7.39288467657145
7.4858428555121
7.26049114826896
7.35344932720961
7.44640750615026
7.22105579890712
7.31401397784777
7.40697215678842
7.18162044954528
7.27457862848593
7.36753680742658
7.14218510018344
7.23514327912409
7.32810145806474
7.42105963700539
7.51401781594604
7.2886661087029
7.38162428764356
7.15627258040042
7.24923075934107
7.34218893828172
7.43514711722237
7.52810529616302
7.30275358891988
7.39571176786053
7.48866994680118
7.26331823955804
7.35627641849869
7.44923459743934
7.54219277637999
7.31684106913685
7.4097992480775
7.50275742701815
7.27740571977501
7.37036389871566
7.46332207765632
7.55628025659697
7.64923843553762
7.42388672829448
7.51684490723513
7.29149319999199
7.38445137893264
7.47740955787329
7.57036773681394
7.66332591575459
7.75628409469524
7.53093238745211
7.62389056639276
7.71684874533341
7.49149703809027
7.58445521703092
7.67741339597157
7.45206168872843
7.22670998148529
7.31966816042594
7.41262633936659
7.50558451830724
7.2802328110641
7.37319099000475
7.4661491689454
7.24079746170226
7.33375564064291
7.42671381958357
7.20136211234043
7.29432029128108
7.38727847022173
7.16192676297859
7.25488494191924
7.34784312085989
7.44080129980054
7.53375947874119
7.30840777149805
7.4013659504387
7.49432412937935
7.26897242213621
7.36193060107686
7.45488878001751
7.54784695895816
7.32249525171502
7.41545343065567
7.19010172341253
7.28305990235319
7.37601808129384
7.1506663740507
7.24362455299135
7.336582731932
7.42954091087265
7.20418920362951
7.29714738257016
7.39010556151081
7.48306374045146
7.57602191939211
7.66898009833276
7.44362839108962
7.53658657003027
7.31123486278713
7.40419304172778
7.49715122066843
7.59010939960908
7.68306757854973
7.4577158713066
7.55067405024725
7.32532234300411
7.09997063576097
7.19292881470162
7.28588699364227
7.37884517258292
7.47180335152357
7.56476153046422
7.33940982322108
7.43236800216173
7.52532618110238
7.29997447385924
7.3929326527999
7.48589083174055
7.5788490106812
7.67180718962185
7.44645548237871
7.53941366131936
7.31406195407622
7.40702013301687
7.49997831195752
7.59293649089817
7.36758478365503
7.46054296259568
7.55350114153633
7.64645932047698
7.42110761323384
7.51406579217449
7.60702397111514
7.69998215005579
7.79294032899644
7.88589850793709
7.66054680069395
7.7535049796346
7.52815327239146
7.62111145133211
7.71406963027276
7.80702780921342
7.58167610197027
7.67463428091093
7.76759245985158
7.54224075260844
7.63519893154909
7.72815711048974
7.5028054032466
7.59576358218725
7.6887217611279
7.46337005388476
7.55632823282541
7.64928641176606
7.42393470452292
7.51689288346357
7.60985106240423
7.70280924134488
7.47745753410174
7.57041571304239
7.34506400579925
7.4380221847399
7.53098036368055
7.30562865643741
7.71689672156185
7.49154501431871
7.58450319325936
7.35915148601622
7.45210966495688
7.22675795771374
7.31971613665439
7.41267431559504
7.1873226083519
7.28028078729255
7.3732389662332
7.46619714517385
7.24084543793071
7.33380361687136
7.42676179581201
7.20141008856887
7.29436826750952
7.38732644645017
7.16197473920703
7.25493291814768
7.34789109708833
7.44084927602898
7.21549756878584
7.30845574772649
7.40141392666714
7.49437210560779
7.58733028454844
7.36197857730531
7.45493675624596
7.54789493518661
7.32254322794347
7.41550140688412
7.50845958582477
7.28310787858163
7.37606605752228
7.46902423646293
7.24367252921979
7.33663070816044
7.42958888710109
7.52254706604174
7.61550524498239
7.39015353773925
7.4831117166799
7.57606989562055
7.35071818837741
7.44367636731807
7.53663454625872
7.31128283901558
7.40424101795623
7.49719919689688
7.59015737583753
7.36480566859439
7.45776384753504
7.55072202647569
7.64368020541635
7.736638384357
7.51128667711386
7.60424485605451
7.69720303499516
7.47185132775202
7.56480950669267
7.65776768563332
7.75072586457397
7.52537415733083
7.61833233627148
7.71129051521213
7.80424869415278
7.89720687309343
7.67185516585029
7.76481334479094
7.85777152373159
7.95072970267224
7.7253779954291
7.81833617436975
7.59298446712661
7.68594264606727
7.77890082500792
7.55354911776478
7.64650729670543
7.42115558946229
7.83242365458673
7.60707194734359
7.70003012628424
7.4746784190411
7.56763659798175
7.6605947769224
7.43524306967926
7.52820124861991
7.62115942756056
7.71411760650121
7.48876589925807
7.58172407819872
7.35637237095558
7.44933054989624
7.54228872883689
7.63524690777754
7.4098952005344
7.50285337947505
7.5958115584157
7.37045985117256
7.46341803011321
7.55637620905386
7.64933438799451
7.42398268075137
7.51694085969202
7.60989903863267
7.38454733138953
7.47750551033018
7.57046368927083
7.34511198202769
7.43807016096834
7.2127184537252
7.30567663266585
7.39863481160651
7.49159299054716
7.26624128330401
7.35919946224467
7.45215764118532
7.54511582012597
7.31976411288283
7.41272229182348
7.50568047076413
7.28032876352099
7.37328694246164
7.46624512140229
7.55920330034294
7.65216147928359
7.42680977204045
7.51976795098111
7.61272612992175
7.38737442267862
7.48033260161927
7.57329078055992
7.66624895950057
7.44089725225743
7.85216531738187
7.62681361013873
7.71977178907938
7.49442008183624
7.58737826077689
7.68033643971755
7.45498473247441
7.54794291141506
7.64090109035571
7.41554938311257
7.50850756205322
7.28315585481008
7.37611403375073
7.46907221269138
7.56203039163203
7.65498857057268
7.42963686332954
7.5225950422702
7.61555322121085
7.39020151396771
7.48315969290836
7.57611787184901
7.66907605078966
7.76203422973031
7.53668252248717
7.62964070142782
7.40428899418468
7.49724717312534
7.59020535206599
7.68316353100664
7.77612170994729
7.86907988888794
7.6437281816448
7.73668636058545
7.8296445395261
7.60429283228296
7.69725101122361
7.79020919016426
7.88316736910491
7.65781566186177
7.75077384080242
7.84373201974308
7.61838031249994
7.71133849144059
7.48598678419745
7.89725484932189
7.67190314207875
7.7648613210194
7.53950961377626
7.63246779271691
7.72542597165756
7.50007426441442
7.59303244335507
7.68599062229572
7.77894880123637
7.55359709399323
7.64655527293388
7.42120356569074
7.51416174463139
7.60711992357205
7.7000781025127
7.47472639526956
7.56768457421021
7.66064275315086
7.43529104590772
7.52824922484837
7.62120740378902
7.39585569654588
7.48881387548653
7.58177205442718
7.35642034718404
7.44937852612469
7.54233670506534
7.3169849978222
7.40994317676285
7.5029013557035
7.59585953464415
7.68881771358481
7.78177589252546
7.55642418528232
7.64938236422297
7.74234054316362
7.51698883592048
7.60994701486113
7.70290519380178
7.79586337274243
7.57051166549929
7.66346984443994
7.4381181371968
7.53107631613745
7.6240344950781
7.71699267401875
7.80995085295941
7.58459914571627
7.67755732465692
7.77051550359757
7.54516379635443
7.63812197529508
7.73108015423573
7.82403833317638
7.59868662593324
7.69164480487389
7.78460298381454
7.5592512765714
7.65220945551205
7.7451676344527
7.83812581339336
7.61277410615022
7.70573228509087
7.79869046403152
7.57333875678838
7.66629693572903
7.75925511466968
7.85221329361033
7.62686158636719
7.71981976530784
7.81277794424849
7.58742623700535
7.36207452976221
7.45503270870286
7.54799088764351
7.64094906658416
7.73390724552482
7.50855553828168
7.60151371722233
7.69447189616298
7.78743007510363
7.56207836786049
7.65503654680114
7.429684839558
7.52264301849865
7.6156011974393
7.39024949019616
7.48320766913681
7.57616584807746
7.66912402701811
7.44377231977497
7.53673049871562
7.62968867765627
7.72264685659692
7.81560503553757
7.59025332829443
7.68321150723509
7.45785979999194
7.5508179789326
7.64377615787325
7.41842445063011
7.51138262957076
7.60434080851141
7.37898910126827
7.47194728020892
7.24659557296578
7.33955375190643
7.43251193084708
7.52547010978773
7.30011840254459
7.39307658148524
7.4860347604259
7.26068305318276
7.35364123212341
7.44659941106406
7.53955759000471
7.31420588276157
7.40716406170222
7.18181235445908
7.59308041958352
7.36772871234038
7.46068689128103
7.55364507022168
7.64660324916234
7.4212515419192
7.51420972085985
7.28885801361671
7.38181619255736
7.47477437149801
7.56773255043866
7.66069072937931
7.75364890831996
7.84660708726061
7.62125538001747
7.71421355895812
7.48886185171498
7.58182003065564
7.67477820959629
7.76773638853694
7.86069456747759
7.63534286023445
7.7283010391751
7.82125921811575
7.9142173970564
7.68886568981326
7.78182386875391
7.87478204769456
7.96774022663521
7.74238851939207
7.83534669833272
7.60999499108958
7.70295317003023
7.79591134897089
7.88886952791154
7.98182770685219
7.75647599960905
7.8494341785497
7.94239235749035
7.71704065024721
7.80999882918786
7.90295700812851
7.99591518706916
7.77056347982602
7.86352165876667
7.95647983770732
7.73112813046418
7.82408630940483
7.59873460216169
7.69169278110234
7.78465096004299
7.87760913898364
7.6522574317405
7.74521561068115
7.51986390343801
7.61282208237866
7.38747037513552
7.48042855407617
7.57338673301682
7.34803502577368
7.75930309089813
7.53395138365499
7.30859967641185
7.4015578553525
7.49451603429315
7.5874742132338
7.68043239217445
7.45508068493131
7.54803886387196
7.32268715662882
7.41564533556947
7.50860351451012
7.60156169345077
7.69451987239142
7.46916816514828
7.56212634408894
7.65508452302959
7.42973281578645
7.5226909947271
7.29733928748396
7.7086073526084
7.48325564536526
7.57621382430591
7.66917200324656
7.44382029600342
7.53677847494407
7.62973665388472
7.40438494664158
7.49734312558224
7.59030130452289
7.68325948346354
7.4579077762204
7.55086595516105
7.6438241341017
7.41847242685856
7.51143060579921
7.60438878473986
7.69734696368051
7.79030514262116
7.56495343537802
7.65791161431867
7.75086979325932
7.52551808601618
7.61847626495683
7.71143444389749
7.80439262283814
7.89735080177879
7.67199909453565
7.7649572734763
7.85791545241695
7.63256374517381
7.72552192411446
7.81848010305511
7.91143828199576
8.00439646093641
7.77904475369327
7.87200293263392
7.96496111157457
7.73960940433143
7.83256758327208
7.92552576221273
8.01848394115338
7.79313223391024
7.88609041285089
7.97904859179155
8.07200677073219
8.16496494967285
7.93961324242971
8.03257142137036
7.80721971412722
7.90017789306787
7.99313607200852
7.76778436476538
7.86074254370603
7.95370072264668
8.04665890158733
7.82130719434419
7.91426537328485
8.0072235522255
7.78187184498236
7.87483002392301
7.96778820286366
7.74243649562052
7.83539467456117
7.92835285350182
7.70300114625868
7.79595932519933
7.88891750413998
7.66356579689684
7.75652397583749
7.53117226859435
7.624130447535
7.71708862647565
7.49173691923251
7.58469509817316
7.67765327711381
7.77061145605446
7.86356963499511
7.95652781393577
7.73117610669262
7.82413428563328
7.59878257839014
7.69174075733079
7.78469893627144
7.87765711521209
7.97061529415274
8.06357347309339
7.83822176585025
7.61287005860711
7.70582823754776
7.79878641648841
7.89174459542906
7.66639288818592
7.75935106712657
7.85230924606722
7.62695753882408
7.71991571776473
7.81287389670538
7.58752218946224
7.6804803684029
7.77343854734355
7.54808684010041
7.95935490522485
8.0523130841655
7.82696137692236
7.91991955586301
8.01287773480366
8.10583591374431
7.88048420650117
7.97344238544182
8.06640056438247
8.15935874332312
7.93400703607998
8.02696521502063
8.11992339396129
7.89457168671815
7.9875298656588
8.08048804459945
7.85513633735631
7.94809451629696
8.04105269523761
7.81570098799447
7.90865916693512
8.00161734587578
8.09457552481643
7.86922381757329
7.96218199651394
8.05514017545459
7.82978846821145
7.9227466471521
8.01570482609275
8.1086630050334
7.88331129779026
7.97626947673091
8.06922765567156
8.16218583461221
8.25514401355286
8.02979230630972
8.12275048525037
7.89739877800723
8.30866684313168
8.08331513588854
8.17627331482919
8.26923149376984
8.0438797865267
8.13683796546735
8.229796144408
8.00444443716486
8.09740261610552
7.87205090886238
7.96500908780303
8.05796726674368
7.83261555950054
7.92557373844119
8.01853191738184
7.7931802101387
7.88613838907935
7.97909656802
7.75374486077686
7.52839315353372
7.93966121865816
7.71430951141502
7.80726769035567
7.90022586929632
7.67487416205318
7.76783234099383
7.86079051993448
7.95374869887513
8.04670687781578
7.82135517057264
7.91431334951329
7.68896164227015
7.7819198212108
7.87487800015145
7.9678361790921
8.06079435803276
8.15375253697341
7.92840082973027
8.02135900867092
7.79600730142778
8.20727536655222
8.30023354549287
8.07488183824973
8.16784001719038
7.94248830994724
8.03544648888789
8.12840466782854
8.22136284676919
7.99601113952605
8.0889693184667
8.18192749740735
7.95657579016421
8.04953396910487
8.14249214804552
8.23545032698617
8.32840850592682
8.10305679868368
8.19601497762433
7.97066327038119
7.74531156313805
8.15657962826249
7.93122792101935
8.02418609996
8.43545416508445
8.21010245784131
8.30306063678196
8.07770892953882
8.17066710847947
8.26362528742012
8.35658346636077
8.44954164530142
8.22418993805828
8.31714811699893
8.09179640975579
8.18475458869644
8.27771276763709
8.05236106039395
8.1453192393346
8.23827741827525
8.01292571103212
8.42419377615656
8.19884206891342
7.97349036167028
8.38475842679472
8.15940671955158
8.25236489849223
8.34532307743288
8.11997137018974
8.2129295491304
8.30588772807105
8.08053602082791
8.17349419976856
8.26645237870921
8.35941055764986
8.13405885040672
8.22701702934737
8.31997520828802
8.41293338722867
8.18758167998553
7.96222997274239
8.37349803786683
8.14814633062369
7.92279462338055
8.0157528023212
8.10871098126185
8.2016691602025
7.97631745295937
8.06927563190001
7.84392392465688
7.93688210359753
8.02984028253818
8.12279846147883
7.89744675423569
7.99040493317634
8.08336311211699
7.85801140487385
7.9509695838145
8.04392776275515
7.81857605551201
7.91153423445266
8.32280229957711
8.09745059233397
8.19040877127462
8.28336695021527
8.05801524297213
8.15097342191278
8.24393160085343
8.33688977979408
8.42984795873473
8.20449625149159
8.29745443043224
8.39041260937289
8.16506090212975
8.25801908107041
8.35097726001106
8.44393543895171
8.21858373170857
8.31154191064922
8.40450008958987
8.17914838234673
8.59041644747117
8.36506474022803
8.45802291916868
8.55098109810933
8.32562939086619
8.41858756980684
8.51154574874749
8.28619404150435
8.37915222044501
8.47211039938566
8.56506857832631
8.33971687108317
8.43267505002382
8.52563322896447
8.30028152172133
8.39323970066198
8.48619787960263
8.57915605854328
8.35380435130014
8.44676253024079
8.53972070918145
8.31436900193831
8.40732718087896
8.50028535981961
8.59324353876026
8.36789183151712
8.46085001045777
8.55380818939842
8.32845648215528
8.42141466109593
8.51437284003658
8.60733101897723
8.70028919791788
8.47493749067474
8.56789566961539
8.66085384855605
8.7538120274967
8.52846032025356
8.62141849919421
8.39606679195107
8.80733485707551
8.26367326364858
8.35663144258923
8.44958962152988
8.54254780047053
8.31719609322739
8.41015427216804
8.50311245110869
8.27776074386555
8.3707189228062
8.46367710174686
8.55663528068751
8.33128357344437
8.42424175238502
8.51719993132567
8.29184822408253
8.38480640302318
8.47776458196383
8.25241287472069
8.02706116747755
8.43832923260199
8.21297752535885
8.30593570429951
8.39889388324016
8.17354217599702
8.26650035493767
8.35945853387832
8.45241671281897
8.22706500557583
8.32002318451648
8.41298136345713
8.50593954239779
8.28058783515465
8.3735460140953
8.46650419303595
8.5594623719766
8.33411066473346
8.42706884367411
8.52002702261476
8.29467531537162
8.70594338049606
8.48059167325292
8.57354985219357
8.34819814495043
8.44115632389108
8.53411450283173
8.62707268177238
8.72003086071303
8.49467915346989
8.58763733241055
8.6805955113512
8.77355369029185
8.8665118692325
8.64116016198936
8.73411834093001
8.50876663368687
8.60172481262752
8.37637310538438
8.46933128432503
8.56228946326568
8.65524764220633
8.42989593496319
8.52285411390384
8.61581229284449
8.70877047178515
8.48341876454201
8.57637694348266
8.66933512242331
8.44398341518017
8.53694159412082
8.62989977306147
8.40454806581833
8.49750624475898
8.59046442369963
8.68342260264028
8.77638078158093
8.86933896052158
8.64398725327844
8.73694543221909
8.51159372497595
8.92286179010039
8.69751008285725
8.7904682617979
8.88342644073855
8.65807473349541
8.75103291243607
8.84399109137672
8.93694927031737
8.71159756307423
8.80455574201488
8.57920403477174
8.67216221371239
8.76512039265304
8.5397686854099
8.63272686435056
8.72568504329121
8.50033333604807
8.59329151498872
8.36793980774558
8.46089798668623
8.87216605181067
8.32850445838374
8.42146263732439
8.51442081626504
8.6073789952057
8.70033717414635
8.47498546690321
8.56794364584386
8.34259193860072
8.43555011754137
8.52850829648202
8.30315658923888
8.39611476817953
8.48907294712018
8.58203112606084
8.67498930500149
8.44963759775835
8.542595776699
8.63555395563965
8.41020224839651
8.82147031352095
8.59611860627781
8.68907678521846
8.46372507797532
8.55668325691597
8.64964143585662
8.42428972861348
8.51724790755413
8.61020608649479
8.70316426543544
8.4778125581923
8.57077073713295
8.6637289160736
8.75668709501425
8.8496452739549
8.94260345289555
8.71725174565241
8.81020992459306
8.58485821734992
8.35950651010678
9.08908446141501
8.86373275417187
8.63838104692873
8.73133922586938
8.82429740481003
8.59894569756689
8.69190387650754
8.7848620554482
8.55951034820506
8.65246852714571
8.74542670608636
8.52007499884322
8.61303317778387
8.70599135672452
8.48063964948138
8.57359782842203
8.66655600736268
8.75951418630333
8.53416247906019
8.62712065800084
9.03838872312529
8.81303701588214
8.9059951948228
8.68064348757966
8.77360166652031
8.86655984546096
8.95951802440161
8.73416631715847
8.82712449609912
8.60177278885598
8.69473096779663
8.78768914673728
8.88064732567793
8.65529561843479
8.74825379737544
8.5229020901323
8.61586026907295
8.7088184480136
8.48346674077047
8.57642491971112
8.66938309865177
8.44403139140863
8.53698957034928
8.62994774928993
8.72290592823058
8.49755422098744
8.59051239992809
8.68347057886874
8.77642875780939
8.55107705056625
8.6440352295069
8.73699340844756
8.51164170120442
8.60459988014507
8.69755805908572
8.79051623802637
8.56516453078323
8.65812270972388
8.75108088866453
8.52572918142139
8.61868736036204
8.3933356531189
8.48629383205955
8.5792520110002
8.67221018994085
8.44685848269771
8.53981666163836
8.63277484057901
8.72573301951967
8.81869119846032
8.59333949121718
8.68629767015783
8.77925584909848
8.87221402803913
8.64686232079599
8.73982049973664
8.8327786786773
8.92573685761795
8.70038515037481
8.79334332931546
8.88630150825611
8.66094980101297
8.75390797995362
8.84686615889427
8.93982433783492
8.71447263059178
8.80743080953243
8.90038898847308
8.67503728122994
8.76799546017059
8.54264375292745
8.6356019318681
8.72856011080876
8.50320840356562
8.59616658250627
8.68912476144692
8.78208294038757
8.87504111932822
8.64968941208508
8.42433770484194
8.83560576996638
8.61025406272324
8.70321224166389
8.79617042060454
8.5708187133614
8.66377689230205
8.43842518505891
8.53138336399957
8.62434154294022
8.71729972188087
8.49194801463773
8.58490619357838
8.67786437251903
8.77082255145968
8.54547084421654
8.63842902315719
8.41307731591405
8.5060354948547
8.59899367379536
8.37364196655222
8.78491003167666
8.55955832443352
8.65251650337417
8.74547468231482
8.83843286125547
8.61308115401233
8.38772944676919
8.48068762570984
8.57364580465049
8.66660398359114
8.75956216253179
8.53421045528866
8.62716863422931
8.40181692698617
8.49477510592682
8.58773328486747
8.36238157762433
8.45533975656498
8.54829793550563
8.32294622826249
8.73421429338693
8.5088625861438
8.60182076508445
8.6947789440251
8.46942723678196
8.56238541572261
8.65534359466326
8.42999188742012
8.52295006636077
8.61590824530142
8.70886642424207
8.80182460318272
8.57647289593958
8.66943107488023
8.76238925382088
8.53703754657774
8.62999572551839
8.72295390445904
8.8159120833997
8.59056037615656
9.001828441281
8.45816684785407
8.55112502679472
8.64408320573537
8.73704138467602
8.82999956361667
8.60464785637353
8.69760603531418
8.79056421425484
8.5652125070117
8.65817068595235
8.751128864893
8.52577715764986
8.61873533659051
8.39338362934737
8.48634180828802
8.57929998722867
8.67225816616932
8.44690645892618
8.53986463786683
8.63282281680748
8.40747110956434
8.500429288505
8.59338746744565
8.6863456463863
8.46099393914316
8.55395211808381
8.64691029702446
8.42155858978132
8.51451676872197
8.28916506147883
8.38212324041948
8.47508141936013
8.56803959830078
8.34268789105764
8.43564606999829
8.52860424893894
8.3032525416958
8.39621072063645
8.17085901339331
8.58212707851775
8.35677537127461
8.44973355021527
8.22438184297213
8.31734002191278
8.41029820085343
8.50325637979408
8.27790467255094
8.37086285149159
8.14551114424845
8.2384693231891
8.33142750212975
8.4243856810704
8.51734386001105
8.29199215276791
8.38495033170856
8.15959862446542
8.25255680340607
8.02720509616293
8.12016327510358
8.53143134022802
8.30607963298488
8.39903781192553
8.49199599086619
8.26664428362305
8.04129257637991
8.45256064150435
8.22720893426121
8.32016711320186
8.41312529214251
8.18777358489937
8.28073176384002
8.37368994278068
8.46664812172133
8.24129641447819
8.33425459341884
8.42721277235949
8.20186106511635
8.294819244057
8.38777742299765
8.7990454881221
8.57369378087895
8.66665195981961
8.75961013876026
8.53425843151712
8.62721661045777
8.72017478939842
8.49482308215528
8.58778126109593
8.68073944003658
8.77369761897723
8.54834591173409
8.64130409067474
8.4159523834316
8.50891056237225
8.60186874131291
8.37651703406977
8.46947521301042
8.56243339195107
8.33708168470793
8.43003986364858
8.20468815640544
8.29764633534609
8.39060451428674
8.48356269322739
8.25821098598425
8.3511691649249
8.44412734386555
8.21877563662241
8.31173381556306
8.40469199450372
8.49765017344437
8.27229846620123
8.36525664514188
8.13990493789874
8.23286311683939
8.32582129578004
8.1004695885369
8.19342776747755
7.96807606023441
8.37934412535885
8.15399241811571
8.24695059705636
8.33990877599701
8.11455706875387
8.20751524769452
8.30047342663517
8.07512171939204
8.16807989833269
8.26103807727334
8.35399625621399
8.44695443515464
8.2216027279115
8.31456090685215
8.4075190857928
8.18216737854966
8.27512555749031
8.36808373643097
8.14273202918783
8.23569020812848
8.32864838706913
8.10329667982599
8.19625485876664
8.28921303770729
8.38217121664794
8.47512939558859
8.24977768834546
8.34273586728611
8.11738416004297
8.21034233898362
8.30330051792427
8.39625869686492
8.17090698962178
8.26386516856243
8.35682334750308
8.13147164025994
8.22442981920059
8.31738799814124
8.4103461770819
8.18499446983876
8.5962625349632
8.05260094153627
8.14555912047692
8.23851729941757
8.33147547835822
8.10612377111508
8.19908195005573
8.29204012899638
8.38499830793703
8.15964660069389
8.25260477963454
8.34556295857519
8.43852113751584
8.5314793164565
8.30612760921336
8.39908578815401
8.49204396709466
8.26669225985152
8.35965043879217
8.13429873154903
8.54556679667347
8.32021508943033
8.41317326837098
8.18782156112784
8.28077974006849
8.37373791900914
8.4666960979498
8.24134439070666
8.33430256964731
8.10895086240417
8.20190904134482
8.29486722028547
8.06951551304233
8.16247369198298
8.25543187092363
8.34839004986428
8.44134822880493
8.21599652156179
8.30895470050244
8.0836029932593
8.49487105838375
7.95120946495682
8.04416764389747
8.13712582283812
8.23008400177877
8.00473229453563
8.09769047347628
8.19064865241693
7.96529694517379
7.73994523793065
7.8329034168713
7.92586159581195
8.0188197747526
8.11177795369325
7.88642624645011
7.97938442539076
8.07234260433141
8.16530078327206
7.93994907602892
7.71459736878579
8.12586543391023
7.90051372666709
7.99347190560774
8.08643008454839
8.17938826348904
8.27234644242969
8.04699473518655
8.1399529141272
8.23291109306785
8.00755938582471
8.10051756476536
8.19347574370601
8.28643392264667
8.06108221540353
8.15404039434418
8.24699857328483
8.33995675222548
8.11460504498234
7.8892533377392
7.98221151667985
8.0751696956205
7.84981798837736
7.94277616731801
8.03573434625866
8.12869252519931
8.22165070413996
7.99629899689682
8.08925717583748
8.18221535477813
7.95686364753499
8.04982182647564
8.14278000541629
8.23573818435694
8.0103864771138
8.10334465605445
8.1963028349951
7.97095112775196
8.06390930669261
8.15686748563326
7.93151577839012
8.34278384351456
8.11743213627142
8.21039031521207
8.30334849415273
8.39630667309338
8.17095496585024
8.26391314479089
8.35687132373154
8.1315196164884
8.22447779542905
7.99912608818591
8.09208426712656
8.18504244606721
8.27800062500786
8.37095880394851
8.14560709670537
8.23856527564602
8.01321356840288
8.10617174734353
7.88082004010039
8.29208810522483
8.06673639798169
8.15969457692234
7.9343428696792
8.02730104861985
7.80194934137671
7.89490752031737
7.98786569925802
8.08082387819867
7.85547217095553
7.94843034989618
8.04138852883683
7.81603682159369
7.90899500053434
7.6836432932912
7.77660147223185
7.8695596511725
7.96251783011315
7.73716612287001
7.51181441562687
7.92308248075131
7.69773077350817
7.79068895244882
7.88364713138947
7.97660531033013
7.75125360308699
7.84421178202764
7.93716996096829
8.03012813990894
7.8047764326658
7.89773461160645
7.9906927905471
8.08365096948775
8.1766091484284
7.95125744118526
8.04421562012591
8.13717379906656
7.91182209182342
8.00478027076407
7.77942856352093
8.19069662864537
7.96534492140223
8.05830310034289
8.15126127928354
8.24421945822419
8.01886775098105
8.1118259299217
7.88647422267856
7.97943240161921
8.07239058055986
8.16534875950051
7.93999705225737
8.03295523119802
8.12591341013867
7.90056170289553
7.99351988183618
8.08647806077683
7.86112635353369
7.95408453247434
8.04704271141499
8.14000089035564
7.9146491831125
8.00760736205316
7.78225565481002
7.87521383375067
7.96817201269132
7.74282030544818
7.83577848438883
7.92873666332948
8.02169484227013
8.11465302121078
7.88930131396764
7.98225949290829
8.07521767184894
7.8498659646058
7.94282414354645
8.0357823224871
7.81043061524396
7.90338879418462
7.99634697312527
8.08930515206592
7.86395344482278
7.95691162376343
8.04986980270408
7.82451809546094
7.91747627440159
8.01043445334224
8.10339263228289
7.87804092503975
7.9709991039804
8.06395728292106
7.83860557567792
7.93156375461857
7.70621204737543
7.79917022631608
7.89212840525673
7.98508658419738
8.07804476313803
7.85269305589489
7.94565123483554
8.03860941377619
7.81325770653305
7.9062158854737
7.68086417823056
7.77382235717121
7.86678053611186
7.64142882886872
7.73438700780938
7.50903530056624
7.60199347950689
7.69495165844754
7.78790983738819
7.56255813014505
7.6555163090857
7.74847448802635
7.52312278078321
7.61608095972386
7.70903913866451
7.80199731760516
7.89495549654581
7.98791367548647
7.76256196824333
7.85552014718398
7.63016843994084
7.72312661888149
7.81608479782214
7.90904297676279
7.68369126951965
7.7766494484603
7.86960762740095
7.9625658063416
7.73721409909846
7.83017227803911
7.92313045697976
7.69777874973662
7.79073692867727
7.88369510761792
7.97665328655858
7.75130157931544
7.5259498720723
7.93721793719674
7.7118662299536
7.80482440889425
7.8977825878349
7.99074076677555
7.76538905953241
7.85834723847306
7.95130541741371
7.72595371017057
7.81891188911122
7.91187006805187
8.00482824699252
7.77947653974938
7.87243471869003
7.64708301144689
7.74004119038754
7.83299936932819
7.92595754826884
8.01891572720949
7.79356401996635
8.2048320850908
7.66117049166387
7.75412867060452
7.84708684954517
7.94004502848582
7.71469332124268
7.80765150018333
7.58229979294019
7.67525797188085
7.7682161508215
7.86117432976215
7.9541325087028
8.04709068764345
7.82173898040031
7.91469715934096
7.68934545209782
7.78230363103847
7.87526180997912
7.64991010273598
7.74286828167664
8.15413634680108
7.61047475337415
7.7034329323148
7.79639111125545
7.57103940401231
7.66399758295296
7.75695576189361
7.84991394083426
7.94287211977491
7.71752041253177
7.81047859147242
7.58512688422928
7.67808506316994
7.77104324211058
7.54569153486745
7.6386497138081
7.41329800656496
7.50625618550561
7.59921436444626
7.37386265720312
7.46682083614377
7.24146912890063
7.65273719402507
7.42738548678193
7.52034366572258
7.61330184466323
7.70626002360389
7.48090831636075
7.5738664953014
7.34851478805826
7.44147296699891
7.53443114593956
7.62738932488021
7.72034750382086
7.49499579657772
7.58795397551837
7.68091215445902
7.45556044721588
7.54851862615653
7.64147680509718
7.73443498403783
7.5090832767947
7.60204145573535
7.694999634676
7.78795781361665
7.8809159925573
7.65556428531416
7.74852246425481
7.84148064319546
7.61612893595232
7.70908711489297
7.80204529383362
7.89500347277427
7.98796165171492
7.76260994447178
7.85556812341243
7.94852630235308
7.72317459510995
7.8161327740506
7.59078106680746
8.0020491319319
7.77669742468876
7.86965560362941
7.64430389638627
7.73726207532692
7.83022025426757
7.60486854702443
7.69782672596508
7.79078490490573
7.88374308384638
7.65839137660324
7.75134955554389
7.52599784830075
7.6189560272414
7.71191420618205
7.80487238512271
7.57952067787957
7.67247885682022
7.76543703576087
7.54008532851773
7.95135339364217
7.40769180021524
7.50064997915589
7.59360815809654
7.68656633703719
7.77952451597784
7.87248269491849
7.64713098767535
7.740089166616
7.51473745937286
7.60769563831351
7.70065381725416
7.79361199619482
7.88657017513547
7.66121846789233
7.75417664683298
7.52882493958984
7.62178311853049
7.71474129747114
7.80769947641179
7.90065765535244
7.6753059481093
7.76826412704995
7.54291241980681
7.63587059874746
7.72882877768811
7.82178695662876
7.59643524938562
7.37108354214248
7.46404172108313
7.55699990002379
7.33164819278065
7.4246063717213
7.51756455066195
7.6105227296026
7.38517102235946
7.47812920130011
7.57108738024076
7.34573567299762
7.43869385193827
7.53165203087892
7.30630032363578
7.39925850257643
7.49221668151708
7.58517486045773
7.35982315321459
7.45278133215524
7.2274296249121
7.32038780385275
7.73165586897719
7.82461404791785
7.5992623406747
7.69222051961536
7.46686881237222
7.55982699131287
7.65278517025352
7.42743346301038
7.52039164195103
7.61334982089168
7.70630799983233
7.79926617877298
7.57391447152984
7.66687265047049
7.75983082941115
7.8527890083518
7.62743730110866
7.72039548004931
7.81335365898996
7.58800195174682
7.68096013068747
7.77391830962812
7.86687648856877
7.64152478132563
7.73448296026628
7.82744113920693
7.60208943196379
7.69504761090444
7.7880057898451
7.56265408260196
7.33730237535882
7.74857044048326
7.52321873324012
7.61617691218077
7.70913509112142
7.48378338387828
7.57674156281893
7.66969974175958
7.76265792070023
7.53730621345709
7.63026439239774
7.4049126851546
7.49787086409525
7.5908290430359
7.36547733579276
7.45843551473341
7.55139369367407
7.64435187261472
7.73731005155537
7.51195834431223
7.60491652325288
7.69787470219353
7.47252299495039
7.56548117389104
7.65843935283169
7.43308764558855
7.5260458245292
7.61900400346985
7.71196218241051
7.48661047516736
7.57956865410801
7.67252683304867
7.44717512580552
7.54013330474618
7.63309148368683
7.40773977644369
7.50069795538434
7.59365613432499
7.36830442708185
7.4612626060225
7.55422078496315
7.6471789639038
7.42182725666066
7.51478543560131
7.28943372835817
7.38239190729882
7.15704020005568
7.24999837899633
7.34295655793698
7.43591473687763
7.21056302963449
7.30352120857514
7.39647938751579
7.17112768027265
7.2640858592133
7.35704403815395
7.4500022170946
7.54296039603526
7.63591857497591
7.41056686773277
7.18521516048963
7.59648322561407
7.37113151837093
7.46408969731158
7.55704787625223
7.33169616900909
7.42465434794974
7.51761252689039
7.61057070583104
7.3852189985879
7.47817717752855
7.25282547028541
7.34578364922606
7.43874182816672
7.53170000710737
7.62465818604802
7.39930647880488
7.49226465774553
7.58522283668618
7.35987112944304
7.45282930838369
7.86409737350813
7.63874566626499
7.73170384520564
7.5063521379625
7.59931031690315
7.69226849584381
7.46691678860067
7.87818485372511
7.65283314648197
7.74579132542262
7.52043961817948
7.61339779712013
7.70635597606078
7.48100426881764
7.57396244775829
7.66692062669894
7.4415689194558
7.53452709839646
7.62748527733711
7.40213357009396
7.81340163521841
7.26974004179148
7.36269822073213
7.45565639967278
7.54861457861343
7.32326287137029
7.41622105031094
7.50917922925159
7.28382752200845
7.3767857009491
7.46974387988975
7.5627020588304
7.65566023777105
7.43030853052791
7.52326670946856
7.29791500222542
7.39087318116608
7.48383136010673
7.57678953904738
7.35143783180424
7.76270589692868
7.21904430350175
7.3120024824424
7.40496066138305
7.4979188403237
7.27256713308056
7.36552531202121
7.45848349096186
7.55144166990251
7.64439984884316
7.41904814160002
7.51200632054067
7.28665461329753
7.37961279223819
7.47257097117884
7.2472192639357
7.34017744287635
7.433135621817
7.20778391457386
7.30074209351451
7.39370027245516
7.16834856521202
7.26130674415267
7.35426492309332
7.12891321585018
7.22187139479083
7.31482957373149
7.40778775267214
7.182436045429
7.27539422436965
7.3683524033103
7.14300069606716
7.23595887500781
7.32891705394846
7.10356534670532
7.19652352564597
7.28948170458662
7.38243988352727
7.47539806246792
7.25004635522478
7.66131442034923
7.11765282692229
7.21061100586294
7.3035691848036
7.39652736374425
7.4894855426849
7.26413383544176
7.35709201438241
7.45005019332306
7.54300837226371
7.31765666502057
7.41061484396122
7.50357302290187
7.59653120184252
7.37117949459938
7.46413767354003
7.55709585248068
7.65005403142133
7.4247023241782
7.51766050311885
7.92892856824329
7.70357686100015
7.7965350399408
7.57118333269766
7.66414151163831
7.75709969057896
7.53174798333582
7.62470616227648
7.39935445503334
7.49231263397399
7.58527081291464
7.67822899185529
7.45287728461215
7.5458354635528
7.63879364249345
7.7317518214341
7.50640011419096
7.59935829313161
7.37400658588847
7.46696476482912
7.55992294376977
7.33457123652663
7.42752941546728
7.20217770822414
7.29513588716479
7.38809406610545
7.4810522450461
7.57401042398675
7.34865871674361
7.12330700950047
7.21626518844112
7.30922336738177
7.40218154632242
7.49513972526307
7.26978801801993
7.36274619696058
7.45570437590123
7.23035266865809
7.32331084759874
7.41626902653939
7.50922720548004
7.2838754982369
7.37683367717755
7.46979185611821
7.56275003505886
7.33739832781572
7.43035650675637
7.52331468569702
7.29796297845388
7.39092115739453
7.48387933633518
7.25852762909204
7.35148580803269
7.44444398697334
7.2190922797302
7.31205045867085
7.08669875142771
7.17965693036836
7.27261510930901
7.36557328824966
7.45853146719032
7.23317975994718
7.32613793888783
7.41909611782848
7.51205429676913
7.28670258952599
7.37966076846664
7.47261894740729
7.56557712634794
7.3402254191048
7.43318359804545
7.5261417769861
7.46980385017532
7.41346592336453
7.35712799655375
7.30079006974296
7.39374824868362
7.41698779341878
7.44022733815394
7.4634668828891
7.48670642762427
7.46022772196377
7.43374901630327
7.40727031064277
7.38079160498227
7.35431289932178
7.39149617089804
7.4286794424743
7.46586271405056
7.50304598562682
7.54022925720308
7.55882089299121
7.57741252877934
7.59600416456747
7.6145958003556
7.63318743614373
7.71544104916862
7.79769466219351
7.87994827521839
7.96220188824328
8.04445550126817
7.93572318258279
7.8269908638974
7.71825854521201
7.60952622652663
7.50079390784124
7.51938554362937
7.5379771794175
7.55656881520563
7.57516045099376
7.59375208678189
7.36840037953875
7.4613585584794
7.55431673742006
7.32896503017692
7.42192320911757
7.51488138805822
7.28952968081508
7.38248785975573
7.47544603869638
7.56840421763703
7.34305251039389
7.43601068933454
7.52896886827519
7.30361716103205
7.3965753399727
7.17122363272956
7.26418181167021
7.35713999061086
7.45009816955151
7.22474646230837
7.31770464124902
7.41066282018967
7.18531111294653
7.27826929188718
7.05291758464404
7.14587576358469
7.23883394252534
7.33179212146599
7.10644041422285
7.5177084793473
7.29235677210416
7.38531495104481
7.15996324380167
7.25292142274232
7.34587960168297
7.12052789443983
7.21348607338048
7.30644425232113
7.08109254507799
7.17405072401864
6.9486990167755
7.35996708189994
7.1346153746568
7.22757355359745
7.3205317325381
7.09518002529496
7.18813820423561
7.28109638317626
7.37405456211692
7.46701274105757
7.24166103381443
7.33461921275508
7.42757739169573
7.52053557063638
7.29518386339324
7.38814204233389
7.16279033509075
7.2557485140314
7.34870669297206
7.44166487191271
7.21631316466957
7.30927134361022
7.40222952255087
7.49518770149152
7.26983599424838
7.36279417318903
7.45575235212968
7.23040064488654
7.32335882382719
7.73462688895163
7.1909652955247
7.28392347446535
7.376881653406
7.46983983234665
7.5627980112873
7.65575619022795
7.43040448298481
7.52336266192546
7.61632084086612
7.39096913362298
7.48392731256363
7.57688549150428
7.66984367044493
7.44449196320179
7.53745014214244
7.3120984348993
7.40505661383995
7.4980147927806
7.27266308553746
7.6839311506619
7.45857944341876
7.55153762235941
7.64449580130006
7.41914409405692
7.51210227299757
7.60506045193822
7.37970874469508
7.47266692363573
7.56562510257639
7.34027339533325
7.4332315742739
7.20787986703076
7.30083804597141
7.39379622491206
7.48675440385271
7.26140269660957
7.35436087555022
7.12900916830708
7.22196734724773
7.31492552618838
7.08957381894524
7.18253199788589
7.27549017682654
7.0501384695834
7.14309664852406
7.23605482746471
7.01070312022157
7.10366129916222
7.19661947810287
6.97126777085973
7.06422594980038
7.15718412874103
7.25014230768168
7.34310048662233
7.11774877937919
7.21070695831984
7.30366513726049
7.07831343001735
7.17127160895801
7.26422978789866
7.03887808065552
7.13183625959617
7.22479443853682
7.31775261747747
7.09240091023433
7.18535908917498
7.27831726811563
7.37127544705628
7.46423362599693
7.23888191875379
7.33184009769444
7.1064883904513
7.19944656939195
7.2924047483326
7.38536292727325
7.16001122003011
7.25296939897076
7.34592757791141
7.12057587066827
7.53184393579271
7.30649222854957
7.08114052130643
7.17409870024709
7.26705687918774
7.36001505812839
7.45297323706904
7.54593141600969
7.32057970876655
7.4135378877072
7.18818618046406
7.28114435940471
7.37410253834536
7.46706071728601
7.24170901004287
7.33466718898352
7.10931548174038
7.20227366068103
7.29523183962168
7.38819001856234
7.48114819750299
7.25579649025985
7.3487546692005
7.44171284814115
7.5346710270818
7.30931931983866
7.40227749877931
7.17692579153617
7.26988397047682
7.36284214941747
7.45580032835812
7.23044862111498
7.32340680005563
7.09805509281249
7.19101327175314
7.28397145069379
7.37692962963444
7.4698878085751
7.24453610133196
7.33749428027261
7.43045245921326
7.20510075197012
7.29805893091077
7.39101710985142
7.16566540260828
7.25862358154893
7.35158176048958
7.12623005324644
7.21918823218709
7.31214641112774
7.0867947038846
7.17975288282525
7.2727110617659
7.36566924070655
7.14031753346341
7.23327571240406
7.32623389134471
7.10088218410157
6.87553047685843
6.96848865579908
7.37975672092353
7.15440501368039
7.24736319262104
7.0220114853779
7.11496966431855
7.2079278432592
6.98257613601606
7.07553431495671
6.85018260771357
6.94314078665422
7.03609896559487
7.12905714453552
7.22201532347617
6.99666361623303
7.08962179517368
7.18257997411433
6.95722826687119
7.05018644581184
7.1431446247525
6.91779291750936
7.3290609826338
7.10370927539066
7.19666745433131
6.97131574708817
7.06427392602882
7.15723210496947
7.25019028391012
7.02483857666698
7.11779675560763
7.21075493454828
6.98540322730514
7.07836140624579
7.17131958518644
7.26427776412709
7.35723594306774
7.1318842358246
7.22484241476525
7.3178005937059
7.09244888646276
7.18540706540341
7.27836524434407
7.05301353710093
7.14597171604158
7.23892989498223
7.33188807392288
7.10653636667974
7.19949454562039
7.29245272456104
7.38541090350169
7.16005919625855
7.2530173751992
7.34597555413986
7.12062384689671
7.21358202583737
7.30654020477802
7.08118849753488
7.17414667647553
7.26710485541618
7.36006303435683
7.45302121329748
7.54597939223813
7.32062768499499
7.41358586393564
7.1882341566925
7.28119233563315
7.3741505145738
7.46710869351446
7.24175698627131
7.33471516521197
7.10936345796882
7.20232163690947
7.29527981585013
7.06992810860699
7.16288628754764
7.25584446648829
7.03049275924515
7.1234509381858
7.21640911712645
7.3093672960671
7.08401558882396
7.4952836539484
6.95162206052147
7.04458023946212
7.13753841840277
7.23049659734342
7.32345477628407
7.09810306904093
7.19106124798158
6.96570954073844
7.0586677196791
7.15162589861975
7.2445840775604
7.01923237031726
7.11219054925791
7.20514872819856
6.97979702095542
7.07275519989607
6.84740349265293
6.94036167159358
7.03331985053423
7.12627802947488
6.90092632223174
6.99388450117239
7.08684268011304
7.1798008590537
6.95444915181055
7.04740733075121
7.14036550969186
6.91501380244872
7.00797198138937
7.10093016033002
7.19388833927067
7.28684651821132
7.06149481096818
7.15445298990883
7.24741116884948
7.02205946160634
7.11501764054699
6.88966593330385
6.9826241122445
7.07558229118515
6.85023058394201
6.94318876288266
7.03614694182331
7.12910512076397
7.22206329970462
6.99671159246148
7.08966977140213
7.18262795034278
7.27558612928343
7.05023442204029
7.14319260098094
7.23615077992159
7.32910895886224
7.1037572516191
7.19671543055975
7.2896736095004
7.06432190225726
7.15728008119792
6.93192837395478
7.34319643907922
7.11784473183608
7.21080291077673
7.30376108971738
7.39671926865803
7.17136756141489
7.26432574035554
7.0389740331124
7.13193221205306
7.22489039099371
7.31784856993436
7.41080674887501
7.50376492781566
7.27841322057252
7.37137139951317
7.14601969227003
7.23897787121068
7.33193605015133
7.10658434290819
7.19954252184884
7.29250070078949
7.06714899354635
7.160107172487
7.25306535142765
7.02771364418451
7.12067182312516
7.21363000206582
7.30658818100647
7.08123647376333
7.17419465270398
7.26715283164463
7.04180112440149
7.13475930334214
7.22771748228279
7.00236577503965
7.0953239539803
7.18828213292095
7.2812403118616
7.05588860461846
7.14884678355911
7.24180496249976
7.01645325525662
7.10941143419727
7.20236961313792
6.97701790589478
7.06997608483544
7.16293426377609
6.93758255653295
7.0305407354736
7.12349891441425
7.2164570933549
7.30941527229555
7.08406356505241
7.17702174399306
6.95167003674992
7.04462821569057
7.13758639463122
7.23054457357187
7.00519286632873
7.09815104526938
7.19110922421003
6.96575751696689
7.05871569590754
7.15167387484819
7.24463205378884
7.01928034654571
7.11223852548636
7.20519670442701
6.97984499718387
7.07280317612452
7.16576135506517
6.94040964782203
7.03336782676268
7.12632600570333
6.90097429846019
6.99393247740084
7.08689065634149
7.17984883528215
6.95449712803901
7.04745530697966
7.14041348592031
6.91506177867717
7.00801995761782
7.10097813655847
7.19393631549912
7.28689449443977
7.06154278719663
7.15450096613728
7.24745914507793
7.02210743783479
7.11506561677545
7.2080237957161
7.30098197465675
7.3939401535974
7.16858844635426
7.26154662529491
7.35450480423556
7.12915309699242
7.22211127593307
7.31506945487372
7.40802763381437
7.18267592657123
7.27563410551188
7.36859228445253
7.1432405772094
7.23619875615005
7.3291569350907
7.10380522784756
7.19676340678821
7.28972158572886
7.38267976466951
7.15732805742637
7.25028623636702
7.34324441530767
7.11789270806453
7.21085088700518
7.30380906594584
7.39676724488649
7.17141553764335
7.264373716584
7.35733189552465
7.13198018828151
7.22493836722216
7.31789654616281
7.41085472510346
7.18550301786032
7.27846119680097
7.37141937574162
7.14606766849848
7.23902584743913
7.33198402637978
7.10663231913664
7.19959049807729
7.29254867701795
7.3855068559586
7.16015514871546
7.25311332765611
7.02776162041297
7.12071979935362
7.21367797829427
7.30663615723492
7.08128444999178
7.17424262893243
6.9488909216893
7.04184910062994
7.1348072795706
6.90945557232746
7.00241375126811
7.09537193020876
7.18833010914941
6.96297840190627
7.05593658084692
7.14889475978757
6.92354305254443
7.01650123148508
7.10945941042573
7.20241758936638
6.97706588212324
7.07002406106389
7.16298224000454
7.25594041894519
7.03058871170205
7.12354689064271
6.89819518339957
6.99115336234022
7.08411154128087
7.17706972022152
6.95171801297838
7.04467619191903
7.13763437085968
6.91228266361654
7.00524084255719
6.77988913531405
6.87284731425471
6.96580549319536
7.05876367213601
7.15172185107666
6.92637014383352
7.01932832277417
7.11228650171482
7.20524468065547
6.97989297341233
7.07285115235298
7.16580933129363
7.25876751023428
7.03341580299114
7.12637398193179
7.21933216087244
7.31229033981309
7.40524851875374
7.1798968115106
7.27285499045126
7.36581316939191
7.14046146214877
7.23341964108942
7.32637782003007
7.10102611278693
7.19398429172758
7.28694247066823
7.37990064960888
7.47285882854954
7.24750712130639
7.34046530024705
7.11511359300391
7.20807177194456
7.30102995088521
7.07567824364207
7.16863642258272
7.26159460152337
7.35455278046402
7.12920107322088
7.22215925216153
7.31511743110218
7.40807561004284
7.1827239027997
7.27568208174035
7.368640260681
7.14328855343786
7.23624673237851
7.32920491131916
7.42216309025981
7.19681138301667
7.28976956195732
7.38272774089797
7.15737603365483
7.25033421259548
7.02498250535234
7.11794068429299
7.21089886323364
7.30385704217429
7.07850533493115
7.1714635138718
7.26442169281245
7.03906998556932
7.13202816450996
7.22498634345062
6.99963463620748
7.09259281514813
7.18555099408878
7.27850917302943
7.05315746578629
7.14611564472694
6.9207639374838
7.01372211642445
7.1066802953651
7.19963847430575
7.2925966532464
7.06724494600326
7.16020312494391
7.25316130388456
7.02780959664142
7.12076777558207
7.21372595452272
6.98837424727958
7.08133242622023
7.17429060516089
7.26724878410154
7.04189707685839
7.13485525579905
6.90950354855591
7.00246172749656
7.09541990643721
6.87006819919407
6.96302637813472
7.05598455707537
7.14894273601602
7.24190091495667
7.01654920771353
7.10950738665418
7.20246556559483
6.97711385835169
7.07007203729234
7.163030216233
7.25598839517365
7.03063668793051
7.12359486687116
7.21655304581181
6.99120133856867
7.08415951750932
7.17711769644997
7.27007587539062
7.04472416814748
7.13768234708813
6.91233063984499
7.00528881878564
7.09824699772629
7.19120517666694
7.28416335560759
7.05881164836445
7.1517698273051
7.24472800624576
7.33768618518641
7.11233447794327
7.20529265688392
7.29825083582457
7.39120901476522
7.16585730752208
7.25881548646273
7.35177366540338
7.44473184434403
7.21938013710089
7.31233831604154
7.0869866087984
7.17994478773905
7.2729029666797
7.36586114562035
7.458819324561
7.23346761731786
7.32642579625851
7.10107408901537
7.19403226795602
7.28699044689667
7.37994862583733
7.15459691859419
7.24755509753484
7.34051327647549
7.11516156923235
7.208119748173
7.30107792711365
7.3940361060543
7.16868439881116
7.26164257775181
7.35460075669246
7.12924904944932
7.22220722838998
7.31516540733063
7.08981370008749
7.18277187902814
7.27573005796879
7.05037835072565
7.1433365296663
7.23629470860695
7.3292528875476
7.10390118030446
7.19685935924511
6.97150765200197
7.06446583094263
7.15742400988328
6.93207230264014
7.02503048158079
7.11798866052144
6.8926369532783
6.98559513221895
7.0785533111596
6.85320160391646
6.94615978285711
7.03911796179776
7.13207614073841
6.90672443349527
6.99968261243592
7.09264079137657
7.18559897031722
7.27855714925787
7.05320544201473
7.14616362095538
7.23912179989603
7.01377009265289
7.10672827159354
7.19968645053419
6.97433474329106
7.06729292223171
7.16025110117236
7.25320928011301
7.02785757286987
7.12081575181052
7.21377393075117
6.98842222350803
7.08138040244868
7.17433858138933
7.26729676032998
7.04194505308684
7.13490323202749
7.22786141096814
7.002509703725
7.09546788266565
7.1884260616063
7.28138424054695
7.3743424194876
7.14899071224446
7.24194889118511
7.33490707012576
7.10955536288262
7.20251354182327
7.29547172076393
7.07012001352079
7.16307819246144
7.25603637140209
7.34899455034274
7.44195272928339
7.21660102204025
7.3095592009809
7.40251737992155
7.17716567267841
7.27012385161906
7.36308203055972
7.13773032331658
7.23068850225723
7.32364668119788
7.09829497395474
7.19125315289539
7.28421133183604
7.0588596245929
7.15181780353355
7.2447759824742
7.33773416141485
7.11238245417171
7.20534063311236
7.29829881205301
7.07294710480987
7.16590528375052
7.25886346269118
7.35182164163183
7.44477982057248
7.21942811332934
7.31238629226999
7.08703458502685
7.1799927639675
7.27295094290815
7.04759923566501
7.14055741460566
7.23351559354631
7.00816388630317
7.10112206524382
6.87577035800068
6.96872853694133
7.06168671588198
7.15464489482263
6.92929318757949
7.02225136652014
7.11520954546079
6.88985783821766
6.98281601715831
7.07577419609896
6.85042248885582
6.94338066779647
7.03633884673712
7.12929702567777
6.90394531843463
6.99690349737528
7.08986167631593
6.86450996907279
6.95746814801344
7.0504263269541
7.14338450589475
7.2363426848354
7.01099097759226
7.10394915653291
7.19690733547356
6.97155562823042
7.06451380717107
7.15747198611172
7.25043016505237
7.34338834399302
7.11803663674988
7.21099481569054
7.30395299463119
7.07860128738805
7.1715594663287
6.94620775908556
7.03916593802621
7.13212411696686
7.22508229590751
7.31804047484816
7.09268876760502
7.18564694654567
7.27860512548632
7.05325341824318
7.14621159718383
7.23916977612448
7.01381806888134
7.106776247822
7.19973442676265
7.2926926057033
7.06734089846016
7.16029907740081
7.25325725634146
7.34621543528211
7.43917361422276
7.21382190697962
7.30678008592027
7.39973826486092
7.17438655761778
7.26734473655843
7.36030291549908
7.45326109443973
7.22790938719659
7.32086756613724
7.4138257450779
7.18847403783476
7.28143221677541
7.05608050953226
7.14903868847292
7.24199686741357
7.33495504635422
7.42791322529487
7.20256151805173
7.29551969699238
7.38847787593303
7.16312616868989
7.25608434763054
7.34904252657119
7.12369081932805
7.2166489982687
7.30960717720935
7.40256535615
7.17721364890686
7.27017182784751
7.36313000678816
7.45608818572881
7.23073647848567
7.32369465742632
7.09834295018318
7.19130112912383
6.96594942188069
7.05890760082134
7.15186577976199
7.24482395870264
7.0194722514595
7.11243043040015
7.2053886093408
7.29834678828145
7.07299508103832
7.16595325997897
6.94060155273583
7.03355973167648
7.12651791061713
7.21947608955778
6.99412438231464
7.08708256125529
7.18004074019594
7.27299891913659
7.04764721189345
7.1406053908341
6.91525368359096
7.00821186253161
7.10117004147226
7.19412822041291
6.96877651316977
6.74342480592663
7.15469287105107
6.92934116380793
7.02229934274858
7.11525752168923
6.88990581444609
6.98286399338674
6.7575122861436
6.85047046508425
6.9434286440249
7.03638682296555
7.1293450019062
6.90399329466307
6.99695147360372
7.08990965254437
7.18286783148502
6.95751612424188
7.05047430318253
7.14343248212318
7.23639066106383
7.32934884000448
7.42230701894513
7.19695531170199
7.28991349064264
7.38287166958329
7.15751996234015
7.2504781412808
7.34343632022146
7.11808461297831
7.21104279191897
6.98569108467583
7.07864926361648
7.17160744255713
7.26456562149778
7.03921391425464
7.13217209319529
7.22513027213594
7.31808845107659
7.41104663001724
7.1856949227741
7.27865310171475
7.3716112806554
7.14625957341226
7.23921775235291
7.33217593129356
7.42513411023421
7.19978240299108
7.29274058193173
7.38569876087238
7.47865693981303
7.25330523256989
7.34626341151054
7.43922159045119
7.21386988320805
7.3068280621487
7.39978624108935
7.49274442003
7.26739271278686
7.36035089172751
7.13499918448437
7.22795736342502
7.32091554236567
7.09556383512253
7.18852201406318
7.28148019300384
7.05612848576069
7.14908666470135
7.242044843642
7.01669313639886
7.10965131533951
7.20260949428016
7.29556767322081
7.07021596597767
7.16317414491832
7.25613232385897
7.34909050279962
7.12373879555648
7.21669697449713
7.30965515343778
7.08430344619464
7.1772616251353
7.27021980407595
7.04486809683281
7.13782627577346
7.23078445471411
7.00543274747097
7.09839092641162
7.19134910535227
7.28430728429292
7.05895557704978
7.15191375599043
6.92656204874729
7.01952022768794
7.11247840662859
6.88712669938545
6.98008487832611
7.07304305726676
6.84769135002362
6.94064952896427
7.03360770790492
6.80825600066178
6.90121417960243
6.99417235854308
7.08713053748373
7.18008871642439
6.95473700918125
7.0476951881219
7.14065336706255
6.91530165981941
7.00825983876006
7.10121801770071
7.19417619664136
6.96882448939822
7.06178266833887
7.15474084727952
7.24769902622017
7.02234731897703
7.11530549791768
7.20826367685833
7.30122185579899
7.07587014855585
7.1688283274965
7.26178650643715
7.03643479919401
7.12939297813466
7.22235115707531
7.31530933601596
7.08995762877282
7.18291580771347
7.27587398665412
7.05052227941098
7.14348045835163
7.23643863729228
7.32939681623293
7.42235499517358
7.19700328793044
7.2899614668711
7.38291964581175
7.4758778247524
7.25052611750926
7.02517441026612
7.43644247539056
7.21109076814742
7.30404894708807
7.39700712602872
7.17165541878558
7.26461359772624
7.35757177666688
7.13222006942375
7.2251782483644
7.31813642730505
7.4110946062457
7.18574289900256
7.27870107794321
7.37165925688386
7.14630754964072
7.23926572858137
7.01391402133823
7.10687220027888
7.19983037921953
6.97447867197639
7.06743685091704
7.16039502985769
6.93504332261455
7.0280015015552
7.12095968049585
7.2139178594365
7.30687603837715
7.08152433113401
7.17448251007466
7.26744068901531
7.04208898177217
7.13504716071283
7.22800533965348
7.00265363241034
7.09561181135099
7.18856999029164
7.28152816923229
7.05617646198915
7.1491346409298
6.92378293368666
7.3350509988111
7.10969929156796
6.88434758432482
6.97730576326547
7.07026394220612
7.16322212114677
6.93787041390363
7.03082859284428
7.12378677178493
7.21674495072559
6.99139324348245
7.0843514224231
7.17730960136375
6.95195789412061
7.04491607306126
7.13787425200191
6.91252254475877
7.00548072369942
7.09843890264007
6.87308719539693
6.96604537433758
7.05900355327823
7.15196173221888
6.92661002497574
7.01956820391639
7.11252638285704
6.8871746756139
6.98013285455455
7.0730910334952
7.16604921243585
7.2590073913765
7.03365568413336
7.12661386307402
7.21957204201467
7.31253022095532
7.40548839989597
7.49844657883662
7.27309487159348
7.36605305053413
7.45901122947478
7.23365952223164
7.32661770117229
7.10126599392915
7.1942241728698
7.28718235181045
7.06183064456731
7.15478882350796
7.24774700244862
7.34070518138927
7.11535347414612
7.20831165308678
7.30126983202743
7.39422801096808
7.16887630372494
7.26183448266559
7.35479266160624
7.1294409543631
7.22239913330375
7.3153573122444
7.40831549118505
7.5012736701257
7.27592196288256
7.36888014182322
7.46183832076387
7.23648661352073
7.32944479246138
7.10409308521824
7.19705126415889
7.29000944309954
7.0646577358564
7.15761591479705
7.2505740937377
7.34353227267835
7.11818056543521
7.21113874437586
7.30409692331651
7.07874521607337
7.17170339501403
6.94635168777089
7.03930986671154
7.13226804565219
6.90691633840905
6.9998745173497
7.09283269629035
7.185790875231
6.96043916798786
7.05339734692851
7.14635552586916
6.92100381862602
7.01396199756667
7.10692017650732
7.19987835544797
6.97452664820483
7.06748482714548
7.16044300608614
7.25340118502679
7.02804947778365
7.1210076567243
6.89565594948116
6.98861412842181
7.08157230736246
7.17453048630311
6.94917877905997
7.04213695800062
7.13509513694127
7.22805331588192
7.00270160863878
7.09565978757943
7.18861796652008
6.96326625927694
7.0562244382176
7.14918261715825
7.2421407960989
7.01678908885576
7.10974726779641
6.88439556055327
6.97735373949392
7.07031191843457
7.16327009737522
6.93791839013208
7.34918645525653
7.12383474801339
6.89848304077025
6.9914412197109
7.08439939865155
7.1773575775922
7.27031575653285
7.04496404928971
7.13792222823036
7.23088040717101
7.32383858611166
7.09848687886852
7.19144505780917
7.28440323674982
7.37736141569047
7.15200970844733
7.24496788738798
7.33792606632863
7.11257435908549
7.20553253802614
7.29849071696679
7.07313900972365
7.1660971886643
7.25905536760495
7.35201354654561
7.44497172548626
7.21962001824312
7.31257819718377
7.08722648994063
7.18018466888128
7.27314284782193
7.36610102676258
7.45905920570323
7.23370749846009
7.32666567740074
7.1013139701576
7.19427214909825
7.2872303280389
7.38018850697955
7.15483679973641
7.24779497867707
7.34075315761772
7.11540145037458
7.20835962931523
7.30131780825588
7.07596610101274
7.16892427995339
7.26188245889404
7.35484063783469
7.12948893059155
7.2224471095322
7.31540528847285
7.09005358122971
7.18301176017037
7.27596993911102
7.05061823186788
7.14357641080853
6.91822470356539
7.01118288250604
7.10414106144669
7.19709924038734
6.9717475331442
7.06470571208485
7.1576638910255
7.25062206996615
7.3435802489068
7.11822854166366
7.21118672060431
6.98583501336117
7.07879319230182
7.17175137124247
6.94639966399933
7.03935784293999
7.13231602188064
7.22527420082129
7.31823237976194
7.0928806725188
7.18583885145945
6.96048714421631
7.05344532315696
7.14640350209761
7.23936168103826
7.01400997379512
7.10696815273577
7.19992633167642
6.97457462443328
7.06753280337393
7.16049098231459
6.93513927507144
7.0280974540121
7.12105563295275
6.89570392570961
6.98866210465026
7.08162028359091
7.17457846253156
6.94922675528842
7.04218493422907
7.13514311316972
7.22810129211037
7.00274958486723
7.09570776380789
7.18866594274854
6.9633142355054
7.05627241444605
7.1492305933867
7.24218877232735
7.335146951268
7.10979524402486
7.20275342296551
6.97740171572237
7.07035989466302
7.16331807360367
6.93796636636053
7.03092454530118
7.12388272424183
7.21684090318248
7.30979908212313
7.40275726106379
7.17740555382064
6.95205384657751
7.36332191170195
7.13797020445881
7.23092838339946
7.32388656234011
7.41684474128076
7.19149303403762
7.28445121297827
7.37740939191892
7.47036757085957
7.24501586361643
7.33797404255708
7.43093222149773
7.20558051425459
7.29853869319525
7.3914968721359
7.16614516489276
7.25910334383341
7.35206152277406
7.44501970171471
7.21966799447157
7.31262617341222
7.08727446616908
7.18023264510973
7.27319082405038
7.04783911680724
7.14079729574789
7.23375547468854
7.32671365362919
7.10136194638605
7.1943201253267
7.28727830426736
7.06192659702422
7.15488477596487
6.92953306872173
7.02249124766238
7.11544942660303
7.20840760554368
6.98305589830054
7.07601407724119
6.85066236999805
7.26193043512249
7.03657872787935
7.12953690682
7.22249508576065
6.99714337851751
7.09010155745816
6.86474985021502
6.95770802915567
7.05066620809632
7.14362438703697
7.23658256597763
7.01123085873448
7.10418903767513
7.19714721661579
6.97179550937265
7.0647536883133
7.15771186725395
6.93236016001081
7.02531833895146
7.11827651789211
7.21123469683276
7.30419287577341
7.07884116853027
7.17179934747092
7.26475752641158
7.03940581916844
7.13236399810909
7.22532217704974
6.9999704698066
7.09292864874725
7.1858868276879
6.96053512044476
7.05349329938541
7.14645147832606
7.23940965726671
7.33236783620736
7.10701612896422
7.19997430790487
7.29293248684552
7.06758077960238
7.16053895854303
7.25349713748368
7.02814543024054
7.1211036091812
7.21406178812185
7.3070199670625
7.08166825981936
7.17462643876001
7.26758461770066
7.36054279664131
7.13519108939817
7.22814926833882
7.32110744727947
7.41406562622012
7.50702380516077
7.28167209791763
7.37463027685828
7.14927856961514
7.24223674855579
7.01688504131265
7.1098432202533
7.20280139919395
6.97744969195081
7.07040787089146
7.16336604983211
7.25632422877276
7.34928240771341
7.12393070047027
7.21688887941092
7.30984705835158
7.08449535110844
7.17745353004909
7.27041170898974
7.0450600017466
7.13801818068725
7.2309763596279
7.32393453856855
7.09858283132541
7.19154101026606
6.96618930302292
7.37745736814737
7.15210566090423
6.92675395366108
7.33802201878553
7.11267031154239
7.20562849048304
7.29858666942369
7.39154484836434
7.1661931411212
7.25915132006185
7.03379961281871
7.12675779175936
7.21971597070001
6.99436426345687
7.08732244239752
7.18028062133817
6.95492891409503
7.04788709303568
6.82253538579254
6.91549356473319
7.00845174367384
7.10140992261449
7.19436810155514
6.969016394312
7.06197457325265
7.1549327521933
6.92958104495017
7.02253922389082
7.11549740283147
7.20845558177212
7.30141376071277
7.07606205346963
7.16902023241028
7.26197841135093
7.03662670410779
7.12958488304844
6.9042331758053
6.99719135474595
7.0901495336866
7.18310771262725
7.2760658915679
7.05071418432477
7.14367236326542
7.23663054220607
7.01127883496293
7.10423701390358
7.19719519284423
7.29015337178488
7.06480166454174
7.15775984348239
7.25071802242304
7.0253663151799
7.11832449412055
7.2112826730612
7.30424085200186
7.39719903094251
7.17184732369937
7.26480550264002
7.03945379539688
7.13241197433753
7.22537015327818
7.31832833221883
7.09297662497569
7.18593480391634
7.27889298285699
7.05354127561385
7.1464994545545
7.23945763349515
7.3324158124358
7.42537399137646
7.20002228413332
7.29298046307397
7.38593864201462
7.16058693477148
7.25354511371213
7.34650329265278
7.12115158540964
7.21410976435029
7.30706794329094
7.0817162360478
7.17467441498845
7.2676325939291
7.04228088668596
7.13523906562661
7.22819724456726
7.32115542350792
7.09580371626477
7.18876189520543
7.28172007414608
7.37467825308673
7.14932654584359
7.24228472478424
7.33524290372489
7.42820108266554
7.2028493754224
7.29580755436305
7.3887657333037
7.16341402606056
7.25637220500121
7.03102049775807
7.12397867669872
7.21693685563937
6.99158514839623
7.08454332733689
7.17750150627754
7.27045968521819
7.04510797797505
7.1380661569157
7.23102433585635
7.00567262861321
7.09863080755386
7.19158898649451
6.96623727925137
7.05919545819202
7.15215363713268
6.92680192988954
7.01976010883019
7.11271828777084
7.20567646671149
6.98032475946835
7.073282938409
6.84793123116586
6.94088941010651
7.03384758904716
7.12680576798781
7.21976394692846
6.99441223968533
7.08737041862598
7.18032859756663
6.95497689032349
7.04793506926414
7.14089324820479
6.91554154096165
7.0084997199023
7.10145789884295
6.87610619159981
6.96906437054046
7.06202254948111
7.15498072842176
6.92962902117862
7.34089708630307
7.11554537905993
7.20850355800058
7.30146173694123
7.07611002969809
7.16906820863874
7.26202638757939
7.03667468033625
7.1296328592769
7.22259103821755
6.99723933097441
7.09019750991506
7.18315568885571
7.27611386779637
7.36907204673702
7.14372033949388
7.23667851843453
7.32963669737518
7.42259487631583
7.19724316907269
7.29020134801334
7.0648496407702
7.15780781971085
7.2507659986515
7.34372417759215
7.11837247034901
7.21133064928967
7.30428882823032
7.39724700717097
7.17189529992783
7.26485347886848
7.35781165780913
7.45076983674978
7.22541812950664
7.31837630844729
7.41133448738794
7.50429266632859
7.27894095908546
7.05358925184231
7.14654743078297
7.23950560972362
7.33246378866427
7.10711208142113
7.20007026036178
7.29302843930243
7.06767673205929
7.16063491099994
6.9352832037568
7.02824138269745
7.1211995616381
7.21415774057875
7.3071159195194
7.08176421227626
7.17472239121691
7.26768057015756
7.04232886291442
7.13528704185507
7.22824522079573
7.00289351355259
7.09585169249324
7.18880987143389
7.28176805037454
7.0564163431314
7.14937452207205
7.2423327010127
7.01698099376956
7.10993917271021
7.20289735165086
6.97754564440772
7.07050382334837
7.16346200228903
6.93811029504589
7.03106847398654
7.12402665292719
6.89867494568405
6.9916331246247
7.08459130356535
7.177549482506
7.27050766144665
7.04515595420351
7.13811413314416
6.91276242590102
7.00572060484167
7.09867878378232
7.19163696272297
6.96628525547983
7.05924343442048
7.15220161336113
7.24515979230178
7.01980808505864
7.1127662639993
6.88741455675615
6.9803727356968
7.07333091463746
7.16628909357811
7.25924727251876
7.03389556527562
7.12685374421627
7.21981192315692
6.99446021591378
7.08741839485443
7.18037657379508
6.95502486655194
7.04798304549259
7.14094122443324
7.23389940337389
7.00854769613075
7.1015058750714
7.19446405401206
7.28742223295271
7.06207052570957
7.15502870465022
7.24798688359087
7.34094506253152
7.11559335528838
7.20855153422903
7.30150971316968
7.39446789211033
7.48742607105098
7.26207436380784
7.35503254274849
7.12968083550535
7.222639014446
7.31559719338666
7.40855537232731
7.18320366508417
7.27616184402482
7.36912002296547
7.46207820190612
7.23672649466298
7.32968467360363
7.42264285254428
7.19729114530114
7.29024932424179
7.38320750318244
7.15785579593931
7.25081397487995
7.34377215382061
7.11842044657747
7.21137862551812
7.30433680445877
7.07898509721563
7.17194327615628
7.26490145509693
7.35785963403758
7.13250792679444
7.22546610573509
7.31842428467574
7.0930725774326
7.18603075637325
7.2789889353139
7.05363722807076
7.14659540701141
7.23955358595206
7.01420187870892
7.10716005764958
7.20011823659023
6.97476652934709
7.06772470828774
7.16068288722839
7.25364106616904
7.0282893589259
7.12124753786655
7.2142057168072
7.30716389574785
7.08181218850471
7.17477036744536
6.94941866020222
7.04237683914288
7.13533501808353
6.90998331084039
7.00294148978104
7.09589966872169
7.18885784766234
6.9635061404192
7.05646431935985
7.1494224983005
7.24238067724115
7.01702896999801
6.79167726275487
7.20294532787932
6.97759362063618
7.07055179957683
7.16350997851748
7.25646815745813
7.03111645021499
7.12407462915564
7.21703280809629
7.30999098703694
7.0846392797938
7.17759745873445
7.2705556376751
7.04520393043196
7.13816210937261
7.23112028831326
7.32407846725391
7.09872676001077
7.19168493895142
6.96633323170828
7.05929141064893
7.15224958958959
7.24520776853024
7.0198560612871
7.11281424022775
7.2057724191684
6.98042071192526
7.07337889086591
7.16633706980656
7.25929524874721
7.35225342768786
7.44521160662851
7.21985989938537
7.31281807832602
7.40577625726667
7.18042455002353
7.27338272896418
7.36634090790483
7.45929908684548
7.55225726578614
7.32690555854299
7.41986373748365
7.19451203024051
7.28747020918116
7.38042838812181
7.47338656706246
7.24803485981932
7.34099303875997
7.43395121770062
7.20859951045748
7.30155768939813
7.07620598215499
7.16916416109564
7.26212234003629
7.35508051897695
7.12972881173381
7.22268699067446
6.99733528343132
7.09029346237197
7.18325164131262
7.27620982025327
7.36916799919392
7.14381629195078
7.23677447089143
7.32973264983208
7.10438094258894
7.1973391215296
7.29029730047025
7.06494559322711
7.15790377216776
7.25086195110841
7.02551024386527
7.11846842280592
7.21142660174657
6.98607489450343
7.07903307344408
6.85368136620094
6.94663954514159
7.03959772408224
7.13255590302289
6.90720419577975
7.31847226090419
7.09312055366105
7.1860787326017
6.96072702535856
7.05368520429921
7.14664338323986
6.92129167599672
7.01424985493737
7.10720803387803
6.88185632663489
6.97481450557554
7.06777268451619
7.16073086345684
7.25368904239749
7.02833733515435
7.121295514095
7.21425369303565
6.98890198579251
7.08186016473316
6.85650845749002
7.26777652261446
7.04242481537132
7.13538299431197
7.22834117325262
7.00298946600948
7.09594764495013
7.18890582389078
6.96355411664764
7.05651229558829
7.14947047452894
7.2424286534696
7.01707694622645
7.11003512516711
7.12862676095524
7.14721839674337
7.1658100325315
7.18440166831963
7.20299330410776
7.15792296265913
7.1128526212105
7.06778227976187
7.02271193831324
6.97764159686462
7.07059977580527
7.16355795474592
7.25651613368657
7.34947431262722
7.12412260538408
7.21708078432473
7.31003896326538
7.08468725602224
7.17764543496289
7.27060361390355
7.3635617928442
7.45651997178485
7.23116826454171
7.32412644348236
7.41708462242301
7.19173291517987
6.96638120793673
7.37764927306117
7.15229756581803
7.24525574475868
7.33821392369933
7.43117210263999
7.20582039539685
7.2987785743375
7.39173675327815
7.16638504603501
7.25934322497566
7.35230140391631
7.12694969667317
7.21990787561382
7.31286605455447
7.08751434731133
7.18047252625198
7.27343070519263
7.36638888413328
7.45934706307393
7.23399535583079
7.32695353477144
7.1016018275283
7.19456000646895
7.2875181854096
7.06216647816646
7.15512465710711
7.24808283604776
7.34104101498841
7.11568930774527
7.20864748668592
6.98329577944278
7.07625395838344
7.16921213732409
6.94386043008095
7.0368186090216
7.12977678796225
6.90442508071911
6.99738325965976
7.09034143860041
6.86498973135727
7.27625779648171
7.05090608923857
6.82555438199543
6.91851256093608
7.01147073987673
7.10442891881738
7.19738709775803
6.97203539051489
7.06499356945554
7.15795174839619
6.93260004115305
7.0255582200937
7.11851639903435
7.21147457797501
7.30443275691566
7.07908104967252
7.17203922861317
7.26499740755382
7.03964570031068
7.13260387925133
7.22556205819198
7.00021035094884
7.09316852988949
7.18612670883014
6.960775001587
7.05373318052765
7.1466913594683
7.23964953840895
7.3326077173496
7.10725601010646
7.20021418904711
7.29317236798777
7.38613054692842
7.16077883968528
7.25373701862593
7.02838531138279
7.12134349032344
7.21430166926409
7.30725984820474
7.0819081409616
7.17486631990225
6.94951461265911
7.04247279159976
7.13543097054041
7.22838914948106
7.32134732842171
7.41430550736236
7.18895380011922
7.28191197905987
7.05656027181673
7.14951845075738
7.24247662969804
7.0171249224549
7.11008310139555
7.2030412803362
7.29599945927685
7.07064775203371
7.16360593097436
7.25656410991501
7.03121240267187
7.44248046779631
7.21712876055317
7.31008693949382
7.40304511843447
7.17769341119133
7.27065159013198
7.36360976907263
7.13825806182949
7.23121624077014
7.32417441971079
7.09882271246765
7.19178089140831
7.28473907034896
7.37769724928961
7.15234554204647
7.24530372098712
7.33826189992777
7.43122007886842
7.20586837162528
7.29882655056593
7.39178472950659
6.84812313607966
6.94108131502031
7.03403949396096
7.12699767290161
7.21995585184226
7.31291403078291
7.08756232353977
6.86221061629663
6.95516879523728
7.04812697417794
7.14108515311859
6.91573344587545
7.0086916248161
7.10164980375675
7.1946079826974
6.96925627545426
7.06221445439491
6.83686274715177
6.92982092609242
7.02277910503307
6.79742739778993
6.89038557673058
6.98334375567123
7.07630193461188
7.16926011355254
6.9439084063094
7.03686658525005
6.81151487800691
6.90447305694756
6.99743123588821
7.09038941482886
6.86503770758572
6.95799588652637
7.05095406546702
6.82560235822388
6.91856053716453
7.01151871610518
7.10447689504583
6.87912518780269
7.29039325292713
7.06504154568399
7.15799972462464
6.9326480173815
7.02560619632216
7.11856437526281
7.21152255420346
7.30448073314411
7.07912902590097
7.17208720484162
7.26504538378227
7.35800356272292
7.13265185547978
7.22561003442043
7.00025832717729
7.09321650611794
7.18617468505859
7.27913286399924
7.0537811567561
7.14673933569675
7.2396975146374
7.01434580739426
7.10730398633491
7.20026216527557
7.29322034421622
7.06786863697308
7.16082681591373
7.25378499485438
7.02843328761124
7.12139146655189
7.21434964549254
6.9889979382494
7.08195611719005
7.1749142961307
7.26787247507135
7.04252076782821
7.13547894676887
6.91012723952573
7.00308541846638
6.77773371122323
7.18900177634768
6.96365006910454
7.05660824804519
7.14956642698584
6.9242147197427
7.01717289868335
7.110131077624
6.88477937038086
6.97773754932151
7.07069572826216
7.16365390720281
6.93830219995967
7.03126037890032
7.12421855784097
6.89886685059783
6.99182502953848
7.08478320847913
7.17774138741978
7.27069956636044
7.0453478591173
7.13830603805795
6.91295433081481
7.00591250975546
7.09887068869611
6.87351898145297
6.96647716039362
7.05943533933427
6.83408363209113
6.92704181103178
6.70169010378864
6.79464828272929
6.56929657548615
6.6622547544268
6.75521293336746
6.8481711123081
6.94112929124876
7.03408747018941
6.80873576294627
6.90169394188692
6.67634223464378
6.76930041358443
6.54394870634129
6.63690688528194
6.72986506422259
6.82282324316324
6.5974715359201
6.69042971486075
6.7833878938014
6.87634607274205
6.65099436549891
6.74395254443956
6.83691072338021
6.92986890232086
7.02282708126151
6.79747537401837
6.89043355295902
6.98339173189968
6.75804002465654
6.85099820359719
6.94395638253784
7.03691456147849
6.81156285423535
6.904521033176
6.99747921211665
6.77212750487351
6.86508568381416
6.95804386275481
7.05100204169546
7.14396022063611
6.91860851339297
7.01156669233362
7.10452487127428
7.19748305021493
6.97213134297179
7.06508952191244
6.8397378146693
6.93269599360995
7.0256541725506
7.11861235149125
6.89326064424811
7.30452870937255
6.76086711594562
6.85382529488627
6.94678347382692
7.03974165276757
7.13269983170822
6.90734812446508
7.00030630340573
7.09326448234638
6.86791277510324
6.96087095404389
7.05382913298454
7.14678731192519
6.92143560468205
7.0143937836227
7.10735196256336
6.88200025532022
6.97495843426087
6.74960672701773
6.84256490595838
6.93552308489903
6.71017137765589
6.80312955659654
6.89608773553719
6.98904591447784
7.08200409341849
6.85665238617535
6.949610565116
7.04256874405665
6.81721703681351
6.91017521575417
7.00313339469482
6.77778168745168
6.87073986639233
6.96369804533298
6.73834633808984
6.83130451703049
6.92426269597114
7.01722087491179
6.79186916766865
7.20313723279309
6.65947563936616
6.75243381830682
6.84539199724747
6.62004029000433
6.71299846894498
6.80595664788563
6.89891482682628
6.99187300576693
6.76652129852379
6.85947947746444
6.6341277702213
6.72708594916195
6.8200441281026
6.59469242085946
6.68765059980011
6.78060877874077
6.87356695768142
6.64821525043828
6.74117342937893
6.83413160831958
6.60877990107644
6.70173808001709
6.79469625895774
6.5693445517146
6.66230273065525
6.75526090959591
6.84821908853656
6.62286738129341
6.71582556023407
6.80878373917472
6.58343203193158
6.67639021087223
6.76934838981288
6.86230656875353
6.63695486151039
6.72991304045104
6.5045613332079
6.59751951214855
6.6904776910892
7.10174575621364
6.55808416278671
6.96935222791115
6.74400052066801
7.15526858579245
6.92991687854931
7.02287505748996
6.79752335024682
6.89048152918747
6.98343970812813
7.07639788706877
6.85104617982564
6.94400435876629
7.03696253770694
7.12992071664759
6.90456900940445
6.9975271883451
7.09048536728575
7.1834435462264
6.95809183898326
7.05105001792391
6.82569831068077
6.91865648962142
7.01161466856207
6.78626296131893
6.87922114025958
6.97217931920023
7.06513749814089
7.15809567708154
6.9327439698384
7.02570214877905
6.80035044153591
6.89330862047656
6.98626679941721
7.07922497835786
6.85387327111472
6.94683145005537
7.03978962899602
6.81443792175288
6.90739610069353
7.00035427963418
6.77500257239104
6.86796075133169
6.96091893027234
7.05387710921299
6.82852540196985
6.92148358091051
7.01444175985116
6.78909005260802
6.88204823154867
6.97500641048932
6.74965470324618
6.84261288218683
6.61726117494369
6.71021935388434
6.80317753282499
6.89613571176564
6.6707840045225
6.76374218346315
6.53839047622001
6.94965854134446
6.72430683410132
6.81726501304197
6.59191330579883
6.68487148473948
6.77782966368013
6.55247795643699
6.64543613537764
6.73839431431829
6.83135249325894
6.6060007860158
6.69895896495645
6.7919171438971
6.88487532283775
6.65952361559461
6.75248179453526
6.52713008729212
6.62008826623277
6.71304644517342
6.48769473793028
6.89896280305473
6.67361109581159
6.76656927475224
6.85952745369289
6.63417574644975
6.7271339253904
6.50178221814726
6.59474039708791
6.68769857602856
6.46234686878542
6.55530504772607
6.64826322666672
6.74122140560737
6.51586969836423
6.60882787730488
6.70178605624553
6.47643434900239
6.56939252794304
6.6623507068837
6.43699899964056
6.848267064765
6.30460547133807
6.39756365027872
6.49052182921937
6.58348000816002
6.67643818710067
6.45108647985753
6.54404465879818
6.63700283773883
6.72996101667948
6.50460930943634
6.597567488377
6.69052566731765
6.7834838462583
6.55813213901516
6.65109031795581
6.74404849689646
6.83700667583711
6.61165496859397
6.70461314753462
6.79757132647527
6.57221961923213
6.66517779817278
6.75813597711343
6.85109415605408
6.94405233499473
6.71870062775159
6.81165880669224
6.90461698563289
6.67926527838975
6.7722234573304
6.86518163627105
6.63982992902791
6.73278810796857
6.82574628690922
6.91870446584987
6.69335275860673
6.78631093754738
6.87926911648803
6.65391740924489
6.74687558818554
6.5215238809424
6.61448205988305
6.70744023882371
6.80039841776436
6.57504671052122
6.66800488946187
6.76096306840252
6.53561136115938
6.62856954010003
6.72152771904068
6.49617601179754
6.58913419073819
6.68209236967884
6.4567406624357
6.54969884137635
6.642657020317
6.41730531307386
6.51026349201452
6.28491178477138
6.69617984989582
6.47082814265268
6.56378632159333
6.33843461435019
6.43139279329084
6.52435097223149
6.61730915117214
6.71026733011279
6.48491562286965
6.5778738018103
6.35252209456716
6.44548027350781
6.53843845244846
6.31308674520532
6.40604492414597
6.49900310308662
6.59196128202727
6.68491946096792
6.45956775372479
6.23421604648165
6.64548411160609
6.42013240436295
6.5130905833036
6.28773887606046
6.38069705500111
6.47365523394176
6.56661341288241
6.34126170563927
6.43421988457992
6.52717806352057
6.62013624246122
6.39478453521808
6.48774271415873
6.26239100691559
6.35534918585624
6.44830736479689
6.54126554373755
6.31591383649441
6.40887201543506
6.18352030819192
6.59478837331636
6.36943666607322
6.46239484501387
6.55535302395452
6.33000131671138
6.42295949565203
6.51591767459268
6.60887585353333
6.38352414629019
6.47648232523084
6.2511306179877
6.34408879692836
6.43704697586901
6.53000515480966
6.62296333375031
6.39761162650717
6.49056980544782
6.58352798438847
6.35817627714533
6.45113445608598
6.54409263502663
6.31874092778349
6.41169910672414
6.50465728566479
6.59761546460544
6.3722637573623
6.46522193630296
6.55818011524361
6.65113829418426
6.42578658694112
6.51874476588177
6.61170294482242
6.70466112376307
6.79761930270372
6.57226759546058
6.66522577440123
6.43987406715809
6.53283224609874
6.62579042503939
6.40043871779625
6.81170678292069
6.58635507567755
6.67931325461821
6.45396154737507
6.54691972631572
6.63987790525637
6.73283608419702
6.50748437695388
6.60044255589453
6.69340073483518
6.46804902759204
6.56100720653269
6.65396538547334
6.4286136782302
6.52157185717085
6.6145300361115
6.38917832886836
6.48213650780901
6.57509468674966
6.34974297950652
6.76101104463096
6.21734945120403
6.31030763014468
6.40326580908533
6.49622398802598
6.27087228078284
6.3638304597235
6.45678863866415
6.23143693142101
6.32439511036166
6.41735328930231
6.19200158205917
6.28495976099982
6.37791793994047
6.15256623269733
6.24552441163798
6.33848259057863
6.11313088333549
6.20608906227614
6.29904724121679
6.39200542015744
6.1666537129143
6.25961189185495
6.3525700707956
6.12721836355246
6.22017654249311
6.31313472143376
6.40609290037441
6.18074119313127
6.27369937207192
6.36665755101257
6.14130584376943
6.23426402271008
6.32722220165073
6.42018038059138
6.19482867334824
6.28778685228889
6.38074503122955
6.4737032101702
6.24835150292706
6.34130968186771
6.11595797462456
6.20891615356522
6.30187433250587
6.39483251144652
6.16948080420338
6.26243898314403
6.03708727590089
6.13004545484154
6.22300363378219
6.31596181272285
6.09061010547971
6.18356828442036
6.27652646336101
6.36948464230166
6.14413293505852
6.23709111399917
6.33004929293982
6.10469758569668
6.19765576463733
6.29061394357798
6.06526223633484
6.15822041527549
6.25117859421614
6.34413677315679
6.11878506591365
6.2117432448543
6.30470142379495
6.39765960273561
6.49061778167626
6.26526607443312
6.35822425337377
6.45118243231442
6.22583072507128
6.31878890401193
6.41174708295258
6.50470526189323
6.27935355465009
6.37231173359074
6.1469600263476
6.23991820528825
6.33287638422891
6.42583456316956
6.20048285592642
6.29344103486707
6.38639921380772
6.47935739274837
6.25400568550523
6.34696386444588
6.43992204338653
6.53288022232718
6.62583840126783
6.40048669402469
6.49344487296534
6.58640305190599
6.36105134466285
6.4540095236035
6.54696770254416
6.63992588148481
6.41457417424167
6.50753235318232
6.28218064593918
6.37513882487983
6.46809700382048
6.56105518276113
6.33570347551799
6.42866165445864
6.52161983339929
6.29626812615615
6.3892263050968
6.48218448403745
6.25683277679431
6.34979095573496
6.12443924849182
6.21739742743247
6.31035560637312
6.08500389912998
6.17796207807063
6.27092025701128
6.04556854976814
6.45683661489258
5.91317502146565
6.00613320040631
6.09909137934696
6.19204955828761
6.28500773722826
6.05965602998512
6.15261420892577
6.24557238786642
6.02022068062328
6.11317885956393
6.20613703850458
5.98078533126144
6.07374351020209
6.16670168914274
5.9413499818996
6.03430816084026
6.12726633978091
5.90191463253777
5.99487281147842
6.08783099041907
5.86247928317593
5.95543746211658
6.04839564105723
5.82304393381409
5.91600211275474
6.00896029169539
6.10191847063604
5.8765667633929
5.96952494233356
6.06248312127421
5.83713141403107
5.93008959297172
6.02304777191237
6.11600595085302
5.89065424360988
5.98361242255053
6.07657060149118
5.85121889424804
5.94417707318869
6.03713525212934
5.8117835448862
5.90474172382685
5.9976999027675
6.09065808170816
6.18361626064881
6.27657443958946
6.05122273234632
6.14418091128697
6.23713909022762
6.01178738298448
6.10474556192513
6.19770374086578
6.29066191980643
6.06531021256329
6.15826839150394
6.25122657044459
6.34418474938524
6.1188330421421
6.21179122108276
6.30474940002341
6.07939769278027
6.17235587172092
5.94700416447778
6.03996234341843
6.13292052235908
6.22587870129973
6.00052699405659
6.09348517299724
6.18644335193789
6.27940153087854
6.0540498236354
6.14700800257605
6.23996618151671
6.01461447427357
6.10757265321422
6.20053083215487
6.29348901109552
6.06813730385238
6.16109548279303
6.25405366173368
6.02870195449054
6.12166013343119
6.21461831237184
6.30757649131249
6.40053467025315
6.17518296301001
6.26814114195066
6.36109932089131
6.13574761364817
6.22870579258882
6.32166397152947
6.09631226428633
6.18927044322698
6.28222862216763
6.05687691492449
6.14983509386514
6.24279327280579
6.33575145174644
6.1103997445033
6.20335792344395
5.97800621620081
6.07096439514146
6.16392257408211
6.25688075302277
6.03152904577963
6.12448722472028
6.21744540366093
5.99209369641779
6.08505187535844
5.8597001681153
5.95265834705595
6.0456165259966
6.13857470493725
5.91322299769411
6.00618117663476
6.09913935557541
5.87378764833227
5.96674582727292
5.74139412002978
6.15266218515423
5.92731047791109
6.02026865685174
6.11322683579239
5.88787512854925
5.9808333074899
6.07379148643055
5.84843977918741
5.94139795812806
6.03435613706871
5.80900442982557
5.90196260876622
5.99492078770687
6.08787896664752
5.86252725940438
5.95548543834504
6.04844361728569
5.82309191004255
5.9160500889832
5.69069838174006
6.1019664468645
5.87661473962136
5.96957291856201
5.74422121131887
5.83717939025952
5.93013756920017
6.02309574814082
5.79774404089768
5.89070221983833
5.98366039877898
6.07661857771963
5.85126687047649
5.94422504941714
6.03718322835779
5.81183152111465
5.90478970005531
5.99774787899596
6.09070605793661
5.86535435069347
5.64000264345033
6.05127070857477
5.82591900133163
5.91887718027228
6.01183535921293
6.10479353815358
5.87944183091044
5.97240000985109
6.06535818879175
5.84000648154861
5.93296466048926
6.02592283942991
6.11888101837056
5.89352931112742
5.98648749006807
6.07944566900872
6.17240384794937
6.26536202689002
6.04001031964688
6.13296849858754
5.9076167913444
6.31888485646884
6.0935331492257
6.18649132816635
6.279449507107
6.05409779986386
6.14705597880451
6.24001415774516
6.01466245050202
6.10762062944267
6.20057880838332
5.97522710114018
6.06818528008083
6.16114345902148
5.93579175177834
6.02874993071899
6.12170810965964
6.21466628860029
5.98931458135715
6.0822727602978
6.17523093923845
6.2681891181791
6.04283741093596
6.13579558987661
5.91044388263347
6.00340206157412
6.09636024051477
6.18931841945542
5.96396671221228
6.05692489115293
6.14988307009359
6.24284124903424
6.33579942797489
6.11044772073175
6.08396901507125
6.05749030941075
6.03101160375025
6.00453289808975
5.97805419242926
6.07101237136991
6.16397055031056
6.25692872925121
6.03157702200807
6.12453520094872
5.89918349370558
5.99214167264623
6.08509985158688
5.85974814434374
5.95270632328439
6.04566450222505
5.82031279498191
5.91327097392256
6.00622915286321
5.78087744562007
5.87383562456072
5.96679380350137
5.74144209625823
5.83440027519888
5.92735845413953
5.70200674689639
5.79496492583704
5.88792310477769
5.66257139753456
5.75552957647521
5.84848775541586
5.94144593435651
5.71609422711337
5.80905240605402
5.90201058499467
5.67665887775153
5.76961705669218
5.86257523563283
5.95553341457348
5.73018170733034
5.82313988627099
5.91609806521164
5.6907463579685
5.78370453690915
5.8766627158498
5.65131100860666
5.74426918754731
5.83722736648796
5.61187565924482
5.70483383818548
5.79779201712613
5.57244030988299
5.66539848882364
5.75835666776429
5.85131484670494
5.6259631394618
5.71892131840245
5.8118794973431
5.90483767628375
5.67948596904061
5.77244414798126
5.54709244073812
5.64005061967877
5.73300879861943
5.82596697756007
5.60061527031694
5.69357344925759
6.10484151438203
5.87948980713889
5.97244798607954
6.06540616502019
5.84005445777705
5.9330126367177
6.02597081565835
5.80061910841521
5.89357728735586
5.98653546629651
6.07949364523716
6.17245182417781
5.94710011693467
6.04005829587533
6.13301647481598
5.90766476757284
6.00062294651349
6.09358112545414
5.868229418211
5.96118759715165
6.0541457760923
5.82879406884916
5.92175224778981
6.01471042673046
5.78935871948732
5.88231689842797
5.97527507736862
5.74992337012548
5.84288154906613
5.93583972800678
5.71048802076364
5.80344619970429
5.89640437864495
5.9893625575856
5.76401085034246
5.85696902928311
5.94992720822376
5.72457550098062
5.81753367992127
5.91049185886192
6.00345003780257
5.77809833055943
5.87105650950008
5.96401468844073
5.73866298119759
5.83162116013824
5.9245793390789
6.01753751801955
6.1104956969602
5.88514398971706
5.97810216865771
6.07106034759836
5.84570864035522
5.93866681929587
6.03162499823652
6.12458317717717
5.89923146993403
5.99218964887468
5.76683794163154
5.85979612057219
5.95275429951284
5.7274025922697
5.82036077121035
5.91331895015101
6.00627712909166
5.78092542184852
5.87388360078917
5.96684177972982
5.74149007248668
5.83444825142733
5.60909654418419
5.70205472312484
5.79501290206549
5.88797108100614
5.662619373763
5.75557755270365
5.8485357316443
5.62318402440116
5.71614220334181
5.49079049609867
5.90205856122311
5.67670685397997
5.76966503292062
5.54431332567748
5.63727150461813
5.73022968355878
5.82318786249943
5.59783615525629
5.69079433419694
5.7837525131376
5.55840080589445
5.65135898483511
5.74431716377576
5.51896545653262
5.61192363547327
5.70488181441392
5.79783999335457
5.57248828611143
5.66544646505208
5.44009475780894
5.85136282293338
5.62601111569024
5.71896929463089
5.49361758738775
5.5865757663284
5.67953394526906
5.45418223802591
5.54714041696657
5.64009859590722
5.41474688866408
5.50770506760473
5.60066324654538
5.69362142548603
5.46826971824289
5.56122789718354
5.65418607612419
5.42883436888105
5.5217925478217
5.61475072676236
5.38939901951922
5.80066708464366
5.57531537740052
5.66827355634117
5.76123173528182
5.53588002803868
5.62883820697933
5.72179638591998
5.81475456486063
5.58940285761749
5.68236103655814
5.77531921549879
5.86827739443944
5.6429256871963
5.73588386613695
5.8288420450776
5.92180022401825
5.69644851677511
5.78940669571576
5.88236487465642
5.65701316741328
5.74997134635393
5.84292952529458
5.61757781805144
5.71053599699209
5.80349417593274
5.89645235487339
5.98941053381404
5.7640588265709
5.85701700551155
5.9499751844522
5.72462347720907
5.81758165614972
5.59222994890658
5.68518812784723
5.77814630678788
5.87110448572853
5.64575277848539
5.73871095742604
5.83166913636669
5.60631742912355
5.6992756080642
5.79223378700485
5.8851919659455
5.65984025870236
5.75279843764301
5.84575661658366
5.62040490934052
5.71336308828118
5.80632126722183
5.58096955997869
5.67392773891934
5.76688591785999
5.54153421061685
5.6344923895575
5.72745056849815
5.8204087474388
5.59505704019566
5.68801521913631
5.78097339807696
5.55562169083382
5.64857986977447
5.42322816253133
5.51618634147198
5.60914452041263
5.70210269935328
5.47675099211015
5.56970917105079
5.66266734999145
5.7556255289321
5.53027382168896
5.62323200062961
5.71619017957026
5.49083847232712
5.58379665126777
5.35844494402463
5.45140312296528
5.54436130190593
5.63731948084659
5.41196777360345
5.5049259525441
5.59788413148475
5.37253242424161
5.46549060318226
5.55844878212291
5.33309707487977
5.42605525382042
5.51901343276107
5.29366172551793
5.38661990445858
5.47957808339923
5.25422637615609
5.34718455509674
5.44014273403739
5.53310091297804
5.3077492057349
5.40070738467556
5.49366556361621
5.58662374255686
5.36127203531372
5.45423021425437
5.54718839319502
5.32183668595188
5.41479486489253
5.18944315764939
5.28240133659004
5.37535951553069
5.46831769447134
5.2429659872282
5.33592416616885
5.4288823451095
5.52184052405015
5.29648881680701
5.38944699574767
5.48240517468832
5.25705346744518
5.35001164638583
5.44296982532648
5.21761811808334
5.31057629702399
5.40353447596464
5.49649265490529
5.27114094766215
5.36409912660281
5.13874741935966
5.23170559830031
5.32466377724097
5.09931206999783
5.19227024893848
5.28522842787913
5.37818660681978
5.47114478576043
5.24579307851729
5.33875125745794
5.43170943639859
5.52466761533924
5.2993159080961
5.39227408703675
5.4852322659774
5.57819044491805
5.35283873767491
5.76410680279935
5.53875509555621
5.63171327449686
5.72467145343751
5.49931974619437
5.59227792513503
5.68523610407568
5.45988439683254
5.55284257577319
5.64580075471384
5.73875893365449
5.83171711259514
5.606365405352
5.69932358429265
5.47397187704951
5.56693005599016
5.65988823493081
5.43453652768767
5.52749470662832
5.62045288556897
5.71341106450962
5.48805935726648
5.58101753620713
5.67397571514779
5.44862400790465
5.5415821868453
5.63454036578595
5.40918865854281
5.50214683748346
5.59510501642411
5.68806319536476
5.46271148812162
5.55566966706227
5.64862784600293
5.74158602494358
5.51623431770044
5.60919249664109
5.70215067558174
5.4767989683386
5.56975714727925
5.6627153262199
5.43736361897676
5.53032179791741
5.62327997685806
5.39792826961492
5.49088644855557
5.58384462749622
5.35849292025308
5.45145109919374
5.54440927813439
5.31905757089125
5.4120157498319
5.50497392877255
5.5979321077132
5.37258040047006
5.46553857941071
5.24018687216757
5.33314505110822
5.42610323004887
5.20075152280573
5.29370970174638
5.06835799450324
5.1613161734439
5.25427435238454
5.3472325313252
5.12188082408206
5.21483900302271
5.30779718196336
5.08244547472022
5.17540365366087
5.26836183260152
5.36132001154217
5.13596830429903
5.22892648323968
5.00357477599654
5.09653295493719
5.18949113387784
5.28244931281849
5.05709760557535
5.15005578451601
5.24301396345666
5.01766225621352
5.11062043515417
5.20357861409482
4.97822690685168
5.07118508579233
5.16414326473298
5.25710144367363
5.03174973643049
5.12470791537114
5.21766609431179
5.31062427325244
5.0852725660093
5.17823074494996
4.95287903770682
5.04583721664747
5.13879539558812
4.91344368834498
5.00640186728563
5.09936004622628
5.19231822516693
4.96696651792379
5.05992469686444
5.15288287580509
4.92753116856195
5.0204893475026
5.11344752644325
4.88809581920011
4.98105399814076
5.07401217708142
5.16697035602207
4.94161864877893
5.03457682771958
5.12753500666023
5.22049318560088
4.99514147835774
5.08809965729839
5.18105783623904
5.27401601517969
5.04866430793655
5.1416224868772
5.23458066581785
5.32753884475851
5.42049702369916
5.19514531645602
5.28810349539667
5.06275178815353
5.15570996709418
5.24866814603483
5.34162632497548
5.11627461773234
5.20923279667299
5.30219097561365
5.3951491545543
5.16979744731116
5.26275562625181
5.35571380519246
5.44867198413311
5.22332027688997
5.31627845583062
5.40923663477127
5.18388492752813
5.27684310646878
5.36980128540943
5.46275946435009
5.23740775710695
5.3303659360476
5.42332411498825
5.5162822939289
5.29093058668576
5.38388876562641
5.47684694456706
5.25149523732392
5.34445341626457
5.43741159520522
5.21205988796208
5.30501806690273
5.39797624584338
5.17262453860024
5.26558271754089
5.35854089648154
5.1331891892384
5.22614736817905
5.3191055471197
5.41206372606036
5.50502190500101
5.27967019775787
5.37262837669852
5.46558655563917
5.24023484839603
5.33319302733668
5.42615120627733
5.20079949903419
5.29375767797484
5.38671585691549
5.16136414967235
5.254322328613
5.34728050755365
5.12192880031051
5.21488697925117
5.30784515819182
5.08249345094868
5.17545162988933
5.26840980882998
5.04305810158684
5.13601628052749
5.22897445946814
5.003622752225
5.09658093116565
4.87122922392251
4.96418740286316
5.05714558180381
4.83179387456067
4.92475205350132
5.01771023244197
5.11066841138262
4.88531670413948
4.97827488308014
4.752923175837
4.84588135477765
4.9388395337183
4.71348782647516
4.80644600541581
4.89940418435646
4.99236236329711
4.76701065605397
4.85996883499462
4.95292701393527
4.72757530669213
4.82053348563278
4.91349166457344
5.00644984351409
5.09940802245474
4.8740563152116
4.96701449415225
5.0599726730929
4.83462096584976
4.92757914479041
5.02053732373106
4.79518561648792
4.88814379542857
4.66279208818543
4.75575026712608
4.84870844606673
4.94166662500739
5.03462480394804
5.12758298288869
4.90223127564555
4.9951894545862
4.76983774734306
4.86279592628371
4.95575410522436
4.73040239798122
4.82336057692187
4.91631875586252
5.00927693480317
5.10223511374383
4.87688340650069
4.96984158544134
5.06279976438199
5.15575794332264
4.9304062360795
5.02336441502015
4.79801270777701
4.89097088671766
4.98392906565831
5.07688724459896
4.85153553735582
4.94449371629647
5.03745189523713
4.81210018799398
4.90505836693464
4.99801654587529
4.77266483863215
4.8656230175728
4.95858119651345
5.0515393754541
4.82618766821096
4.91914584715161
5.01210402609227
5.10506220503292
5.19802038397357
5.29097856291422
5.06562685567108
5.15858503461173
5.25154321355238
5.02619150630924
5.11914968524989
5.21210786419054
5.30506604313119
5.07971433588805
5.1726725148287
5.26563069376935
5.04027898652621
5.13323716546687
5.22619534440752
5.00084363716438
5.09380181610503
5.18675999504568
5.27971817398633
5.37267635292698
5.14732464568384
5.24028282462449
5.33324100356514
5.107889296322
5.20084747526265
5.2938056542033
5.06845394696016
5.16141212590081
5.25437030484146
5.02901859759832
5.12197677653897
5.21493495547962
4.98958324823648
5.08254142717713
5.17549960611778
5.26845778505843
5.04310607781529
5.13606425675594
4.9107125495128
5.32198061463724
4.77831902121031
4.87127720015096
4.96423537909161
5.05719355803227
4.83184185078913
4.92480002972978
5.01775820867043
5.11071638761108
4.88536468036794
4.97832285930859
5.07128103824924
4.8459293310061
4.93888750994675
5.0318456888874
4.80649398164426
4.89945216058491
4.99241033952556
4.76705863228243
4.86001681122308
4.95297499016373
4.72762328292059
5.13889134804503
4.91353964080189
5.00649781974254
4.7811461124994
4.87410429144005
4.64875258419691
4.74171076313756
4.83466894207821
4.92762712101887
4.70227541377573
4.79523359271638
4.88819177165703
4.66284006441389
4.75579824335454
4.5304465361114
4.62340471505205
4.7163628939927
4.80932107293335
4.90227925187401
4.67692754463086
4.76988572357152
4.86284390251217
4.63749219526903
4.73045037420968
4.82340855315033
4.59805684590719
4.69101502484784
4.78397320378849
4.87693138272914
4.651579675486
4.74453785442665
4.83749603336731
4.93045421230796
4.70510250506482
4.79806068400547
4.89101886294612
4.98397704188677
4.75862533464363
4.85158351358428
4.94454169252493
5.03749987146558
4.81214816422244
4.90510634316309
4.99806452210374
5.0910227010444
4.86567099380126
4.95862917274191
5.05158735168256
5.14454553062321
4.91919382338007
5.01215200232072
5.10511018126137
5.19806836020202
4.97271665295888
5.06567483189953
5.15863301084019
4.93328130359705
5.0262394825377
5.11919766147835
4.89384595423521
4.98680413317586
5.07976231211651
4.85441060487337
4.94736878381402
5.04032696275467
5.13328514169532
4.90793343445219
5.00089161339284
5.09384979233349
4.86849808509035
4.961456264031
4.73610455678786
4.82906273572851
4.92202091466916
4.69666920742602
4.78962738636667
4.88258556530732
4.97554374424797
5.06850192318862
4.84315021594549
4.93610839488614
5.02906657382679
4.80371486658365
4.8966730455243
4.98963122446495
4.76427951722181
4.85723769616246
4.95019587510311
4.72484416785997
4.81780234680062
4.91076052574127
4.68540881849813
4.77836699743879
4.87132517637944
4.96428335532009
4.73893164807695
4.8318898270176
4.60653811977446
4.69949629871511
4.79245447765576
4.56710277041262
4.66006094935327
4.75301912829392
4.52766742105078
4.62062559999143
4.71358377893209
4.80654195787274
4.5811902506296
4.67414842957025
4.7671066085109
4.54175490126776
4.63471308020841
4.72767125914906
4.50231955190592
4.59527773084657
4.68823590978722
4.46288420254408
4.55584238148473
4.64880056042538
4.42344885318225
4.5164070321229
4.60936521106355
4.38401350382041
4.47697168276106
4.56992986170171
4.34457815445857
4.43753633339922
4.53049451233987
4.30514280509673
4.39810098403738
4.49105916297803
4.26570745573489
4.35866563467555
4.4516238136162
4.22627210637306
4.31923028531371
4.41218846425436
4.18683675701122
4.27979493595187
4.37275311489252
4.46571129383317
4.24035958659003
4.33331776553068
4.42627594447134
4.20092423722819
4.29388241616885
4.3868405951095
4.47979877405015
4.25444706680701
4.34740524574766
4.12205353850452
4.21501171744517
4.30796989638582
4.08261818914268
4.17557636808333
4.26853454702398
4.36149272596464
4.13614101872149
4.22909919766215
4.3220573766028
4.41501555554345
4.18966384830031
4.28262202724096
4.37558020618161
4.15022849893847
4.24318667787912
4.33614485681977
4.42910303576042
4.20375132851728
4.29670950745793
4.38966768639858
4.48262586533923
4.25727415809609
4.35023233703674
4.4431905159774
4.53614869491805
4.31079698767491
4.40375516661556
4.49671334555621
4.58967152449686
4.68262970343751
4.45727799619437
4.55023617513502
4.64319435407567
4.73615253301632
4.51080082577318
4.60375900471384
4.69671718365449
4.78967536259514
4.564323655352
4.65728183429265
4.7502400132333
4.84319819217395
4.9361563711146
4.71080466387146
4.80376284281211
4.89672102175276
4.67136931450962
4.76432749345027
4.85728567239093
4.95024385133158
4.72489214408844
4.81785032302909
4.91080850196974
4.6854567947266
4.77841497366725
4.8713731526079
4.64602144536476
4.73897962430541
4.83193780324606
4.92489598218671
5.01785416112736
4.79250245388422
4.88546063282488
4.66010892558173
4.75306710452239
4.84602528346304
4.6206735762199
4.71363175516055
4.8065899341012
4.89954811304185
4.67419640579871
4.76715458473936
4.54180287749622
4.63476105643687
4.72771923537752
4.82067741431817
4.59532570707503
4.68828388601569
4.46293217877254
4.5558903577132
4.64884853665385
4.42349682941071
4.51645500835136
4.60941318729201
4.38406148004887
4.47701965898952
4.56997783793017
4.66293601687082
4.43758430962769
4.53054248856834
4.62350066750899
4.39814896026585
4.4911071392065
4.58406531814715
4.35871361090401
4.45167178984466
4.54462996878531
4.31927826154217
4.41223644048282
4.50519461942347
4.27984291218033
4.37280109112098
4.46575927006163
4.24040756281849
4.33336574175914
4.108014034516
4.20097221345665
4.29393039239731
4.06857868515416
4.16153686409482
4.25449504303547
4.34745322197612
4.12210151473298
4.21505969367363
4.30801787261428
4.08266616537114
4.17562434431179
4.26858252325244
4.0432308160093
4.13618899494995
3.91083728770681
4.00379546664746
4.09675364558812
4.18971182452877
3.96436011728563
4.05731829622628
4.15027647516693
4.24323465410758
4.01788294686444
4.11084112580509
4.20379930474574
3.9784475975026
4.07140577644325
4.1643639553839
4.25732213432456
4.03197042708142
4.12492860602207
4.21788678496272
3.99253507771958
4.08549325666023
4.17845143560088
3.95309972835774
4.04605790729839
4.13901608623904
3.9136643789959
4.00662255793655
4.0995807368772
4.19253891581785
3.96718720857471
4.06014538751537
4.15310356645602
3.92775185921288
4.02071003815353
4.11366821709418
4.20662639603483
4.29958457497548
4.07423286773234
4.16719104667299
4.26014922561364
4.0347975183705
4.12775569731115
4.22071387625181
4.31367205519246
4.08832034794932
4.18127852688997
4.27423670583062
4.36719488477127
4.46015306371192
4.23480135646878
4.32775953540943
4.10240782816629
4.19536600710694
4.2883241860476
4.38128236498825
4.15593065774511
4.24888883668576
4.34184701562641
4.11649530838327
4.20945348732392
4.30241166626457
4.39536984520522
4.17001813796208
4.26297631690273
4.35593449584338
4.44889267478403
4.22354096754089
4.31649914648155
4.4094573254222
4.18410561817906
4.27706379711971
4.37002197606036
4.46298015500101
4.55593833394166
4.33058662669852
4.42354480563917
4.51650298457982
4.60946116352047
4.38410945627733
4.47706763521798
4.57002581415863
4.34467410691549
4.43763228585614
4.53059046479679
4.62354864373745
4.39819693649431
4.49115511543496
4.58411329437561
4.67707147331626
4.45171976607312
4.54467794501377
4.63763612395442
4.41228441671128
4.50524259565193
4.59820077459259
4.37284906734945
4.4658072462901
4.55876542523075
4.33341371798761
4.42637189692826
4.51933007586891
4.61228825480956
4.38693654756642
4.47989472650707
4.57285290544772
4.34750119820458
4.44045937714524
4.53341755608589
4.30806584884275
4.4010240277834
4.49398220672405
4.26863049948091
4.36158867842156
4.13623697117842
4.22919515011907
4.32215332905972
4.09680162181658
4.18975980075723
4.28271797969789
4.05736627245475
4.1503244513954
3.92497274415226
4.01793092309291
4.11088910203356
4.20384728097421
3.97849557373107
4.07145375267172
4.16441193161237
4.25737011055302
4.03201840330988
4.12497658225053
4.21793476119119
3.99258305394805
4.0855412328887
4.17849941182935
3.95314770458621
4.04610588352686
4.13906406246751
3.91371235522437
4.00667053416502
4.09962871310567
4.19258689204632
3.96723518480318
4.06019336374383
4.15315154268449
3.92779983544135
4.020758014382
4.11371619332265
4.2066743722633
3.98132266502016
4.07428084396081
3.84892913671767
3.94188731565832
4.03484549459897
4.12780367353962
3.90245196629648
3.99541014523714
4.08836832417779
3.86301661693465
3.9559747958753
4.04893297481595
3.82358126757281
3.91653944651346
4.00949762545411
3.78414591821097
3.87710409715162
3.97006227609227
3.74471056884913
3.83766874778978
3.93062692673043
3.70527521948729
3.79823339842794
3.8911915773686
3.66583987012546
3.75879804906611
3.85175622800676
3.94471440694741
3.71936269970427
3.81232087864492
3.90527905758557
3.67992735034243
3.77288552928308
3.86584370822373
3.95880188716439
3.73345017992125
3.8264083588619
3.60105665161876
3.69401483055941
3.78697300950006
3.87993118844071
3.97288936738136
3.74753766013822
3.84049583907887
3.93345401801953
3.70810231077639
3.80106048971704
3.89401866865769
3.98697684759834
3.7616251403552
3.85458331929585
3.9475414982365
4.04049967717715
3.81514796993401
3.90810614887466
4.00106432781531
3.77571262057217
3.86867079951282
3.96162897845347
4.05458715739413
3.82923545015099
3.92219362909164
4.01515180803229
3.78980010078915
3.8827582797298
3.97571645867045
3.75036475142731
3.84332293036796
3.93628110930861
3.71092940206547
3.80388758100612
3.89684575994677
3.98980393888742
3.76445223164428
3.85741041058494
3.95036858952559
4.04332676846624
3.8179750612231
3.91093324016375
4.0038914191044
3.77853971186126
3.87149789080191
3.96445606974256
4.05741424868321
3.83206254144007
3.92502072038073
4.01797889932138
3.79262719207824
3.88558537101889
3.97854354995954
4.07150172890019
3.84615002165705
3.9391082005977
4.03206637953835
3.80671467229521
3.89967285123586
3.99263103017652
4.08558920911717
4.17854738805782
4.27150556699847
4.04615385975533
4.13911203869598
4.23207021763663
4.00671851039349
4.09967668933414
4.19263486827479
3.96728316103165
4.0602413399723
4.15319951891295
3.92784781166981
4.02080599061046
4.11376416955111
4.20672234849177
4.29968052743242
4.39263870637307
4.16728699912993
4.26024517807058
4.03489347082744
4.12785164976809
4.22080982870874
3.9954581214656
4.08841630040625
4.1813744793469
4.27433265828756
4.04898095104442
4.14193912998507
3.91658742274193
4.00954560168258
4.10250378062323
4.19546195956388
4.28842013850453
4.06306843126139
4.15602661020204
3.9306749029589
4.02363308189955
4.1165912608402
3.89123955359706
3.98419773253771
4.07715591147837
4.17011409041902
3.94476238317588
4.03772056211653
4.13067874105718
3.90532703381404
3.99828521275469
4.09124339169534
3.8658916844522
3.95884986339285
4.0518080423335
3.82645633509036
3.91941451403101
4.01237269297166
3.78702098572853
3.87997916466918
3.97293734360983
3.74758563636669
3.84054381530734
3.93350199424799
4.02646017318864
3.8011084659455
3.89406664488615
3.66871493764301
3.76167311658366
3.85463129552431
3.94758947446496
3.72223776722182
3.81519594616247
3.90815412510312
3.68280241785998
3.77576059680064
3.86871877574129
3.96167695468194
3.7363252474388
3.82928342637945
3.9222416053201
3.69688989807696
3.78984807701761
3.56449636977447
3.65745454871512
3.75041272765577
3.52506102041263
3.61801919935329
3.71097737829394
3.4856256710508
3.57858384999145
3.6715420289321
3.44619032168896
3.53914850062961
3.63210667957026
3.72506485851091
3.49971315126777
3.59267133020842
3.68562950914907
3.46027780190593
3.55323598084658
3.32788427360344
3.4208424525441
3.51380063148475
3.6067588104254
3.38140710318226
3.47436528212291
3.56732346106356
3.34197175382042
3.43492993276107
3.52788811170172
3.30253640445858
3.39549458339923
3.48845276233988
3.26310105509674
3.35605923403739
3.44901741297804
3.5419755919187
3.31662388467556
3.40958206361621
3.18423035637307
3.27718853531372
3.37014671425437
3.14479500701123
3.23775318595188
3.33071136489253
3.10535965764939
3.19831783659004
3.29127601553069
3.38423419447134
3.477192373412
3.25184066616886
3.34479884510951
3.43775702405016
3.21240531680702
3.30536349574767
3.39832167468832
3.49127985362897
3.26592814638583
3.35888632532648
3.45184450426713
3.54480268320778
3.31945097596464
3.4124091549053
3.50536733384595
3.5983255127866
3.37297380554346
3.46593198448411
3.55889016342476
3.65184834236541
3.42649663512227
3.51945481406292
3.61241299300357
3.70537117194422
3.48001946470108
3.57297764364173
3.66593582258239
3.44058411533925
3.5335422942799
3.62650047322055
3.7194586521612
3.49410694491806
3.58706512385871
3.68002330279936
3.77298148174001
3.86593966068066
3.64058795343752
3.73354613237817
3.82650431131883
3.60115260407569
3.69411078301634
3.78706896195699
3.56171725471385
3.6546754336545
3.74763361259515
3.8405917915358
3.61524008429266
3.70819826323331
3.80115644217396
3.57580473493082
3.66876291387148
3.76172109281213
3.85467927175278
3.62932756450964
3.72228574345029
3.81524392239094
3.90820210133159
4.00116028027224
3.7758085730291
3.86876675196975
3.9617249309104
3.73637322366726
3.82933140260791
3.92228958154857
4.01524776048922
3.78989605324608
3.88285423218673
3.97581241112738
3.75046070388424
3.84341888282489
3.93637706176554
4.02933524070619
3.80398353346305
3.8969417124037
3.98989989134435
4.082858070285
3.85750636304186
3.95046454198252
4.04342272092317
4.13638089986382
3.91102919262068
4.00398737156133
4.09694555050198
3.87159384325884
3.96455202219949
4.05751020114014
3.832158493897
3.92511667283765
3.69976496559451
3.79272314453516
3.88568132347581
3.66032961623267
3.75328779517332
3.52793608793019
3.62089426687084
3.71385244581149
3.80681062475214
3.581458917509
3.67441709644965
3.44906538920651
3.54202356814716
3.63498174708781
3.40963003984467
3.50258821878532
3.59554639772597
3.37019469048283
3.46315286942348
3.55611104836414
3.330759341121
3.42371752006165
3.5166756990023
3.29132399175916
3.38428217069981
3.47724034964046
3.25188864239732
3.34484682133797
3.43780500027862
3.21245329303548
3.30541147197613
3.39836965091678
3.17301794367364
3.26597612261429
3.35893430155494
3.1335825943118
3.22654077325245
3.3194989521931
3.41245713113375
3.18710542389061
3.28006360283126
3.37302178177192
3.46597996071257
3.24062825346943
3.33358643241008
3.10823472516694
3.20119290410759
3.29415108304824
3.0687993758051
3.16175755474575
3.2547157336864
3.02936402644326
3.12232220538391
3.21528038432456
3.30823856326521
3.08288685602207
3.17584503496273
3.26880321390338
3.04345150666024
3.13640968560089
3.22936786454154
3.32232604348219
3.41528422242284
3.1899325151797
3.28289069412035
3.05753898687721
3.15049716581786
3.24345534475852
3.01810363751538
3.11106181645603
3.20401999539668
3.29697817433733
3.07162646709419
3.16458464603484
3.25754282497549
3.03219111773235
3.125149296673
3.21810747561365
3.3110656545543
3.08571394731116
3.17867212625181
3.27163030519247
3.04627859794933
3.13923677688998
3.23219495583063
3.00684324858749
3.09980142752814
3.19275960646879
2.96740789922565
3.0603660781663
3.15332425710695
2.92797254986381
3.02093072880446
3.11388890774511
3.20684708668576
2.98149537944262
3.07445355838328
3.16741173732393
2.94206003008079
3.03501820902144
3.12797638796209
2.90262468071895
2.9955828596596
3.08854103860025
2.86318933135711
2.95614751029776
3.04910568923841
2.82375398199527
2.91671216093592
3.00967033987657
3.10262851881722
2.87727681157409
2.97023499051474
3.06319316945539
3.15615134839604
2.9307996411529
3.02375782009355
3.1167159990342
3.20967417797485
2.98432247073171
3.07728064967236
3.17023882861301
2.94488712136987
3.03784530031052
3.13080347925117
2.90545177200803
2.99840995094868
3.09136812988934
3.18432630882999
2.95897460158685
3.0519327805275
3.14489095946815
3.2378491384088
3.33080731734945
3.10545561010631
3.19841378904696
2.97306208180382
3.06602026074447
3.15897843968512
3.25193661862577
3.34489479756642
3.11954309032328
3.21250126926393
3.30545944820459
3.08010774096145
3.1730659199021
3.26602409884275
3.3589822777834
3.13363057054026
3.22658874948091
3.31954692842156
3.09419522117842
3.18715340011907
3.28011157905972
3.37306975800037
3.14771805075723
3.24067622969789
3.33363440863854
3.42659258757919
3.51955076651984
3.2941990592767
3.38715723821735
3.480115417158
3.57307359609865
3.34772188885551
3.44068006779616
3.53363824673681
3.30828653949367
3.40124471843432
3.49420289737497
3.58716107631562
3.36180936907248
3.45476754801313
3.54772572695379
3.64068390589444
3.4153321986513
3.50829037759195
3.6012485565326
3.37589684928946
3.46885502823011
3.56181320717076
3.33646149992762
3.42941967886827
3.52237785780892
3.61533603674957
3.38998432950643
3.48294250844708
3.57590068738774
3.35054898014459
3.44350715908525
3.5364653380259
3.62942351696655
3.40407180972341
3.49702998866406
3.58998816760471
3.68294634654536
3.45759463930222
3.55055281824287
3.64351099718352
3.41815928994038
3.51111746888103
3.60407564782169
3.69703382676234
3.4716821195192
3.56464029845985
3.33928859121671
3.43224677015736
3.52520494909801
3.29985324185487
3.39281142079552
3.48576959973617
3.26041789249303
3.35337607143368
3.44633425037433
3.22098254313119
3.31394072207185
3.08858901482871
3.18154719376936
3.27450537271001
3.36746355165066
3.14211184440752
3.23507002334817
3.00971831610503
3.10267649504568
3.19563467398633
2.97028296674319
3.06324114568384
3.15619932462449
2.93084761738135
3.02380579632201
3.11676397526266
2.89141226801952
2.98437044696017
2.75901873971703
2.85197691865768
2.94493509759833
2.71958339035519
2.81254156929584
2.90549974823649
2.68014804099335
2.773106219934
2.86606439887465
2.9590225778153
2.73367087057217
2.82662904951282
2.60127734226968
2.69423552121033
2.78719370015098
2.56184199290784
2.65480017184849
2.74775835078914
2.522406643546
2.61536482248665
2.7083230014273
2.80128118036795
2.57592947312481
2.66888765206546
2.76184583100611
2.53649412376297
2.62945230270363
2.72241048164428
2.81536866058493
2.59001695334179
2.68297513228244
2.77593331122309
2.55058160397995
2.6435397829206
2.73649796186125
2.8294561408019
2.60410443355876
2.69706261249942
2.79002079144007
2.56466908419693
2.65762726313758
2.75058544207823
2.84354362101888
2.61819191377574
2.71115009271639
2.80410827165704
2.5787565644139
2.67171474335455
2.7646729222952
2.85763110123585
2.9505892801765
2.72523757293337
2.81819575187402
2.91115393081467
2.68580222357153
2.77876040251218
2.55340869526904
2.64636687420969
2.73932505315034
2.83228323209099
2.60693152484785
2.6998897037885
2.79284788272915
2.56749617548601
2.66045435442667
2.75341253336732
2.52806082612418
2.62101900506483
2.71397718400548
2.48862547676234
2.58158365570299
2.67454183464364
2.4491901274005
2.54214830634115
2.6351064852818
2.72806466422245
2.50271295697931
2.59567113591996
2.68862931486061
2.46327760761747
2.55623578655812
2.64919396549878
2.42384225825564
2.51680043719629
2.60975861613694
2.70271679507759
2.47736508783445
2.5703232667751
2.66328144571575
2.43792973847261
2.53088791741326
2.62384609635391
2.39849438911077
2.49145256805142
2.58441074699208
2.67736892593273
2.45201721868959
2.54497539763024
2.63793357657089
2.41258186932775
2.5055400482684
2.59849822720905
2.37314651996591
2.46610469890656
2.55906287784721
2.65202105678786
2.42666934954472
2.51962752848537
2.61258570742602
2.70554388636668
2.48019217912354
2.57315035806419
2.66610853700484
2.75906671594549
2.53371500870235
2.626673187643
2.71963136658365
2.8125895455243
2.90554772446495
2.68019601722181
2.77315419616246
2.86611237510312
2.64076066785998
2.73371884680063
2.82667702574128
2.60132531849814
2.69428349743879
2.78724167637944
2.88019985532009
2.65484814807695
2.7478063270176
2.84076450595825
2.61541279871511
2.70837097765576
2.80132915659641
2.89428733553706
2.98724551447772
2.76189380723458
2.85485198617523
2.94781016511588
2.72245845787274
2.81541663681339
2.90837481575404
2.6830231085109
2.77598128745155
2.8689394663922
2.96189764533285
3.0548558242735
2.82950411703036
2.92246229597101
3.01542047491166
2.79006876766852
2.88302694660918
2.97598512554983
3.06894330449048
2.84359159724734
3.25485966237178
3.02950795512864
3.12246613406929
2.89711442682615
2.9900726057668
3.08303078470745
3.1759889636481
2.95063725640496
3.04359543534561
3.13655361428626
2.91120190704312
3.00416008598377
3.09711826492443
3.19007644386508
2.96472473662194
3.05768291556259
3.15064109450324
3.24359927344389
3.01824756620075
3.1112057451414
3.20416392408205
2.97881221683891
3.07177039577956
3.16472857472021
2.93937686747707
3.03233504641772
3.12529322535838
3.21825140429903
2.99289969705589
3.08585787599654
3.17881605493719
2.95346434769405
3.0464225266347
3.13938070557535
3.232338884516
3.00698717727286
3.09994535621351
3.19290353515416
2.96755182791102
3.06051000685167
3.15346818579233
2.92811647854919
3.02107465748984
3.11403283643049
2.88868112918735
2.981639308128
2.75628760088486
2.84924577982551
2.94220395876616
3.03516213770681
2.80981043046367
2.90276860940432
2.99572678834497
2.77037508110183
2.86333326004248
2.95629143898313
2.73093973173999
2.82389791068064
2.91685608962129
2.69150438237815
2.78446256131881
2.87742074025946
2.65206903301632
2.74502721195697
2.51967550471383
2.61263368365448
2.70559186259513
2.48024015535199
2.57319833429264
2.66615651323329
2.44080480599015
2.5337629849308
2.62672116387146
2.40136945662832
2.49432763556897
2.58728581450962
2.36193410726648
2.45489228620713
2.22954057896399
2.32249875790464
2.41545693684529
2.19010522960215
2.2830634085428
2.37602158748345
2.4689797664241
2.24362805918096
2.33658623812161
2.42954441706227
2.20419270981913
2.29715088875978
2.39010906770043
2.16475736045729
2.25771553939794
2.0323638321548
2.12532201109545
2.2182801900361
1.99292848279296
2.08588666173361
2.17884484067427
1.95349313343113
2.04645131237178
2.13940949131243
2.23236767025308
2.00701596300994
2.09997414195059
2.19293232089124
2.28589049983189
2.06053879258875
2.1534969715294
2.24645515047005
2.02110344322691
2.11406162216757
2.20701980110822
2.29997798004887
2.07462627280573
2.16758445174638
2.26054263068703
2.35350080962768
2.12814910238454
2.22110728132519
2.31406546026584
2.0887137530227
2.18167193196336
2.27463011090401
2.36758828984466
2.46054646878531
2.23519476154217
2.32815294048282
2.42111111942347
2.19575941218033
2.28871759112098
2.38167577006163
2.15632406281849
2.24928224175914
2.34224042069979
2.43519859964045
2.20984689239731
2.30280507133796
2.39576325027861
2.17041154303547
2.26336972197612
2.35632790091677
2.44928607985742
2.22393437261428
2.31689255155493
2.40985073049558
2.50280890943623
2.27745720219309
2.37041538113374
2.46337356007439
2.55633173901505
2.33098003177191
2.42393821071256
2.51689638965321
2.29154468241007
2.38450286135072
2.47746104029137
2.57041921923202
2.34506751198888
2.43802569092953
2.21267398368639
2.30563216262705
2.3985903415677
2.49154852050835
2.26619681326521
2.35915499220586
2.45211317114651
2.22676146390337
2.31971964284402
2.41267782178467
2.18732611454153
2.28028429348218
2.37324247242283
2.46620065136348
2.24084894412034
2.333807123061
2.42676530200165
2.20141359475851
2.29437177369916
2.38732995263981
2.16197824539667
2.25493642433732
2.34789460327797
2.12254289603483
2.21550107497548
2.30845925391613
2.40141743285678
2.17606572561364
2.26902390455429
2.04367219731115
2.13663037625181
2.22958855519246
2.32254673413311
2.09719502688997
2.19015320583062
2.28311138477127
2.05775967752813
2.15071785646878
2.24367603540943
2.33663421435008
2.11128250710694
2.20424068604759
2.29719886498824
2.0718471577451
2.16480533668575
2.2577635156264
2.35072169456706
2.12536998732392
2.21832816626457
2.31128634520522
2.40424452414587
2.17889281690273
2.27185099584338
2.36480917478403
2.45776735372468
2.23241564648154
2.32537382542219
2.41833200436285
2.5112901833035
2.28593847606036
2.37889665500101
2.47185483394166
2.56481301288231
2.65777119182296
2.43241948457982
2.52537766352047
2.61833584246112
2.71129402140177
2.48594231415863
2.57890049309929
2.67185867203994
2.76481685098059
2.53946514373745
2.6324233226781
2.72538150161875
2.8183396805594
2.59298797331626
2.68594615225691
2.77890433119756
2.55355262395442
2.64651080289507
2.73946898183572
2.83242716077637
2.92538533971702
2.70003363247389
2.79299181141454
2.88594999035519
2.97890816929584
2.7535564620527
2.84651464099335
2.939472819934
2.71412111269086
2.80707929163151
2.90003747057216
2.99299564951281
2.76764394226967
2.86060212121032
2.95356030015097
2.72820859290783
2.82116677184848
2.91412495078913
3.00708312972978
2.78173142248664
2.8746896014273
2.96764778036795
3.0606059593086
2.83525425206546
2.92821243100611
3.02117060994676
2.79581890270362
2.88877708164427
2.98173526058492
2.75638355334178
2.84934173228243
2.94229991122308
2.71694820397994
2.80990638292059
2.90286456186124
2.6775128546181
2.77047103355875
2.86342921249941
2.95638739144006
2.73103568419692
2.82399386313757
2.59864215589443
2.69160033483508
2.78455851377573
2.55920680653259
2.65216498547324
2.74512316441389
2.51977145717075
2.6127296361114
2.38737792886826
2.48033610780891
2.57329428674956
2.66625246569021
2.44090075844707
2.53385893738772
2.62681711632837
2.40146540908523
2.49442358802589
2.58738176696654
2.3620300597234
2.45498823866405
2.5479464176047
2.32259471036156
2.41555288930221
2.50851106824286
2.28315936099972
2.37611753994037
2.46907571888103
2.24372401163789
2.33668219057854
2.42964036951919
2.20428866227605
2.2972468412167
2.07189513397356
2.16485331291421
2.25781149185486
2.03245978461172
2.12541796355237
2.21837614249302
1.99302443524988
2.08598261419053
2.17894079313119
1.95358908588805
2.0465472648287
2.13950544376935
1.91415373652621
2.00711191546686
2.10007009440751
2.19302827334816
1.96767656610502
2.06063474504567
2.15359292398632
1.92824121674318
2.02119939568383
2.11415757462448
1.88880586738135
1.981764046322
2.07472222526265
1.84937051801951
1.94232869696016
2.03528687590081
1.80993516865767
1.90289334759832
1.99585152653897
2.08880970547962
1.86345799823648
1.95641617717713
2.04937435611778
1.82402264887464
1.9169808278153
2.00993900675595
1.78458729951281
1.87754547845346
1.97050365739411
1.74515195015097
1.83811012909162
1.93106830803227
2.02402648697292
1.79867477972978
1.89163295867043
1.66628125142729
1.75923943036794
1.8521976093086
1.94515578824925
1.71980408100611
1.81276225994676
1.90572043888741
1.68036873164427
2.09163679676871
1.86628508952557
1.95924326846622
2.05220144740687
1.82684974016373
1.91980791910438
2.01276609804503
1.78741439080189
1.88037256974254
1.9733307486832
2.06628892762385
1.84093722038071
1.93389539932136
2.02685357826201
1.80150187101887
1.89446004995952
1.98741822890017
2.08037640784082
1.85502470059768
1.94798287953833
2.04094105847898
2.13389923741963
1.90854753017649
2.00150570911714
2.0944638880578
1.86911218081466
1.96207035975531
2.05502853869596
1.82967683145282
1.92263501039347
2.01559318933412
2.10855136827477
1.88319966103163
1.97615783997228
2.06911601891293
1.84376431166979
1.93672249061045
2.0296806695511
2.12263884849175
1.89728714124861
1.99024532018926
2.08320349912991
2.17616167807056
1.95080997082742
2.04376814976807
2.13672632870872
2.22968450764938
2.00433280040623
2.09729097934689
2.19024915828754
1.9648974510444
2.05785562998505
2.1508138089257
1.92546210168256
2.01842028062321
2.11137845956386
2.20433663850451
1.97898493126137
2.07194311020202
2.16490128914267
2.25785946808332
2.03250776084018
2.12546593978083
2.21842411872149
2.31138229766214
2.086030590419
2.17898876935965
1.95363706211651
2.04659524105716
2.13955341999781
2.23251159893846
2.00715989169532
2.10011807063597
2.19307624957662
1.96772454233348
2.06068272127413
2.15364090021478
2.24659907915543
2.02124737191229
2.11420555085295
2.2071637297936
1.98181202255046
2.07477020149111
2.16772838043176
1.94237667318862
2.03533485212927
2.12829303106992
1.90294132382678
1.99589950276743
2.08885768170808
2.18181586064874
2.27477403958939
2.04942233234625
2.1423805112869
1.91702880404376
2.00998698298441
2.10294516192506
2.19590334086571
2.28886151980636
2.06350981256322
2.15646799150387
2.24942617044452
2.34238434938517
2.11703264214203
2.20999082108268
1.98463911383955
2.0775972927802
2.17055547172085
2.2635136506615
2.35647182960215
2.13112012235901
2.22407830129966
2.31703648024031
2.40999465918096
2.18464295193782
2.27760113087847
2.37055930981912
2.46351748875977
2.23816578151663
2.33112396045728
2.42408213939794
2.51704031833859
2.29168861109545
2.3846467900361
2.47760496897675
2.25225326173361
2.34521144067426
2.43816961961491
2.53112779855556
2.30577609131242
2.39873427025308
2.49169244919373
2.58465062813438
2.35929892089124
2.45225709983189
2.54521527877254
2.63817345771319
2.41282175047005
2.5057799294107
2.59873810835135
2.69169628729201
2.46634458004887
2.55930275898952
2.65226093793017
2.74521911687082
2.51986740962768
2.61282558856833
2.70578376750898
2.48043206026584
2.57339023920649
2.66634841814714
2.7593065970878
2.85226477602845
2.62691306878531
2.71987124772596
2.49451954048282
2.58747771942347
2.68043589836412
2.45508419112098
2.54804237006163
2.64100054900228
2.73395872794293
2.50860702069979
2.60156519964044
2.69452337858109
2.46917167133795
2.56212985027861
2.65508802921926
2.42973632197612
2.52269450091677
2.61565267985742
2.39030097261428
2.48325915155493
2.57621733049558
2.35086562325244
2.44382380219309
2.53678198113374
2.3114302738906
2.40438845283125
2.17903674558811
2.27199492452876
2.36495310346941
2.13960139622628
2.23255957516693
2.32551775410758
2.10016604686444
2.19312422580509
1.96777251856195
2.0607306975026
2.15368887644325
2.2466470553839
2.02129534814076
2.11425352708141
2.20721170602206
1.98185999877892
2.07481817771958
1.84946647047644
1.94242464941709
2.03538282835774
1.8100311211146
1.90298930005525
1.9959474789959
1.77059577175276
1.86355395069341
1.63820224345027
1.73116042239092
1.82411860133157
1.59876689408843
1.69172507302908
1.78468325196974
1.87764143091039
1.65228972366725
1.7452479026079
1.51989619536476
1.61285437430541
1.70581255324606
1.79877073218671
1.57341902494357
1.66637720388422
1.75933538282487
1.53398367558173
1.62694185452238
1.71990003346303
1.49454832621989
1.58750650516055
1.6804646841012
1.45511297685806
1.54807115579871
1.64102933473936
1.73398751368001
1.50863580643687
1.60159398537752
1.69455216431817
1.46920045707503
1.56215863601568
1.65511681495633
1.42976510771319
1.52272328665384
1.6156814655945
1.70863964453515
1.48328793729201
1.57624611623266
1.66920429517331
1.76216247411396
1.53681076687082
1.62976894581147
1.72272712475212
1.49737541750898
1.59033359644964
1.68329177539029
1.77624995433094
1.5508982470878
1.64385642602845
1.7368146049691
1.82977278390975
1.60442107666661
1.69737925560726
1.79033743454791
1.56498572730477
1.65794390624542
1.75090208518608
1.84386026412673
1.61850855688359
1.71146673582424
1.80442491476489
1.57907320752175
1.6720313864624
1.76498956540305
1.8579477443437
1.63259603710056
1.72555421604121
1.81851239498186
1.59316068773872
1.68611886667938
1.77907704562003
1.87203522456068
1.64668351731754
1.73964169625819
1.83259987519884
1.6072481679557
1.70020634689635
1.793164525837
1.56781281859386
1.66077099753451
1.75372917647516
1.52837746923202
1.62133564817267
1.71429382711332
1.80725200605398
1.58190029881084
1.67485847775149
1.76781665669214
1.542464949449
1.63542312838965
1.7283813073303
1.50302960008716
1.59598777902781
1.68894595796846
1.46359425072532
1.55655242966597
1.64951060860662
1.42415890136348
1.51711708030413
1.61007525924479
1.38472355200165
1.4776817309423
1.57063990988295
1.34528820263981
1.43824638158046
1.53120456052111
1.62416273946176
1.39881103221862
1.49176921115927
1.26641750391613
1.35937568285678
1.45233386179743
1.54529204073808
1.31994033349494
1.41289851243559
1.50585669137624
1.2805049841331
1.37346316307375
1.46642134201441
1.24106963477127
1.33402781371192
1.42698599265257
1.51994417159322
1.29459246435008
1.38755064329073
1.48050882223138
1.25515711498824
1.34811529392889
1.44107347286954
1.53403165181019
1.30867994456705
1.4016381235077
1.49459630244835
1.26924459520521
1.36220277414587
1.45516095308652
1.54811913202717
1.32276742478403
1.41572560372468
1.50868378266533
1.28333207542219
1.37629025436284
1.46924843330349
1.56220661224414
1.336854905001
1.42981308394165
1.5227712628823
1.61572944182295
1.7086876207636
1.48333591352046
1.57629409246112
1.66925227140177
1.44390056415863
1.53685874309928
1.62981692203993
1.72277510098058
1.49742339373744
1.59038157267809
1.68333975161874
1.77629793055939
1.55094622331625
1.6439044022569
1.73686258119755
1.8298207601382
1.60446905289506
1.69742723183572
1.79038541077637
1.88334358971702
1.65799188247388
1.75095006141453
1.84390824035518
1.93686641929583
1.71151471205269
1.80447289099334
1.89743106993399
1.99038924887464
2.08334742781529
1.85799572057215
1.9509538995128
2.04391207845345
2.13687025739411
1.91151855015096
2.00447672909162
2.09743490803227
2.19039308697292
2.28335126591357
2.05799955867043
2.15095773761108
2.24391591655173
2.01856420930859
2.11152238824924
2.20448056718989
1.97912885994675
2.0720870388874
2.16504521782805
2.2580033967687
2.03265168952556
2.12560986846622
2.21856804740687
2.31152622634752
2.08617451910438
2.17913269804503
2.27209087698568
2.04673916974254
2.13969734868319
2.23265552762384
2.32561370656449
2.10026199932135
2.193220178262
2.28617835720265
2.06082664995951
2.15378482890017
2.24674300784082
2.02139130059768
2.11434947953833
2.20730765847898
1.98195595123584
2.07491413017649
2.16787230911714
1.942520601874
2.03547878081465
1.81012707357151
1.90308525251216
1.99604343145281
1.77069172420967
1.86364990315033
1.95660808209098
1.73125637484784
1.82421455378849
1.91717273272914
1.691821025486
1.78477920442665
1.8777373833673
1.65238567612416
1.74534385506481
1.83830203400546
1.61295032676232
1.70590850570297
1.79886668464363
1.57351497740049
1.66647315634114
1.75943133528179
1.85238951422244
1.6270378069793
1.71999598591995
1.49464427867681
1.58760245761746
1.68056063655811
1.45520892931497
1.54816710825562
1.64112528719628
1.73408346613693
1.50873175889379
1.60168993783444
1.69464811677509
1.78760629571574
1.5622545884726
1.65521276741325
1.7481709463539
1.52281923911076
1.61577741805141
1.70873559699206
1.80169377593271
1.57634206868957
1.66930024763022
1.76225842657087
1.85521660551152
1.62986489826838
1.72282307720903
1.49747136996589
1.59042954890654
1.68338772784719
1.77634590678785
1.55099419954471
1.64395237848536
1.73691055742601
1.82986873636666
1.60451702912352
1.69747520806417
1.79043338700482
1.88339156594547
1.65803985870233
1.75099803764298
1.84395621658363
1.61860450934049
1.71156268828114
1.8045208672218
1.89747904616245
1.67212733891931
1.76508551785996
1.85804369680061
1.95100187574126
1.72565016849812
1.81860834743877
1.91156652637942
1.68621481913628
1.77917299807693
1.87213117701759
1.96508935595824
1.7397376487151
1.83269582765575
1.60734412041261
1.70030229935326
1.79326047829391
1.88621865723456
1.66086694999142
